comment_id,video_id,user_id_hash,text_original,like_count,published_at,updated_at,extracted_at,text_cleaned,infra_sentiment,ekonomi_sentiment,kualitas_sentiment,purnajual_sentiment,label_source,human_infra,human_ekonomi,human_kualitas,human_purnajual,has_human_audit
UgzGTfTq3lM9nFtp3I94AaABAg,l8fPSUqdmOM,3222bd9ba1329cb2ec1c581ad2de2dd8951214ed996a64e7745038d5f74dd443,Wuling modelnya  Tua kayak mobil orang tua...saya suka Honda mazda,0,2025-04-02T13:16:08Z,2025-04-02T13:16:24Z,2026-09-27T14:02:16.602859+00:00,wuling modelnya tua kayak mobil orang tua..saya suka honda mazda,,,negatif,,Human-Audit-GoldStandard,,,negatif,,True
UgxxM0lMAOZyG2gGHs94AaABAg,9GTZD3la5qI,167b2e1b352ae85f32787a6b48b95a5ac7b5cb39a2afaafa4eeed89af7445870,"LFP baterai sih bisa 3000-6000x cycle... kalo x400km sih rangenya 1,2jt - 2,4jt km ... mobil konvensional 500ribu km sudah rusak",13,2024-01-31T01:25:49Z,2024-01-31T01:25:49Z,2026-09-27T14:02:22.040959+00:00,"lfp baterai sih bisa 300-600x cycle.. kalo x400km sih rangenya 1,2jt - 2,4jt km .. mobil konvensional 500ribu km sudah rusak",,,positif,,Human-Audit-GoldStandard,,,positif,,True
UgzEMwL3tCPGrlfuZot4AaABAg,AOjceFDyYeM,01949cfce25b7d34cfa59f2a8444c403dab13e648fd850a6872e50586f66aba3,"6:20 ,  waduh kategori rusak karena kasar sama rusak karena medan jalanan, gimana bedainnya coba?

Ambigu banget snk garansi nya ya?",1,2025-12-03T16:24:49Z,2025-12-03T16:24:49Z,2026-09-27T14:02:20.222873+00:00,"6:20 , waduh kategori rusak karena kasar sama rusak karena medan jalanan, gimana bedainnya coba? ambigu banget snk garansi nya ya?",,negatif,,,Human-Audit-GoldStandard,,negatif,,,True
UgwtWwpeLR-yIHa68cl4AaABAg,G_acqAJrRso,8bae4341015edc1c204393378e3195aa65869aadd292ea604a8acb9e2cf4f6d5,"Merek aneh china bermunculan sangat banyak ,yg awalnya mungkin cuma Wuling",0,2025-11-15T22:57:14Z,2025-11-15T22:57:14Z,2026-09-18T04:38:32.144167+00:00,"merek aneh china bermunculan sangat banyak ,yg awalnya mungkin cuma wuling",,,,positif,Human-Audit-GoldStandard,,,,positif,True
UgxXor-QiCG3HnGXjWt4AaABAg,Vu0ayycGXbI,ceee829c2d87c349e88892ef6e3babaa514179fe36c420020425331e15d03a43,"Powernya gila nih mobil, tapi traksinya yang kurang buat tanjakan ekstrim",0,2026-07-28T20:58:16Z,2026-07-28T20:58:16Z,2026-09-19T00:23:03.311589+00:00,"powernya gila nih mobil, tapi traksinya yang kurang buat tanjakan ekstrim",,,netral,,Human-Audit-GoldStandard,,,netral,,True
UgyH87T6k0eU7do2jwN4AaABAg,ccgG2mpCIHM,8388b7350b5261d7c5be2dfea33dfe967be98eab7c8e1c95ee47cf178bda252d,"Range 474 km, power diatas 200hp
Jaecoo j5 standard Rp 250jt❤

Bang for the buck❤",2,2026-05-04T02:24:37Z,2026-05-04T02:24:37Z,2026-09-19T00:28:55.390869+00:00,"range 474 km, power diatas 200hp jaecoo j5 standard rp 250jt❤ bang for the buck❤",positif,positif,,,Human-Audit-GoldStandard,positif,positif,,,True
UgyzLI_qMz-wusdLD2t4AaABAg,O-vAYJNfQEk,b491de7d6a2d6e3ca2cf19759240c95ca5182c43e65660fdd810a65a302c19f8,Mall hotel showroom dan area khusus kayak tempat makan dah ada juga,1,2024-02-13T10:44:27Z,2024-02-13T10:44:27Z,2026-09-27T14:02:12.888906+00:00,mall hotel showroom dan area khusus kayak tempat makan dah ada juga,,,,positif,Human-Audit-GoldStandard,,,,positif,True
UgxU6y_3_SrDkceVGhF4AaABAg,SQJwC-QLsRk,b2fdc0fc6a4b424adac6224ae7631234a94694f690647767445bc47c1fe2fc29,Ud make atto1 sejak nov 2025 skrg hampir 9 ribu km. So far puas dan ternyata nikung cepet enak jg ini mobil krn lumayan napak,0,2026-04-27T11:42:02Z,2026-04-27T11:42:02Z,2026-09-19T00:23:15.005212+00:00,ud memakai atto1 sejak nov 2025 skrg hampir 9 ribu km. so far puas dan ternyata nikung cepet enak jg ini mobil karena lumayan napak,,,positif,,Human-Audit-GoldStandard,,,positif,,True
UgzPwpkXiXzef2gRLyh4AaABAg,Bx-XDBdN7nA,a94a9f1c0684df7f22cbe0a972c5eee33aa074f2737c8e9c30a41a3c1ae528f7,Tampangnya seperti Range Rover Velar. Itu harga lebih dari 5X.,1,2025-11-16T07:11:11Z,2025-11-16T07:11:11Z,2026-09-19T00:23:00.712565+00:00,tampangnya seperti range rover velar. itu harga lebih dari 5x.,,positif,,,Human-Audit-GoldStandard,,positif,,,True
UgxMESlK3yXHoPukzo54AaABAg,G_acqAJrRso,af3809ae9426eff888259d21e8ff66fd89d209412835e1dd66acaf40b9cfde78,Ahhh gila fitur nya buat harga segitu,2,2025-11-14T16:40:12Z,2025-11-14T16:40:12Z,2026-09-18T04:38:30.738340+00:00,ahh gila fitur nya buat harga segitu,,positif,positif,,Human-Audit-GoldStandard,,positif,positif,,True
UgzcFRIweGEpznkIpDZ4AaABAg,BFp1_jq3zVo,8722b356d0779353ba0143626cac9381552621ec30c4ae97696670aee995f42a,"saya sebelumnya pakai H1-Diesel; mobil powerfull, nyaman, enak, responsive.

3 minggu pakai EX2 Pro :
- powerfull masih ada -- bahkan lebih kenceng kayanya
- nyaman -- asli ini mirip bgt karakter suspensinya sama mobil H1 saya (sudah di racik juga), padahal expect nya kalau mobil kecil tu relatif keras atau stiff gitu
- responsive -- tentu ini listrik

tambahan nya, 
- lincah
- irit


rasa berkendara :
saya tidak expect banyak, ADAS memang kurang ya tp ya udah 230jt gitu loh. tapi kalau saya ada dana lebih ? pasti ambil yang MAX (atau J5 yang 300jtan sekalian)
spion -- minor bgt lah ini mobil lama saya jg ga pake retract
wiper belakang -- ada juga jarang saya pake hehe
materal -- solid poll. dashboard emang hampir plastik semua, tp ga keliatan murah. coba aja pas kalian test drive. pencet2 panel2 di depan, bagus materialnya.
pintu -- mantep, dibanding mobil2 seharga kayanya paling ""deb"" gitu klo di tutup.

batre aman 40kw -- 390 km dapet kayanya 10kw/100km rata2 saya
ngecas cepet -- kuat ngecas dc sampai 60kwh. (pasti <1jam klo charger nya kenceng, karena batrenya cuma 40kwh)
size mobil -- proper. bagasi pas, duduk pas, depan belakang pas. cocok lah. 

kekurangan ?
kurang 30jg coy tau gitu beli yang MAX 😭

nb : nanti beli lagi aja deh 1 lagi wkwkw",3,2026-04-01T06:29:09Z,2026-04-01T06:29:09Z,2026-09-19T00:23:14.379690+00:00,"saya sebelumnya pakai h1-diesel; mobil powerfull, nyaman, enak, responsive. 3 minggu pakai ex2 pro : - powerfull masih ada -- bahkan lebih kenceng kayanya - nyaman -- asli ini mirip banget karakter suspensinya sama mobil h1 saya (sudah di racik juga), padahal expect nya kalau mobil kecil tu relatif keras atau stiff gitu - responsive -- tentu ini listrik tambahan nya, - lincah - irit rasa berkendara : saya tidak expect banyak, adas memang kurang ya tapi ya udah 230jt gitu loh. tapi kalau saya ada dana lebih ? pasti ambil yang max (atau j5 yang 300jtan sekalian) spion -- minor banget lah ini mobil lama saya jg tidak pakai retract wiper belakang -- ada juga jarang saya pakai hehe materal -- solid poll. dashboard emang hampir plastik semua, tapi tidak keliatan murah. coba aja pas kalian test drive. pencet2 panel2 di depan, bagus materialnya. pintu -- mantep, dibanding mobil2 seharga kayanya paling ""deb"" gitu kalau di tutup. baterai aman 40kw -- 390 km dapet kayanya 10kw/100km rata2 saya mengisi daya cepet -- kuat mengisi daya dc sampai 60kwh. (pasti <1jam kalau charger nya kenceng, karena batrenya cuma 40kwh) size mobil -- proper. bagasi pas, duduk pas, depan belakang pas. cocok lah. kekurangan ? kurang 30jg coy tau gitu beli yang max 😭 nb : nanti beli lagi aja deh 1 lagi wkwkw",positif,positif,positif,,Human-Audit-GoldStandard,positif,positif,positif,,True
Ugy__XWfZu6u3GkJeIp4AaABAg,l8fPSUqdmOM,baa5618aebd42a408a0b587cb74747899716aae0cae10a3544baeac1a4078e6e,Getaran di dalam kabin nya berasa keras bgt koh kayak naek avanza 😂😂,0,2025-02-25T16:01:55Z,2025-02-25T16:01:55Z,2026-09-27T14:02:16.602859+00:00,getaran di dalam kabin nya berasa keras banget koh kayak naek avanza 😂😂,,,negatif,,Human-Audit-GoldStandard,,,negatif,,True
UgzPJeSKmqY1HCIH2OJ4AaABAg,fjWvVFT0vr0,804480188272f0c9826dd436bd494b886f50991c784ecd898d2a04b783d56bbf,"semoga di Kaltim makin banyak SPKLU, biar tenang kalo mau beli mobil listrik.


Kesel banget LCGC makin mahal, kualitas gak ngikut naik.",12,2025-07-26T04:59:22Z,2025-07-26T04:59:22Z,2026-09-19T00:23:06.549873+00:00,"semoga di kaltim makin banyak spklu, biar tenang kalo mau beli mobil listrik. kesel banget lcgc makin mahal, kualitas tidak ngikut naik.",negatif,netral,,,Human-Audit-GoldStandard,negatif,netral,,,True
UgyCwpYLwtN8k4sOeRZ4AaABAg,J00aDzfK8WQ,adafbcd76742ad7cf2a783d11cf50a3aaaa3e1cf76c01b6ff0f14969eb0b67b5,"Ada yang aku perhatiin yang banyak ngga di bahas reviewer, Heaternya hilang :(

Pemanas kabin, di bandung pas hujan kepake bgt, apalagi de-fogger depan jadi beneran kepake, 

ngga cuman dinginin kaca :(",24,2026-05-25T14:39:51Z,2026-05-25T14:39:51Z,2026-09-19T00:23:10.549263+00:00,"ada yang aku perhatiin yang banyak tidak di bahas reviewer, heaternya hilang :( pemanas kabin, di bandung pas hujan kepake bgt, apalagi de-fogger depan jadi beneran kepake, tidak cuman dinginin kaca :(",,,negatif,,Human-Audit-GoldStandard,,,negatif,,True
UgxddVUejLRvGJjd7gR4AaABAg,z1fWo8tYynA,f24263664503e04870cb1ec0acaf3bd69d37779b1945d193100aa9d99b556849,"14:20 om epb = tombol P karena di ev tidak perlu transmisi P jadi gantinya rem tangan dijadikan tombol P,
P ada tombol di konsol tengah.

Kalau auto hold ada tombolnya om di konsol tengah, cmiiw 🙏",12,2025-09-18T11:51:04Z,2025-09-18T11:51:04Z,2026-09-19T00:23:10.960426+00:00,"14:20 om epb = tombol p karena di ev tidak perlu transmisi p jadi gantinya rem tangan dijadikan tombol p, p ada tombol di konsol tengah. kalau auto hold ada tombolnya om di konsol tengah, cmiiw 🙏",,,netral,,Human-Audit-GoldStandard,,,netral,,True
Ugym3RQtQ0QSfwso-cx4AaABAg,l8fPSUqdmOM,fa3d6f658d26766b8f898ad4300c7a7d75173d9ee22f7b276966b7623c8ea619,"Koh cuma mengingatkan, jangan langsung di cas battreinya krn bisa melembung krn masih panas",0,2025-04-27T14:22:48Z,2025-04-27T14:22:48Z,2026-09-27T14:02:16.602859+00:00,"koh cuma mengingatkan, jangan langsung di isi daya battreinya karena bisa melembung karena masih panas",,,negatif,,Human-Audit-GoldStandard,,,negatif,,True
UgwBdYgfWQVr6mOV--B4AaABAg,9GTZD3la5qI,9e0dd594c4f6864a2ed685666fa45772d1cb136c5ad3ea8333bde6ec430daa7b,"Sayang lebih kecil dari calya. Klo dimensinya seukuran xpander/avanza, sekali cas 600km, harga ga lebih dari 500jt, udah ku pinang🎉",0,2024-01-13T06:13:22Z,2024-01-13T06:13:22Z,2026-09-27T14:02:23.207162+00:00,"sayang lebih kecil dari calya. kalau dimensinya seukuran xpander/avanza, sekali isi daya 600km, harga tidak lebih dari 500jt, udah ku pinang🎉",,,negatif,,Human-Audit-GoldStandard,,,negatif,,True
UgzPY2yoTb3S7F0XAdR4AaABAg,A9niV2791gs,5c5a9967fecc5a59e51bada38c8dd3101e05f8f311d539866eb0ae5ab061236c,"Kirain cuma hp china aja yang bisa ghoib, ternyata mobil china juga bisa ghoib. Dimainin sama tengkulak kah?? 😂",0,2026-01-27T05:06:59Z,2026-01-27T05:06:59Z,2026-09-19T00:23:04.831717+00:00,"kirain cuma hp china aja yang bisa ghoib, ternyata mobil china juga bisa ghoib. dimainin sama tengkulak kah?? 😂",,,,negatif,Human-Audit-GoldStandard,,,,negatif,True
UgzfVeYpA1_NFHwM8NF4AaABAg,fjWvVFT0vr0,1d019c00c4f2a2638cbc4686e26fba47a9760cc3aa1b38abf52f52e5edb193c8,"Tinggal aftersales nya diperluas dan diperbanyak, makin banyak konsumen terjaring ini",0,2025-07-26T04:52:40Z,2025-07-26T04:52:40Z,2026-09-19T00:23:08.935049+00:00,"tinggal aftersales nya diperluas dan diperbanyak, makin banyak konsumen terjaring ini",,,,netral,Human-Audit-GoldStandard,,,,netral,True
UgzkB02dKspVFJp9cmB4AaABAg,A9niV2791gs,823e602f8d6ef0b38e3314446af80c8a3791a36c6783d6ebb5fa95b2d3ab5e87,Minusnya cuma satu : ga sampai sampai mobilnya 😂,68,2026-01-22T15:17:45Z,2026-01-22T15:17:45Z,2026-09-19T00:23:04.831083+00:00,minusnya cuma satu : tidak sampai sampai mobilnya 😂,,,,negatif,Human-Audit-GoldStandard,,,,negatif,True
UgxnxzxQtUQFJo6eMPl4AaABAg,9GTZD3la5qI,3eae7445e0e7cbe365d01add1e5c613a9e04481fb3e85f6fb68320ddc540bd89,"Saran untuk Wuling air ev juga garansi baterai seumur hidup dan syaratnya pertahun hanya boleh jarak tempuh 20rb km, lalu kalau bisa BYD juga ikut agar orang indonesia lebih berani dan mau pilih mobil listrik sebagai mobil utamanya dan merasa aman terjamin, 20rb km pertahun untuk pakaian pribadi sudah lebih dari cukup untuk dalam kota kecuali kita buat jadikan grab car atau gocar baru gak cukup, kalau lebih dari 20rb km pertahun garansi hangus",0,2024-01-13T13:01:08Z,2024-01-13T13:01:08Z,2026-09-27T14:02:23.207162+00:00,"saran untuk wuling air ev juga garansi baterai seumur hidup dan syaratnya pertahun hanya boleh jarak tempuh 20rb km, lalu kalau bisa byd juga ikut agar orang indonesia lebih berani dan mau pilih mobil listrik sebagai mobil utamanya dan merasa aman terjamin, 20rb km pertahun untuk pakaian pribadi sudah lebih dari cukup untuk dalam kota kecuali kita buat jadikan grab car atau gocar baru tidak cukup, kalau lebih dari 20rb km pertahun garansi hangus",positif,netral,,,Human-Audit-GoldStandard,positif,netral,,,True
UgwiBChZPigSJ-6bcLJ4AaABAg,0fHm0HIIJrY,c034f14b7bbbea431d11e664fbc32db759ab083de9c479419fff16d35f14558e,kami terima bulan desember akhir 2025 sekarang kilometer udah 19500 alhamdulillah mobil nyaman,2,2026-07-08T23:27:41Z,2026-07-08T23:27:41Z,2026-09-27T14:02:21.256364+00:00,kami terima bulan desember akhir 2025 sekarang kilometer udah 19500 alhamdulillah mobil nyaman,,,positif,,Human-Audit-GoldStandard,,,positif,,True
UgwOYG6RnveKjOlcS254AaABAg,G_acqAJrRso,ef2ed30618de3b95c4ccf6c6e7fd7446bed131b3b45a1e5640a5a227bb659aea,Tapi kami dipelosok pengen tp blm ada tempat nge cas,0,2025-11-14T15:52:26Z,2025-11-14T15:52:26Z,2026-09-18T04:38:32.144167+00:00,tapi kami dipelosok pengen tapi belum ada tempat nge isi daya,negatif,,,,Human-Audit-GoldStandard,negatif,,,,True
UgxhNpQ19BupODSNTx54AaABAg,O-vAYJNfQEk,6ed9fd42dd1b21d0311061d68626540ade3eb91e8a1ba1649764805c9c729d78,Banjir biasanya MCB konslet.,0,2024-07-11T01:18:06Z,2024-07-11T01:18:06Z,2026-09-27T14:02:14.061399+00:00,banjir biasanya mcb konslet.,,,negatif,,Human-Audit-GoldStandard,,,negatif,,True
Ugx_ShBPHUNyTk8bgpN4AaABAg,wWoTrVO2Hk4,90e2948dc99b0879d4b016379392d9358d95864df012b610a281b063991bdef1,"""mantap ya mobil 200 juta dapat power backdoor""  harganya 200 jutaan kah?",0,2026-04-23T07:05:48Z,2026-04-23T07:05:48Z,2026-09-19T00:23:05.983222+00:00,"""mantap ya mobil 200 juta dapat power backdoor"" harganya 200 jutaan kah?",,,positif,,Human-Audit-GoldStandard,,,positif,,True
UgyiaOWQ65Rs-nn1A-14AaABAg,Bx-XDBdN7nA,082f7403aeb025a536b6bbdf2db4faf346901ac78b079e4d8eff958aa9e7ab7d,"Denger2 kuota nik 2025 sudah habis, pesan skrg baru delivery Feb 2026. Kalau jadi ppnbm tdk gratis lagi bisa naik brp harganya ya?",0,2025-11-16T11:23:50Z,2025-11-16T11:23:50Z,2026-09-19T00:23:02.435533+00:00,"denger2 kuota nik 2025 sudah habis, pesan skrg baru delivery feb 2026. kalau jadi ppnbm tidak gratis lagi bisa naik brp harganya ya?",,,,netral,Human-Audit-GoldStandard,,,,netral,True
UgxcJDhr1GFJ48Z4pjd4AaABAg,fjWvVFT0vr0,ef2208305496b6549156ab44da9353a6dfbc8ef23f73fa630ca6576283f8f5d4,"Coba ada yang pke bahan bakar, pasti laku",0,2025-07-29T16:07:10Z,2025-07-29T16:07:10Z,2026-09-19T00:23:09.885658+00:00,"coba ada yang pke bahan bakar, pasti laku",netral,,,,Human-Audit-GoldStandard,netral,,,,True
UgxbYlagyhGJriV2WLN4AaABAg,IMO53AFzSZU,1839f2bb47ff5f3dc261602dbc145331c90b56d02a2dcd8d845044b56bccbf7e,"Mantap juga sih ini Wuling, mobil jepang gua aja nggak di giniin sama bengkel resminya",17,2026-08-24T12:50:49Z,2026-08-24T12:50:49Z,2026-09-27T14:02:20.682299+00:00,"bagus juga sih ini wuling, mobil jepang gua aja tidak di giniin sama bengkel resminya",,,,positif,Human-Audit-GoldStandard,,,,positif,True
UgwP0H2lczm0ZDLye2V4AaABAg,z1fWo8tYynA,b8f0a470f95654ca5cbf9e93bee7b01d45e2106b43249722581a583fe74d29ef,Sayang untuk fitur-fitur yang dasar seperti spion lipat elektrik dan hand rest tengah belakang malah gak ada. Agak tanggung,0,2025-09-18T09:35:05Z,2025-09-18T09:36:03Z,2026-09-19T00:23:11.766454+00:00,sayang untuk fitur-fitur yang dasar seperti spion lipat elektrik dan hand rest tengah belakang malah tidak ada. agak tanggung,,,negatif,,Human-Audit-GoldStandard,,,negatif,,True
UgwWYZ9ef3eth-QowtN4AaABAg,wWoTrVO2Hk4,b5bc7f47f6fde9d0facb1c33b880a0c9c6b4ba97612aa7398574ae330e74d202,Udah naik 319 kemarin spk giias. Ada bonus sih. Antara bodykit atau asuransi all risk 1 tahun,0,2026-08-03T01:10:50Z,2026-08-03T01:10:50Z,2026-09-19T00:23:05.983222+00:00,udah naik 319 kemarin spk giias. ada bonus sih. antara bodykit atau asuransi all risk 1 tahun,,netral,,,Human-Audit-GoldStandard,,netral,,,True
UgwkfX4_fQMuNo9k0yJ4AaABAg,Bx-XDBdN7nA,dd3dbf8272d4fc4a373697be768ab84ae4b14f6fb7629d8070ded49540a749e2,"Dashboard nya rendah, cocok buat yg matanya minus/rabun",0,2025-11-16T10:27:09Z,2025-11-16T10:27:09Z,2026-09-19T00:23:02.435533+00:00,"dashboard nya rendah, cocok buat yg matanya minus/rabun",,,positif,,Human-Audit-GoldStandard,,,positif,,True
UgzZAcgy4xHq1xqcinN4AaABAg,IMO53AFzSZU,3f085271a3c80e08190fc973b65c80914360f51e344ac23fa1ff70a823969f03,Buset mobil baru 50 ribu sudah banyak masalah 😂😂😂,0,2026-08-24T13:08:31Z,2026-08-24T13:08:31Z,2026-09-27T14:02:20.682299+00:00,buset mobil baru 50 ribu sudah banyak masalah 😂😂,,,negatif,,Human-Audit-GoldStandard,,,negatif,,True
UgzjEtyc7lJx4f8BWWN4AaABAg,jL5p1zZMNEM,caeaf51ce740997637d73d27bc3c38e055f78ab606997792d755fe352320e299,"09:15 beberapa mobil cina memang ga linear bang persentase nya

Ada yang 100 ke 50% nya lamaaa tapi dari 50 ke 0% nya kenceng 
Ada yang kebalikannya 

Mau ga mau punya molis cina antara main aman dengan ngecas sebelum batre nya nyampe 25% 
atau jadi pakar matematika buat offset persentase batre yg ga linear turun nya",1,2024-09-19T06:55:27Z,2024-09-19T06:55:27Z,2026-09-27T14:02:11.248425+00:00,09:15 beberapa mobil cina memang tidak linear bang persentase nya ada yang 100 ke 50% nya lamaa tapi dari 50 ke 0% nya kenceng ada yang kebalikannya mau tidak mau punya molis cina antara main aman dengan ngecas sebelum baterai nya nyampe 25% atau jadi pakar matematika buat offset persentase baterai yg tidak linear turun nya,,,negatif,,Human-Audit-GoldStandard,,,negatif,,True
UgwPKW6VSmkK1NtZ5XN4AaABAg,9GTZD3la5qI,fc200d0eee5af1e63fc03e0b90b9b5cb647422ada55e3364a466944aced01720,"Wuling binguo jadi kemahalan pas mg4ev muncul dg selisih hanya 25 juta.
Lebih lega, lebih banyak fiturnya dan tenaganya 2x lebih besar.",4,2024-01-13T10:30:14Z,2024-01-13T10:30:14Z,2026-09-27T14:02:23.207162+00:00,"wuling binguo jadi kemahalan pas mg4ev muncul dg selisih hanya 25 juta. lebih lega, lebih banyak fiturnya dan tenaganya 2x lebih besar.",,negatif,positif,,Human-Audit-GoldStandard,,negatif,positif,,True
UgxMAizeez-TagrvAeZ4AaABAg,VEXJp_L57Nk,a635e7c7c0a595a9c239d67bb526f5bc73d7976850fb2542acceff004132b039,Modelnya juara ini,1,2026-04-20T10:37:27Z,2026-04-20T10:37:27Z,2026-09-19T00:23:10.716076+00:00,modelnya juara ini,,,positif,,Human-Audit-GoldStandard,,,positif,,True
UgzjvGSsGG7g71_n5294AaABAg,fjWvVFT0vr0,aea4fb7a66c25fd37db7745f8c1824cb8e2bc29f6fce40b6b7979fa07de369a7,"Secara hitungan lebih irit ,semoga ke beli",0,2025-07-27T03:43:38Z,2025-07-27T03:43:38Z,2026-09-19T00:23:08.164869+00:00,"secara hitungan lebih irit ,semoga ke beli",,positif,,,Human-Audit-GoldStandard,,positif,,,True
UgzdkaQv_TLx1tYg-K54AaABAg,dEJ4VEjH1AQ,6f6afd6d0876a31175df0b24fc6d0c81756417252a960c74013bd70216872c9b,Asal gk tiba2 cabut dari indo aja. kasihan yang beli nyari nyari sparepartnya nanti kalau usianya udah lumayan berumur,0,2025-11-26T10:37:01Z,2025-11-26T10:37:01Z,2026-09-19T00:23:14.870779+00:00,asal tidak tiba2 cabut dari indo aja. kasihan yang beli nyari nyari sparepartnya nanti kalau usianya udah lumayan berumur,,,,netral,Human-Audit-GoldStandard,,,,netral,True
Ugzs_wBfNARxH5-BJ2R4AaABAg,z1fWo8tYynA,e9f8ea7519fdf7bcc7f40beb0f1f76cde4e38375e5c973998ceb9e6e814f1ed7,Gak masalah 😅😅😅,0,2025-09-22T15:48:14Z,2025-09-22T15:48:14Z,2026-09-19T00:23:12.527826+00:00,tidak masalah 😅😅,,,negatif,,Human-Audit-GoldStandard,,,negatif,,True
UgwEjyX16ArOTVv5xhx4AaABAg,ccgG2mpCIHM,08b3ded524495d85afab196ca434128b3673686f12d006684f30d6f2fae5364c,"Beda karakter, kalau BYD Atto 1 dan Geely Ex2 mobil yang di desain sbg city car penggunaan dalam kota, mengejar efisiensi, fun to drive di perkotaan dan body yang ringkas buat manuver perkotaan, sehingga tidak memerlukan body besar, baterai besar dan motor yang besar sehingga konsumsi kwh/km efisien yang berimbas pada biaya konsumsi listrik yg lebih efisien. Kalau Jaecoo didesain sebagai compact SUV yaitu mobil yang bisa di dalam kota dan luar kota, sehingga memiliki body yang lbh besar untuk kenyamanan jarak jauh dan untuk memuat kapasitas baterai yang besar dengan motor yang besar, namun berimbas pada konsumsi listri kyg lebih besar dan berakibat pada biaya operasional yang lebih besar juga. 
Perbandingan ini tidak apple to apple juga. Secara kelas berbeda karena Atto 1 dan EX2 masuk ke kategori hatchback city car, sedangkan Jaecoo J5 masuk ke kategori compact SUV dimana disandingkan harusnya dengan sesama compact SUV yaitu Aion UT atau MG5.",19,2026-05-03T15:47:52Z,2026-05-04T00:58:12Z,2026-09-19T00:28:54.749870+00:00,"beda karakter, kalau byd atto 1 dan geely ex2 mobil yang di desain sbg city car penggunaan dalam kota, mengejar efisiensi, fun to drive di perkotaan dan body yang ringkas buat manuver perkotaan, sehingga tidak memerlukan body besar, baterai besar dan motor yang besar sehingga konsumsi kwh/km efisien yang berimbas pada biaya konsumsi listrik yg lebih efisien. kalau jaecoo didesain sebagai compact suv yaitu mobil yang bisa di dalam kota dan luar kota, sehingga memiliki body yang lbh besar untuk kenyamanan jarak jauh dan untuk memuat kapasitas baterai yang besar dengan motor yang besar, namun berimbas pada konsumsi listri kyg lebih besar dan berakibat pada biaya operasional yang lebih besar juga. perbandingan ini tidak apple to apple juga. secara kelas berbeda karena atto 1 dan ex2 masuk ke kategori hatchback city car, sedangkan jaecoo j5 masuk ke kategori compact suv dimana disandingkan harusnya dengan sesama compact suv yaitu aion ut atau mg5.",,,netral,,Human-Audit-GoldStandard,,,netral,,True
Ugw_UYxha1T7Tc-V-i14AaABAg,fjWvVFT0vr0,1c6c1a5b69b823f89ed6d8b6fd288de2efd9915f1ca9ce902949ab6479a0524d,"Ini baru mobil listrik murah, bukan grobak mie ayam",0,2025-07-26T04:52:20Z,2025-07-26T04:52:20Z,2026-09-19T00:23:07.332434+00:00,"ini baru mobil listrik murah, bukan grobak mie ayam",,positif,,,Human-Audit-GoldStandard,,positif,,,True
UgxZzBb-Wj01kE2a3KJ4AaABAg,l8fPSUqdmOM,80605b52c742f43ba6f647477090bae06d79eb471bfdd1e82522d67e71bcb5ba,"Terimakasih koh.. video nya.. saya jadi berani untuk mudik bawa air ev.. Jakarta Ponorogo..

Kalo tahun lalu saya pake Ford Everest.. cuma karna sekarang mertua gak ikut mudik.. jadi saya pake air ev sekeluarga aja.. hhi..",0,2026-03-15T13:35:17Z,2026-03-15T13:35:17Z,2026-09-27T14:02:15.000262+00:00,terimakasih koh.. video nya.. saya jadi berani untuk mudik bawa air ev.. jakarta ponorogo.. kalo tahun lalu saya pakai ford everest.. cuma karna sekarang mertua tidak ikut mudik.. jadi saya pakai air ev sekeluarga aja.. hhi..,positif,,,,Human-Audit-GoldStandard,positif,,,,True
UgxEw6-eNopqT6siDHp4AaABAg,G_acqAJrRso,2eb85a1b4bb9cefbba979c66d04873cf01b57f1241ca3587f89183b7267c2c37,Mobil yang revolusioner. Akankah mengobrak abrik pangsa pasar ev yg sudah existing. Wuling byd yg selama ini jual kemahalan bakalan banting hargakah?,1,2025-11-16T11:34:40Z,2025-11-16T11:34:40Z,2026-09-18T04:38:30.738340+00:00,mobil yang revolusioner. akankah mengobrak abrik pangsa pasar ev yg sudah existing. wuling byd yg selama ini jual kemahalan bakalan banting hargakah?,,negatif,,,Human-Audit-GoldStandard,,negatif,,,True
UgxMp0B6WbHkLqSie-x4AaABAg,AOjceFDyYeM,84750d728c40b6fed1368c0165e11e7765928fbfb593f5eb44b15600acd5d87a,"Brio Agya jarak tempuh 600 km, isi bensin 5 menit kelar. Mobil listrik? Lebaran 2026 kami tidak melihat mobil listrik mampu pulang kampung kecuali gimmick konten buzzer",0,2026-04-03T11:34:20Z,2026-04-03T11:34:20Z,2026-09-27T14:02:20.223393+00:00,"brio agya jarak tempuh 600 km, isi bensin 5 menit kelar. mobil listrik? lebaran 2026 kami tidak melihat mobil listrik mampu pulang kampung kecuali gimmick konten buzzer",negatif,,,,Human-Audit-GoldStandard,negatif,,,,True
Ugyz9xA8qgJZVmMjBV54AaABAg,Vu0ayycGXbI,2a02c62672f893b9a76fdf8bad3491505187f9c77dba9e0b31f7703610c15c8a,harga yg premium di IIMS kmrn udah 320,0,2026-02-23T11:12:46Z,2026-02-23T11:12:46Z,2026-09-19T00:23:03.311589+00:00,harga yg premium di iims kmrn udah 320,,netral,,,Human-Audit-GoldStandard,,netral,,,True
Ugz8hUZfmapXcnjdEzl4AaABAg,G_acqAJrRso,e9f9021ba096cfc68dee484bd9347b0d72e70ccccfd1ede1072d74bfc8df1acf,"Paling terasa kurangnya
- Minim tombol fisik
- Jok baris ke 2 tegak",2,2025-11-14T14:13:46Z,2025-11-14T14:22:17Z,2026-09-18T04:38:31.419348+00:00,paling terasa kurangnya - minim tombol fisik - jok baris ke 2 tegak,,,negatif,,Human-Audit-GoldStandard,,,negatif,,True
UgyRnPWYoKzRYX_URd94AaABAg,9GTZD3la5qI,938e4d0ffef9190b89f10caf8ad2a0038afb824282f43e0d9e346ff9979d7cd9,"kalau beli 2nd mobil listrik wuling, ya wis lah ya terima nasib aja kalau harus ganti baterai pakai duit sendiri wkwkwk",0,2024-01-13T23:08:23Z,2024-01-13T23:08:23Z,2026-09-27T14:02:23.207162+00:00,"kalau beli 2nd mobil listrik wuling, ya wis lah ya terima nasib aja kalau harus ganti baterai pakai duit sendiri wkwkwk",,netral,,,Human-Audit-GoldStandard,,netral,,,True
UgyfcCszYYN-qa0l7A14AaABAg,fjWvVFT0vr0,a5cd534289a5e94e79a6d17907f2631cee7e1621f425d608be146ada4a589669,"cuman dikota besar, kota pinggiran masi belum support baik dari sparepart dll. ataupun emergency listrik",0,2025-08-30T02:48:20Z,2025-08-30T02:48:20Z,2026-09-19T00:23:08.164869+00:00,"cuman dikota besar, kota pinggiran masi belum support baik dari sparepart dll. ataupun emergency listrik",negatif,,,negatif,Human-Audit-GoldStandard,negatif,,,negatif,True
Ugy0ku2cr_1S_1VVnI54AaABAg,0fHm0HIIJrY,f780fecda6b85cf174645b8223b06b455d0c4b27a6960fcdc7bf7b84c78c88a0,"Ane udah spk mw beli cash, awalnya dikasi tw klo warna item ato putih bs ready 2 3 mingguan… eeee skrg dah lewat sebulan, rasanya digantung aja gt… ampe tiap hari gw berprasangka buruk mulu jgn2 si mbak sales lbh prioritasin yg credit… aaaahhhhh taek lah",4,2026-05-13T15:30:24Z,2026-05-13T15:30:24Z,2026-09-27T14:02:21.256364+00:00,"ane udah spk mw beli cash, awalnya dikasi tw kalau warna item ato putih bs ready 2 3 mingguan… ee skrg dah lewat sebulan, rasanya digantung aja gt… ampe tiap hari gw berprasangka buruk mulu jgn2 si mbak sales lbh prioritasin yg credit… aahh taek lah",,,,negatif,Human-Audit-GoldStandard,,,,negatif,True
Ugz5yplfJNpVEtQ1eIt4AaABAg,fjWvVFT0vr0,afed85107796ac3fd4f512bd6c6e2945449e4d87ea6c5a6283cb9f3f9a60f02c,"tetangga gw punya BYD seal, uda pke setahun, kaki2 mulai ga nyaman, ga ada tmpat servis dan partnya susah, tmbah lg ada sebagian batrenya uda bengkak jg, skrg pusing mau beli batrenya, bs dpat avanza second, dan parahnya, susah mau modifikasi, krn dari diler blg klo ada mau nambah sound system dll, garansi hangus",1,2025-07-29T13:02:33Z,2025-07-29T13:03:06Z,2026-09-19T00:23:08.935049+00:00,"tetangga gw punya byd seal, uda pke setahun, kaki2 mulai tidak nyaman, tidak ada tmpat servis dan partnya susah, tmbah lagi ada sebagian batrenya uda bengkak jg, skrg pusing mau beli batrenya, bs dpat avanza second, dan parahnya, susah mau modifikasi, karena dari diler blg kalau ada mau nambah sound system dll, garansi hangus",,,negatif,negatif,Human-Audit-GoldStandard,,,negatif,negatif,True
Ugw_0nd7-ZtoBmRwP4V4AaABAg,BFp1_jq3zVo,9434cb3611f8e085c56814ab29d4eb1ca5ef7567a94192c3e9e256eba6cab423,Emang penjualan ex2 per bulan berapa sih? 😁 bentar lagi masuk rival beratnya Cherry Q. Kalo harga selisih 30 jt nangis di pojokan ex2. Grup cherry biasa kasi harga sedekah 😅 blum lagi komplain customer ex2 mengenai service & delivery. Bakal seru kedepannya.,0,2026-04-05T04:45:38Z,2026-04-05T04:45:38Z,2026-09-19T00:23:14.379690+00:00,emang penjualan ex2 per bulan berapa sih? 😁 bentar lagi masuk rival beratnya cherry q. kalo harga selisih 30 jt nangis di pojokan ex2. grup cherry biasa kasi harga sedekah 😅 blum lagi komplain customer ex2 mengenai service & delivery. bakal seru kedepannya.,,netral,,negatif,Human-Audit-GoldStandard,,netral,,negatif,True
Ugz_KFapBG2KykuOrkx4AaABAg,jL5p1zZMNEM,d25fab6f4d6ed51bdcb795332b66d8d62ea5aa801eb9f48a2ffc1424bd0445fb,"teman wuling ev pemakaian godean sd kota jogja. diluar itu misal keluar provinsi pakai mobil bbm. dan saking jarangnya pergi jauh, sekarang jadi super hemat. memang baiknya punya 2 jenis mobil. bbm sma ev",9,2024-09-20T06:15:23Z,2024-09-20T06:15:23Z,2026-09-27T14:02:11.248425+00:00,"teman wuling ev pemakaian godean sd kota jogja. diluar itu misal keluar provinsi pakai mobil bbm. dan saking jarangnya pergi jauh, sekarang jadi super hemat. memang baiknya punya 2 jenis mobil. bbm sma ev",,positif,,,Human-Audit-GoldStandard,,positif,,,True
UgxyqRu-bKJg_To939p4AaABAg,fjWvVFT0vr0,5af9e6051804d7feb304e3aeb79eebe2e667a18691b3947ef3c1af13a31513c2,Exterior belakang nya kurang sporty dikit nggak sih..... tail light nya gede an dikit udah ganteng banget pasti,0,2026-01-17T12:48:59Z,2026-01-17T12:48:59Z,2026-09-19T00:23:09.885658+00:00,exterior belakang nya kurang sporty dikit tidak sih.. tail light nya gede an dikit udah ganteng banget pasti,,,negatif,,Human-Audit-GoldStandard,,,negatif,,True
Ugwrnji4N2rgXU25n3B4AaABAg,VEXJp_L57Nk,8d153bd5917e78cad49305f3829da7de44632b2c380f36e61b51eccca6739bd0,Ga ada ban serep,0,2025-10-04T01:15:51Z,2025-10-04T01:15:51Z,2026-09-19T00:23:10.716076+00:00,tidak ada ban serep,,,negatif,,Human-Audit-GoldStandard,,,negatif,,True
Ugz9rvqSQ5UP3dmYPLJ4AaABAg,J00aDzfK8WQ,4f1e42ab88930de423c7b9ec1f7973cfb83741d94488e3a818d434b3e8eeb08b,"Ckd malah naik harga , lama lama harga byd mau ngitkutin brand japan nih. Sering naik harga lalu belakangan kasih disc gede. Tapi harga dinaikkan dulu.",0,2026-05-26T02:53:55Z,2026-05-26T02:53:55Z,2026-09-19T00:23:10.549263+00:00,"ckd malah naik harga , lama lama harga byd mau ngitkutin brand japan nih. sering naik harga lalu belakangan kasih disc gede. tapi harga dinaikkan dulu.",,negatif,,,Human-Audit-GoldStandard,,negatif,,,True
UgywOFZ86LcYXwhkJaV4AaABAg,Vu0ayycGXbI,627969ab00945c8568c4d49d18e501fd082d318e17a3a8c0756760d20583f585,"299 JT, Big batre, kulkas, kasur, mesin kopi, magic jar, mesin cuci, 😊",0,2026-04-09T23:42:35Z,2026-04-09T23:42:35Z,2026-09-19T00:23:03.312129+00:00,"299 jt, big batre, kulkas, kasur, mesin kopi, magic jar, mesin cuci, 😊",,,positif,,Human-Audit-GoldStandard,,,positif,,True
UgyEyBwMTymjf7WRYBd4AaABAg,SQJwC-QLsRk,b77de4f2b7a3ee3c6e83d7dfe7f564f5a1572f406fcb7a9fc198cc42ad2ccf88,"Gue juga sempet liat ke dealer, J5 yang spek atas aja susah, harga juga udah naik lumayan, makin keliatan ini bukan lawan sekelas sih sama Atto1 atau EX2",0,2026-05-12T11:19:04Z,2026-05-12T11:19:04Z,2026-09-19T00:23:15.653310+00:00,"gue juga sempet liat ke dealer, j5 yang spek atas aja susah, harga juga udah naik lumayan, makin keliatan ini bukan lawan sekelas sih sama atto1 atau ex2",,negatif,,negatif,Human-Audit-GoldStandard,,negatif,,negatif,True
UgxW1bjGYY3Cm0V1Cqh4AaABAg,9GTZD3la5qI,e2a31c76680c636efa8870a70b273ecc5a44b30bdcc6dc83d27ef9b13e2804d3,"Wuling pinter menjadikan customer sbg pelaku penelitian produk, pelaku promosi di jalanan",0,2025-10-16T22:20:19Z,2025-10-16T22:20:19Z,2026-09-27T14:02:22.040959+00:00,"wuling pinter menjadikan customer sbg pelaku penelitian produk, pelaku promosi di jalanan",,,,positif,Human-Audit-GoldStandard,,,,positif,True
UgyMAeqFAy13-1zStkB4AaABAg,ccgG2mpCIHM,80989311e691f57095a3663e8fc24f46a676a404150441d659628ad13b54cc97,"Buat yg ngitung2 batre vs torsi motor dll, perlu diketahui bahwa torsi dan size motor tidak terlalu berdampak pada range dan efisiensi.. Karena mobil listrik itu sangat efisien dalam menggunakan tenaga, ga kyk bensin yang size mesinnya ngaruh ke penggunaan tenaga. EV itu mesin ga korelasi dengan efisiensi selama dibawanya disekolahin kakinya. Yg pengaruh bgt terhadap efisiensi itu BERAT MOBIL, jadi J5 dikasi motor atto 1 akan tetep boros",0,2026-05-04T01:57:34Z,2026-05-04T01:57:34Z,2026-09-19T00:28:55.390869+00:00,"buat yg ngitung2 baterai vs torsi motor dll, perlu diketahui bahwa torsi dan size motor tidak terlalu berdampak pada range dan efisiensi.. karena mobil listrik itu sangat efisien dalam menggunakan tenaga, tidak kyk bensin yang size mesinnya ngaruh ke penggunaan tenaga. ev itu mesin tidak korelasi dengan efisiensi selama dibawanya disekolahin kakinya. yg pengaruh banget terhadap efisiensi itu berat mobil, jadi j5 dikasi motor atto 1 akan tetep boros",netral,,,,Human-Audit-GoldStandard,netral,,,,True
Ugw4eRrMvQfdVGjofXd4AaABAg,IMO53AFzSZU,281defe0f62eaac2150c45ed3c7133ed73e0bc61f3c1359a987ef0ccf5f023d0,"bagus yah pelayanan garansi nya, mantap wuling, walaupun km nya panjang ttep dpt garansi woi,... hallo wuling. sippppp",1,2026-09-04T06:07:08Z,2026-09-04T06:07:08Z,2026-09-27T14:02:20.682299+00:00,"bagus yah pelayanan garansi nya, bagus wuling, walaupun km nya panjang ttep dapat garansi woi,.. hallo wuling. sipp",,,,positif,Human-Audit-GoldStandard,,,,positif,True
Ugx_iOGBQ8m1nmvhSUV4AaABAg,fjWvVFT0vr0,5042fe31093af31ef217fd0bfea21264b15ecfde9ebfd8948b9f1a91dd2871f7,Kerenn harga murahh lagi,0,2025-07-31T14:12:17Z,2025-07-31T14:12:17Z,2026-09-19T00:23:08.164869+00:00,kerenn harga murahh lagi,,positif,,,Human-Audit-GoldStandard,,positif,,,True
Ugx4tNYWhQtd9z-4xKF4AaABAg,Vu0ayycGXbI,a13f7c0f1b0b610e89ee0ee48a310d4bc709a44bdff55bf5b3da38188d171454,"Yg ironis harga mobil di Indonesia itu bukan karena harga mobil CBU dan mobil ber-cc besar dikenakan pajak barang mewahnya. Tapi rakyat yg sudah membeli mobil baik itu CBU atau bukan, tetapi dikenakan pajak seumur hidup dan berlapis 😔",0,2026-02-24T04:57:31Z,2026-02-24T04:57:31Z,2026-09-19T00:23:04.027753+00:00,"yg ironis harga mobil di indonesia itu bukan karena harga mobil cbu dan mobil ber-cc besar dikenakan pajak barang mewahnya. tapi rakyat yg sudah membeli mobil baik itu cbu atau bukan, tetapi dikenakan pajak seumur hidup dan berlapis 😔",,negatif,,,Human-Audit-GoldStandard,,negatif,,,True
Ugza6BoRg3Us2i8WF3Z4AaABAg,z1fWo8tYynA,2fae44c58fde4d6d4e4ae1bd11d4aee9fb65ad9fc30ef15719898bed12862098,"Udah lihat aslinya di jalan kemarin,ternyata aslinya lebih ganteng gaess BYD atto 1 ini❤",30,2025-09-19T13:17:47Z,2025-09-19T13:17:47Z,2026-09-19T00:23:10.960426+00:00,"udah lihat aslinya di jalan kemarin,ternyata aslinya lebih ganteng gaess byd atto 1 ini❤",,,positif,,Human-Audit-GoldStandard,,,positif,,True
UgzYu5cwlUdc-2x3lpN4AaABAg,SQJwC-QLsRk,e35fb1d1edf39548407c25772a3ed1a7fa567ae2abdf27aa3069a30fa8128910,kalo pendapat saya yang paling bagus desain byd atto 1 depan dan belakang kalo belakang geely ex2 dam jaecco j5 kalo interior lebih bagus jaecco j5,2,2026-04-25T09:21:36Z,2026-04-25T09:21:36Z,2026-09-19T00:23:15.653310+00:00,kalo pendapat saya yang paling bagus desain byd atto 1 depan dan belakang kalo belakang geely ex2 dam jaecco j5 kalo interior lebih bagus jaecco j5,,,positif,,Human-Audit-GoldStandard,,,positif,,True
UgyZ7Oq5OM5uGAa9SuF4AaABAg,Bx-XDBdN7nA,9913bad04816da56a779cba5928272fa84eb24df661320547856c2ad1edf0470,kerasa banget skrg merk mobil jepang sangat sangat overprice dan minim fitur sebenernya ngga worth it cuman menang merk nya aja 🤭🤭🤣🤣,1,2025-11-22T04:27:59Z,2025-11-22T04:27:59Z,2026-09-19T00:23:01.508913+00:00,kerasa banget skrg merk mobil jepang sangat sangat overprice dan minim fitur sebenernya tidak layak it cuman menang merk nya aja 🤭🤭🤣🤣,,,positif,,Human-Audit-GoldStandard,,,positif,,True
UgzvpJksJE3kWd3x7_x4AaABAg,fjWvVFT0vr0,786722449c1c5002a08e57baaea4ce73033e4a14a9f6d9bd05f5168daedbccb4,Cocok ini demi kelangkaan BbM dan harganya Murah...,0,2025-08-02T11:37:52Z,2025-08-02T11:37:52Z,2026-09-19T00:23:07.333419+00:00,cocok ini demi kelangkaan bbm dan harganya murah..,,positif,,,Human-Audit-GoldStandard,,positif,,,True
UgydwflQWJwr6r3HwFx4AaABAg,SQJwC-QLsRk,b8970091ce7ea5fdc9cad12aacb41d1428a0bc9c2741205c128712ca8c345c02,Sekalian buat perbandingan Pajak Mobilnya dong.. apakah 3 mobil tersebut biaya Pajak per tahun sama?,0,2026-04-25T09:30:52Z,2026-04-25T09:30:52Z,2026-09-19T00:23:15.653310+00:00,sekalian buat perbandingan pajak mobilnya dong.. apakah 3 mobil tersebut biaya pajak per tahun sama?,,netral,,,Human-Audit-GoldStandard,,netral,,,True
UgxygjhYzP-vr3ITcBd4AaABAg,Vu0ayycGXbI,1ffdd7b71d8b758ba2fda70c8489c5f6f1ac50efa1cd48b3043031f7decb71d5,"Apes jalannya licin bekas hujan, tapi better lah msh bisa naik mengingat sblmnya Geely EX5 malah gak naik spin terus",12,2026-02-23T12:09:28Z,2026-02-23T12:09:28Z,2026-09-19T00:23:04.026610+00:00,"apes jalannya licin bekas hujan, tapi better lah msh bisa naik mengingat sblmnya geely ex5 malah tidak naik spin terus",,,netral,,Human-Audit-GoldStandard,,,netral,,True
UgyPkP9-JSsP8BrZPwp4AaABAg,bC7X9DplrIc,a92c6be085528bbe1d330de2a5a6956662070b01c43618284bb7bcf3c2a36131,"Secara spek sih juara, tapi spare part fast moving dan service center nya banyak kah, terutama di kota2 besar",2,2026-03-13T05:34:22Z,2026-03-13T05:34:22Z,2026-09-19T00:23:14.522723+00:00,"secara spek sih juara, tapi spare part fast moving dan service center nya banyak kah, terutama di kota2 besar",,,positif,netral,Human-Audit-GoldStandard,,,positif,netral,True
UgzQ7KXV3yS4oHsqZ3d4AaABAg,dEJ4VEjH1AQ,f3a1dadbebf8fea18a03004c416e9b9af3b28a1125efa93663094073965c9881,"Kelebihan ex2 : RWD, handal untuk tanjakan",14,2025-11-24T13:32:32Z,2025-11-24T13:32:32Z,2026-09-19T00:23:14.870779+00:00,"kelebihan ex2 : rwd, handal untuk tanjakan",,,positif,,Human-Audit-GoldStandard,,,positif,,True
UgwAYlPttRuIBwb5J9B4AaABAg,9GTZD3la5qI,3c149891d2ea85a5e4255fadc243d2d976203e99d0e62327ca80d1663e5961a7,Syaratnya lumayan banyak.😂😂😂,0,2024-01-13T06:13:55Z,2024-01-13T06:13:55Z,2026-09-27T14:02:23.207162+00:00,syaratnya lumayan banyak.😂😂,,negatif,,,Human-Audit-GoldStandard,,negatif,,,True
UgyGxgbTVARvh0R57GZ4AaABAg,W3G8V7xV3-Y,40b7053870bde13024fa60590d8615fd594017aabc18dd2a1d46a291f9e7ac8c,"Hanya orang berduit, dan kepo mobil listrik yg mengindahkan klausul ini...Ruwet ah untuk kaum mendang mending.. Mendingan beli mobil normal saja non EV",2,2024-06-05T15:09:10Z,2024-06-05T15:09:10Z,2026-09-27T14:02:27.731586+00:00,"hanya orang berduit, dan kepo mobil listrik yg mengindahkan klausul ini..ruwet ah untuk kaum mendang mending.. mendingan beli mobil normal saja non ev",,negatif,,,Human-Audit-GoldStandard,,negatif,,,True
UgyX5zmUgl-SNlEBR9h4AaABAg,A-qeEyGaJM0,36a55637b13ef633aa84a662cbb78888973ab8e22e32ad22893e99f82bc00505,boleh di cass spi 100 % katanya cukup 80 % tidak boleh 100 %,0,2026-09-18T07:54:35Z,2026-09-18T07:54:35Z,2026-09-19T00:23:14.160865+00:00,boleh di cass spi 100 % katanya cukup 80 % tidak boleh 100 %,netral,,,,Human-Audit-GoldStandard,netral,,,,True
UgwTkn3zPbhvQu76z9F4AaABAg,fjWvVFT0vr0,71967e961f0f153ec8d1028f4ceb26229cb0fa02d3f657c7d3b1b73d22ed287a,"cocok buat taxi online, bebas biaya perawatan dan isi bbm,",0,2025-07-29T07:32:34Z,2025-07-29T07:32:34Z,2026-09-19T00:23:08.935049+00:00,"cocok buat taxi online, bebas biaya perawatan dan isi bbm,",,positif,,,Human-Audit-GoldStandard,,positif,,,True
UgyDP_OlrEzI3Fku9V14AaABAg,J00aDzfK8WQ,191563b5019e5f82e15bf69488e8b253361804a111ad1d9d2f47fa7b9878aee6,"Baru ini denger ckd harga naik 😂
Calon” nyungsep",14,2026-05-25T16:16:27Z,2026-05-25T16:17:00Z,2026-09-19T00:23:10.549263+00:00,baru ini denger ckd harga naik 😂 calon” nyungsep,,negatif,,,Human-Audit-GoldStandard,,negatif,,,True
Ugw-Bha-oi6b5Zc6v9N4AaABAg,W3G8V7xV3-Y,3d58ea9808eb305afc0398fe825dd458ce94be1537eacce6a1c353a5ead5b89d,"Saya rasa syarat dan kondisi life time waranty nya wuling cukup fair... Saya garis bawahi mereka menjamin kualitas  ev dia, bukan menjamin ketololan pengguna misalnya menerjang banjir atau memperlakukan ev tidak normal sehingga terjd kebakaran...",0,2024-06-10T05:38:56Z,2024-06-10T05:38:56Z,2026-09-27T14:02:27.731586+00:00,"saya rasa syarat dan kondisi life time waranty nya wuling cukup fair.. saya garis bawahi mereka menjamin kualitas ev dia, bukan menjamin ketololan pengguna misalnya menerjang banjir atau memperlakukan ev tidak normal sehingga terjd kebakaran..",,netral,,,Human-Audit-GoldStandard,,netral,,,True
UgzgVEclOO4LF7U8YpR4AaABAg,VEXJp_L57Nk,0aee3f495343b9d21407e72037b8f41ae6e1e13fa84c1678abab744c0c1411d5,"Saya sudah test drive minggu lalu yg tipe rendahnya.
Tapi memutuskan tidak jadi ambil karena mainly 2 hal: Pertama, bagi kebutuhan saya, ukuran mobilnya terlalu kecil untuk jadi mobil satu-satunya.
Kedua, tarikannya agak kurang bagi saya yang tinggal di kota yg banyak tanjakannya.
Perbandingan saya dengan Wuling Binguo tipe tertinggi (jatah kantor) yg sudah saya pakai 1 tahunan.

Selebihnya, ride quality bagus, desain menarik, harga oke.",11,2025-10-04T02:22:34Z,2025-10-04T02:26:32Z,2026-09-19T00:23:10.716076+00:00,"saya sudah test drive minggu lalu yg tipe rendahnya. tapi memutuskan tidak jadi ambil karena mainly 2 hal: pertama, bagi kebutuhan saya, ukuran mobilnya terlalu kecil untuk jadi mobil satu-satunya. kedua, tarikannya agak kurang bagi saya yang tinggal di kota yg banyak tanjakannya. perbandingan saya dengan wuling binguo tipe tertinggi (jatah kantor) yg sudah saya pakai 1 tahunan. selebihnya, ride quality bagus, desain menarik, harga oke.",,positif,negatif,,Human-Audit-GoldStandard,,positif,negatif,,True
Ugyv9zFMFxzx3aYqwMF4AaABAg,G_acqAJrRso,633104827ddb81d56792c0fce3b552c40ed902cdc5e0d3ec46e9794db026fff8,"Fiturnya gacor semua, pingin tapi ngeri sedap juga sih kalo layarnya mati, ga bisa ngapa2in 😆",0,2025-11-14T18:53:29Z,2025-11-14T18:53:29Z,2026-09-18T04:38:32.144167+00:00,"fiturnya sangat bagus semua, pingin tapi ngeri sedap juga sih kalo layarnya mati, tidak bisa ngapa2in 😆",,,netral,,Human-Audit-GoldStandard,,,netral,,True
UgxasN6zPEI5rwJ1A8J4AaABAg,Vu0ayycGXbI,888f5aea6bdc7958c4fe71f6473f5dccf84088157170e95a806e98cdea379976,"Waktu nyoba mobil ini, keluarga ga ada yg mau, malah milih geely ex2. Biar ex2 ga kenceng, ga ada moonroof dan embel2. (Bnyk  yg di kurangin fiturnya.) Comfortnya jauh lbh bgs drpd j5 ini.",1,2026-02-23T11:47:12Z,2026-02-23T11:47:45Z,2026-09-19T00:23:04.671044+00:00,"waktu nyoba mobil ini, keluarga tidak ada yg mau, malah milih geely ex2. biar ex2 tidak kenceng, tidak ada moonroof dan embel2. (bnyk yg di kurangin fiturnya.) comfortnya jauh lbh bgs drpd j5 ini.",,,netral,,Human-Audit-GoldStandard,,,netral,,True
UgyqJswUzmgLY1ET6Xt4AaABAg,4f36QI6CVtc,3d867a2d24c19e325f89d2a615cbb18195221bcf16fbf0743820b7ce115568df,"Kalo mau dapet jarak tempuh sesuai klaim pabrik begini caranya koh : jangan nyalain AC, jangan nyalain audio, nyetir di kecepatan konstan 40 kpj jangan brenti2, jangan bawa penumpang, jangan bawa barang di bagasi, matiin semua lampu dan bunyi mesin palsu EV, driver beratnya max 60 kg, kalo bisa seblom ngetes BAB dan kencing dlu biar makin enteng dijamin dapet KM sesuai klaim pabrik 😅😅😅😂😂",7,2026-09-08T13:06:18Z,2026-09-09T10:33:35Z,2026-09-27T14:02:14.434487+00:00,"kalo mau dapet jarak tempuh sesuai klaim pabrik begini caranya koh : jangan nyalain ac, jangan nyalain audio, nyetir di kecepatan konstan 40 kpj jangan brenti2, jangan bawa penumpang, jangan bawa barang di bagasi, matiin semua lampu dan bunyi mesin palsu ev, driver beratnya max 60 kg, kalo bisa seblom ngetes bab dan kencing dlu biar makin enteng dijamin dapet km sesuai klaim pabrik 😅😅😂😂",netral,,,,Human-Audit-GoldStandard,netral,,,,True
UgyWuX0C_KfREnGdpwF4AaABAg,BFp1_jq3zVo,cdceef3b2995ccae5fa4f6c6109e07407c265f0047833e946e23bc368c875311,Udah naik 10jt harganya,0,2026-04-27T12:52:37Z,2026-04-27T12:52:37Z,2026-09-19T00:23:14.379690+00:00,udah naik 10jt harganya,,negatif,,,Human-Audit-GoldStandard,,negatif,,,True
UgyGonPjoNOG_H1lJBV4AaABAg,W3G8V7xV3-Y,e15644c62b392ba3bdbd91faafa2d9086a9785a90eafef5140fcafa57ab78365,Setw second user lifetime warranty hilang dan  dpt garansi 8thn,0,2024-06-10T09:32:04Z,2024-06-10T09:32:04Z,2026-09-27T14:02:25.659868+00:00,setw bekas user lifetime warranty hilang dan dapat garansi 8thn,,netral,,,Human-Audit-GoldStandard,,netral,,,True
UgwNxMbNaQQVKe8ujIJ4AaABAg,fjWvVFT0vr0,1641dd2c8d091b13c741f22be256497afbd8aef794fc9cf073bbd2498d123389,"Ground clearance rendah banget kayanya.. ngga cocok buat jalanan dlm kota, banyak polisi bobo",0,2025-08-03T13:30:05Z,2025-08-03T13:30:05Z,2026-09-19T00:23:09.886682+00:00,"ground clearance rendah banget kayanya.. tidak cocok buat jalanan dlm kota, banyak polisi bobo",,,negatif,,Human-Audit-GoldStandard,,,negatif,,True
Ugy6q8jN0xQTz1yD1r54AaABAg,W3G8V7xV3-Y,cff8f64e15de955d33e0e7264134bde537669b9a3831903a21977302714e5be5,"Garansi tangan kedua dst berlaku normal 8th bukan berarti hilang garansi. Gpp kalo ga suka dan curiga sama merk yg baru satu ini, masih percaya sama jepang2an silahkan aja... Skandal nya aja udah banyak, kalo sy lebih baik open minded aja, yg lebih baik ya akui lebih baik. Mau wuling, MG, Chery, BYD, udah jelas lebih bagus drpd jepang2an kok.. Jangan selalu alesan sparepart wae..

Sedikit sharing aja, sy punya 2 cortez, yg satu udah jalan 147rb kilometer dan ga pernah masalah di mesin atau apapun yg besar. Paling masalah di aki habis, yg itu sangat wajar sekali. Kaki2 ganti, juga wajar krn pemakaian. Cuma ganti 2x, yg pertama free karena garansi. Soal sparepart, utk cortez rata2 ready kok. Sy yakin kalo confero, cortez, dan almaz mereka ready banyak sparepart. Kalau ev krn masih relatif baru, mgkn masih terbatas ya wajar om... Krn apa? Mereka bikin mobil ngga gabung2in spare parts yg sama di mobil yg berbeda.. Artinya setiap mobil komponen nya ga banyak yg sama.. Lagian, utk EV itu adalah mobil yg komponen nya ga ribet kayak mobil ICE biasa.

Sengga suka nya merk Cina atau spesifiknya Wuling, jujur sih, sebagai eks pengguna toyota dari dulu dan sudah beralih ke Wuling, gw merasa Toyota selama ini sudah kasih kita barang jelek tapi kita nya ttp seneng aja.. Betapa bego nya gw dulu dan baru sadar selama ini kita cuma dicekoki barang jelek model garang.

Skrg sy jual cortez sy yg 147rb kilometer dan ganti cloud ev. Saya ngrasa kayak orang desa beli mobil, saking banyaknya fitur baru dan utk mempelajarinya butuh waktu banyak jg bagaimana teknis nya ketika dipakai. Sungguh selama ini kita dibodohi otomotif jepang 😂",3,2024-06-05T23:54:59Z,2024-06-05T23:54:59Z,2026-09-27T14:02:27.731586+00:00,"garansi tangan kedua dst berlaku normal 8th bukan berarti hilang garansi. gpp kalo tidak suka dan curiga sama merk yg baru satu ini, masih percaya sama jepang2an silahkan aja.. skandal nya aja udah banyak, kalo sy lebih baik open minded aja, yg lebih baik ya akui lebih baik. mau wuling, mg, chery, byd, udah jelas lebih bagus drpd jepang2an kok.. jangan selalu alesan sparepart wae.. sedikit sharing aja, sy punya 2 cortez, yg satu udah jalan 147rb kilometer dan tidak pernah masalah di mesin atau apapun yg besar. paling masalah di aki habis, yg itu sangat wajar sekali. kaki2 ganti, juga wajar karena pemakaian. cuma ganti 2x, yg pertama free karena garansi. soal sparepart, untuk cortez rata2 ready kok. sy yakin kalo confero, cortez, dan almaz mereka ready banyak sparepart. kalau ev karena masih relatif baru, mgkn masih terbatas ya wajar om.. karena apa? mereka bikin mobil tidak gabung2in spare parts yg sama di mobil yg berbeda.. artinya setiap mobil komponen nya tidak banyak yg sama.. lagian, untuk ev itu adalah mobil yg komponen nya tidak ribet kayak mobil ice biasa. sengga suka nya merk cina atau spesifiknya wuling, jujur sih, sebagai eks pengguna toyota dari dulu dan sudah beralih ke wuling, gw merasa toyota selama ini sudah kasih kita barang jelek tapi kita nya ttp seneng aja.. betapa bego nya gw dulu dan baru sadar selama ini kita cuma dicekoki barang jelek model garang. skrg sy jual cortez sy yg 147rb kilometer dan ganti cloud ev. saya ngrasa kayak orang desa beli mobil, saking banyaknya fitur baru dan untuk mempelajarinya butuh waktu banyak jg bagaimana teknis nya ketika dipakai. sungguh selama ini kita dibodohi otomotif jepang 😂",,,netral,netral,Human-Audit-GoldStandard,,,netral,netral,True
UgxTbyvteKiIcPnLgLl4AaABAg,W3G8V7xV3-Y,f267279776b4bda94a8adb7bb63dd065813b3db561f44fbd18f9eea5a026a210,"Tinggal dicocokin aja syarat2 lifetime warranty dgn karakter calon pengguna & peruntukannya. Sy ga pernah suka modif2 mobil, mobil cenderung utk sehari2 & mobilitas 90% dalam kota, jd pake wuling air ev sih bagi sy ok bngt",1,2024-06-11T11:37:34Z,2024-06-11T11:37:34Z,2026-09-27T14:02:25.659868+00:00,"tinggal dicocokin aja syarat2 lifetime warranty dengan karakter calon pengguna & peruntukannya. sy tidak pernah suka modif2 mobil, mobil cenderung untuk sehari2 & mobilitas 90% dalam kota, jd pakai wuling air ev sih bagi sy ok bngt",,,positif,,Human-Audit-GoldStandard,,,positif,,True
UgwbE7XHrs8c3LW37hV4AaABAg,z1fWo8tYynA,c5f8b0e11c88f26440a14bc69b0a421b2457bcd9d6bf44533a9747fef3c0b311,"Sebenarnya Indonesia bisa buat mobil listrik seperti ini.. mudah malah, cuma masalahnya pemerintah ga mendukung. Bj Habibi dari ratusan juta orang Indonesia aja bisa buat pesawat apalagi cuma mobil yang rancangannya lebih sederhana",0,2025-09-21T02:25:59Z,2025-09-21T02:25:59Z,2026-09-19T00:23:13.927196+00:00,"sebenarnya indonesia bisa buat mobil listrik seperti ini.. mudah malah, cuma masalahnya pemerintah tidak mendukung. bj habibi dari ratusan juta orang indonesia aja bisa buat pesawat apalagi cuma mobil yang rancangannya lebih sederhana",negatif,,,,Human-Audit-GoldStandard,negatif,,,,True
Ugxi-ycaVPHHzKhiKgt4AaABAg,jL5p1zZMNEM,68e1646890e92bcf1a61160c83b5204e0dd5c67b880140848a120a06ff23ca29,Ganteng amat ini OMODA E5 warna dark grey !!,2,2024-09-25T16:01:49Z,2024-09-25T16:01:49Z,2026-09-27T14:02:09.410241+00:00,ganteng amat ini omoda e5 warna dark grey !!,,,positif,,Human-Audit-GoldStandard,,,positif,,True
UgxzbTBUV3PTKAHk0Rx4AaABAg,A9niV2791gs,2bbdc116143728502d330a28134ac934f5aa4fbe45317e9d49634a9d9549ad17,SPK janji januari sampek skrg hilang kbr,13,2026-01-22T16:42:10Z,2026-01-22T16:42:10Z,2026-09-19T00:23:04.831083+00:00,spk janji januari sampek skrg hilang kbr,,,,negatif,Human-Audit-GoldStandard,,,,negatif,True
UgzsHukugpg2Dg9vA414AaABAg,BFp1_jq3zVo,161c44cb1193f190ff0c259db5619a2a65060cd1005711ec7aa784cf1d1b8909,"Saya suka mobil ini dibanding atto 1, cuma ada bbrp kekurangan minor & agak penting yg harusnya ada tpi di mobil ini gak ada. Gak lengkap kekurangannya yg direview si kriwul ini. Spion retract gak ada, headrest tengah blkg gak ada, lampu cermin visor gak ada, lampu bagasi gak ada, wireless charger gak ada (penting gak penting tpi byd atto 1 ada), auto rain sensing wiper (uda auto headlight, nanggung klo gak auto wiper), colokan adaptor 5v, cover kolong motor listrik blkg (sangat penting utk melindungi motor listrik dari krikil, batu ataupun mentok saat di poldur / jalan rusak). Harusnya kau sbg reviewer bisa lebih lengkap dong bahasnya dripada aku yg hny penonton spy lebih informatif. Ya gak wul kriwul 😅😂",0,2026-06-28T20:41:03Z,2026-06-28T20:41:03Z,2026-09-19T00:23:14.379690+00:00,"saya suka mobil ini dibanding atto 1, cuma ada bbrp kekurangan minor & agak penting yg harusnya ada tpi di mobil ini tidak ada. tidak lengkap kekurangannya yg direview si kriwul ini. spion retract tidak ada, headrest tengah blkg tidak ada, lampu cermin visor tidak ada, lampu bagasi tidak ada, wireless charger tidak ada (penting tidak penting tpi byd atto 1 ada), auto rain sensing wiper (uda auto headlight, nanggung kalau tidak auto wiper), colokan adaptor 5v, cover kolong motor listrik blkg (sangat penting untuk melindungi motor listrik dari krikil, batu ataupun mentok saat di poldur / jalan rusak). harusnya kau sbg reviewer bisa lebih lengkap dong bahasnya dripada aku yg hny penonton spy lebih informatif. ya tidak wul kriwul 😅😂",,,negatif,,Human-Audit-GoldStandard,,,negatif,,True
UgzD0Uj1TcHlSKQM_P94AaABAg,A9niV2791gs,be457a5821e4e283c2e3b306093a1ce73e86814da064f777c7cf07521639c52d,"sepertinya jaecoo ga expect jumlah spk sebanyak itu, alhasil kewalahan itu pabrik lokal wkkw, beda dgn atto 1 walau banyak yg minat tapi dia masih cbu alias tgl nunggu kiriman dari kapal byd, begitu dateng langsung banyak, konsumen pun ga bete karna ga saling iri sama yg dapet dluan, soalnya denger2 dari org vendor yg pasang wallcharger chery di rumah bilang, yg kebagian J5 sekarang itu yg mesen pas giias aja dan itupun yang langsung bayar cash/dp besar, dan sisanya orang2 penting yg dapet sejenis influencer dsb wkwk",15,2026-01-23T03:08:29Z,2026-01-23T03:08:59Z,2026-09-19T00:23:04.831083+00:00,"sepertinya jaecoo tidak expect jumlah spk sebanyak itu, alhasil kewalahan itu pabrik lokal wkkw, beda dengan atto 1 walau banyak yg minat tapi dia masih cbu alias tgl nunggu kiriman dari kapal byd, begitu dateng langsung banyak, konsumen pun tidak bete karna tidak saling iri sama yg dapet dluan, soalnya denger2 dari org vendor yg pasang wallcharger chery di rumah bilang, yg kebagian j5 sekarang itu yg mesen pas giias aja dan itupun yang langsung bayar cash/dp besar, dan sisanya orang2 penting yg dapet sejenis influencer dsb wkwk",,,,netral,Human-Audit-GoldStandard,,,,netral,True
UgyeokcOHt1vBGuX3Vd4AaABAg,AOjceFDyYeM,1daddfa47200282feb4d3368222a837a10fdf6ab069cf74841513a2e3c8b2fed,berarti 100 ribu km apa udah di potong setengah harga ya mobil kita...,0,2026-01-02T16:33:59Z,2026-01-02T16:33:59Z,2026-09-27T14:02:19.136503+00:00,berarti 100 ribu km apa udah di potong setengah harga ya mobil kita..,,netral,,,Human-Audit-GoldStandard,,netral,,,True
UgzU-gu5y-cwq7cgrMR4AaABAg,VEXJp_L57Nk,268c38e041f10332724d15c169db2d10fe7e4ddbb7cf4a1b543989fd3f0b55f4,"Cocok buat dalam kota, kalau keluar kota juga ga masalah asal matang hitung jarak dan perkiraan charging.
Keluar kota bagusnya charging saat sisa 30% sampai ke 80% atau lebih dikit, karena ini rentang charging paling cepat daripada memaksakan sampai 100%. Di atas itu proses charger akan melambat.",4,2025-10-04T02:39:48Z,2025-10-04T02:39:48Z,2026-09-19T00:23:10.716076+00:00,"cocok buat dalam kota, kalau keluar kota juga tidak masalah asal matang hitung jarak dan perkiraan charging. keluar kota bagusnya charging saat sisa 30% sampai ke 80% atau lebih dikit, karena ini rentang charging paling cepat daripada memaksakan sampai 100%. di atas itu proses charger akan melambat.",positif,,,,Human-Audit-GoldStandard,positif,,,,True
UgytICPvh0wLIJb2RHF4AaABAg,A9niV2791gs,881db43525f6296ccaa0b6743a892e89eb6988896ecf4889bfc4d2772acdfc1c,lebih banyak cerita beli mobil rasa scam tentang mobil ini daripada yang cerita betapa nyamannya mobil baru nan murah ini...,6,2026-01-22T18:30:29Z,2026-01-22T18:30:29Z,2026-09-19T00:23:04.831083+00:00,lebih banyak cerita beli mobil rasa scam tentang mobil ini daripada yang cerita betapa nyamannya mobil baru nan murah ini..,,positif,positif,,Human-Audit-GoldStandard,,positif,positif,,True
UgwJBJg0u6W1FQJoHk14AaABAg,A9niV2791gs,3ee0d4ace9e480b8c0c7186918c8d65f092c5b1afa7f6b185e926ccb635911ff,Spk 8nov25 blm ad kbr,8,2026-01-22T17:47:17Z,2026-01-22T17:47:17Z,2026-09-19T00:23:04.831717+00:00,spk 8nov25 belum ad kbr,,,,negatif,Human-Audit-GoldStandard,,,,negatif,True
Ugxa4LmbXPv4_JStP3h4AaABAg,9GTZD3la5qI,f29e079ca855a6c3337488ce76c2ca7de7a74496f20027954a845ba55b41f6aa,"Syarat terakhir wuling masih buka…😬😬😬. Inget mocin jaman dulu, sekarang udah pada tutup semua.",0,2024-03-10T13:44:11Z,2024-03-10T13:44:11Z,2026-09-27T14:02:23.207162+00:00,"syarat terakhir wuling masih buka…😬😬. inget mocin jaman dulu, sekarang udah pada tutup semua.",,,,negatif,Human-Audit-GoldStandard,,,,negatif,True
Ugx9iXToTiuxapjrTCZ4AaABAg,Bx-XDBdN7nA,5592a0cfffa37d797d45f898bc88abd35cab789074961c25018a76c554f8a6ce,MOBIL2 LISTRIK EV HEMATNYA KEBANGETEN BIKIN KANTONG AMAN.. (1 KWH BISA JALAN 10 KM...HARGA PER 1KWH 1700 RP DENGAN CHARGE DI RUMAH.. BIAYA PER 1 KM = 1700 : 10 = 170.. JADI BIAYA PER KM CUMA RP. 170).. LEBIH HEMAT DARI HONDA BEAT.,1,2025-12-06T07:10:45Z,2025-12-06T07:18:42Z,2026-09-19T00:23:01.508913+00:00,mobil2 listrik ev hematnya kebangeten bikin kantong aman.. (1 kwh bisa jalan 10 km..harga per 1kwh 1700 rp dengan charge di rumah.. biaya per 1 km = 1700 : 10 = 170.. jadi biaya per km cuma rp. 170).. lebih hemat dari honda beat.,,positif,,,Human-Audit-GoldStandard,,positif,,,True
UgyECQHng9cE01u9J5J4AaABAg,BFp1_jq3zVo,968a3585f5fc0bfd92d7687b6c1e53bebc28f7244e30e93a97de8458eb1f3b99,"EX2 telak dari seti kenyamanan, harga, tenaga, ruang kabin, bagasi. banyaaakkk....saran yg harus dilakukan GAI, aftersales mesti ditingkatkan. Banyakin dealer. Bikin standard aftersales yg lebih baik. Sejauh ini puas pake EX2. Jangan lupa, sediain part cover kolong resminya. Jangan lebay tapi harganya, g ush cari untung kegedean. marketplace lokal bisa dapet 3jt fullset. Masa dealer jual 2-3jt cm cover belakang aj",8,2026-04-01T17:52:14Z,2026-04-02T07:19:28Z,2026-09-19T00:23:14.379690+00:00,"ex2 telak dari seti kenyamanan, harga, tenaga, ruang kabin, bagasi. banyaakk..saran yg harus dilakukan gai, aftersales mesti ditingkatkan. banyakin dealer. bikin standard aftersales yg lebih baik. sejauh ini puas pakai ex2. jangan lupa, sediain part cover kolong resminya. jangan lebay tapi harganya, g ush cari untung kegedean. marketplace lokal bisa dapet 3jt fullset. masa dealer jual 2-3jt cm cover belakang aj",,positif,positif,positif,Human-Audit-GoldStandard,,positif,positif,positif,True
UgxQwy7s-uCjOWDZtGd4AaABAg,Bx-XDBdN7nA,d0fbca5d06a5ffff21e940e1c8814ed2fa863f59091b54c5e0bc6f8da9ce75b9,J5 is Deal Breaker at its class🎉,2,2025-11-22T10:13:11Z,2025-11-22T10:13:11Z,2026-09-19T00:23:00.712565+00:00,j5 is deal breaker at its class🎉,,positif,,,Human-Audit-GoldStandard,,positif,,,True
UgyTIffWhpRCn-27S1F4AaABAg,0fHm0HIIJrY,263ec642a2074cfb97f687d9c9b59138b0f20298a9a7d3dac6ca3b1ba1ee0415,Punya saya Setting Automatic ventilationnua dah di matiin. Tp msh tetep bau,1,2026-05-14T04:28:04Z,2026-05-14T04:28:04Z,2026-09-27T14:02:21.256364+00:00,punya saya setting automatic ventilationnua dah di matiin. tapi msh tetep bau,,,negatif,,Human-Audit-GoldStandard,,,negatif,,True
Ugxb9TZeKapps-eUEpJ4AaABAg,IMO53AFzSZU,1fdb38e5564e30e4b89bba31c47bcd96d68f55f090f81b408593c135a58cfad1,"Alhamdulillah masih setia sama Livina 2014. Bukan ga mampu beli EV, tapi klo nambahin beban buat apa juga 😊
My livina dah di atas 135rb kilometer belum pernah ganti kopling, speed masih sanggup di  atas 120 kpj, bodi masih cukup oke.
Mgkn klo ev Jepang/korea dah makin murah dan partnya banyak, bisa dipertimbangkan.",0,2026-08-31T00:33:31Z,2026-08-31T00:33:31Z,2026-09-27T14:02:20.682299+00:00,"alhamdulillah masih setia sama livina 2014. bukan tidak mampu beli ev, tapi kalau nambahin beban buat apa juga 😊 my livina dah di atas 135rb kilometer belum pernah ganti kopling, speed masih sanggup di atas 120 kpj, bodi masih cukup oke. mgkn kalau ev jepang/korea dah makin murah dan partnya banyak, bisa dipertimbangkan.",,negatif,,negatif,Human-Audit-GoldStandard,,negatif,,negatif,True
UgyRy4c8Xe3OLicgNAB4AaABAg,AOjceFDyYeM,f9c69ae46af2eebaea5c4f2f462066d2a82cc6c4da348c9404c07b8b0aac1e16,"Gan boleh coba pake ban merek Delium Evolution, dia lebih lebar dan lebih tebel dikit drpd ban ori AirEv, tp enak banget nih ban Delium Evolution.. jauh lebih senyap dan jauh lebih empuk drpd ban AirEv. Kenyamanan AirEv jadi meningkat drastis ga jadi mbl yg kayak gerobak kasar.",0,2025-12-08T03:02:12Z,2025-12-08T03:02:12Z,2026-09-27T14:02:19.136503+00:00,"gan boleh coba pakai ban merek delium evolution, dia lebih lebar dan lebih tebel dikit drpd ban ori airev, tapi enak banget nih ban delium evolution.. jauh lebih senyap dan jauh lebih empuk drpd ban airev. kenyamanan airev jadi meningkat drastis tidak jadi mbl yg kayak gerobak kasar.",,,netral,,Human-Audit-GoldStandard,,,netral,,True
UgwwUZnjyYH37m09BwF4AaABAg,Bx-XDBdN7nA,22b8daa28c839e70a261c3be1ba604897afbcca049eb49b013d13938281dcb31,"Kalo temen ngga ngerti mobil, juga bisa ngiranya harga mobil palingan 2x harga motor scoppy karena rodanya pun 2x. 70jt an hehe",0,2025-11-19T11:19:24Z,2025-11-19T11:19:24Z,2026-09-19T00:23:02.435533+00:00,"kalo temen tidak ngerti mobil, juga bisa ngiranya harga mobil palingan 2x harga motor scoppy karena rodanya pun 2x. 70jt an hehe",,netral,,,Human-Audit-GoldStandard,,netral,,,True
UgwyNv8IjRMKtAmOYWJ4AaABAg,9GTZD3la5qI,41b0314cfaf07aa051c279cc072903267835310c56c6a2f63470a074c1a9e011,Akan berpikir panjang saat berminat upgrade in car entertainment system 😅. Paling mentok pasang peredam suara aja - karena gak melibatkan sistem elektrikal mobil,0,2024-01-26T11:04:07Z,2024-01-26T11:04:07Z,2026-09-27T14:02:22.040959+00:00,akan berpikir panjang saat berminat upgrade in car entertainment system 😅. paling mentok pasang peredam suara aja - karena tidak melibatkan sistem elektrikal mobil,,,netral,,Human-Audit-GoldStandard,,,netral,,True
UgwrgFvxQ1-8sZs16wF4AaABAg,0fHm0HIIJrY,32b05d2f74c9dcf61b125bc5b25101ba88c06e52e94ca2cc299f2b449b73e644,Td sempat tampil di video saat buka puntu harus pakai remote karena tidak ada sensor di handle pintu. Agak sediki mengganggu yaaa...,2,2026-05-19T20:23:05Z,2026-05-19T20:23:05Z,2026-09-27T14:02:21.256364+00:00,td sempat tampil di video saat buka puntu harus pakai remote karena tidak ada sensor di handle pintu. agak sediki mengganggu yaa..,,,negatif,,Human-Audit-GoldStandard,,,negatif,,True
UgzTcBah9L6I_EFIGlZ4AaABAg,BFp1_jq3zVo,c9fd58536f8932b1014c688c9f8089ac09fb057e145d8fd1e204254519b5a7ca,Untuk apple car play n android auto sudah bisa diupdate di dealer geely jadi sudah aman,16,2026-03-31T14:28:28Z,2026-03-31T14:28:28Z,2026-09-19T00:23:14.379690+00:00,untuk apple car play n android auto sudah bisa diupdate di dealer geely jadi sudah aman,,,,netral,Human-Audit-GoldStandard,,,,netral,True
UgzZsVu950hQBQXxgUZ4AaABAg,VEXJp_L57Nk,3c092641817d887625c580500c1b92f08f117df155250a728ff641acd8b8c188,ga ada warna abu !!  payah !,1,2025-10-03T15:26:02Z,2025-10-03T15:26:02Z,2026-09-19T00:23:10.716076+00:00,tidak ada warna abu !! payah !,,,negatif,,Human-Audit-GoldStandard,,,negatif,,True
UgxE8k8HUnODovyRRdJ4AaABAg,w7zLKYpCozw,016b42480aba5ecc0690d92bef09f1549ac841eccd78f631bfe2dd3ba8cc4930,"Harga beda tipis sama ATTO 1, TAPI soal fitur, kenyamanan, tenaga, jangkauan, suspensi, battery lifetime, interior dan exterior BEDA JAUH sieh, mending ambil Geely EX2. Di China ini juga mobil paling lari",0,2026-07-15T13:10:49Z,2026-07-15T13:10:49Z,2026-09-19T00:23:14.691226+00:00,"harga beda tipis sama atto 1, tapi soal fitur, kenyamanan, tenaga, jangkauan, suspensi, battery lifetime, interior dan exterior beda jauh sieh, lebih baik ambil geely ex2. di china ini juga mobil paling lari",,,netral,,Human-Audit-GoldStandard,,,netral,,True
Ugy8KeR_7dHwgOuNtuZ4AaABAg,Bx-XDBdN7nA,8d6a703f59b750d164c3834a099aa0e1a438fb4b8a061f2be88e978911a6b055,"Hyundai pun ketar-ketir, cek harga Hyundai Kona, turun lho",0,2025-11-20T07:58:11Z,2025-11-20T07:58:11Z,2026-09-19T00:23:02.435533+00:00,"hyundai pun ketar-ketir, cek harga hyundai kona, turun lho",,netral,,,Human-Audit-GoldStandard,,netral,,,True
Ugxz1lCkbpldFbPlOtd4AaABAg,w7zLKYpCozw,6ebf3d783bde9db3fd743ee7eb9a079151b514265473adf54cc36fff58584dea,Interiornya kenapa putih bgt gtu sihh 😢😢😢,0,2025-12-24T14:32:54Z,2025-12-24T14:32:54Z,2026-09-19T00:23:14.691226+00:00,interiornya kenapa putih banget gtu sihh 😢😢,,,netral,,Human-Audit-GoldStandard,,,netral,,True
Ugx8eW9ERWUzcunHofl4AaABAg,j_6L3j7vrOc,3c092641817d887625c580500c1b92f08f117df155250a728ff641acd8b8c188,bagasi depan sangat cocok buat pecinta duren ! 😂,32,2025-11-16T10:41:41Z,2025-11-16T10:41:41Z,2026-09-19T00:23:05.069705+00:00,bagasi depan sangat cocok buat pecinta duren ! 😂,,,positif,,Human-Audit-GoldStandard,,,positif,,True
UgwZCChVBNnoyyJCrE54AaABAg,9GTZD3la5qI,c5313c9b5d7d308deb7ec7de90225cb83285c29184d02e669458d06e3a9e54e6,mg juga baru launching...harga 430 jt annn jarak tempuh 450 km......semakin banyak produk dengan harga yg wajar ...!,1,2024-01-13T05:18:11Z,2024-01-13T05:18:11Z,2026-09-27T14:02:23.207162+00:00,mg juga baru launching..harga 430 jt ann jarak tempuh 450 km..semakin banyak produk dengan harga yg wajar ..!,,positif,positif,,Human-Audit-GoldStandard,,positif,positif,,True
UgzO0MzBU39LleESWAZ4AaABAg,w7zLKYpCozw,15388fe297218636fbbd49227443449e280c9559757b15b939d2bfad6b28ae38,"Menunya jelek amat. Tulisan atau hurufnya ada d dpn gambar background. Jd ada kalanya tulisan g jelas karena nyaru ama gambar backgroundnya. Udah semua diatur via layar, eh interfacenya bgtu. Cek sekitar menit 4:12.. Padahal sebelah kiri layar bnyk space kosong tp dia milih naro gambar background dikanan yg bnyk tulisan2 buat menunya 😪",2,2025-12-19T00:22:34Z,2025-12-19T00:25:16Z,2026-09-19T00:23:14.691226+00:00,"menunya jelek amat. tulisan atau hurufnya ada d dpn gambar background. jd ada kalanya tulisan g jelas karena nyaru ama gambar backgroundnya. udah semua diatur via layar, eh interfacenya bgtu. cek sekitar menit 4:12.. padahal sebelah kiri layar bnyk space kosong tapi dia milih naro gambar background dikanan yg bnyk tulisan2 buat menunya 😪",,,negatif,,Human-Audit-GoldStandard,,,negatif,,True
Ugzp1h7oGGzvCTxD0SR4AaABAg,fjWvVFT0vr0,7a7f88b766ea4a9fd8b1c7db08d4aef860943bc95101d17528d9e67026912dac,Mslh di akhirnya jika  jangka hayat batrynya habis.. berapa harga tukar batry dan bagai mana proses tukarnya . Ini yg konsumen terlepas pandang,0,2026-03-24T13:18:16Z,2026-03-24T13:18:16Z,2026-09-19T00:23:08.164869+00:00,mslh di akhirnya jika jangka hayat batrynya habis.. berapa harga tukar batry dan bagai mana proses tukarnya . ini yg konsumen terlepas pandang,,netral,,,Human-Audit-GoldStandard,,netral,,,True
Ugy0u7s4YcNqkt2gJEJ4AaABAg,z1fWo8tYynA,55d7ebceedc58c3379fa0bd0913ef589469c237901c7c8448b946ed7d7f3fa88,"Utk buyer byd, pastikan suoaya dapat tahun ini, karena yahun depan uda pasti berubah skema nya.
Thn ini subsidi cbu china lbh besar drpd yg uda invest di indo, ga heran harga bs lebih murah.
Uda lbh murah, masih dpt barang cbu china. Kalo dibandingkan cbu china vs produk lokal indo, jelas menang cbu china.
Tp kalo anda dpt nya tahun depan, silahkan berpikir ulang.
Utk harga sendiri atto1 vs binguo di china jelas lebih murah binguo.
Yg disini anomaly karena besaran subsidi import lbh menguntungkan produsen",15,2025-09-21T04:59:39Z,2025-09-21T04:59:39Z,2026-09-19T00:23:10.960426+00:00,"untuk buyer byd, pastikan suoaya dapat tahun ini, karena yahun depan uda pasti berubah skema nya. thn ini subsidi cbu china lbh besar drpd yg uda invest di indo, tidak heran harga bs lebih murah. uda lbh murah, masih dapat barang cbu china. kalo dibandingkan cbu china vs produk lokal indo, jelas menang cbu china. tapi kalo anda dapat nya tahun depan, silahkan berpikir ulang. untuk harga sendiri atto1 vs binguo di china jelas lebih murah binguo. yg disini anomaly karena besaran subsidi import lbh menguntungkan produsen",,netral,,,Human-Audit-GoldStandard,,netral,,,True
UgwAR65MZLmeNPA2wdt4AaABAg,BFp1_jq3zVo,996723425f6cc0e4a083d9dd564714200f526d5adaca49829c5429a9cac283f2,"update firmware terbaru udh ada android auto dan acp bang..... Menurut saya yg kurang itu parkir netral yg belum bisa, tdk bs parkir paralel. Selain itu, garansi elektronik yang belum jelas, masa ga bisa nambah speaker buat pintu belakang tanpa merusak garansi?",4,2026-03-31T17:55:22Z,2026-03-31T17:55:22Z,2026-09-19T00:23:14.379690+00:00,"update firmware terbaru sudah ada android auto dan acp bang.. menurut saya yg kurang itu parkir netral yg belum bisa, tidak bs parkir paralel. selain itu, garansi elektronik yang belum jelas, masa tidak bisa nambah speaker buat pintu belakang tanpa merusak garansi?",,negatif,negatif,,Human-Audit-GoldStandard,,negatif,negatif,,True
UgzG3B1lVtAHI4c4QG54AaABAg,G_acqAJrRso,53b7745e8350d292577e98514daa127a112949ab6d3b6ec39313d071bcb11c0c,Udah tes drive.....😂😂....mau omong gimana lagi bingung ....saya ada hrv ama destinator.......dan percaya deh dua2 nya gak menang dibanding si J5 ini😅😅😅.......spk nya antriannya ngeri bener😅😅😅,5,2025-11-14T15:57:19Z,2025-11-14T15:58:04Z,2026-09-18T04:38:32.144167+00:00,udah tes drive..😂😂..mau omong gimana lagi bingung ..saya ada hrv ama destinator..dan percaya deh dua2 nya tidak menang dibanding si j5 ini😅😅..spk nya antriannya ngeri bener😅😅,,,positif,,Human-Audit-GoldStandard,,,positif,,True
UgyRvboxm9TINEqVuCZ4AaABAg,bC7X9DplrIc,0e36be8a4759a2b772d5d1ff074e7ef39db08205b84dc00afd986993fb5f80ec,"minusnya belum ada pabrik mandiri,ngeri"" sedap",6,2026-03-04T19:18:28Z,2026-03-04T19:18:28Z,2026-09-19T00:23:14.522723+00:00,"minusnya belum ada pabrik mandiri,ngeri"" sedap",,,,negatif,Human-Audit-GoldStandard,,,,negatif,True
Ugz1FHPSWksTjqOym0N4AaABAg,Bx-XDBdN7nA,cb70209756611691006fb046227ffc45a57d0874e019b6654fa4ac52ba8ac952,"Lihat pintu cherger yang ""electronized"" Ku sudah tahu aku gak mau mobil itu. Sesuatu yang harusnya simple, sederhana dan kuat malah dibikin gampang rusak hanya demi gimmick. Sorry JAECOO: big NO!",0,2026-05-24T12:43:16Z,2026-05-24T12:43:16Z,2026-09-19T00:23:02.435533+00:00,"lihat pintu cherger yang ""electronized"" ku sudah tahu aku tidak mau mobil itu. sesuatu yang harusnya simple, sederhana dan kuat malah dibikin gampang rusak hanya demi gimmick. sorry jaecoo: big no!",,,negatif,,Human-Audit-GoldStandard,,,negatif,,True
UgzzOQ_ih7lxpGAaiD94AaABAg,AOjceFDyYeM,75fadee0a53592682b8fae33f6d301cddc3dde566b62a3c03cc2e17dc681d497,Seneng banget klu pelayanannya bagus,0,2025-12-09T04:00:15Z,2025-12-09T04:00:15Z,2026-09-27T14:02:19.136503+00:00,seneng banget kalau pelayanannya bagus,,,,positif,Human-Audit-GoldStandard,,,,positif,True
Ugyb4o-MZ5v6B26_dER4AaABAg,IMO53AFzSZU,62654607e3ac150b9ffec42eaca7b495951f7a4e9af05a4a9c797fc270d5bcab,"Hitungannya mobil msh baru, kaki2 dah pd kena, makanya mobil china itu super canggih, tp soal keawetan gtau dah",0,2026-09-01T05:30:28Z,2026-09-01T05:30:28Z,2026-09-27T14:02:20.682299+00:00,"hitungannya mobil msh baru, kaki2 dah pd kena, makanya mobil china itu super canggih, tapi soal keawetan gtau dah",,,netral,,Human-Audit-GoldStandard,,,netral,,True
Ugy0YG7ekuNEEfV8EBN4AaABAg,SQJwC-QLsRk,24689fa524e893220552ba0279fef9bc348d8b29cd7165f86b377f890654eaf5,Pilih yang sudah lengkap bawaan pabrik seperti auto retract mirror. Power back door. Karena kalau aftermarket hasilnya tidak bagus beda dengan dari pabrikan,0,2026-04-25T12:57:01Z,2026-04-25T12:57:01Z,2026-09-19T00:23:15.005212+00:00,pilih yang sudah lengkap bawaan pabrik seperti auto retract mirror. power back door. karena kalau aftermarket hasilnya tidak bagus beda dengan dari pabrikan,,,netral,,Human-Audit-GoldStandard,,,netral,,True
UgywNO6ZAJ7mA9ZEYdl4AaABAg,wWoTrVO2Hk4,4ac294dba7313ae4fa1018c1b18b963ab0caecd32378653b527ed97b4ba8199b,"Final spek dan trim tertinggi msh ada dumy tombol, layar TFT dan ga ada tombol start stop sama kaya tipe standart😂",1,2026-07-27T05:40:49Z,2026-07-27T05:40:49Z,2026-09-19T00:23:05.983222+00:00,"final spek dan trim tertinggi msh ada dumy tombol, layar tft dan tidak ada tombol start stop sama kaya tipe standart😂",,,negatif,,Human-Audit-GoldStandard,,,negatif,,True
Ugy-lV_Nf5dzvXMncPB4AaABAg,G_acqAJrRso,77948a7de1a5252708c688efbcc6020b11f94328c9c942b41dde5d7abd46c002,Kursi belakang....gak banget dah. Murah tapi gak nyaman. Tegak banget dan kaki ngga tersangga. Bakal pegel,0,2026-02-01T15:58:14Z,2026-02-01T15:58:14Z,2026-09-18T04:38:32.144167+00:00,kursi belakang..gak banget dah. murah tapi tidak nyaman. tegak banget dan kaki tidak tersangga. bakal pegel,,positif,negatif,,Human-Audit-GoldStandard,,positif,negatif,,True
UgwYefsxPHPtEj68eal4AaABAg,AOjceFDyYeM,c4c9d30fbdf206a95f7baac95a01699d014ce7473792ba027604ad75174ae582,"kalau dibuat rata2 misal 1 bulan habis bensin 2 jt, dikali 5 tahun 120 jt, baterai mobil dalam 5 tahun misal harus ganti batrai harganyha 120 jt belum biaya servisnya,, ditambah biaya listrik selama 5 tahun jadi berapa tuh,, logikanya akiketika jarang digunakan semakin cepat soak juga.",0,2026-05-02T14:26:35Z,2026-05-02T14:26:35Z,2026-09-27T14:02:19.136503+00:00,"kalau dibuat rata2 misal 1 bulan habis bensin 2 jt, dikali 5 tahun 120 jt, baterai mobil dalam 5 tahun misal harus ganti baterai harganyha 120 jt belum biaya servisnya,, ditambah biaya listrik selama 5 tahun jadi berapa tuh,, logikanya akiketika jarang digunakan semakin cepat soak juga.",,netral,,,Human-Audit-GoldStandard,,netral,,,True
Ugwin5OXs7sGaLpGjAh4AaABAg,fjWvVFT0vr0,5e787bd1501765efa88138df3f56832d797626f8298beffa1e987d2d109801eb,"BYD cakep2 desainnya, uda mulai era-nya kendaraan listrik, makin modis, daya tempuh jauh, ngecharge makin cepat.",0,2025-08-16T16:13:22Z,2025-08-16T16:13:22Z,2026-09-19T00:23:08.164869+00:00,"byd cakep2 desainnya, uda mulai era-nya kendaraan listrik, makin modis, daya tempuh jauh, ngecharge makin cepat.",positif,,positif,,Human-Audit-GoldStandard,positif,,positif,,True
UgzobGWd0zgdYR7hdYx4AaABAg,Bx-XDBdN7nA,b7fc8380c8377e6b5e161b3d5e0d2a3004dc2d96a0cc84119fb8c351af7c06a3,dengan harga segitu aja jaecoo udah ada untung... berarti selama ini kita kena bohong mobil jepang,2,2025-11-16T08:29:15Z,2025-11-16T08:29:15Z,2026-09-19T00:23:01.508913+00:00,dengan harga segitu aja jaecoo udah ada untung.. berarti selama ini kita kena bohong mobil jepang,,netral,,,Human-Audit-GoldStandard,,netral,,,True
UgzH0hwwpMdX_-mwDKV4AaABAg,G_acqAJrRso,d34b7ba827d94747801dc016911262b21ca8edc013d985aea57a4e6614a601d1,tungguh2 aja harga semakin bersaing dan semakin banyak jenis mobil listrik yg akan berdatangan mana yg murah itu yg laku yg mahal akan mati jadi proyek gagal,0,2025-11-15T11:40:45Z,2025-11-15T11:40:45Z,2026-09-18T04:38:31.419348+00:00,tungguh2 aja harga semakin bersaing dan semakin banyak jenis mobil listrik yg akan berdatangan mana yg murah itu yg laku yg mahal akan mati jadi proyek gagal,,netral,,,Human-Audit-GoldStandard,,netral,,,True
UgyBLOTd29r0fit1uZh4AaABAg,W3G8V7xV3-Y,f6d7627828067bf7a1b2cca19d9f0963bf69facfb9dc91c3f625a1598f1bae89,"Lifetime warranty setau saya itu warranty tambahan, jika di pindah tangankan, maka garansi lifetime hilang tetapi garansi bawaan seperti 8 tahun tetap aktif.",4,2024-06-05T15:27:43Z,2024-06-05T15:27:43Z,2026-09-27T14:02:25.659868+00:00,"lifetime warranty setau saya itu warranty tambahan, jika di pindah tangankan, maka garansi lifetime hilang tetapi garansi bawaan seperti 8 tahun tetap aktif.",,,,netral,Human-Audit-GoldStandard,,,,netral,True
UgzJcWtJItUdDruBQxN4AaABAg,w7zLKYpCozw,fd420d4097c440643623c23f196a1532efc36e49808b8e53376ef885f2eb096a,blm bs delivery smp feb thn depan😢,0,2025-12-19T06:06:41Z,2025-12-19T06:06:41Z,2026-09-19T00:23:14.691226+00:00,belum bs delivery smp feb thn depan😢,,,,negatif,Human-Audit-GoldStandard,,,,negatif,True
UgyxkVmVoY3aPSq8E6l4AaABAg,j_6L3j7vrOc,9931e33a1c0be838bfa1b0d15b6e4e41fadf4770f0b0ad777741c358b33e215b,"Hrg mirip launching ya air ev, tp fiturnya goks bgt",1,2025-12-05T10:32:05Z,2025-12-05T10:32:05Z,2026-09-19T00:23:05.069705+00:00,"hrg mirip launching ya air ev, tapi fiturnya goks banget",,,positif,,Human-Audit-GoldStandard,,,positif,,True
UgyVnofR4TT9KUTPXZ14AaABAg,W3G8V7xV3-Y,6e86a8aa27bca8a66e6de11b4cd3a90632a27676860451c1d5b063d8493504fd,"Ada kasus di Surabaya garansi wuling air ev hangus gara2 owner pernah lupa membawa buku servis ketika servis rutin koh, menurut owner nya dia selalu servis on time, ada di postingan nya hujat mobil",52,2024-06-05T12:23:21Z,2024-06-05T12:23:21Z,2026-09-27T14:02:25.659868+00:00,"ada kasus di surabaya garansi wuling air ev hangus gara2 owner pernah lupa membawa buku servis ketika servis rutin koh, menurut owner nya dia selalu servis on time, ada di postingan nya hujat mobil",,negatif,,,Human-Audit-GoldStandard,,negatif,,,True
Ugz_MHk25K-lXWUIz-t4AaABAg,Bx-XDBdN7nA,c668e0cf68d5a2086057cbd149544ec467be45b0ff6614c6e9b3c68c3a167652,"gw sih masih geleng"" kepala liat kualitas, fitur dibanding harganya",4,2025-11-16T06:26:39Z,2025-11-16T06:26:39Z,2026-09-19T00:23:01.508913+00:00,"gw sih masih geleng"" kepala liat kualitas, fitur dibanding harganya",,positif,positif,,Human-Audit-GoldStandard,,positif,positif,,True
UgzbuOvxkn1w7DhQaYJ4AaABAg,fjWvVFT0vr0,c1eaf97d0526c2fdaca1b59acbd93e36c5e08a5c73da19e297a0e9282ad2e9f6,bang transmisi nya gada yang manual ya 😁 keren tuh klo ada yg manual.,0,2026-02-19T20:13:59Z,2026-02-19T20:13:59Z,2026-09-19T00:23:08.164869+00:00,bang transmisi nya gada yang manual ya 😁 keren tuh kalau ada yg manual.,,,netral,,Human-Audit-GoldStandard,,,netral,,True
UgwkvnTEj5a4eD3hV8R4AaABAg,W3G8V7xV3-Y,c27ecdf85d774a6be6d52f3655e7abc7b31e083a0c9d840d76fb0bb2eb552c56,"Saya abis komplen ke sales langsung dikirim gini tau bener atau kagak katanya dari h.o nya

Lifetime warranty mengcover: 
1. Motor penggerak
2. Sistem control listrik (MCU)
3. Baterai utama (bukan accu) 

Syarat & ketentuannya: 
1. Berlaku untuk pemilik pertama mobil baru 
2. Jarak tempuh tidak lebih dari 30.000 km per tahun 
3. Coverage: baterai utama, MCU dan motor listrik
4. Untuk penggunaan pribadi (bukan komersil)
5. Wajib service berkala di bengkel resmi sesuai ketentuan SGMW 
6. Wajib menggunakan part asli (genuine) 
7. Warranty hanya berlaku untuk penggunaan normal, tidak berlaku jika ada modifikasi, kecelakaan, kebanjiran, kebakaran dan kondisi eksternal lainnya yg mengakibatkan kerusakan komponen. 

Monggo dikomen😂",0,2024-06-06T14:48:19Z,2024-06-06T14:48:19Z,2026-09-27T14:02:25.659868+00:00,"saya abis komplen ke sales langsung dikirim gini tau bener atau kagak katanya dari h.o nya lifetime warranty mengcover: 1. motor penggerak 2. sistem control listrik (mcu) 3. baterai utama (bukan accu) syarat & ketentuannya: 1. berlaku untuk pemilik pertama mobil baru 2. jarak tempuh tidak lebih dari 30.00 km per tahun 3. coverage: baterai utama, mcu dan motor listrik 4. untuk penggunaan pribadi (bukan komersil) 5. wajib service berkala di bengkel resmi sesuai ketentuan sgmw 6. wajib menggunakan part asli (genuine) 7. warranty hanya berlaku untuk penggunaan normal, tidak berlaku jika ada modifikasi, kecelakaan, kebanjiran, kebakaran dan kondisi eksternal lainnya yg mengakibatkan kerusakan komponen. monggo dikomen😂",,netral,,netral,Human-Audit-GoldStandard,,netral,,netral,True
Ugz-pI34BtA3bRO3nAZ4AaABAg,wWoTrVO2Hk4,59b7fd31325fe2c5616ae0fdca06c46faff11ceb3a46d1c53dfed1cb400a707c,"ini mobil keren banget ya om , lengkap banget teknologi nya , sudah power back door bahan bahan soft touch tutup charging nya juga elektrik sudah panoramic dan masih banyak lagi fitur-fitur yang super keren , mantap om",16,2026-04-22T22:16:11Z,2026-04-23T10:38:57Z,2026-09-19T00:23:05.982688+00:00,"ini mobil keren banget ya om , lengkap banget teknologi nya , sudah power back door bahan bahan soft touch tutup charging nya juga elektrik sudah panoramic dan masih banyak lagi fitur-fitur yang super keren , bagus om",,,positif,,Human-Audit-GoldStandard,,,positif,,True
UgxQ2z8-oBn46LHUU8N4AaABAg,Vu0ayycGXbI,70f20a33e7fd5c5d04b8b1067362f7fc81799d90a6c06882cb9b9f68471db09f,"Harga terjangkau, pajak murah, anti ganjil genap,  jarak tempuh 461 km, fast charging 130kw, ground clearance 200 mm, tempat ban serep di bagasi, jok kulit, panoramic roof, ADAS 17...Value for money 🎉",236,2026-02-23T12:15:46Z,2026-02-23T12:15:46Z,2026-09-19T00:23:03.311589+00:00,"harga terjangkau, pajak murah, anti ganjil genap, jarak tempuh 461 km, fast charging 130kw, ground clearance 200 mm, tempat ban serep di bagasi, jok kulit, panoramic roof, adas 17..value for money 🎉",positif,positif,positif,,Human-Audit-GoldStandard,positif,positif,positif,,True
Ugw45tIUiFHZOFt8VD54AaABAg,AOjceFDyYeM,5653d17568167ed224cf1c742772c440084a067f5c1ce4e2dac8e68250d00f4d,"2 hari lalu air ev gw sempet nrabas banjir di sekitar kunciran blkg alam sutera kurleb hampir 1 ban air ev mobil2 lain pada ragu jd gw trabas aja, Alhamdulillah aman n air gak ada yg smp masuk ke dlm kabin. 😁",19,2025-12-06T13:01:32Z,2025-12-06T13:01:32Z,2026-09-27T14:02:19.136503+00:00,"2 hari lalu air ev gw sempet nrabas banjir di sekitar kunciran blkg alam sutera kurleb hampir 1 ban air ev mobil2 lain pada ragu jd gw trabas aja, alhamdulillah aman n air tidak ada yg smp masuk ke dlm kabin. 😁",,,netral,,Human-Audit-GoldStandard,,,netral,,True
UgxiMXbETuBvN_-nEcJ4AaABAg,Bx-XDBdN7nA,509c679cf4b5cf3f711dd9d62ce238ec93046febdf8789772fe3c11f32c3c802,"Mas, kamu masih kurang nyebutkan info yg sangat penting, berapa harga baterenya kalau harus ganti?",0,2026-04-25T13:01:38Z,2026-04-25T13:01:38Z,2026-09-19T00:23:02.435533+00:00,"mas, kamu masih kurang nyebutkan info yg sangat penting, berapa harga baterenya kalau harus ganti?",,netral,,,Human-Audit-GoldStandard,,netral,,,True
UgwjtHpyn7MZhkw9UfJ4AaABAg,Bx-XDBdN7nA,9e2d2be51861cca2e17ba4299255c91b313948d247dc77dfeda49cc4fa9e5769,Di bagian fender belakang di atas roda belakang terlihat seperti ada plastik yang keluar dari bagian bodi fender agak ke belakang. Ini terlihat kurang rapi.,0,2026-08-22T10:37:36Z,2026-08-22T10:37:36Z,2026-09-19T00:23:01.508913+00:00,di bagian fender belakang di atas roda belakang terlihat seperti ada plastik yang keluar dari bagian bodi fender agak ke belakang. ini terlihat kurang rapi.,,,negatif,,Human-Audit-GoldStandard,,,negatif,,True
UgwulUhXD8XdFuy27uN4AaABAg,l8fPSUqdmOM,9c4a7ee8f5898f7fb3f8147062988b725570bfc28a2e38bca7375c4bb45f2f11,Kenceng jg koh.,0,2025-04-16T14:53:59Z,2025-04-16T14:53:59Z,2026-09-27T14:02:15.000262+00:00,kenceng jg koh.,,,positif,,Human-Audit-GoldStandard,,,positif,,True
UgwD58UkBzrHf1Cndnl4AaABAg,IMO53AFzSZU,eb550c46d41947fabe1f8f7ccd4d035f97a7d1addb0b64af06e910b20636676a,"Gak ada suara mesin nya, pas jalan kaki2 bersuara dikit aja pasti kedenger",0,2026-09-08T22:49:09Z,2026-09-08T22:49:09Z,2026-09-27T14:02:20.682299+00:00,"tidak ada suara mesin nya, pas jalan kaki2 bersuara dikit aja pasti kedenger",,,netral,,Human-Audit-GoldStandard,,,netral,,True
UgyggWnREFUP5MuCU9d4AaABAg,SQJwC-QLsRk,191518199891518aef4c875cab5f67556369944533d76010f700b16e5a4ed064,Ga nyesel beli EX2 karena dipakai perjalanan jauh nyaman dan tangguh. harga juga lebih bersahabat,0,2026-05-12T11:52:53Z,2026-05-12T11:52:53Z,2026-09-19T00:23:15.653310+00:00,tidak nyesel beli ex2 karena dipakai perjalanan jauh nyaman dan tangguh. harga juga lebih bersahabat,,positif,positif,,Human-Audit-GoldStandard,,positif,positif,,True
UgxnL_kkpnbuEX4JByx4AaABAg,l8fPSUqdmOM,77d80a0b8d57439d4c6c1f3102123fa11ca6b4defa6f5150d0cd3734e84c755a,pernah jakarta bandung pake air ev. mode normal & bobot penumpang 160kgan full ac dari 100% sampai bandung masih sisa 20% lebih aman aja,31,2025-02-26T09:53:41Z,2025-02-26T09:53:41Z,2026-09-27T14:02:15.000262+00:00,pernah jakarta bandung pakai air ev. mode normal & bobot penumpang 160kgan full ac dari 100% sampai bandung masih sisa 20% lebih aman aja,positif,,,,Human-Audit-GoldStandard,positif,,,,True
UgwoNDIW3BjjGs5QZOV4AaABAg,jL5p1zZMNEM,74c408069c7c70af1426460a731af108c9d08cd0cee3ba3fc82a644ca28fc3bb,semoga nanti semua spbu ada spklu,1,2024-11-08T09:46:14Z,2024-11-08T09:46:14Z,2026-09-27T14:02:11.248425+00:00,semoga nanti semua spbu ada spklu,netral,,,,Human-Audit-GoldStandard,netral,,,,True
Ugy49t1JQC4pC2TZyTZ4AaABAg,VEXJp_L57Nk,6312c472016597b94dba650316487982d972c5b08fd9df61529a6ecfe8ecdec4,"Real range yaaa sekitar 350-340 km sm yg premium, sedangkan utk yg dynamic sekitar 270-250km",1,2025-10-04T02:56:10Z,2025-10-04T02:56:10Z,2026-09-19T00:23:10.716076+00:00,"real range yaa sekitar 350-340 km sama yg premium, sedangkan untuk yg dynamic sekitar 270-250km",netral,,,,Human-Audit-GoldStandard,netral,,,,True
Ugwx3NiR8fietnMn84N4AaABAg,w7zLKYpCozw,40fdab4530cd4dcb94e38348b7ad67b115836f37ed5e1279e63cad3f70033bc0,"Geely mending ganti logo deh, gambar Panda 🐼 misalnya. Logo tanah kavling begitu masih aneh di mata saya",1,2025-12-19T04:15:27Z,2025-12-19T04:15:27Z,2026-09-19T00:23:14.691226+00:00,"geely lebih baik ganti logo deh, gambar panda 🐼 misalnya. logo tanah kavling begitu masih aneh di mata saya",,,negatif,,Human-Audit-GoldStandard,,,negatif,,True
UgxLqArIQuo4WKO4hU54AaABAg,Vu0ayycGXbI,8958210cd4f1edfe6479fb9e9df6a303459c93d24671dcb5baae2928365c8868,Tak suka mukanya yg terlalu polos mesti dimodif pake after market biar agak ganteng,0,2026-02-23T13:59:15Z,2026-02-23T13:59:15Z,2026-09-19T00:23:04.026610+00:00,tak suka mukanya yg terlalu polos mesti dimodif pakai after market biar agak ganteng,,,negatif,,Human-Audit-GoldStandard,,,negatif,,True
UgzeZzDe5MQ3fokd7Sx4AaABAg,BFp1_jq3zVo,35790703231024a22398261b7ba21ea9313dfc5c5bad9324a80ef0988dfb3e92,tergantung harga,2,2026-03-31T15:09:45Z,2026-03-31T15:09:45Z,2026-09-19T00:23:14.379690+00:00,tergantung harga,,netral,,,Human-Audit-GoldStandard,,netral,,,True
UgwNuKdvTSO7C2BzHjx4AaABAg,BFp1_jq3zVo,c737d733e7eab4251e1118c662b1bb3b18b85cdde12d780fda1cabb9ba50667a,Harganya lebih pas di range 150-200 juta. Dijamin mobil bensin langsung rontok,1,2026-04-03T17:55:32Z,2026-04-03T17:55:32Z,2026-09-19T00:23:14.379690+00:00,harganya lebih pas di range 150-200 juta. dijamin mobil bensin langsung rontok,,netral,,,Human-Audit-GoldStandard,,netral,,,True
Ugz5XV6ry3_Hawu-AfN4AaABAg,G_acqAJrRso,952f2e455ecbc1a8500fee8df1c0fb5da56b01b70c338166c82d2a8f3139377d,"Harganya ga 299..walau sudah SPK di GJAW 2025

Alasannya adalah dapat mobil di tahun 2026, faktur mobil 2026
Dan 2026 tidak ada Subsidi Pemerintah

Tambahannya pemberitahuan via WA antara 30 sd 50jt..",0,2025-12-09T23:17:26Z,2025-12-09T23:17:26Z,2026-09-18T04:38:31.419348+00:00,"harganya tidak 299..walau sudah spk di gjaw 2025 alasannya adalah dapat mobil di tahun 2026, faktur mobil 2026 dan 2026 tidak ada subsidi pemerintah tambahannya pemberitahuan via wa antara 30 sd 50jt..",,negatif,,negatif,Human-Audit-GoldStandard,,negatif,,negatif,True
Ugwb8R5rY-wpQnD6IIx4AaABAg,G_acqAJrRso,c8ed074e9140de6418bab4eb7bc93897412baa936a0b64e7e09bcd8bf03c759f,Emang konten om gondrong paling top markotob is d'best daahhh... lengkap bgt.. sales mobil J5 ini cukup mengarahkan ke customer.. utk nonton konten carmudi om gondrong sdh kumplit,2,2025-11-15T01:44:03Z,2025-11-15T01:44:03Z,2026-09-18T04:38:31.419348+00:00,emang konten om gondrong paling top markotob is d'best daahh.. lengkap bgt.. sales mobil j5 ini cukup mengarahkan ke customer.. untuk nonton konten carmudi om gondrong sudah kumplit,,,,netral,Human-Audit-GoldStandard,,,,netral,True
UgxOCC0f6oPGKl9Hi-V4AaABAg,W3G8V7xV3-Y,235d2102fa9a77c97543d6373c86deda6bb8cf727400e017313f489e217d55a5,"Tercium aroma harga second air ev anjlok parah gara"" Garansi",1,2024-06-05T12:30:54Z,2024-06-05T12:30:54Z,2026-09-27T14:02:27.731586+00:00,"tercium aroma harga bekas air ev anjlok parah gara"" garansi",,negatif,,negatif,Human-Audit-GoldStandard,,negatif,,negatif,True
Ugw_7hV7N7ZHSZDroaB4AaABAg,9GTZD3la5qI,4078526a460dc318e127619900bea4aa5e7ce3fbed4b7ec5830cc6a8d8eabe47,Saya pembeli binguo ev harga 317 setelah dipotong subsidi.. Ga nyesel karena garansi seumur hidup dan dapat bonus senilai 20jt jadi ga sampe 300jt harganya  ga ribet koQ.. Dan no worry,9,2024-01-13T12:18:50Z,2024-01-13T12:18:50Z,2026-09-27T14:02:23.207162+00:00,saya pembeli binguo ev harga 317 setelah dipotong subsidi.. tidak nyesel karena garansi seumur hidup dan dapat bonus senilai 20jt jadi tidak sampe 300jt harganya tidak ribet koq.. dan no worry,,positif,,,Human-Audit-GoldStandard,,positif,,,True
UgxwQI9I424gije5PxB4AaABAg,dEJ4VEjH1AQ,8d9de2de53cc25eabebed8222dce459e178a7aa2d0ebb6e0e159405af04e1ba6,kata rwd sangat menarik di konsumen indonesia,2,2025-11-26T21:45:12Z,2025-11-26T21:45:12Z,2026-09-19T00:23:14.870779+00:00,kata rwd sangat menarik di konsumen indonesia,,,positif,,Human-Audit-GoldStandard,,,positif,,True
UgzpOWBTubvPNzgjGTp4AaABAg,SQJwC-QLsRk,5f5c97ecb84f9bfccbf42b1431fd5a818337f378c568d7919f677d4c60a7883a,Sekarang bulan september jaecoo j5 harganya 342jt,0,2026-09-13T10:47:00Z,2026-09-13T10:47:00Z,2026-09-19T00:23:15.005212+00:00,sekarang bulan september jaecoo j5 harganya 342jt,,netral,,,Human-Audit-GoldStandard,,netral,,,True
UgxYUm_CbkmudLewwdF4AaABAg,G_acqAJrRso,b3edaad28557094b830f172679d031b933541f9eb153591c924f06a74dc099f2,"kita lihat 7 tahun kedepan, depresiasi berapa persen dan harga batrenya kira kira berapa ratus juga 😂",0,2025-11-15T03:33:15Z,2025-11-15T03:33:15Z,2026-09-18T04:38:32.144167+00:00,"kita lihat 7 tahun kedepan, depresiasi berapa persen dan harga batrenya kira kira berapa ratus juga 😂",,netral,,,Human-Audit-GoldStandard,,netral,,,True
UgwXIGLxcEhb4Asue3d4AaABAg,dEJ4VEjH1AQ,c55dda78b754c8ec7b04d065328fe3bdbea43a10a02fc783f8c5aa74edc02d59,Paling cakep dibanding pesain di kelasnya,0,2025-11-25T04:49:24Z,2025-11-25T04:49:24Z,2026-09-19T00:23:14.870779+00:00,paling cakep dibanding pesain di kelasnya,,,positif,,Human-Audit-GoldStandard,,,positif,,True
UgyMO-LhjfZoliRdto14AaABAg,Bx-XDBdN7nA,e7489b3880fd414301f3fa696de6aa88dfaedbd3941b5cbf62f5a3a60cc60e27,KLO ada duit sgitu dah pasti pilih ini .. Gilak sih harganya ..,1,2025-11-16T10:29:17Z,2025-11-16T10:29:17Z,2026-09-19T00:23:00.712565+00:00,kalau ada duit sgitu dah pasti pilih ini .. gilak sih harganya ..,,positif,,,Human-Audit-GoldStandard,,positif,,,True
UgwW4g07qjhrjky0u3Z4AaABAg,AOjceFDyYeM,1f81af5a1f4f19c302cd955d0658e713007ce405c1cbb62eec65db9ff1a12567,Sepertinya sampai 70% batrai kayaknya susah kraim batrai baru deh😮😮,0,2025-12-05T14:59:23Z,2025-12-05T14:59:23Z,2026-09-27T14:02:19.136503+00:00,sepertinya sampai 70% baterai kayaknya susah kraim baterai baru deh😮😮,,negatif,,,Human-Audit-GoldStandard,,negatif,,,True
UgzFzjMDU9Q35DBAQtF4AaABAg,jL5p1zZMNEM,2904406f26df973f7f0a1ddc61cab4740d5a437581060f0a532f4473619d404e,"Issue paling krusial dari molis EV itu adalah BATTERY DEGRADATION, jadi kalo ngetes ya cari yg umurnya 3-5 thn up atau minimal cycle nya sdh 1000cycle up… Ya kalo ngetes EV baru sama aja bo ong lah om, pasti semua okay2 aja😂 Brani om?",1,2024-09-19T04:38:12Z,2024-09-19T04:38:12Z,2026-09-27T14:02:12.351850+00:00,"issue paling krusial dari molis ev itu adalah battery degradation, jadi kalo ngetes ya cari yg umurnya 3-5 thn up atau minimal cycle nya sudah 100cycle up… ya kalo ngetes ev baru sama aja bo ong lah om, pasti semua okay2 aja😂 brani om?",,,netral,,Human-Audit-GoldStandard,,,netral,,True
Ugx1lzcFct5ka-sdGr94AaABAg,W3G8V7xV3-Y,79c0cf917a763c228ca9558626810295ab9b5bcedb67738df2f73b67245a4039,Atpm gk mau rugi maunya untung makanya garansi dibikin ribet syarat dan ketentuan,0,2024-06-06T11:05:22Z,2024-06-06T11:05:22Z,2026-09-27T14:02:25.659868+00:00,atpm tidak mau rugi maunya untung makanya garansi dibikin ribet syarat dan ketentuan,,negatif,,,Human-Audit-GoldStandard,,negatif,,,True
UgyBPvdS3tchxLLq5Zd4AaABAg,wWoTrVO2Hk4,51f8480578a6ce0a3096ccdde929a31af4c75df10fb902624c4e822c241b6341,Ini klo merk H tegak harganya jdi 780 jt an😂,2,2026-04-23T10:05:04Z,2026-04-23T10:05:04Z,2026-09-19T00:23:05.983222+00:00,ini kalau merk h tegak harganya jdi 780 jt an😂,,netral,,,Human-Audit-GoldStandard,,netral,,,True
UgyaZeUo19-OV0FES1h4AaABAg,bC7X9DplrIc,1ad18cdca0d057909ceb8b587d50d3c958f67e2674245db370491e2ba725e3e8,"@geely indo jgn ketularan pabrikan pabrikan jpn , fitur segala di sunat",0,2026-03-04T23:53:43Z,2026-03-04T23:53:43Z,2026-09-19T00:23:14.522723+00:00,"indo jangan ketularan pabrikan pabrikan jpn , fitur segala di sunat",,,netral,,Human-Audit-GoldStandard,,,netral,,True
UgxBzQ29-KqxCslXxul4AaABAg,z1fWo8tYynA,0e6e4ac894442dfd47fbf0985d8c8fe72d3016f05c3594bb446a58c9012c002c,Akselerasinya loyo bngt🤔. tidk seperti motor listrik biasanya.,0,2025-09-18T07:31:48Z,2025-09-18T07:31:48Z,2026-09-19T00:23:13.239008+00:00,akselerasinya loyo bngt🤔. tidk seperti motor listrik biasanya.,,,negatif,,Human-Audit-GoldStandard,,,negatif,,True
UgylUZtrFhEpXG5CrtB4AaABAg,dEJ4VEjH1AQ,fe8f3238ce64cfaa2ddfa018d3165c3937fb31c1a29812ec611fa4e2f9083101,"Geely di indo gak seterkenal BYD, setelah cari info ternyata Geely itu pemilik Volvo, Lotus, Zeekr, Smart, Lynk&Co, Proton, Polestar, punya saham di Mercedes dan Aston Martin. Sudah launching 11 satelit buat dukung mobil masa depan mereka. Pantesan pas test drive rasa mobilnya beda dengan mobil yg sekelas harganya.",2,2025-11-28T13:06:22Z,2025-11-28T13:06:22Z,2026-09-19T00:23:14.870779+00:00,"geely di indo tidak seterkenal byd, setelah cari info ternyata geely itu pemilik volvo, lotus, zeekr, smart, lynk&co, proton, polestar, punya saham di mercedes dan aston martin. sudah launching 11 satelit buat dukung mobil masa depan mereka. pantesan pas test drive rasa mobilnya beda dengan mobil yg sekelas harganya.",,,positif,,Human-Audit-GoldStandard,,,positif,,True
Ugy_-PIs8RYJcd7Ab_14AaABAg,BFp1_jq3zVo,aafbea55b1d155795ac5e0df63a6360a8e598e18e7692b51607544031173834e,Atto1 uda habis. Belum impor lagi dan pabrik subang lagi fokus di M6 versi fleet. Blunder BYD Indo nih padahal kelas entry level paling penting,5,2026-04-03T06:18:23Z,2026-04-03T06:18:23Z,2026-09-19T00:23:14.379690+00:00,atto1 uda habis. belum impor lagi dan pabrik subang lagi fokus di m6 versi fleet. blunder byd indo nih padahal kelas entry level paling penting,,,,negatif,Human-Audit-GoldStandard,,,,negatif,True
Ugyi1_8TErRh7bfk7Hl4AaABAg,l8fPSUqdmOM,7911bc1795e1c93ca42297cd847333bfeb5825bc4b6233096c1177d6ef198912,"wara wiri Jatibening bandung, jatibening cirebon kota, cirebon bandung. Cukup nih airev. Atau byd m6 kali ye. rute jkt crb 190-200km. ya minimal punya range real 400km aman nya. Terbaik masih ioniq 5 sih. Pitinya aja kaga enak. haha.
Makin asik kalo yang ditujuan rumah watt nya gede bisa pake adapter atau punya ev juga ada wall charger, bisa numpang ngecas. Kumpul lebaran jadi ajang ngecas.",1,2025-02-25T05:01:57Z,2025-02-25T05:01:57Z,2026-09-27T14:02:16.602859+00:00,"wara wiri jatibening bandung, jatibening cirebon kota, cirebon bandung. cukup nih airev. atau byd m6 kali ye. rute jkt crb 190-200km. ya minimal punya range real 400km aman nya. terbaik masih ioniq 5 sih. pitinya aja kaga enak. haha. makin asik kalo yang ditujuan rumah watt nya gede bisa pakai adapter atau punya ev juga ada wall charger, bisa numpang ngecas. kumpul lebaran jadi ajang ngecas.",netral,,,,Human-Audit-GoldStandard,netral,,,,True
Ugx_H5X_xb7eQbODWJ94AaABAg,ccgG2mpCIHM,1ffdd7b71d8b758ba2fda70c8489c5f6f1ac50efa1cd48b3043031f7decb71d5,"Jaecoo J5 emang value nya terbaik, spek nya lebih dekat ke Atto3/EX5 tapi harga lebih dekat Atto1/EX2",31,2026-05-04T05:24:53Z,2026-05-04T05:24:53Z,2026-09-19T00:28:54.749870+00:00,"jaecoo j5 emang value nya terbaik, spek nya lebih dekat ke atto3/ex5 tapi harga lebih dekat atto1/ex2",,positif,,,Human-Audit-GoldStandard,,positif,,,True
Ugw4q0wL4MEZ2sNHlhR4AaABAg,bC7X9DplrIc,2f6ab907b88d3df0625c765866e8254640d2187263d66ecbe108511b5cac5ba5,"Pernah cek ketebalan bodinya, Geely EX2 tebelnyooo.....

Tapi saya sih pasti lebih pilih atto 1. Selain pabriknya ada di Indonesia, dealer/service center nya juga ada dimana-mana. Dan satu lagi yang bikin saya agak trauma beli Geely itu pas dulu punya Geely Panda cari sparepart orinya pusing 7 keliling. Tapi ya untungnya ada sparepart yang mirip dari merek sebelah jadi masih bisa masuk lah walau gk plek ketiplek 100% sama.",2,2026-03-05T05:54:06Z,2026-03-05T05:54:06Z,2026-09-19T00:23:14.522723+00:00,"pernah cek ketebalan bodinya, geely ex2 tebelnyoo.. tapi saya sih pasti lebih pilih atto 1. selain pabriknya ada di indonesia, dealer/service center nya juga ada dimana-mana. dan satu lagi yang bikin saya agak trauma beli geely itu pas dulu punya geely panda cari sparepart orinya pusing 7 keliling. tapi ya untungnya ada sparepart yang mirip dari merek sebelah jadi masih bisa masuk lah walau tidak plek ketiplek 100% sama.",,,,negatif,Human-Audit-GoldStandard,,,,negatif,True
UgxLI5bfFHfY8cISudh4AaABAg,9GTZD3la5qI,662aa759fd270e46a64c563d3433318ae99944210ef6734539adc1fc2ca218ec,Kendaraan udh kaya mainan aja ya di cas😂😅😊,0,2024-01-13T20:27:12Z,2024-01-13T20:27:12Z,2026-09-27T14:02:23.207162+00:00,kendaraan sudah kaya mainan aja ya di cas😂😅😊,netral,,,,Human-Audit-GoldStandard,netral,,,,True
UgzMc_9ACQ49T-XVUUt4AaABAg,W3G8V7xV3-Y,979380aea9ae59fd0f14fd7eb547cb3a90d0a4c9c07be73bd62ce32908e954af,masih ragu ber alih ke electrik slama infrastruktur blum lengkap dan charging station blum merata di sulawesi masih jadi penggemar diesel mitshubishi saya nya,2,2024-06-05T12:07:26Z,2024-06-05T12:07:56Z,2026-09-27T14:02:27.731586+00:00,masih ragu ber alih ke electrik slama infrastruktur blum lengkap dan charging station blum merata di sulawesi masih jadi penggemar diesel mitshubishi saya nya,negatif,,,,Human-Audit-GoldStandard,negatif,,,,True
Ugz4Ribo9pmoRsUIl9Z4AaABAg,j_6L3j7vrOc,d41119e10570d18a6fc51b857a6e86ee6e29803931fe9529cf5f30b875e97fce,"Harga yg wajar, sesuai ini.. 

mobil jepang dan korea jga hrusnya sgtu, itupun msih kemahalan mengingat mobil jepang n korea minim fitur tpi hrganya ga msuk akal..cma krna di peras pejabat, alias londo ireng, ya jdi mahal..bayangkan anda beli mobil, 40% hrga dri mobil itu buat negara, tpi kwalitas jalanan amburadul..",0,2026-02-14T13:05:34Z,2026-02-14T13:05:34Z,2026-09-19T00:23:05.069705+00:00,"harga yg wajar, sesuai ini.. mobil jepang dan korea jga hrusnya sgtu, itupun msih kemahalan mengingat mobil jepang n korea minim fitur tpi hrganya tidak msuk akal..cma krna di peras pejabat, alias londo ireng, ya jdi mahal..bayangkan anda beli mobil, 40% hrga dri mobil itu buat negara, tpi kwalitas jalanan amburadul..",,netral,,,Human-Audit-GoldStandard,,netral,,,True
UgxdLGy9GCNOi7Bb7FJ4AaABAg,Bx-XDBdN7nA,3de1ab5dad0fb8b9c8a0123de85c03df2dac506f38f52d91e3a1ad36b522aeff,Kalo berani kasih garansi baterai life time bakalan laris manis ini,1,2025-11-22T11:45:18Z,2025-11-22T11:45:18Z,2026-09-19T00:23:01.508913+00:00,kalo berani kasih garansi baterai life time bakalan laris manis ini,,netral,,,Human-Audit-GoldStandard,,netral,,,True
Ugz7bot-x0P0jU8AmFx4AaABAg,jL5p1zZMNEM,f70d200b119af8afb400dfd1f36e149ca7c83e022475ee1ae40eb114e31e7834,omoda desain nya gokil sih,3,2024-09-19T06:04:42Z,2024-09-19T06:04:42Z,2026-09-27T14:02:11.247480+00:00,omoda desain nya gokil sih,,,positif,,Human-Audit-GoldStandard,,,positif,,True
UgyuLOF1j2Ry1kQ0Y7J4AaABAg,l8fPSUqdmOM,199c7acb8018ccea26c6364c927297b1b198d0154f244cd617a35535df050ab5,Jd pengen cobain juga nih wuling air ev dr rumah (cipayung jaktim) ke bandung dgn sport mode..,0,2025-05-07T22:27:37Z,2025-05-07T22:27:37Z,2026-09-27T14:02:15.000262+00:00,jd pengen cobain juga nih wuling air ev dari rumah (cipayung jaktim) ke bandung dengan sport mode..,netral,,,,Human-Audit-GoldStandard,netral,,,,True
UgxImeG3KYKvpQ9uHsl4AaABAg,l8fPSUqdmOM,58f0dd9c8e0d2f6dc57d6e973df48dd5be24a1fd357f4b963ac933c4be59f5a4,"DIBawa speed 104 km/jam, bergetar dan mengerikan, mobil kecil gituan mestinya paling cepat 80 km/jam saja bro.",0,2025-11-06T09:03:55Z,2025-11-06T09:03:55Z,2026-09-27T14:02:15.000262+00:00,"dibawa speed 104 km/jam, bergetar dan mengerikan, mobil kecil gituan mestinya paling cepat 80 km/jam saja bro.",,,negatif,,Human-Audit-GoldStandard,,,negatif,,True
Ugx4rlAwypxUImb6iGB4AaABAg,jL5p1zZMNEM,9675afab02430262285e62454a86a549af10638e43bc0a953699cace960ab129,Saat ini efektifnya mobil IC buat super jauh EV buat dalam kota/antar kabupaten lahh,0,2025-02-04T01:16:39Z,2025-02-04T01:16:39Z,2026-09-27T14:02:09.410241+00:00,saat ini efektifnya mobil ic buat super jauh ev buat dalam kota/antar kabupaten lahh,netral,,,,Human-Audit-GoldStandard,netral,,,,True
Ugzz6DNfFwTqP-Yb-014AaABAg,l8fPSUqdmOM,bbfeb9057694e7e653c9b91c9cd926ce63161099655dd2ff12ef9a6feaf39e85,"entah knp gue masih ragu2 pindah ke EV, padahal ya selama 5 tahun terakhir pemakian mobil ya cuma dalam kota aja, paling jauh Malang-surabaya doank jarak 100km aja. 😂",2,2025-02-25T01:27:11Z,2025-02-25T01:27:11Z,2026-09-27T14:02:16.602859+00:00,"entah knp gue masih ragu2 pindah ke ev, padahal ya selama 5 tahun terakhir pemakian mobil ya cuma dalam kota aja, paling jauh malang-surabaya doank jarak 100km aja. 😂",negatif,,,,Human-Audit-GoldStandard,negatif,,,,True
UgzYr5dnRcejztPPztB4AaABAg,bC7X9DplrIc,093d1701e0c9727114ab915727f085fe9a71a0dc0c8de063066c5a15791de1e2,Ndak ada soket lighter 12 volt...,2,2026-03-05T09:05:04Z,2026-03-05T09:05:04Z,2026-09-19T00:23:14.522723+00:00,ndak ada soket lighter 12 volt..,,,negatif,,Human-Audit-GoldStandard,,,negatif,,True
Ugzq7InAbji4ijOppd94AaABAg,SQJwC-QLsRk,9434cb3611f8e085c56814ab29d4eb1ca5ef7567a94192c3e9e256eba6cab423,Kalo budgetnya ada pilih j5 specs overkilled. Kalo budget tipis skln atto1 dynamic 199 juta 😂,1,2026-04-25T15:26:34Z,2026-04-25T15:26:34Z,2026-09-19T00:23:15.653310+00:00,kalo budgetnya ada pilih j5 specs overkilled. kalo budget tipis skln atto1 dynamic 199 juta 😂,,netral,,,Human-Audit-GoldStandard,,netral,,,True
UgzcQqiv-BU8cvemf-x4AaABAg,G_acqAJrRso,ba007b08961e2f5c83c9c8bd3c17a9d55974ff26c27e1d519076c67fa2dde900,"Ganteng parah, ini kalau diibaratkan Toyota Rush x Range Rover. Allahumma sholi ala Muhammad semoga bisa beli 😍",0,2026-02-13T17:13:40Z,2026-02-13T17:13:40Z,2026-09-18T04:38:30.738340+00:00,"ganteng parah, ini kalau diibaratkan toyota rush x range rover. allahumma sholi ala muhammad semoga bisa beli 😍",,,positif,,Human-Audit-GoldStandard,,,positif,,True
Ugy6YyxAM0fWe-iUP8t4AaABAg,Bx-XDBdN7nA,bc27f8c974a47c91900642a252ef76ae5427b41f00b2ea86f7baf48f9304f142,Harus di review lagi harga di daerah lain selain jakarta,0,2025-11-16T10:57:19Z,2025-11-16T10:57:19Z,2026-09-19T00:23:00.712565+00:00,harus di review lagi harga di daerah lain selain jakarta,,netral,,,Human-Audit-GoldStandard,,netral,,,True
UgxyHvw_Ok2pvrMxlhF4AaABAg,bC7X9DplrIc,0f3e67823b3a28ebe62cd2a0386933c6880249e230adeed0cd417d8d5983a278,"Baguusss siy.... Tp tetangga sukany seven siter kuno, fitur sunatan, en erwedeh",2,2026-03-05T08:44:10Z,2026-03-05T08:44:10Z,2026-09-19T00:23:14.522723+00:00,"baguuss siy.. tapi tetangga sukany seven siter kuno, fitur sunatan, en erwedeh",,,positif,,Human-Audit-GoldStandard,,,positif,,True
UgxhOuVfADwJ0yLlVnJ4AaABAg,z1fWo8tYynA,058e1546fe68863fe989098546f31e1656ba3c79831626f7190e723bd0c83065,"Sayang listrik, klo ada lubang knalpotnya...mmmantap",0,2026-04-02T15:50:24Z,2026-04-02T15:50:24Z,2026-09-19T00:23:11.766454+00:00,"sayang listrik, kalau ada lubang knalpotnya..mmantap",,,negatif,,Human-Audit-GoldStandard,,,negatif,,True
UgwtMu2xiT4iTZYn-fx4AaABAg,wWoTrVO2Hk4,dcdc7c08638cfc2a4796921a264e1d4cedb5a607b76db0755e7508c673b01114,"ini mobil keren. cm yang ganjel sm sy cm 1

speedometernya kaya speedometer selis. alangkah lebih baik di kasi speedometer yang bagusan itu. pasti ud ga ad claah di harga segitu.",0,2026-04-23T03:47:26Z,2026-04-23T03:47:26Z,2026-09-19T00:23:05.983222+00:00,ini mobil keren. cm yang ganjel sama sy cm 1 speedometernya kaya speedometer selis. alangkah lebih baik di kasi speedometer yang bagusan itu. pasti ud tidak ad claah di harga segitu.,,,negatif,,Human-Audit-GoldStandard,,,negatif,,True
Ugz8z1lk56gytTGWKlF4AaABAg,z1fWo8tYynA,341174b28ddddf9ca145b62b0b70864c918bda00cb9849ab543a8b799854a7a6,nfc card rawan di copy tanpa sepengatahuan pemilik,0,2025-11-18T08:07:17Z,2025-11-18T08:07:17Z,2026-09-19T00:23:11.766454+00:00,nfc card rawan di copy tanpa sepengatahuan pemilik,,,negatif,,Human-Audit-GoldStandard,,,negatif,,True
Ugz9J45YEa7wAg1wgZN4AaABAg,AOjceFDyYeM,9eb283d0d4e5353eb82e85a7c99fc0ed4b6771c50bcc3bd0a71c3648bd32c802,"Mgg br service air ev 20rb km setelah pemakaian 11bulan 

Batre 97.63%",5,2025-12-03T13:34:00Z,2025-12-03T13:34:00Z,2026-09-27T14:02:19.136503+00:00,mgg br service air ev 20rb km setelah pemakaian 11bulan baterai 97.63%,,,netral,,Human-Audit-GoldStandard,,,netral,,True
UgzU4TwAVir8cqvMKbh4AaABAg,G_acqAJrRso,c3f1e95a8471fe429804129c798cf5bffbb106dd7ee925cecaa42368598f7b41,"Satu doang yang agak minus dari exteriornya mobil ini. Entah knp jadi cungkring looksnya krn gak ada plastic clading hitam melingkar di fender ban. Warna item sih agak ketolong, tp klo warna terang keliatan kurang pas, ada yg kurang. Coba deh jaeco revisi bagian itu, pasti lebih padet enak diliat kaki2nya.",5,2025-11-14T15:36:58Z,2025-11-14T15:36:58Z,2026-09-18T04:38:32.144167+00:00,"satu doang yang agak minus dari exteriornya mobil ini. entah knp jadi cungkring looksnya karena tidak ada plastic clading hitam melingkar di fender ban. warna item sih agak ketolong, tapi kalau warna terang keliatan kurang pas, ada yg kurang. coba deh jaeco revisi bagian itu, pasti lebih padet enak diliat kaki2nya.",,,negatif,,Human-Audit-GoldStandard,,,negatif,,True
UgxbwLbPwyYU5PzMgAl4AaABAg,z1fWo8tYynA,a007c18a79efc678a201e897afe09db4e81df11156c276476046ec2082379a1e,dgn tanda2 penghapusan pajak buat ev CBU di tahun depan yakin sih yg order tahun ini bakal GORENG abiss harga bekasnya sampai hampir 300jt seperti kasus Honda CUV-e yg dijual bekas 25jt setelah beli dgn diskon 19jt.,4,2025-09-17T12:18:43Z,2025-09-17T12:18:43Z,2026-09-19T00:23:12.527826+00:00,dengan tanda2 penghapusan pajak buat ev cbu di tahun depan yakin sih yg order tahun ini bakal goreng abiss harga bekasnya sampai hampir 300jt seperti kasus honda cuv-e yg dijual bekas 25jt setelah beli dengan diskon 19jt.,,,netral,,Human-Audit-GoldStandard,,,netral,,True
UgxlZ3Wkv8XTs84bNPt4AaABAg,SQJwC-QLsRk,b1de85a666d3b290cc5945fdb387922e3c06f184d6ab2947aa6593a397849f57,usia 1-2 tahun j5 sama ex2 mesti sudah bnyk kerewelan2 kecil,0,2026-04-29T10:15:56Z,2026-04-29T10:15:56Z,2026-09-19T00:23:15.005212+00:00,usia 1-2 tahun j5 sama ex2 mesti sudah bnyk kerewelan2 kecil,,,negatif,,Human-Audit-GoldStandard,,,negatif,,True
UgymKDIsAnGQYEtcUDt4AaABAg,z1fWo8tYynA,074cff1698328b5e86f5a684cae4d42e1b2ba41387b4d1822dc9f24650554751,"05:30 kalau punya hp yg ada fitur access card bisa tuh dicopy data kartunya, jadi kalau kartu hilang tp udah dicopy cukup pakai hp aja.",1,2025-09-17T17:33:55Z,2025-09-17T17:33:55Z,2026-09-19T00:23:13.239008+00:00,"05:30 kalau punya hp yg ada fitur access card bisa tuh dicopy data kartunya, jadi kalau kartu hilang tapi udah dicopy cukup pakai hp aja.",,,netral,,Human-Audit-GoldStandard,,,netral,,True
Ugz5JnKpeW6QqAbvQ6B4AaABAg,fjWvVFT0vr0,00beecebce935d6a9548fd2d6ab5496a1f27796ab3168181037c146c2e0e481b,Di deskripsi ditulis standard range & long range kok sama klaim jarak tempuhnya (300km)?,0,2025-07-27T06:12:29Z,2025-07-27T06:12:29Z,2026-09-19T00:23:09.886682+00:00,di deskripsi ditulis standard range & long range kok sama klaim jarak tempuhnya (300km)?,netral,,,,Human-Audit-GoldStandard,netral,,,,True
UgxvbxIgCvwhoDJlfNR4AaABAg,SQJwC-QLsRk,399a9d361172411e7fd11bc953ec2a18a1f01ce029a6ec59ab681f5fb1681423,Itu antena kurang panjang bang.... 😂,0,2026-04-25T12:46:24Z,2026-04-25T12:46:24Z,2026-09-19T00:23:15.005212+00:00,itu antena kurang panjang bang.. 😂,,,negatif,,Human-Audit-GoldStandard,,,negatif,,True
UgxGKKGXpYyYSJIQiL14AaABAg,Vu0ayycGXbI,204a65e5296d650e093be76ee228687b1b2c94147e84b084a0cbc5368025bc6b,"Ngeliat hrg J5 ev, kebayang marginnya mobil yg memberikan kualitas, fitur seadanya dg tagline: mau murah kok mnt bagus😁🤣",1,2026-06-27T11:46:38Z,2026-06-27T11:46:38Z,2026-09-19T00:23:04.027191+00:00,"ngeliat hrg j5 ev, kebayang marginnya mobil yg memberikan kualitas, fitur seadanya dg tagline: mau murah kok mnt bagus😁🤣",,netral,,,Human-Audit-GoldStandard,,netral,,,True
UgzE87iaf4Awn2Xtpo54AaABAg,ccgG2mpCIHM,c1c26d46a4c69427d9d0ffb462918d004c175739fa8cccbc018cfcd83c3498f6,"Baterai, Power & Reduction Gear pengaruh pada efficiency di kec tertentu:

EX2 40.8kWh 386V
Torsi 150NM, Power 85kW

Atto 1 38.8kWh 288V
Torsi 135NM, Power 55kW

J5 60kWh 360.2V
Torsi 288NM, Power 155kW

Dari perkalian torsi vs Power:
Atto 1 boros di tol, karna incer torsi bawah, kemungkinan efisien di kec bawah, klaim 380km berkurang sedikit di highway.

EX2 lebih efisien di tol, kombinasi power besar tapi torsi ga terlalu besar, hasilnya mgkin efisien di kec menengah atas.

J5 motor power besar, torsi mengimbangi besar nya, tetap power besar makan listrik lebih gede, hasil nya lumayan boros, walau jarak lebih jauh sedikit, padahal baterai lebih besar 47% sampai 52% dr pada kedua mobil 😅",17,2026-05-03T19:59:47Z,2026-05-04T06:19:12Z,2026-09-19T00:28:54.749870+00:00,"baterai, power & reduction gear pengaruh pada efficiency di kec tertentu: ex2 40.8kwh 386v torsi 150nm, power 85kw atto 1 38.8kwh 288v torsi 135nm, power 55kw j5 60kwh 360.2v torsi 288nm, power 155kw dari perkalian torsi vs power: atto 1 boros di tol, karna incer torsi bawah, kemungkinan efisien di kec bawah, klaim 380km berkurang sedikit di highway. ex2 lebih efisien di tol, kombinasi power besar tapi torsi tidak terlalu besar, hasilnya mgkin efisien di kec menengah atas. j5 motor power besar, torsi mengimbangi besar nya, tetap power besar makan listrik lebih gede, hasil nya lumayan boros, walau jarak lebih jauh sedikit, padahal baterai lebih besar 47% sampai 52% dari pada kedua mobil 😅",netral,,netral,,Human-Audit-GoldStandard,netral,,netral,,True
UgyK9t-BaS64YJU4iA94AaABAg,W3G8V7xV3-Y,48f164aaa07f5b46440e9c7e09ca2a8963a8ad776dd9318b95ea78c3bf7cc2be,Mobil listrik di wakanda 😂😂😂😂 wakanda aja sering mati listrik,0,2024-06-06T08:56:51Z,2024-06-06T08:56:51Z,2026-09-27T14:02:27.731586+00:00,mobil listrik di wakanda 😂😂 wakanda aja sering mati listrik,negatif,,,,Human-Audit-GoldStandard,negatif,,,,True
UgxIJl4jsSQhIQtVFdJ4AaABAg,j_6L3j7vrOc,4d52f1b82705eea1a689f19deeb9b95d7ab46adf98aa9ca095963f5fc2b4bee4,"tuas sein kiri kanan di sisi kiri setir. utk pengendara yg biasa bawa mobil jepang, terbiasa tuas sein di kanan, malah jd mengaktifkan transmisi P/R/D.... bahaya",0,2025-11-20T02:44:02Z,2025-11-20T02:44:02Z,2026-09-19T00:23:05.069705+00:00,"tuas sein kiri kanan di sisi kiri setir. untuk pengendara yg biasa bawa mobil jepang, terbiasa tuas sein di kanan, malah jd mengaktifkan transmisi p/r/d.. bahaya",,,negatif,,Human-Audit-GoldStandard,,,negatif,,True
UgxvVyAM1fJOUbKdenV4AaABAg,z1fWo8tYynA,cf87b8944e44b0f56851ebaefea60d4071f9fe42bc50c9c07c5b738911810914,Suara jalan masuk bgt ya. Krg peredam,0,2026-01-01T07:03:04Z,2026-01-01T07:03:04Z,2026-09-19T00:23:11.766454+00:00,suara jalan masuk banget ya. krg peredam,,,negatif,,Human-Audit-GoldStandard,,,negatif,,True
Ugy9EIsj2H0Y7LQk75p4AaABAg,dEJ4VEjH1AQ,f66ef6789a2c19793798838e418dbdce4c4bea4e80ee94198744462838200eab,"Mending Atto 1, kursi electric, range 380, cruise control, ukuran lebih sat set buat perkotaan",6,2025-11-25T00:56:05Z,2025-11-25T00:56:05Z,2026-09-19T00:23:14.870779+00:00,"lebih baik atto 1, kursi electric, range 380, cruise control, ukuran lebih sat set buat perkotaan",,,positif,,Human-Audit-GoldStandard,,,positif,,True
UgzzUIjPs5FyTO4sRad4AaABAg,AOjceFDyYeM,34a4a535ee95126e05510b8bfc56eb2c6743d067169ddc939af334242647679e,Batrai healt itu tipu2 misal tertera 97% berarti aslinya hanya sisa skitar 80%. Cara ngetesnya mudah batrainya coba habiskan biasanya nanti saat sisa 30% atau 20% tiba2 langsung drop ke bawah 10% dalam waktu singkat,1,2025-12-04T03:00:25Z,2025-12-04T03:00:25Z,2026-09-27T14:02:20.222873+00:00,baterai healt itu tipu2 misal tertera 97% berarti aslinya hanya sisa skitar 80%. cara ngetesnya mudah batrainya coba habiskan biasanya nanti saat sisa 30% atau 20% tiba2 langsung drop ke bawah 10% dalam waktu singkat,,,negatif,,Human-Audit-GoldStandard,,,negatif,,True
Ugy4_RqCamtyKURuPxp4AaABAg,z1fWo8tYynA,14200c2fb024c0053ab9a8074fea7d64d901db6172446c582f372a5fb2807864,Harga segitu...hancur LCGC....kemahalan....😂😂😂😂😂😂,0,2025-10-07T07:22:35Z,2025-10-07T07:22:35Z,2026-09-19T00:23:13.927196+00:00,harga segitu..hancur lcgc..kemahalan..😂😂,,positif,,,Human-Audit-GoldStandard,,positif,,,True
UgwPbEcV2toGp_OC-aF4AaABAg,9GTZD3la5qI,05567b380b6c3b8fe61d2b5f63aa56766747b2d309a5e5785b329d776000d23e,Wuling gk niat kasi garansinya kalau mau bkin konsumen seneng harusnya untuk semua pembeli sih,0,2024-01-13T15:40:20Z,2024-01-13T15:40:20Z,2026-09-27T14:02:23.207162+00:00,wuling tidak niat kasi garansinya kalau mau bkin konsumen seneng harusnya untuk semua pembeli sih,,,,negatif,Human-Audit-GoldStandard,,,,negatif,True
UgwYnCU7OlWvc7iRHrh4AaABAg,z1fWo8tYynA,18a7c6b71eeed0798cc31e5d270140095d711e74aa29707d01a5caf2823e72dd,Dari dulu ga suka mobil modern. Saya dr mulai 2014 SMA baru punya sim a sering pake honda cielo 98 punya bapak. Udah kerja bisa nabung beli greco. Dipake 2 tahun ganti ke jazz gd3 2007. Baru setahun dipake dapet rejeki akhirnya kebeli mobil civic fd 2011 dipake sampe skrg. Secandu itu motuba buat saya. Misal Dikasih 200jt disuruh buat beli lcgc. Saya mending ambil mobil 120 jt yg saya suka trus 80jt nya buat ngeberesin PR + Modif nya. Akhir2 ini kepikiran pengen beli mobil listrik krn pertamina mulai ngelawak tp bener2 ga ada yg suka sama molis yg masuk budget. Dan baru kali ini saya kesengsem sama molis. Bismillah semoga bisa segera kekumpul duitnya.,38,2025-09-18T05:04:37Z,2025-09-18T05:04:37Z,2026-09-19T00:23:10.960426+00:00,dari dulu tidak suka mobil modern. saya dari mulai 2014 sma baru punya sim a sering pakai honda cielo 98 punya bapak. udah kerja bisa nabung beli greco. dipake 2 tahun ganti ke jazz gd3 2007. baru setahun dipake dapet rejeki akhirnya kebeli mobil civic fd 2011 dipake sampe skrg. secandu itu motuba buat saya. misal dikasih 200jt disuruh buat beli lcgc. saya lebih baik ambil mobil 120 jt yg saya suka trus 80jt nya buat ngeberesin pr + modif nya. akhir2 ini kepikiran pengen beli mobil listrik karena pertamina mulai ngelawak tapi bener2 tidak ada yg suka sama molis yg masuk budget. dan baru kali ini saya kesengsem sama molis. bismillah semoga bisa segera kekumpul duitnya.,positif,positif,,,Human-Audit-GoldStandard,positif,positif,,,True
Ugw4-J2GeZnxlTKkQCJ4AaABAg,l8fPSUqdmOM,7bf2ad6f6ba4ce315afd6f180f53d03a01ef0435f9205579e6d9b26ad7620da5,Deg degan juga ya koh baterainya,0,2026-04-01T23:25:29Z,2026-04-01T23:25:29Z,2026-09-27T14:02:15.000262+00:00,deg degan juga ya koh baterainya,,,negatif,,Human-Audit-GoldStandard,,,negatif,,True
UgyjWzRKqS4GjhUevCV4AaABAg,SQJwC-QLsRk,82fa994f461734518d6880fb8d8990e083603b25e1aa851a941a3b76e839c259,"Udah ngerasain geely ex2 walo cuman bentar, nyetir Jakarta - Jogja, nyaman, powerful utk mobil seukuran itu.",12,2026-04-25T10:40:14Z,2026-04-25T10:40:14Z,2026-09-19T00:23:15.005212+00:00,"udah ngerasain geely ex2 walo cuman bentar, nyetir jakarta - jogja, nyaman, powerful untuk mobil seukuran itu.",,,positif,,Human-Audit-GoldStandard,,,positif,,True
UgxEYreIoGODM6AuWR94AaABAg,O-vAYJNfQEk,3bb7cf5c8fcbd20a6af5eededcf71c88706209c84cc942ed4f215c8fbbf5056b,Sedang menghibur diri setelah tau harga mg4,0,2024-02-14T08:30:13Z,2024-02-14T08:30:13Z,2026-09-27T14:02:12.898514+00:00,sedang menghibur diri setelah tau harga mg4,,netral,,,Human-Audit-GoldStandard,,netral,,,True
UgyVcJJwoOzUWGuTZAx4AaABAg,wWoTrVO2Hk4,1f451311522a84067bf0b4c1cd66e05625401b07a0bef6381114ccc452cb2fa0,80% pembahasan untuk interior aja,0,2026-05-13T09:21:40Z,2026-05-13T09:21:40Z,2026-09-19T00:23:05.982688+00:00,80% pembahasan untuk interior aja,,,netral,,Human-Audit-GoldStandard,,,netral,,True
UgzVt44LrflhmJr5v4R4AaABAg,z1fWo8tYynA,8683d84f41da15d7ed6d3c533a29c0fafff0fa0a4b851235cec9615735ac790c,"Sekedar informasi tambahan berdasarkan info Ai yang saya tangkap mengenai lama pengisian byd dinamic atto
1. Dc charging SPKLU ( 30 menit) untuk baterai 50%
2. Ac charging Rumah ( 8-12 jam) 100%
3. Wallbock listrik 3 phasa harga 4 jt - 19jt ( 4-6 jam ) 100%

Note listrik rumah minimal 2200 watt ya atau MCB min lebih  12 A",7,2025-09-17T22:58:05Z,2025-09-17T23:00:21Z,2026-09-19T00:23:12.527826+00:00,sekedar informasi tambahan berdasarkan info ai yang saya tangkap mengenai lama pengisian byd dinamic atto 1. dc charging stasiun pengisian kendaraan listrik umum ( 30 menit) untuk baterai 50% 2. ac charging rumah ( 8-12 jam) 100% 3. wallbock listrik 3 phasa harga 4 jt - 19jt ( 4-6 jam ) 100% note listrik rumah minimal 2200 watt ya atau mcb min lebih 12 a,netral,,,,Human-Audit-GoldStandard,netral,,,,True
UgzE2jQMt0gzhw0GONt4AaABAg,A9niV2791gs,3a9dd857b4fa3484c352a983af2e3abf3ff1c3b00e98e7d50dd5d4b9b6b2238b,Emang ga ada fitur auto break hold??,0,2026-04-11T10:49:55Z,2026-04-11T10:49:55Z,2026-09-19T00:23:04.831083+00:00,emang tidak ada fitur auto break hold??,,,netral,,Human-Audit-GoldStandard,,,netral,,True
UgzfD3DFOfuPMvyK8l54AaABAg,J00aDzfK8WQ,5b06f3096184c063d0430b8c37f445e3538cf51ecb39eaf1bacc70bededca621,"Lah tumben ckd malah naik 
Biasanya udah ckd pasti harga turun",0,2026-05-26T02:06:58Z,2026-05-26T02:06:58Z,2026-09-19T00:23:10.549263+00:00,lah tumben ckd malah naik biasanya udah ckd pasti harga turun,,netral,,,Human-Audit-GoldStandard,,netral,,,True
UgycK53gQALeoDR0GrN4AaABAg,O-vAYJNfQEk,99e3f2afb0df77c3e912209b3d0ebc226f1100b7c2382fef8fb052a2a5ba2265,"Kayaknya yg menarik untuk di beli yg versi 333km AC aja......gak yakin dgn claim wuling yg akan sebar charger DC GBT di seluruh Indonesia; di samping harganya juga, untuk yg 410km sudah banyak kompetitor di harga segitu.....banyak mendang-mendingnya......",0,2024-02-13T15:00:06Z,2024-02-13T15:00:06Z,2026-09-27T14:02:14.061399+00:00,"kayaknya yg menarik untuk di beli yg versi 33km ac aja..gak yakin dengan claim wuling yg akan sebar charger dc gbt di seluruh indonesia; di samping harganya juga, untuk yg 410km sudah banyak kompetitor di harga segitu..banyak mendang-mendingnya..",netral,,,,Human-Audit-GoldStandard,netral,,,,True
UgxqLavoMBHuv-jutTB4AaABAg,dEJ4VEjH1AQ,563c789a8dd57a872f667baa10e15c437b831639d7f7126efa99ad30d17587fc,"kok lebih menggoda versi pro ya, fitur yang ane harap ada juga di pro cuma camera 360, tapi kayanya untuk mobil ukuran segini cukup sih kamera belakangan doang, good job geely.",0,2025-11-28T06:01:48Z,2025-11-28T06:01:48Z,2026-09-19T00:23:14.870779+00:00,"kok lebih menggoda versi pro ya, fitur yang ane harap ada juga di pro cuma camera 360, tapi kayanya untuk mobil ukuran segini cukup sih kamera belakangan doang, good job geely.",,,positif,,Human-Audit-GoldStandard,,,positif,,True
Ugw8G3XXQVBZ5AnkJON4AaABAg,AOjceFDyYeM,5e787bd1501765efa88138df3f56832d797626f8298beffa1e987d2d109801eb,"Baterai health tinggal cek resistance baterai tsb, semakin tinggi nilai resistancenya semakin menurun kualitas baterainya. Yang suka maenin baterai 18650, 21750 dan lainnya pasti tau dan rata2 pada punya alat ukur resistance baterai.",1,2025-12-29T11:50:37Z,2025-12-29T11:50:37Z,2026-09-27T14:02:19.136503+00:00,"baterai health tinggal cek resistance baterai tsb, semakin tinggi nilai resistancenya semakin menurun kualitas baterainya. yang suka maenin baterai 18650, 21750 dan lainnya pasti tau dan rata2 pada punya alat ukur resistance baterai.",,,netral,,Human-Audit-GoldStandard,,,netral,,True
UgyVf7Kn7TMyriZkFuh4AaABAg,Bx-XDBdN7nA,7b923c5f9f033c155bb0ae26540acb4ad556c266e2df924d0c4c56981c9e1f44,"gue malah setuju kalau mobchin ini perang harga

biar mobil jepang pada sadar diri
mereka selama puluhan tahun di warga +62 udh untung berapa triliun tuh dengan margin gede tapi pelit fitur apalagi ada skandal uji tabrak.

dengan adanya mobchin perang harga apalagi di tanah air, artinya konsumen yang di untungkan.",0,2025-11-19T04:05:37Z,2025-11-19T04:05:37Z,2026-09-19T00:23:01.508913+00:00,"gue malah setuju kalau mobchin ini perang harga biar mobil jepang pada sadar diri mereka selama puluhan tahun di warga +62 sudah untung berapa triliun tuh dengan margin gede tapi pelit fitur apalagi ada skandal uji tabrak. dengan adanya mobchin perang harga apalagi di tanah air, artinya konsumen yang di untungkan.",,netral,netral,,Human-Audit-GoldStandard,,netral,netral,,True
UgyT5otpn-fXVf_iQnx4AaABAg,z1fWo8tYynA,8ceba3dd122a743fbc8efe23e37bda7ad6f7d38f537321fdb1c30f05f42ffb95,Ini city car / dlm kota .. klo mo luar kota ... lbh baik pake yg 6/7 kursi,0,2025-09-19T12:27:37Z,2025-09-19T12:27:37Z,2026-09-19T00:23:11.766454+00:00,ini city car / dlm kota .. kalau mo luar kota .. lbh baik pakai yg 6/7 kursi,,,netral,,Human-Audit-GoldStandard,,,netral,,True
Ugzg1FEFO4mc3WFvJ2Z4AaABAg,G_acqAJrRso,a72ebf163bf4baa3c8c50d82bd181b11f816b84c0600160a17675a10006b6621,Mudik bakal berebutan chargeran di rest area ini mah 😅😅,0,2025-12-03T05:53:40Z,2025-12-03T05:53:40Z,2026-09-18T04:38:31.419348+00:00,mudik bakal berebutan pengisi daya di rest area ini mah 😅😅,netral,,,,Human-Audit-GoldStandard,netral,,,,True
Ugx31nTftIDPQW3wB894AaABAg,fjWvVFT0vr0,95864f0a033115c3e6fc7b9081d442b8026e5b1360436eaa6c9f7acf7932395b,Desain nya oke banget tinggal di kasih wing besar lebih cakep lg,0,2026-01-19T22:20:57Z,2026-01-19T22:20:57Z,2026-09-19T00:23:07.333419+00:00,desain nya oke banget tinggal di kasih wing besar lebih cakep lagi,,,positif,,Human-Audit-GoldStandard,,,positif,,True
UgxU83zjhYw8s7dWD5F4AaABAg,9GTZD3la5qI,ea113a2ebc658b8605f52c6a779133bc819f0bdd069eff3a80e71c0af8e39f20,"masih ingat jaman RAM merek Vgen yg kasih lifetime warranty . masih ada tuh di kabinet saya yg RAM 512mb. masih berfungsi pula. tapi apakah saya masi mau pake? mana bisa pake 512MB ram skarang di era komputer jaman now. ini lah gimmick marketing untuk mengrebut pasar. jadi menurut saya lifetime warranty itu redundant, 8 tahun is more than enough. toh warranty std 8 tahun pun juga ada term and conditionya, dan sama juga, ga boleh akibat banjir, kecelakaan dll.",0,2024-01-13T12:10:14Z,2024-01-13T12:10:14Z,2026-09-27T14:02:23.207162+00:00,"masih ingat jaman ram merek vgen yg kasih lifetime warranty . masih ada tuh di kabinet saya yg ram 512mb. masih berfungsi pula. tapi apakah saya masi mau pake? mana bisa pakai 512mb ram skarang di era komputer jaman now. ini lah gimmick marketing untuk mengrebut pasar. jadi menurut saya lifetime warranty itu redundant, 8 tahun is more than enough. toh warranty std 8 tahun pun juga ada term and conditionya, dan sama juga, tidak boleh akibat banjir, kecelakaan dll.",,negatif,,,Human-Audit-GoldStandard,,negatif,,,True
Ugy_8-_PwK67r8GrTlR4AaABAg,Vu0ayycGXbI,bad877719b52a117512f4dee700b7e9991a128492c30d84d95c3653be0baebca,"Utk harga sekelas, Geely EX-2 lebih nyaman ditanjakan terjal.  RWD gak pernah bohong.  😁",2,2026-02-23T11:46:44Z,2026-02-23T11:46:44Z,2026-09-19T00:23:04.671044+00:00,"untuk harga sekelas, geely ex-2 lebih nyaman ditanjakan terjal. rwd tidak pernah bohong. 😁",,positif,positif,,Human-Audit-GoldStandard,,positif,positif,,True
Ugwq1kJAl1n9oxZo-0t4AaABAg,bC7X9DplrIc,a4653e00ad0bdc68b12cb84e803597187158e473745a0274f4c11ac38fbb2e19,Yg di jual masal dan yg udah di terima konsumen tidak ada cover bawah nya..jadi ngeri2 sedap,3,2026-03-04T20:59:13Z,2026-03-04T20:59:13Z,2026-09-19T00:23:14.522723+00:00,yg di jual masal dan yg udah di terima konsumen tidak ada cover bawah nya..jadi ngeri2 sedap,,,,negatif,Human-Audit-GoldStandard,,,,negatif,True
UgzmoLDTzCpcoJdEj-F4AaABAg,BFp1_jq3zVo,d8b428c93d80b0cdf04b15533dc464d010e6af981ace6678d250ecdac4d9d369,"Saya Sudah SPK dan bayar setengahnya sejak IIMS 6 Feb 2026 kemarin, tapi sampai sekarang tgl 31 Maret belum ada kejelasan kapan unitnya akan dikirim 😔😔😔
Tambahan salah satu yg bikin saya tertarik dgn mobil EV ini selain semua keunggulannya yg dijelaskan oleh para reviewer otomotif dan pengguna, adalah free wall charger dan saya sudah pasang grounding serta siapkan tempat di garasi tapi unit belum juga jelas kapan datangnya 😢😢",2,2026-03-31T15:10:43Z,2026-03-31T15:10:43Z,2026-09-19T00:23:14.379690+00:00,"saya sudah spk dan bayar setengahnya sejak iims 6 feb 2026 kemarin, tapi sampai sekarang tgl 31 maret belum ada kejelasan kapan unitnya akan dikirim 😔😔 tambahan salah satu yg bikin saya tertarik dengan mobil ev ini selain semua keunggulannya yg dijelaskan oleh para reviewer otomotif dan pengguna, adalah free wall charger dan saya sudah pasang grounding serta siapkan tempat di garasi tapi unit belum juga jelas kapan datangnya 😢😢",,,,negatif,Human-Audit-GoldStandard,,,,negatif,True
UgzTM8OthcaBs5I6evZ4AaABAg,G_acqAJrRso,f4ee444658acf6d296ce99fd9e4c14d7c8b6229199f646de7fa41b7e2bfc4673,"di cina klw ngga salah udah ada versi hybrid, fix klw masuk di Indo harganya ngga ngotak lagi hahaha... fix bakalan sakit kepala kompetitor",1,2025-11-15T00:23:44Z,2025-11-15T00:23:44Z,2026-09-18T04:38:32.144167+00:00,"di cina klw tidak salah udah ada versi hybrid, fix klw masuk di indo harganya tidak ngotak lagi hahaha.. fix bakalan sakit kepala kompetitor",,netral,,,Human-Audit-GoldStandard,,netral,,,True
UgxlMejjN9H6QGAyyQB4AaABAg,fjWvVFT0vr0,48ce5a6c826b6ca3aa699b1e02a4392ca94dc449c83c4969caa7c334017dbb33,"Ayo donk chery dan kawan2, produksi citycar yg murah & berkualitas. Biar ga suv terus😢",65,2025-07-26T03:17:53Z,2025-07-26T03:17:53Z,2026-09-19T00:23:06.549873+00:00,"ayo donk chery dan kawan2, produksi citycar yg murah & berkualitas. biar tidak suv terus😢",,netral,,,Human-Audit-GoldStandard,,netral,,,True
UgxOzbpVT_xpCOx9VVl4AaABAg,AOjceFDyYeM,f5da2ca84c06e562f103bec31e2374b6748d3fe67867e1f11f5c600bd607afb5,"Skrg mulai banyak kok bengkel servis battery ,",0,2026-04-15T11:58:02Z,2026-04-15T11:58:02Z,2026-09-27T14:02:19.136503+00:00,"skrg mulai banyak kok bengkel servis battery ,",positif,,,,Human-Audit-GoldStandard,positif,,,,True
Ugxvx2l2Ra9zSmwOnNZ4AaABAg,SQJwC-QLsRk,33841c836efd252b7c888a901d5d6aa57009cd5c1f6a74d382ef6bf468d92207,Setir gak bisa tilt & telescopic. ( Maju mundur & Naik turun ) 😢😢😢,2,2026-04-25T09:40:31Z,2026-04-25T09:40:31Z,2026-09-19T00:23:15.005212+00:00,setir tidak bisa tilt & telescopic. ( maju mundur & naik turun ) 😢😢,,,negatif,,Human-Audit-GoldStandard,,,negatif,,True
UgyOYqZ_CtJPQrwgTJl4AaABAg,Bx-XDBdN7nA,35e4f054562cab44a6d886e08924462cd00ed9251db77d30e9a1ae8679b91228,masih menunggu informasi setelah pemakaian 1-2 tahun atau pemakaian jarak jauh. Dan bagaimana pelayanan after pembelian (service),0,2026-04-04T11:54:32Z,2026-04-04T11:54:32Z,2026-09-19T00:23:02.435533+00:00,masih menunggu informasi setelah pemakaian 1-2 tahun atau pemakaian jarak jauh. dan bagaimana pelayanan after pembelian (service),,,,netral,Human-Audit-GoldStandard,,,,netral,True
UgxNLCDt-xcGOSN8B8N4AaABAg,l8fPSUqdmOM,ea113a2ebc658b8605f52c6a779133bc819f0bdd069eff3a80e71c0af8e39f20,saya pernah bawa air ev dari bali ke jakarta... not fun. not ideal. but its doable. boleh di coba dan ngevlog.,9,2025-02-25T16:04:26Z,2025-02-25T16:04:26Z,2026-09-27T14:02:16.602859+00:00,saya pernah bawa air ev dari bali ke jakarta.. not fun. not ideal. but its doable. boleh di coba dan ngevlog.,netral,,,,Human-Audit-GoldStandard,netral,,,,True
UgwjglA47Su_CaYgkk94AaABAg,0fHm0HIIJrY,f9c33e8cc47a065dc14b892cc22a8cd3a7300d6a479230e43457be3ac959dc42,Waduh saya kok ndak ditawari IoV pas service pertama...,2,2026-05-13T14:11:14Z,2026-05-13T14:11:14Z,2026-09-27T14:02:21.256364+00:00,waduh saya kok ndak ditawari iov pas service pertama..,,,,negatif,Human-Audit-GoldStandard,,,,negatif,True
UgwqWFh07WfgXRB_DRp4AaABAg,O-vAYJNfQEk,38aa7f08defbda4d8d9ee6b2f50a0edcb3c3dbb58b0075b6f3fd2ef3d0c14f1f,Moga2 keluarin yg versi bbm nya .. Bentuk  eksterior nya bagus,0,2024-04-19T09:29:29Z,2024-04-19T09:29:29Z,2026-09-27T14:02:12.888906+00:00,moga2 keluarin yg versi bbm nya .. bentuk eksterior nya bagus,,,positif,,Human-Audit-GoldStandard,,,positif,,True
UgxjpCJL-tRQNtUdYgR4AaABAg,IMO53AFzSZU,de0940c2937bb2b534cc2ce09ff70ab2166b8158d32e73e5a2a39c8a428601be,Berarti keluhan Power Window itu rata2 semua Binguo Sama deh...,0,2026-08-28T07:20:18Z,2026-08-28T07:20:18Z,2026-09-27T14:02:20.682299+00:00,berarti keluhan power window itu rata2 semua binguo sama deh..,,,netral,,Human-Audit-GoldStandard,,,netral,,True
UgyDUPOyNEhL0yUcIRx4AaABAg,Bx-XDBdN7nA,e64bf73e4164de73e42f6cf777ee5eb7fbc27316ce22c89b6ee0f19fae2f5a7a,SPK tgl 8nov dijanjikan des-jan 😅,2,2025-11-16T06:15:13Z,2025-11-16T06:15:13Z,2026-09-19T00:23:01.508913+00:00,spk tgl 8nov dijanjikan des-jan 😅,,,,negatif,Human-Audit-GoldStandard,,,,negatif,True
Ugz12ZEcXsuj9aYps-V4AaABAg,z1fWo8tYynA,20847873075478af21a09fb4c5e278839f5f8d156a76873bc3613f069aecc64d,buat yg males bayar pajak 3jtan..atto cocok...1thn 300rb pajaknya...anti maling...maling males embat mobil listrik...gak perlu ganti oli dll..cuma sproring kaki aja,2,2025-09-18T19:00:16Z,2025-09-18T19:00:16Z,2026-09-19T00:23:13.239008+00:00,buat yg males bayar pajak 3jtan..atto cocok..1thn 300rb pajaknya..anti maling..maling males embat mobil listrik..gak perlu ganti oli dll..cuma sproring kaki aja,,positif,positif,,Human-Audit-GoldStandard,,positif,positif,,True
Ugzl6UhfNeGn7Itt8iF4AaABAg,SQJwC-QLsRk,9e0dd594c4f6864a2ed685666fa45772d1cb136c5ad3ea8333bde6ec430daa7b,"Sayang aion UT ga masuk padahal termasuk EV yang ternyaman di kelasnya.
Binguo EV juga bagus, pabrik, dealer, servis center terbanyak di indonesia.
MGS5 EV juga bagus dia saudara sepupu wuling, Satu induk SAIC. Joint Venture: merk  VW, GM, 
, Škoda, Audi, Buick, Chevrolet, dan Cadillac.",4,2026-04-26T01:48:14Z,2026-04-26T02:04:23Z,2026-09-19T00:23:15.653310+00:00,"sayang aion ut tidak masuk padahal termasuk ev yang ternyaman di kelasnya. binguo ev juga bagus, pabrik, dealer, servis center terbanyak di indonesia. mgs5 ev juga bagus dia saudara sepupu wuling, satu induk saic. joint venture: merk vw, gm, , škoda, audi, buick, chevrolet, dan cadillac.",,,positif,positif,Human-Audit-GoldStandard,,,positif,positif,True
UgxnoZwz1rRBW-KvYO94AaABAg,IMO53AFzSZU,0753fc5b87f29adc5a0b479ddf78233c848081401c4b2ff64f95cfb09a301e59,Wuling yg di sby lagi viral kohh,0,2026-09-09T06:38:31Z,2026-09-09T06:38:31Z,2026-09-27T14:02:20.682299+00:00,wuling yg di sby lagi viral kohh,,,,positif,Human-Audit-GoldStandard,,,,positif,True
UgzFiMfOwCv16DZeMXR4AaABAg,fjWvVFT0vr0,91fa12f95efcfd1d8085f8edea4090e70758c489fac44fbb5e1799318610b962,msh blum brni pake mobil listrik banyak beredar video di X byd di parkir tiba2 berasap dan terbakar....,0,2025-07-28T18:54:22Z,2025-07-28T18:54:46Z,2026-09-19T00:23:09.886682+00:00,msh blum brni pakai mobil listrik banyak beredar video di x byd di parkir tiba2 berasap dan terbakar..,,,negatif,,Human-Audit-GoldStandard,,,negatif,,True
UgwqgXruEQgtSmJZ5-N4AaABAg,SQJwC-QLsRk,ec1148d56bf05d1ade84f67374283282d0d99d6b8c823f240cc7ecbb4e44f069,"awalnya gw ga pernah nyangka atto1 mobil imut begitu 200jtan, kirain bakal 100-150",0,2026-05-01T08:40:51Z,2026-05-01T08:40:51Z,2026-09-19T00:23:15.005212+00:00,"awalnya gw tidak pernah nyangka atto1 mobil imut begitu 200jtan, kirain bakal 100-150",,netral,,,Human-Audit-GoldStandard,,netral,,,True
Ugw3loZjLlerMwwQBe14AaABAg,A-qeEyGaJM0,3c3fa1664ae42bee2ff10a8d1e3ef5fb4c0308b4845bda138d073919d04d4584,"kmrn abis ke surabaya naek m6, mesin ultra fast charging 200kw nya kynya ud tua cm bs 60kw aja masuk nya, mobil nya bs masuk 100an kw mesti nya. mending colok ke mesin yg lbh baru yg warna putih smua. kalo ga urgent n ga ada charger laen slaen si 200kw mending skip ke next RA aja biar bs full power. ud ngalamin 2x di RA102B dan 62B, pas pergi aman dapet yg mesin baru smua. di km 102B ada yg charge jg disebelah, kebagi 2 lagi cm 25kw yg masuk, bs 2 jam baru penuh, kapan nyampe nya, ke toilet lgsg cabut aja pindah ke 62B.",0,2026-09-16T17:10:58Z,2026-09-16T17:10:58Z,2026-09-19T00:23:14.160865+00:00,"kmrn abis ke surabaya naek m6, mesin ultra fast charging 200kw nya kynya ud tua cm bs 60kw aja masuk nya, mobil nya bs masuk 100an kw mesti nya. lebih baik colok ke mesin yg lbh baru yg warna putih smua. kalo tidak urgent n tidak ada charger laen slaen si 200kw lebih baik skip ke next ra aja biar bs full power. ud ngalamin 2x di ra102b dan 62b, pas pergi aman dapet yg mesin baru smua. di km 102b ada yg charge jg disebelah, kebagi 2 lagi cm 25kw yg masuk, bs 2 jam baru penuh, kapan nyampe nya, ke toilet lgsg cabut aja pindah ke 62b.",netral,,,,Human-Audit-GoldStandard,netral,,,,True
UgztP21cpGurAzwXZGd4AaABAg,AOjceFDyYeM,1e2594cbb0ef559bfb79652fe469f00487df1f5a58617916860f20c61a42ea80,Bener ko..saya pake confero..kendala dikaki2..yg lain gk ada masalah..pake udh 6thn,0,2025-12-04T03:01:56Z,2025-12-04T03:01:56Z,2026-09-27T14:02:19.136503+00:00,bener ko..saya pakai confero..kendala dikaki2..yg lain tidak ada masalah..pake sudah 6thn,,,netral,,Human-Audit-GoldStandard,,,netral,,True
Ugwv1EC7QCV66byOyxp4AaABAg,j_6L3j7vrOc,77790817db7c73a31a9e828b6e7f7ddffd477b7ab78d3150984072c40f576dc6,"mobilnya udah mau sempurna, tapi dirusak karena speedometernya.",0,2026-04-01T14:45:59Z,2026-04-01T14:45:59Z,2026-09-19T00:23:05.069705+00:00,"mobilnya udah mau sempurna, tapi dirusak karena speedometernya.",,,negatif,,Human-Audit-GoldStandard,,,negatif,,True
UgygHXxJwIOkXWtJZfR4AaABAg,z1fWo8tYynA,d5d476bb9fa40e3af9c2596ec1af1e9370a6b5958ad060631818e7f785f6ab8d,"BYD jual harga segitu, termasuk strategi marketing..dengan fitur lengkap harga segitu, bakal banyak logo BYD berseliweran di jalan ...",31,2025-09-18T09:52:21Z,2025-09-18T09:52:21Z,2026-09-19T00:23:10.960426+00:00,"byd jual harga segitu, termasuk strategi marketing..dengan fitur lengkap harga segitu, bakal banyak logo byd berseliweran di jalan ..",,netral,positif,,Human-Audit-GoldStandard,,netral,positif,,True
UgwfE7ZBbvf1B1J9J2h4AaABAg,bC7X9DplrIc,a7de6631dcc899f9ed5bebd1aec7bc921d83814fdc42f24276a7994e5ef3c0b2,Minusnya buka PO desember sampai hari ini blm terima unitnya,34,2026-03-04T15:27:35Z,2026-03-04T15:27:35Z,2026-09-19T00:23:14.522723+00:00,minusnya buka po desember sampai hari ini belum terima unitnya,,,,negatif,Human-Audit-GoldStandard,,,,negatif,True
UgwY-WUAvPilCindF7l4AaABAg,fjWvVFT0vr0,da05854faba1f53a027d4250d19ce774bde60a954f1917c577b7ebeba4c6a082,pernah liat di jalan ganteng bangt..,0,2025-11-19T10:46:07Z,2025-11-19T10:46:07Z,2026-09-19T00:23:08.164869+00:00,pernah liat di jalan ganteng bangt..,,,positif,,Human-Audit-GoldStandard,,,positif,,True
UgwkDH1Xad4CNdIw2VB4AaABAg,z1fWo8tYynA,32a8f74fbc4a942d39a0547b331cc79d9bd68b78136539fe508be7dc1e0f6c29,Ac nya dingininnya lama..? Ga cocok sama cuaca Jakarta palagi Bekasi wkwkwk,0,2026-03-26T12:29:05Z,2026-03-26T12:29:05Z,2026-09-19T00:23:12.527826+00:00,ac nya dingininnya lama..? tidak cocok sama cuaca jakarta palagi bekasi wkwkwk,,,netral,,Human-Audit-GoldStandard,,,netral,,True
UgwZq9PL6dxgd0tRYoh4AaABAg,jL5p1zZMNEM,55d7ebceedc58c3379fa0bd0913ef589469c237901c7c8448b946ed7d7f3fa88,"Pilih wuling cloud karena mmg 1 1 nya dgn dimensi yg luas dgn bagasi super dan kabin nyaman sih (terutama baris ke 2).
Tinggal sedia converter (13jtan) dan pnp utk android auto uda no issue.
Apalagi selisih 100jtan dibanding yg mepet2 dimensi nya",1,2024-09-19T18:19:06Z,2024-09-19T18:19:06Z,2026-09-27T14:02:12.351850+00:00,pilih wuling cloud karena mmg 1 1 nya dengan dimensi yg luas dengan bagasi super dan kabin nyaman sih (terutama baris ke 2). tinggal sedia converter (13jtan) dan pnp untuk android auto uda no issue. apalagi selisih 100jtan dibanding yg mepet2 dimensi nya,,netral,positif,,Human-Audit-GoldStandard,,netral,positif,,True
UgyJ0hJ4h-xmicZUbOB4AaABAg,Bx-XDBdN7nA,865ae7a75818f13e3b5b3753a5ad55030bf0a0c764e953b65a9c50230e460642,Indent lama 😢,0,2025-11-18T15:50:38Z,2025-11-18T15:50:38Z,2026-09-19T00:23:02.435533+00:00,indent lama 😢,,,,negatif,Human-Audit-GoldStandard,,,,negatif,True
UgyT9I0u69Elnlnj2jt4AaABAg,9GTZD3la5qI,ba4e7823d8b98d8f71c8110046410584dd00436ad9d478a1ebe5f714b7ec561d,"garansinya bagus apalagi buat motor dan baterai tapi sayang persyaratannya banyak,ribet dan banyak limitasi",0,2024-01-13T13:31:12Z,2024-01-13T13:31:12Z,2026-09-27T14:02:22.040959+00:00,"garansinya bagus apalagi buat motor dan baterai tapi sayang persyaratannya banyak,ribet dan banyak limitasi",,negatif,,,Human-Audit-GoldStandard,,negatif,,,True
UgyQ4bpWFbrK4IZq2A54AaABAg,A-qeEyGaJM0,33569a76499e1ea4c8fa575f30cdc209efffb4f70b58ab0326e75b9b73d7b05b,"Fyi ya kalau jalur surabaya - solo. Selalu plan charge di rest area 575  ngawi atau 519 masaran.
Cuma dua itu yg spklunya banyak jadi aman dari kemungkinan antri",1,2026-09-16T10:01:03Z,2026-09-16T10:01:03Z,2026-09-19T00:23:14.160865+00:00,fyi ya kalau jalur surabaya - solo. selalu plan charge di rest area 575 ngawi atau 519 masaran. cuma dua itu yg spklunya banyak jadi aman dari kemungkinan antri,netral,,,,Human-Audit-GoldStandard,netral,,,,True
Ugy881YgEwE-GyrPm7d4AaABAg,A-qeEyGaJM0,3be4b3e5204afead69727ee97b46272f3535ac0055d99872207ad43e43e22dac,"Gue beli mobil ini 
sdh 4bln blm dpt wall charger 😢😢😢",0,2026-09-15T14:05:42Z,2026-09-15T14:05:42Z,2026-09-19T00:23:14.162400+00:00,gue beli mobil ini sudah 4bln belum dapat wall charger 😢😢,negatif,,,,Human-Audit-GoldStandard,negatif,,,,True
UgzF6fSHHL6gJX5Lq7F4AaABAg,W3G8V7xV3-Y,b3574e112313b99fe668917030559989973b1976b366ea52ec8e32a9cb17f698,"1.pindah tangan ,gugur garansi lifetime nya , tapi tetep masih ada garansi 8 tahun
2.ganti velg ,gak gugur garansi
3.kebakar yang di maksud ,kebakar dari external ..

Emang mobil listrik cina sekarang pada bikin ketar ketir pemilik bengkel mobil biasa ..takut gak ada pelanggan lagi mereka ..",1,2025-05-29T13:13:50Z,2025-05-29T13:13:50Z,2026-09-27T14:02:25.659868+00:00,"1.pindah tangan ,gugur garansi lifetime nya , tapi tetep masih ada garansi 8 tahun 2.ganti velg ,gak gugur garansi 3.kebakar yang di maksud ,kebakar dari external .. emang mobil listrik cina sekarang pada bikin ketar ketir pemilik bengkel mobil biasa ..takut tidak ada pelanggan lagi mereka ..",,,,netral,Human-Audit-GoldStandard,,,,netral,True
UgwI9wD0dz2vSk4AZkR4AaABAg,Bx-XDBdN7nA,d02ba5b48c455390bda912a792567ff30e42a1db1e18fe72d8bf2daceabfdb9e,"fortuner dan innova berasa jadi sangat Murahan di depan J5 
😭😭😭",2,2025-12-03T01:58:51Z,2025-12-03T01:58:51Z,2026-09-19T00:23:01.508913+00:00,fortuner dan innova berasa jadi sangat murahan di depan j5 😭😭,,positif,,,Human-Audit-GoldStandard,,positif,,,True
UgymLTj1flAGrZZqQdB4AaABAg,Vu0ayycGXbI,c54e3fdbcb437fec032b2633b4710fc7f1c5fe46f6f1f740ee848561a0ce8bed,ban nya merk giti p10 memang rada licin sih di jalan basah,28,2026-02-23T10:21:13Z,2026-02-23T10:21:13Z,2026-09-19T00:23:04.027753+00:00,ban nya merk giti p10 memang rada licin sih di jalan basah,,,negatif,,Human-Audit-GoldStandard,,,negatif,,True
UgwUA-iCZhpuX5D8jPd4AaABAg,jL5p1zZMNEM,c504441df67a6551a7f421a5a9eac96bfa75889dc25e4cad4d4cc2fd31564f92,Omoda Emang kuat Batrenya.,0,2024-09-19T04:45:55Z,2024-09-19T04:45:55Z,2026-09-27T14:02:11.248425+00:00,omoda emang kuat batrenya.,,,positif,,Human-Audit-GoldStandard,,,positif,,True
UgwOu9EImASCUrfDXdh4AaABAg,bC7X9DplrIc,5c351a263219b23b338566c85cfcc7e183321c7002f79f7d2391eb45bdad20e3,"Spare partnya apa tersedia?, dealernya msh minim  diluar jkt .....repot nti..",2,2026-03-05T10:07:11Z,2026-03-05T10:07:11Z,2026-09-19T00:23:14.522723+00:00,"spare partnya apa tersedia?, dealernya msh minim diluar jkt ..repot nti..",,,,negatif,Human-Audit-GoldStandard,,,,negatif,True
UgwnBmlrF2R0Vo0GIE14AaABAg,l8fPSUqdmOM,cc1f8638ddc6279fab9e97be9954c2ab4189d711dc7c11d9668479ed4d32f737,"Masih ketar ketir sih koh, spklu masih minim, mungkin tunggu spklu SDH banyak, baru coba vinfast 3",0,2025-06-08T12:57:13Z,2025-06-08T12:57:13Z,2026-09-27T14:02:15.000262+00:00,"masih ketar ketir sih koh, spklu masih minim, mungkin tunggu spklu sudah banyak, baru coba vinfast 3",negatif,,,,Human-Audit-GoldStandard,negatif,,,,True
UgxsleFTyS5WYUhh_Lx4AaABAg,J00aDzfK8WQ,aafbea55b1d155795ac5e0df63a6360a8e598e18e7692b51607544031173834e,Kenapa sih uda CKD warna gak ditambahin? Padahal di negara lain banyak warna. Pilihan warna di sini cuma 3. Pasang stiker wrapping gak kelihatan bagus,3,2026-05-29T16:07:19Z,2026-05-29T16:07:19Z,2026-09-19T00:23:10.549263+00:00,kenapa sih uda ckd warna tidak ditambahin? padahal di negara lain banyak warna. pilihan warna di sini cuma 3. pasang stiker wrapping tidak kelihatan bagus,,,negatif,,Human-Audit-GoldStandard,,,negatif,,True
Ugw5ShA8CC6RTKjokMx4AaABAg,W3G8V7xV3-Y,06dd0fdd65ac05c3f7ee6fdd7bd320a71205a849f98e8e25d2e1d35f7f92453d,"Ganti velg aja motor listrik beresiko rusak
Banyak syarat aturan ribet 😂😂

Isuzu panther royal saya aja udah 400 ribu km lebih
Engine fine2 aja ga pernah problem (tangan pertama dari baru) 1996
Kaki kaki rusak wajarlah😅",0,2024-06-07T08:52:57Z,2024-06-07T08:52:57Z,2026-09-27T14:02:27.731586+00:00,ganti velg aja motor listrik beresiko rusak banyak syarat aturan ribet 😂😂 isuzu panther royal saya aja udah 400 ribu km lebih engine fine2 aja tidak pernah problem (tangan pertama dari baru) 1996 kaki kaki rusak wajarlah😅,,negatif,,,Human-Audit-GoldStandard,,negatif,,,True
Ugx4mqCCKwEslc-lx194AaABAg,IMO53AFzSZU,c8ae4d53cc9a587b18889a054894085d4e979d35596e0659577c85ff92ee7b2e,"Konten bagus. Ini mengkonfirmasi dugaan selama ini bahwa keandalan mekanikal mobil RRC memang bermasalah sama seperti mobil Asia lainnya. Jadi, bagi yang terbiasa mobil Eropa, jangan kecewa ya.",0,2026-08-24T13:15:10Z,2026-08-24T13:15:10Z,2026-09-27T14:02:20.682299+00:00,"konten bagus. ini mengkonfirmasi dugaan selama ini bahwa keandalan mekanikal mobil rrc memang bermasalah sama seperti mobil asia lainnya. jadi, bagi yang terbiasa mobil eropa, jangan kecewa ya.",,,negatif,,Human-Audit-GoldStandard,,,negatif,,True
Ugxvbtgs88NZD2LQZu94AaABAg,AOjceFDyYeM,f593fffa0077dd6896e092e79337cb79b480fe21c16a64eee7ca5780cc628b74,"kalau untuk garansi batrai healt wuling sudah tepat dibawah 70 ko. karena faktor drop nya baterai health bisa terjadi jika ada cacat pada baterai dan anomali pada kelistrikan dan pengecasan. jika baterai, kelistrikan dan pengecasan aman aman saja, baterai health nya akan awet. jadi ada juga kok ko yg km nya masi rendah tapi baterai health nya sudah dibawah 70% .",0,2026-03-10T21:16:07Z,2026-03-10T21:16:07Z,2026-09-27T14:02:19.136503+00:00,"kalau untuk garansi baterai healt wuling sudah tepat dibawah 70 ko. karena faktor drop nya baterai health bisa terjadi jika ada cacat pada baterai dan anomali pada kelistrikan dan pengecasan. jika baterai, kelistrikan dan pengecasan aman aman saja, baterai health nya akan awet. jadi ada juga kok ko yg km nya masi rendah tapi baterai health nya sudah dibawah 70% .",,,netral,,Human-Audit-GoldStandard,,,netral,,True
UgyCSfCcgoyDCSYrpfZ4AaABAg,dEJ4VEjH1AQ,bbfeb9057694e7e653c9b91c9cd926ce63161099655dd2ff12ef9a6feaf39e85,"mobil 200jutan udah semewah itu, dan kalian masih suka bully brand china 😢",0,2025-11-24T23:45:32Z,2025-11-24T23:45:32Z,2026-09-19T00:23:14.870779+00:00,"mobil 200jutan udah semewah itu, dan kalian masih suka bully brand china 😢",,positif,,,Human-Audit-GoldStandard,,positif,,,True
Ugx0P0EeHrKToMl2tF94AaABAg,G_acqAJrRso,04ed500cd3cfbab30d24ad38d8d0176c993e03747ef304006e181d9ea48c2e48,"Desain belakang copy banget RR, desain depan agak aneh krn polos…",0,2026-04-27T05:58:28Z,2026-04-27T05:58:28Z,2026-09-18T04:38:32.144167+00:00,"desain belakang copy banget rr, desain depan agak aneh karena polos…",,,negatif,,Human-Audit-GoldStandard,,,negatif,,True
UgxImG8dQnLhS0-5cCl4AaABAg,z1fWo8tYynA,acb18561782e23b5d6cb2454563871966a9270b00c3234e177e8bc4dfa86b8a4,enak klo bisa ngecas dirumah,1,2025-10-26T13:50:59Z,2025-10-26T13:50:59Z,2026-09-19T00:23:10.960426+00:00,enak kalau bisa mengisi daya dirumah,netral,,,,Human-Audit-GoldStandard,netral,,,,True
UgygT1RJtiHp5EemiqF4AaABAg,z1fWo8tYynA,dabe1d83c639ec355414c92c53cc17d1c1523963c6970ab94d89c79b9a9f4123,"Masih ingat waktu dulu Motor2 merek China jiplak motor2 Jepang, ada Kanzen, KTM, Jialing dll. Semua waktu itu kualitasnya sangat buruk. Tapi di akhir2 tahun ini baik Motor dan Mobil China kualitas, Desain dan Harga sangat bagus. Berbeda dengan di Indonesia hanya konsumtif dan mengurusi hal-hal yang ga penting.",15,2025-09-17T16:07:39Z,2025-09-17T16:07:39Z,2026-09-19T00:23:13.239008+00:00,"masih ingat waktu dulu motor2 merek china jiplak motor2 jepang, ada kanzen, ktm, jialing dll. semua waktu itu kualitasnya sangat buruk. tapi di akhir2 tahun ini baik motor dan mobil china kualitas, desain dan harga sangat bagus. berbeda dengan di indonesia hanya konsumtif dan mengurusi hal-hal yang tidak penting.",,positif,positif,,Human-Audit-GoldStandard,,positif,positif,,True
UgxWZ__OSlD5Q9GYyT14AaABAg,G_acqAJrRso,c10fe26ae5e61bb14a58efd6c7dedcec4f625fb8d6db67df90228b278f490eef,"Yg kalian tidak sadar, baterainya LFP tapi bukan blade battery. Jadi tidak tahan tusukan. Blade battery byd masih yg terbaik saat ini untuk keamanan baterai",0,2025-11-14T17:33:57Z,2025-11-14T17:33:57Z,2026-09-18T04:38:32.144167+00:00,"yg kalian tidak sadar, baterainya lfp tapi bukan blade battery. jadi tidak tahan tusukan. blade battery byd masih yg terbaik saat ini untuk keamanan baterai",,,positif,,Human-Audit-GoldStandard,,,positif,,True
UgwTJ2m0eDCvGmyPWzF4AaABAg,dEJ4VEjH1AQ,f916750c5f53942620d231bb2f4b4df979d451fbc7b01244902673779c64cba5,Mantap ini RWD  pasti laku di luar jawa,2,2025-11-26T06:33:12Z,2025-11-26T06:33:12Z,2026-09-19T00:23:14.870779+00:00,bagus ini rwd pasti laku di luar jawa,,,positif,,Human-Audit-GoldStandard,,,positif,,True
UgxF4EgQxbK0Fjira8N4AaABAg,A-qeEyGaJM0,0b1f7b18ada9ae431c4e230241d4d9a2a9a3d82a49a28f82eb689a98ac325434,Bantingannya empuk bener,0,2026-09-15T13:10:12Z,2026-09-15T13:10:12Z,2026-09-19T00:23:14.160865+00:00,bantingannya empuk bener,,,positif,,Human-Audit-GoldStandard,,,positif,,True
Ugy6Aaf4IybvS0MImIF4AaABAg,Bx-XDBdN7nA,e382eb17ea2a66e81b0ace31b6acabd6b9f798b0f841566264d959f924711d60,"Konsumen indo harus lebih cerdas, jangan mau dikibulin sama merk sebelah harga mahal fitur minim.",0,2025-11-26T08:18:40Z,2025-11-26T08:18:40Z,2026-09-19T00:23:01.508913+00:00,"konsumen indo harus lebih cerdas, jangan mau dikibulin sama merk sebelah harga mahal fitur minim.",,netral,netral,,Human-Audit-GoldStandard,,netral,netral,,True
UgzHkTdbU1JsJkEEXdt4AaABAg,z1fWo8tYynA,dcc63bfdbe41f5580f33b1652ef23a85203ce457dfa5eb9276a9f4d2d4203657,Udah murah tp ganteng😂😂,0,2025-09-22T03:42:40Z,2025-09-22T03:42:40Z,2026-09-19T00:23:11.766454+00:00,udah murah tapi ganteng😂😂,,positif,positif,,Human-Audit-GoldStandard,,positif,positif,,True
UgwyPjfbEQbkRKSa7tx4AaABAg,9GTZD3la5qI,add079bd85bae632f3bbc66b7653c3baaa232259f99674b93b760589c49f76fd,"Satu aja sih masalah wuling yaitu masalah sparepartnya,kalau yang fast moving mungkin ready kalau yang gak fast moving kemungkinan besar indent",3,2024-01-13T05:44:51Z,2024-01-13T05:45:15Z,2026-09-27T14:02:23.207162+00:00,"satu aja sih masalah wuling yaitu masalah sparepartnya,kalau yang fast moving mungkin ready kalau yang tidak fast moving kemungkinan besar indent",,,,negatif,Human-Audit-GoldStandard,,,,negatif,True
Ugwc0O1M514Me3MUOSh4AaABAg,J00aDzfK8WQ,a9393138904775e93ffcf58be810e5ed2d77c68a891c50703f3280f2bc9584ba,"Kok bisa ya range mobil ini lebih banyak dari icar v23 rwd. Padahal baterai icar 2x lipatnya ini, dan bodynya juga gak sebongsor zenix/j6. Apa v23 seboros itu yak?",0,2026-05-25T14:09:22Z,2026-05-25T14:09:22Z,2026-09-19T00:23:10.549263+00:00,"kok bisa ya range mobil ini lebih banyak dari icar v23 rwd. padahal baterai icar 2x lipatnya ini, dan bodynya juga tidak sebongsor zenix/j6. apa v23 seboros itu yak?",netral,,,,Human-Audit-GoldStandard,netral,,,,True
UgwQAbAfen9o8BWnzo14AaABAg,Bx-XDBdN7nA,1089028ff70e3300c6cc301400dce11f5091681b285c33a0b0519f65091c8f00,"Tinggal diliat apakah after sales nya bagus atau ngak,soalnya belajar dri brand sebelah banyak kasus yang buruk pelayanan nya 😂",0,2025-11-16T06:24:22Z,2025-11-16T06:24:22Z,2026-09-19T00:23:03.105243+00:00,"tinggal diliat apakah after sales nya bagus atau ngak,soalnya belajar dri brand sebelah banyak kasus yang buruk pelayanan nya 😂",,,,netral,Human-Audit-GoldStandard,,,,netral,True
UgxWecX7jaq9TdiOHmV4AaABAg,AOjceFDyYeM,365a2a72ac635b111e4523105dc0ea1188aa3f3f845686abca2d1a0b0a5e496b,saya sdh klaim pompa vakum pengereman perlu waktu 2-4 minggu 😅 pdhal baru jalan 1500km,4,2025-12-03T17:59:33Z,2025-12-03T17:59:33Z,2026-09-27T14:02:19.136503+00:00,saya sudah klaim pompa vakum pengereman perlu waktu 2-4 minggu 😅 pdhal baru jalan 1500km,,,negatif,,Human-Audit-GoldStandard,,,negatif,,True
UgzKWOE8u2CaqnA5dtR4AaABAg,9GTZD3la5qI,ad726ba0c59fde7ec7545a6820abb99ddd0778c7138fea4768eac926b24450d6,Garansi = angin syurga,0,2024-10-01T06:02:45Z,2024-10-01T06:02:45Z,2026-09-27T14:02:23.207162+00:00,garansi = angin syurga,,,,negatif,Human-Audit-GoldStandard,,,,negatif,True
Ugz8MY9UCSswOj3SzEl4AaABAg,G_acqAJrRso,900c4480bf2c402acfc2a1b523bdca62d3542c1c9040b540f1554a0d270189ed,"Produk udalah no debat...
Di kelas Dengan harga segitu kayaknya 2025 ini jaecoo ini juara.
Tinggal pembuktikan Beres n sparepart nya...",7,2025-11-15T08:03:22Z,2025-11-15T08:03:22Z,2026-09-18T04:38:30.738340+00:00,produk udalah no debat.. di kelas dengan harga segitu kayaknya 2025 ini jaecoo ini juara. tinggal pembuktikan beres n sparepart nya..,,positif,,netral,Human-Audit-GoldStandard,,positif,,netral,True
UgzDtmBFtzSzfdL08L54AaABAg,O-vAYJNfQEk,a4d2d6b77137790729a4098a11be087acb6210b757dce5b347160307ce58d6aa,"Kayaknya mustahil bisa ngabisin baterai wuling mas bro... kecuali baterainya dibakar atau dihancurin... yang bisa habis itu ya cuma teganganya... (Guyon lo, ojo baper) 🤣🤣🤣🙏🙏🙏",0,2024-02-13T15:32:48Z,2024-02-13T15:32:48Z,2026-09-27T14:02:14.061399+00:00,"kayaknya mustahil bisa ngabisin baterai wuling mas bro.. kecuali baterainya dibakar atau dihancurin.. yang bisa habis itu ya cuma teganganya.. (guyon lo, ojo baper) 🤣🤣🙏🙏",netral,,,,Human-Audit-GoldStandard,netral,,,,True
UgxkfJuVZK1g9xbu7bh4AaABAg,dEJ4VEjH1AQ,888f5aea6bdc7958c4fe71f6473f5dccf84088157170e95a806e98cdea379976,"Gw udah coba semua trio di bawah 300 juta. Gw heran org2 ga beli mobil ini. Udah bantingan dan bawaan enak, interior ok. Pas testing anak2 sm bini gw aja suruh beli ini.",0,2026-01-02T14:16:13Z,2026-01-02T14:16:13Z,2026-09-19T00:23:14.870779+00:00,"gw udah coba semua trio di bawah 300 juta. gw heran org2 tidak beli mobil ini. udah bantingan dan bawaan enak, interior ok. pas testing anak2 sama bini gw aja suruh beli ini.",,,positif,,Human-Audit-GoldStandard,,,positif,,True
Ugz4jULS0Jnu10zTj7Z4AaABAg,Bx-XDBdN7nA,a8ada60f818c25df5397ca9cf82d257fb7953f8dbf4100bdaa410541bf071f62,"Desain mobilnya jelek, memang toyota lebih bagus desainnya",0,2025-11-16T05:51:38Z,2025-11-16T05:51:38Z,2026-09-19T00:23:03.106249+00:00,"desain mobilnya jelek, memang toyota lebih bagus desainnya",,,negatif,,Human-Audit-GoldStandard,,,negatif,,True
UgzlIWFUdMJSrxvNXHR4AaABAg,G_acqAJrRso,e200e80b234d59edc594b5d17e8b74a3048967f098e5f90f916b745023e51747,Bagus spek nya anjirrrrrrr😂,0,2025-11-16T12:48:39Z,2025-11-16T12:48:39Z,2026-09-18T04:38:32.144167+00:00,bagus spek nya anjirr😂,,,positif,,Human-Audit-GoldStandard,,,positif,,True
UgxL3HVsjozu4K9xy3l4AaABAg,khAUeXPkWvg,c9261a7b775c96a5eeb2b19679afd9f54b1d2335e835022f2599359870fe1ad3,"Mobil EV claim 400km
Dari batrai 100% sampai kosongg
Padahal yang harus kita tau, maksimal batre itu rekomended diisi 80-90% dan di sisain 20-30% 
Berarti optimalnya cma bsa pake 50% dari range, blm lg klo bawa beban full bsa berkurang lg 5- 10%. Itu klo kita mau jagain batrai agar awet yah guyss..  Berdassrkan pengalaman pribadi 👌",0,2026-03-22T22:05:04Z,2026-03-22T22:05:04Z,2026-09-27T14:02:18.015298+00:00,"mobil ev claim 400km dari baterai 100% sampai kosongg padahal yang harus kita tau, maksimal baterai itu direkomendasikan diisi 80-90% dan di sisain 20-30% berarti optimalnya cma bsa pakai 50% dari range, belum lagi kalau bawa beban full bsa berkurang lagi 5- 10%. itu kalau kita mau jagain baterai agar awet yah guyss.. berdassrkan pengalaman pribadi 👌",netral,,,,Human-Audit-GoldStandard,netral,,,,True
UgxYPrlF32qH5lG4YTB4AaABAg,wWoTrVO2Hk4,8b5c035cefe6979de1360db284f361d8c87df601933caf6745fb48bbe86cfb0f,klo logonya Toyota pasti sudah 1 M lebih harganyaaa😂,18,2026-04-22T17:15:06Z,2026-04-22T17:15:06Z,2026-09-19T00:23:05.982688+00:00,kalau logonya toyota pasti sudah 1 m lebih harganyaa😂,,netral,,,Human-Audit-GoldStandard,,netral,,,True
UgzIwGMzUGffN9Wk9lB4AaABAg,9GTZD3la5qI,10e99f075b9fa2d6d5770daf7855b51b812e3f8fddab5fe019bdcd17a4f5979f,"Siapa jg yg keep mobil selamanya, ga guna sbnrnya lifetime waranty ini klo pindah tangan hangus",0,2024-05-20T00:56:48Z,2024-05-20T00:56:48Z,2026-09-27T14:02:22.040959+00:00,"siapa jg yg keep mobil selamanya, tidak guna sbnrnya lifetime waranty ini kalau pindah tangan hangus",,negatif,,,Human-Audit-GoldStandard,,negatif,,,True
UgxbauMaftif2ojIDlV4AaABAg,jL5p1zZMNEM,8490b900e82861b7343b4d2ea651e509a0f9e03e581dee4d0f0d2917c2391a00,"Perlu tes mobil listrik bgini di sulawesi dari makassar sampe Manado, atau dari Kendari sampe Manado, supaya pemerintah setempat dan PT. PLN Menyediakan infrastrutur yg proper juga untuk mobil listrik kayak di jawa, kita yg orang sulawesi msh mikir berkali kali utk beli mobil listrik krn pertama infrastruktur sepanjang jalan trans sulawesi gak ada charger atau informasi tempat charger yang proper kyk di jawa! Mungkin 10 tahun lagi klo pemerintahan support pembangunan infrastrur listrik masif di sulawesi dan daerah2 luar jawa lainnya, karena potensi besar sebenarnya utk luar jawa karena costumer mementingkan efisiensi dan realible dlm pembelian kendaraan mrrk, jd ayo donk pemerintah bangun infrasturnya dan promosikan daerah mana saja yg siap ada chargernya gitu min",1,2024-09-20T01:07:31Z,2024-09-20T01:10:00Z,2026-09-27T14:02:12.351850+00:00,"perlu tes mobil listrik bgini di sulawesi dari makassar sampe manado, atau dari kendari sampe manado, supaya pemerintah setempat dan pt. pln menyediakan infrastrutur yg proper juga untuk mobil listrik kayak di jawa, kita yg orang sulawesi msh mikir berkali kali untuk beli mobil listrik karena pertama infrastruktur sepanjang jalan trans sulawesi tidak ada charger atau informasi tempat charger yang proper kyk di jawa! mungkin 10 tahun lagi kalau pemerintahan support pembangunan infrastrur listrik masif di sulawesi dan daerah2 luar jawa lainnya, karena potensi besar sebenarnya untuk luar jawa karena costumer mementingkan efisiensi dan realible dlm pembelian kendaraan mrrk, jd ayo donk pemerintah bangun infrasturnya dan promosikan daerah mana saja yg siap ada chargernya gitu min",negatif,,,,Human-Audit-GoldStandard,negatif,,,,True
UgzDxqdIFvXz2v3YEj54AaABAg,jL5p1zZMNEM,7264a5e2c7758ca8cbbee837a6cc4718d946197c3df074f1828dbb1ccbb5c6f8,Omoda e5 ini keren bgt sih😍,5,2024-09-20T05:39:40Z,2024-09-20T05:39:40Z,2026-09-27T14:02:09.410241+00:00,omoda e5 ini keren banget sih😍,,,positif,,Human-Audit-GoldStandard,,,positif,,True
UgzBJwehlGgOe2gkf_14AaABAg,fjWvVFT0vr0,02050f41933a09c962ea6eb1648ba950535e3b1a76bc974eb79ab874e06423a0,"Cukup layak untuk dipertimbangan,selain model yg lebih keren dari kompetitor,cocok buat yg mau punya mobil tapi rumahnya kecil,cocok buat kekuarga kecil yg terdiri dari 3-5 orang,dan cocok kalo mau ambil mobil tampang sporty harga murah",0,2026-04-04T00:51:19Z,2026-04-04T00:51:19Z,2026-09-19T00:23:06.549873+00:00,"cukup layak untuk dipertimbangan,selain model yg lebih keren dari kompetitor,cocok buat yg mau punya mobil tapi rumahnya kecil,cocok buat kekuarga kecil yg terdiri dari 3-5 orang,dan cocok kalo mau ambil mobil tampang sporty harga murah",,,positif,,Human-Audit-GoldStandard,,,positif,,True
Ugz3D2nVFILhmpslLrt4AaABAg,wWoTrVO2Hk4,9a4a34a55df39759f97ff0aa34d2cb6286ae0887a203b326e9d1cdc1d2e49f64,Keren sih om mobil dibawah 300 jtan fiturnya kayak mobil di bawah 1M om👍👍👍👍👍👍👍👍👍👍,2,2026-04-22T14:11:07Z,2026-04-22T14:11:07Z,2026-09-19T00:23:05.982688+00:00,keren sih om mobil dibawah 300 jtan fiturnya kayak mobil di bawah 1m om👍👍,,,positif,,Human-Audit-GoldStandard,,,positif,,True
UgynVDUiBLwYDMibqvV4AaABAg,VEXJp_L57Nk,8b7562ac3fe982a9cacbf595ad25cd684dca4c0b20893d78cdd5547ba65d0b2c,"10 tahun memakai mobile ice (brio), setelah test drive, langsung masyaallah gapake lama SPK, banyak sisi positifnya teman², serius 😁",24,2025-10-03T15:55:59Z,2025-10-03T15:55:59Z,2026-09-19T00:23:10.716076+00:00,"10 tahun memakai mobile ice (brio), setelah test drive, langsung masyaallah gapake lama spk, banyak sisi positifnya teman², serius 😁",,,positif,,Human-Audit-GoldStandard,,,positif,,True
UgzRXp_Y7127V7nGNWl4AaABAg,SQJwC-QLsRk,bb1776f2fee26f0d14c3973732d56a97f15ad52c745e7064056d0a17db0ef4e7,"nanti kl Jaecoo ngeluarin J3 mungkin size lebih pas untuk dikomparasi, kl J5 seperti kegedean n kemahalan kl dikompare sm 2 mobil itu",0,2026-04-29T06:03:54Z,2026-04-29T06:03:54Z,2026-09-19T00:23:15.005212+00:00,"nanti kalau jaecoo ngeluarin j3 mungkin size lebih pas untuk dikomparasi, kalau j5 seperti kegedean n kemahalan kalau dikompare sama 2 mobil itu",,netral,,,Human-Audit-GoldStandard,,netral,,,True
Ugzczto6USJ2lpY-CU14AaABAg,fjWvVFT0vr0,3429d51aadd4d5495fc0a758fd11fc03aa038748c3ccfc2685062a83d6ccfbbc,"LCGC terbaru bakal rontok oleh BYD model keren, tapi aq masih punya kRimun tetep aq pertahanin karena terkendala isi dompet. Kpn bisa punya ya mobil ini.. 👍👍",0,2026-04-07T22:16:34Z,2026-04-07T22:16:34Z,2026-09-19T00:23:08.935049+00:00,"lcgc terbaru bakal rontok oleh byd model keren, tapi aq masih punya krimun tetep aq pertahanin karena terkendala isi dompet. kpn bisa punya ya mobil ini.. 👍👍",,,positif,,Human-Audit-GoldStandard,,,positif,,True
UgxuReNyFMTszsstx394AaABAg,9GTZD3la5qI,5ca837caf64e0217ec707faa67653b1f1ff0c0676fc683ab53bc3b1f410c9916,Mg 4ev tdk ada garansi,0,2024-01-13T06:16:19Z,2024-01-13T06:16:19Z,2026-09-27T14:02:24.340041+00:00,mg 4ev tidak ada garansi,,,,netral,Human-Audit-GoldStandard,,,,netral,True
UgzGxaqMPOcD-0UmE314AaABAg,jL5p1zZMNEM,1ffdd7b71d8b758ba2fda70c8489c5f6f1ac50efa1cd48b3043031f7decb71d5,"Wuling ini bener2 blunder, nyusahin konsumen dan mereka sendiri🤦🏻‍♂️ 

Dari janji 100 SPKLU DC GBT yg dijanjikan baru 16 SPKLU yang terealisasi, artinya mereka pun sangat kesulitan untuk menepati janji mereka.

Padahal kl mereka pake CCS2 seperti ""Wuling Cloud"" di India gak akan kejadian mbl nginep semalaman seperti ini

Cloud batre 50kwh jd percuma gak bisa dipake jalan2 jauh🤦🏻‍♂️",29,2024-09-19T05:09:55Z,2024-09-19T05:09:55Z,2026-09-27T14:02:11.248425+00:00,"wuling ini bener2 blunder, nyusahin konsumen dan mereka sendiri🤦🏻‍♂️ dari janji 100 spklu dc gbt yg dijanjikan baru 16 spklu yang terealisasi, artinya mereka pun sangat kesulitan untuk menepati janji mereka. padahal kalau mereka pakai ccs2 seperti ""wuling cloud"" di india tidak akan kejadian mbl nginep semalaman seperti ini cloud baterai 50kwh jd percuma tidak bisa dipake jalan2 jauh🤦🏻‍♂️",negatif,,,negatif,Human-Audit-GoldStandard,negatif,,,negatif,True
UgxzKoZJhpcGjgfdqBh4AaABAg,AOjceFDyYeM,3a8042a814c2f38c9de5bcfcb8ddaf220e2708221e56f74a1fb440ad66bdd9f1,"Gw beli Air-ev bekas 1 thn lalu, sekarang umur mobil sudah 3 thn, jalan sudah sekitar 41,000 km, rack steer ganti baru gratis 4 bulan lalu. Overall gw puas pakai mobil listrik, biaya operational sangat murah, gak ribet mesti crank engine kalau mau jalan atau nyalakan AC jadi gak sebarin asap beracun & panas & berisik nya mesin ICE ke lingkungan. Sekarang jadi males pakai mobil ICE.",14,2025-12-04T07:48:24Z,2025-12-04T07:48:24Z,2026-09-27T14:02:19.136503+00:00,"gw beli air-ev bekas 1 thn lalu, sekarang umur mobil sudah 3 thn, jalan sudah sekitar 41,00 km, rack steer ganti baru gratis 4 bulan lalu. overall gw puas pakai mobil listrik, biaya operational sangat murah, tidak ribet mesti crank engine kalau mau jalan atau nyalakan ac jadi tidak sebarin asap beracun & panas & berisik nya mesin ice ke lingkungan. sekarang jadi males pakai mobil ice.",,positif,positif,,Human-Audit-GoldStandard,,positif,positif,,True
UgwYjmTYZoJ0nmEZ2ql4AaABAg,jL5p1zZMNEM,e71e771dc569a2828a9772a5163dffba65edc5b02efd2a92d1d7fb831764f74a,"Omoda E5 jelas paling unggul harganya lebih mahal hampir 490 jutaan, lebih prefer MG4EV sih karena RWD liat konten lain moladin ngetes MG4EV di tanjakan fix pilih MG",3,2025-01-23T04:22:04Z,2025-01-23T04:22:04Z,2026-09-27T14:02:11.248425+00:00,"omoda e5 jelas paling unggul harganya lebih mahal hampir 490 jutaan, lebih prefer mg4ev sih karena rwd liat konten lain moladin ngetes mg4ev di tanjakan fix pilih mg",,positif,positif,,Human-Audit-GoldStandard,,positif,positif,,True
UgxOSds9wsZQO1yuv-h4AaABAg,Bx-XDBdN7nA,ae4ce6a823176617a00a0402843abbc02787f82af736427a83e0a4e4f49ff296,barunya aja segitu apalagi pas bekas,0,2025-11-16T11:56:40Z,2025-11-16T11:56:40Z,2026-09-19T00:23:00.712565+00:00,barunya aja segitu apalagi pas bekas,,negatif,,,Human-Audit-GoldStandard,,negatif,,,True
UgyO8mBxgaCJRrb9JHJ4AaABAg,A9niV2791gs,4112bec2df4a679988347a00b37294e8cf780e284a766c9ba9374f2c6c45c1df,"Ati2 kalau mau beli, terima uangnya iya, barangnya gk jelas dimana",0,2026-01-26T06:51:19Z,2026-01-26T06:51:19Z,2026-09-19T00:23:04.831717+00:00,"ati2 kalau mau beli, terima uangnya iya, barangnya tidak jelas dimana",,,,negatif,Human-Audit-GoldStandard,,,,negatif,True
Ugx8gjlW7qFZLQlYRzp4AaABAg,Bx-XDBdN7nA,01e27c61e7a73371dc9b2319c48c1531ec9ee4671b6e4ed209896c3cac48d560,"udah test drive atto 3 atto 1 chery E5 jaecoo j5 akhirnya pilih Kona sign long range dpt harga 465jt tanpa test drive 😂, dulu jg beli creta tanpa test drive, entah percaya aja ma hyundai",2,2025-11-16T04:38:10Z,2025-11-16T04:38:10Z,2026-09-19T00:23:02.435533+00:00,"udah test drive atto 3 atto 1 chery e5 jaecoo j5 akhirnya pilih kona sign long range dapat harga 465jt tanpa test drive 😂, dulu jg beli creta tanpa test drive, entah percaya aja ma hyundai",,netral,,,Human-Audit-GoldStandard,,netral,,,True
Ugxc4Zb7SSLxk3cchBl4AaABAg,VEXJp_L57Nk,6ada23edf49755e10e979b454dcc96a0ad02e59ee2ce73366e9f6626f018a21e,gak ada yang bahas kolongnya yang tanpa pengaman ya,6,2025-10-08T03:10:16Z,2025-10-08T03:10:16Z,2026-09-19T00:23:10.716076+00:00,tidak ada yang bahas kolongnya yang tanpa pengaman ya,,,negatif,,Human-Audit-GoldStandard,,,negatif,,True
UgxkDKQT4S9S5Y3-AU54AaABAg,W3G8V7xV3-Y,1bdbcefceb3496ba3e421d4b27d9648ab4a5ae85a810de805104d58f424922ff,"Beli mobil seken ICE, hayuk mah
Beli mobil seken listrik, aduh ngerinya",0,2024-06-08T15:25:23Z,2024-06-08T15:25:23Z,2026-09-27T14:02:25.659868+00:00,"beli mobil seken ice, hayuk mah beli mobil seken listrik, aduh ngerinya",,negatif,,,Human-Audit-GoldStandard,,negatif,,,True
UgzzS6I3MOJAzjUBvIt4AaABAg,bC7X9DplrIc,ccd637a668b950b959942eb04f27f055f7804e7ff11ee322a71ce0c93eef8c2c,@geelyautoindonesia dijawab tuh masalah cover kolong bawah!! Kalaupun disunat harusnya bisa tersedia di dealer dong......,1,2026-03-05T10:37:09Z,2026-03-05T10:37:09Z,2026-09-19T00:23:14.522723+00:00,dijawab tuh masalah cover kolong bawah!! kalaupun disunat harusnya bisa tersedia di dealer dong..,,,negatif,negatif,Human-Audit-GoldStandard,,,negatif,negatif,True
Ugw2rEGjf7n-y-EEdWN4AaABAg,A-qeEyGaJM0,a520c03ae006a29b1ea946d31262bf44acb7e43b75cc096bdf6f3df8f8463ab4,"Mobilnya bagus tapi sayang dealer nya masih sedikit, after sales nya pun masih tanda tanya",5,2026-09-15T22:39:58Z,2026-09-15T22:39:58Z,2026-09-19T00:23:14.160865+00:00,"mobilnya bagus tapi sayang dealer nya masih sedikit, after sales nya pun masih tanda tanya",,,,negatif,Human-Audit-GoldStandard,,,,negatif,True
Ugz2S1jN3vUNlTF791x4AaABAg,A9niV2791gs,e0e104c41a65785263491451f035771f3e02f51be2f9060ee656bea4b3450af8,Info per 24 Jan. SPK hari ini harga tidak mengikat. Ada kemungkinan akan naik 10-12% atau sekitar 30-40jt imbas insentif dicabut. Silahkan konfirmasi ke sales kalian masing2.,0,2026-01-24T11:32:35Z,2026-01-24T11:32:35Z,2026-09-19T00:23:04.831717+00:00,info per 24 jan. spk hari ini harga tidak mengikat. ada kemungkinan akan naik 10-12% atau sekitar 30-40jt imbas insentif dicabut. silahkan konfirmasi ke sales kalian masing2.,,netral,,netral,Human-Audit-GoldStandard,,netral,,netral,True
UgzJuqGtXLNYLCUV2nB4AaABAg,SQJwC-QLsRk,caa5f0140d8b325d5411757eb7fc3abaf6318d8287e0d0376c02c8e16b5d6771,"Andai aja J5 itu RWD, waduuu paket lengkappp",0,2026-04-26T05:08:31Z,2026-04-26T05:08:31Z,2026-09-19T00:23:15.005212+00:00,"andai aja j5 itu rwd, waduu paket lengkapp",,,netral,,Human-Audit-GoldStandard,,,netral,,True
Ugxo7UdTz47-13jEMe54AaABAg,Bx-XDBdN7nA,6cda1173a3925217d40ea80bbd49a6666f8405917d17805ca7802f78c7961cbb,"Lu mao di negara mana pun gak akan menang dagang sama orang china. 
Brani modal jujur barang nya murah punya kwalitas. Tapi satu di saat lu nawar gak bisa . 😂 tapi di kasih opsi lain yang gak jamin barang nya👍",0,2025-11-16T16:04:27Z,2025-11-16T16:04:27Z,2026-09-19T00:23:02.435533+00:00,lu mao di negara mana pun tidak akan menang dagang sama orang china. brani modal jujur barang nya murah punya kwalitas. tapi satu di saat lu nawar tidak bisa . 😂 tapi di kasih opsi lain yang tidak jamin barang nya👍,,positif,,,Human-Audit-GoldStandard,,positif,,,True
Ugw4QKZE4t2NuEAnMbF4AaABAg,AOjceFDyYeM,8d9de2de53cc25eabebed8222dce459e178a7aa2d0ebb6e0e159405af04e1ba6,"battery health segitu cukup rekomen untuk ambil seken nya, dan juga wuling harus niat jika ada teknologi terbaru yang buat baterai mobil listrik lebih murah maka harus diwujudkan ke buyer, jadi mindsetnya bulan cuma jual mobil aja tapi jualan baterai dan service / pelayanan prima bagi customer",0,2025-12-06T01:20:45Z,2025-12-06T01:20:45Z,2026-09-27T14:02:19.136503+00:00,"battery health segitu cukup rekomen untuk ambil seken nya, dan juga wuling harus niat jika ada teknologi terbaru yang buat baterai mobil listrik lebih murah maka harus diwujudkan ke buyer, jadi mindsetnya bulan cuma jual mobil aja tapi jualan baterai dan service / pelayanan prima bagi customer",,netral,,netral,Human-Audit-GoldStandard,,netral,,netral,True
UgxdGNV4IR0Vg3yedAF4AaABAg,SQJwC-QLsRk,dd704a3bce2db4262258569b2f41315120e30a893ac73c2abbbca6c90af93f68,J5 EV sayangny FWD...,0,2026-05-01T05:28:40Z,2026-05-01T05:28:40Z,2026-09-19T00:23:15.652276+00:00,j5 ev sayangny fwd..,,,negatif,,Human-Audit-GoldStandard,,,negatif,,True
Ugywv2eG4Wk87KvsYXN4AaABAg,A-qeEyGaJM0,9c6bcb2c69e32c834aa8f91ae9372d6e96e9220806e296a7d04c4edc3d3ed24c,"saya roadtrip pakai aion y+ enak bgt juga, ev aman lah buat jalan jauh ahahaha

udh ke semarang..tegal..purbalingga..purwokerto, sukabumi, citorek negeri awan~",2,2026-09-16T03:13:21Z,2026-09-16T03:13:21Z,2026-09-19T00:23:14.160865+00:00,"saya roadtrip pakai aion y+ enak banget juga, ev aman lah buat jalan jauh ahahaha sudah ke semarang..tegal..purbalingga..purwokerto, sukabumi, citorek negeri awan~",positif,,,,Human-Audit-GoldStandard,positif,,,,True
UgyXMFCMy4g2lQn_PxZ4AaABAg,W3G8V7xV3-Y,821120c6f476886801da02b6560661f395fa22311b9ef8c7768a608dae973b9d,Lebih baik gak usah beli Wuling jika terbakar dia gak mau tanggung,0,2024-06-05T23:59:41Z,2024-06-05T23:59:41Z,2026-09-27T14:02:25.659868+00:00,lebih baik tidak usah beli wuling jika terbakar dia tidak mau tanggung,,negatif,,,Human-Audit-GoldStandard,,negatif,,,True
Ugx3KrZJ_h-0Jkw03F94AaABAg,j_6L3j7vrOc,6ae65f49191c28ad5b02d85955622c9e128db517d61812980a0f41e9eec168fb,"*Designnya dari luar sangat BURUK TIDAK MENARIK. DI CHINA SANGAT BANYAK MOBIL LISTRIK YANG DIBUANG DILAPANGAN LUAS KARENA TIDAK LAKU DI PASAR DUNIA, KARENA TIDAK MEMENUHI PERSYARATAN NEGARA-NEGARA TUJUAN PEMASARAN CHINA. DI INDONESIA PERLINDUNGAN KONSUMEN ADALAH SANGAT LEMAH. WASPADA MOBIL MURAH EV YANG DIJUAL DENGAN HARGA SANGAT MURAH SEBELUM KALIAN SANGAT MENYESAL MEMILIKI EV CHINA. JANGAN PERNAH PERCAYA MENDENGARKAN NARASI IKLAN YANG DISAMPAIKAN SECARA MENGUNDANG KONSUMEN UNTUK MEMBELI.*",1,2025-11-19T13:01:39Z,2025-11-19T13:02:20Z,2026-09-19T00:23:05.693202+00:00,"*designnya dari luar sangat buruk tidak menarik. di china sangat banyak mobil listrik yang dibuang dilapangan luas karena tidak laku di pasar dunia, karena tidak memenuhi persyaratan negara-negara tujuan pemasaran china. di indonesia perlindungan konsumen adalah sangat lemah. waspada mobil murah ev yang dijual dengan harga sangat murah sebelum kalian sangat menyesal memiliki ev china. jangan pernah percaya mendengarkan narasi iklan yang disampaikan secara mengundang konsumen untuk membeli.*",,,negatif,,Human-Audit-GoldStandard,,,negatif,,True
Ugyxs9a5WkrrPjKKqu94AaABAg,A-qeEyGaJM0,2d0c496d65ebe7c522215fd55430878e952c514c9e1b526895487ce357936f88,"Geely EX2 mah bukan mobil kecil, lebarnya aja 1,8m agak susah masuk jalan2 kecil. Tampilannya aja yg kelihatan kecil",0,2026-09-16T17:25:09Z,2026-09-16T17:25:09Z,2026-09-19T00:23:14.160865+00:00,"geely ex2 mah bukan mobil kecil, lebarnya aja 1,8m agak susah masuk jalan2 kecil. tampilannya aja yg kelihatan kecil",,,negatif,,Human-Audit-GoldStandard,,,negatif,,True
UgzuYxiuaqLimKN4e8F4AaABAg,jL5p1zZMNEM,2e95e0bbcf8fba363bd464a21eb6031cb764e316aa2b51fe0dc95813bdb7064e,udah tes drive semua hasilnya MG4 EV the best,2,2024-09-19T11:19:21Z,2024-09-19T11:19:21Z,2026-09-27T14:02:11.248425+00:00,udah tes drive semua hasilnya mg4 ev the best,,,positif,,Human-Audit-GoldStandard,,,positif,,True
UgztOUDvKaNsELkwJgV4AaABAg,Vu0ayycGXbI,61872bc241b55e32761a3fcdd875c9892532a85215e35d157ccd76c03cc2b633,profil/ kembang dari ban sangat ngaruh besar untuk tanjakan licin untuk cengkraman di jalan yang licin.,11,2026-02-25T11:31:09Z,2026-02-25T11:31:09Z,2026-09-19T00:23:03.311589+00:00,profil/ kembang dari ban sangat ngaruh besar untuk tanjakan licin untuk cengkraman di jalan yang licin.,,,netral,,Human-Audit-GoldStandard,,,netral,,True
UgzMxt4-iEp1ERxrPBJ4AaABAg,W3G8V7xV3-Y,e6e69f8167bda8ea059a82457e62132ddbaf65d98885c571f5e5cb6c3f1e0215,"Garansi seumur hidup, tp setelah 10thn apakah masih ada sparepartnya, ntar alasannya parts tdk produksi lagi... 😁",0,2024-06-05T16:19:38Z,2024-06-05T16:19:38Z,2026-09-27T14:02:27.731586+00:00,"garansi seumur hidup, tapi setelah 10thn apakah masih ada sparepartnya, ntar alasannya parts tidak produksi lagi.. 😁",,netral,,negatif,Human-Audit-GoldStandard,,netral,,negatif,True
Ugy6PPJV9yMQa1YerYF4AaABAg,Bx-XDBdN7nA,f4eeb28f35cc31cb95b5658675345afdeeacffc7123d600fe61695fd9693d5b7,"Tertarik bgt sama ini mbl tapi aftersalesnya gimana ya, setau saya baru ada 3 dealer sales n service di indonesia, walaupun brand ini masih sub brand nya chery tapi setau saya tidak bisa ikut numpang servis disitu, seandainya bisa pasti laris parah, tlg sales jaecoo bales komen saya dong",0,2025-11-16T09:05:20Z,2025-11-16T09:05:20Z,2026-09-19T00:23:01.508913+00:00,"tertarik banget sama ini mbl tapi aftersalesnya gimana ya, setau saya baru ada 3 dealer sales n service di indonesia, walaupun brand ini masih sub brand nya chery tapi setau saya tidak bisa ikut numpang servis disitu, seandainya bisa pasti laris parah, tlg sales jaecoo bales komen saya dong",,,,netral,Human-Audit-GoldStandard,,,,netral,True
UgxFHS6V7hIkWIBb8iZ4AaABAg,Vu0ayycGXbI,85d08cdbda496b13494e6b3270289716a03949e0fad2ee011e5845ef97c09445,"tenaga sih oke ini mobil, kyanya yang masalah di ban bawaannya yang emang jelek atau traction controlnya yang payah",0,2026-02-24T18:43:01Z,2026-02-24T18:43:01Z,2026-09-19T00:23:04.671044+00:00,"tenaga sih oke ini mobil, kyanya yang masalah di ban bawaannya yang emang jelek atau traction controlnya yang payah",,,negatif,,Human-Audit-GoldStandard,,,negatif,,True
UgxSPq3bNFvRbqWpp2F4AaABAg,Bx-XDBdN7nA,17f3ac70b4eba47f99fe64f557796b68e16737d1caf25bf82368984821b497d0,Belum dipastikanlah sebleum 4 tahun beroperasi merk belum menjamin kalau ada yang mau beli silahkan jangan kemakan iklan😂😂😂😂😂,0,2025-11-29T13:39:25Z,2025-11-29T13:39:25Z,2026-09-19T00:23:02.435533+00:00,belum dipastikanlah sebleum 4 tahun beroperasi merk belum menjamin kalau ada yang mau beli silahkan jangan kemakan iklan😂😂,,,,negatif,Human-Audit-GoldStandard,,,,negatif,True
UgxCQkXTSaLG8kNS7zh4AaABAg,W3G8V7xV3-Y,3a65b94bdf8d559d55244e9680f2efc9bd47a37367347fcc1430c6925cca949d,"Kalo tidak buru-buru mungkin sebaiknya menunggu beberapa bulan lagi, baca-baca data penjualan Wuling EV penjualannya menurun karena banyak saingan dengan fitur lebih, bahkan sudah disalip oleh Cherry, siapa tahu dalam beberapa bulan diskonnya tambah besar hehehe",0,2024-06-25T06:22:26Z,2024-06-25T06:22:26Z,2026-09-27T14:02:27.731586+00:00,"kalo tidak buru-buru mungkin sebaiknya menunggu beberapa bulan lagi, baca-baca data penjualan wuling ev penjualannya menurun karena banyak saingan dengan fitur lebih, bahkan sudah disalip oleh cherry, siapa tahu dalam beberapa bulan diskonnya tambah besar hehehe",,netral,,negatif,Human-Audit-GoldStandard,,netral,,negatif,True
UgzV-94dR_s2wVPkDih4AaABAg,fjWvVFT0vr0,5c801da364200a5fdaa082a678677cc4e2e2cdb32db9cdef82790d76f3deed03,"Mobil yang bakalan laku keras, apalagi yang mau coba2 pake mobil listrik. Mobil inilah pilihan dari sisi harga dan Compact. BYF gelooooo 🎉",0,2025-07-27T10:15:29Z,2025-07-27T10:15:29Z,2026-09-19T00:23:06.549873+00:00,"mobil yang bakalan laku keras, apalagi yang mau coba2 pakai mobil listrik. mobil inilah pilihan dari sisi harga dan compact. byf geloo 🎉",,positif,,,Human-Audit-GoldStandard,,positif,,,True
UgwlPqeZBgD8vcvwhUh4AaABAg,AOjceFDyYeM,20847873075478af21a09fb4c5e278839f5f8d156a76873bc3613f069aecc64d,wuling lebih bagus dr byd untuk pelayanan,2,2025-12-06T07:24:25Z,2025-12-06T07:24:25Z,2026-09-27T14:02:20.222873+00:00,wuling lebih bagus dari byd untuk pelayanan,,,,positif,Human-Audit-GoldStandard,,,,positif,True
UgzUYfV9_GjqyhLwogp4AaABAg,BFp1_jq3zVo,b353c08052620fcad320ff77d42a8d9d8593210e271cd3ac876241162cc98b4f,J5 dengan harga mirip dan performa lbh bagus,1,2026-03-31T12:16:28Z,2026-03-31T12:16:28Z,2026-09-19T00:23:14.379690+00:00,j5 dengan harga mirip dan performa lbh bagus,,positif,,,Human-Audit-GoldStandard,,positif,,,True
UgwT0PxgODQD-PJPelx4AaABAg,W3G8V7xV3-Y,effdc0a8cb163bfa4d68770a441f59deb50dd923a914e7aec5878736afa2e347,"Poin 8, garansi hangus jika wuling indonesia bangkrut",0,2024-06-05T15:02:16Z,2024-06-05T15:02:16Z,2026-09-27T14:02:27.731586+00:00,"poin 8, garansi hangus jika wuling indonesia bangkrut",,netral,,,Human-Audit-GoldStandard,,netral,,,True
UgySKLSDmFlmMo8nEZ94AaABAg,z1fWo8tYynA,73c3740faaf8dd26b4ca5b85de8a9ec8f0c301dc7ebe174c24eb30d9dba59631,"Baterei ev harus sering ganti itu mitos bos
Faktanya menurut laporan konsumen luar negeri
95% batrei ev bisa tahan diatas 10 tahun
Ini lom ditambah fakta batrei ev bakal makin murah
Dalam 10 tahun saja sudah turun 80%",0,2025-12-21T02:12:11Z,2025-12-21T02:12:11Z,2026-09-19T00:23:13.239008+00:00,baterei ev harus sering ganti itu mitos bos faktanya menurut laporan konsumen luar negeri 95% baterai ev bisa tahan diatas 10 tahun ini lom ditambah fakta baterai ev bakal makin murah dalam 10 tahun saja sudah turun 80%,,positif,positif,,Human-Audit-GoldStandard,,positif,positif,,True
UgxUSkKMdMn24PgFL4x4AaABAg,J00aDzfK8WQ,d0554a24c8681f2d0eda142f7909410d234c12c155a5038ae704072ab2cf5d98,Udh pke yg versi 2025 dynamic emg enak dipakenya ini mobil. Utk retract blm terlalu penting,10,2026-05-25T14:17:56Z,2026-05-25T14:17:56Z,2026-09-19T00:23:10.549263+00:00,sudah pke yg versi 2025 dynamic emg enak dipakenya ini mobil. untuk retract belum terlalu penting,,,positif,,Human-Audit-GoldStandard,,,positif,,True
Ugw-NqGBg8WFqPfZFsJ4AaABAg,Vu0ayycGXbI,e71e771dc569a2828a9772a5163dffba65edc5b02efd2a92d1d7fb831764f74a,12:16 handlingnya memang kureng J5 ini terlalu lembut setirnya gak cocok buat agresive drive apalagi speeding di tol cocoknya casual drive di dalam kota,0,2026-02-23T10:59:32Z,2026-02-23T10:59:32Z,2026-09-19T00:23:04.026610+00:00,12:16 handlingnya memang kureng j5 ini terlalu lembut setirnya tidak cocok buat agresive drive apalagi speeding di tol cocoknya casual drive di dalam kota,,,negatif,,Human-Audit-GoldStandard,,,negatif,,True
UgwyRCQ6gudBfAHk_JN4AaABAg,j_6L3j7vrOc,43ee062121b2ed686b378a21255f52eb5804367e56fe4b8c540c72113c2c0d9c,Sayangnya belum ada dealer di daerah bogor,0,2025-11-27T06:44:47Z,2025-11-27T06:44:47Z,2026-09-19T00:23:05.069705+00:00,sayangnya belum ada dealer di daerah bogor,,,,negatif,Human-Audit-GoldStandard,,,,negatif,True
Ugy00FS-1d2Mk9o1A4B4AaABAg,J00aDzfK8WQ,e8c98be1364da78030dc2e41622a589107084dd49d6936f25ccac73ec5ae9997,Hrsnya utk tipe premium ini byd ksh fitur ADAS biar bisa bersaing dgn geely EX 2 yg max..,3,2026-05-26T00:06:28Z,2026-05-26T00:06:28Z,2026-09-19T00:23:10.549263+00:00,hrsnya untuk tipe premium ini byd ksh fitur adas biar bisa bersaing dengan geely ex 2 yg max..,,,netral,,Human-Audit-GoldStandard,,,netral,,True
UgwndxXpnHtA_myw7Vd4AaABAg,J00aDzfK8WQ,421751995e4e058cd4e47a43332939cd8e3db725c9acb51d6f62e6520924c765,"Tombol start stop jangan di satukan dengan tombol hazard. Malah bisa sering salah pencet kayanya. Pas di lampu merah perempatan, mau nyalain hazard malah matikan mesin 🤔",8,2026-05-25T14:41:00Z,2026-05-25T14:41:00Z,2026-09-19T00:23:10.549263+00:00,"tombol start stop jangan di satukan dengan tombol hazard. malah bisa sering salah pencet kayanya. pas di lampu merah perempatan, mau nyalain hazard malah matikan mesin 🤔",,,negatif,,Human-Audit-GoldStandard,,,negatif,,True
UgyDkT9kxSO6UAUvn5F4AaABAg,IMO53AFzSZU,c7294e4bbfebcc5170b4d69a9b1c845ec4dda2eded66bd9ac79514e2f61cf97b,"Arista sih best ya
Kalo maju maju itu kureeeennng",0,2026-08-28T09:10:17Z,2026-08-28T09:10:17Z,2026-09-27T14:02:20.682299+00:00,arista sih best ya kalo maju maju itu kureenng,,,,positif,Human-Audit-GoldStandard,,,,positif,True
UgxFedTwuf-a1cCaJrt4AaABAg,Vu0ayycGXbI,36704b78b0a4933ce665eae5dad6cdf68591b19c46b925d2592ede5c95f17c9e,"Kalau ga bisa nanjak, jangan dibelain. Musti kasih nasukan me pabrikan, utk user safety",8,2026-02-23T10:15:25Z,2026-02-23T10:15:25Z,2026-09-19T00:23:04.026610+00:00,"kalau tidak bisa nanjak, jangan dibelain. musti kasih nasukan me pabrikan, untuk user safety",,,negatif,,Human-Audit-GoldStandard,,,negatif,,True
UgzEHU0rxAi0pWbRLaN4AaABAg,fjWvVFT0vr0,7e288763de18f89212d27d595999f87762a59f6aa20ca168e9a8dcdf11980459,Depannya malah mirip Lamborghini huracan,0,2026-02-18T18:19:17Z,2026-02-18T18:19:17Z,2026-09-19T00:23:09.885658+00:00,depannya malah mirip lamborghini huracan,,,netral,,Human-Audit-GoldStandard,,,netral,,True
UgwtzFe2AhBvw8UpAt94AaABAg,z1fWo8tYynA,c2304fd2904fb9b233667e49cec287e4786e620e6f7493cf764f059cc9e17d74,Geely kstanya mau keluarin sekelas dsn semurah ini yg fi negara nya terlaris,0,2025-09-18T02:33:24Z,2025-09-18T02:33:24Z,2026-09-19T00:23:11.766454+00:00,geely kstanya mau keluarin sekelas dsn semurah ini yg fi negara nya terlaris,,positif,,,Human-Audit-GoldStandard,,positif,,,True
UgyBd2FJhs5lRuqc6814AaABAg,4f36QI6CVtc,443d8b56953168cb5aa049dbba83e8e3482dcd79f4128a2a307887c9da35ea98,Bukanya Wuling lagi bermasalah yaa,0,2026-09-08T17:49:22Z,2026-09-08T17:49:22Z,2026-09-27T14:02:14.434487+00:00,bukanya wuling lagi bermasalah yaa,,,,negatif,Human-Audit-GoldStandard,,,,negatif,True
UgzypJWI289kT9TooAN4AaABAg,W3G8V7xV3-Y,ef445d98fb6de2f671ae667905cdbd14d3c40dc06f322ad018010ba9d4febfa8,YLKI hrs trn tgn soal garansi...soalnya garansi ga msk akal...seperti akal2 mrk,0,2025-01-19T01:14:42Z,2025-01-19T01:14:42Z,2026-09-27T14:02:27.731586+00:00,ylki hrs trn tgn soal garansi..soalnya garansi tidak msk akal..seperti akal2 mrk,,negatif,,,Human-Audit-GoldStandard,,negatif,,,True
UgyvdOxl5lKQYoNPQ6h4AaABAg,l8fPSUqdmOM,2bdfd4a87f4210e12ac7534b6b40f31d6048a5f66038dc3d9328ae3b129221be,Geter bgt ya kayaknya,0,2025-12-08T05:16:26Z,2025-12-08T05:16:26Z,2026-09-27T14:02:16.602859+00:00,geter banget ya kayaknya,,,negatif,,Human-Audit-GoldStandard,,,negatif,,True
Ugwvu3yRYrW6fNfUnzZ4AaABAg,SQJwC-QLsRk,5653d17568167ed224cf1c742772c440084a067f5c1ce4e2dac8e68250d00f4d,"Utk harga, fitur dan kenyamanan nya sih jaecoo j5 blm ada lawan smp saat ini 👍",1,2026-04-25T17:52:44Z,2026-04-25T17:52:44Z,2026-09-19T00:23:15.652276+00:00,"untuk harga, fitur dan kenyamanan nya sih jaecoo j5 belum ada lawan smp saat ini 👍",,positif,positif,,Human-Audit-GoldStandard,,positif,positif,,True
Ugzfy4C3QN64sCd9E794AaABAg,O-vAYJNfQEk,e7489b3880fd414301f3fa696de6aa88dfaedbd3941b5cbf62f5a3a60cc60e27,"372,3 + 3 = 380 .. hahahhahahaa...
375 bang .. 😅😅😅
Jarak sgitu lumayan jauh sih untuk skali nge cas...",0,2024-02-13T11:21:35Z,2024-02-13T11:21:35Z,2026-09-27T14:02:14.061399+00:00,"372,3 + 3 = 380 .. hahahhahahaa.. 375 bang .. 😅😅 jarak sgitu lumayan jauh sih untuk skali nge cas..",positif,,,,Human-Audit-GoldStandard,positif,,,,True
UgxTf4lL0d6kpYA4ZNp4AaABAg,fjWvVFT0vr0,e752aa09070eccbe190d7855781b68ce632f6697cfdd931c6853be9f253ee6c6,"Headlampnya terinspirasi lamorghini ya krn desainernya ex lambo 
Keren",2,2025-07-26T09:32:10Z,2025-07-26T09:32:10Z,2026-09-19T00:23:06.549873+00:00,headlampnya terinspirasi lamorghini ya karena desainernya ex lambo keren,,,positif,,Human-Audit-GoldStandard,,,positif,,True
UgxmvS2YbQWBss28U514AaABAg,9GTZD3la5qI,1ffdd7b71d8b758ba2fda70c8489c5f6f1ac50efa1cd48b3043031f7decb71d5,"Binguo EV harganya seharusnya bisa dibawah 300jt, dengan MG4 keluar membuktikan kalau EV Wuling itu sgt kemahalan, mentang2 mereka monopoli pasar sebagai first player EV ""murah"" jd bs ngegetok harga Air EV 300jt.",6,2024-01-13T06:04:46Z,2024-01-13T06:04:46Z,2026-09-27T14:02:23.207162+00:00,"binguo ev harganya seharusnya bisa dibawah 300jt, dengan mg4 keluar membuktikan kalau ev wuling itu sgt kemahalan, mentang2 mereka monopoli pasar sebagai first player ev ""murah"" jd bs ngegetok harga air ev 300jt.",,negatif,,,Human-Audit-GoldStandard,,negatif,,,True
Ugy0k1d3no7-kYBHr-R4AaABAg,fjWvVFT0vr0,98479137c1aae3f96bff99a4b7980acc2fc8bd449a80767ace04db106c3e7486,Spek interior nya ga pelit.. lcgc kebanting lah..,0,2025-07-26T05:03:30Z,2025-07-26T05:03:30Z,2026-09-19T00:23:08.935049+00:00,spek interior nya tidak pelit.. lcgc kebanting lah..,,,positif,,Human-Audit-GoldStandard,,,positif,,True
UgwoAdNBjEJAw7b5jQF4AaABAg,SQJwC-QLsRk,08b3ded524495d85afab196ca434128b3673686f12d006684f30d6f2fae5364c,"Kalau paling murah pasti BYD, kalau value for money dari sisi fitur J5, kalau value dari sisi merek, teknologi dan refinement EX2.",18,2026-04-25T13:44:30Z,2026-04-25T13:44:30Z,2026-09-19T00:23:15.005212+00:00,"kalau paling murah pasti byd, kalau value for money dari sisi fitur j5, kalau value dari sisi merek, teknologi dan refinement ex2.",,netral,netral,,Human-Audit-GoldStandard,,netral,netral,,True
Ugy3Gi1RvpyQel2buIh4AaABAg,z1fWo8tYynA,ae14f67cca166fbe27d4c00a8cad721b6e0265391b15b134eb048b6acc76f45b,"Baru Atto 1, belum 2, 3... 9000 unit laris!! Desain Atto xtra futuristik cantik, membuat boil2 jepun terasa kuno klasik!! Jepun sangat2 luar biasa pelit ngeluarin model baru!! Model2 futuristisnya cuma dipamer2in dipajang2 doang!! Desainernya sudah sepuh kakek2, mandek !! Boil EV futuristik China sudah menjelajah dimana2. Effortnya sudah kalah jauh!! Ini mungkin titik balik !!",0,2025-11-24T13:58:36Z,2025-11-24T13:58:36Z,2026-09-19T00:23:13.239008+00:00,"baru atto 1, belum 2, 3.. 900 unit laris!! desain atto xtra futuristik cantik, membuat boil2 jepun terasa kuno klasik!! jepun sangat2 luar biasa pelit ngeluarin model baru!! model2 futuristisnya cuma dipamer2in dipajang2 doang!! desainernya sudah sepuh kakek2, mandek !! boil ev futuristik china sudah menjelajah dimana2. effortnya sudah kalah jauh!! ini mungkin titik balik !!",,,positif,,Human-Audit-GoldStandard,,,positif,,True
UgxByuHYaFHSGmvVYpZ4AaABAg,dEJ4VEjH1AQ,6c67433d2e4f63af2bce735a2bfc016f24bd65079f91cc3504797632ab536eb1,"Calon ngga laku, harga kejepit sama Atto1 dynamic dan J5. Mestinya harganya 195 dan 235jt untuk hajar atas bawah.

Di China harganya mirip2 Seagull kok sampai sini beda jauh. Marketing nya juga kurang ok. Launching ngga ada gemanya.",2,2025-11-24T13:32:20Z,2025-11-24T13:33:12Z,2026-09-19T00:23:14.870779+00:00,"calon tidak laku, harga kejepit sama atto1 dynamic dan j5. mestinya harganya 195 dan 235jt untuk hajar atas bawah. di china harganya mirip2 seagull kok sampai sini beda jauh. marketing nya juga kurang ok. launching tidak ada gemanya.",,negatif,,,Human-Audit-GoldStandard,,negatif,,,True
Ugwt3DALiglpV3OHHaZ4AaABAg,j_6L3j7vrOc,542129f2dda930903ff3af04a651a80bdf1b9405a87f22f6e33a0eed33f822a1,Memang harga aslinya segitu..mobil jepang tu kemahalan,0,2025-11-18T23:29:57Z,2025-11-18T23:29:57Z,2026-09-19T00:23:05.069705+00:00,memang harga aslinya segitu..mobil jepang tu kemahalan,,netral,,,Human-Audit-GoldStandard,,netral,,,True
UgxK7ZJO8_14l6xczst4AaABAg,G_acqAJrRso,f474235f70c3e171e996fe0b97289ea6277b0889adba14bb9238872c224cf894,Waah.. gw kalau punya mobil ini blm tentu inget bahwa ada fitur ini itu nya... BUANYAAAKKK BANGED FITURNYA !!!,13,2025-11-16T03:02:11Z,2025-11-16T03:02:11Z,2026-09-18T04:38:30.738340+00:00,waah.. gw kalau punya mobil ini belum tentu inget bahwa ada fitur ini itu nya.. buanyaakk banged fiturnya !!,,,netral,,Human-Audit-GoldStandard,,,netral,,True
Ugym7zIMqVpKoiDZQcV4AaABAg,IMO53AFzSZU,062d5dde5884661a70f4d47eee19f22a4a7da82420a6a373f32ed182949bd284,"Racksteer sudsh 2x ganti,padahal itu itunganya mobil masih baru ya,,wauww",1,2026-08-25T07:59:30Z,2026-08-25T07:59:30Z,2026-09-27T14:02:20.682299+00:00,"racksteer sudsh 2x ganti,padahal itu itunganya mobil masih baru ya,,wauww",,,negatif,,Human-Audit-GoldStandard,,,negatif,,True
UgwjC8CGNfkO0qq3P6x4AaABAg,O-vAYJNfQEk,ef03adb57b56a847c4a451697c9e32aad095ceff66e85bf176d9e3f099b581ac,Masih agak ribet ya. Perjalanan ketambahan waktu 2-3jam buat ngecas. Rest area ke depannya harus makin proper lagi buat memfasilitasi pemilik mobil listrik. Atau ke depannya ada teknologi charging yg lebih mangkas waktu lagi. Kalau memang mau berubah semua ke mobil listrik ya. Karena efisiensi waktu.,0,2024-02-23T22:33:37Z,2024-02-23T22:33:37Z,2026-09-27T14:02:12.898514+00:00,masih agak ribet ya. perjalanan ketambahan waktu 2-3jam buat ngecas. rest area ke depannya harus makin proper lagi buat memfasilitasi pemilik mobil listrik. atau ke depannya ada teknologi charging yg lebih mangkas waktu lagi. kalau memang mau berubah semua ke mobil listrik ya. karena efisiensi waktu.,negatif,,negatif,,Human-Audit-GoldStandard,negatif,,negatif,,True
UgyslL4aJukZMHe8ffF4AaABAg,fjWvVFT0vr0,3d37746e83a04448a67233a50036461143896b7d489ed2e9ff432b956a3ab58a,"taxi online pake ini.. low cost nih.. gak pake bensin, gak pake ganti oli.. :)",14,2025-07-26T04:52:12Z,2025-07-26T04:52:12Z,2026-09-19T00:23:06.549873+00:00,"taxi online pakai ini.. low cost nih.. tidak pakai bensin, tidak pakai ganti oli.. :)",,positif,,,Human-Audit-GoldStandard,,positif,,,True
UgxeAxBl7EnvI53_w2x4AaABAg,z1fWo8tYynA,b2fdc0fc6a4b424adac6224ae7631234a94694f690647767445bc47c1fe2fc29,Nunggu pesenan nyanpe november. Pas test drive emg enak sih nyetirnya dbanding M6 yg posisi duduk driver dan pedalnya aneh bgt. Belom lg injekan rem M6 gk enak bgt. Klo atto 1 pedal dan injekannya ud kyk mobil normal,2,2025-09-18T02:51:04Z,2025-09-18T02:51:04Z,2026-09-19T00:23:10.960426+00:00,nunggu pesenan nyanpe november. pas test drive emg enak sih nyetirnya dbanding m6 yg posisi duduk driver dan pedalnya aneh bgt. belom lagi injekan rem m6 tidak enak bgt. kalau atto 1 pedal dan injekannya ud kyk mobil normal,,,netral,,Human-Audit-GoldStandard,,,netral,,True
UgzUljw1nVyuoHZMG-V4AaABAg,z1fWo8tYynA,a4e45e9bcf2feea35e09afa4fcefabd2b95af01c09791ba6b00a95fd2ca54225,"Dulu keluar LCGC mobil termurah bisa kredit panjang, banyak mobil atau motor pajak mati di atas 2 tahun berkeliaran bebas berkeliaran bukannya di sita negara, beli mobil baru tanpa garasi di perbolehkan, sekarang muncul EV harga LCGC. Yang sebelumnya setelah ada LCGC jalan semakin padat, dengan adanya EV murah akan membuat traffic jam dimana-mana termasuk daerah, belum termasuk populasi motor bebek.
Negara ini membutuhkan transportasi umum seperti Singapore yang terarah, bukannya kendaraan murah. Kereta cepat Whoosh itu di buat asal ada, siapa yang mau naik terminalnya jauh tidak strategis, termasuk LRT Palembang. Indonesia tetaplah Indonesia yang penting korupsi.",0,2025-11-09T05:49:56Z,2025-11-09T05:49:56Z,2026-09-19T00:23:12.527826+00:00,"dulu keluar lcgc mobil termurah bisa kredit panjang, banyak mobil atau motor pajak mati di atas 2 tahun berkeliaran bebas berkeliaran bukannya di sita negara, beli mobil baru tanpa garasi di perbolehkan, sekarang muncul ev harga lcgc. yang sebelumnya setelah ada lcgc jalan semakin padat, dengan adanya ev murah akan membuat traffic jam dimana-mana termasuk daerah, belum termasuk populasi motor bebek. negara ini membutuhkan transportasi umum seperti singapore yang terarah, bukannya kendaraan murah. kereta cepat whoosh itu di buat asal ada, siapa yang mau naik terminalnya jauh tidak strategis, termasuk lrt palembang. indonesia tetaplah indonesia yang penting korupsi.",,netral,,,Human-Audit-GoldStandard,,netral,,,True
UgzuLmugryqst3IWXOJ4AaABAg,z1fWo8tYynA,38fd47b9e61f0dc277609108e182229c675d08c9be0870db55200beacb407d57,GK perlu emosi beli sabar saja nanti klw sudah stock melimpah di cuekin biasa saja harga juga pasti turun apalagi harga second pasti ambruk bisa tukar tambah DP ringan dll lebih terjangkau kabarnya ada pabrik nya di indonesia wah...tambah murah lg.,0,2025-09-18T01:06:41Z,2025-09-18T01:06:41Z,2026-09-19T00:23:13.927196+00:00,tidak perlu emosi beli sabar saja nanti klw sudah stock melimpah di cuekin biasa saja harga juga pasti turun apalagi harga bekas pasti ambruk bisa tukar tambah dp ringan dll lebih terjangkau kabarnya ada pabrik nya di indonesia wah..tambah murah lg.,,negatif,,positif,Human-Audit-GoldStandard,,negatif,,positif,True
UgwqKwydzLSKvuWdhZt4AaABAg,fjWvVFT0vr0,334947888e65a748fd802ab257fd5e6010c75fbb18175e0c133d907eb77de5a4,"murah sih, tapi mobil sekali pake.",0,2025-08-08T17:41:19Z,2025-08-08T17:41:19Z,2026-09-19T00:23:09.885658+00:00,"murah sih, tapi mobil sekali pake.",,positif,negatif,,Human-Audit-GoldStandard,,positif,negatif,,True
UgwrTlVtD7829eUXn2h4AaABAg,Vu0ayycGXbI,22e659b65c97f731d92e560e25f3dddb8eec2f798732b2445deb38d01310bcaa,Ban nya terlalu cupu 😂,0,2026-02-26T11:09:54Z,2026-02-26T11:09:54Z,2026-09-19T00:23:04.027753+00:00,ban nya terlalu cupu 😂,,,negatif,,Human-Audit-GoldStandard,,,negatif,,True
Ugxft4yGFmwnFX6cSFJ4AaABAg,z1fWo8tYynA,6fcfdc10ff28cef05af87e1b6a25311e6b710c863f1e27a922669826890101cb,"Gua kira mahal, teryt termurah gk sampai 200😂. Gitu org gym banyak gaya teryt murah, iya emg ada yg mahal tp puny dia yg termurah baru tau😂.",0,2026-04-06T23:17:47Z,2026-04-06T23:17:47Z,2026-09-19T00:23:13.927196+00:00,"gua kira mahal, teryt termurah tidak sampai 200😂. gitu org gym banyak gaya teryt murah, iya emg ada yg mahal tapi puny dia yg termurah baru tau😂.",,positif,,,Human-Audit-GoldStandard,,positif,,,True
UgxLvel7OGqjxfk12ZZ4AaABAg,IMO53AFzSZU,48ce4fe0ea2523594907f7c537fc7b029454c9ebba2bca03348e05484c771066,Mobil masih tergolong baru kok banyak keluhannya,0,2026-08-25T13:35:36Z,2026-08-25T13:35:36Z,2026-09-27T14:02:20.682299+00:00,mobil masih tergolong baru kok banyak keluhannya,,,negatif,,Human-Audit-GoldStandard,,,negatif,,True
UgycafSrJTlqsfYjkZZ4AaABAg,ccgG2mpCIHM,ce912880c4511ecac71fdc62a0da8f34cebd1c26ba359ebe775ff995128d0369,"Kalo di konversi antar kapasitas baterai VS jarak tempuh, maka geely EX2 yg paling efisien. Jaeco J5= 474km/60.9 kwh = 7.7km/kwh. BYD Atto 1= 378km/38.8 = 9.74kwh/km, dan Geely EX2 = 402km/40.8kwh = 9.85km/kwh.",126,2026-05-03T14:25:48Z,2026-05-03T14:25:48Z,2026-09-19T00:28:54.749870+00:00,"kalo di konversi antar kapasitas baterai vs jarak tempuh, maka geely ex2 yg paling efisien. jaeco j5= 474km/60.9 kwh = 7.7km/kwh. byd atto 1= 378km/38.8 = 9.74kwh/km, dan geely ex2 = 402km/40.8kwh = 9.85km/kwh.",netral,,,,Human-Audit-GoldStandard,netral,,,,True
UgyWSmxqMjgN02Hqoy14AaABAg,fjWvVFT0vr0,8a91ceeb022c9d2e52946a628c8b5d22e86481a14610c44c5d0ecf78ac6f087f,"Interior exterior keren banget plus harga murah banyak,ga salah BYD bisa menjadi no 1.",0,2025-07-28T10:02:34Z,2025-07-28T10:02:34Z,2026-09-19T00:23:06.549873+00:00,"interior exterior keren banget plus harga murah banyak,ga salah byd bisa menjadi no 1.",,positif,positif,,Human-Audit-GoldStandard,,positif,positif,,True
UgzxkOfs6Pib52wZzn94AaABAg,J00aDzfK8WQ,ccc428f79fd8fe7d9abddedd36961dec85592a894e24b07b4f240bc058406ef0,harga naik karena dollarnya jg naik,0,2026-05-25T15:54:31Z,2026-05-25T15:54:31Z,2026-09-19T00:23:10.549263+00:00,harga naik karena dollarnya jg naik,,negatif,,,Human-Audit-GoldStandard,,negatif,,,True
UgyzsuxJ_BkVzs2KrAF4AaABAg,J00aDzfK8WQ,f780fecda6b85cf174645b8223b06b455d0c4b27a6960fcdc7bf7b84c78c88a0,"Semenjak pake transmisi d tuas kanan setir, rasanya maju mudur jd simple banget 😅 enak dipake pas parkir 🎉",3,2026-06-28T12:51:25Z,2026-06-28T12:51:25Z,2026-09-19T00:23:10.549263+00:00,"semenjak pakai transmisi d tuas kanan setir, rasanya maju mudur jd simple banget 😅 enak dipake pas parkir 🎉",,,positif,,Human-Audit-GoldStandard,,,positif,,True
UgxDF8IkXU27knzztF14AaABAg,A-qeEyGaJM0,6ec3c304ac404026dc8b882e6ca9cdcc54044b9e34e501e61f2a2a34eabe9921,Boros bngt ato gimana sih cas 100% km 130 trs sisa 6% di 379 berarti cuma 292 km jaraknya selisih lebih dari 100 km klaimnya,4,2026-09-15T17:32:51Z,2026-09-15T17:33:16Z,2026-09-19T00:23:14.160865+00:00,boros bngt ato gimana sih isi daya 100% km 130 trs sisa 6% di 379 berarti cuma 292 km jaraknya selisih lebih dari 100 km klaimnya,negatif,,,,Human-Audit-GoldStandard,negatif,,,,True
UgwAVn1TQjn8phHnkWJ4AaABAg,9GTZD3la5qI,41d1c0e3065c76a45dff86463f75d5f6b8b11e0342138c176b2f671ee51a2444,"WULING garansi SEUMUR HIDUP baterai, motor dan MCU..!!!!",0,2026-04-10T12:12:02Z,2026-04-10T12:12:02Z,2026-09-27T14:02:23.207162+00:00,"wuling garansi seumur hidup baterai, motor dan mcu..!!",,netral,,,Human-Audit-GoldStandard,,netral,,,True
UgxODHqHA4brwK1vFbx4AaABAg,4f36QI6CVtc,283700b2f3df720a87904c980e600da81d3cd7364ee7767a38c96894ea39b575,wuling????????kasus terussssss..!,0,2026-09-07T14:23:25Z,2026-09-07T14:23:25Z,2026-09-27T14:02:14.434487+00:00,wuling??kasus teruss..!,,,,negatif,Human-Audit-GoldStandard,,,,negatif,True
UgzEK_tEJcOEGgxFv_N4AaABAg,Bx-XDBdN7nA,cab9e6b62ae356e4153a3e813381914cfe13c7c4c4883fecc020fe33d56b0e61,Kenapa ya mobil jaman sekarang konsol tengahnya tinggi2? Jadi kurang enak kalo pengen duduk ngangkang gitu,1,2025-11-16T05:56:31Z,2025-11-16T05:56:31Z,2026-09-19T00:23:02.435533+00:00,kenapa ya mobil jaman sekarang konsol tengahnya tinggi2? jadi kurang enak kalo pengen duduk ngangkang gitu,,,negatif,,Human-Audit-GoldStandard,,,negatif,,True
UgwEc5Wf46xmZhqqb7p4AaABAg,IMO53AFzSZU,c94e931d8a9b9c24e4796b7c12dab2b5ca785e44087e73bff9aee3629dc3bc4e,wuih mahal banget,0,2026-08-24T15:28:59Z,2026-08-24T15:28:59Z,2026-09-27T14:02:20.682299+00:00,wuih mahal banget,,negatif,,,Human-Audit-GoldStandard,,negatif,,,True
UgyXFyqr3SMREGEH5PR4AaABAg,VEXJp_L57Nk,77790817db7c73a31a9e828b6e7f7ddffd477b7ab78d3150984072c40f576dc6,"Drama Build Quality di mobil Indonesia sudah tidak ada lagi sejak ada mobil China (Co. BYD, Wuling, Geely dkk)",5,2025-10-28T03:48:43Z,2025-10-28T03:48:43Z,2026-09-19T00:23:10.716076+00:00,"drama build quality di mobil indonesia sudah tidak ada lagi sejak ada mobil china (co. byd, wuling, geely dkk)",,,positif,,Human-Audit-GoldStandard,,,positif,,True
UgylG1hIRfz3k74TaV14AaABAg,G_acqAJrRso,d10d2f28fe3b2704791220c07b3261dbb3e5452379da38b03122ca11960cc75c,"Buat dipake krj wort nih, range 400an km bs ngecas seminggu sekali nh dipom bensin😂",1,2025-11-15T10:56:10Z,2025-11-15T10:56:10Z,2026-09-18T04:38:30.738340+00:00,"buat dipake krj wort nih, range 400an km bs mengisi daya seminggu sekali nh dipom bensin😂",positif,,,,Human-Audit-GoldStandard,positif,,,,True
UgxaH7nPVn93u2gTHEh4AaABAg,l8fPSUqdmOM,cbfec7d74e7b0932a7c022a5d85a62a4432a83d669360986affdc43a13f8a32b,"Mantap koh,.. Jadi referensi buat saya kalo mobil listrik senyaman itu di tol cipularang gokil gak geter gak limbung banget stabil banget itu stirnya👍 Wuling air ev kecil kecil joss",0,2026-09-14T15:45:55Z,2026-09-14T15:45:55Z,2026-09-27T14:02:15.000262+00:00,"bagus koh,.. jadi referensi buat saya kalo mobil listrik senyaman itu di tol cipularang gokil tidak geter tidak limbung banget stabil banget itu stirnya👍 wuling air ev kecil kecil joss",,,positif,,Human-Audit-GoldStandard,,,positif,,True
Ugxon4rit0u3Gp6VFFZ4AaABAg,A9niV2791gs,888f5aea6bdc7958c4fe71f6473f5dccf84088157170e95a806e98cdea379976,"Asli gw tdnya berharap mau milih mobil ini. Kursi 1/2 jam duduk pegal2. Panas, ac nya kurang. Kekedapan kurang walau double glass... Aneh sih. Jd beli yg 260 merk lain deh.",0,2026-01-23T16:42:33Z,2026-01-23T16:42:33Z,2026-09-19T00:23:04.831717+00:00,"asli gw tdnya berharap mau milih mobil ini. kursi 1/2 jam duduk pegal2. panas, ac nya kurang. kekedapan kurang walau double glass.. aneh sih. jd beli yg 260 merk lain deh.",,,negatif,,Human-Audit-GoldStandard,,,negatif,,True
UgxeUFCW1dLSiIc1k6B4AaABAg,j_6L3j7vrOc,e8c98be1364da78030dc2e41622a589107084dd49d6936f25ccac73ec5ae9997,Andaikan dpt wall charger pasti lbh mantap lagi.. sayangnya nggak dpt..,1,2025-11-16T10:19:40Z,2025-11-16T10:19:40Z,2026-09-19T00:23:05.069705+00:00,andaikan dapat wall charger pasti lbh bagus lagi.. sayangnya tidak dpt..,negatif,,,,Human-Audit-GoldStandard,negatif,,,,True
UgyoIXFCaqEj9BtGF8J4AaABAg,dEJ4VEjH1AQ,36304d9c3d25ba6bcb2221ab8c59b053531f9143520c80aba7be44e7975cdc26,Mantep si ini. Drpada Atto 1 dah terlalu pasaran wkwkw apalagi katanya jd armada grab. Dari fitur juga ga kalah ini sama atto 1 apalagi binguo,12,2025-11-24T14:12:06Z,2025-11-24T14:12:06Z,2026-09-19T00:23:14.870779+00:00,mantep si ini. drpada atto 1 dah terlalu pasaran wkwkw apalagi katanya jd armada grab. dari fitur juga tidak kalah ini sama atto 1 apalagi binguo,,,positif,,Human-Audit-GoldStandard,,,positif,,True
Ugxf00XBnFgcaXDwTL14AaABAg,fjWvVFT0vr0,44a8aae06990416d911910a68188adfcac52f11bc29b34e4c143759471f2927b,Canggih mobil,0,2026-01-18T23:33:07Z,2026-01-18T23:33:07Z,2026-09-19T00:23:08.164869+00:00,canggih mobil,,,positif,,Human-Audit-GoldStandard,,,positif,,True
UgzdhdzSDLHbtZx-qIh4AaABAg,IMO53AFzSZU,ffa308c54ee52c8c6451b618cfea8d6335d9923301e70f7a6824699e31b39881,Atoinya lebih syahdu. Asik juga ya klo ga bikin jebol kantong ganti part.,1,2026-08-24T12:43:37Z,2026-08-24T12:43:37Z,2026-09-27T14:02:20.682299+00:00,atoinya lebih syahdu. asik juga ya kalau tidak bikin jebol kantong ganti part.,,,,netral,Human-Audit-GoldStandard,,,,netral,True
UgxP-AlmJ3WYFNWHt3l4AaABAg,wWoTrVO2Hk4,08871f5150ebccb321a483c53b1f811bfccb5c37d69a7f6dc0b2fc0d1e99eecb,"hal kecil yg cukup mengganggu: saat wiper depan diangkat, tangkainya mentok dg kap mesin.",1,2026-05-26T11:43:38Z,2026-05-26T11:43:38Z,2026-09-19T00:23:05.983222+00:00,"hal kecil yg cukup mengganggu: saat wiper depan diangkat, tangkainya mentok dg kap mesin.",,,negatif,,Human-Audit-GoldStandard,,,negatif,,True
UgznptHhR5gQQ8sGtgx4AaABAg,9GTZD3la5qI,165f69aeaa91a45b488e400b927bccf29911f138eeb75a07f2ca719049c4dc80,"30rb? ±100km sehari? jakarta-bogor pp, garansi hangus",0,2024-01-13T11:43:00Z,2024-01-13T11:43:00Z,2026-09-27T14:02:23.207162+00:00,"30rb? ±100km sehari? jakarta-bogor pp, garansi hangus",,,,negatif,Human-Audit-GoldStandard,,,,negatif,True
UgwoRhF7iBxUyscYrCd4AaABAg,A9niV2791gs,c0552e98b392d0dcc79b25faf106611f51d5b394823abc37f608136c05eba5c9,Makin kesini makin mirip sama esemka... hampir ghoib,7,2026-01-22T18:21:14Z,2026-01-22T18:21:14Z,2026-09-19T00:23:04.831717+00:00,makin kesini makin mirip sama esemka.. hampir ghoib,,,,negatif,Human-Audit-GoldStandard,,,,negatif,True
UgyD7OVLI-Wy5psLR4V4AaABAg,Bx-XDBdN7nA,885fceaad1c2252413808a7ff8d1c045e5ed67b4197c923bc06ce66f4e7a73d7,Cepat atau lambat mobil Jepang akan kalah sama mobil Cina krn mobil Jepang terlalu mahal ( overprice),0,2025-12-28T14:26:33Z,2025-12-28T14:26:33Z,2026-09-19T00:23:02.435533+00:00,cepat atau lambat mobil jepang akan kalah sama mobil cina karena mobil jepang terlalu mahal ( overprice),,netral,,,Human-Audit-GoldStandard,,netral,,,True
Ugyc2M7NWY_akL6jw7V4AaABAg,G_acqAJrRso,1ffdd7b71d8b758ba2fda70c8489c5f6f1ac50efa1cd48b3043031f7decb71d5,"Gila sih, saya terbiasa beli mobkas, gak pernah sepengen ini beli mobil baru, sangat2222 worth it 🤲🏻🤲🏻🤲🏻🤲🏻",224,2025-11-14T14:55:09Z,2025-11-14T14:55:09Z,2026-09-18T04:38:30.738340+00:00,"gila sih, saya terbiasa beli mobkas, tidak pernah sepengen ini beli mobil baru, sangat22 layak it 🤲🏻🤲🏻🤲🏻🤲🏻",,positif,,,Human-Audit-GoldStandard,,positif,,,True
UgxcHvKMeLBS3e2IwAt4AaABAg,bC7X9DplrIc,f0b8417d952fc74b04abe1308a601ce382c73cf10b1d9309ca161ef27af06844,"Pabrikan ya mikir apa sih ya,ngembangin suspensi ampe puluhan miliar,tpi modal arm rest paling cuma 500rb ga bisa😂..",1,2026-03-14T02:54:04Z,2026-03-14T02:54:04Z,2026-09-19T00:23:14.522723+00:00,"pabrikan ya mikir apa sih ya,ngembangin suspensi ampe puluhan miliar,tpi modal arm rest paling cuma 500rb tidak bisa😂..",,,netral,,Human-Audit-GoldStandard,,,netral,,True
UgztXGNyfln0oV-ta-R4AaABAg,4f36QI6CVtc,01ed26f28d4b6ebca917818263416721685fa582c54c1ee68de8e20aebe0c159,"Ga jauh dr vf3 sy om, klaim nedc 210, realnya bisa 230-250 dalam kota.",1,2026-09-08T00:31:08Z,2026-09-08T00:31:08Z,2026-09-27T14:02:14.434487+00:00,"tidak jauh dari vf3 sy om, klaim nedc 210, realnya bisa 230-250 dalam kota.",,positif,,,Human-Audit-GoldStandard,,positif,,,True
UgyWJjpUikJCN5dYBcd4AaABAg,Bx-XDBdN7nA,4be7c0fef1ba90855250fc22ce2630a378b14ba087ce0a6c58dffdeef1cae69c,"Solar panel di kap mesin, dan atap , sspertinya akan mengurangi konsumsi listrik untuk lampu led nya. Lumayan",0,2025-11-16T19:17:59Z,2025-11-16T19:20:03Z,2026-09-19T00:23:01.508913+00:00,"solar panel di kap mesin, dan atap , sspertinya akan mengurangi konsumsi listrik untuk lampu led nya. lumayan",,,netral,,Human-Audit-GoldStandard,,,netral,,True
UgzNh7JZHtQ7stRzwq54AaABAg,AOjceFDyYeM,891cda5cdd7a76048c302efe2b3a456c0fe66f3204be549f3642f4dd0c352647,150k km battery health sekitar 83% hmmm lumayan ya udh berapa puluh juta hemat buat bensin sama oli itu...,2,2025-12-22T19:18:37Z,2025-12-22T19:18:37Z,2026-09-27T14:02:20.222873+00:00,150k km battery health sekitar 83% hmm lumayan ya sudah berapa puluh juta hemat buat bensin sama oli itu..,,positif,,,Human-Audit-GoldStandard,,positif,,,True
UgwMpShgKscA_mCmiCx4AaABAg,w7zLKYpCozw,995c0348f9352d74428e8c2fa0175f518ed78edcd528c7db2c6c498273b5e562,"ga ada armrest tengah, usb tengah masih type a, ga bisa telescopic, kurang sunroof, dah gitu aja untuk harga segitu",0,2025-12-18T14:37:51Z,2025-12-18T14:37:51Z,2026-09-19T00:23:14.691226+00:00,"tidak ada armrest tengah, usb tengah masih type a, tidak bisa telescopic, kurang sunroof, dah gitu aja untuk harga segitu",,,negatif,,Human-Audit-GoldStandard,,,negatif,,True
Ugy7PDu1VTMs4f9oQph4AaABAg,VEXJp_L57Nk,2fc2ff8cf2355ce7519d055f3324a49ab29477fe0a907e76a04c438459569c30,Saya msh ragu beli mbl listrik perasaan takut koslet,0,2025-10-03T12:15:23Z,2025-10-03T12:15:23Z,2026-09-19T00:23:10.716076+00:00,saya msh ragu beli mbl listrik perasaan takut koslet,,,negatif,,Human-Audit-GoldStandard,,,negatif,,True
UgzbrtzuHK1IqUlcf6h4AaABAg,Bx-XDBdN7nA,15388fe297218636fbbd49227443449e280c9559757b15b939d2bfad6b28ae38,"3 tahun lalu duit 300jt, dpt moblis kutu, roti tawar, g kuat nanjak, yg kala itupun sok pada jual mahal ajimumpung sales2nya",2,2025-11-16T05:05:07Z,2025-11-16T05:05:07Z,2026-09-19T00:23:02.435533+00:00,"3 tahun lalu duit 300jt, dapat moblis kutu, roti tawar, g kuat nanjak, yg kala itupun sok pada jual mahal ajimumpung sales2nya",,negatif,negatif,negatif,Human-Audit-GoldStandard,,negatif,negatif,negatif,True
UgxQDp5-37mtrUOfZXV4AaABAg,jL5p1zZMNEM,4cef059cc3c1a4f1600b372136c19dc0b9d93b85f3231ac2090f9c93436a0677,"Bagi yang nonton jangan sekali kali ngabisin sampe 0% di mobil sendiri ya, kalo sampe ada 1 cell yang bermasalah gara2 charge nya sisa terlalu rendah wasalam, memang garansi sih tapi ya ga usah menguji keberuntungan urusan batere 😅",0,2024-09-19T16:20:22Z,2024-09-19T16:20:22Z,2026-09-27T14:02:12.351850+00:00,"bagi yang nonton jangan sekali kali ngabisin sampe 0% di mobil sendiri ya, kalo sampe ada 1 cell yang bermasalah gara2 charge nya sisa terlalu rendah wasalam, memang garansi sih tapi ya tidak usah menguji keberuntungan urusan batere 😅",,,netral,,Human-Audit-GoldStandard,,,netral,,True
UgyrDxskT_KtHJ-fqHN4AaABAg,VEXJp_L57Nk,b06988baf326bfe72727eb8bfa5df06a897d16a2cb469b63d4b59deb5dbc74dc,Sayang yg warna silvernya ga dimasukin pdhl cakep bgt,0,2025-10-03T14:46:17Z,2025-10-03T14:46:17Z,2026-09-19T00:23:10.716076+00:00,sayang yg warna silvernya tidak dimasukin pdhl cakep banget,,,negatif,,Human-Audit-GoldStandard,,,negatif,,True
Ugw57vcdz99PY0uLQzh4AaABAg,z1fWo8tYynA,945478466279037d28cb957fcd33f2f68ad4a0906cd8d20f1057ce4a36e06144,Berasa ketipu mobil di indo yg sudah lebih dulu mengakar... Bertahun2 bikin monopoli dengan fitur ekonomi lemahnya 😂. Tinggal banyakin bengkel resminya aja ni mobil2 baru.,0,2025-11-22T15:04:54Z,2025-11-22T15:04:54Z,2026-09-19T00:23:13.927196+00:00,berasa ketipu mobil di indo yg sudah lebih dulu mengakar.. bertahun2 bikin monopoli dengan fitur ekonomi lemahnya 😂. tinggal banyakin bengkel resminya aja ni mobil2 baru.,,,netral,netral,Human-Audit-GoldStandard,,,netral,netral,True
UgzS43_NNrWM0w7oV_t4AaABAg,Bx-XDBdN7nA,6e9ae32ac6c8f8552c8eaa7411823421f55458b68bd53849829579a8fe15422a,Plek ketiplek ini Range Rover versi kw sih wkwk,1,2025-11-18T11:08:15Z,2025-11-18T11:08:15Z,2026-09-19T00:23:01.508913+00:00,plek ketiplek ini range rover versi kw sih wkwk,,,negatif,,Human-Audit-GoldStandard,,,negatif,,True
UgxjVPAQOYbVuNgPfMt4AaABAg,jL5p1zZMNEM,7a1cf2c57092c39b7305a8dd3fdaead65f0faff84c1ef4b139222bdc3a38131f,"Yg OMODA SOC-nya sudah 78% om, makanya boros krn performa batrenya sdh turun 22%",0,2025-04-14T01:25:47Z,2025-04-14T01:25:47Z,2026-09-27T14:02:09.410241+00:00,"yg omoda soc-nya sudah 78% om, makanya boros karena performa batrenya sudah turun 22%",,,negatif,,Human-Audit-GoldStandard,,,negatif,,True
UgzChp3Iyo4UYiCSA3N4AaABAg,j_6L3j7vrOc,50236301734ce48cdfb880ade9d3afdba9e051b602f7521fc0818069e3f48596,Dengan harga segitu udah gak khawatirkan depresiasi. Toh buat harian jangka panjang,0,2026-01-03T15:27:18Z,2026-01-03T15:27:18Z,2026-09-19T00:23:05.069705+00:00,dengan harga segitu udah tidak khawatirkan depresiasi. toh buat harian jangka panjang,,netral,,,Human-Audit-GoldStandard,,netral,,,True
Ugw_E5eEXCmpKYh-1BB4AaABAg,W3G8V7xV3-Y,67977762c698cd9c25627dbda0f204b03982428a17daede4cc7e47feb43de3ac,"Wuling reputasi After salesnya belum bagus, percuma nanti kalau rusak nggak bisa diperbaiki. Dan kalau nunggu partsnya bisa 3 bulan.Mending cari yg pasti pasti aja.Penjualan Wuling juga lagi jeblok kok.otomatis resale valuenya juga rendah.",0,2024-06-08T12:09:54Z,2024-06-08T12:10:42Z,2026-09-27T14:02:27.731586+00:00,"wuling reputasi after salesnya belum bagus, percuma nanti kalau rusak tidak bisa diperbaiki. dan kalau nunggu partsnya bisa 3 bulan.mending cari yg pasti pasti aja.penjualan wuling juga lagi jeblok kok.otomatis resale valuenya juga rendah.",,negatif,,negatif,Human-Audit-GoldStandard,,negatif,,negatif,True
UgyDtx_J3lIZ_NiPlWB4AaABAg,Bx-XDBdN7nA,ac2f5a61c9c8faaa3da78bf408b616bdb695e3210b1a14d3022a2fdfd4d1fb66,Semisal J5 ev garansi batreynya seumur hidup pasti lebih rame lagi.. sayangnya cuma 8 thun,0,2025-11-18T04:48:02Z,2025-11-18T04:48:02Z,2026-09-19T00:23:00.712565+00:00,semisal j5 ev garansi batreynya seumur hidup pasti lebih rame lagi.. sayangnya cuma 8 thun,negatif,,,,Human-Audit-GoldStandard,negatif,,,,True
Ugx_2S82XQnX7vW-1zp4AaABAg,BFp1_jq3zVo,e35fb1d1edf39548407c25772a3ed1a7fa567ae2abdf27aa3069a30fa8128910,kompetitor dari japan sudah ketar-ketar karena ada mobil china baru harga nggak masuk akal wow,7,2026-03-31T12:18:08Z,2026-03-31T12:18:08Z,2026-09-19T00:23:14.379690+00:00,kompetitor dari japan sudah ketar-ketar karena ada mobil china baru harga tidak masuk akal wow,,netral,,,Human-Audit-GoldStandard,,netral,,,True
Ugz4UMjrUVT_2jv2y9Z4AaABAg,Vu0ayycGXbI,7c261ffb15a0fbffc45a21c3b3a8e76ef423c457894b3201537310e86cbc8774,sayang belum ada mobil ev yang awd depan motor inruner belakang pakai dual hub motor itu akan berguna buat nanjak dan jalan tanah berlumpur,0,2026-04-05T08:10:08Z,2026-04-05T08:11:17Z,2026-09-19T00:23:04.671044+00:00,sayang belum ada mobil ev yang awd depan motor inruner belakang pakai dual hub motor itu akan berguna buat nanjak dan jalan tanah berlumpur,,,negatif,,Human-Audit-GoldStandard,,,negatif,,True
Ugx-9J_leyAqSAZddPp4AaABAg,BFp1_jq3zVo,ad3e53ea71423104791d5da5ad65b0ee2f273a239b120fd38735920c7b2fbb40,"seenak-enaknya mobil harus liat pabrikannya, saya liat geely belum serius jualan di indonesia, terbukti dari delivery yang tidak merata, saya spk januari sampai sekarang tidak jelas kapan ada unit, sales sudah tidk respon, email ke customer care Geely Auto Indonesia malah lempar ke dealer, tidak ada solusi sampai sekarang",7,2026-04-13T02:55:43Z,2026-04-13T02:55:43Z,2026-09-19T00:23:14.379690+00:00,"seenak-enaknya mobil harus liat pabrikannya, saya liat geely belum serius jualan di indonesia, terbukti dari delivery yang tidak merata, saya spk januari sampai sekarang tidak jelas kapan ada unit, sales sudah tidk respon, email ke customer care geely auto indonesia malah lempar ke dealer, tidak ada solusi sampai sekarang",,,,negatif,Human-Audit-GoldStandard,,,,negatif,True
Ugx6dEpLogiOruMx_Bp4AaABAg,bC7X9DplrIc,ad3e53ea71423104791d5da5ad65b0ee2f273a239b120fd38735920c7b2fbb40,"seenak-enaknya mobil harus liat pabrikannya, saya liat geely belum serius jualan di indonesia, terbukti dari delivery yang tidak merata, saya spk januari sampai sekarang tidak jelas kapan ada unit, sales sudah tidk respon, email ke customer care Geely Auto Indonesia malah lempar ke dealer, tidak ada solusi sampai sekarang",0,2026-04-13T02:56:05Z,2026-04-13T02:56:05Z,2026-09-19T00:23:14.522723+00:00,"seenak-enaknya mobil harus liat pabrikannya, saya liat geely belum serius jualan di indonesia, terbukti dari delivery yang tidak merata, saya spk januari sampai sekarang tidak jelas kapan ada unit, sales sudah tidk respon, email ke customer care geely auto indonesia malah lempar ke dealer, tidak ada solusi sampai sekarang",,,,negatif,Human-Audit-GoldStandard,,,,negatif,True
UgwFVPHAgdMxEwuhjS14AaABAg,BFp1_jq3zVo,bc552ca51c8e1570a1601193d6b06c9f2548241c26005f819c50a7d8bb715824,"oo pemegang saham terbesar geely adalah volvo cars, mobil volvo dikenal nyaman dn kokoh, kayaknya pesaing berat byd atto 1 ini.

btw secara pribadi aku lebih suka ini dripda atto 1 walaupun blum sanggup beli hehe",0,2026-04-01T14:21:03Z,2026-04-01T14:21:03Z,2026-09-19T00:23:14.380689+00:00,"oo pemegang saham terbesar geely adalah volvo cars, mobil volvo dikenal nyaman dn kokoh, kayaknya pesaing berat byd atto 1 ini. btw secara pribadi aku lebih suka ini dripda atto 1 walaupun blum sanggup beli hehe",,,positif,,Human-Audit-GoldStandard,,,positif,,True
UgzdD6bsco4l0XTiQT14AaABAg,Bx-XDBdN7nA,2bd8cfc323aee17b405f14b206cde6ed8ffd7f5602ee370883692a0386ec74a9,Wah jarak tempuh nya kurang sayang,0,2026-07-16T23:41:49Z,2026-07-16T23:41:49Z,2026-09-19T00:23:01.508913+00:00,wah jarak tempuh nya kurang sayang,negatif,,,,Human-Audit-GoldStandard,negatif,,,,True
Ugxya1_Oa3GX-bCGwm94AaABAg,W3G8V7xV3-Y,ee4ef9ae532d943336f350ccbae38e9d6c9052477f942424780ee0fdd3ad8fc2,"Trik marketing yg dibalut dengan garansi ""LIFETIME"".",18,2024-06-05T16:28:58Z,2024-06-05T16:28:58Z,2026-09-27T14:02:25.659868+00:00,"trik marketing yg dibalut dengan garansi ""lifetime"".",,netral,,,Human-Audit-GoldStandard,,netral,,,True
UgycNQw4hbgxREDpFHd4AaABAg,Vu0ayycGXbI,1b83ab5dd309eb48a3e3bf5de8c933ba0afb47b31ef4d50ec52be24724356f3b,Fix ban nya licin,0,2026-04-01T14:02:29Z,2026-04-01T14:02:29Z,2026-09-19T00:23:04.026610+00:00,fix ban nya licin,,,negatif,,Human-Audit-GoldStandard,,,negatif,,True
UgywZc9fZozhs41i6HF4AaABAg,z1fWo8tYynA,68da4fbb276a3dbaf38f4d9e9270973ada92710c89bb4fe279d96d50fc82cfc6,"Mobil paling layak di beli di THN 2025 ini , LBH murah dari LCGC tapi LBH nyaman dan menang fitur",7,2025-09-19T05:16:15Z,2025-09-19T05:16:15Z,2026-09-19T00:23:10.960426+00:00,"mobil paling layak di beli di thn 2025 ini , lbh murah dari lcgc tapi lbh nyaman dan menang fitur",,positif,positif,,Human-Audit-GoldStandard,,positif,positif,,True
Ugyq3vR6KgV0XZmToOx4AaABAg,W3G8V7xV3-Y,335744b8cd21ba1c4d4f787a1bd1e98bfc7fd57e07cb6d05e21d5d6c0463f284,"ketika tanya ke sales nya amankah kalau banjir? aman, tapi gak digaransi kalau banjiir 😂😂😂",0,2025-06-25T12:52:48Z,2025-06-25T12:52:48Z,2026-09-27T14:02:27.731586+00:00,"ketika tanya ke sales nya amankah kalau banjir? aman, tapi tidak digaransi kalau banjiir 😂😂",,negatif,,,Human-Audit-GoldStandard,,negatif,,,True
UgxT-VwhLVpLdYryYn94AaABAg,Bx-XDBdN7nA,3a7fc71513126232fc60d6f665bf0d46074878665f27c620d141543d7a1ca506,"Awal tahun nanti juga ada yng under 200 juta, sekarang lagi perang harga sih",3,2025-11-17T11:03:36Z,2025-11-17T11:03:36Z,2026-09-19T00:23:01.508913+00:00,"awal tahun nanti juga ada yng under 200 juta, sekarang lagi perang harga sih",,netral,,,Human-Audit-GoldStandard,,netral,,,True
UgxDqQjgrHVbqJd3iB94AaABAg,G_acqAJrRso,43e27e1af0a7849000579fed76e823e7ce3692e2715cf9a584152ccf0bab7a9c,"Akhirnya SPK ini, dengan kandidat Atto 1, E5 dan Geely EX2 yang harganya tak nongol-nongol.

Semoga deliverynya tak selama yang dibilang salesnya.",41,2025-11-14T14:34:22Z,2025-11-14T14:34:22Z,2026-09-18T04:38:30.738340+00:00,"akhirnya spk ini, dengan kandidat atto 1, e5 dan geely ex2 yang harganya tak nongol-nongol. semoga deliverynya tak selama yang dibilang salesnya.",,netral,,netral,Human-Audit-GoldStandard,,netral,,netral,True
Ugz8CgQpIs4IULvQqFR4AaABAg,J00aDzfK8WQ,de0ab39a40f631b124d4c61025f028a6bac97397ed1c113f436482ace4a6bc76,"Improvement atau ""Penyesuaian"" ya jdnya ? Heater nya malah hilang, padahal cukup berguna buat warga pegunungan yg tertarik EV karena males cari SPBU",3,2026-05-26T02:22:57Z,2026-05-26T02:22:57Z,2026-09-19T00:23:10.549263+00:00,"improvement atau ""penyesuaian"" ya jdnya ? heater nya malah hilang, padahal cukup berguna buat warga pegunungan yg tertarik ev karena males cari spbu",,,negatif,,Human-Audit-GoldStandard,,,negatif,,True
UgwJkhe2JkHfWTiD59t4AaABAg,Bx-XDBdN7nA,7d33eacfeab47a223321fe88c4ab049e65342440c8bbbc31fddc8a74c77c046e,"bentuk depan nya buat gw sih kurang menarik, ky maenan hehe",0,2025-11-19T13:36:25Z,2025-11-19T13:36:25Z,2026-09-19T00:23:02.435533+00:00,"bentuk depan nya buat gw sih kurang menarik, ky maenan hehe",,,negatif,,Human-Audit-GoldStandard,,,negatif,,True
Ugw1wFBEi_XFCu9o61t4AaABAg,dEJ4VEjH1AQ,24689fa524e893220552ba0279fef9bc348d8b29cd7165f86b377f890654eaf5,Jangan dibandingin sama Jaecoo j5. Nanti sales byd marah. Mereka bilang beda segmen😂,2,2025-11-25T10:47:49Z,2025-11-25T10:47:49Z,2026-09-19T00:23:14.870779+00:00,jangan dibandingin sama jaecoo j5. nanti sales byd marah. mereka bilang beda segmen😂,,,,netral,Human-Audit-GoldStandard,,,,netral,True
Ugy7QQpoay0ABXyhGGt4AaABAg,BFp1_jq3zVo,c6f1c9e4646b6bb28e3010b51548173c53a019a5eb61fcbb05b7b484892a8e6b,istilah suspensi paling dewasa itu dikenal dengan istilah advance,3,2026-04-01T04:45:52Z,2026-04-01T04:45:52Z,2026-09-19T00:23:14.379690+00:00,istilah suspensi paling dewasa itu dikenal dengan istilah advance,,,netral,,Human-Audit-GoldStandard,,,netral,,True
Ugxs6bU51CVUS7Twhwd4AaABAg,fjWvVFT0vr0,fc88cf618070e6a03c0062da6c23a1152a9443d7af51835de6bc827b968f0ec5,ayo sparepart byd dilimpahkan   seperti astra dijamin banyak avanza jadi rongsokan😂,0,2025-07-26T07:31:53Z,2025-07-26T07:31:53Z,2026-09-19T00:23:08.935049+00:00,ayo sparepart byd dilimpahkan seperti astra dijamin banyak avanza jadi rongsokan😂,,,,netral,Human-Audit-GoldStandard,,,,netral,True
Ugz0tz8ZRQ_Y91pyvaF4AaABAg,A-qeEyGaJM0,c674f90929359ef5c8dc511cc6052a34664bd89308bc257035a2ea0eee8ac92c,Wisata dari SPKLU ke SPKLU..,0,2026-09-17T12:28:31Z,2026-09-17T12:28:31Z,2026-09-19T00:23:14.160865+00:00,wisata dari stasiun pengisian kendaraan listrik umum ke spklu..,netral,,,,Human-Audit-GoldStandard,netral,,,,True
Ugws8Wv7pd4AWflU5SB4AaABAg,z1fWo8tYynA,7afea676a21340a282ec4dc2e5186a1a55843043daca0afbb2d70bd33c842796,"Ngiler mobil ini tp sayang uang udah kepake buat invest yg lain,smg ada rejeki lain utk beli mobil ini sblm pajaknya naik 😅",1,2025-09-17T23:08:02Z,2025-09-17T23:08:02Z,2026-09-19T00:23:12.527826+00:00,"ngiler mobil ini tapi sayang uang udah kepake buat invest yg lain,smg ada rejeki lain untuk beli mobil ini sblm pajaknya naik 😅",,netral,,,Human-Audit-GoldStandard,,netral,,,True
UgxegqXqz0zVUEh0uwZ4AaABAg,A9niV2791gs,d3ddb389a640c23657e07655bb39e9bbd79eeafc0c9f1c47e5569729efeef763,"Waah ini bisa jd ngeri jg ya torsi yg tinggi, terutama klo driver cewek atau emak-emak yg gk hati-hati, salah bejek bisa celaka😅",7,2026-01-24T08:50:00Z,2026-01-24T08:50:00Z,2026-09-19T00:23:04.831083+00:00,"waah ini bisa jd ngeri jg ya torsi yg tinggi, terutama kalau driver cewek atau emak-emak yg tidak hati-hati, salah bejek bisa celaka😅",,,negatif,,Human-Audit-GoldStandard,,,negatif,,True
UgyNz8bNvJglzwdFYll4AaABAg,Vu0ayycGXbI,5c550ccae7e9148c57e8b2ef8795e544ebc1e41c9ca056bda2dd335b90c0326b,299jt masih harus bayar laen laen lagi. Trus blom dapet wall charger. Barang ghoib. Ya emang kudu sabar2 yg beli ini.,0,2026-03-04T00:03:14Z,2026-03-04T00:03:14Z,2026-09-19T00:23:04.027753+00:00,299jt masih harus bayar laen laen lagi. trus blom dapet wall charger. barang ghoib. ya emang kudu sabar2 yg beli ini.,negatif,negatif,,negatif,Human-Audit-GoldStandard,negatif,negatif,,negatif,True
Ugz9awOaaCPg4Ye7MMF4AaABAg,SQJwC-QLsRk,860b19b542837c1c346581863c95213b66600359b533fa918a52cbc65d723d80,"segmen range harga ini menarik sih, bahkan dengan peraturan pajak baru buat ev, itungannya masih 11 12 kaya pelihara matic premium 150cc",1,2026-04-25T10:19:39Z,2026-04-25T10:19:39Z,2026-09-19T00:23:15.653310+00:00,"segmen range harga ini menarik sih, bahkan dengan peraturan pajak baru buat ev, itungannya masih 11 12 kaya pelihara matic premium 150cc",,positif,,,Human-Audit-GoldStandard,,positif,,,True
UgxtAQYXFnVs9HZ4QfZ4AaABAg,Bx-XDBdN7nA,4df75ad5a61a7db22216ff36c2b1b7d4717165d984c7c4935ed5b64a21ebbeec,"Cepat atau lambat, yang beruntung bisa meminang J5 ini dengan harga launching juga akan merasakan penyesalan karena melihat mobil2 baru Chery group (percayalah, saya pengguna Chery sampai hari ini selama nyaris 2 tahun)

Melihat lineup produk2 baru Chery group, ada 2 produk yang mungkin bisa lebih murah atau setara dengan mobil ini, iCar V23 dan QQ baru.",0,2025-11-16T07:46:20Z,2025-11-16T07:46:20Z,2026-09-19T00:23:01.508913+00:00,"cepat atau lambat, yang beruntung bisa meminang j5 ini dengan harga launching juga akan merasakan penyesalan karena melihat mobil2 baru chery group (percayalah, saya pengguna chery sampai hari ini selama nyaris 2 tahun) melihat lineup produk2 baru chery group, ada 2 produk yang mungkin bisa lebih murah atau setara dengan mobil ini, icar v23 dan qq baru.",,negatif,,,Human-Audit-GoldStandard,,negatif,,,True
UgwkgqJsb2iaBlYyY9Z4AaABAg,O-vAYJNfQEk,c256e2525e7a2977549f880d2648f005c361db9190674edb96434e17e3da58b8,"Saya mau beli cuman pusing krn d batasin sebulan tdk boleh lebih dari 3km dan bila lebih tdk d cover seumur hidup cuman 8 thn, nah kalau sdh lima thn batere tnggl 70% di hargai berapa mobil ini setelah 5thn? Ini yg membuat saya atres, pada hal sy suka model luar dlm nya😢 bisa kasih salan? Krn batere mahal sedangkan se bulan bisa 5000 km lebih",0,2024-09-02T00:34:34Z,2024-09-02T00:34:34Z,2026-09-27T14:02:14.061399+00:00,"saya mau beli cuman pusing karena d batasin sebulan tidak boleh lebih dari 3km dan jika lebih tidak d cover seumur hidup cuman 8 thn, nah kalau sudah lima thn batere tnggl 70% di hargai berapa mobil ini setelah 5thn? ini yg membuat saya atres, pada hal sy suka model luar dlm nya😢 bisa kasih salan? karena batere mahal sedangkan se bulan bisa 500 km lebih",,negatif,,negatif,Human-Audit-GoldStandard,,negatif,,negatif,True
UgxHMtZvCyFi_qMrmo54AaABAg,fjWvVFT0vr0,cc93ff270f667af8aaf9f95201e7c1bb47770c6e5499ede41fcda3ff22be6834,"Tadinya lagi nabung untuk Beli Agya G CVT 2023 (yang second) karena harganya value for money dengan fiturnya untuk mobil pertama. Tapi lihat ini jadi kepikiran nabung lebih biar bisa beli BYD Atto 1. huaaa wkwkw. As always belum nonton reviewnya tapi tahu kalau di review sama carmudi, will be beyond outstanding.",52,2025-07-26T03:13:25Z,2025-07-26T03:13:25Z,2026-09-19T00:23:06.549873+00:00,"tadinya lagi nabung untuk beli agya g cvt 2023 (yang second) karena harganya value for money dengan fiturnya untuk mobil pertama. tapi lihat ini jadi kepikiran nabung lebih biar bisa beli byd atto 1. huaa wkwkw. as always belum nonton reviewnya tapi tahu kalau di review sama carmudi, will be beyond outstanding.",,netral,netral,,Human-Audit-GoldStandard,,netral,netral,,True
Ugy7XlcP-ZvJcRhNpiB4AaABAg,jL5p1zZMNEM,9d5ab3940b48922f81b2359e0f9cc49c5de13b326ad5f9bc2949a73ef0611598,"Hasil tes sampai baterai habis
Menit 42:51

CloudEv = 414,7 km
MG 4 Ev = 430,9 km
Omoda E5 = 467,9 km",28,2024-10-01T13:16:04Z,2024-10-01T13:16:04Z,2026-09-27T14:02:11.248425+00:00,"hasil tes sampai baterai habis menit 42:51 cloudev = 414,7 km mg 4 ev = 430,9 km omoda e5 = 467,9 km",netral,,,,Human-Audit-GoldStandard,netral,,,,True
Ugxhf7sHNC1XK_O82n14AaABAg,Vu0ayycGXbI,5209858d79b03e4dc0fcee3cf3f104043d9cd2d3b02a69148c175449a155dd98,324jt.. masih okelah,0,2026-09-17T04:19:17Z,2026-09-17T04:19:17Z,2026-09-19T00:23:04.027191+00:00,324jt.. masih okelah,,positif,,,Human-Audit-GoldStandard,,positif,,,True
UgylMAZONrXoRC19cKZ4AaABAg,Bx-XDBdN7nA,9ad0511973398995862f9db61eb747dbbcef2191adc2375a388909eb9a8599fb,Buset independent suspension 🔥🔥🔥,7,2025-11-17T16:54:00Z,2025-11-17T16:54:00Z,2026-09-19T00:23:00.712565+00:00,buset independent suspension 🔥🔥,,,positif,,Human-Audit-GoldStandard,,,positif,,True
UgyGW8auGWKNb1TKX314AaABAg,A9niV2791gs,61872bc241b55e32761a3fcdd875c9892532a85215e35d157ccd76c03cc2b633,"mobil eV berdimensi cukup besar 4,3 mtr x 1,8 metr x 1,6 mtr clearence 20 cm dengan harga di bawah hanya Rp 300Jt masih disertai berbagai garansi serta pembayaran permudahan dan tampilan sangat keren, calon mobil sejuta umat, sangat keren tampilan bisa on road dan off road.",2,2026-01-23T11:27:02Z,2026-01-23T11:27:02Z,2026-09-19T00:23:04.831083+00:00,"mobil ev berdimensi cukup besar 4,3 mtr x 1,8 metr x 1,6 mtr clearence 20 cm dengan harga di bawah hanya rp 300jt masih disertai berbagai garansi serta pembayaran permudahan dan tampilan sangat keren, calon mobil sejuta umat, sangat keren tampilan bisa on road dan off road.",,positif,positif,,Human-Audit-GoldStandard,,positif,positif,,True
Ugxe4W1saNpERt6JuPF4AaABAg,z1fWo8tYynA,87a56afbf8baec981575e50588c0e0e2a2df9fa2d7bd20b15f4de4031b610cfb,"mobil listrik skrg murah ya, tp sayangnya saya baru mampu beli sepeda listrik",0,2025-09-21T10:43:39Z,2025-09-21T10:43:39Z,2026-09-19T00:23:11.766454+00:00,"mobil listrik skrg murah ya, tapi sayangnya saya baru mampu beli sepeda listrik",,positif,,,Human-Audit-GoldStandard,,positif,,,True
Ugwt7Rsg84_MjbCQ18F4AaABAg,j_6L3j7vrOc,0e36be8a4759a2b772d5d1ff074e7ef39db08205b84dc00afd986993fb5f80ec,"penasaran dengan harga brand icar nanti,chery group pasti ngasi gebrakan buat ngelawan jimny😅",0,2025-11-16T18:17:04Z,2025-11-16T18:17:04Z,2026-09-19T00:23:05.069705+00:00,"penasaran dengan harga brand icar nanti,chery group pasti ngasi gebrakan buat ngelawan jimny😅",,netral,,,Human-Audit-GoldStandard,,netral,,,True
UgwRpx0EP9Dq5H29YxN4AaABAg,Bx-XDBdN7nA,1f922eebfd4f8a1c4c008599e2d5e43fd56776a4b82e56361bf16e8e5b3589e3,"mobil ev kelas 200 jt - 400 jt mah cuman antar kota, antar propinsi jabar - jateng yang banyak tanjakan full penumpang plus bawaan udah ngos2an minta di charge sebelum sampai tujuan, nanjak aja belum tentu bisa kelas segini karena beberapa model punya TEKNOLOGI PROTEKSI MOTOR melindungi dari overheat / rusak dengan mengurangi torsi dari awal, dan model2 lainnya motor listriknya masih pake FWD , gak bakal kuat tanjakan walau model seheboh marketing nya",2,2025-12-25T02:43:20Z,2025-12-25T02:43:20Z,2026-09-19T00:23:01.508913+00:00,"mobil ev kelas 200 jt - 400 jt mah cuman antar kota, antar propinsi jabar - jateng yang banyak tanjakan full penumpang plus bawaan udah ngos2an minta di charge sebelum sampai tujuan, nanjak aja belum tentu bisa kelas segini karena beberapa model punya teknologi proteksi motor melindungi dari overheat / rusak dengan mengurangi torsi dari awal, dan model2 lainnya motor listriknya masih pakai fwd , tidak bakal kuat tanjakan walau model seheboh marketing nya",negatif,,negatif,,Human-Audit-GoldStandard,negatif,,negatif,,True
UgwiHDzrr9iy3tT13r14AaABAg,fjWvVFT0vr0,aabb334b21a5b78979e44088fc0d72d8a3c55e51bf932708d3ca0a767061ec0e,"jok udah kulit mewah
 langsung dari pabrik, agak laen emang china made😄",0,2026-03-17T02:57:50Z,2026-03-17T02:57:50Z,2026-09-19T00:23:08.164869+00:00,"jok udah kulit mewah langsung dari pabrik, agak laen emang china made😄",,,positif,,Human-Audit-GoldStandard,,,positif,,True
UgzK3mMd3iKsf7w_Opl4AaABAg,Bx-XDBdN7nA,a86bde41349d4b7547e2dfc1b2dc7567042e9ea3f5608a7bf5db24ebbac60345,Spec dewa tapi bentuk spt kulkas 😂,0,2025-11-24T09:09:05Z,2025-11-24T09:09:05Z,2026-09-19T00:23:02.435533+00:00,spec dewa tapi bentuk spt kulkas 😂,,,negatif,,Human-Audit-GoldStandard,,,negatif,,True
Ugyidv31h37CdieaVlZ4AaABAg,z1fWo8tYynA,96216b7d1935ab32a89df8e2e2072eaf71c41ebf54f3e6278891f11d05e431fd,Kalau homecharger belum punya cukup repot yah.,0,2025-12-22T14:00:40Z,2025-12-22T14:00:40Z,2026-09-19T00:23:12.527826+00:00,kalau homecharger belum punya cukup repot yah.,negatif,,,,Human-Audit-GoldStandard,negatif,,,,True
UgyX48QhIVO3xYAtZkt4AaABAg,Vu0ayycGXbI,94b0d031e841f33a72db565f1e8a9ecb4f8b82e54eca661082e56d16eefddf54,"Kalau hidup di gunung, geely ex2 masih belum ada lawan buat ev murah.
Palingan ya mg s5 yang lebih mahal (agak jauh sih).",24,2026-02-23T11:53:36Z,2026-02-23T11:53:36Z,2026-09-19T00:23:03.311589+00:00,"kalau hidup di gunung, geely ex2 masih belum ada lawan buat ev murah. palingan ya mg s5 yang lebih mahal (agak jauh sih).",,positif,,,Human-Audit-GoldStandard,,positif,,,True
Ugy6QjlCfnfh2E1a5Vx4AaABAg,W3G8V7xV3-Y,f18fc624923faf0fea38bc204771f8306045bb468086a330e1af9833176ab18f,"tadi baru aja dari pameran Cloud EV. katanya lifetime guarantee skrg (mgkn Cloud aja?) berlaku utk tangan k2 tp maksimal 10 tahun DIKURANG tahun penggunaan tangan pertama. contoh uda dipake 2 tahun, terus dijual, jadi 8 tahun sisanya. CMIIW",0,2024-06-22T11:27:51Z,2024-06-22T11:28:07Z,2026-09-27T14:02:25.659868+00:00,"tadi baru aja dari pameran cloud ev. katanya lifetime guarantee skrg (mgkn cloud aja?) berlaku untuk tangan k2 tapi maksimal 10 tahun dikurang tahun penggunaan tangan pertama. contoh uda dipake 2 tahun, terus dijual, jadi 8 tahun sisanya. cmiiw",,netral,,,Human-Audit-GoldStandard,,netral,,,True
UgxVIqFYXBj6-Bapb4t4AaABAg,A9niV2791gs,c7c681b3f8d183d6742fdeae3ccf629f176e03cc2cbbb8c332f1c77df6e294b5,"Setuju sama yang bagian layar instrumen, kena downgrade jadi layar kalkulator, padahal yg versi luar dapat full screen",0,2026-01-26T04:30:01Z,2026-01-26T04:30:01Z,2026-09-19T00:23:04.831083+00:00,"setuju sama yang bagian layar instrumen, kena downgrade jadi layar kalkulator, padahal yg versi luar dapat full screen",,,negatif,,Human-Audit-GoldStandard,,,negatif,,True
Ugw2Akh_rZ9yik2233h4AaABAg,SQJwC-QLsRk,4793b781f747d51b108acc42599b6dda96de339f45bdf7d58e8ca9e73bf2190b,untuk masalah kekedapan di road noise mungkin bisa diatasin dengan ganti ban khusus EV contohnya merk michelin,0,2026-04-25T10:12:17Z,2026-04-25T10:12:17Z,2026-09-19T00:23:15.005212+00:00,untuk masalah kekedapan di road noise mungkin bisa diatasin dengan ganti ban khusus ev contohnya merk michelin,,,netral,,Human-Audit-GoldStandard,,,netral,,True
UgyyKgdMbW1R2ODZE214AaABAg,A-qeEyGaJM0,25aa98442742c61854d8ce343552481d0967fc64c7fae708ea8e7f40dd9ed490,Geely ex2 ini gua seneng bgt bentuk nya. Warna nya. Mudah mudahan suatu saat ada mesin hybrid nya. Pasti lebih gacor penjualan nya dari brio.. Hehe.,0,2026-09-17T13:17:08Z,2026-09-17T13:17:08Z,2026-09-19T00:23:14.160865+00:00,geely ex2 ini gua seneng banget bentuk nya. warna nya. mudah mudahan suatu saat ada mesin hybrid nya. pasti lebih sangat bagus penjualan nya dari brio.. hehe.,,,positif,,Human-Audit-GoldStandard,,,positif,,True
Ugzv3HQs_Kk80IJBJAp4AaABAg,AOjceFDyYeM,3c583cf32d77e1654440db5368c5bc51c0382affa8912bb5f27dbc9997b8e56a,"Pengen punya mobil listrik untuk online,ngirit❤",0,2026-04-19T01:23:36Z,2026-04-19T01:23:36Z,2026-09-27T14:02:19.136503+00:00,"pengen punya mobil listrik untuk online,ngirit❤",,positif,,,Human-Audit-GoldStandard,,positif,,,True
UgwXfmokWbmj2X65EP94AaABAg,IMO53AFzSZU,896cb2735f2b50a481c71839aa6a6445d9e39a03d0dd440638e996fdaf99f3e8,"Sama bgt, beli air ev bekas udah ganti racksteer dua kali dan dua2nya di cover garansi.. emang mantep wuling after salesnya yg di arista garding serpong",31,2026-08-24T13:54:42Z,2026-08-24T13:54:42Z,2026-09-27T14:02:20.682299+00:00,"sama bgt, beli air ev bekas udah ganti racksteer dua kali dan dua2nya di cover garansi.. emang mantep wuling after salesnya yg di arista garding serpong",,,netral,positif,Human-Audit-GoldStandard,,,netral,positif,True
UgzxHB8biACuphqR9FR4AaABAg,G_acqAJrRso,11320e0ceca375c96ca696028d3560da6a88f09c2125a4ba64f6f00218d06447,"Ana rega ana rasa lan rupa.
Contoh kue donat di pasar 1000/bh.
Tapi dunking donat..../bh.
Beda harga beda rasa !",0,2025-12-31T15:15:57Z,2025-12-31T15:15:57Z,2026-09-18T04:38:31.419348+00:00,ana rega ana rasa lan rupa. contoh kue donat di pasar 100/bh. tapi dunking donat../bh. beda harga beda rasa !,,netral,,,Human-Audit-GoldStandard,,netral,,,True
Ugy7yp1SdFOsaJdCiOd4AaABAg,bC7X9DplrIc,8016cd062e850da627ba5efa7d92dad2873ee3ea0d4b95182a95b2941200f8e6,"Dengan hadirnya J5 gue kira pasar mobil listrik bakal seru, ternyata masih sama kayak ICE, dibawah 400juta banyaak bener sunatnya ya walaupun beberapa fitur juga berasa di mobil mewah tapi tetep aja sih menurut gue cuma batere yang bikin mahal (plus pajak sialan). Kemaren jajal EX5 gak ada obat enak banget, tapi tetep aja ada sunatannya . padahal udah 480jt harganya .. menang lifetime battery warranty aja. Konoha emang gak ada obat.",2,2026-03-29T01:06:50Z,2026-03-29T01:06:50Z,2026-09-19T00:23:14.522723+00:00,"dengan hadirnya j5 gue kira pasar mobil listrik bakal seru, ternyata masih sama kayak ice, dibawah 400juta banyaak bener sunatnya ya walaupun beberapa fitur juga berasa di mobil mewah tapi tetep aja sih menurut gue cuma batere yang bikin mahal (plus pajak sialan). kemaren jajal ex5 tidak ada obat enak banget, tapi tetep aja ada sunatannya . padahal udah 480jt harganya .. menang lifetime battery warranty aja. konoha emang tidak ada obat.",,negatif,negatif,,Human-Audit-GoldStandard,,negatif,negatif,,True
UgympPOaOi2qaNjYiIJ4AaABAg,0fHm0HIIJrY,610e39b2c5adc83fe33115163fcc07baa68858d6bb086a8af03902e1196596b0,klo pajak nol semua pake mobil listrik jalannya gmn ya klo dah bayar pajak aja jalannya masih kurang tau banyak rusaknya,1,2026-05-13T22:05:34Z,2026-05-13T22:05:34Z,2026-09-27T14:02:21.256364+00:00,kalau pajak nol semua pakai mobil listrik jalannya gmn ya kalau dah bayar pajak aja jalannya masih kurang tau banyak rusaknya,negatif,,,,Human-Audit-GoldStandard,negatif,,,,True
UgwNmf3dnnvubQyPou14AaABAg,AOjceFDyYeM,3e761bd1a81dd7297ff8addb56ca9a2f6ec4cd430049978e43fc3453d3619653,"26:05 pake kunci torsi nya udah bener sih bang tapi yg gg liat tadi malah kayak formalitas doang, soal nya si mekanik ngencengin awal pake impact kedengeran suara impact nya (krek krek) agak lama jadi itu baut udah kencang duluan bisa jadi udah di atas 100nm nah pas liat dia kencengin pake kunci torsi di roda depan kiri itu keliatan sampe kunci nya bunyi tapi gak gerak, gw juga mekanik yg biasa pake impact dan kunci torsi jadi kalo pas ngencengin di awal pake nya impact gw pastiin cuma sampe mur nya nempel doang tapi blm kenceng dan saat di torsi si mur wajib masih bisa muter walaupun dikit, kalo kunci torsi udah bunyi duluan tapi mur gak gerak sama sekali maka ada indikasi over torque.",22,2025-12-08T18:40:07Z,2025-12-08T18:40:07Z,2026-09-27T14:02:19.136503+00:00,"26:05 pakai kunci torsi nya udah bener sih bang tapi yg gg liat tadi malah kayak formalitas doang, soal nya si mekanik ngencengin awal pakai impact kedengeran suara impact nya (krek krek) agak lama jadi itu baut udah kencang duluan bisa jadi udah di atas 100nm nah pas liat dia kencengin pakai kunci torsi di roda depan kiri itu keliatan sampe kunci nya bunyi tapi tidak gerak, gw juga mekanik yg biasa pakai impact dan kunci torsi jadi kalo pas ngencengin di awal pakai nya impact gw pastiin cuma sampe mur nya nempel doang tapi belum kenceng dan saat di torsi si mur wajib masih bisa muter walaupun dikit, kalo kunci torsi udah bunyi duluan tapi mur tidak gerak sama sekali maka ada indikasi over torque.",,,,negatif,Human-Audit-GoldStandard,,,,negatif,True
UgyEf0GuDgisFoGCq0F4AaABAg,ccgG2mpCIHM,a819a1fed254a8a392e11abe702489e1d881111dae289f68af3e69375acecea8,"Wajar sih jeacoo J5 menang, karena harganya paling mahal di bandingkan geely ex2 dan byd atto 1",2,2026-05-14T05:05:55Z,2026-05-14T05:05:55Z,2026-09-19T00:28:54.749870+00:00,"wajar sih jeacoo j5 menang, karena harganya paling mahal di bandingkan geely ex2 dan byd atto 1",,netral,,,Human-Audit-GoldStandard,,netral,,,True
UgytbX0QGgE0uU0EO6V4AaABAg,fjWvVFT0vr0,2931cf1473381a381a510409aad6161bb550a1e4bc6a54fbcd007be8f7d40eb1,"Berapa kali om bilang gila, haha. Ini kayaknya sales byd ga usah nawarin juga udah banyak yg beli. Semoga ga digoreng yaa",6,2025-07-26T04:31:22Z,2025-07-26T04:31:22Z,2026-09-19T00:23:06.549873+00:00,"berapa kali om bilang gila, haha. ini kayaknya sales byd tidak usah nawarin juga udah banyak yg beli. semoga tidak digoreng yaa",,,,netral,Human-Audit-GoldStandard,,,,netral,True
UgzZt0e2iISw36TRtkh4AaABAg,Bx-XDBdN7nA,4f1e42ab88930de423c7b9ec1f7973cfb83741d94488e3a818d434b3e8eeb08b,“Mobil proper yang harganya bikin keder”,37,2025-11-16T09:23:49Z,2025-11-16T09:23:49Z,2026-09-19T00:23:00.712565+00:00,“mobil proper yang harganya bikin keder”,,positif,,,Human-Audit-GoldStandard,,positif,,,True
UgyQo0SS3KPDUVxsgBp4AaABAg,ccgG2mpCIHM,e927491600ffa4b376452d3489c35868d0decd84bb2ccd7768ed67fc16e23d62,"Coba atto 1 Dynamic abis di berapa km dibanding klaim?... Kalo yg sy rasakan di atto 1 memang di tol boros batere, dibanding jalur biasa seperti misal jalur Bandung-Tasik jalan berkelok-kelok pegunungan naik turunan panjang ada generatif braking lumayan irit tuh di atto1 bisa melebihi klaim",0,2026-05-03T21:03:01Z,2026-05-03T21:03:01Z,2026-09-19T00:28:55.390869+00:00,"coba atto 1 dynamic abis di berapa km dibanding klaim?.. kalo yg sy rasakan di atto 1 memang di tol boros batere, dibanding jalur biasa seperti misal jalur bandung-tasik jalan berkelok-kelok pegunungan naik turunan panjang ada generatif braking lumayan irit tuh di atto1 bisa melebihi klaim",netral,,,,Human-Audit-GoldStandard,netral,,,,True
Ugw0xKd1VC6lc_-ju_94AaABAg,l8fPSUqdmOM,981028f013ea56a01f69a86996d93d1d0b2c09b0e2e3a03d9d1d1851d919fee3,"Hati2 ko kecepatan tinggi, mobil kecil rentan tk terkendali, takut munting😭",0,2025-03-10T07:49:01Z,2025-03-10T07:49:01Z,2026-09-27T14:02:16.602859+00:00,"hati2 ko kecepatan tinggi, mobil kecil rentan tk terkendali, takut munting😭",,,negatif,,Human-Audit-GoldStandard,,,negatif,,True
UgyntkZ8ituj8AOTYoZ4AaABAg,BFp1_jq3zVo,0e9a5e8f38b410e235568b004b1c26444269df0e6d0e8fd46abe866768a6bf11,"Atto1 aja udah enak worth, tp geely ini lebih enak & worth dr itu.
udah nyobain kekurangan yg mayan signifikan sih cuma jok belakang keras & tegak..
Untuk brand ini ada potensi lebih baik dr byd lho, krn di china scr penjualan udah geely yg unggul",1,2026-04-02T14:33:29Z,2026-04-02T14:33:55Z,2026-09-19T00:23:14.379690+00:00,"atto1 aja udah enak worth, tapi geely ini lebih enak & layak dari itu. udah nyobain kekurangan yg mayan signifikan sih cuma jok belakang keras & tegak.. untuk brand ini ada potensi lebih baik dari byd lho, karena di china scr penjualan udah geely yg unggul",,,negatif,positif,Human-Audit-GoldStandard,,,negatif,positif,True
UgwJSNPA-9pkOlQAk194AaABAg,BFp1_jq3zVo,55654754cfdc49951b230aff8bf7f33d0f30b93ac122bc12bdf25ae5dfe21bda,"Jok ngga ada warna yang gelap,",0,2026-04-01T07:56:28Z,2026-04-01T07:56:28Z,2026-09-19T00:23:14.379690+00:00,"jok tidak ada warna yang gelap,",,,negatif,,Human-Audit-GoldStandard,,,negatif,,True
Ugwlmw_N0Y3mvYcHXPR4AaABAg,bC7X9DplrIc,9ae6d99261c72ec08b37db6ad4ce4cfcb2d353b709aa2d49738b17ecaaadf8d6,"Kalo cuma masalah lipet spion elektrik boleh ke tukang modif variasi aja ga? Ngegugurin garansi ga? 😏😁
Paling sebel alesan paling gampang ke konsumen tuh kalo bilang ""modif"" = ""garansi angus"" 🤪😆",2,2026-03-05T05:04:24Z,2026-03-05T05:04:24Z,2026-09-19T00:23:14.522723+00:00,"kalo cuma masalah lipet spion elektrik boleh ke tukang modif variasi aja ga? ngegugurin garansi ga? 😏😁 paling sebel alesan paling gampang ke konsumen tuh kalo bilang ""modif"" = ""garansi angus"" 🤪😆",,,,netral,Human-Audit-GoldStandard,,,,netral,True
UgzBfokB39xBak28rdt4AaABAg,l8fPSUqdmOM,504ecff3fbc41733f4fc5c49e27cdeff8138b7e789abcb8b33f4e39e90e43ca1,Harganya kes pasti mehong ya...,0,2025-08-30T06:24:49Z,2025-08-30T06:24:49Z,2026-09-27T14:02:16.602859+00:00,harganya kes pasti mehong ya..,,negatif,,,Human-Audit-GoldStandard,,negatif,,,True
Ugwf81gazIUy5J-LL3J4AaABAg,l8fPSUqdmOM,8a823187da5de57b660cc162f4f8d4bcc8dbe622e1d035a83cbde194b0719110,"Buying price is Rp. 300 millions. After 3 years it gets down to Rp. 100 millions. It depreciates 200 millions in 3 years. After 5 years it gets down to Rp. 40 millions ? Or less ? Or u have to spend 100 millions for a new battery n other maintenance costs. You lose 60 millions per year. Is it ok ? In case of Avanza, presumably of the same price, it gets down to Rp. 150 millions after 5 years. From this point, the depreciation is  affordable. Consider it that the 2004 Avanza, after 22 years, is still valued at Rp. 50 millions. What is yr choice ?",0,2026-03-14T23:20:16Z,2026-03-14T23:20:16Z,2026-09-27T14:02:17.415591+00:00,"buying price is rp. 300 millions. after 3 years it gets down to rp. 100 millions. it depreciates 200 millions in 3 years. after 5 years it gets down to rp. 40 millions ? or less ? or u have to spend 100 millions for a new battery n other maintenance costs. you lose 60 millions per year. is it ok ? in case of avanza, presumably of the same price, it gets down to rp. 150 millions after 5 years. from this point, the depreciation is affordable. consider it that the 2004 avanza, after 22 years, is still valued at rp. 50 millions. what is yr choice ?",,netral,,,Human-Audit-GoldStandard,,netral,,,True
UgyZCRvfNskVAgpvnB94AaABAg,fjWvVFT0vr0,46e2448d2824697b2ce17e4e262b763722dad40f59ef4670a3682451d30a7b6c,"INI PENGALAMAN SAYA DI DUNIA TEKNOLOGI. saya lama sekali bekerja di sebuah brand smartphone asal tiongkok.. di sana saya belajar bahwa selain takdir tuhan bahwa kemajuan teknologi tidak bisa dihindari..
cuman dengan pesat dan persaingan yg luar biasa, selain efek baik harga yg murah dan kualitas terus membaik... akan terjadi brand2 tumbang.  contoh di smartphone banyak sekali brand besar hilang di Indonesia.. dulu juga sama smartphone harga second bagus lalu dengan kemajuan seperti ini lama2 orang ga peduli sama  harga second.

jadi menurut saya ini akan seperti dunia smartphone.. MOBIL tiongkok akan terus semakin merajalela dan berkuasa. Brand besar akan ada yg tumbang.. lama2 orang akan tidak perduli dengan harga jual kembali...",111,2025-07-26T03:41:53Z,2025-07-26T03:41:53Z,2026-09-19T00:23:06.549873+00:00,"ini pengalaman saya di dunia teknologi. saya lama sekali bekerja di sebuah brand smartphone asal tiongkok.. di sana saya belajar bahwa selain takdir tuhan bahwa kemajuan teknologi tidak bisa dihindari.. cuman dengan pesat dan persaingan yg luar biasa, selain efek baik harga yg murah dan kualitas terus membaik.. akan terjadi brand2 tumbang. contoh di smartphone banyak sekali brand besar hilang di indonesia.. dulu juga sama smartphone harga bekas bagus lalu dengan kemajuan seperti ini lama2 orang tidak peduli sama harga second. jadi menurut saya ini akan seperti dunia smartphone.. mobil tiongkok akan terus semakin merajalela dan berkuasa. brand besar akan ada yg tumbang.. lama2 orang akan tidak perduli dengan harga jual kembali..",,positif,,,Human-Audit-GoldStandard,,positif,,,True
UgzDJuT2amVv4TwfmJt4AaABAg,Bx-XDBdN7nA,76523f9cb28978ecd924298ce8a59d9c7795ee5a7e4d2422195786be62b65c37,"Pilihan paling cerdas ya made china, ash canggih teejangkau lagi. Tenggelamkan made in jepun, pelit fitur mahal pula.",0,2026-04-25T14:13:44Z,2026-04-25T14:13:44Z,2026-09-19T00:23:02.435533+00:00,"pilihan paling cerdas ya made china, ash canggih teejangkau lagi. tenggelamkan made in jepun, pelit fitur mahal pula.",,positif,positif,,Human-Audit-GoldStandard,,positif,positif,,True
UgxmfVGxZWB_BwHoqFN4AaABAg,Vu0ayycGXbI,6a9ec12716e37d3f002c77f2a38799e1b91db99a2bafb822f1f619a16fb3b2d4,"ganti ban-nya... jelek itu ban-nya, bukan mobilnya ",2,2026-02-23T08:56:55Z,2026-02-23T08:56:55Z,2026-09-19T00:23:04.027753+00:00,"ganti ban-nya.. jelek itu ban-nya, bukan mobilnya",,,negatif,,Human-Audit-GoldStandard,,,negatif,,True
Ugy13sHBU8FJLBpIn794AaABAg,J00aDzfK8WQ,02ce1393f467e8145f4c941a4db95d80160f3e485a7537684b896151d85c354f,"Knp sih transmisi pindah ke sein.. 
gw lbh suka transmisi di tengah dan bener2 pake tuas kaya punya seal.
Itu bikin kagok bgt dah.
Hazard jg harusnya tombolnya besar dan terpisah gitu ya.",18,2026-05-25T14:50:36Z,2026-05-25T14:50:48Z,2026-09-19T00:23:10.549263+00:00,knp sih transmisi pindah ke sein.. gw lbh suka transmisi di tengah dan bener2 pakai tuas kaya punya seal. itu bikin kagok banget dah. hazard jg harusnya tombolnya besar dan terpisah gitu ya.,,,negatif,,Human-Audit-GoldStandard,,,negatif,,True
UgxJgaIbFtyLI6XXsEh4AaABAg,A9niV2791gs,f277873b24d9899dbecc771ee40c964a893334ed3b24751e25aba8de21a4aadf,"Semakin menyenangkan melihat harga mobil yang canggih semakin murah.
Tinggal fulusnya aja nih yang belum terlihat...😂😂😂",3,2026-01-23T02:31:05Z,2026-01-23T02:31:05Z,2026-09-19T00:23:04.831083+00:00,semakin menyenangkan melihat harga mobil yang canggih semakin murah. tinggal fulusnya aja nih yang belum terlihat..😂😂,,positif,positif,,Human-Audit-GoldStandard,,positif,positif,,True
Ugwfw-gjPNrrc6Eo8yB4AaABAg,z1fWo8tYynA,3eae7445e0e7cbe365d01add1e5c613a9e04481fb3e85f6fb68320ddc540bd89,"Keren byd atto 1 ini dan harganya seperti wuling air ev, wuling air ev belum ccs2 dan ban masih velg kaleng 12 inch lalu pintu hanya 2, wuling air ev kemahalan atau byd atto 1 kemurahan ya",8,2025-09-20T02:09:58Z,2025-09-20T02:09:58Z,2026-09-19T00:23:11.766454+00:00,"keren byd atto 1 ini dan harganya seperti wuling air ev, wuling air ev belum ccs2 dan ban masih velg kaleng 12 inch lalu pintu hanya 2, wuling air ev kemahalan atau byd atto 1 kemurahan ya",,positif,,,Human-Audit-GoldStandard,,positif,,,True
UgxAwvoSgR1bCuyD86l4AaABAg,9GTZD3la5qI,880ab2791e2e10a41b2705348e89421e3db76f9a4e78cc32a53adaed24176737,"Ngasih garansi seumur hidup tapi syaratnya juga rumit dan banyak, udah paling bener MG4 EV",1,2024-01-13T08:33:29Z,2024-01-13T08:33:29Z,2026-09-27T14:02:22.040959+00:00,"ngasih garansi seumur hidup tapi syaratnya juga rumit dan banyak, udah paling bener mg4 ev",,,,negatif,Human-Audit-GoldStandard,,,,negatif,True
Ugyf-UG6muRlTeppcs94AaABAg,Bx-XDBdN7nA,10f156ab7d49f1c5b15d7c88a096c675dded144c191a4fa1a5adcab9c45eb3a7,mobil besar biaya perawatan pasti lebih mahal,0,2025-11-17T22:04:20Z,2025-11-17T22:04:20Z,2026-09-19T00:23:02.435533+00:00,mobil besar biaya perawatan pasti lebih mahal,,negatif,,,Human-Audit-GoldStandard,,negatif,,,True
Ugy8_u88Jn3N_b1l-0l4AaABAg,khAUeXPkWvg,a67e7f36ed3c2a7c3da5772ca808517285b8e004c166e032a06109092dfe74a8,Hrg nanggung mending sekalian aion yplus,0,2025-10-08T11:43:13Z,2025-10-08T11:43:13Z,2026-09-27T14:02:18.015298+00:00,hrg nanggung lebih baik sekalian aion yplus,,netral,,,Human-Audit-GoldStandard,,netral,,,True
Ugy5sB89bPsMZarWq0F4AaABAg,0fHm0HIIJrY,7a10fa741206dc06ce7da84cf938bfe204b54ba13024ce89f02aaf476bb93b51,Dari body memang menarik tapi kalau driving terasa berat jadi not suitable untuk long drive. Lain dengan Japanese car bisa ngebut,0,2026-05-13T15:24:06Z,2026-05-13T15:24:06Z,2026-09-27T14:02:21.256364+00:00,dari body memang menarik tapi kalau driving terasa berat jadi not suitable untuk long drive. lain dengan japanese car bisa ngebut,,,netral,,Human-Audit-GoldStandard,,,netral,,True
UgzBvMRHl8TV1zLcqV94AaABAg,fjWvVFT0vr0,96fef957b8866626645f559bc53cef5f8ad140e7085aeeba705b762ec327c7bc,"Brio seketika jd kelihatan seperti produk zaman pra sejarah... 

Harunya ini jd momentum buat mobnas listrik juga.. kayak polytron dll... 


Keluarin mobil entry level mepet LCGC   
Sebenrnya ngk perlu canggih2 amat.. yg penting harga di bwah lcgc,  fitur diatas mobil ICE standart kyqk brio... 
Baterai diatas jarak 300km.. 

Durabilitas kaki dan bahan di jaga.. ud auto laku.. 
Karena entry level itu plg takut di durabilitas dan hrga jual kembali.. 
Durabilitas bs di jaga dengan cara jrpang, kasif fitur seadannya.. fitur dikit , dikit juga yg diperbaiki,  yg p3nting badak aja mobilnya",5,2025-07-26T10:48:03Z,2025-07-26T10:48:03Z,2026-09-19T00:23:06.549873+00:00,"brio seketika jd kelihatan seperti produk zaman pra sejarah.. harunya ini jd momentum buat mobnas listrik juga.. kayak polytron dll.. keluarin mobil entry level mepet lcgc sebenrnya ngk perlu canggih2 amat.. yg penting harga di bwah lcgc, fitur diatas mobil ice standart kyqk brio.. baterai diatas jarak 300km.. durabilitas kaki dan bahan di jaga.. ud auto laku.. karena entry level itu plg takut di durabilitas dan hrga jual kembali.. durabilitas bs di jaga dengan cara jrpang, kasif fitur seadannya.. fitur dikit , dikit juga yg diperbaiki, yg p3nting badak aja mobilnya",,netral,netral,,Human-Audit-GoldStandard,,netral,netral,,True
Ugwr095wCQBzABywfeF4AaABAg,IMO53AFzSZU,708ac1c46aa48fd4a52a33235b56a178ced797bceb291b1e07730f1ed5214bb8,garansi nya oke juga sih itu ya,0,2026-08-24T12:30:45Z,2026-08-24T12:30:45Z,2026-09-27T14:02:20.682299+00:00,garansi nya oke juga sih itu ya,,,,positif,Human-Audit-GoldStandard,,,,positif,True
UgyvqOOLVG4WkOBCnAp4AaABAg,G_acqAJrRso,dbf8fdff04717f1b4d4c39cd11bcb80c35fbdafeeb147cecfb39a393088edcd3,"Jangan hitung harga jual dengan segitu bekas pake 10th puas walau bekasnya jadi rongsok😂, menurut hitungan pake bisnis",0,2025-11-15T15:42:10Z,2025-11-15T15:42:10Z,2026-09-18T04:38:32.144167+00:00,"jangan hitung harga jual dengan segitu bekas pakai 10th puas walau bekasnya jadi rongsok😂, menurut hitungan pakai bisnis",,netral,,,Human-Audit-GoldStandard,,netral,,,True
UgxdSXtXho4qgVcWMyp4AaABAg,O-vAYJNfQEk,c2aecddb168132d1e11832f9d7d557d3ad32fe2c53dd5d8d19ea1c52928c8e75,"Aduuh ini kayanya om ridwan di endorse sama wuling...

Saya baru beli binguo yang 410KM dan sudah 3 minggu saya pakai. Ini  review jujurnya
1. Perihal range km, sudah saya coba dengan berbagai gaya berkendaraan.
Range nya yg paling top adalah 3,5KM/ 1%, itu sudah pakai mode ecosport, situasi jalan biasa dan lancar, tidak lewat tol kecepatan maksimum 70km/jam.
Rata2 paling sering di 3 - 3,2KM/1%. Dengan csra berkendsran yang sangat irit.Artinya cuman 300-320km. Jauh banget dari klaimnya.

2. Jangan percaya atau lihat dari range yang ada di monitor. Range yang diatas itu cuman kalkulasi matematika saja, tidak sesuai dengan aktualnya.

3. Ngecharge nya lama banget, jika pakai charging yg portable 1 jam hanya 4%. Bersrti kalo 20-100% bisa 20 jam bosss....

4. Gak usah beli yang ada DC charging, karena DC chargingnya non standard gak akan ada di spklu2 yg ada sekarang. Jadi percuma ada DC charging tapi gak bisa digunakan.

5. Peredaman mobil juga buruk, ampuun berisik banget, abis naik mobil veloz terus pindah ke binguo langsung terasa berisik banget apalagi kalo hujan.

6. Feature nya kaya mobil jaman dahulu, head unit displaynya sih kaya BMW Idrive 8 tapi feature alamak jang... malu2 in. Belum bisa android auto dan aapple car play.

7. Dulu katanya yang dapet life time warranty battery yang prebook 2000 pembeli pertama saja, tapi nyatanya sampe sekarang juga masih dikasih lifetime warranty...

8. Life time warranty nya juga ada syarat dan ketentuan dan jika mobil sudah di pindah tangan kan life time warranty sudah tidak berlaku. Jadi cuman gimik.

9. Alhasil ini mobil sesuai dengan ekspektasi saya gak?
Jawabanya tidaaak sesuai ekspektasi. Terutama masalah range 410KM, tertipuuu....om fitra eri aja ngetes sampai mati dan jalanya di PIK yg rata dan muter2 saja dengan kecepatan konstan cuman dapet 400Km. Apalagi utk dipakai jalan harian dengan kondisi normal.

10. Bakal merekomendasikan mobil ini gak?
TIDAK di rekomendasikan, mending cari mobil listrik yang lain, banyak yg bagus2 baru masuk dengan harga yang mirip. Tapi kalo memang ada yang tetap pengen beli mobil ini, memdingan nanti aja belinya, lama2 juga harga nya juga turun.

11. Nyesel gak beli mobil ini?
Nyesel banget. Dulu waktu prebook mobil2 pesaing2nya belum launching.
Saking nyeselnya saya mau jual aja ini mobil.

Demikian review jujur saya terhadap mobil ini.",0,2024-02-24T08:09:32Z,2024-02-24T08:09:32Z,2026-09-27T14:02:14.061399+00:00,"aduuh ini kayanya om ridwan di endorse sama wuling.. saya baru beli binguo yang 410km dan sudah 3 minggu saya pakai. ini review jujurnya 1. perihal range km, sudah saya coba dengan berbagai gaya berkendaraan. range nya yg paling top adalah 3,5km/ 1%, itu sudah pakai mode ecosport, situasi jalan biasa dan lancar, tidak lewat tol kecepatan maksimum 70km/jam. rata2 paling sering di 3 - 3,2km/1%. dengan csra berkendsran yang sangat irit.artinya cuman 300-320km. jauh banget dari klaimnya. 2. jangan percaya atau lihat dari range yang ada di monitor. range yang diatas itu cuman kalkulasi matematika saja, tidak sesuai dengan aktualnya. 3. ngecharge nya lama banget, jika pakai charging yg portable 1 jam hanya 4%. bersrti kalo 20-100% bisa 20 jam boss.. 4. tidak usah beli yang ada dc charging, karena dc chargingnya non standard tidak akan ada di spklu2 yg ada sekarang. jadi percuma ada dc charging tapi tidak bisa digunakan. 5. peredaman mobil juga buruk, ampuun berisik banget, abis naik mobil veloz terus pindah ke binguo langsung terasa berisik banget apalagi kalo hujan. 6. feature nya kaya mobil jaman dahulu, head unit displaynya sih kaya bmw idrive 8 tapi feature alamak jang.. malu2 in. belum bisa android auto dan aapple car play. 7. dulu katanya yang dapet life time warranty battery yang prebook 200 pembeli pertama saja, tapi nyatanya sampe sekarang juga masih dikasih lifetime warranty.. 8. life time warranty nya juga ada syarat dan ketentuan dan jika mobil sudah di pindah tangan kan life time warranty sudah tidak berlaku. jadi cuman gimik. 9. alhasil ini mobil sesuai dengan ekspektasi saya gak? jawabanya tidaak sesuai ekspektasi. terutama masalah range 410km, tertipuu..om fitra eri aja ngetes sampai mati dan jalanya di pik yg rata dan muter2 saja dengan kecepatan konstan cuman dapet 400km. apalagi untuk dipakai jalan harian dengan kondisi normal. 10. bakal merekomendasikan mobil ini gak? tidak di rekomendasikan, lebih baik cari mobil listrik yang lain, banyak yg bagus2 baru masuk dengan harga yang mirip. tapi kalo memang ada yang tetap pengen beli mobil ini, memdingan nanti aja belinya, lama2 juga harga nya juga turun. 11. nyesel tidak beli mobil ini? nyesel banget. dulu waktu prebook mobil2 pesaing2nya belum launching. saking nyeselnya saya mau jual aja ini mobil. demikian review jujur saya terhadap mobil ini.",negatif,,negatif,negatif,Human-Audit-GoldStandard,negatif,,negatif,negatif,True
UgzX2HRd5KnvTEoRjX94AaABAg,G_acqAJrRso,67add4b7de128ae7a86f45c35c3bae27aff54efd83ca112cdd5de7fc12f57bd0,"EV paling ganteng di range 200-300 jutaan, menurut keyakinan saya 😆",5,2026-04-11T03:16:54Z,2026-04-11T03:16:54Z,2026-09-18T04:38:30.738340+00:00,"ev paling ganteng di range 200-300 jutaan, menurut keyakinan saya 😆",,,positif,,Human-Audit-GoldStandard,,,positif,,True
Ugzy2vY4avA7UyK2Txx4AaABAg,l8fPSUqdmOM,e9e6a4bbd264621fd8d4e437bbb237847179b9111625a9be739b45cd91a88a80,Gw dr kintamani ke bali batre sisa 15% ga sempet cas tp sampe dengan aman si cuma ya itu ketar ketir bgt 😂😂😂,1,2025-03-04T01:23:34Z,2025-03-04T01:23:34Z,2026-09-27T14:02:16.602859+00:00,gw dari kintamani ke bali baterai sisa 15% tidak sempet isi daya tapi sampe dengan aman si cuma ya itu ketar ketir banget 😂😂,,,netral,,Human-Audit-GoldStandard,,,netral,,True
Ugy4W0xC15NANyxcty14AaABAg,w7zLKYpCozw,e9f9021ba096cfc68dee484bd9347b0d72e70ccccfd1ede1072d74bfc8df1acf,"Sandaran Baris ke 2 nya apakah kaya atto 1 yang masih nyaman?, tapi yang terasa kelebihan atto 1 itu terletak di tuas sein yang masih normal",1,2025-12-18T14:39:48Z,2025-12-18T14:39:48Z,2026-09-19T00:23:14.691226+00:00,"sandaran baris ke 2 nya apakah kaya atto 1 yang masih nyaman?, tapi yang terasa kelebihan atto 1 itu terletak di tuas sein yang masih normal",,,positif,,Human-Audit-GoldStandard,,,positif,,True
Ugy9wubH1ub560GvxaJ4AaABAg,jL5p1zZMNEM,3ee0d4ace9e480b8c0c7186918c8d65f092c5b1afa7f6b185e926ccb635911ff,Skr omoda e5 pure udh turun harga jd 360an menang d harga dan menang d jarak tempuh gokil chery the best,1,2025-10-25T06:01:32Z,2025-10-25T06:01:32Z,2026-09-27T14:02:09.410241+00:00,skr omoda e5 pure sudah turun harga jd 360an menang d harga dan menang d jarak tempuh gokil chery the best,,positif,positif,,Human-Audit-GoldStandard,,positif,positif,,True
UgwmnJKfPK6G0ON4iQR4AaABAg,l8fPSUqdmOM,0ded6c716dcedcae4d16dc9e083a544b26213e00dc1f5f213515f943cae7813c,"Mantap, saya pernah pake wuling air Ev dari Purwakarta ke Taman Safari batere habis 80%",19,2025-02-26T01:24:19Z,2025-02-26T01:24:19Z,2026-09-27T14:02:15.000262+00:00,"mantap, saya pernah pakai wuling air ev dari purwakarta ke taman safari batere habis 80%",positif,,,,Human-Audit-GoldStandard,positif,,,,True
Ugx02IOQqSjaQBCTRWF4AaABAg,9GTZD3la5qI,4df75ad5a61a7db22216ff36c2b1b7d4717165d984c7c4935ed5b64a21ebbeec,"Sebenarnya garansi baterai penggerak itu mengcakup apa saja ya? Apakah hanya dead cells atau degradasi diluar normal juga termasuk? 

Lalu bagaimana dengan 2 kasus Ioniq 5 di Kanada dimana benturan terhadap cover batere bisa menghilangkan garansi? Pemilik dibebankan biaya penggantian batere hingga 900jt ($60K) oleh dealer Hyundai dan tentu saja tidak bisa diklaim ke asuransi. Louis Rossman (youtuber dan advokat right to repair) berspekulasi Hyundai tidak mau/tidak mampu mengganti baterai ev mereka sehingga menginstruksikan dealer2 mereka untuk mengcharge harga tidak normal kepada customer (lucunya Hyundai berdalih ini hanya ulah salah satu oknum dealer independent padahal hal yang sama berlaku di semua dealer Hyundai di Amerika Utara).",0,2024-01-13T09:48:43Z,2024-01-13T09:48:43Z,2026-09-27T14:02:23.207162+00:00,sebenarnya garansi baterai penggerak itu mengcakup apa saja ya? apakah hanya dead cells atau degradasi diluar normal juga termasuk? lalu bagaimana dengan 2 kasus ioniq 5 di kanada dimana benturan terhadap cover batere bisa menghilangkan garansi? pemilik dibebankan biaya penggantian batere hingga 900jt ($60k) oleh dealer hyundai dan tentu saja tidak bisa diklaim ke asuransi. louis rossman (youtuber dan advokat right to repair) berspekulasi hyundai tidak mau/tidak mampu mengganti baterai ev mereka sehingga menginstruksikan dealer2 mereka untuk mengcharge harga tidak normal kepada customer (lucunya hyundai berdalih ini hanya ulah salah satu oknum dealer independent padahal hal yang sama berlaku di semua dealer hyundai di amerika utara).,,,,negatif,Human-Audit-GoldStandard,,,,negatif,True
UgyoNlLh2By8MyN2FWV4AaABAg,IMO53AFzSZU,2dff81394b44b1882d8ccc18ea591451162d80b6bab295d7aa5c405c25d7b3bd,Gak ada drama seperti case nya hyundai itu ko😊,7,2026-08-25T04:47:04Z,2026-08-25T04:47:04Z,2026-09-27T14:02:20.682299+00:00,tidak ada drama seperti case nya hyundai itu ko😊,,,,netral,Human-Audit-GoldStandard,,,,netral,True
UgwNoryZlRYY9iXgP-54AaABAg,Bx-XDBdN7nA,3d333cdfdf964c21cb2ba0189421a61692e119b4a340cc948a3540cffc068096,"Harusnya Gak perlu pakai motor buat kotak cas gitu, resiko rusak. Terlalu banyak gimmick malah takut rewel. Pengalaman pakai mobil banyak elektrik rusak lumayan mahal benerin nya. Kebetulan suka pakai mobil dari baru di jual diatas 7 tahun",0,2025-11-16T14:57:57Z,2025-11-16T14:57:57Z,2026-09-19T00:23:03.106249+00:00,"harusnya tidak perlu pakai motor buat kotak isi daya gitu, resiko rusak. terlalu banyak gimmick malah takut rewel. pengalaman pakai mobil banyak elektrik rusak lumayan mahal benerin nya. kebetulan suka pakai mobil dari baru di jual diatas 7 tahun",,negatif,negatif,,Human-Audit-GoldStandard,,negatif,negatif,,True
UgxDEdboLVK0bOZsiFp4AaABAg,fjWvVFT0vr0,72ba6bee83c8b74a5b1b1449f1752ac72c68822728b500670ac19ebc6a4d5fa5,"Fix gw jual sawah 1 buat beli ini yg gw tunggu2 dri kmaren.. mobil manusiawi..murah, keren, lengkap",0,2025-07-26T07:12:00Z,2025-07-26T07:12:00Z,2026-09-19T00:23:08.164869+00:00,"fix gw jual sawah 1 buat beli ini yg gw tunggu2 dri kmaren.. mobil manusiawi..murah, keren, lengkap",,positif,positif,,Human-Audit-GoldStandard,,positif,positif,,True
UgyV1L-t-HONgvBqT2R4AaABAg,fjWvVFT0vr0,bd574b969bfc40d3c30f01dfc67e83cb76b17117a0c0c3e852a2c582e4a6b524,Perasaan aja atau memang mobil produkan china exterion cakep sama interiornya udah mewah dengan harga lebih murah,0,2025-08-05T13:01:56Z,2025-08-05T13:01:56Z,2026-09-19T00:23:08.935049+00:00,perasaan aja atau memang mobil produkan china exterion cakep sama interiornya udah mewah dengan harga lebih murah,,positif,positif,,Human-Audit-GoldStandard,,positif,positif,,True
Ugxy9IjVpe2gxCWwMNt4AaABAg,z1fWo8tYynA,5a2fc4848202a9effac694d7b4825e3ecdfdc681fc0e3b943346989c1325f9cc,Semua dipindah ke layar untuk mengurangi jumlah komponen di dalam mobil yang mengurangi biaya produksi,0,2025-09-18T06:31:09Z,2025-09-18T06:31:09Z,2026-09-19T00:23:13.239008+00:00,semua dipindah ke layar untuk mengurangi jumlah komponen di dalam mobil yang mengurangi biaya produksi,,,netral,,Human-Audit-GoldStandard,,,netral,,True
UgxMrqAPqNXPwCpawP94AaABAg,jL5p1zZMNEM,9ae6d99261c72ec08b37db6ad4ce4cfcb2d353b709aa2d49738b17ecaaadf8d6,"Terima kasih moladin untuk komparasinya 🎉 👏😊
Dengan ini jadi yakin ga akan pilih wuling sama sekali mau Air, Binguo, sama Cloud pun 🫡

Alesan paling pertama dari chargeran nya GBT ga bisa di SPKLU PLN.
Yg kedua semua settingan mobil udah pindah dilayar tengah, ga ada tombol fisik lagi.
Yg ketiga bikin khawatir dibawa keluar kota karena di video tes ini aja hanya 2 orang di dalem mobil + barang tapi abis batere duluan, gimana kondisi real konsumen yg pake bawa keluarga full... Dan balik lagi karena chargeran nya GBT jadi ga bisa charge di SPKLU kalo emergency 😩🤣",12,2024-09-19T09:06:07Z,2024-09-19T09:06:07Z,2026-09-27T14:02:11.248425+00:00,"terima kasih moladin untuk komparasinya 🎉 👏😊 dengan ini jadi yakin tidak akan pilih wuling sama sekali mau air, binguo, sama cloud pun 🫡 alesan paling pertama dari pengisi daya nya gbt tidak bisa di spklu pln. yg kedua semua settingan mobil udah pindah dilayar tengah, tidak ada tombol fisik lagi. yg ketiga bikin khawatir dibawa keluar kota karena di video tes ini aja hanya 2 orang di dalem mobil + barang tapi abis batere duluan, gimana kondisi real konsumen yg pakai bawa keluarga full.. dan balik lagi karena pengisi daya nya gbt jadi tidak bisa charge di spklu kalo emergency 😩🤣",negatif,,,,Human-Audit-GoldStandard,negatif,,,,True
UgyzJ-PCZLlaUsfe3EZ4AaABAg,Vu0ayycGXbI,5ea0cf81c905b569466106eb7d7a7eeec79484d0ad2401b1d4a132ec9ed2db03,ban-nya kurang grip dan jalan licin..,0,2026-02-23T10:31:00Z,2026-02-23T10:31:00Z,2026-09-19T00:23:04.671044+00:00,ban-nya kurang grip dan jalan licin..,,,negatif,,Human-Audit-GoldStandard,,,negatif,,True
Ugx7KTqXHjboObkQjkl4AaABAg,l8fPSUqdmOM,3aafb9df1613f828103a99a340cfba1f913bd510b6624decc0261b8300c4dc57,"walau bukan pemakai ev wuling, tapi semenjak pake mobil listrik, jadi rajin nyetir bolak balik jkt-bdg, dulu pake wuling almaz PP bisa 1jt ngisi pertamax/shell 92, sampai akhirnya mutusin pake whoosh aja, tapi sekarang PP cm nyecharge 150rb-an",21,2025-02-26T03:37:44Z,2025-02-26T03:37:44Z,2026-09-27T14:02:15.000262+00:00,"walau bukan pemakai ev wuling, tapi semenjak pakai mobil listrik, jadi rajin nyetir bolak balik jkt-bdg, dulu pakai wuling almaz pp bisa 1jt ngisi pertamax/shell 92, sampai akhirnya mutusin pakai whoosh aja, tapi sekarang pp cm nyecharge 150rb-an",,positif,,,Human-Audit-GoldStandard,,positif,,,True
UgzoJUd8-ZGogmHdpNp4AaABAg,BFp1_jq3zVo,22b7d855e497bb392e88e0d0389d85e6ccf4b9a4e408555a824c6789b2140b4a,"fitur Geely di Indonesia ini disunat sana sini sampai habis. Yg paling simple dan mengecewakan adalah speaker mobilnya yang cuma 4, termasuk 2 tweeter. Jadi, di belakang cuma ada tempat speaker doank, ga ada isinya. Otomatis kualitasnya jauh lebih jelek dari Innova yang sudah 10 tahun lalu. Bisa dibilang ga ada power sama sekali. Setau saya kalo cek sendiri, speakernya mestinya 6 biji. Lalu, V2L adapter jg ga dikasih, spion ga retractable, pintu bagasi jg ga bisa buka otomatis, ga ada cargo partisi, dll.   Yg aneh lagi, kaca spion driver GA BISA naik setinggi yg sisi passenger.



Kalo pengalaman negative saya setelah pakai 1 bulan:

- dealernya bisa dibilang GA ADA after-sales service. Saya kejar org marketing terus juga jrg dibales, mgkn karena sibuk jualan, dan pasti pikirnya buat apa juga ngurusin buyer yg sudah setor uang dan ga akan bisa kasih komisi lagi.

- STNK asli ga keluar setelah 1 bulan pakai yg sementara, jadi katanya si marketing; gapapa dipakai aja selama ga kena polisi, karena yg telat si Samsat.

- Geely app belum juga didaftarkan. Katanya, supervisor yg bisa nyampaikan ke Jkt untuk didaftarkan, dan slalu lemot dan di luar kendali dia.

- portable charger juga masih belum jelas kapan dikasih.



Saran saya buat calon buyer: lebih baik tunggu sampai layanannya jelas sambil pelajari dengan benar apa yang dikurangi/tidak didapat dari mobil yg akan kalian beli. Kalo liat banyak review di youtube dan specs aslinya di luar Indo, rasanya harga mobilnya worth it banget. Eh, tp ternyata di Indonesia banyak yg disunat. Mungkin disesuaikan dgn ekspektasi org Indonesia spt di mobil Avanza. Yg pasti, audio system Avanza JAUH lbh bagus bahkan dari GEELY EX2 Max.

@geelyautoindonesia #geelyex2max #GEELYEX2",1,2026-05-14T10:09:48Z,2026-05-14T10:09:48Z,2026-09-19T00:23:14.379690+00:00,"fitur geely di indonesia ini disunat sana sini sampai habis. yg paling simple dan mengecewakan adalah speaker mobilnya yang cuma 4, termasuk 2 tweeter. jadi, di belakang cuma ada tempat speaker doank, tidak ada isinya. otomatis kualitasnya jauh lebih jelek dari innova yang sudah 10 tahun lalu. bisa dibilang tidak ada power sama sekali. setau saya kalo cek sendiri, speakernya mestinya 6 biji. lalu, v2l adapter jg tidak dikasih, spion tidak retractable, pintu bagasi jg tidak bisa buka otomatis, tidak ada cargo partisi, dll. yg aneh lagi, kaca spion driver tidak bisa naik setinggi yg sisi passenger. kalo pengalaman negative saya setelah pakai 1 bulan: - dealernya bisa dibilang tidak ada after-sales service. saya kejar org marketing terus juga jrg dibales, mgkn karena sibuk jualan, dan pasti pikirnya buat apa juga ngurusin buyer yg sudah setor uang dan tidak akan bisa kasih komisi lagi. - stnk asli tidak keluar setelah 1 bulan pakai yg sementara, jadi katanya si marketing; gapapa dipakai aja selama tidak kena polisi, karena yg telat si samsat. - geely app belum juga didaftarkan. katanya, supervisor yg bisa nyampaikan ke jkt untuk didaftarkan, dan slalu lemot dan di luar kendali dia. - portable charger juga masih belum jelas kapan dikasih. saran saya buat calon buyer: lebih baik tunggu sampai layanannya jelas sambil pelajari dengan benar apa yang dikurangi/tidak didapat dari mobil yg akan kalian beli. kalo liat banyak review di youtube dan specs aslinya di luar indo, rasanya harga mobilnya layak it banget. eh, tapi ternyata di indonesia banyak yg disunat. mungkin disesuaikan dengan ekspektasi org indonesia spt di mobil avanza. yg pasti, audio system avanza jauh lbh bagus bahkan dari geely ex2 max. #geelyex2max #geelyex2",,,negatif,negatif,Human-Audit-GoldStandard,,,negatif,negatif,True
UgygMK8QRu_rDa151U54AaABAg,9GTZD3la5qI,cb221b5368b3d49db441ea4cdd86cc0b79d1fd25d304c72be55bd67003e6594e,"Garansi lifetime gugur kalau pakai Aksesoris aftermarket agak bias nih. Kalau dashcam kita bisa copotlah pas claim, kalau kaca film gimana? Bahkan kaca film termasuk aksesoris yg berbahaya karena banyak yg error kemasukan air pas pasang kaca film 😅",0,2024-01-13T10:43:02Z,2024-01-13T10:43:02Z,2026-09-27T14:02:22.040959+00:00,"garansi lifetime gugur kalau pakai aksesoris aftermarket agak bias nih. kalau dashcam kita bisa copotlah pas claim, kalau kaca film gimana? bahkan kaca film termasuk aksesoris yg berbahaya karena banyak yg error kemasukan air pas pasang kaca film 😅",,negatif,,,Human-Audit-GoldStandard,,negatif,,,True
Ugw68HtrkFRNxsytMLx4AaABAg,G_acqAJrRso,30e3e51ceea24367918cdd1ce200ff3a2817685e0ec5d5a15e45424aee1f2ac6,"test drive jaecoo , abis itu balik ke mobil ortu rasanya kayak mundur 10 tahun ke belakang..
pdhal mahalan mobil ortu.. -_-",33,2025-11-14T13:49:52Z,2025-11-14T13:49:52Z,2026-09-18T04:38:30.738340+00:00,"test drive jaecoo , abis itu balik ke mobil ortu rasanya kayak mundur 10 tahun ke belakang.. pdhal lebih mahal mobil ortu.. -_-",,,positif,,Human-Audit-GoldStandard,,,positif,,True
Ugw5V7q9vI6x-BTEqup4AaABAg,j_6L3j7vrOc,03b91ba41c3fe6f1b32c4e9bf4b3805f22be7520c8aa3f1a02fd7680328544c6,"Manuver Jaecoo di Indonesia cukup tajam, shg namanya yg kmrn² krg muncul dgn J7 SHS maupun J8 Ardis SHS msh berkesan mbl SUV mahal yg high performance, maka lsg buka mata pengamat bhw ada jg versi harga terjangkaunya, good job",8,2025-11-16T10:12:59Z,2025-11-16T10:12:59Z,2026-09-19T00:23:05.069705+00:00,"manuver jaecoo di indonesia cukup tajam, shg namanya yg kmrn² krg muncul dengan j7 shs maupun j8 ardis shs msh berkesan mbl suv mahal yg high performance, maka lsg buka mata pengamat bhw ada jg versi harga terjangkaunya, good job",,positif,positif,,Human-Audit-GoldStandard,,positif,positif,,True
UgwPK2R33j3uk61etRl4AaABAg,dEJ4VEjH1AQ,db2d0c4b2409c282564727e540329659b36ce5653920eec9131c5e680b016b01,kenapa hobi banget ga pake wiper belakang ya😢,2,2025-11-25T10:42:51Z,2025-11-25T10:42:51Z,2026-09-19T00:23:14.870779+00:00,kenapa hobi banget tidak pakai wiper belakang ya😢,,,negatif,,Human-Audit-GoldStandard,,,negatif,,True
UgzM__SlIEUSBiUU_xV4AaABAg,bC7X9DplrIc,e88e63826f9c1806c9f186326a72c187a4224c45d3105d67e192c1375d2ee08a,Di Solo gada dealernya... 😢,3,2026-03-04T19:39:15Z,2026-03-04T19:39:15Z,2026-09-19T00:23:14.522723+00:00,di solo gada dealernya.. 😢,,,,negatif,Human-Audit-GoldStandard,,,,negatif,True
Ugw9Xh7hDcb_jXyL0bB4AaABAg,G_acqAJrRso,b5521663cf89bb636d9d8d03c685346283f8a132c2364346f80c4d040b12fbbc,"1 aja yg sy sayang, kursi nya2 baris, hahaha, gak bs buat mobil keluarga, keluarga besar mksdnya, heheheh, tp pgn bgt bro..",0,2025-11-15T22:35:30Z,2025-11-15T22:35:30Z,2026-09-18T04:38:32.144167+00:00,"1 aja yg sy sayang, kursi nya2 baris, hahaha, tidak bs buat mobil keluarga, keluarga besar mksdnya, heheheh, tapi pgn banget bro..",,,negatif,,Human-Audit-GoldStandard,,,negatif,,True
Ugwh-j_35gJ4JCnYpc54AaABAg,jL5p1zZMNEM,ca41b772ba0c42a7d9687b1f2eaf99525a7b276dfd87d4d9f80629123a51536b,Untuk cloud ev..untuk tol recovery energy brakingnya baiknya di stell di weak..itu sangat membantu memperlambat baterai habis..karena gliding mobil lebih jauh..berbeda kalo rute dalam kota..mode standar atau strong sebaiknya dipake..dg seperti itu..jarak tempuh 460 km bisa didapatkan..ini pengalaman pake setelah 4 bulan pakai,17,2024-09-23T14:08:01Z,2024-09-23T14:08:01Z,2026-09-27T14:02:11.248425+00:00,untuk cloud ev..untuk tol recovery energy brakingnya baiknya di stell di weak..itu sangat membantu memperlambat baterai habis..karena gliding mobil lebih jauh..berbeda kalo rute dalam kota..mode standar atau strong sebaiknya dipake..dg seperti itu..jarak tempuh 460 km bisa didapatkan..ini pengalaman pakai setelah 4 bulan pakai,,,netral,,Human-Audit-GoldStandard,,,netral,,True
Ugw0MmeujntAO_MEtUt4AaABAg,9GTZD3la5qI,39cc3d45fde213ba9fa579dc668debd376930465c481dfd1c27504cf0fd43ce0,"saya lihat di daerah sarangan wulling air ev ga bisa nanjak karena over head bahkan kata pemiliknya sampai 6 kali over head mobilnya hanya untuk nanjak sarangan,apakah kedepan ada improvment dari wuling?",0,2024-01-13T06:32:04Z,2024-01-13T06:32:04Z,2026-09-27T14:02:23.207162+00:00,"saya lihat di daerah sarangan wulling air ev tidak bisa nanjak karena over head bahkan kata pemiliknya sampai 6 kali over head mobilnya hanya untuk nanjak sarangan,apakah kedepan ada improvment dari wuling?",,,negatif,,Human-Audit-GoldStandard,,,negatif,,True
Ugy2J1P11JJqXUoDyDd4AaABAg,j_6L3j7vrOc,54813454c3c85c16d11ff7a62b2ac1ab05ff0331fdd935c16d72a30c1fc6e530,"Jargonnya mobil china sebagai perusak pasar sama halnya dengan era handphone china. Dulunya dipandang sebelah mata namun kini bisa bersaing dengan HP produk negara lain yang sudah eksis di pasaran puluhan tahun. So tidak usah ragu lagi ntuk memiliki mobil china terutama yang evy karena teknologi baterai listrik semakin hari semakin pesat perkembangannya, dan bukan tidak mungkin akan semakin murah dan berkwalitas❤❤❤",1,2025-11-24T15:11:20Z,2025-11-24T15:11:20Z,2026-09-19T00:23:05.069705+00:00,"jargonnya mobil china sebagai perusak pasar sama halnya dengan era handphone china. dulunya dipandang sebelah mata namun kini bisa bersaing dengan hp produk negara lain yang sudah eksis di pasaran puluhan tahun. so tidak usah ragu lagi ntuk memiliki mobil china terutama yang evy karena teknologi baterai listrik semakin hari semakin pesat perkembangannya, dan bukan tidak mungkin akan semakin murah dan berkwalitas❤❤",,positif,positif,,Human-Audit-GoldStandard,,positif,positif,,True
Ugwvvtc7fkYKXR9CFQB4AaABAg,BFp1_jq3zVo,3032fda998cd21c574b82a83e95af92525d7a1e03f3da40cc8ace9603a3651fa,"Gak jelas barangnya kapan dateng, harganya juga Dr iims sama aja. Saran sih gak usah terburu2 beli, ada beberapa competitor datang kaya chery",1,2026-03-31T15:59:15Z,2026-03-31T15:59:15Z,2026-09-19T00:23:14.379690+00:00,"tidak jelas barangnya kapan dateng, harganya juga dari iims sama aja. saran sih tidak usah terburu2 beli, ada beberapa competitor datang kaya chery",,,,negatif,Human-Audit-GoldStandard,,,,negatif,True
Ugxj0ui2awVFnH1Alq14AaABAg,SQJwC-QLsRk,af2f4f332c48d0e32f88ec955029fcbe625ef8d58973807282131251ce3bb63c,"Fitur pengen kayak jaecoo j5, tampilan geely ex2, tp compact kayak byd atto 1 ga ada ya?😂

Mau spk maju mundur gegara ukuran geely ex2 yg ternyata ga sekecil yg dibilang orang2.",0,2026-05-14T10:57:47Z,2026-05-14T10:57:47Z,2026-09-19T00:23:15.653310+00:00,"fitur pengen kayak jaecoo j5, tampilan geely ex2, tapi compact kayak byd atto 1 tidak ada ya?😂 mau spk maju mundur gegara ukuran geely ex2 yg ternyata tidak sekecil yg dibilang orang2.",,,netral,,Human-Audit-GoldStandard,,,netral,,True
UgxRbSZiOLZnRfyN8Lt4AaABAg,z1fWo8tYynA,21dcc7ee2ab7d96c7f35626d154fe16b8b02b1ec34014e681f87a5475e61cd5e,"Hrganya udh naik ke 209jt 😢.
Masang wall charger nya nambah 20jt 😢😢😢",0,2025-09-25T15:38:53Z,2025-09-25T15:38:53Z,2026-09-19T00:23:13.927196+00:00,hrganya sudah naik ke 209jt 😢. masang wall charger nya nambah 20jt 😢😢,negatif,positif,,,Human-Audit-GoldStandard,negatif,positif,,,True
UgxpFG4PYqF-OTVHOnJ4AaABAg,Bx-XDBdN7nA,80f201b6772801e7bf1cd2ecdfb08fbf30ddffd1e52feec4e0d1b0a0a023d177,duh syg bgt fwd... seandainya rwd auto buy nich,1,2025-11-16T11:45:13Z,2025-11-16T11:45:13Z,2026-09-19T00:23:02.435533+00:00,duh syg banget fwd.. seandainya rwd auto buy nich,,,negatif,,Human-Audit-GoldStandard,,,negatif,,True
UgxLz3GEV6PdkPrOryV4AaABAg,fjWvVFT0vr0,2f3d730f40c4d90610b032bebd973f38a7b606f8120f5b78163c1cc7615446e7,Lebih elegan juga dan PD mobil Jepang,0,2026-03-03T13:32:29Z,2026-03-03T13:32:29Z,2026-09-19T00:23:07.333419+00:00,lebih elegan juga dan pd mobil jepang,,,positif,,Human-Audit-GoldStandard,,,positif,,True
UgyOFTG3GkSlpLD7lSZ4AaABAg,J00aDzfK8WQ,ead8b75d399ab0a9a408abd1af61528b57a079d73b21ccdc93540da792621107,"Sdh CKD tp harga malah lebih mahal, disitu gue terbagong bagong! Kok bisa",1,2026-05-27T00:25:21Z,2026-05-27T00:25:21Z,2026-09-19T00:23:10.549263+00:00,"sudah ckd tapi harga malah lebih mahal, disitu gue terbagong bagong! kok bisa",,negatif,,,Human-Audit-GoldStandard,,negatif,,,True
UgzwHtD1-s1O2i8GjOp4AaABAg,G_acqAJrRso,82cdd76df0ccc6fac7dfea999a388341b18cceae02e0cef31344645fbab5203c,"Baru pertama kali test drive mobil listrik di gias makassar, dan itu jaecoo J5, emang nyaman dan tenaganya instan,. Klu ada duit mungkin udah dp mobil ini 🤭",10,2025-11-14T13:11:45Z,2025-11-14T13:11:45Z,2026-09-18T04:38:30.738340+00:00,"baru pertama kali test drive mobil listrik di gias makassar, dan itu jaecoo j5, emang nyaman dan tenaganya instan,. kalau ada duit mungkin udah dp mobil ini 🤭",,,positif,,Human-Audit-GoldStandard,,,positif,,True
Ugw7hGljPKqOPN5fCFh4AaABAg,W3G8V7xV3-Y,13c5fc5f38e71eeff72c22593cdf1b93562485b5aea9c9877b9e54efc6cbd3c1,Trimakasih om pencerahannya. Akhirnya mikir lagi juga mau ambil wuling ev. Syarat garansinya ternyata banyak bgt. Yg agak aneh baterry terbakar. Kan bisa aja kesalahan produksi.,1,2024-08-04T06:05:21Z,2024-08-04T06:05:21Z,2026-09-27T14:02:25.659868+00:00,trimakasih om pencerahannya. akhirnya mikir lagi juga mau ambil wuling ev. syarat garansinya ternyata banyak bgt. yg agak aneh baterry terbakar. kan bisa aja kesalahan produksi.,,,,negatif,Human-Audit-GoldStandard,,,,negatif,True
UgwWV-WnMCnKkgg5WKF4AaABAg,ccgG2mpCIHM,26f4902aea0ef46984287d0624b2df4d31064805c269893c7db5b5ea48723c08,Sy suka build quality Geely EX2 ❤,8,2026-05-04T11:08:11Z,2026-05-04T11:08:11Z,2026-09-19T00:28:54.749870+00:00,sy suka build quality geely ex2 ❤,,,positif,,Human-Audit-GoldStandard,,,positif,,True
Ugw6S4cf9Mqs99d65bR4AaABAg,fjWvVFT0vr0,4e4e5282f0b0212f6f1a438043ab71648a6a146b2e6b562df0c64262371d81ed,"gear control dkk kalo pindah ke console tengah will be nicer sih daripada di dashboard...
repot bener mau rem/ganti gear haris angkat punggung dulu...",0,2025-08-22T01:28:10Z,2025-08-22T01:28:10Z,2026-09-19T00:23:08.164869+00:00,gear control dkk kalo pindah ke console tengah will be nicer sih daripada di dashboard.. repot bener mau rem/ganti gear haris angkat punggung dulu..,,,negatif,,Human-Audit-GoldStandard,,,negatif,,True
Ugzp4Zs3HG-z8KdA46d4AaABAg,A9niV2791gs,64a94caa5a6a0495128ff585a1ca4ed0264a2f76cbfd9f57e70e7e0fa5302011,"9:37 ada perbedaan layar instrument cluster speedometer j5 bev indo vs australia https://youtu.be/qN-gGHthXTI?si=6tS0N2fytREDzGEB&t=7m28s

australia
8.88 inch slim tft lcd (active matrix) 16,7 juta warna. harga part 50-80 usd. harga mobil di aus ada 1 varian saja, aud 36.990 (idr 427 juta).

indo
8 inch standard low-cost tft (passive matrix) lcd (negative display) 65rb warna. harga part 10-15 usd. harga mobil di indo ada 2 varian, idr 299 juta, varian bawa idr 249 juta.",1,2026-01-23T06:41:20Z,2026-01-23T07:15:20Z,2026-09-19T00:23:04.831083+00:00,"9:37 ada perbedaan layar instrument cluster speedometer j5 bev indo vs australia australia 8.88 inch slim tft lcd (active matrix) 16,7 juta warna. harga part 50-80 usd. harga mobil di aus ada 1 varian saja, aud 36.990 (idr 427 juta). indo 8 inch standard low-cost tft (passive matrix) lcd (negative display) 65rb warna. harga part 10-15 usd. harga mobil di indo ada 2 varian, idr 299 juta, varian bawa idr 249 juta.",,netral,netral,,Human-Audit-GoldStandard,,netral,netral,,True
UgwRnTsXVItgkMmwyI94AaABAg,z1fWo8tYynA,dcc63bfdbe41f5580f33b1652ef23a85203ce457dfa5eb9276a9f4d2d4203657,Lebih ganteng dari agya,0,2025-09-22T03:47:06Z,2025-09-22T03:47:06Z,2026-09-19T00:23:13.239008+00:00,lebih ganteng dari agya,,,positif,,Human-Audit-GoldStandard,,,positif,,True
Ugzl8yfKhL1BzVAqtrd4AaABAg,G_acqAJrRso,86b95f0835448ec9fa44955e065b389eab4c40c435d01da01864cb46a1307523,Harga mobil nya saja 250jtn berarti harga batre nya ga sampe 100jt kalau ganti,0,2025-11-14T15:09:16Z,2025-11-14T15:09:16Z,2026-09-18T04:38:32.144167+00:00,harga mobil nya saja 250jtn berarti harga baterai nya tidak sampe 100jt kalau ganti,,netral,,,Human-Audit-GoldStandard,,netral,,,True
UgxUWdUse-vYvuqwIBB4AaABAg,z1fWo8tYynA,5556d43834c018e25813a40831b4c35cf9436bcfc115a321065e2aa4a2573437,"Mobil impian, mudah mudahan harganya tidak naik dan kuliatasnya makin bagus. Thanks BYD",1,2025-09-18T06:01:48Z,2025-09-18T06:01:48Z,2026-09-19T00:23:10.960426+00:00,"mobil impian, mudah mudahan harganya tidak naik dan kuliatasnya makin bagus. thanks byd",,netral,,,Human-Audit-GoldStandard,,netral,,,True
UgxccC2DAx31n5jQ8wp4AaABAg,AOjceFDyYeM,ef49e1ad3bd1f86cf2fc32e63cbc8e035ea82ff453faa4d4b145de7744f4d0dc,"Seperti-nya Wuling emang lemah di Kaki2, Alvez gw baru 20rb km sdh ganti rack steer. Untungnya msh dicover garansi",4,2025-12-03T13:23:22Z,2025-12-03T13:23:22Z,2026-09-27T14:02:20.222873+00:00,"seperti-nya wuling emang lemah di kaki2, alvez gw baru 20rb km sudah ganti rack steer. untungnya msh dicover garansi",,,negatif,,Human-Audit-GoldStandard,,,negatif,,True
UgwGMUMyrLQR-9jQN994AaABAg,Vu0ayycGXbI,c1d4df6c73194919f127a948d412af70322ddc10a32ec812c82b79df5fc33958,"Krn udh ada yg se 'value' ini utk mbl listrik.. tinggal tunggu 1 thn kedepan utk penyempurnaan nya, entah dr jaecood sdri / mgkin dr kompetitor.. 

 Moga2 dpt yg RWD dgn harga ga beda jauh dr J5 & jarak tempuh yg mirip2",0,2026-04-07T07:25:25Z,2026-04-07T07:25:25Z,2026-09-19T00:23:03.311589+00:00,"karena sudah ada yg se 'value' ini untuk mbl listrik.. tinggal tunggu 1 thn kedepan untuk penyempurnaan nya, entah dari jaecood sdri / mgkin dari kompetitor.. moga2 dapat yg rwd dengan harga tidak beda jauh dari j5 & jarak tempuh yg mirip2",netral,netral,,,Human-Audit-GoldStandard,netral,netral,,,True
UgzZNDQ_VuvXYSIcXB14AaABAg,Bx-XDBdN7nA,ea5a59e5a00976707259ff8276de6970387e8d6f50bb849c84dd85de72a806aa,"Harusnya setelah promo,harga aslinya yang premium 350,yang standar 300,dan itu tetap worth😂",1,2025-11-17T05:05:15Z,2025-11-17T05:05:15Z,2026-09-19T00:23:01.508913+00:00,"harusnya setelah promo,harga aslinya yang premium 350,yang standar 300,dan itu tetap worth😂",,positif,,,Human-Audit-GoldStandard,,positif,,,True
Ugwf_Spkmktj9FHfEw14AaABAg,9GTZD3la5qI,8a30b3c2b273a9863c853bcb71d6b855dc1f4335e6744c753f85bca3727e1140,Cerdiknya wuling : syarat dan ketentuan berliku😂,4,2024-01-13T16:28:42Z,2024-01-13T16:28:42Z,2026-09-27T14:02:22.040959+00:00,cerdiknya wuling : syarat dan ketentuan berliku😂,,,,netral,Human-Audit-GoldStandard,,,,netral,True
Ugxg9Ck8gChVEaTViwF4AaABAg,Bx-XDBdN7nA,452ad515339d72e32557541b96ca4e39bb9fa0a7b5f4a43ed2131a028549bc72,Wuihh mantap sekali ya mobil ini untuk harga segitu. .. Yang kita terima selama ini jadi terasa over-price jika dibanding ini. Makasih reviewnya..,2,2025-11-20T16:02:44Z,2025-11-20T16:02:44Z,2026-09-19T00:23:00.712565+00:00,wuihh bagus sekali ya mobil ini untuk harga segitu. .. yang kita terima selama ini jadi terasa over-price jika dibanding ini. makasih reviewnya..,,positif,,,Human-Audit-GoldStandard,,positif,,,True
UgwuUcxhBRdt-aXFW714AaABAg,dEJ4VEjH1AQ,5c550ccae7e9148c57e8b2ef8795e544ebc1e41c9ca056bda2dd335b90c0326b,"Jujur iya lebih worth it yg pro. Dibandingin sama atto 1 pun, dengan harga 233jt dah dapet RWD, tenaga lebih gede, front trunk, trus beli dah sama wall charger 😂",4,2025-11-24T13:52:06Z,2025-11-24T13:52:06Z,2026-09-19T00:23:14.870779+00:00,"jujur iya lebih layak it yg pro. dibandingin sama atto 1 pun, dengan harga 233jt dah dapet rwd, tenaga lebih gede, front trunk, trus beli dah sama wall charger 😂",positif,,positif,,Human-Audit-GoldStandard,positif,,positif,,True
Ugwp0SrTsi6hVc-ii5J4AaABAg,SQJwC-QLsRk,a0eacd75749ca883dfa98a60e8263e2222ecb1a54565b08cb8b21f526ff132d9,"Saya pengguna jaecoo j5 baru 1 bulan, dan impressi sangat puas, fitur banyak dan nyaman. Masalab akselerasi enak bener kenceng",19,2026-04-25T11:32:25Z,2026-04-25T11:32:25Z,2026-09-19T00:23:15.005212+00:00,"saya pengguna jaecoo j5 baru 1 bulan, dan impressi sangat puas, fitur banyak dan nyaman. masalab akselerasi enak bener kenceng",,,positif,,Human-Audit-GoldStandard,,,positif,,True
UgxjUEeP0vyPKeL-v614AaABAg,O-vAYJNfQEk,0ac847a69733aa9b0f848f3b45f89b451f29c205306f6c3cf98e2a6ea21ed04d,Charger GBT blm ada om di SPKLU.,0,2024-02-13T11:46:59Z,2024-02-13T11:46:59Z,2026-09-27T14:02:12.898514+00:00,charger gbt belum ada om di spklu.,negatif,,,,Human-Audit-GoldStandard,negatif,,,,True
Ugz1aq_gqDsvotqjtsl4AaABAg,A-qeEyGaJM0,03b3e5b3142cefce909fd89805f5690e940c3f07afc23dc075d80e517b87f0f0,"mobilnya cakepp, tapi patut diperhatikan bagian bumper belakangnya agak cetek ya guyss, hati2 kalau parkir bisa gasruk kena pembatas ban parkir. ada content creator di IG mengalami hal ini",0,2026-09-16T01:48:11Z,2026-09-16T01:48:11Z,2026-09-19T00:23:14.160865+00:00,"mobilnya cakepp, tapi patut diperhatikan bagian bumper belakangnya agak cetek ya guyss, hati2 kalau parkir bisa gasruk kena pembatas ban parkir. ada content creator di ig mengalami hal ini",,,negatif,,Human-Audit-GoldStandard,,,negatif,,True
UgyL_Nwr72IxN_2oCxx4AaABAg,Vu0ayycGXbI,1e16d9597ee29e8c15ab3a47fffa33582c54f94b747ecb3c1ce20c4c44f2b962,Jauh betul sama OTR Kaltim tipe premium nya 345.8jt,0,2026-02-24T12:23:31Z,2026-02-24T12:23:31Z,2026-09-19T00:23:04.671044+00:00,jauh betul sama otr kaltim tipe premium nya 345.8jt,,negatif,,,Human-Audit-GoldStandard,,negatif,,,True
UgyVsE9fBiCevDjWFM94AaABAg,w7zLKYpCozw,563e4949d738f1155573bd379cc90220a165e438c0a03b63e304f6a9b7ff37d5,Yang ex2 tipe max apakah bisa di ganti warna interiornya ? . Karena rata rata orng indo tak suka interior warna putih,0,2026-01-23T04:25:58Z,2026-01-23T04:25:58Z,2026-09-19T00:23:14.691226+00:00,yang ex2 tipe max apakah bisa di ganti warna interiornya ? . karena rata rata orng indo tak suka interior warna putih,,,negatif,,Human-Audit-GoldStandard,,,negatif,,True
Ugx7fKZ3dAG7SipCjk94AaABAg,AOjceFDyYeM,c6337ab5525f04df5e76ca326d1b721fed70e1d854ee1da6295d5e237fdca89b,Hampir semua mobil listrik cina kelemahannya di kaki - kaki,2,2025-12-04T03:36:39Z,2025-12-04T03:36:39Z,2026-09-27T14:02:20.222873+00:00,hampir semua mobil listrik cina kelemahannya di kaki - kaki,,,negatif,,Human-Audit-GoldStandard,,,negatif,,True
UgykekR4_u43z7XfgIp4AaABAg,SQJwC-QLsRk,67ca8973ecc0ea90b01afe0f7ae729eaf30b00f948b028e72aff16bab633091d,Minusnya jaeco sampe saat ini cuma after sales dan cs.,0,2026-04-26T15:38:15Z,2026-04-26T15:38:15Z,2026-09-19T00:23:15.005212+00:00,minusnya jaeco sampe saat ini cuma after sales dan cs.,,,,negatif,Human-Audit-GoldStandard,,,,negatif,True
UgzIP3vtFs8sIJaA8rp4AaABAg,jL5p1zZMNEM,bcc700c8620d3999a86f5a7dc60957f75f9d78c89fa24079aba74c29c8238df5,"Omoda pure bedanya 1 lagi garansi tidak lifetime, pure hanya 8th",1,2024-09-22T04:31:57Z,2024-09-22T04:31:57Z,2026-09-27T14:02:11.247480+00:00,"omoda pure bedanya 1 lagi garansi tidak lifetime, pure hanya 8th",,,,netral,Human-Audit-GoldStandard,,,,netral,True
UgxIyV7xAD61BtE2mZh4AaABAg,Vu0ayycGXbI,efa5109595253a64f6c24ae2d1eea97c679d07776a8fce4afb0e6f745dd42874,Row 2nya kasian bnget apalg yg pas nanjak.,0,2026-02-23T11:02:18Z,2026-02-23T11:02:18Z,2026-09-19T00:23:04.026610+00:00,row 2nya kasian bnget apalg yg pas nanjak.,,,negatif,,Human-Audit-GoldStandard,,,negatif,,True
Ugzd3RCuqzY1_wXQMr54AaABAg,A-qeEyGaJM0,b97803268c9eab1e0e0c5eb7f956746615ab734a47064242da48c19a01a8a27b,Kesannya mentul mentul yg belakang seperti Avanza THN 90an.,0,2026-09-18T02:20:46Z,2026-09-18T02:20:46Z,2026-09-19T00:23:14.160865+00:00,kesannya mentul mentul yg belakang seperti avanza thn 90an.,,,negatif,,Human-Audit-GoldStandard,,,negatif,,True
UgzIVWwwHt8sLCzUUyx4AaABAg,G_acqAJrRso,d8aef35a578a4106f47d7a7a7ecf3bc19d06222e3cf5c08f2bf8dc0eb4b3c1af,Penumpang bagian depan gak ada arm rest tangan sebelah kanan 😢,0,2025-11-15T10:29:24Z,2025-11-15T10:29:24Z,2026-09-18T04:38:31.419348+00:00,penumpang bagian depan tidak ada arm rest tangan sebelah kanan 😢,,,negatif,,Human-Audit-GoldStandard,,,negatif,,True
UgxdlyVZ3gnM3mm7ggV4AaABAg,G_acqAJrRso,c790814d6b01d907b64bba926c4a6ac95269bde3f6508c2f076aa94884580acd,karena brio kan mobil ani ani........... koko koko yg beliin   makanya mahal,0,2025-11-28T07:49:06Z,2025-11-28T07:49:06Z,2026-09-18T04:38:32.144167+00:00,karena brio kan mobil ani ani.. koko koko yg beliin makanya mahal,,negatif,,,Human-Audit-GoldStandard,,negatif,,,True
UgzrxHNwA2mAXaQshVh4AaABAg,Bx-XDBdN7nA,2eb85a1b4bb9cefbba979c66d04873cf01b57f1241ca3587f89183b7267c2c37,Mobil yang ngehajar bahkan mobil ev china sekalipun yg mulai belagu jualan mahal2 kaya byd dan wuling. Jd inget wuling air mobil mirip bajaj dijual hampir 300 juta. Mentang2 embel2 ev. Skrmg obral dibawah 200 jt. Kasian konsumenny yg beli di harga mahal bos. Berasa ketipu ga tuh. Smoga aja ngga ya.,0,2025-11-16T11:44:26Z,2025-11-16T11:44:26Z,2026-09-19T00:23:02.435533+00:00,mobil yang ngehajar bahkan mobil ev china sekalipun yg mulai belagu jualan mahal2 kaya byd dan wuling. jd inget wuling air mobil mirip bajaj dijual hampir 300 juta. mentang2 embel2 ev. skrmg obral dibawah 200 jt. kasian konsumenny yg beli di harga mahal bos. berasa ketipu tidak tuh. smoga aja tidak ya.,,negatif,,,Human-Audit-GoldStandard,,negatif,,,True
UgyqL3p1UN2yovKLu2R4AaABAg,G_acqAJrRso,ba0253ab4b7ce92dca924a56b7271b5089a5d0ea4e1caac365f63e8eeae5fbca,"Harganya Gimmick.. wkwkwk...1000pembeli pertama, bohong banget...",0,2025-11-17T04:13:44Z,2025-11-17T04:13:44Z,2026-09-18T04:38:32.837223+00:00,"harganya gimmick.. wkwkwk..100pembeli pertama, bohong banget..",,negatif,,,Human-Audit-GoldStandard,,negatif,,,True
UgwL1WhWfmWNcez10Pp4AaABAg,l8fPSUqdmOM,96ac34d31b5375f21ccad653c4e645c2deb61f2f4982ca493c9a28a97fd0a349,Udah drop itu batre nya ko. Coba cari tau harga batre berapa hehehehe,0,2025-02-24T13:27:00Z,2025-02-24T13:27:00Z,2026-09-27T14:02:17.415591+00:00,udah drop itu baterai nya ko. coba cari tau harga baterai berapa hehehehe,,negatif,negatif,,Human-Audit-GoldStandard,,negatif,negatif,,True
UgxZ4H-MZV233Gq0oNV4AaABAg,z1fWo8tYynA,0a04ce06e77203ffd853e9b5119276838e4470d9fc372b3623fb9d421232f36f,cakep benar ne mobil,0,2025-09-19T08:10:54Z,2025-09-19T08:10:54Z,2026-09-19T00:23:11.766454+00:00,cakep benar ne mobil,,,positif,,Human-Audit-GoldStandard,,,positif,,True
UgzriB2__qAbf2qJbRN4AaABAg,dEJ4VEjH1AQ,3b155ccdc043a740e6b584147d96aa29b4e444581cd8bd42232ca06665712e8d,"Gara2 Si Atto 1,skg Harga Mobil listrik atau bensin, sudah mulai masuk akal.. 
Soalnya kalau tinggi2 banget kaya wuling Binguo yg sebelumnya, yakin bakalan kagak ada yg ngelirik",4,2025-11-25T01:30:24Z,2025-11-25T01:30:24Z,2026-09-19T00:23:14.870779+00:00,"gara2 si atto 1,skg harga mobil listrik atau bensin, sudah mulai masuk akal.. soalnya kalau tinggi2 banget kaya wuling binguo yg sebelumnya, yakin bakalan kagak ada yg ngelirik",,netral,,,Human-Audit-GoldStandard,,netral,,,True
Ugz_gsmgmuprkezp3dN4AaABAg,fjWvVFT0vr0,924ffd409fc78c8d9056843ae4b38fc245900eb382decb779cb63cd94c13d612,Kalau yg paham bawa mobil...tetep pilih mobil berbahan bakan PERTALIT.perawatan mobil listrik sangat mahal bos...apalagi kalau ganti baterai...coba aja cari infonya.,1,2025-08-03T23:29:45Z,2025-08-03T23:29:45Z,2026-09-19T00:23:07.333419+00:00,kalau yg paham bawa mobil..tetep pilih mobil berbahan bakan pertalit.perawatan mobil listrik sangat mahal bos..apalagi kalau ganti baterai..coba aja cari infonya.,,negatif,,,Human-Audit-GoldStandard,,negatif,,,True
Ugwfocz7d7RnLIw_mRh4AaABAg,j_6L3j7vrOc,b485855f921a0f51d193a91be8b5ed12686a188e8c899c66579c2eba1e2e3f51,"Drama, barusan saya cek  jaeocco gak ada kepastian harga nya masih di 299,.. SPK dulu harga belakangan, gmn KLO jadi 500 JT ? Dah atto 1 saja paling tidak konsisten, harga nya sgtu ya sgtu",0,2025-11-16T11:31:15Z,2025-11-16T11:31:15Z,2026-09-19T00:23:05.069705+00:00,"drama, barusan saya cek jaeocco tidak ada kepastian harga nya masih di 299,.. spk dulu harga belakangan, gmn kalau jadi 500 jt ? dah atto 1 saja paling tidak konsisten, harga nya sgtu ya sgtu",,negatif,,,Human-Audit-GoldStandard,,negatif,,,True
UgyhVpMJjQVoK1sgzIV4AaABAg,9GTZD3la5qI,7b566f483ca6dde2a1db2425788582479d55282b182bb3a1cdaa8ebf988e3dec,Pinter wuling bikin syaratnya 😂,0,2024-04-26T13:58:02Z,2024-04-26T13:58:02Z,2026-09-27T14:02:22.040959+00:00,pinter wuling bikin syaratnya 😂,,netral,,,Human-Audit-GoldStandard,,netral,,,True
UgwRz3Mcc9M5tK7Rc6p4AaABAg,jL5p1zZMNEM,45e5863551e9666b4e60eb32285be37ccdaceed0687a4592f1b55102d6eb8c5a,"Mobil listrik tetep aja ga bisa dibawa untuk luar kota jawa tengah Semarang Wonosobo purwokerto Yogya, Jawa timur Ngawi Lamongan Tuban malang Surabaya, karena disaat mudik lebaran jalan dari Jakarta arah Jawa tengah Jawa Timur macet perjalanannya,, masa iya batre mati di perjalanan di tol harus cari pengisian cas batre, mau sampe kapan perjalanan mudik sampai ketujuan, masa iya nginep di jalan tol gelap gulita,, tetep mobil konvensional lebih nyaman dan tenang untuk dibawa mudik luar kota",1,2024-09-19T07:09:17Z,2024-09-19T07:09:17Z,2026-09-27T14:02:12.351850+00:00,"mobil listrik tetep aja tidak bisa dibawa untuk luar kota jawa tengah semarang wonosobo purwokerto yogya, jawa timur ngawi lamongan tuban malang surabaya, karena disaat mudik lebaran jalan dari jakarta arah jawa tengah jawa timur macet perjalanannya,, masa iya baterai mati di perjalanan di tol harus cari pengisian isi daya batre, mau sampe kapan perjalanan mudik sampai ketujuan, masa iya nginep di jalan tol gelap gulita,, tetep mobil konvensional lebih nyaman dan tenang untuk dibawa mudik luar kota",negatif,,negatif,,Human-Audit-GoldStandard,negatif,,negatif,,True
Ugw3OyrHmim78dPODtl4AaABAg,W3G8V7xV3-Y,30f1c7852aac9d1a74ac7b01346273b9540ddfd4c27578e286c8250ebaa35853,"Wait n see aja tunggu ada yg komplain, gimana pengajuan nya dan solusi nya...",0,2024-06-10T14:00:21Z,2024-06-10T14:00:21Z,2026-09-27T14:02:25.659868+00:00,"wait n see aja tunggu ada yg komplain, gimana pengajuan nya dan solusi nya..",,,,netral,Human-Audit-GoldStandard,,,,netral,True
UgzNlcU3dBnHBqty5u14AaABAg,G_acqAJrRso,ea6c9f21ef32295db9d4d6d6d14c5a3ac5ea8e331cb5c42bc34cf8f1840839e0,Gilaa sih ini fiturnya,0,2025-12-08T08:06:49Z,2025-12-08T08:06:49Z,2026-09-18T04:38:31.419348+00:00,gilaa sih ini fiturnya,,,positif,,Human-Audit-GoldStandard,,,positif,,True
UgwmEsXrUyAUSAznodN4AaABAg,AOjceFDyYeM,2358c40ccc083558ef9a5b11e86deb85cfc69946d763987092e976f44368dabb,"kaki kaki bukannya garansi ya, gue beli air ev tangan ke 2 sih, bulan lalu servis kaki kaki di bengkel resmi wuling free koh.",0,2025-12-04T01:29:21Z,2025-12-04T01:29:21Z,2026-09-27T14:02:20.222873+00:00,"kaki kaki bukannya garansi ya, gue beli air ev tangan ke 2 sih, bulan lalu servis kaki kaki di bengkel resmi wuling free koh.",,positif,,positif,Human-Audit-GoldStandard,,positif,,positif,True
Ugzy3FXy2si7y1f4q8N4AaABAg,fjWvVFT0vr0,117f269def0b044371e0badeceac67f08a0289781fd76c4506a8b3e688b883ed,saya suka mobil pabrikan cina designnya berani. Kalo pabrikan jepang mereka gatekeeping design sesuai segmen harga,0,2025-08-14T03:28:08Z,2025-08-14T03:28:08Z,2026-09-19T00:23:08.935049+00:00,saya suka mobil pabrikan cina designnya berani. kalo pabrikan jepang mereka gatekeeping design sesuai segmen harga,,,positif,,Human-Audit-GoldStandard,,,positif,,True
Ugwrboj0T2NaPwH5ENF4AaABAg,fjWvVFT0vr0,867513511fdee778a883a6d062d6b37c41981aa5ca42446e6cb1632ebf6ba19f,Bentuk lebih bagus,0,2026-03-25T03:28:44Z,2026-03-25T03:28:44Z,2026-09-19T00:23:08.164869+00:00,bentuk lebih bagus,,,positif,,Human-Audit-GoldStandard,,,positif,,True
UgxHUwt0dU20Jq3SHV54AaABAg,fjWvVFT0vr0,d8fa78507adb923f66cbfaa1719335263704db7ea310e39440da039adb41a98b,"Kalau tempat servis udah mulai banyak, mungkin dari Honda bakal beralih ke brand ini",0,2025-08-24T04:12:40Z,2025-08-24T04:12:40Z,2026-09-19T00:23:08.935049+00:00,"kalau tempat servis udah mulai banyak, mungkin dari honda bakal beralih ke brand ini",,,,netral,Human-Audit-GoldStandard,,,,netral,True
UgzemONb1nHp93jaZP14AaABAg,fjWvVFT0vr0,17755a0b33d3affe705edbdbd165ced57cc8ef1761e098844ab87e38c4621c30,klw daerah perkotaan yg aman after sales...kacang goreng kyknya...tpi utk luar kota...perlu kerja keras BYD....,0,2025-07-26T15:54:18Z,2025-07-26T15:54:18Z,2026-09-19T00:23:08.164869+00:00,klw daerah perkotaan yg aman after sales..kacang goreng kyknya..tpi untuk luar kota..perlu kerja keras byd..,,,,netral,Human-Audit-GoldStandard,,,,netral,True
UgyNK8UP5vKn5zk72jl4AaABAg,z1fWo8tYynA,e84d60921a92270c94281f229d6dc780fbb7983362aecb2beaf99782e9228730,"yang menjadi minus profile bannya tipis 165/55 16inch cukup keras dan waswas karena ga ada ban cadangan kalo bocor hanya mengandalkan kompresor mini & sealent anti bocornya yang mahal satu botol 300rb++.
mungkin kalau pakai 15inch 175/65 lebih asik bantingannya dan aman dijalan jabotabek yang rawan ranjau",0,2025-09-19T02:20:22Z,2025-09-19T02:20:22Z,2026-09-19T00:23:13.927196+00:00,yang menjadi minus profile bannya tipis 165/55 16inch cukup keras dan waswas karena tidak ada ban cadangan kalo bocor hanya mengandalkan kompresor mini & sealent anti bocornya yang mahal satu botol 300rb++. mungkin kalau pakai 15inch 175/65 lebih asik bantingannya dan aman dijalan jabotabek yang rawan ranjau,,negatif,negatif,,Human-Audit-GoldStandard,,negatif,negatif,,True
UgwB_vlXTKPioLRXXtF4AaABAg,W3G8V7xV3-Y,203843a29dd7b11a2ec9b913a4587c73e4f37e394790ad305c0abdcdc43a48d9,Kebuka Deh mata orang-orang tentang syaratnya garansi seumur hidup,0,2024-06-06T09:42:10Z,2024-06-06T09:42:10Z,2026-09-27T14:02:25.659868+00:00,kebuka deh mata orang-orang tentang syaratnya garansi seumur hidup,,netral,,,Human-Audit-GoldStandard,,netral,,,True
UgyynadZzScqCrsD1RJ4AaABAg,G_acqAJrRso,3282b52cb520bf66d105e85724e5fbad9abcf7b653bf0589a63c9036910fb75d,"Saya sudah SPK tapi Fitur voice commentnya kalo buat saya ini gak fungsi. 
.
.
.
.
.
.
.
.
.
KArena saya sumbing😃",0,2025-11-15T01:57:01Z,2025-11-15T01:57:01Z,2026-09-18T04:38:31.419348+00:00,saya sudah spk tapi fitur voice commentnya kalo buat saya ini tidak fungsi. . . . . . . . . . karena saya sumbing😃,,,negatif,,Human-Audit-GoldStandard,,,negatif,,True
Ugw5HVkYJJJhCLmEwnB4AaABAg,SQJwC-QLsRk,29cd11b28f300bb6ffe5522ac1f403c38698622631cc1f925208b62a827e8f1e,J5 minus nya duduk blkgnya aduh😅 parah bgt wkwk kalo buat gw si tp,0,2026-04-25T14:29:45Z,2026-04-25T14:29:53Z,2026-09-19T00:23:15.005212+00:00,j5 minus nya duduk blkgnya aduh😅 parah banget wkwk kalo buat gw si tapi,,,negatif,,Human-Audit-GoldStandard,,,negatif,,True
Ugw7s6ibGlFCkbGE7t54AaABAg,jL5p1zZMNEM,ffdef580065c35972126269ee25627234d2d44e8977a952876410603d137b0a0,"Ambil unit MG4EV di GIASS 2024 lalu buat anak setelah nyoba produk2 pesaing di harga yg kurleb sama, sejauh yg saya coba mobil ini ""worth to buy"". 

Yg sangat impresif ya handling-nya, berasa bawa mercedes suspensi-nya, kuat dan gak ada bunyi kriyet2 dari dashboard atau bodi macam merk mobil yg sdh lama exist di Indo, harga gak murah tp tetap saja ada cacatnya.",0,2024-10-16T08:25:54Z,2024-10-16T08:25:54Z,2026-09-27T14:02:11.248425+00:00,"ambil unit mg4ev di giass 2024 lalu buat anak setelah nyoba produk2 pesaing di harga yg kurleb sama, sejauh yg saya coba mobil ini ""worth to buy"". yg sangat impresif ya handling-nya, berasa bawa mercedes suspensi-nya, kuat dan tidak ada bunyi kriyet2 dari dashboard atau bodi macam merk mobil yg sudah lama exist di indo, harga tidak murah tapi tetap saja ada cacatnya.",,positif,positif,,Human-Audit-GoldStandard,,positif,positif,,True
UgyJYi8ZByc99ulHcoF4AaABAg,Vu0ayycGXbI,3649c1265252cecc5a920639d05d8cb0424a3835f3d734cb581f94162900c119,"mantab, mobil impian, bisa nanjak. tinggal pasang jok belakang tambahan. maklum orang indo, 7 seat lebih baik walaupun nda kepake. hahaha. power najaknya dapet, tinggal kempesin ban",0,2026-02-24T02:12:45Z,2026-02-24T02:12:45Z,2026-09-19T00:23:04.671044+00:00,"mantab, mobil impian, bisa nanjak. tinggal pasang jok belakang tambahan. maklum orang indo, 7 seat lebih baik walaupun nda kepake. hahaha. power najaknya dapet, tinggal kempesin ban",,,positif,,Human-Audit-GoldStandard,,,positif,,True
UgwiNiB4fhspwlTxvix4AaABAg,A9niV2791gs,9c014051808092a9cf94c99997af33bac99269acce6b5393a07c4249eb407178,Hebat pabrik mobil china bisa menbajak desainer dan engineer range rover ke China Chery group,0,2026-01-29T04:39:17Z,2026-01-29T04:39:17Z,2026-09-19T00:23:04.831083+00:00,hebat pabrik mobil china bisa menbajak desainer dan engineer range rover ke china chery group,,,positif,,Human-Audit-GoldStandard,,,positif,,True
Ugwav80qSzDtKx0uCz14AaABAg,SQJwC-QLsRk,9cfc9b6574a94cb8e876de3ad72eb28024c0c981beb34e40af6c470b6096cb37,Emg sanggup bayar pajak? Ato daerahmu pajaknya murah dr papanja,0,2026-04-25T13:03:57Z,2026-04-25T13:03:57Z,2026-09-19T00:23:15.652276+00:00,emg sanggup bayar pajak? ato daerahmu pajaknya murah dari papanja,,negatif,,,Human-Audit-GoldStandard,,negatif,,,True
Ugw5cSNRrfZfj2o0MFR4AaABAg,AOjceFDyYeM,d254ceb26181366307c400f6564df6e3bed379b86d3bbf7967205b8ef7e2ccc3,"Saya udah 2x ganti racksteer, untung masih free under warranty 😂",2,2025-12-03T22:57:49Z,2025-12-03T22:57:49Z,2026-09-27T14:02:19.136503+00:00,"saya udah 2x ganti racksteer, untung masih free under warranty 😂",,,netral,,Human-Audit-GoldStandard,,,netral,,True
UgwhBl1Tsqpb0S4w1nN4AaABAg,Bx-XDBdN7nA,5128fd0c494273da325450bcd6f74084a1b1bf2bdc85c266b2fbaf2ee8fca192,"Yg tidak elok dari seonggok mobil baterai adalah skema pajaknya yg terlalu disusui elite2 penikmat kekuasaan.
Disamping itu, banyak pembangkit listrik juga masih belum dari energi hijau dan banyak tambang metal yg terlalu masif merusak hutan dan ekosistem alami.
Tapi bila skema pajak mobil ICE diturunkan minimal 50% dan kualitas Pertamax adalah Euro 4, dengan harga dibawah 11.000, maka persaingan dengan mobil baterai lebih fair.",0,2025-11-17T21:51:24Z,2025-11-17T21:51:24Z,2026-09-19T00:23:02.435533+00:00,"yg tidak elok dari seonggok mobil baterai adalah skema pajaknya yg terlalu disusui elite2 penikmat kekuasaan. disamping itu, banyak pembangkit listrik juga masih belum dari energi hijau dan banyak tambang metal yg terlalu masif merusak hutan dan ekosistem alami. tapi jika skema pajak mobil ice diturunkan minimal 50% dan kualitas pertamax adalah euro 4, dengan harga dibawah 11.00, maka persaingan dengan mobil baterai lebih fair.",negatif,negatif,,,Human-Audit-GoldStandard,negatif,negatif,,,True
Ugy9u33fLgAMfkNPmap4AaABAg,Bx-XDBdN7nA,bb2c043446d23248536a271c79c9860090abf1ca3cf854bd09e713cbc8a57a99,Kalau di ketok panel pintu agak kaleng... bahkan dibandingkan dgn saudaranya j7shs lebih agak tebal.. panel interior belakang plastiknya agak murahan,0,2025-11-16T04:39:37Z,2025-11-16T04:44:30Z,2026-09-19T00:23:03.105243+00:00,kalau di ketok panel pintu agak kaleng.. bahkan dibandingkan dengan saudaranya j7shs lebih agak tebal.. panel interior belakang plastiknya agak murahan,,,negatif,,Human-Audit-GoldStandard,,,negatif,,True
UgyQYgW3_nf-oUTcvh94AaABAg,Bx-XDBdN7nA,4d52f1b82705eea1a689f19deeb9b95d7ab46adf98aa9ca095963f5fc2b4bee4,"tuas sein kiri kanan di sisi kiri setir. utk pengendara yg biasa bawa mobil jepang, terbiasa tuas sein di kanan, malah jd mengaktifkan transmisi P/R/D.... bahaya",1,2025-11-20T02:43:04Z,2025-11-20T02:43:04Z,2026-09-19T00:23:00.712565+00:00,"tuas sein kiri kanan di sisi kiri setir. untuk pengendara yg biasa bawa mobil jepang, terbiasa tuas sein di kanan, malah jd mengaktifkan transmisi p/r/d.. bahaya",,,negatif,,Human-Audit-GoldStandard,,,negatif,,True
Ugz4lUZdZy4rvxcC4Lt4AaABAg,Vu0ayycGXbI,f780fecda6b85cf174645b8223b06b455d0c4b27a6960fcdc7bf7b84c78c88a0,Dah naek 10 juta skrg… tp menurutku masih worth it,1,2026-04-08T14:38:20Z,2026-04-08T14:38:20Z,2026-09-19T00:23:03.311589+00:00,dah naek 10 juta skrg… tapi menurutku masih layak it,,positif,,,Human-Audit-GoldStandard,,positif,,,True
UgxB0dxS1HvhD9hEOJF4AaABAg,9GTZD3la5qI,78af89e4cbee8d5cdde3fd2341ce41100f7e2acb5255b6f0780d80afec1635ca,"Biarkan para brand bersaing disini, kira kira siapa yg bertahan dipuncak, dan semakin banyak pilihan anda yang mau beli EV.... 

jangan cuma bersaing harga SPKLU di tingkatkan ... kan gak semua orang beli buat dalam kota aja pasti juga pengen di bawa mudik Dengan jarak 300KMan,contoh jakarta bandung, jakarta Pemalang,,, TOL trans Jawa atau jalan Pantura SPKLU di perbanyak, jakarta Bogor apa lagi ... Kepuncak bawa EV kan kalo macet polusi sedikit... 

.
.",1,2024-01-14T06:16:26Z,2024-01-14T06:16:26Z,2026-09-27T14:02:23.207162+00:00,"biarkan para brand bersaing disini, kira kira siapa yg bertahan dipuncak, dan semakin banyak pilihan anda yang mau beli ev.. jangan cuma bersaing harga spklu di tingkatkan .. kan tidak semua orang beli buat dalam kota aja pasti juga pengen di bawa mudik dengan jarak 300kman,contoh jakarta bandung, jakarta pemalang,, tol trans jawa atau jalan pantura spklu di perbanyak, jakarta bogor apa lagi .. kepuncak bawa ev kan kalo macet polusi sedikit.. . .",netral,,,,Human-Audit-GoldStandard,netral,,,,True
UgwPbuYk_yXjNnr7tpN4AaABAg,4f36QI6CVtc,4815fda8ffaf091dabeb0a68a8668351a05432f6e826087fc07fd2106fe56861,"Itungan air ev lite 300 km, baru 1000 km masih kinyis2.kalau lagi mode banyak ngebut,palingan cuma 200 km matematis 😂..kalau lagi irit 250km lah. 😅",0,2026-09-07T14:10:09Z,2026-09-07T14:10:09Z,2026-09-27T14:02:14.434487+00:00,"itungan air ev lite 300 km, baru 100 km masih kinyis2.kalau lagi mode banyak ngebut,palingan cuma 200 km matematis 😂..kalau lagi irit 250km lah. 😅",netral,,,,Human-Audit-GoldStandard,netral,,,,True
Ugy123Rubmb0ple49F54AaABAg,j_6L3j7vrOc,19a5925cde1ee1a385ddd9874d421445eb4934a86cc6bc0064c321b1890abc95,Wahhh keren ada bagasi depan juga gak cuman mobil eropa bermesin belakang terkencang lainnya,2,2025-11-17T01:00:30Z,2025-11-17T01:00:30Z,2026-09-19T00:23:05.069705+00:00,wahh keren ada bagasi depan juga tidak cuman mobil eropa bermesin belakang terkencang lainnya,,,positif,,Human-Audit-GoldStandard,,,positif,,True
UgxnOM2g6i-l6RPjoEZ4AaABAg,w7zLKYpCozw,00b53450c40e7e780a34debdad15d8522e70889beceead6adcc1d90457d87cbe,"Geely sound systemnya ga nahan, bak di dikonser.. mantab bingit",17,2025-12-19T06:04:12Z,2025-12-19T06:04:12Z,2026-09-19T00:23:14.691226+00:00,"geely sound systemnya tidak nahan, bak di dikonser.. mantab bingit",,,positif,,Human-Audit-GoldStandard,,,positif,,True
Ugy6b0TjoZRWfrfqXbp4AaABAg,9GTZD3la5qI,711fafe13ccbde1939f76f5b34ed68b467c13641dbc3929afa59c979b6cf55b4,HALO WULING & INTERNET IOV NYA HILANG. DOWNGRADE,0,2024-01-13T09:19:52Z,2024-01-13T09:19:52Z,2026-09-27T14:02:24.340549+00:00,halo wuling & internet iov nya hilang. downgrade,,,negatif,,Human-Audit-GoldStandard,,,negatif,,True
UgyPs1SAYFHZHR0jCTN4AaABAg,khAUeXPkWvg,bfeb00f4076b2b5c444f467e8005d325953f46c210e6de146333c94dde487a59,"yang pasti dibawah 330jt
eeeh g rilis2 harga resmi pas gias..
abis gias malah digoreng jadii 360jt",9,2025-09-30T06:13:44Z,2025-09-30T06:13:44Z,2026-09-27T14:02:18.015298+00:00,yang pasti dibawah 330jt eeh g rilis2 harga resmi pas gias.. abis gias malah digoreng jadii 360jt,,negatif,,,Human-Audit-GoldStandard,,negatif,,,True
UgxyUazAlionSOwAhnl4AaABAg,jL5p1zZMNEM,a55ebae88b80a221e8e79047d79c798859d8d50d0ccb4c513228b89e2bb7aae6,"Real sih ini, sy user wuling cloud. Penggunaan dalam kota klaimnya sesuai sih, tp cobalah main ke luar kota, speeding dikit2, dr charge full di km 207, sampe km 379 sisa 42%. Means 58% untuk jarak tempuh 172km aja 😂. Buat saya no issue sih karena power yg d keluarin tentu juga lebih besar untuk speeding. GBT juga no issue sih, tinggal beli converter beres. Pilih wuling cloud karena nyaman dan handling nya yg pas.",4,2024-09-19T07:42:22Z,2024-09-19T07:42:22Z,2026-09-27T14:02:11.248425+00:00,"real sih ini, sy user wuling cloud. penggunaan dalam kota klaimnya sesuai sih, tapi cobalah main ke luar kota, speeding dikit2, dari charge full di km 207, sampe km 379 sisa 42%. means 58% untuk jarak tempuh 172km aja 😂. buat saya no issue sih karena power yg d keluarin tentu juga lebih besar untuk speeding. gbt juga no issue sih, tinggal beli converter beres. pilih wuling cloud karena nyaman dan handling nya yg pas.",positif,,positif,,Human-Audit-GoldStandard,positif,,positif,,True
UgzGSZqC0F5gU-VTleV4AaABAg,z1fWo8tYynA,0480b912beadb1a000a3ebeefc98e881a917c383c08d8f75057265bd51ddddd4,Engineer BYD emang inovatif.. Suka kunci nfc nya,1,2025-09-18T10:20:15Z,2025-09-18T10:20:15Z,2026-09-19T00:23:10.960426+00:00,engineer byd emang inovatif.. suka kunci nfc nya,,,positif,,Human-Audit-GoldStandard,,,positif,,True
Ugw78SYyQ3YjiIsbDoZ4AaABAg,bC7X9DplrIc,c8b5d97a87513c208d788f02dbc78881ec2893ca727f0e7e6dfa28715e78b04b,"Gak usah bingung kenapa laris di China. Di sana harganya dirupiahkan 150juta. Sedangkan kalau dipakai perbandingan gaji rata2, mobil ini ibarat harga 60 jutaan bagi warga China.",19,2026-03-04T15:39:29Z,2026-03-04T15:39:29Z,2026-09-19T00:23:14.522723+00:00,"tidak usah bingung kenapa laris di china. di sana harganya dirupiahkan 150juta. sedangkan kalau dipakai perbandingan gaji rata2, mobil ini ibarat harga 60 jutaan bagi warga china.",,netral,,,Human-Audit-GoldStandard,,netral,,,True
Ugw97yD2V1Oxd3sTXtB4AaABAg,Bx-XDBdN7nA,460c6ec51cc5568a51ffc25e84098a17a8966fec4fa6ea29d7a822e1bb6dfd33,Siiiiip mobil EV murah.... Good by mobil kaleng krupuk harga premium.,5,2025-11-16T06:16:28Z,2025-11-16T06:16:28Z,2026-09-19T00:23:01.508913+00:00,siip mobil ev murah.. good by mobil kaleng krupuk harga premium.,,positif,,,Human-Audit-GoldStandard,,positif,,,True
UgzUUxdaG_Pm8n5gy6J4AaABAg,z1fWo8tYynA,70ffdca583e056c56f8521a811c924815e173c1e8cbaa9ab997eb4f9631795f2,isunya kemarin itu yg naik soal pengecekan rutin/service rutin yg klo diluar tgl yg udah di jadwalin mereka ngenain charge atas pengecekan/service yg mana mobilnya masih dalam cover gratis dari dealer,3,2025-09-24T02:00:24Z,2025-09-24T02:00:24Z,2026-09-19T00:23:10.960426+00:00,isunya kemarin itu yg naik soal pengecekan rutin/service rutin yg kalau diluar tgl yg udah di jadwalin mereka ngenain charge atas pengecekan/service yg mana mobilnya masih dalam cover gratis dari dealer,,,,netral,Human-Audit-GoldStandard,,,,netral,True
UgwzWrYAHwHKPVEazVd4AaABAg,z1fWo8tYynA,bb6e2afd07f41c76c148c82a8ae5f3617726ef34553ec2fb297363533d4b9a7f,Mobil jepang kalo udah mayoritas / laku biasanya  dimahalin harganya.,6,2025-09-17T12:37:51Z,2025-09-17T12:37:51Z,2026-09-19T00:23:10.960426+00:00,mobil jepang kalo udah mayoritas / laku biasanya dimahalin harganya.,,netral,,,Human-Audit-GoldStandard,,netral,,,True
Ugw5QLCDM1vqALkAcFh4AaABAg,jL5p1zZMNEM,bf3ee8c7ebe23e788dc9a56788726cb394639afe67019a3d8d284a8c74522cd9,"Dari banyak EV hingga 2026 bahkan dibanding ioniq 5 kalau urusan nyetir dalam kota, pegunungan, zig-zag Lika liku rata rata reviewer sepakat mg4 terbaik, tak heran banyak dapat penghargaan scra global awal kemunculan nya, sy sebagai user mazda CX-5 sangat setuju alhamdulillah sdh Long trip jauh ke daerah bersama MG4 + keluarga kecil ku, nyetir dan kenyamanan melebihi ekspektasi! 

Bagi yg takut GC nya tenang aja gak serendah itu asal tetap hati hati insya allah 99% aman",0,2026-09-23T02:47:34Z,2026-09-23T02:49:41Z,2026-09-27T14:02:09.410241+00:00,"dari banyak ev hingga 2026 bahkan dibanding ioniq 5 kalau urusan nyetir dalam kota, pegunungan, zig-zag lika liku rata rata reviewer sepakat mg4 terbaik, tak heran banyak dapat penghargaan scra global awal kemunculan nya, sy sebagai user mazda cx-5 sangat setuju alhamdulillah sudah long trip jauh ke daerah bersama mg4 + keluarga kecil ku, nyetir dan kenyamanan melebihi ekspektasi! bagi yg takut gc nya tenang aja tidak serendah itu asal tetap hati hati insya allah 99% aman",,,positif,,Human-Audit-GoldStandard,,,positif,,True
UgzHRM3HL2HQQNielGt4AaABAg,fjWvVFT0vr0,a37f6beb861586eec9bdab014e4a774228934e90f7ae9da9bb005b5fefc3d659,"design tajam tajam merupakan favorite warna indo, termasuk aku pribadi hehehe. btw di akhir video omnya ngomong apaan dah hahaha",0,2025-07-30T06:52:02Z,2025-07-30T07:09:08Z,2026-09-19T00:23:07.332434+00:00,"design tajam tajam merupakan favorite warna indo, termasuk aku pribadi hehehe. btw di akhir video omnya ngomong apaan dah hahaha",,,positif,,Human-Audit-GoldStandard,,,positif,,True
UgzKR90CEbLpgThChMh4AaABAg,dEJ4VEjH1AQ,463ba24caa1d7442637a6f6daef41b8e3040bc92a955ba9810089302c32f9156,"Kemahalan Yg max, itu kaca spion blm elektrik, bagasi belakang blm elektrik, kursi tengah belakang ngak ada rest arm, bnyk yg harus ditambahin klo harga 273 JT, padahal itu sudah di tambahkan ke merk2 pesaingnya, bakal masuk jg MG4 EV DAN WULING BINGO S FACELIFT, makin seru aja pasar kelas mini EV",0,2025-11-27T13:03:48Z,2025-11-27T13:03:48Z,2026-09-19T00:23:14.870779+00:00,"kemahalan yg max, itu kaca spion belum elektrik, bagasi belakang belum elektrik, kursi tengah belakang ngak ada rest arm, bnyk yg harus ditambahin kalau harga 273 jt, padahal itu sudah di tambahkan ke merk2 pesaingnya, bakal masuk jg mg4 ev dan wuling bingo s facelift, makin seru aja pasar kelas mini ev",,,negatif,,Human-Audit-GoldStandard,,,negatif,,True
Ugyi0WB5-IWLoJFBz0J4AaABAg,G_acqAJrRso,2b126a415444f0c59195b539679f2458cc7e2313433276cd361514726203ca7f,"habis nonton Carmudi, saya langsung makin yakin dan sudah SPK yang Premium warna Black",0,2025-11-24T05:47:22Z,2025-11-24T05:47:22Z,2026-09-18T04:38:30.738340+00:00,"habis nonton carmudi, saya langsung makin yakin dan sudah spk yang premium warna black",,,netral,,Human-Audit-GoldStandard,,,netral,,True
Ugxaod0iCyU90LPLtMx4AaABAg,ccgG2mpCIHM,9d60c94740582fe04f5cc85d6ca5597763104c4bdbeae08f7fe797ffa18b1e94,"Sistemnya lebih bagus dari limo, baterai nol masih bisa jalan pelan",1,2026-05-05T01:41:05Z,2026-05-05T01:41:05Z,2026-09-19T00:28:54.749870+00:00,"sistemnya lebih bagus dari limo, baterai nol masih bisa jalan pelan",,,positif,,Human-Audit-GoldStandard,,,positif,,True
UgyEy0ZLb1L5t_hqRel4AaABAg,G_acqAJrRso,34ffad4105c8e214b837c892643a550d75bf3f4bb35f896fab622e0321080db7,Wahhhhhh.... Tp inden lama yaaa,0,2026-05-20T08:33:43Z,2026-05-20T08:33:43Z,2026-09-18T04:38:31.419348+00:00,wahh.. tapi inden lama yaa,,,,negatif,Human-Audit-GoldStandard,,,,negatif,True
Ugz7UMldYQrYLUg72Md4AaABAg,Bx-XDBdN7nA,61dc2bca3de47ef31423702431be1d91579fd8af13279d2ea92ec64206358701,"Semakin kesini mobil listrik semakin terjangkau, tinggal nunggu perang harga dulu kayak di cina pasti lebih seru lagi
Tapi nanti kalau mobil listrik sudah menjamur pasti akan ada drama berantemnya orang2 berebut tempat charger",1,2025-11-16T14:05:29Z,2025-11-16T14:05:29Z,2026-09-19T00:23:01.508913+00:00,"semakin kesini mobil listrik semakin terjangkau, tinggal nunggu perang harga dulu kayak di cina pasti lebih seru lagi tapi nanti kalau mobil listrik sudah menjamur pasti akan ada drama berantemnya orang2 berebut tempat charger",,netral,,,Human-Audit-GoldStandard,,netral,,,True
UgwSHia-yJZmPJTeuF54AaABAg,W3G8V7xV3-Y,ddca61d6c7413c96eb6cd5218a379b24bbd576e5babc6e2bfffbd19b8cf44847,Hati2 kasihan d surabaya dealer resmi britanya gak beres banyak oknum,0,2026-09-04T17:19:57Z,2026-09-04T17:19:57Z,2026-09-27T14:02:25.659868+00:00,hati2 kasihan d surabaya dealer resmi britanya tidak beres banyak oknum,,,,negatif,Human-Audit-GoldStandard,,,,negatif,True
UgxG1v0EI8KcljbbU614AaABAg,G_acqAJrRso,75418d3ca11111495895599e6375ad69c1e7c6fc6eebfbc22d66cbf2969cff64,"Awal bulan dtg nihhh LG cari2 home charger yg bagus, krn charger jaecoo hrg nya mahal 15jt an 😅",0,2025-11-16T06:40:12Z,2025-11-16T06:40:12Z,2026-09-18T04:38:32.144167+00:00,"awal bulan dtg nihh lagi cari2 home charger yg bagus, karena charger jaecoo hrg nya mahal 15jt an 😅",negatif,,,,Human-Audit-GoldStandard,negatif,,,,True
UgwtIzgWHJoWyqEDjDR4AaABAg,VEXJp_L57Nk,2cf86459c19a79d1864c997b2972bb1cdd4220dceb8ba3fe1be82ee3265e6dc5,"setuju siksoal design .. depan keren, samping cakeep bgt, belakang yg kureng",2,2025-10-05T08:27:00Z,2025-10-05T08:27:00Z,2026-09-19T00:23:10.716076+00:00,"setuju siksoal design .. depan keren, samping cakeep bgt, belakang yg kureng",,,netral,,Human-Audit-GoldStandard,,,netral,,True
UgzXTmdb_pm-W5d3BP54AaABAg,J00aDzfK8WQ,5b739cee14276669b802b745ad7daafa8524300f10fb9511809f7d10bff9efe8,"kalau aku lebih enak fasiah tengah yang lama malah. Lebih ada karakternya yang membulat, kyak roll buat voulme tuas transmisi hazaradnya itu. Sekarang malah jadi generik",5,2026-05-25T16:27:19Z,2026-05-25T16:27:19Z,2026-09-19T00:23:10.549263+00:00,"kalau aku lebih enak fasiah tengah yang lama malah. lebih ada karakternya yang membulat, kyak roll buat voulme tuas transmisi hazaradnya itu. sekarang malah jadi generik",,,negatif,,Human-Audit-GoldStandard,,,negatif,,True
UgzOShCM8ddg1gpadj14AaABAg,0fHm0HIIJrY,920d7b1104f91ab45d772f725e95b2617518770090a55815aa538cc879396c73,sy servis pertama di Jaecoo kebun Jeruk juga..tidak di berikan print out pemeriksaan batre...utk pemasangan kabel extension AC...kabel pakai stock dari teknisi nya...tapi di kenakan biaya 100K...apakah ada yg mengalami hal sama?,1,2026-05-29T08:45:16Z,2026-05-29T08:45:16Z,2026-09-27T14:02:21.256364+00:00,sy servis pertama di jaecoo kebun jeruk juga..tidak di berikan print out pemeriksaan batre..utk pemasangan kabel extension ac..kabel pakai stock dari teknisi nya..tapi di kenakan biaya 100k..apakah ada yg mengalami hal sama?,,,,negatif,Human-Audit-GoldStandard,,,,negatif,True
UgxzSVTA6ftwkPdp3F54AaABAg,khAUeXPkWvg,1bac9389e438d4335844e8f420defaddf4f889c9e6187eeb27e74580d99e3f95,"7,35km/kwh mayanlah😁 byd rata2 6 doang",0,2025-09-30T11:56:12Z,2025-09-30T11:56:12Z,2026-09-27T14:02:18.015298+00:00,"7,35km/kwh mayanlah😁 byd rata2 6 doang",netral,,,,Human-Audit-GoldStandard,netral,,,,True
UgxaaQPABBAeZG0NnRJ4AaABAg,dEJ4VEjH1AQ,31f47b0ccc26c5b3a23a0a82eb265689160f10b0d1fa67acc85edb4d8cfdf2d6,Tetap BYD Atto 1 😁 30kWh diharga bawah 200jt dimana lagi wkwk,4,2025-11-25T03:08:08Z,2025-11-25T03:08:08Z,2026-09-19T00:23:14.870779+00:00,tetap byd atto 1 😁 30kwh diharga bawah 200jt dimana lagi wkwk,,,positif,,Human-Audit-GoldStandard,,,positif,,True
Ugw_5gvL5JzQaLuQYs94AaABAg,Vu0ayycGXbI,83e4f6f3535b543c798ae393c3fc731bcf72a1688f2c0232b2f2f6b42057d9a0,ada harga ada barang lah ngk ada yg sempurna,0,2026-02-23T16:13:40Z,2026-02-23T16:13:40Z,2026-09-19T00:23:04.027753+00:00,ada harga ada barang lah ngk ada yg sempurna,,netral,,,Human-Audit-GoldStandard,,netral,,,True
UgyVZfCMNbk3UQS_cH14AaABAg,SQJwC-QLsRk,f55fed5f4a35309564468254c87d7c887e346fae0a75b3c48b65debcbfa3314d,Head unit J5 posisi nya memang agak baring gitu ya ?,0,2026-04-26T10:37:10Z,2026-04-26T10:37:10Z,2026-09-19T00:23:15.652276+00:00,head unit j5 posisi nya memang agak baring gitu ya ?,,,netral,,Human-Audit-GoldStandard,,,netral,,True
UgxGljvouv-yMnRCnF14AaABAg,z1fWo8tYynA,c40ef6f68fd638ae07abacceb9c55052e966e076a4eb350cdc6a80c8ce334c73,bahkan yang lebih mengejutkannya lagi Mobil ini dapat bintang 5 atau 5 star di euro ncap. bayangkan euro ncap bintang 5 di harga segitu dengan ukuran sekecil itu gelooo 😮😮,141,2025-09-17T14:46:46Z,2025-09-17T14:46:46Z,2026-09-19T00:23:10.960426+00:00,bahkan yang lebih mengejutkannya lagi mobil ini dapat bintang 5 atau 5 star di euro ncap. bayangkan euro ncap bintang 5 di harga segitu dengan ukuran sekecil itu geloo 😮😮,,,positif,,Human-Audit-GoldStandard,,,positif,,True
UgxwrAwVix2v6E85Gj14AaABAg,dEJ4VEjH1AQ,18d29e5a87d5935d3424c7e5cbd651ccf04f847e5d84902f75915bbbcfe9db9f,"Saya jd ngilerrr...
Udah lirak lirik yaris lele saya, tergoda utk pindah ke lain hati 😅
Tapi paling gemeteran klo liat atto 1, sumpah ni mobil klo saya hitung worthes juga utk 10thn kedepan, perbandingan saya hitung dengan brio",0,2025-11-24T14:06:47Z,2025-11-24T14:06:47Z,2026-09-19T00:23:14.870779+00:00,"saya jd ngilerr.. udah lirak lirik yaris lele saya, tergoda untuk pindah ke lain hati 😅 tapi paling gemeteran kalau liat atto 1, sumpah ni mobil kalau saya hitung worthes juga untuk 10thn kedepan, perbandingan saya hitung dengan brio",,positif,,,Human-Audit-GoldStandard,,positif,,,True
UgwBmNh9J6RasOhagtJ4AaABAg,W3G8V7xV3-Y,60d5eba6f75b8f832f214cdaa2a1ac40c0583727bd09940919f2aff227861ccc,Makanya wuling nggak laku secondnya.jangan beki wuling second.,0,2024-06-05T15:18:09Z,2024-06-05T15:18:09Z,2026-09-27T14:02:27.731586+00:00,makanya wuling tidak laku secondnya.jangan beki wuling second.,,negatif,,,Human-Audit-GoldStandard,,negatif,,,True
UgwBvVEYp4qs3i-ZHN54AaABAg,0fHm0HIIJrY,9c64f3214790f65f230721ea8d4de7374ae0e9a9f16a5b14bf082480c8acda5e,Mobil china jual 5 tahun lagi turun70%,0,2026-05-14T04:36:41Z,2026-05-14T04:36:41Z,2026-09-27T14:02:21.256364+00:00,mobil china jual 5 tahun lagi turun70%,,negatif,,,Human-Audit-GoldStandard,,negatif,,,True
Ugzew9KFk8mI1ADk0Dd4AaABAg,A9niV2791gs,70f20a33e7fd5c5d04b8b1067362f7fc81799d90a6c06882cb9b9f68471db09f,Value for money,1,2026-01-23T09:22:08Z,2026-01-23T09:22:08Z,2026-09-19T00:23:04.831083+00:00,value for money,,positif,,,Human-Audit-GoldStandard,,positif,,,True
UgwNL7ld5cK9tKdIreN4AaABAg,Bx-XDBdN7nA,0d6ee6ec7edf08fbe5e01f72ee2c07b55081dac2e344cb22680a4bf5188ba0b6,"2 hari lalu saya datangi dealer chery di kota kecil saya cirebon Sudah mantap buat SPK, tapi kata salesnya tidak ada,
Karna chery dan jaecoo beda pemasaran, padahal brand chery jetour dan jaecoo itu masi 1 perusahaan ..
Jaecoo hanya tersedia di kota kota besar, padahal gue sudah mantap banget mau minang si jaeco ini sebagai mobil pertama gue,",1,2025-11-16T11:55:45Z,2025-11-16T11:55:45Z,2026-09-19T00:23:00.712565+00:00,"2 hari lalu saya datangi dealer chery di kota kecil saya cirebon sudah bagus buat spk, tapi kata salesnya tidak ada, karna chery dan jaecoo beda pemasaran, padahal brand chery jetour dan jaecoo itu masi 1 perusahaan .. jaecoo hanya tersedia di kota kota besar, padahal gue sudah bagus banget mau minang si jaeco ini sebagai mobil pertama gue,",,,,negatif,Human-Audit-GoldStandard,,,,negatif,True
UgxZyGLiyiKHR-rMffB4AaABAg,9GTZD3la5qI,d10ae4e9cfeb0ff0f4789917dc4de48ed817889d4babc1a22c83c946bee906a8,Syarat pertama ini mudah kalau mobilnya bisa diturunkan ke anak atau ke saudara lain. Selama gak balik nama semua aman apalagi mobil listrik belum kena progresif.,0,2024-01-13T09:42:32Z,2024-01-13T09:42:32Z,2026-09-27T14:02:23.207162+00:00,syarat pertama ini mudah kalau mobilnya bisa diturunkan ke anak atau ke saudara lain. selama tidak balik nama semua aman apalagi mobil listrik belum kena progresif.,,netral,,,Human-Audit-GoldStandard,,netral,,,True
UgzVhKt895y0DHG39154AaABAg,j_6L3j7vrOc,5592a0cfffa37d797d45f898bc88abd35cab789074961c25018a76c554f8a6ce,MOBIL2 LISTRIK EV HEMATNYA KEBANGETEN BIKIN KANTONG AMAN.. (1 KWH BISA JALAN 10 KM...HARGA PER 1KWH 1700 RP DENGAN CHARGE DI RUMAH.. BIAYA PER 1 KM = 1700 : 10 = 170 RP.. JADI BIAYA PER KM CUMA RP. 170).. LEBIH HEMAT DARI HONDA BEAT..,0,2025-12-06T06:59:49Z,2025-12-06T07:04:26Z,2026-09-19T00:23:05.693202+00:00,mobil2 listrik ev hematnya kebangeten bikin kantong aman.. (1 kwh bisa jalan 10 km..harga per 1kwh 1700 rp dengan charge di rumah.. biaya per 1 km = 1700 : 10 = 170 rp.. jadi biaya per km cuma rp. 170).. lebih hemat dari honda beat..,positif,positif,,,Human-Audit-GoldStandard,positif,positif,,,True
UgxaQs88Mk79DuLtTXd4AaABAg,z1fWo8tYynA,86a47a278a8575f237d4b32aa58c8b285761dfcede67417c52864b3f61e443e1,"jika semua sudah full software, udah mulai berani pasang biaya langganan, micro transaction, trus di shutdown pabrikan,,,baru kerasa umur mobil  bakal dibatasi 😂",1,2025-09-17T13:38:58Z,2025-09-17T13:38:58Z,2026-09-19T00:23:13.927196+00:00,"jika semua sudah full software, udah mulai berani pasang biaya langganan, micro transaction, trus di shutdown pabrikan,,baru kerasa umur mobil bakal dibatasi 😂",,,negatif,,Human-Audit-GoldStandard,,,negatif,,True
Ugw-LBgBhkuOB90zCux4AaABAg,Bx-XDBdN7nA,027093511db4863acd6afa8d8ff0a11003603275a0e0a2c8dd7166de635e542c,Di iims coba test drive. Goyangannya kuat banget diband8ng mobil ice..krn beban batre atau apa ya. Pas di soeed trap guncangnanya bikin enek n kayak di dorong kiri kanan.,0,2026-02-13T23:54:17Z,2026-02-13T23:54:17Z,2026-09-19T00:23:01.508913+00:00,di iims coba test drive. goyangannya kuat banget diband8ng mobil ice..krn beban baterai atau apa ya. pas di soeed trap guncangnanya bikin enek n kayak di dorong kiri kanan.,,,negatif,,Human-Audit-GoldStandard,,,negatif,,True
UgyJQIb7IEc-xiQEkWN4AaABAg,fjWvVFT0vr0,161bc28eb9e368a3940f5b143e3932389a30cb4429e3c98b0f9aaf9dcc1c044a,PR nya adalah... spare part ready apa tidak? Jng sampe klo service part inden lama,0,2025-08-02T23:49:32Z,2025-08-02T23:49:32Z,2026-09-19T00:23:09.886682+00:00,pr nya adalah.. spare part ready apa tidak? jng sampe kalau service part inden lama,,,,netral,Human-Audit-GoldStandard,,,,netral,True
UgxrogMj37EJJNalNJR4AaABAg,Vu0ayycGXbI,6aeb5b0bfee0ec824cc07cd6dd8d78a9ad5df2c1e5ad795ec6303ac9e1a225a1,"Hujan, power berlebih gk bakal naik😊😊 grip loss",2,2026-02-23T09:33:10Z,2026-02-23T09:33:10Z,2026-09-19T00:23:04.027191+00:00,"hujan, power berlebih tidak bakal naik😊😊 grip loss",,,negatif,,Human-Audit-GoldStandard,,,negatif,,True
UgydyY9mtebO3gK2x8Z4AaABAg,bC7X9DplrIc,3dd57a4669eeb7253ac89caed1a96ff02ae191cf4130691b654982f19e14eb51,"SPKLU Terbesar, tp penuh. Sangat menggambarkan kondisi penggunaan EV saat ini..",3,2026-03-04T21:13:26Z,2026-03-04T21:13:26Z,2026-09-19T00:23:14.522723+00:00,"stasiun pengisian kendaraan listrik umum terbesar, tapi penuh. sangat menggambarkan kondisi penggunaan ev saat ini..",negatif,,,,Human-Audit-GoldStandard,negatif,,,,True
UgzGQty36VLKlYce5l94AaABAg,bC7X9DplrIc,016b42480aba5ecc0690d92bef09f1549ac841eccd78f631bfe2dd3ba8cc4930,"Harga beda tipis sama ATTO 1, TAPI soal fitur, kenyamanan, tenaga, jangkauan, suspensi, interior dan exterior BEDA JAUH sieh, mending ambil Geely EX2. Di China ini juga mobil paling laris. Battery Lifetime lagi",6,2026-07-13T19:32:34Z,2026-07-13T19:32:34Z,2026-09-19T00:23:14.522723+00:00,"harga beda tipis sama atto 1, tapi soal fitur, kenyamanan, tenaga, jangkauan, suspensi, interior dan exterior beda jauh sieh, lebih baik ambil geely ex2. di china ini juga mobil paling laris. battery lifetime lagi",,,positif,,Human-Audit-GoldStandard,,,positif,,True
Ugyb4GbwnCaf115h21h4AaABAg,G_acqAJrRso,4d52f1b82705eea1a689f19deeb9b95d7ab46adf98aa9ca095963f5fc2b4bee4,"tuas sein kiri kanan di sisi kiri setir. utk pengendara yg biasa bawa mobil jepang, terbiasa tuas sein di kanan, malah jd mengaktifkan transmisi P/R/D.... bahaya",0,2025-11-20T02:44:56Z,2025-11-20T02:44:56Z,2026-09-18T04:38:32.144167+00:00,"tuas sein kiri kanan di sisi kiri setir. untuk pengendara yg biasa bawa mobil jepang, terbiasa tuas sein di kanan, malah jd mengaktifkan transmisi p/r/d.. bahaya",,,negatif,,Human-Audit-GoldStandard,,,negatif,,True
UgyaQthdRfKHUr-Gh6l4AaABAg,z1fWo8tYynA,72a6c3f71578012d9fc2fa24e3db08d11333bbd9e8753b8de8c6ed0e7086cf3f,Handle pintu belakang nya coba di tarok di atas pasti lebih ganteng,0,2025-09-17T14:54:05Z,2025-09-17T14:54:05Z,2026-09-19T00:23:12.527826+00:00,handle pintu belakang nya coba di tarok di atas pasti lebih ganteng,,,netral,,Human-Audit-GoldStandard,,,netral,,True
UgzWOMuS4JSVXyoWWeB4AaABAg,Vu0ayycGXbI,f711fa7ca337e2cafd2b956ca1f3b52ae38978a09c09d2b18a725fe82c051431,"Geely ex2 udah barang indent , makin indent dah 😂😂😂",0,2026-02-23T14:45:37Z,2026-02-23T14:45:37Z,2026-09-19T00:23:03.312129+00:00,"geely ex2 udah barang indent , makin indent dah 😂😂",,,,negatif,Human-Audit-GoldStandard,,,,negatif,True
UgxbB_jf6s1Rza6P_hl4AaABAg,Bx-XDBdN7nA,fbda80c8c72932d29d6dc81e6c92e639bbe9e3dc59beb610ad56ff31521d2366,dealer kalsel donk,0,2025-11-16T11:15:59Z,2025-11-16T11:15:59Z,2026-09-19T00:23:01.508913+00:00,dealer kalsel donk,,,,netral,Human-Audit-GoldStandard,,,,netral,True
Ugwnd76KlXHxMfM8Mfp4AaABAg,ccgG2mpCIHM,bf1885230be9d35fe39bec5c7f12d305c05b5dd9f4019a4d05e9b80efacc0738,"yang penting jangan pake mobil listrik pas libur panjang ke lokasi jauh dan ga bisa home charging ... soalnya masih sulit cari charging stationnya, kecuali mau nunggu berjam2",14,2026-05-13T05:53:14Z,2026-05-13T05:53:14Z,2026-09-19T00:28:54.749870+00:00,"yang penting jangan pakai mobil listrik pas libur panjang ke lokasi jauh dan tidak bisa home charging .. soalnya masih sulit cari charging stationnya, kecuali mau nunggu berjam2",netral,,,,Human-Audit-GoldStandard,netral,,,,True
Ugze8iZi8kWIinmhLIx4AaABAg,fjWvVFT0vr0,42796eb705cbeee651a415b4205ad75f7112bc35c26ddf5d7c1ffc52c0d7a9c0,Barang apapun klo sudah masuk di indo pasti mahal,0,2025-08-19T11:03:22Z,2025-08-19T11:03:22Z,2026-09-19T00:23:09.886682+00:00,barang apapun kalau sudah masuk di indo pasti mahal,,negatif,,,Human-Audit-GoldStandard,,negatif,,,True
UgwyWHJA8Kq0hIV2M0J4AaABAg,BFp1_jq3zVo,75418d3ca11111495895599e6375ad69c1e7c6fc6eebfbc22d66cbf2969cff64,"Tuh kan ada spklu shell, gw bilang ke temen2 yg masi kolot gak mau beli ev pd gak percaya 😂😂 ntar ku share aja vids ini ke mrk 😂",3,2026-04-01T03:43:36Z,2026-04-01T03:43:36Z,2026-09-19T00:23:14.379690+00:00,"tuh kan ada stasiun pengisian kendaraan listrik umum shell, gw bilang ke temen2 yg masi kolot tidak mau beli ev pd tidak percaya 😂😂 ntar ku share aja vids ini ke mrk 😂",netral,,,,Human-Audit-GoldStandard,netral,,,,True
UgyzkzFG61XQNOSOZlZ4AaABAg,G_acqAJrRso,db62eefdb29e97aeb4114925b93935a27162e8857d06f081b87584ae69c3fdd7,Berarti yang dijual kebanyakan itu overprice ya,1,2025-11-15T05:27:00Z,2025-11-15T05:27:00Z,2026-09-18T04:38:31.419348+00:00,berarti yang dijual kebanyakan itu overprice ya,,negatif,,,Human-Audit-GoldStandard,,negatif,,,True
UgwjHfJOXujhnkqzGOJ4AaABAg,dEJ4VEjH1AQ,792fbdd5932c9af9d41791a3ffc252d2f5982da957e7b7539db65c53b33368a4,Makin banyak mobil listrik yg harganya hampir mirip2 makin galau mau pilih yg mana😂,2,2025-11-25T08:42:10Z,2025-11-25T08:42:10Z,2026-09-19T00:23:14.870779+00:00,makin banyak mobil listrik yg harganya hampir mirip2 makin galau mau pilih yg mana😂,,netral,,,Human-Audit-GoldStandard,,netral,,,True
Ugxb2J-wBpXuMwZnkOl4AaABAg,fjWvVFT0vr0,a5c03838dbbabfc61b3451af8e52f9c17415e54d9e5387f8866ac1eb7aed77d7,"Gokil mobil china kok bisa murah2 banget, jangan2 disini banyak yg......",0,2026-03-21T01:12:50Z,2026-03-21T01:12:50Z,2026-09-19T00:23:08.935049+00:00,"gokil mobil china kok bisa murah2 banget, jangan2 disini banyak yg..",,positif,,,Human-Audit-GoldStandard,,positif,,,True
UgzhYMBQuuKvb9KCQVp4AaABAg,Bx-XDBdN7nA,f6dc9e9887fccf76802bb5fd3e4404b4c06ba5e1c34e0a6cfafd09778e71d794,Kalo ga ada pabrikan otomotif china masuk kita dibodohin terus sama pabrikan jepang. Harga selangit fitur irit😂😂😂,0,2026-01-12T12:23:59Z,2026-01-12T12:23:59Z,2026-09-19T00:23:02.436535+00:00,kalo tidak ada pabrikan otomotif china masuk kita dibodohin terus sama pabrikan jepang. harga selangit fitur irit😂😂,,positif,positif,,Human-Audit-GoldStandard,,positif,positif,,True
Ugy_9ailUlkcwymjmpx4AaABAg,AOjceFDyYeM,958b7c94efd4bd596879bfd749232739efb62f44afe6057f9648dafa64cf571b,"Kayak service motor murah banget.
Btw harga batrenya brp ko ?",0,2026-05-30T17:25:04Z,2026-05-30T17:25:23Z,2026-09-27T14:02:19.136503+00:00,kayak service motor murah banget. btw harga batrenya brp ko ?,,positif,,,Human-Audit-GoldStandard,,positif,,,True
UgxxqfVP2mxRBytgZqV4AaABAg,z1fWo8tYynA,efd19b47d3390f2166e9b5907ef254142152c97859bf3f9da46f3dd4606ac29e,"Cakep amat ni mobil,, pengen gue jdi nya",0,2025-10-09T18:18:18Z,2025-10-09T18:18:18Z,2026-09-19T00:23:11.766454+00:00,"cakep amat ni mobil,, pengen gue jdi nya",,,positif,,Human-Audit-GoldStandard,,,positif,,True
UgwVETHzSYSVOg1PjSh4AaABAg,l8fPSUqdmOM,9282bb87c5693ec80bfe6e4183a591a9c9ed2ba854b00a459f3ac4815c0f14a4,"Kayaknya klo saya dari v power terjun ke listrik bener2 kerasa kali ya penghematannya, klo dari pertalite mgkn ga terlalu signifikan rasanya..
Btw ko air ev ga bisa crawling ya? Klo parkir mundur harus gas gas gt ya?",0,2025-03-05T13:31:19Z,2025-03-05T13:31:19Z,2026-09-27T14:02:16.602859+00:00,"kayaknya kalau saya dari v power terjun ke listrik bener2 kerasa kali ya penghematannya, kalau dari pertalite mgkn tidak terlalu signifikan rasanya.. btw ko air ev tidak bisa crawling ya? kalau parkir mundur harus gas gas gt ya?",,positif,,,Human-Audit-GoldStandard,,positif,,,True
Ugxa_EMQipvxWkBiIRV4AaABAg,w7zLKYpCozw,78da35be906be6b76b1217bbcf92c3f9a910b001e02e3977ed984a2c48e85fb0,"Spk di gjaw, sampe skrng blum ada kabar plunasan 😂, ghoib",1,2025-12-18T14:15:50Z,2025-12-18T14:15:50Z,2026-09-19T00:23:14.691226+00:00,"spk di gjaw, sampe skrng blum ada kabar plunasan 😂, ghoib",,,,negatif,Human-Audit-GoldStandard,,,,negatif,True
UgzmPVoV-v5ycc6n-lx4AaABAg,Bx-XDBdN7nA,04ba98a92c1c449bce83d57d4f2853d53e8b9140c0bd119fff7f849da57270f6,Macem Tamiya lah Wak model mobil-mobil listrik ini..modal batre aja dia tenaga nya..semua putaran roda cuman di kekuatan gear-gear tu aja dia ya kan..hahahaha....,0,2026-07-18T16:46:29Z,2026-07-18T16:46:29Z,2026-09-19T00:23:02.435533+00:00,macem tamiya lah wak model mobil-mobil listrik ini..modal baterai aja dia tenaga nya..semua putaran roda cuman di kekuatan gear-gear tu aja dia ya kan..hahahaha..,,,negatif,,Human-Audit-GoldStandard,,,negatif,,True
Ugz7g-FsVgmQQMcNNul4AaABAg,fjWvVFT0vr0,eb6e23b49ed0795457ef62ea764e6b3e228fc90995fb9eb200c23c9f3a82da8e,"Best.... Baterai garansi panjang 8thn, 30 menit 80% auto jarak jauh.... semoga pln makin support di setiap spbu.... 😍🥰",0,2025-07-28T16:08:10Z,2025-07-28T16:08:10Z,2026-09-19T00:23:08.164869+00:00,"best.. baterai garansi panjang 8thn, 30 menit 80% auto jarak jauh.. semoga pln makin support di setiap spbu.. 😍🥰",positif,positif,,,Human-Audit-GoldStandard,positif,positif,,,True
Ugz_67U2pMZj2w6WrXl4AaABAg,fjWvVFT0vr0,f9e7fe31f7fea6bb81869b6df456b4f8accfcad80d69053a8c1e9159093322a9,"Dulu suka banget pake mobil Fortuner dan Brio, semenjak mobil China hadir semua mobil di garasi berubah pakai Chery icar 03 dan sementara mau incar ini Atto 1 BYD. Intinya mobil listrik irit terus pajak murah dan paling utama kenyamanan berani diadu sama mobil jepun😂",8,2025-07-26T10:15:24Z,2025-07-26T10:16:31Z,2026-09-19T00:23:06.549873+00:00,"dulu suka banget pakai mobil fortuner dan brio, semenjak mobil china hadir semua mobil di garasi berubah pakai chery icar 03 dan sementara mau incar ini atto 1 byd. intinya mobil listrik irit terus pajak murah dan paling utama kenyamanan berani diadu sama mobil jepun😂",,positif,positif,,Human-Audit-GoldStandard,,positif,positif,,True
Ugw3iEKNRHf10OXu3rZ4AaABAg,9GTZD3la5qI,61dc2bca3de47ef31423702431be1d91579fd8af13279d2ea92ec64206358701,"Mobil ga boleh di modif, gaboleh ada penggantian diluar dealer resmi, tidak boleh kecelakaan, kebanjiran, kebakar.
Njir ternyata sangat rumit. Kalo motor mungkin masih bisa.",0,2024-01-13T07:51:00Z,2024-01-13T07:51:00Z,2026-09-27T14:02:23.207162+00:00,"mobil tidak boleh di modif, gaboleh ada penggantian diluar dealer resmi, tidak boleh kecelakaan, kebanjiran, kebakar. njir ternyata sangat rumit. kalo motor mungkin masih bisa.",,,,negatif,Human-Audit-GoldStandard,,,,negatif,True
UgwIQU16jdDaZ9GiPSZ4AaABAg,z1fWo8tYynA,5bc2798bdd55d1bb7acba7b324cf8502e5fe50d46389badb56a34573b4ccd7cb,Kayak mobil-mobilan modelnya. Kayak kaleng2. Ogah gw beli mobil yg model beginian. 1tahun jadi sampah,0,2026-01-16T02:02:32Z,2026-01-16T02:02:32Z,2026-09-19T00:23:13.927196+00:00,kayak mobil-mobilan modelnya. kayak kaleng2. ogah gw beli mobil yg model beginian. 1tahun jadi sampah,,,negatif,,Human-Audit-GoldStandard,,,negatif,,True
UgxQSfFtBmcpcuxjphJ4AaABAg,ccgG2mpCIHM,a2bde72f210a8e514e577c5493c80d95a405819e3f37ad5f5a75500327347354,"Stigma baterai terkenal≠bagus
🏆 Gotion Geely: 10,15kWh/100km
🥈 BYD Blade: 10,24kWh/100km
🥉 CATL Jaecoo: 12,66kWh/100km",8,2026-05-05T16:45:54Z,2026-05-05T16:46:58Z,2026-09-19T00:28:54.749870+00:00,"stigma baterai terkenal≠bagus 🏆 gotion geely: 10,15kwh/100km 🥈 byd blade: 10,24kwh/100km 🥉 catl jaecoo: 12,66kwh/100km",netral,,,,Human-Audit-GoldStandard,netral,,,,True
Ugy4dpclte94z3SXsKJ4AaABAg,VEXJp_L57Nk,c583867950fde1a95d33846c534336dfb0193474e1a4557ccd2dee86add6663c,Jadi konsumsi per kwh g sesuai claim dong ya kalau dibawa sesuai pengetesan ini,1,2025-10-04T08:34:49Z,2025-10-04T08:34:49Z,2026-09-19T00:23:10.716076+00:00,jadi konsumsi per kwh g sesuai claim dong ya kalau dibawa sesuai pengetesan ini,negatif,,,,Human-Audit-GoldStandard,negatif,,,,True
Ugyw3oaeiPL2YOP-Hb54AaABAg,fjWvVFT0vr0,029f69577e9d2d1b86f11b1fa94ecaa86a80248fa116fc4412d0e1724819cb18,"Alhamdulillah berkat brand brand China harga mobil baru di Indonesia tidak lagi terus melambung tinggi. Byd atto1, Semoga kebeli..",73,2025-07-26T06:30:46Z,2025-07-26T06:30:46Z,2026-09-19T00:23:06.549873+00:00,"alhamdulillah berkat brand brand china harga mobil baru di indonesia tidak lagi terus melambung tinggi. byd atto1, semoga kebeli..",,positif,,,Human-Audit-GoldStandard,,positif,,,True
Ugyumoo4f75Td_OTkit4AaABAg,O-vAYJNfQEk,858fce6a89a323e7c05860a609a57ea2c24f2cd507e6ea886b406f2eaecc9ae5,irit tapi kok was was dibanding bawa mobil konvensional utk jalan jauh,0,2024-02-22T05:56:09Z,2024-02-22T05:56:09Z,2026-09-27T14:02:12.898514+00:00,irit tapi kok was was dibanding bawa mobil konvensional untuk jalan jauh,negatif,positif,,,Human-Audit-GoldStandard,negatif,positif,,,True
Ugx5unWz2bHA05Rlavt4AaABAg,Vu0ayycGXbI,606af24870e16f10fe5810c2e0fb7b5720666caf69d369a4cbf523b97460b3cd,cuma 1 model depannya datar banget kayak kehabisan ide 😅😅😅,0,2026-02-23T11:27:19Z,2026-02-23T11:27:19Z,2026-09-19T00:23:04.671044+00:00,cuma 1 model depannya datar banget kayak kehabisan ide 😅😅,,,negatif,,Human-Audit-GoldStandard,,,negatif,,True
UgwojphTJ5eVunzfynN4AaABAg,Vu0ayycGXbI,875ab15b088a62d3146f679cfa34cd6984760de1fc991f719681d1656ba02885,"sistem kontrol traksi nya kurang bagus, sama kyk omoda e5 nya
tipe motor listrik nya juga bukan yang naik speed nya gradual, tapi yang langsung kenceng, jadi ban nya spin dan slip (Tipe yang naiknya gradual tuh AION sama BYD)
setir nya juga walau udah di kasih mode sport tetap ringan dan ga ada feel nya, sama juga seperti omoda e5
curiga 1 basis nih atau 1 sistem tapi beda casing aja ya jgn2 🧐",3,2026-02-23T13:04:59Z,2026-02-23T13:06:48Z,2026-09-19T00:23:04.671044+00:00,"sistem kontrol traksi nya kurang bagus, sama kyk omoda e5 nya tipe motor listrik nya juga bukan yang naik speed nya gradual, tapi yang langsung kenceng, jadi ban nya spin dan slip (tipe yang naiknya gradual tuh aion sama byd) setir nya juga walau udah di kasih mode sport tetap ringan dan tidak ada feel nya, sama juga seperti omoda e5 curiga 1 basis nih atau 1 sistem tapi beda casing aja ya jgn2 🧐",,,negatif,,Human-Audit-GoldStandard,,,negatif,,True
UgxsRMBhRHhP9owZstV4AaABAg,BFp1_jq3zVo,a7de6631dcc899f9ed5bebd1aec7bc921d83814fdc42f24276a7994e5ef3c0b2,"Kalo pingin cpt dpt unit pilih atto1,tp kalo pingin nyaman pilih geely tp hrs sabar",0,2026-04-08T23:53:29Z,2026-04-08T23:53:29Z,2026-09-19T00:23:14.379690+00:00,"kalo pingin cpt dapat unit pilih atto1,tp kalo pingin nyaman pilih geely tapi hrs sabar",,,positif,positif,Human-Audit-GoldStandard,,,positif,positif,True
UgzrvToe3YbpohGPU8R4AaABAg,bC7X9DplrIc,c213ff8cf2f071c730f8e4e860a8b9669556b0d926c3bbf780c6ed0fca68898c,"Cover battery bawah itu aksesoris yg di jual terpisah, harganya 2.520.000 ya guys",14,2026-03-12T19:55:32Z,2026-03-12T19:55:32Z,2026-09-19T00:23:14.522723+00:00,"cover battery bawah itu aksesoris yg di jual terpisah, harganya 2.520.00 ya guys",,netral,,,Human-Audit-GoldStandard,,netral,,,True
UgxdpAEIWkSOdf9CnOp4AaABAg,SQJwC-QLsRk,6c67433d2e4f63af2bce735a2bfc016f24bd65079f91cc3504797632ab536eb1,Ex2 yang paling nanggung. Tolong geely pepetin lagi harga atto 1 biar makin laku.,1,2026-04-27T01:58:45Z,2026-04-27T01:58:45Z,2026-09-19T00:23:15.005212+00:00,ex2 yang paling nanggung. tolong geely pepetin lagi harga atto 1 biar makin laku.,,netral,,,Human-Audit-GoldStandard,,netral,,,True
Ugyn7pmn4ebhvsu9pqR4AaABAg,Bx-XDBdN7nA,18fdcb176acfa3e73cc09890c3e1a4a4883c6d67bfd2d3e9165126c991159007,"Liat layar speedonya jadi agak off, ga dapet yg full colour kaya versi UK atau Aussie.",0,2025-11-16T11:09:44Z,2025-11-16T11:09:44Z,2026-09-19T00:23:02.435533+00:00,"liat layar speedonya jadi agak off, tidak dapet yg full colour kaya versi uk atau aussie.",,,negatif,,Human-Audit-GoldStandard,,,negatif,,True
UgxL3e6RGZf6NqephjV4AaABAg,9GTZD3la5qI,8cb6828ca86cb4cecd9fb92c637d540039016b2a9f22fe9b2f64914d5b6c815d,Kalo wuling bingo di kasih baterai garansi se umur hidup nilai plus di banding MG 4 EV,0,2024-01-13T12:14:48Z,2024-01-13T12:14:48Z,2026-09-27T14:02:23.207162+00:00,kalo wuling bingo di kasih baterai garansi se umur hidup nilai plus di banding mg 4 ev,,netral,,,Human-Audit-GoldStandard,,netral,,,True
UgwNBUFvhDVNjL0AK8p4AaABAg,fjWvVFT0vr0,c91df62a60908ca3ffa3b30517ecd7d53590c9258c82688eb8e230de6345e918,BYD ga pernah gagal sial design....💥💥💥,0,2025-08-03T23:50:12Z,2025-08-03T23:50:12Z,2026-09-19T00:23:08.164869+00:00,byd tidak pernah gagal sial design..💥💥,,,positif,,Human-Audit-GoldStandard,,,positif,,True
Ugw2GhXZC2V3OFg4bLx4AaABAg,AOjceFDyYeM,284d1b819b14ed6e33fdff0afcb8e6e430a757244489a2bbddeea50466cb82e0,Kalau seeing pakai charger 32A emang cepet turun kalau rutin pakai 8A atay 10A aman km 40rb BH masih 95 96. Punua saya sering pakai 16A 70rb km BH 87%,0,2026-05-31T01:34:21Z,2026-05-31T01:34:21Z,2026-09-27T14:02:19.136503+00:00,kalau seeing pakai charger 32a emang cepet turun kalau rutin pakai 8a atay 10a aman km 40rb bh masih 95 96. punua saya sering pakai 16a 70rb km bh 87%,,,netral,,Human-Audit-GoldStandard,,,netral,,True
UgxxocxlW5uPPvvIb6Z4AaABAg,A-qeEyGaJM0,58bb6cfd18e7fc135d0bc86dfb307c46370f3767f1186538f3e62ee9434787bd,Elephant in the room nya adalah insfratruktur charger di Jawa* masih sangat terbatas. Apalagi di luar jawa yang mengalami diskriminasi SDA.,1,2026-09-16T02:34:56Z,2026-09-16T02:34:56Z,2026-09-19T00:23:14.160865+00:00,elephant in the room nya adalah insfratruktur charger di jawa* masih sangat terbatas. apalagi di luar jawa yang mengalami diskriminasi sda.,negatif,,,,Human-Audit-GoldStandard,negatif,,,,True
UgwBKtdYj7A1L52rPSt4AaABAg,fjWvVFT0vr0,f829287f57cacf576b28476e1c67265ed7cef946a767f60e4d6f1e3ba32cdb6f,"Yg di jkt worth it ini sih, jauhh sekali.
Maintenance, servis & pajak murah, worth it bgt

Otw spk 1 aamiin",18,2025-07-26T07:36:37Z,2025-07-26T07:36:37Z,2026-09-19T00:23:06.549873+00:00,"yg di jkt layak it ini sih, jauhh sekali. maintenance, servis & pajak murah, layak it banget otw spk 1 aamiin",,positif,,positif,Human-Audit-GoldStandard,,positif,,positif,True
Ugwlr1ALR16Skr055-x4AaABAg,j_6L3j7vrOc,16b1fb5cba110972ba0ac589e1e0858589dae2652e9b368f37ec14bafbb2c9fd,"After sales jangan dilupakan, ekosistem ini sangat penting buat kemudahan konsumen dan meningkatkan penjualan kedepannya",3,2025-11-22T11:55:56Z,2025-11-22T11:55:56Z,2026-09-19T00:23:05.069705+00:00,"after sales jangan dilupakan, ekosistem ini sangat penting buat kemudahan konsumen dan meningkatkan penjualan kedepannya",,,,netral,Human-Audit-GoldStandard,,,,netral,True
UgxhQa_bWrm_3vOAX_x4AaABAg,w7zLKYpCozw,d1cd274f7c41524420f63809622cb74536558a554ca3905a25c2e2d4ba25cefc,"Sayang banget Geely ini dealershipnya so far ga se ok BYD or Chery. Semoga gajadi kayak MG aja, barangnya bagus tp ga bisa take off di market.",1,2025-12-21T02:32:56Z,2025-12-21T02:32:56Z,2026-09-19T00:23:14.691226+00:00,"sayang banget geely ini dealershipnya so far tidak se ok byd or chery. semoga gajadi kayak mg aja, barangnya bagus tapi tidak bisa take off di market.",,,,netral,Human-Audit-GoldStandard,,,,netral,True
UgyME6AbWTx4Nxdd2xV4AaABAg,j_6L3j7vrOc,792fbdd5932c9af9d41791a3ffc252d2f5982da957e7b7539db65c53b33368a4,Kalau saya baca jaecco 5 sudah di rakit lokal dengan kandungan 40 % berarti setelah insentif di cabut pemerintah harganya harus tetap,4,2025-11-22T20:35:46Z,2025-11-22T20:35:46Z,2026-09-19T00:23:05.069705+00:00,kalau saya baca jaecco 5 sudah di rakit lokal dengan kandungan 40 % berarti setelah insentif di cabut pemerintah harganya harus tetap,,netral,,,Human-Audit-GoldStandard,,netral,,,True
Ugykz13sfyRCm52q1U94AaABAg,fjWvVFT0vr0,d4d789263690a880f5b6db4e1199043a9f6cf245296dd51bf1ca9f6d2567e4e5,"Buat ngojol enak bgt ini, murah , irit, ga kena gage. Beeuuhh",0,2025-07-27T03:06:47Z,2025-07-27T03:06:47Z,2026-09-19T00:23:08.164869+00:00,"buat ngojol enak banget ini, murah , irit, tidak kena gage. beeuuhh",,positif,,,Human-Audit-GoldStandard,,positif,,,True
Ugw4BMik_s8Z7dWtEj54AaABAg,A9niV2791gs,8580dc9e0d0229783fe1d5fd12616dad139d49ef64c12cab8192a9917fc66189,Kalo 200jt cash mau dech..,0,2026-04-08T09:49:26Z,2026-04-08T09:49:26Z,2026-09-19T00:23:04.831083+00:00,kalo 200jt cash mau dech..,,netral,,,Human-Audit-GoldStandard,,netral,,,True
UgyGxoBUouyZNVyAsbt4AaABAg,O-vAYJNfQEk,5c8300e326f2f515ece1a83944a370a16f3f28754857a8449e67f6589daa8d61,"Pertama lihat binguo kesannya wah, tapi semakin ke sini biasa aja. Hanya opini saya saja ini",2,2024-02-13T10:49:03Z,2024-02-13T10:49:03Z,2026-09-27T14:02:12.888906+00:00,"pertama lihat binguo kesannya wah, tapi semakin ke sini biasa aja. hanya opini saya saja ini",,,netral,,Human-Audit-GoldStandard,,,netral,,True
UgyGoft_hgIEV4zsJo94AaABAg,G_acqAJrRso,9231417e0a21ef8d4af8d80be51d32bc174f1a2dea5fe9d709039f0895e196b1,"Murah bagi yg punyu duit bayak
Bagi kita rakyat jelata hanya bisa menonton 
Bersyukur lah yg mampu beli",1,2025-11-16T13:19:29Z,2025-11-16T13:19:29Z,2026-09-18T04:38:32.144167+00:00,murah bagi yg punyu duit bayak bagi kita rakyat jelata hanya bisa menonton bersyukur lah yg mampu beli,,netral,,,Human-Audit-GoldStandard,,netral,,,True
Ugzgd7hAowedjM5Y1IZ4AaABAg,AOjceFDyYeM,37d52b2793e4fae067989d96095c5630e9053bac986918de254c05b6db9bc945,"saya 43rb jg sudah ganti semua ban,. battery health di 93%",1,2025-12-06T04:10:38Z,2025-12-06T04:10:38Z,2026-09-27T14:02:20.222873+00:00,"saya 43rb jg sudah ganti semua ban,. battery health di 93%",,netral,,,Human-Audit-GoldStandard,,netral,,,True
UgyfdDxZD5Lt7FGZSct4AaABAg,dEJ4VEjH1AQ,3c6431315fda29cc676ae90c2b4d3b02179aef449e1281e6d0d79acaa2f05a22,yg paling disuka dari mbl ini yaitu rwd,0,2026-01-30T09:56:48Z,2026-01-30T09:56:48Z,2026-09-19T00:23:14.870779+00:00,yg paling disuka dari mbl ini yaitu rwd,,,positif,,Human-Audit-GoldStandard,,,positif,,True
UgxdoEYs28Qr94J2gtV4AaABAg,wWoTrVO2Hk4,204a65e5296d650e093be76ee228687b1b2c94147e84b084a0cbc5368025bc6b,"Seru👍👍👍
Atto 2 menyusul dibwh 300jt.
V23 bila ingin sukses juga hrs kompetitif.

Merk lama yg kemahalan, kualitas seadanya akan tergerus bila tdk segera berbenah.
Konsumen diuntungkan bila pemerintah tegas & cerdik mengatur regulasi🙏🙏🙏",2,2026-04-25T00:22:52Z,2026-04-25T00:22:52Z,2026-09-19T00:23:05.982688+00:00,"seru👍👍 atto 2 menyusul dibwh 300jt. v23 jika ingin sukses juga hrs kompetitif. merk lama yg kemahalan, kualitas seadanya akan tergerus jika tidak segera berbenah. konsumen diuntungkan jika pemerintah tegas & cerdik mengatur regulasi🙏🙏",,netral,,,Human-Audit-GoldStandard,,netral,,,True
Ugzm9RERJsBlwf3hYpl4AaABAg,AOjceFDyYeM,5592a0cfffa37d797d45f898bc88abd35cab789074961c25018a76c554f8a6ce,MOBIL2 LISTRIK EV CHINA HEMATNYA KEBANGETEN BIKIN KANTONG AMAN.. (1 KWH BISA JALAN 10 KM.. DENGAN CHARGE DI RUMAH HARGA PER 1 KWH RP. 1700.. BIAYA LISTRIK PER 1 KM = 1700 : 10 = RP. 170.. JADI BIAYA PER KM CUMA RP. 170).. LEBIH HEMAT DARI HONDA BEAT.,0,2025-12-07T03:44:59Z,2025-12-07T03:45:34Z,2026-09-27T14:02:19.136503+00:00,mobil2 listrik ev china hematnya kebangeten bikin kantong aman.. (1 kwh bisa jalan 10 km.. dengan charge di rumah harga per 1 kwh rp. 1700.. biaya listrik per 1 km = 1700 : 10 = rp. 170.. jadi biaya per km cuma rp. 170).. lebih hemat dari honda beat.,,positif,,,Human-Audit-GoldStandard,,positif,,,True
Ugxd8yYZT-HPzNfQQ-h4AaABAg,BFp1_jq3zVo,4ed60f986f44bc44eb2ae820f254811ea055c00fea53df594ae9ef6d07f9c842,"ngapain beli ginian,  tanggung ga jelas, sy inden j5 ama udh beli atto 1 ketauan import cbu bukan rakitan tkdn",1,2026-04-06T18:50:39Z,2026-04-06T18:53:13Z,2026-09-19T00:23:14.379690+00:00,"ngapain beli ginian, tanggung tidak jelas, sy inden j5 ama sudah beli atto 1 ketauan import cbu bukan rakitan tkdn",,,,negatif,Human-Audit-GoldStandard,,,,negatif,True
UgzrrzAGkQt0RAKMvbp4AaABAg,9GTZD3la5qI,13822bf1ad4b4816aac7f0167da37b01304a44ebfb0befea2f4cc13b5ae98de3,"Bicara kwalitas, Agak alergi sama produk cina.",0,2024-01-13T10:40:42Z,2024-01-13T10:40:42Z,2026-09-27T14:02:24.340549+00:00,"bicara kwalitas, agak alergi sama produk cina.",,,negatif,,Human-Audit-GoldStandard,,,negatif,,True
Ugxs8ae6c67z-OhgJvd4AaABAg,9GTZD3la5qI,c504441df67a6551a7f421a5a9eac96bfa75889dc25e4cad4d4cc2fd31564f92,Mantab.. Mobil EV Compac & stylis. Keren & imut..❤,0,2024-01-13T05:58:12Z,2024-01-13T05:58:12Z,2026-09-27T14:02:22.040959+00:00,mantab.. mobil ev compac & stylis. keren & imut..❤,,,positif,,Human-Audit-GoldStandard,,,positif,,True
UgzI_l30LJho_sbyKj14AaABAg,IMO53AFzSZU,dd892106ee1bbd080cf4ab6d3ef9129ae69fd51d0031359f5d50bb1a33718b2f,Kalo ganti pemilik ya garansi battery gugur😅,0,2026-08-24T13:26:55Z,2026-08-24T13:26:55Z,2026-09-27T14:02:20.682299+00:00,kalo ganti pemilik ya garansi battery gugur😅,,,,netral,Human-Audit-GoldStandard,,,,netral,True
Ugyx1mPr42xVMN-D4ZF4AaABAg,jL5p1zZMNEM,d6bbb11e56e6caff1f8983634679baaee579a5d47d3298d3a5498a98a0496cce,Gw masih berfikir mobil listrik itu ribet,0,2024-09-24T05:55:01Z,2024-09-24T05:55:01Z,2026-09-27T14:02:12.351850+00:00,gw masih berfikir mobil listrik itu ribet,,,,negatif,Human-Audit-GoldStandard,,,,negatif,True
Ugy4CjKZZ3HZiiIIlZ54AaABAg,fjWvVFT0vr0,4ed60f986f44bc44eb2ae820f254811ea055c00fea53df594ae9ef6d07f9c842,"Gada ban serep adalah kekurangan mbl ini, user indo masih asing dan ga PD tanpa ban serep",2,2025-07-26T09:32:59Z,2025-07-26T09:32:59Z,2026-09-19T00:23:08.935049+00:00,"gada ban serep adalah kekurangan mbl ini, user indo masih asing dan tidak pd tanpa ban serep",,,negatif,,Human-Audit-GoldStandard,,,negatif,,True
UgwuFJFn5FDFLkP2E454AaABAg,ccgG2mpCIHM,0f3e67823b3a28ebe62cd2a0386933c6880249e230adeed0cd417d8d5983a278,uDAH paling Worth To The Moneyyyy J5,2,2026-05-04T01:24:38Z,2026-05-04T01:24:38Z,2026-09-19T00:28:55.390869+00:00,udah paling layak to the moneyy j5,,positif,,,Human-Audit-GoldStandard,,positif,,,True
UgyWlYAbtGNjmPWmkGZ4AaABAg,Vu0ayycGXbI,7fdb2c784a09a216ca8166e263aad1617f22d4ec7ee4fa94573b9aaf2da30f77,"Sy percaya mobil ini kuat. Masalahnya ssdh dibeli  ada pada baterenya, layanan purna jual. 
Garansi batre brp tahun? 
Harga batere 100 juta?",1,2026-02-24T02:45:19Z,2026-02-24T02:45:19Z,2026-09-19T00:23:04.671044+00:00,"sy percaya mobil ini kuat. masalahnya ssdh dibeli ada pada baterenya, layanan purna jual. garansi baterai brp tahun? harga batere 100 juta?",,netral,positif,netral,Human-Audit-GoldStandard,,netral,positif,netral,True
UgwYgLNzPY-K3x0LUT94AaABAg,J00aDzfK8WQ,e9f9021ba096cfc68dee484bd9347b0d72e70ccccfd1ede1072d74bfc8df1acf,"Paling terasa bedanya
- Tuas sein jadi 1 dengan wiper
- Transmisi pindah ke tuas kanan
- Layar lebih besar
- 360 kamera
Yang hilang
- Rear defogger
- Slippery mode",63,2026-05-25T15:04:28Z,2026-05-25T15:04:28Z,2026-09-19T00:23:10.549263+00:00,paling terasa bedanya - tuas sein jadi 1 dengan wiper - transmisi pindah ke tuas kanan - layar lebih besar - 360 kamera yang hilang - rear defogger - slippery mode,,,negatif,,Human-Audit-GoldStandard,,,negatif,,True
Ugxl5SWeBYwabYPTrMx4AaABAg,G_acqAJrRso,234ede967a0a1357dd129ec16b102e5dacce59067d4f08c7d10080457277a592,"Kelas banget ini jaecoo, buka harga buat kaum menengah, tadinya niat ambil yang standard, tapi beda 50jt aja udah dapet buanyak bener fiturnya. deal nya si di panoramic sunroof, sama suspensi independent . udah liat review nya moladin, jakarta semarang tanpa charging bisa, jadi kalo ke bali sekitar 2 kali charge aja. oke juga ini jaecoo.",0,2025-11-16T06:18:19Z,2025-11-16T06:18:19Z,2026-09-18T04:38:30.738340+00:00,"kelas banget ini jaecoo, buka harga buat kaum menengah, tadinya niat ambil yang standard, tapi beda 50jt aja udah dapet buanyak bener fiturnya. deal nya si di panoramic sunroof, sama suspensi independent . udah liat review nya moladin, jakarta semarang tanpa charging bisa, jadi kalo ke bali sekitar 2 kali charge aja. oke juga ini jaecoo.",positif,positif,,,Human-Audit-GoldStandard,positif,positif,,,True
UgwLn_xVhqnIGJYOSMd4AaABAg,z1fWo8tYynA,1d4bf0b73ac1026f71a9d6553465c42e063d41870d13d75eab70a14b56db25b2,Seharusnya sensor nfc nya Jangan taruh di spion karena disitu rawan ketabrak/senggol. Baiknya di pilar pintu,4,2025-09-18T02:01:55Z,2025-09-18T02:01:55Z,2026-09-19T00:23:11.766454+00:00,seharusnya sensor nfc nya jangan taruh di spion karena disitu rawan ketabrak/senggol. baiknya di pilar pintu,,,negatif,,Human-Audit-GoldStandard,,,negatif,,True
Ugw4YAJcKkcOzwZvAAB4AaABAg,Bx-XDBdN7nA,e5c433cc7bd57b360bd7704b55452c7d622f6d4e695d3f185f3eaf48daf84678,Sekarang 309.9jt...masih istimewah y,0,2026-03-16T08:56:22Z,2026-03-16T08:56:22Z,2026-09-19T00:23:01.508913+00:00,sekarang 309.9jt..masih istimewah y,,positif,,,Human-Audit-GoldStandard,,positif,,,True
Ugz_m6Mz6P-LBRDLYYF4AaABAg,IMO53AFzSZU,4e14e692071842e60a063e524278415a5ac7ef91c5b548f8f0de90ef1e69c1da,"Kacau tuh mocin, mobil masih baru shock sudah bocor, bikin barang kualitasnya jelek,.klu GK ada garansi sih jajan pasti banyak",0,2026-08-25T16:04:48Z,2026-08-25T16:04:48Z,2026-09-27T14:02:20.682299+00:00,"kacau tuh mocin, mobil masih baru shock sudah bocor, bikin barang kualitasnya jelek,.klu tidak ada garansi sih jajan pasti banyak",,,negatif,,Human-Audit-GoldStandard,,,negatif,,True
Ugy5O5Gc3rCGg-GpYzV4AaABAg,Bx-XDBdN7nA,e315fc8b53c91b44f25aa67e1d1b957cb47cebba1bb292ca8d7491865c503f68,"5 tahun ke belakang masih mikir bukan merk Jepang ga perlu dilirik.
Tapi di 2025 ini, ga bisa mengelak lagi merk Jepang makin ketinggalan di belakang 😅

Mungkin dari sisi kematangan berkendara, reliabilitas, layanan aftersales, dsb merk Jepang masih memimpin, tapi seberapa prioritas hal-hal tersebut kalo dihajar pake harga murah plus fitur-fitur lain yg sebenernya ga buruk-buruk amat? Apapun itu, kita sebagai pembelilah pemenangnya haha",27,2025-11-16T08:43:23Z,2025-11-16T08:43:23Z,2026-09-19T00:23:00.712565+00:00,"5 tahun ke belakang masih mikir bukan merk jepang tidak perlu dilirik. tapi di 2025 ini, tidak bisa mengelak lagi merk jepang makin ketinggalan di belakang 😅 mungkin dari sisi kematangan berkendara, reliabilitas, layanan aftersales, dsb merk jepang masih memimpin, tapi seberapa prioritas hal-hal tersebut kalo dihajar pakai harga murah plus fitur-fitur lain yg sebenernya tidak buruk-buruk amat? apapun itu, kita sebagai pembelilah pemenangnya haha",,positif,positif,,Human-Audit-GoldStandard,,positif,positif,,True
UgzhbxO8vtQvcL3Wqz94AaABAg,Bx-XDBdN7nA,f4ee444658acf6d296ce99fd9e4c14d7c8b6229199f646de7fa41b7e2bfc4673,apakabar ya mobil jepang seperti honda CRV hybrid yang harganya udah nyentuh 800jtan hehehe... di harga segitu aja kebanting sama Cherry Tigo 9! klw mobil ini bisa ngebanting adeknya telak HRV Hybrid dengan beda harga hampir setengahnya.  fix kayanya brand Jepang harus putar otak diskon besar2an karena Mobil Cina udah mulai perang harga.,4,2025-11-17T03:52:24Z,2025-11-17T03:52:24Z,2026-09-19T00:23:02.435533+00:00,apakabar ya mobil jepang seperti honda crv hybrid yang harganya udah nyentuh 800jtan hehehe.. di harga segitu aja kebanting sama cherry tigo 9! klw mobil ini bisa ngebanting adeknya telak hrv hybrid dengan beda harga hampir setengahnya. fix kayanya brand jepang harus putar otak diskon besar2an karena mobil cina udah mulai perang harga.,,netral,,,Human-Audit-GoldStandard,,netral,,,True
Ugyvgjtl9d1lS84mJC14AaABAg,AOjceFDyYeM,20e4fa28ed99c5115165dd621b61b4e67ca29dc7955a49884c208e8a0f33d5a3,"air ev  2022 km 37000, SoH di 94%. sama gluduk"" jg kena di racksteer, estimasi ganti di 2jt an lebih krn udah lewat garansi nya 2 bulan 😂",6,2025-12-03T19:43:56Z,2025-12-03T19:43:56Z,2026-09-27T14:02:19.136503+00:00,"air ev 2022 km 3700, soh di 94%. sama gluduk"" jg kena di racksteer, estimasi ganti di 2jt an lebih karena udah lewat garansi nya 2 bulan 😂",,netral,negatif,,Human-Audit-GoldStandard,,netral,negatif,,True
Ugxk6gPjUv54ohnFmxN4AaABAg,l8fPSUqdmOM,4757c08c6f04712171678f32292bf66c16f413b9aa90df05bb2caab1a9fb4280,"lagi nunggu mobil cina super murah katanya akan membuang ke Indonesia krn di Amerika pasarnya dipersulit, semoga pemerintahan konoha wakanda jg tdk mempersulit kedatangan mocin dan jg jng malah dinaikin harganya kayak mobil wuling ini yg harusnya 35jt an klo dicina.",0,2025-03-05T20:12:34Z,2025-03-05T20:12:34Z,2026-09-27T14:02:16.602859+00:00,"lagi nunggu mobil cina super murah katanya akan membuang ke indonesia karena di amerika pasarnya dipersulit, semoga pemerintahan konoha wakanda jg tidak mempersulit kedatangan mocin dan jg jng malah dinaikin harganya kayak mobil wuling ini yg harusnya 35jt an kalau dicina.",netral,,,,Human-Audit-GoldStandard,netral,,,,True
Ugzf0anX-cVPNKvGGa94AaABAg,dEJ4VEjH1AQ,f1e171ee35fe7da5e9dff7def1e2fadaa548b4ddbfde7170cea2f018e70e11e2,"saya sudah spk, namun ckup disayangkan banyak fitur yg disunat, okelah klo power tail gate diilangin, tp fitur esensial seperti retract spion otomatis, wireless charging, laci tarik diilangin tuh sedikit membuat kurang sreg 😅 tapi overall secara built quality dan fitur safety suka, gk sabar nggu mobilnya, mudah mudahan masih ada revisi spesifikasi sampai mobil resmi didistribusikan",2,2025-11-27T07:45:14Z,2025-11-27T07:45:58Z,2026-09-19T00:23:14.870779+00:00,"saya sudah spk, namun ckup disayangkan banyak fitur yg disunat, okelah kalau power tail gate diilangin, tapi fitur esensial seperti retract spion otomatis, wireless charging, laci tarik diilangin tuh sedikit membuat kurang sreg 😅 tapi overall secara built quality dan fitur safety suka, tidak sabar nggu mobilnya, mudah mudahan masih ada revisi spesifikasi sampai mobil resmi didistribusikan",,,netral,,Human-Audit-GoldStandard,,,netral,,True
UgxQlln65DtB4L2nP7B4AaABAg,Vu0ayycGXbI,6c67433d2e4f63af2bce735a2bfc016f24bd65079f91cc3504797632ab536eb1,"Kenapa handle harus pop up? Lebih fungsional yang seperti ini. Ngga perlu gimmick. Di China udah diban handle pop up karena urusan safety.

Masalah ukuran velg balik selera ya. Pengalaman saya kalau mobil keluarga enak velg kecil ban tebel buat kenyamanan.",10,2026-02-23T09:23:39Z,2026-02-23T09:27:27Z,2026-09-19T00:23:04.027753+00:00,kenapa handle harus pop up? lebih fungsional yang seperti ini. tidak perlu gimmick. di china udah diban handle pop up karena urusan safety. masalah ukuran velg balik selera ya. pengalaman saya kalau mobil keluarga enak velg kecil ban tebel buat kenyamanan.,,,positif,,Human-Audit-GoldStandard,,,positif,,True
Ugz_jfpMwD7-WmPVUzN4AaABAg,dEJ4VEjH1AQ,6dd8c7ef2bf3cf5f58fac6d191c5a127cae0ba66abac0dbb5a52c8e0ec2cb116,"Saya ga sreg sama exteriornya, terlalu girly, ground clearance terlalu pendek, jaringan bengkel Geely sedikit",6,2025-11-25T05:54:44Z,2025-11-25T05:54:44Z,2026-09-19T00:23:14.870779+00:00,"saya tidak sreg sama exteriornya, terlalu girly, ground clearance terlalu pendek, jaringan bengkel geely sedikit",,,negatif,negatif,Human-Audit-GoldStandard,,,negatif,negatif,True
UgxfSJLn5PPUyN3yS3V4AaABAg,fjWvVFT0vr0,9aed0190298e9325cdd9fc08134b2335fe0438962812d96bf69b8c5f2e4f4f36,"Asli Keren murah BYD,mulai dri premium sampai kelas murah.....Bissmillah moga bisa beli  dan kalian juga yaaaa",0,2025-07-28T10:40:54Z,2025-07-28T10:40:54Z,2026-09-19T00:23:06.549873+00:00,"asli keren murah byd,mulai dri premium sampai kelas murah..bissmillah moga bisa beli dan kalian juga yaa",,positif,positif,,Human-Audit-GoldStandard,,positif,positif,,True
UgzUsexJHLwWDFiYFGx4AaABAg,A9niV2791gs,b87d8a2afa2001c6e3777a871f06fb94d3129a45e1556af7ab6f60408c3b1901,Kalo barangnya ghoib dan kagak ready mending jgn dijual lah kocak Jaecoo inii 😂,0,2026-01-25T14:14:48Z,2026-01-25T14:14:48Z,2026-09-19T00:23:04.831717+00:00,kalo barangnya ghoib dan kagak ready lebih baik jangan dijual lah kocak jaecoo inii 😂,,,,negatif,Human-Audit-GoldStandard,,,,negatif,True
UgyM9XrqemtQzxjtert4AaABAg,j_6L3j7vrOc,963426cf5113b85270262d2a1b1d569acaeb8f68d18a2bc5f16beb8c2de27afe,"Pemesanan sekarang di GJAW (akhir nov 2025).. Kemungkinan delivery tahun depan...bulan februari/maret.... 
Harga tidak mengikat... Terkonfirmasi naik...",0,2025-11-29T23:52:57Z,2025-11-29T23:52:57Z,2026-09-19T00:23:05.069705+00:00,pemesanan sekarang di gjaw (akhir nov 2025).. kemungkinan delivery tahun depan..bulan februari/maret.. harga tidak mengikat.. terkonfirmasi naik..,,netral,,,Human-Audit-GoldStandard,,netral,,,True
UgxOMF35ciLI5hU0VgZ4AaABAg,AOjceFDyYeM,69337e1a612a914504d17bd00c6d93dc520d758dd51fc74fb6a3548600f5ceb5,"Mantap bang klo lihat sharing mobil yg netral spt ini. Semua terbuka dan service nya pun bisa di video, jadi semakin paham kualitas service dan pelayanan si Wuling...👍👍",0,2026-08-02T04:30:16Z,2026-08-02T04:30:16Z,2026-09-27T14:02:19.136503+00:00,"bagus bang kalau lihat sharing mobil yg netral spt ini. semua terbuka dan service nya pun bisa di video, jadi semakin paham kualitas service dan pelayanan si wuling..👍👍",,,,positif,Human-Audit-GoldStandard,,,,positif,True
Ugx047O4jzIhqVpxSHd4AaABAg,O-vAYJNfQEk,e8c98be1364da78030dc2e41622a589107084dd49d6936f25ccac73ec5ae9997,Air ev long range bisa 360km ini binguo ev premium range 380km jd cuma beda 20km donk..,0,2024-02-13T15:58:43Z,2024-02-13T15:58:43Z,2026-09-27T14:02:12.898514+00:00,air ev long range bisa 360km ini binguo ev premium range 380km jd cuma beda 20km donk..,netral,,,,Human-Audit-GoldStandard,netral,,,,True
UgyJGxFHiQEgN8wgj3R4AaABAg,bC7X9DplrIc,968a3585f5fc0bfd92d7687b6c1e53bebc28f7244e30e93a97de8458eb1f3b99,minus nya spk interior putih ga nampak²😢,4,2026-03-04T17:55:32Z,2026-03-04T17:55:32Z,2026-09-19T00:23:14.522723+00:00,minus nya spk interior putih tidak nampak²😢,,,,negatif,Human-Audit-GoldStandard,,,,negatif,True
UgyzkSQM53hTCxKE8kF4AaABAg,AOjceFDyYeM,d48fd09e058d734d831f748f3acdb5693dee9e71713e9f6a709089dc4d1d7309,"40K turun 18 persen, lumayan mayan juga ya. di 100k ganti batre berarti.",1,2025-12-05T02:47:40Z,2025-12-05T02:47:40Z,2026-09-27T14:02:20.222873+00:00,"40k turun 18 persen, lumayan mayan juga ya. di 100k ganti baterai berarti.",,,negatif,,Human-Audit-GoldStandard,,,negatif,,True
Ugy-C7JVHGK5O1Pe5AV4AaABAg,jL5p1zZMNEM,2077c55965f45a020b79ff1dee66f207c3843b2098a8adce105738262aca38b7,Menarik ini dari tiga produsen baterai yang berbeda .. Dan pemenangnya byd baterai yg terpasang di omoda e5,8,2024-09-20T13:10:56Z,2024-09-20T13:10:56Z,2026-09-27T14:02:11.248425+00:00,menarik ini dari tiga produsen baterai yang berbeda .. dan pemenangnya byd baterai yg terpasang di omoda e5,,,positif,,Human-Audit-GoldStandard,,,positif,,True
UgzNNG0i1u-_9JcdjF94AaABAg,khAUeXPkWvg,87835acd2ffa998b04d75b20d4ea438e3bcd15e1206392a649d628e55e646d31,Minim tombol fisik bikin susah dan ribet,0,2025-10-10T04:32:21Z,2025-10-10T04:32:21Z,2026-09-27T14:02:18.015298+00:00,minim tombol fisik bikin susah dan ribet,,,negatif,,Human-Audit-GoldStandard,,,negatif,,True
UgxL8Rp6ZFpMgkC9dKh4AaABAg,j_6L3j7vrOc,7ca4065c4986a1f107d87dce832168459efa5ef2638f2e6cdb7a5f9125175a2c,"Gile hargane, lebih murah dari Avanza Velos, Xpander..  Listrik pula. Ngerii cok. 🇨🇳👍",2,2025-11-18T10:21:39Z,2025-11-18T10:21:39Z,2026-09-19T00:23:05.069705+00:00,"gile hargane, lebih murah dari avanza velos, xpander.. listrik pula. ngerii cok. 🇨🇳👍",,positif,,,Human-Audit-GoldStandard,,positif,,,True
UgwQVwUNmXKIBnwe7ip4AaABAg,G_acqAJrRso,fd3077ed4727f77cc78edb348bbe0d94806016c06ddf117cfd6803dc284ca4a2,kirain 7 seater tadi,0,2025-11-25T05:45:01Z,2025-11-25T05:45:01Z,2026-09-18T04:38:32.144167+00:00,kirain 7 seater tadi,,,netral,,Human-Audit-GoldStandard,,,netral,,True
UgwZffTx9tGSskOJMUx4AaABAg,SQJwC-QLsRk,1d291eb512184db550d1e3c87f1216324caf42dd9f7a87bf2958e4f026dff56c,"Bingung juga pilih mobil listrik, kalau dibawa keluar kota, apalagi kalau minim infrastruktur, waktunya mau ngecas yg ada SPBU tanpa fasilitas ngecas..terpaksa kalau mogok ya ditarik delman wae 😂",0,2026-04-27T07:37:45Z,2026-04-27T07:37:45Z,2026-09-19T00:23:15.005212+00:00,"bingung juga pilih mobil listrik, kalau dibawa keluar kota, apalagi kalau minim infrastruktur, waktunya mau mengisi daya yg ada spbu tanpa fasilitas ngecas..terpaksa kalau mogok ya ditarik delman wae 😂",negatif,,,,Human-Audit-GoldStandard,negatif,,,,True
Ugyb4cGWzlDlnuKYZed4AaABAg,A-qeEyGaJM0,8069f366aa32f82e9022d1ccc149782f8aa0342891adef59a872fb1c57438f72,Dan ini RWD❤❤❤,9,2026-09-15T15:10:25Z,2026-09-15T15:10:25Z,2026-09-19T00:23:14.160865+00:00,dan ini rwd❤❤,,,positif,,Human-Audit-GoldStandard,,,positif,,True
UgxvVvkVI-XZ5USmCc94AaABAg,z1fWo8tYynA,49095d349c342bbd3425f3611d0e1a8300c455d554f6e8d6f1664a3ef088dceb,Tahin depan harga nya pasti ga segitu.,0,2025-09-17T14:05:16Z,2025-09-17T14:05:16Z,2026-09-19T00:23:13.239008+00:00,tahin depan harga nya pasti tidak segitu.,,negatif,,,Human-Audit-GoldStandard,,negatif,,,True
Ugxl1xiH_TiGxlSO_UF4AaABAg,z1fWo8tYynA,b9c79a673640c764017c6421985e0b9fb8c9cd0712454091df1e752657ca6450,"Klaimnya 300km, realnya 215km 😮",0,2025-09-18T01:49:49Z,2025-09-18T01:49:49Z,2026-09-19T00:23:12.527826+00:00,"klaimnya 300km, realnya 215km 😮",negatif,,,,Human-Audit-GoldStandard,negatif,,,,True
Ugxo71g7243MqSkcmQt4AaABAg,bC7X9DplrIc,49423a82076c7a2b830d72fea86473ce9598c041ead21b1d0b587bd0d570b195,"utk kelemahan spion gk bsa lipat otomatis dan wiper belakang, apa bisa di custom ya?",0,2026-03-04T21:38:49Z,2026-03-04T21:51:27Z,2026-09-19T00:23:14.522723+00:00,"untuk kelemahan spion tidak bsa lipat otomatis dan wiper belakang, apa bisa di custom ya?",,,negatif,,Human-Audit-GoldStandard,,,negatif,,True
Ugzuoy6WaKvA6au5CWl4AaABAg,z1fWo8tYynA,f138c66b16ccd9545edc97952eea1d53cb5514b08614a3988101176a0352e204,"BYD bahkan serius dgn mau bangun pabrik disini, intiny ap, ketersedian parts , service lebih terjamin, kdg males jga list antrian pom makin rame..tpi ingat kalian harus disiplin dlm penggunaan per km.. jgn sampai batrei abis.. wat harian urban its ok lah..untuk dalkot",17,2025-09-22T06:15:57Z,2025-09-22T06:15:57Z,2026-09-19T00:23:10.960426+00:00,"byd bahkan serius dengan mau bangun pabrik disini, intiny ap, ketersedian parts , service lebih terjamin, kdg males jga list antrian pom makin rame..tpi ingat kalian harus disiplin dlm penggunaan per km.. jangan sampai baterai abis.. wat harian urban its ok lah..untuk dalkot",,,,positif,Human-Audit-GoldStandard,,,,positif,True
UgyebwdNBTXAKqzKYe54AaABAg,A9niV2791gs,38d2dcad52ebfdcd0b006522168779f0b006ec8e47ad78ed5d59fb33f4eadbca,Semoga makin banyak mobil listrik yang punya harga semenyenangkan ini yaa.,18,2026-01-22T13:55:04Z,2026-01-22T13:55:04Z,2026-09-19T00:23:04.831083+00:00,semoga makin banyak mobil listrik yang punya harga semenyenangkan ini yaa.,,netral,,,Human-Audit-GoldStandard,,netral,,,True
UgxDqIZFLt0UtP4oC9B4AaABAg,J00aDzfK8WQ,9dd5aed89cfa95097c968baa3dc2160d599c3a096738721e347361424abed1e9,"belakang gak ada defoger, gak ada wiper, siap2 gak keliatan belakang kalo ujan",3,2026-05-26T01:17:22Z,2026-05-26T01:17:22Z,2026-09-19T00:23:10.549263+00:00,"belakang tidak ada defoger, tidak ada wiper, siap2 tidak keliatan belakang kalo ujan",,,negatif,,Human-Audit-GoldStandard,,,negatif,,True
Ugx6BzBOvyAms8KyiCJ4AaABAg,SQJwC-QLsRk,881d2e415f106fb34fcb524cf24717a5dcd1a212d6833a29055073f814b38f7b,"Pendapat pribadi kalau tinggal/sering potensi banjir paling tepat jaecoo j5.
Nyari nyaman dan aman untuk perjalanan jauh cari batre yang besar jaecoo j5.
Nyari yang paling gagah tetep jaecoo j5 dan bisa bawa keluarga dengan posisi kaki yang enak.",2,2026-04-28T00:06:42Z,2026-04-28T00:06:42Z,2026-09-19T00:23:15.652276+00:00,pendapat pribadi kalau tinggal/sering potensi banjir paling tepat jaecoo j5. nyari nyaman dan aman untuk perjalanan jauh cari baterai yang besar jaecoo j5. nyari yang paling gagah tetep jaecoo j5 dan bisa bawa keluarga dengan posisi kaki yang enak.,positif,,positif,,Human-Audit-GoldStandard,positif,,positif,,True
UgzPLFJosKn6jzEiX7p4AaABAg,G_acqAJrRso,40f05a3ce1ac0e197661a4d280654387a3c16667a84fb93352bc1b8e29dd2282,"sayang atas nya gak bisa di buka, karena suka ngebul di dalam mobil",0,2025-11-17T15:47:00Z,2025-11-17T15:47:00Z,2026-09-18T04:38:32.144167+00:00,"sayang atas nya tidak bisa di buka, karena suka ngebul di dalam mobil",,,negatif,,Human-Audit-GoldStandard,,,negatif,,True
UgyPr7_19QefBxF9rkN4AaABAg,W3G8V7xV3-Y,9f8348c14726e83780b45ac2d841eee379ccd28002d8d3aa17d62c2ff2ea7871,Garansi gimmick aja ini 😂,1,2024-06-05T14:29:55Z,2024-06-05T14:29:55Z,2026-09-27T14:02:27.731586+00:00,garansi gimmick aja ini 😂,,,,negatif,Human-Audit-GoldStandard,,,,negatif,True
UgySAqwG-ZtxrASnH-94AaABAg,Vu0ayycGXbI,7279d56554652ad72efc3f72b322cb57e1ff33283f3ac66e4fd2502daa985d6a,"Membuktikan video amatir j5 kesulitan nanjak waktu itu gara gara ban spin, herannya kenapa TC nya ga intervensi mindahin power ke ban satunya ya, kaya di destinator yg kalau ban kiri spin, akan langsung pindah ke ban kanan",0,2026-02-23T09:25:55Z,2026-02-23T09:29:08Z,2026-09-19T00:23:04.671044+00:00,"membuktikan video amatir j5 kesulitan nanjak waktu itu gara gara ban spin, herannya kenapa tc nya tidak intervensi mindahin power ke ban satunya ya, kaya di destinator yg kalau ban kiri spin, akan langsung pindah ke ban kanan",,,negatif,,Human-Audit-GoldStandard,,,negatif,,True
UgydOKWBBMDDODLscNV4AaABAg,SQJwC-QLsRk,21469a46d156e29339bf8905fd53da02e8e17b5facbd031c018044e1d6dfce98,"Karena saya yang tinggal di daerah dengan jalan yang sering tergenang cukup dalam kalau hujan deras, maka Jaecoo J5 jadi pilihan terbaik saya. Dan setelah dipakai beberapa minggu..memang mantaaaaap, pilihan yang tepat. 😄👍🏻",25,2026-04-25T12:05:40Z,2026-04-25T12:05:40Z,2026-09-19T00:23:15.005212+00:00,"karena saya yang tinggal di daerah dengan jalan yang sering tergenang cukup dalam kalau hujan deras, maka jaecoo j5 jadi pilihan terbaik saya. dan setelah dipakai beberapa minggu..memang mantaap, pilihan yang tepat. 😄👍🏻",,,positif,,Human-Audit-GoldStandard,,,positif,,True
UgwKIlqQK6b-642Tc914AaABAg,W3G8V7xV3-Y,04d29ab05389d1d040a41ed22acdea2304b31b6f60d4ef8bbc2b18d45ed4cecd,"EV saat ini di indonesia emang bukan semua orang. 
Cocok untuk mobil ke 2 atau seterusnya setelah punya kendaraan ICE, orang berduit lebih n hobby otomotif serta yang berpikiran progresif. 

Gak cocok buat : kendaraan 1, orang yang duit nya  terbatas, konsumen yang cara pandang nya konservatif , sering jalan AKAP dan antar pulau dll

Selalu banyak pertanyaan infra belum siap ( SPKLU) belum banyak. Padahal charge dirumah bs banget, murah pula. Tambah meteran 7700 watt sekitar 800 rb, biaya charge 1600 / kwh

Food for thought sepanjang sudirman-Blok M dan tanah abang casablanca banyak bus elektrik punya pemda dki. Kayaknya uda mau dua tahun gak pernah liat mogok itu bus ( padahal dipake heavy duty😅😅)",20,2024-06-05T13:01:19Z,2024-06-05T13:01:19Z,2026-09-27T14:02:25.659868+00:00,"ev saat ini di indonesia emang bukan semua orang. cocok untuk mobil ke 2 atau seterusnya setelah punya kendaraan ice, orang berduit lebih n hobby otomotif serta yang berpikiran progresif. tidak cocok buat : kendaraan 1, orang yang duit nya terbatas, konsumen yang cara pandang nya konservatif , sering jalan akap dan antar pulau dll selalu banyak pertanyaan infra belum siap ( spklu) belum banyak. padahal charge dirumah bs banget, murah pula. tambah meteran 7700 watt sekitar 800 rb, biaya charge 1600 / kwh food for thought sepanjang sudirman-blok m dan tanah abang casablanca banyak bus elektrik punya pemda dki. kayaknya uda mau dua tahun tidak pernah liat mogok itu bus ( padahal dipake heavy duty😅😅)",netral,positif,,,Human-Audit-GoldStandard,netral,positif,,,True
Ugwu6iH5_5mSnwLnYBl4AaABAg,AOjceFDyYeM,f837f070fc5fe048635a2ac2f78044a2c98452ef56287da51f26ef59f490604f,"Pada kendaraan disarankan untuk BH 80% untuk diganti karena membawa beban mati 20% Batrai sangat tidak efisien.

Tapi kenyataannya kamu masih bisa menggunakan Batrai Samapi BH 70%. Baru ketika itu diganti. Karena saat Batrai mencapai BH 60% kemungkinan konsleting sangat tinggi akibat hambatan yang diakibatkan penumpukan dentix",0,2025-12-07T01:36:41Z,2025-12-07T01:36:50Z,2026-09-27T14:02:20.222873+00:00,pada kendaraan disarankan untuk bh 80% untuk diganti karena membawa beban mati 20% baterai sangat tidak efisien. tapi kenyataannya kamu masih bisa menggunakan baterai samapi bh 70%. baru ketika itu diganti. karena saat baterai mencapai bh 60% kemungkinan konsleting sangat tinggi akibat hambatan yang diakibatkan penumpukan dentix,,,negatif,,Human-Audit-GoldStandard,,,negatif,,True
Ugwl4vdkW2si-WuLEIx4AaABAg,SQJwC-QLsRk,1bbd635c2e7a79a8bf72cfc52eb8bc4745bb44238f042fd23ee091479212d067,"pajak jadi mahal kah mobil listrik, mending bensin ato solar. karna batrei bisa lemah.",0,2026-04-27T08:42:05Z,2026-04-27T08:42:05Z,2026-09-19T00:23:15.652276+00:00,"pajak jadi mahal kah mobil listrik, lebih baik bensin ato solar. karna baterai bisa lemah.",,negatif,negatif,,Human-Audit-GoldStandard,,negatif,negatif,,True
Ugyw6_ElV4dqJ3nVvaV4AaABAg,fjWvVFT0vr0,e1dce0c86267b0b7c7245981f10aa6c9517df8b9323d837c4e56a11aa31fa122,"Klo lihat dari harga dan model, ini sih Aman banget sih asli aman banget😊",0,2025-07-30T09:58:26Z,2025-07-30T09:58:26Z,2026-09-19T00:23:08.935049+00:00,"kalau lihat dari harga dan model, ini sih aman banget sih asli aman banget😊",,netral,netral,,Human-Audit-GoldStandard,,netral,netral,,True
UgycWFWFHNRCaDHqbud4AaABAg,bC7X9DplrIc,cb1b87655539522a62f6160eedf7f9b067ab445c4f3d910f8bb523329bd131ce,"Satu lagi minusnya, katanya belum bisa parkir pararel",0,2026-04-04T09:24:24Z,2026-04-12T10:12:53Z,2026-09-19T00:23:14.522723+00:00,"satu lagi minusnya, katanya belum bisa parkir pararel",,,negatif,,Human-Audit-GoldStandard,,,negatif,,True
UgyLXczYrnWTFptk4W14AaABAg,W3G8V7xV3-Y,002cd4ae62f14c0067f6bf093f47a8c349a27c3fd5c1a93cdc16a4626badb0a9,Kalau begitu kebijakannya sih hara jualnya bisa turun drastis 😮,1,2024-06-17T12:40:45Z,2024-06-17T12:40:45Z,2026-09-27T14:02:25.659868+00:00,kalau begitu kebijakannya sih hara jualnya bisa turun drastis 😮,,negatif,,,Human-Audit-GoldStandard,,negatif,,,True
UgzQnc3MX0JKN-8mkXp4AaABAg,j_6L3j7vrOc,b048c3ae31dda469aa0fe3c5c60a12fa7e3761085e2ec246ec65762b6da896c2,Keren nie mobil fitur melimpah lg...,2,2026-06-09T12:30:50Z,2026-06-09T12:30:50Z,2026-09-19T00:23:05.069705+00:00,keren nie mobil fitur melimpah lg..,,,positif,,Human-Audit-GoldStandard,,,positif,,True
Ugx6RjcVOpq4i-0Cp-R4AaABAg,9GTZD3la5qI,7773b87eecc6354d1ec5b0033224595223386a7f94295391638ff73672ef6def,Garansi berlaku selama STNK masih Atas Nama pemilik pertama dan selama PT.Wuling masih aktif berdiri di Indonesia 😊,0,2024-01-14T03:03:40Z,2024-01-14T03:03:40Z,2026-09-27T14:02:24.340549+00:00,garansi berlaku selama stnk masih atas nama pemilik pertama dan selama pt.wuling masih aktif berdiri di indonesia 😊,,netral,,,Human-Audit-GoldStandard,,netral,,,True
UgzqZzhyIfxtjD1i5I54AaABAg,A-qeEyGaJM0,5de9cdf8df573276d03702342deb44e9edeb86e8142221ccf847c0d0ae54e931,"hmm... EV kl buat perjalanan jauh (perkiraan 1000 km) jatuhnya ga terlalu jauh ya sama ICE, anggap saja perbandingan sama calya 1 liter :17,5 km (luar kota), dengan jarak yg sama habis bensinnya paling 570 ribu (pertalite) tp waktu pengisian sigra lebih cepat hitungan menit jd lebih cepet sampe tujuan. Buat dalkot / ga-ge / stnk tahunan EV emang juara sih, tp buat penggunaan jangka panjang (diatas 8 tahun rata2 garansi baterai EV atau dipaksa pakai sampai baterai rusak sekitar 15 tahunan) ""mungkin"" masih menangan ICE.",0,2026-09-18T17:19:14Z,2026-09-18T17:20:25Z,2026-09-19T00:23:14.160865+00:00,"hmm.. ev kalau buat perjalanan jauh (perkiraan 100 km) jatuhnya tidak terlalu jauh ya sama ice, anggap saja perbandingan sama calya 1 liter :17,5 km (luar kota), dengan jarak yg sama habis bensinnya paling 570 ribu (pertalite) tapi waktu pengisian sigra lebih cepat hitungan menit jd lebih cepet sampe tujuan. buat dalkot / ga-ge / stnk tahunan ev emang juara sih, tapi buat penggunaan jangka panjang (diatas 8 tahun rata2 garansi baterai ev atau dipaksa pakai sampai baterai rusak sekitar 15 tahunan) ""mungkin"" masih menangan ice.",negatif,netral,,negatif,Human-Audit-GoldStandard,negatif,netral,,negatif,True
Ugwsbtx86haxPcp2M7R4AaABAg,O-vAYJNfQEk,dc7742fc761c034f7ad0fca5cb77785bbfc74626d83b6342fa35474232e8ce8c,Lucu ini mobil tuh cakep,0,2024-02-14T06:35:42Z,2024-02-14T06:35:42Z,2026-09-27T14:02:12.898514+00:00,lucu ini mobil tuh cakep,,,positif,,Human-Audit-GoldStandard,,,positif,,True
UgyqMrySdtcKWBwLrnZ4AaABAg,AOjceFDyYeM,9b8024c8c49ec74ec876371899f6e7c198ff66c9f1dbfdc6e4891bdbffd15b79,"Tull.lebih.tangguh.sepeda.listrik,motor.listrik.&.M9bil.Listrik.dlm.melewati.area.banjir.😅karena.sudah.sering.buktikan.sendiri😂😊",1,2026-03-20T02:53:37Z,2026-03-20T02:53:37Z,2026-09-27T14:02:19.136503+00:00,"tull.lebih.tangguh.sepeda.listrik,motor.listrik.&.m9bil.listrik.dlm.melewati.area.banjir.😅karena.sudah.sering.buktikan.sendiri😂😊",,,positif,,Human-Audit-GoldStandard,,,positif,,True
Ugznvh6GkmXEYeMDLkB4AaABAg,BFp1_jq3zVo,0e36be8a4759a2b772d5d1ff074e7ef39db08205b84dc00afd986993fb5f80ec,"mines geely cuman tidak ada pabrik di indonesia,ngeri ngeri sedap seperti datsun padahal dia punnya LCGC dimana persyaratan pada saat itu tidak mudah akan tetapi gulung tikar,",4,2026-04-01T18:27:52Z,2026-04-01T18:27:52Z,2026-09-19T00:23:14.379690+00:00,"mines geely cuman tidak ada pabrik di indonesia,ngeri ngeri sedap seperti datsun padahal dia punnya lcgc dimana persyaratan pada saat itu tidak mudah akan tetapi gulung tikar,",,,,negatif,Human-Audit-GoldStandard,,,,negatif,True
UgzCsqvSZrx1aQkoLeh4AaABAg,fjWvVFT0vr0,a1cc537f64eb47d23e2cc1dca34d7e52b21f6e5452a2fef5dc6ad9d47862b07c,"Anjay,lampunya kayak lambo",0,2025-07-29T10:15:39Z,2025-07-29T10:15:39Z,2026-09-19T00:23:08.935049+00:00,"anjay,lampunya kayak lambo",,,positif,,Human-Audit-GoldStandard,,,positif,,True
UgwuhOHaSnxBLwAXZ3l4AaABAg,l8fPSUqdmOM,5b61b3c41e3f3a14dad57b76e674cf00f121654a170e3c67a5ea4fb1d3afb994,"Secara hitungan BB, menang dr bensin, tp nge-charge 1jam.... min. Ngopi.... makan... snack..... ya tetep aja jdnya lebih boros dr bensin😅😅😅",0,2026-02-08T22:28:26Z,2026-02-08T22:28:26Z,2026-09-27T14:02:15.000262+00:00,"secara hitungan bb, menang dari bensin, tapi nge-charge 1jam.. min. ngopi.. makan.. snack.. ya tetep aja jdnya lebih boros dari bensin😅😅",,negatif,,,Human-Audit-GoldStandard,,negatif,,,True
Ugx-9fPMRTfLru-a4tN4AaABAg,z1fWo8tYynA,6b225d75ae4f5890f8c6a00246982debee88697cd5ee05ed0c248b7028367518,Pertimbangan utk bli adl murah biaya operasional sehari2. Dan pjk pun g mhl,0,2025-11-08T07:59:06Z,2025-11-08T07:59:06Z,2026-09-19T00:23:12.527826+00:00,pertimbangan untuk bli adl murah biaya operasional sehari2. dan pjk pun g mhl,,positif,,,Human-Audit-GoldStandard,,positif,,,True
UgxgRmGkcf6vThWlYDp4AaABAg,G_acqAJrRso,d7ac6bf03d2479b2b504d661ba3e70a9f99fd0aaf218a05b3f288bd9d97ae537,MOBIL LISTRIK DAN MOBIL MURAH TERBAGUS YANG OERNAH ADA DI INDO,0,2025-11-20T14:50:20Z,2025-11-20T14:50:20Z,2026-09-18T04:38:31.419348+00:00,mobil listrik dan mobil murah terbagus yang oernah ada di indo,,positif,,,Human-Audit-GoldStandard,,positif,,,True
Ugz6L4y0717WwRte3Kx4AaABAg,Bx-XDBdN7nA,7e96aae746c920a8256c7b01b29ffbb4989c1e9c55a482ad73e64168f143c6f7,Sabar dikit tunggu 2026 mereka skrg sdh mulai perang harga 😊,1,2025-11-16T06:16:58Z,2025-11-16T06:16:58Z,2026-09-19T00:23:02.435533+00:00,sabar dikit tunggu 2026 mereka skrg sudah mulai perang harga 😊,,netral,,,Human-Audit-GoldStandard,,netral,,,True
UgzsID1UQijadmG57kB4AaABAg,z1fWo8tYynA,7536722ea3e2920efc64ccb585f74d705ed9452e0813513c485ec32f67343cb4,"Spion kanan hilang, gak bisa  masuk ke Mobil kalo ini.",0,2025-11-08T07:33:02Z,2025-11-08T07:34:08Z,2026-09-19T00:23:13.239008+00:00,"spion kanan hilang, tidak bisa masuk ke mobil kalo ini.",,,negatif,,Human-Audit-GoldStandard,,,negatif,,True
UgwW_Lbch8fMDH4Zd6Z4AaABAg,Bx-XDBdN7nA,2a3e3e439ded4cf959957d3b758826697d963a9bcc3c9b49cf419b8798ff93a3,"Design Jaecoo J5 menarik bgt, first look-nya langsung bikin jatuh hati ❤",0,2026-02-18T23:06:31Z,2026-02-18T23:06:31Z,2026-09-19T00:23:00.712565+00:00,"design jaecoo j5 menarik bgt, first look-nya langsung bikin jatuh hati ❤",,,positif,,Human-Audit-GoldStandard,,,positif,,True
UgzkXb8JvRHCyJJ5Sz94AaABAg,jL5p1zZMNEM,f8c2848f9e5b00f8730d25d1bb4d718c3313b58048e752a40658c133ddf67dc3,Wuling garansi lifetime tp harga mobilnya overpriced. Berasa dikibulin krn ternyata biaya ganti baterenya dibayar di depan 😅,23,2024-09-19T06:28:57Z,2024-09-19T06:28:57Z,2026-09-27T14:02:11.248425+00:00,wuling garansi lifetime tapi harga mobilnya overpriced. berasa dikibulin karena ternyata biaya ganti baterenya dibayar di depan 😅,,negatif,,,Human-Audit-GoldStandard,,negatif,,,True
UgzBbibBLNLRxgg4LEh4AaABAg,A-qeEyGaJM0,ab52a06e106bf014725c9e3681ef6c14c0c84dcc8d49a0cfa838696b1a709622,Vf3 tangerang madura sumpah lama sampai nya,0,2026-09-18T07:20:41Z,2026-09-18T07:20:41Z,2026-09-19T00:23:14.160865+00:00,vf3 tangerang madura sumpah lama sampai nya,,,,negatif,Human-Audit-GoldStandard,,,,negatif,True
UgxHD3SWWA45un5yIVB4AaABAg,z1fWo8tYynA,003866bb0d6be620fc94c6a884c987125497450e41489870369b1e1100f81574,"Sangat wajar mobil china begitu murah di antara lain nya,karena mereka menguasai rantai pasok",3,2025-09-20T14:25:33Z,2025-09-20T14:25:33Z,2026-09-19T00:23:10.960426+00:00,"sangat wajar mobil china begitu murah di antara lain nya,karena mereka menguasai rantai pasok",,positif,,,Human-Audit-GoldStandard,,positif,,,True
Ugybej8NbvaMFhRF5Rt4AaABAg,w7zLKYpCozw,e4148ab031425b076c47dac08aafce3d13e84abf1bbbb425973c0f59866a9b92,"Kurang sunroof sama armrest tengah belakang, interior black ada gak ya?",1,2025-12-18T16:24:45Z,2025-12-18T16:24:45Z,2026-09-19T00:23:14.691226+00:00,"kurang sunroof sama armrest tengah belakang, interior black ada tidak ya?",,,negatif,,Human-Audit-GoldStandard,,,negatif,,True
UgzskEDZilKG5X9alnJ4AaABAg,fjWvVFT0vr0,6f2627af98772cdd90bcff874f021717dbfdb528395e6a741301f53b72e2790d,"Mobil yg susah di charge, sama di indo belum merata untuk pengisianya, jadi hanya bisa dalam kota",0,2025-08-09T03:33:10Z,2025-08-09T03:33:10Z,2026-09-19T00:23:08.935049+00:00,"mobil yg susah di charge, sama di indo belum merata untuk pengisianya, jadi hanya bisa dalam kota",negatif,,,,Human-Audit-GoldStandard,negatif,,,,True
Ugx6Kz6t09bFXUYhu0p4AaABAg,fjWvVFT0vr0,74b8c131726d00c8386a2a67a646374a956445b2a39ff6f8bdacb38f8f5b1754,Sayang sekali pintu belakang ga ada speaker dan jok belakang masih bench,0,2025-07-27T10:29:28Z,2025-07-27T10:29:28Z,2026-09-19T00:23:08.935049+00:00,sayang sekali pintu belakang tidak ada speaker dan jok belakang masih bench,,,negatif,,Human-Audit-GoldStandard,,,negatif,,True
Ugy2edrlCzSKu_EZFPB4AaABAg,AOjceFDyYeM,c791301d946effebe0f942b55efc980f44f5cf7d7180ff8127f4b6935e56e12e,"Klau dliat bukan tjunan hemat mobil listrik ni

Dbilang tidak merusak polusi, tp faktanya pembuatan BATREEI ni jga merusak lingkungan 😅

Entalah marketing marketing pemalsuan smua",0,2026-08-19T00:45:35Z,2026-08-19T00:45:35Z,2026-09-27T14:02:19.136503+00:00,"klau dliat bukan tjunan hemat mobil listrik ni dbilang tidak merusak polusi, tapi faktanya pembuatan batreei ni jga merusak lingkungan 😅 entalah marketing marketing pemalsuan smua",,,,negatif,Human-Audit-GoldStandard,,,,negatif,True
Ugzi5OzcKvqAzkoKkLd4AaABAg,fjWvVFT0vr0,949e85aacc184698c78f8f0ea3df9a27a1f000cbef71fc7c99a75cfbf00b4972,"Kenapa ya MobCin ga niru Jejepangan untuk kasih trim fitur2 di mobilnya , biar lebih murah lagi. Misal nya sunat bagian spion, sun visor, velk kaleng, jog, head unit di kecilin ukuran nya, camera dll . Atau semakin tinggi trimnya di tambahin kosmetik crom , body moulding . Hehehe ... Jokes but Real.",3,2025-07-26T04:28:53Z,2025-07-26T04:28:53Z,2026-09-19T00:23:06.549873+00:00,"kenapa ya mobcin tidak niru jejepangan untuk kasih trim fitur2 di mobilnya , biar lebih murah lagi. misal nya sunat bagian spion, sun visor, velk kaleng, jog, head unit di kecilin ukuran nya, camera dll . atau semakin tinggi trimnya di tambahin kosmetik crom , body moulding . hehehe .. jokes but real.",,netral,netral,,Human-Audit-GoldStandard,,netral,netral,,True
Ugz_AmHab1Z41tkpVKh4AaABAg,z1fWo8tYynA,ad919cedbf6281e922116c79dfe36c545926010620e762a0309c133e3323d6b9,"😂😂😂 para lcgc jepang pada nangis nohh di pojokan,, 
harga muahalll kalah total sama ini😂",4,2025-11-01T16:44:35Z,2025-11-01T16:44:35Z,2026-09-19T00:23:11.766454+00:00,"😂😂 para lcgc jepang pada nangis nohh di pojokan,, harga muahall kalah total sama ini😂",,positif,,,Human-Audit-GoldStandard,,positif,,,True
UgxNwP5lH8f5zNnB1Fh4AaABAg,J00aDzfK8WQ,1ffdd7b71d8b758ba2fda70c8489c5f6f1ac50efa1cd48b3043031f7decb71d5,Yang sangat disayangkan Airbag dikurang 2,0,2026-05-26T03:15:40Z,2026-05-26T03:15:40Z,2026-09-19T00:23:10.549263+00:00,yang sangat disayangkan airbag dikurang 2,,,negatif,,Human-Audit-GoldStandard,,,negatif,,True
UgzcDMlq87SEfE7gPCl4AaABAg,z1fWo8tYynA,cf54f1c0e1a0d1fa8702a2e3d0ec05eddbab8101514e3163930bbee64c18fddd,"Pengen tapi jelas ga cook buat saya yg tinggal di Kalimantan dimana jarak daerah satu dengan lainya terlalu jauh dan SPKLU masih sebatas di area perkotaan,,so,,Mobil BBM masih panjang umur n ga tergeser hingga puluhan tahun ke depan,,,😂",0,2025-10-24T00:23:33Z,2025-10-24T00:23:33Z,2026-09-19T00:23:12.527826+00:00,"pengen tapi jelas tidak cook buat saya yg tinggal di kalimantan dimana jarak daerah satu dengan lainya terlalu jauh dan stasiun pengisian kendaraan listrik umum masih sebatas di area perkotaan,,so,,mobil bbm masih panjang umur n tidak tergeser hingga puluhan tahun ke depan,,😂",negatif,,,,Human-Audit-GoldStandard,negatif,,,,True
UgzkFwrwiEuoWYlVXUt4AaABAg,9GTZD3la5qI,e3869d152b4916aced970c14a76824da8d93f90d584b9a17ba8ee096c2461230,Gk bnget . Bnyak syarat . Yg minim syarat aj kadang d persulit,0,2024-01-16T00:18:08Z,2024-01-16T00:18:08Z,2026-09-27T14:02:23.207162+00:00,tidak bnget . bnyak syarat . yg minim syarat aj kadang d persulit,,negatif,,,Human-Audit-GoldStandard,,negatif,,,True
UgyJFckUcTAYg0dLS_h4AaABAg,Bx-XDBdN7nA,7239888bd33d6dc72b99f31afefcb9376436f2f8607d017f11de33a032770b7e,"300Jt dapat fitur paket lengkap gini, gimana TOYOTA gk panik banting harga tuh relese Veloz Hybrid 300jt juga 😂😂😂😂",21,2025-11-22T06:30:45Z,2025-11-22T06:30:45Z,2026-09-19T00:23:00.712565+00:00,"300jt dapat fitur paket lengkap gini, gimana toyota tidak panik banting harga tuh relese veloz hybrid 300jt juga 😂😂",,positif,,,Human-Audit-GoldStandard,,positif,,,True
Ugxr7sAzTG12Zejah994AaABAg,bC7X9DplrIc,31d3f95830a6e5f261d316b34eff5fa6e0de0eddca569fb14d7c87e587408d7b,"Versi Thailand, Vietnam, Malaysia dan Australia pake sipon listrik, bagasi listrik, HP wireless charging. Versi Indonesia tidak 😭😭😭",16,2026-03-31T00:52:19Z,2026-03-31T00:52:19Z,2026-09-19T00:23:14.522723+00:00,"versi thailand, vietnam, malaysia dan australia pakai sipon listrik, bagasi listrik, hp wireless charging. versi indonesia tidak 😭😭",,,negatif,,Human-Audit-GoldStandard,,,negatif,,True
UgxfMoxJcczE3hzuXwJ4AaABAg,A9niV2791gs,f0cab93f5477045435c129214243e0677ff6a168cd7f548c62ec129789d320a3,"Sebenarnya rentang harga 300 jt up sudah diikuti Toyota Veloz hybird, andai ada model 150-250 mungkin bisa menjadi Game changer",0,2026-01-22T14:19:42Z,2026-01-22T14:19:42Z,2026-09-19T00:23:04.831717+00:00,"sebenarnya rentang harga 300 jt up sudah diikuti toyota veloz hybird, andai ada model 150-250 mungkin bisa menjadi game changer",,netral,,,Human-Audit-GoldStandard,,netral,,,True
UgxmiyESfKIEKvJpqf14AaABAg,Bx-XDBdN7nA,a29acb3e0ecc1fb73a9db1d5c6c9a3684863c17e4be19ec75c9db38e1fd4c535,"anjir, keren banget. features nya pas. harga murah. ga ada yg disunat. modelnya sih yg yaah begitulah (tapi no big deal).",14,2025-11-16T11:38:43Z,2025-11-16T11:38:43Z,2026-09-19T00:23:00.712565+00:00,"anjir, keren banget. features nya pas. harga murah. tidak ada yg disunat. modelnya sih yg yaah begitulah (tapi no big deal).",,positif,positif,,Human-Audit-GoldStandard,,positif,positif,,True
Ugw0JHRl-UdPyeWzOJJ4AaABAg,ccgG2mpCIHM,f3a1dadbebf8fea18a03004c416e9b9af3b28a1125efa93663094073965c9881,"Jarak equivalen dengan harga, 

harga atto 1 < ex2 < j5

Jarak atto 1 < ex2 < j5",5,2026-05-03T15:59:52Z,2026-05-03T15:59:52Z,2026-09-19T00:28:54.749870+00:00,"jarak equivalen dengan harga, harga atto 1 < ex2 < j5 jarak atto 1 < ex2 < j5",netral,netral,,,Human-Audit-GoldStandard,netral,netral,,,True
UgweT53XQbryiHe12xp4AaABAg,z1fWo8tYynA,09f0d873a8520b4684dbbcc5b5f9eb8b164013f37fd3cbbf888dc6b1dd4e110b,Limbung jujur aj,0,2025-09-17T13:18:58Z,2025-09-17T13:18:58Z,2026-09-19T00:23:13.927196+00:00,limbung jujur aj,,,negatif,,Human-Audit-GoldStandard,,,negatif,,True
Ugw_3gZxO0WiFxlTkrl4AaABAg,Bx-XDBdN7nA,d9cef97ac6900a5d6755025c9975b6d9a3e59826b5b0d7db972ff28c4f489345,299 juta secanggih itu ??? AVANZA XENIA MENGHENINGKAN CIPTA,7,2025-11-16T07:06:17Z,2025-11-16T07:06:17Z,2026-09-19T00:23:01.508913+00:00,299 juta secanggih itu ?? avanza xenia mengheningkan cipta,,positif,,,Human-Audit-GoldStandard,,positif,,,True
UgwcIBbrDsqwVICjGOZ4AaABAg,w7zLKYpCozw,382b51d8cbe3806190262d98095625dd92796f88de2af85030a9e0759272be0b,Volvo versi murah,3,2026-03-14T04:40:51Z,2026-03-14T04:40:51Z,2026-09-19T00:23:14.691226+00:00,volvo versi murah,,positif,,,Human-Audit-GoldStandard,,positif,,,True
UgzRR-ynTbxda62HnGl4AaABAg,O-vAYJNfQEk,97da810c9f55fec7595d6c9feed3a941c1837ee024015441e34b9614b19c39fe,Kl udah panas mesin electric nya mobilnya macet tuh.. Aku bawa ke byk tanjakan tinggi ga tahan.. Silakan cb kl ga percaya..,1,2024-02-13T09:28:03Z,2024-02-13T09:28:03Z,2026-09-27T14:02:14.061399+00:00,kalau udah panas mesin electric nya mobilnya macet tuh.. aku bawa ke byk tanjakan tinggi tidak tahan.. silakan cb kalau tidak percaya..,,,negatif,,Human-Audit-GoldStandard,,,negatif,,True
UgxTt9d9LxKjRXzG2KN4AaABAg,A9niV2791gs,15388fe297218636fbbd49227443449e280c9559757b15b939d2bfad6b28ae38,"Harga sgtu, 4 tahun lalu cuma dpt mobil kutu, yg jgnkan nanjak, jalan datar aja kaya yg stgh mau mati .. Njirr laaah brp itu dulu untungnya wulinh jual mobil bgtuan di 300jt 🤣",0,2026-01-23T04:29:38Z,2026-01-23T04:30:22Z,2026-09-19T00:23:04.831083+00:00,"harga sgtu, 4 tahun lalu cuma dapat mobil kutu, yg jgnkan nanjak, jalan datar aja kaya yg stgh mau mati .. njirr laah brp itu dulu untungnya wulinh jual mobil bgtuan di 300jt 🤣",,netral,,,Human-Audit-GoldStandard,,netral,,,True
Ugw6hFKIhKMlR2beeo14AaABAg,O-vAYJNfQEk,8e4f54dfe4a998d96e22506d43acf86a8db30b40798c8e6dfed438f180a43f36,Itungannya sama depresiasi battery sesuai garansi om,0,2024-03-02T02:21:29Z,2024-03-02T02:21:29Z,2026-09-27T14:02:12.898514+00:00,itungannya sama depresiasi battery sesuai garansi om,,,,netral,Human-Audit-GoldStandard,,,,netral,True
UgxwA4a0AoD3mxhxaJ94AaABAg,SQJwC-QLsRk,888f5aea6bdc7958c4fe71f6473f5dccf84088157170e95a806e98cdea379976,Buat yg mikir2. Gw tdnya mau bgt beli jaecoo j5. On paper bener2 unggul. Sayangnya gw dan keluarga berasa geely ex2 jauh lbh nyaman.,18,2026-04-25T11:16:41Z,2026-04-25T11:18:15Z,2026-09-19T00:23:15.005212+00:00,buat yg mikir2. gw tdnya mau banget beli jaecoo j5. on paper bener2 unggul. sayangnya gw dan keluarga berasa geely ex2 jauh lbh nyaman.,,,netral,,Human-Audit-GoldStandard,,,netral,,True
UgwduHiO4ATLUy2c3WN4AaABAg,bC7X9DplrIc,710a68afb0f1d00e039f084385cb3a2ee1f1ec051eb4bd78e58b81d1903fe980,"kemaren nanya bang ke sales geely, tutupnya tambahan asesoris alias harus beli sendiri",1,2026-03-26T10:42:58Z,2026-03-26T10:42:58Z,2026-09-19T00:23:14.522723+00:00,"kemaren nanya bang ke sales geely, tutupnya tambahan asesoris alias harus beli sendiri",,,,netral,Human-Audit-GoldStandard,,,,netral,True
UgyI295iM51rKcaTzKN4AaABAg,l8fPSUqdmOM,605dfb89a569484d748ef435c8918313309647a412852db5850cdbda8797c6d9,Gw pake mobil listrik baru masuk udah deg2an takut mati ditengah jalan😂😂😂,0,2025-07-03T10:33:15Z,2025-07-03T10:33:15Z,2026-09-27T14:02:16.602859+00:00,gw pakai mobil listrik baru masuk udah deg2an takut mati ditengah jalan😂😂,,,negatif,,Human-Audit-GoldStandard,,,negatif,,True
UgzTjcijq28Bc8KKKeV4AaABAg,fjWvVFT0vr0,93457b837a0613f5a5637e7aefdc35ec12a0e9bf86607eb4c98615de3c9ee479,"Yg penting afterseles nya di jaga, ketersediaan part dan onderdilnya kalo melimpah murah danudah di dapat pasti laris",0,2025-07-29T00:13:29Z,2025-07-29T00:13:29Z,2026-09-19T00:23:07.333419+00:00,"yg penting afterseles nya di jaga, ketersediaan part dan onderdilnya kalo melimpah murah danudah di dapat pasti laris",,,,netral,Human-Audit-GoldStandard,,,,netral,True
Ugyxq3AgUMTIfpkVnyl4AaABAg,z1fWo8tYynA,3bc8d9171f00bad21255e864f09f66817da37061c4cfd09824b01d0001b00ba8,Entahlah akan laku atau ga disaat ekonomi indonesia lagi begini 😢,0,2025-09-19T04:34:48Z,2025-09-19T04:34:48Z,2026-09-19T00:23:13.239008+00:00,entahlah akan laku atau tidak disaat ekonomi indonesia lagi begini 😢,,netral,,,Human-Audit-GoldStandard,,netral,,,True
UgzpddZr6q-hFzgHyKN4AaABAg,A9niV2791gs,a322a4825a91523ac65ee607023255417c5ffdfa129df9a3f9c840c08b826b58,"Spk bln nov 2025,dijanjiin awal feb 2026 kalo ditanya blm ada trus,gk jelas nih.kpn keluarnya?di batalin ajalah",0,2026-02-11T08:48:26Z,2026-02-11T08:48:26Z,2026-09-19T00:23:04.831083+00:00,"spk bln nov 2025,dijanjiin awal feb 2026 kalo ditanya belum ada trus,gk jelas nih.kpn keluarnya?di batalin ajalah",,,,negatif,Human-Audit-GoldStandard,,,,negatif,True
Ugzdc4ZVYtGG2ZyhWmt4AaABAg,G_acqAJrRso,2cb065b4b36b10a647c5a1148b58fde60757f7c494fa45a8f3f5bd5b4b066421,Semua fitur dan fungsi penting malah ditaruh ke layar. Tambah ribet😂 7:34,0,2025-12-02T05:25:40Z,2025-12-02T05:25:40Z,2026-09-18T04:38:32.144167+00:00,semua fitur dan fungsi penting malah ditaruh ke layar. tambah ribet😂 7:34,,,negatif,,Human-Audit-GoldStandard,,,negatif,,True
Ugyh0z1q1_lkrusQJP94AaABAg,G_acqAJrRso,fac5e47a109a194c009eb400823c223ed014973682b42929f61f9acfdd5b8ea5,memang si Jaeco ini sangat sangat worth it .. tapi karena si jeko ini baru after salesnya bagaimana... sekelas wuling saja yang pabriknya ada di indonesia beli bemper  depan+ headlamp depan sampe inden ..  ini sih yang perlu di kedepankan jangan sampe banyak tipe tapi onderdil makin susah ..,2,2025-11-15T02:50:22Z,2025-11-15T02:50:22Z,2026-09-18T04:38:31.419348+00:00,memang si jaeco ini sangat sangat layak it .. tapi karena si jeko ini baru after salesnya bagaimana.. sekelas wuling saja yang pabriknya ada di indonesia beli bemper depan+ headlamp depan sampe inden .. ini sih yang perlu di kedepankan jangan sampe banyak tipe tapi onderdil makin susah ..,,,,negatif,Human-Audit-GoldStandard,,,,negatif,True
UgxlrAu9mnwY_sVoriR4AaABAg,Bx-XDBdN7nA,e8e543bc99ee0bc56941e636087bdb5516b4eae07b086dfccf7918d41212bc88,Harga gak akan bohong. Kualitasnya belu terjamin. Tuh ada omoda disemarang  yang patah kaki² depannya,1,2025-11-16T11:02:30Z,2025-11-16T11:02:30Z,2026-09-19T00:23:03.105243+00:00,harga tidak akan bohong. kualitasnya belu terjamin. tuh ada omoda disemarang yang patah kaki² depannya,,,negatif,,Human-Audit-GoldStandard,,,negatif,,True
UgyJAlY-lQOaeX9SNxJ4AaABAg,fjWvVFT0vr0,f709c15daae93eb09ee7550c0a8b857d532277a218f95e95a9d4294b78d314d5,"mang cuantik banget ini mobil,ceren di pakai anak2 ABG jaman skrng,modis simpel irit murah,sukses slalu byd,",65,2025-07-26T05:04:03Z,2025-07-26T05:04:03Z,2026-09-19T00:23:06.549873+00:00,"mang cuantik banget ini mobil,ceren di pakai anak2 abg jaman skrng,modis simpel irit murah,sukses slalu byd,",,positif,positif,,Human-Audit-GoldStandard,,positif,positif,,True
UgyIdZKwISGkU5ZIz6J4AaABAg,9GTZD3la5qI,3734e5c1fe096de06fd28933f79f679c81220a873ad17d8a1336eb4094fb8f44,Harganya belum ramah  kantong di Indonesia,0,2024-01-13T09:28:29Z,2024-01-13T09:28:29Z,2026-09-27T14:02:23.207162+00:00,harganya belum ramah kantong di indonesia,,negatif,,,Human-Audit-GoldStandard,,negatif,,,True
UgyQd_WMbSFBiSjsZqJ4AaABAg,G_acqAJrRso,62c4c10f793f3c8c0c10f78ac8a24c98be8e5a33d23321edef5fc1a876924391,"edan deflasi china memang nyata. meski negara kaya berpenduduk 1,4 miliar jiwa banyak pengangguran tapi ancaman pemutusan kerja membuat kepanikan banting harga yang mengerikan daripada tidak bisa makan dan mati menjadi petilasan artefak terkubur oleh produknya sendiri. kalau pakde xijinping dan pemerintah gak turun tangan gak selesai-selesai nih ini deflasi china....tapi kenapa gak krisis makanan ya china selama diterpa deflasi. 1.4miliar bisa makan semua bahkan banyak yang gendut.. kalau sudan susah makan ya mungkin solusinya ya bener perang kombatan daripada mati sekalian refisi populasi alamiah manusia di bumi",1,2025-11-14T18:11:16Z,2025-11-14T18:11:16Z,2026-09-18T04:38:32.144167+00:00,"edan deflasi china memang nyata. meski negara kaya berpenduduk 1,4 miliar jiwa banyak pengangguran tapi ancaman pemutusan kerja membuat kepanikan banting harga yang mengerikan daripada tidak bisa makan dan mati menjadi petilasan artefak terkubur oleh produknya sendiri. kalau pakde xijinping dan pemerintah tidak turun tangan tidak selesai-selesai nih ini deflasi china..tapi kenapa tidak krisis makanan ya china selama diterpa deflasi. 1.4miliar bisa makan semua bahkan banyak yang gendut.. kalau sudan susah makan ya mungkin solusinya ya bener perang kombatan daripada mati sekalian refisi populasi alamiah manusia di bumi",,negatif,,,Human-Audit-GoldStandard,,negatif,,,True
UgzKVj-h9Kpcc2tDA0Z4AaABAg,z1fWo8tYynA,cadff475ba3c3a39ba73b7d738490b097ee64f3573d91d66b16fc493993691b4,Menarik om mobi . Tapi kalo di pake buat gocar atau ngojol sanggup NDA om mobi buat sekelas LCGC mobil listrik . Dari body bagus . Dari interior mendukung buat kenyamanan tapi untuk safety di pake ngojol bagus nda om dan juga sanggup NDA listrik di pake ngojol,0,2026-05-17T16:35:09Z,2026-05-17T16:35:09Z,2026-09-19T00:23:12.527826+00:00,menarik om mobi . tapi kalo di pakai buat gocar atau ngojol sanggup nda om mobi buat sekelas lcgc mobil listrik . dari body bagus . dari interior mendukung buat kenyamanan tapi untuk safety di pakai ngojol bagus nda om dan juga sanggup nda listrik di pakai ngojol,,,positif,,Human-Audit-GoldStandard,,,positif,,True
Ugx8Pfbr11IFanYHHEJ4AaABAg,j_6L3j7vrOc,6fe54e14782d3d6c2f2006e2391823fa253abf41f7ed8a95cbd6af38b650fe62,Wow.. Harga dan fiturnya menarik nih..,1,2025-11-21T12:46:15Z,2025-11-21T12:46:15Z,2026-09-19T00:23:05.069705+00:00,wow.. harga dan fiturnya menarik nih..,,positif,positif,,Human-Audit-GoldStandard,,positif,positif,,True
UgxReSV-h9ewUU5aFlx4AaABAg,9GTZD3la5qI,03b91ba41c3fe6f1b32c4e9bf4b3805f22be7520c8aa3f1a02fd7680328544c6,"Ganti kaca film Vkool / Solargard / Photochromic dr Wealthy misalnya ( kl panas terik menghitam kl sdh malam cenderung makin jd aquarium, lalu ganti Ban yg lbh empuk, lbh tebal dan lebar yg masih masuk toleransi & ga berisik lalu pasang Dashcam depan belakang serta upgrade audio yg seamless (ganti speaker hi spec di lokasi asli), head unit dgn lbh canggih mungkin 5th lg saat semua makin canggih & hal² umum setara demikian apakah membatalkan garansi seumur hidup tsb ?
Perlu batasan² yg lbh jelas soal dilarang memodifikasi tsb atau ya akhirnya cm gimmick krn setelah 10-15th hampir dipastikan tdk ada yg tersisa utk realisasi garansi spektakuler di atas 😂",1,2024-01-13T08:21:40Z,2024-01-13T08:27:01Z,2026-09-27T14:02:23.207162+00:00,"ganti kaca film vkool / solargard / photochromic dari wealthy misalnya ( kalau panas terik menghitam kalau sudah malam cenderung makin jd aquarium, lalu ganti ban yg lbh empuk, lbh tebal dan lebar yg masih masuk toleransi & tidak berisik lalu pasang dashcam depan belakang serta upgrade audio yg seamless (ganti speaker hi spec di lokasi asli), head unit dengan lbh canggih mungkin 5th lagi saat semua makin canggih & hal² umum setara demikian apakah membatalkan garansi seumur hidup tsb ? perlu batasan² yg lbh jelas soal dilarang memodifikasi tsb atau ya akhirnya cm gimmick karena setelah 10-15th hampir dipastikan tidak ada yg tersisa untuk realisasi garansi spektakuler di atas 😂",,negatif,,,Human-Audit-GoldStandard,,negatif,,,True
UgxJNBvaAEOTVQ6vBEp4AaABAg,SQJwC-QLsRk,c5f6309f02bcd2bf66cfb34c4e2f3c7b35a225df5e435a805be4b047952304a6,"Wah baru tau ada official subwoofer buat jaecoo, nice👍",4,2026-04-25T16:43:16Z,2026-04-25T16:43:16Z,2026-09-19T00:23:15.005212+00:00,"wah baru tau ada official subwoofer buat jaecoo, nice👍",,,positif,,Human-Audit-GoldStandard,,,positif,,True
UgwwvFKiIZcV7PoJaaR4AaABAg,l8fPSUqdmOM,0762ca9ac22759af1a84b9cb0f15c0becefdcf3035683b3e1bd7c57d1a472f87,8:22 kalo ada rejeki nomplok hasil kerja bisnis coating+youtube koko bisa impor xiaomi su7 ultra limited edition ko 😄🦾 ev milik xiaomi sang hp rakyat di Indonesia dengan tenaga 1500++ salip supercar sultan pun easy peasy bantai gtr godzila aja bisa aplg hanya land squid 😅,2,2025-05-02T14:54:33Z,2025-05-17T03:52:23Z,2026-09-27T14:02:16.602859+00:00,8:22 kalo ada rejeki nomplok hasil kerja bisnis coating+youtube koko bisa impor xiaomi su7 ultra limited edition ko 😄🦾 ev milik xiaomi sang hp rakyat di indonesia dengan tenaga 1500++ salip supercar sultan pun easy peasy bantai gtr godzila aja bisa aplg hanya land squid 😅,,,positif,,Human-Audit-GoldStandard,,,positif,,True
UgwhOiJ2MW8RNSBe5nx4AaABAg,fjWvVFT0vr0,0bc5f13807f5794f95023bbfe59c05a49cafddce4dc908d1de1920579bd8acba,Ban cadangan😢....kenapa ya gak di kasih ban cadangan. Hal penting bagi  gw 😢karena wilayah senen ranjau nya luar biasa,0,2026-01-13T06:47:24Z,2026-01-13T06:49:27Z,2026-09-19T00:23:09.886682+00:00,ban cadangan😢..kenapa ya tidak di kasih ban cadangan. hal penting bagi gw 😢karena wilayah senen ranjau nya luar biasa,,,negatif,,Human-Audit-GoldStandard,,,negatif,,True
UgxKOx5igLFJzOauXOx4AaABAg,fjWvVFT0vr0,38bb6760cf857ac47c0111f44c996a9a6f9605741f03dd27830be9e6cd1f4ec4,DP 30 kayanya masuk tuh,0,2025-08-10T03:37:35Z,2025-08-10T03:37:35Z,2026-09-19T00:23:09.885658+00:00,dp 30 kayanya masuk tuh,,positif,,,Human-Audit-GoldStandard,,positif,,,True
UgwPo_0Zq8_eRgViH8N4AaABAg,9GTZD3la5qI,092f1e0fce072f835217fdda5376b1c8da9cd3fc18a3f3ab7f6dab4cd971b8cf,"Jd inget zaman dulu beli memory card garansi seumur hidup, tapi syulit😂 pas klaim",0,2024-12-05T23:54:35Z,2024-12-05T23:54:35Z,2026-09-27T14:02:22.040959+00:00,"jd inget zaman dulu beli memory card garansi seumur hidup, tapi syulit😂 pas klaim",,,,negatif,Human-Audit-GoldStandard,,,,negatif,True
Ugxs7-G9B_3dkcPTeBB4AaABAg,jL5p1zZMNEM,e4b3309c9f6632d09d35d6c4fca2003b7ce5d3e6a77b9eb22710ea06cb92293f,Meskipun sdh di planning mau charge di mana di mana trus SPKLU nya yg bermasalah ... buyarr sudah planning nya dan bs keringet dingin kalo benar² gk bs nge charge trus charging station selanjutnya jarak nya jaohhh dan jumlahnya dikit ... siap² misuh² 😂,3,2024-09-19T07:47:48Z,2024-09-19T07:47:48Z,2026-09-27T14:02:12.351850+00:00,meskipun sudah di planning mau charge di mana di mana trus spklu nya yg bermasalah .. buyarr sudah planning nya dan bs keringet dingin kalo benar² tidak bs nge charge trus charging station selanjutnya jarak nya jaohh dan jumlahnya dikit .. siap² misuh² 😂,negatif,,,,Human-Audit-GoldStandard,negatif,,,,True
Ugzh-4rm_oofXpKf1kZ4AaABAg,W3G8V7xV3-Y,3eae7445e0e7cbe365d01add1e5c613a9e04481fb3e85f6fb68320ddc540bd89,"Terbakar atau dibakar garansi hangus, kalau terbakar karna modifikasi listrik hanguskan garansi itu wajar aja gpp, tapi kalau mobil original semua terbakar sama aja penipuan, mana orang mau bakar mobilnya sendiri, kalau bakar mobilnya tentu hangus garansinya, seperti disebutkan namanya barang elektronik bisa aja konslet dan terbakar kabelnya merembet ke komponen lain terbakar dan rusak, lihat beberapa tahun ke depan seperti apa, sementara masih ragu mau pilih mobil listrik karna jaminannya kurang akurat dan terukur, syarat yang tidak masuk akal, baterai di rendemin dalam air aman tapi garansi hangus kena banjir sama aja bohongin orang, lewat genangan air pas lewatin banjir lalu didepan ada mobil mogok dan mobil terjebak banjir dan terendam harus gimana coba mikir",0,2025-02-18T05:44:00Z,2025-02-18T05:44:00Z,2026-09-27T14:02:25.659868+00:00,"terbakar atau dibakar garansi hangus, kalau terbakar karna modifikasi listrik hanguskan garansi itu wajar aja gpp, tapi kalau mobil original semua terbakar sama aja penipuan, mana orang mau bakar mobilnya sendiri, kalau bakar mobilnya tentu hangus garansinya, seperti disebutkan namanya barang elektronik bisa aja konslet dan terbakar kabelnya merembet ke komponen lain terbakar dan rusak, lihat beberapa tahun ke depan seperti apa, sementara masih ragu mau pilih mobil listrik karna jaminannya kurang akurat dan terukur, syarat yang tidak masuk akal, baterai di rendemin dalam air aman tapi garansi hangus kena banjir sama aja bohongin orang, lewat genangan air pas lewatin banjir lalu didepan ada mobil mogok dan mobil terjebak banjir dan terendam harus gimana coba mikir",,negatif,,negatif,Human-Audit-GoldStandard,,negatif,,negatif,True
UgxiJ0HgQNpgUSGhDhl4AaABAg,G_acqAJrRso,9c3eea450c7be03655a0519a7911b91a97dc6713f75f8bb464c3c4550f9f67b5,kita lihat seberapa awet…,0,2025-11-15T12:59:33Z,2025-11-15T12:59:33Z,2026-09-18T04:38:32.144167+00:00,kita lihat seberapa awet…,,,netral,,Human-Audit-GoldStandard,,,netral,,True
UgysA75KtAi_-xBCahZ4AaABAg,A9niV2791gs,e17a37531dffe20ce6e769cf144ab2b51d115d693e057d6efcbbfe003dfbef80,"Saya sudah pakai mobil ini selama sebulan, so far puas dengan mobilnya. Dari sebelumnya harian pakai venturer diesel ini lebih nyaman, responsid dan effisien. Walaupun tetap ada minus nya minor.",4,2026-01-23T07:19:37Z,2026-01-23T07:19:37Z,2026-09-19T00:23:04.831083+00:00,"saya sudah pakai mobil ini selama sebulan, so far puas dengan mobilnya. dari sebelumnya harian pakai venturer diesel ini lebih nyaman, responsid dan effisien. walaupun tetap ada minus nya minor.",,,positif,,Human-Audit-GoldStandard,,,positif,,True
UgzwhBhqGKBqhVzMor54AaABAg,fjWvVFT0vr0,c9156b7c00468497168683a5e127423ec7ea120a80cd80bb1dfc5fdc5f1b992e,karena produk china bisa merasakan teknologi murah.. Alhamdulillah,0,2025-08-09T12:08:58Z,2025-08-09T12:08:58Z,2026-09-19T00:23:08.935049+00:00,karena produk china bisa merasakan teknologi murah.. alhamdulillah,,positif,,,Human-Audit-GoldStandard,,positif,,,True
UgwGqwn5ge7mcUEBpLV4AaABAg,Bx-XDBdN7nA,b3475d75d1b21f6a5b5740508c1323d7b965f5b0259c5e7036749304779c8e51,"Tak henti hentinya gw geleng geleng mengingat harganya yg gak masuk akal...
Pertanyaannya....???
Selama ini siapa yg paling diuntungkan dg penjualan mobil baru?? 
Pabrikankah? Pajak kah? 
Kok bisa mobcin bisa ngasih harga segitu dg kelengkapan segitu banyak...",3,2025-11-17T01:27:03Z,2025-11-17T01:27:03Z,2026-09-19T00:23:02.435533+00:00,tak henti hentinya gw geleng geleng mengingat harganya yg tidak masuk akal.. pertanyaannya..?? selama ini siapa yg paling diuntungkan dg penjualan mobil baru?? pabrikankah? pajak kah? kok bisa mobcin bisa ngasih harga segitu dg kelengkapan segitu banyak..,,positif,positif,,Human-Audit-GoldStandard,,positif,positif,,True
UgxWdcDnJBdc0T0cVQh4AaABAg,G_acqAJrRso,3a06105c443b604bf53a5ab05e99d3d5ff8705cfda7ea36518d2d06c0f50e5cb,"Range 460 km, tapi sangat dianjurkan jk listrik tinggal 30% harus buru buru disetrum agar baterei mobil awet.
Praktid range efektive adl 300 km",0,2026-06-28T05:20:07Z,2026-06-28T05:20:07Z,2026-09-18T04:38:32.144167+00:00,"range 460 km, tapi sangat dianjurkan jk listrik tinggal 30% harus buru buru disetrum agar baterei mobil awet. praktid range efektive adl 300 km",netral,,,,Human-Audit-GoldStandard,netral,,,,True
UgzWNA2uyro9XJRF48d4AaABAg,AOjceFDyYeM,9e0dd594c4f6864a2ed685666fa45772d1cb136c5ad3ea8333bde6ec430daa7b,Msih bagus air ev bisa tercantum battery health. Klo byd butuh 3 hari utk bolak balik Servis center baru muncul SoHnya.😢,5,2025-12-03T13:30:47Z,2025-12-03T13:32:15Z,2026-09-27T14:02:20.222873+00:00,msih bagus air ev bisa tercantum battery health. kalau byd butuh 3 hari untuk bolak balik servis center baru muncul sohnya.😢,,,netral,,Human-Audit-GoldStandard,,,netral,,True
Ugwf1Dj7GIq08OQh6oR4AaABAg,Vu0ayycGXbI,3cec3952c81016096fe6d78bc73e60bf1413535ae4bff58db33d344bd84e5756,"Fyi, harga Makassar untuk SPK 9 November 2025 totalnya 323jt",4,2026-02-24T08:13:31Z,2026-02-24T08:13:31Z,2026-09-19T00:23:03.311589+00:00,"fyi, harga makassar untuk spk 9 november 2025 totalnya 323jt",,netral,,,Human-Audit-GoldStandard,,netral,,,True
UgwMvDT0sdfRQyQVS_d4AaABAg,IMO53AFzSZU,9823560988e6bd5077aa7ca8e3c20cbdc090e71cc85e6a7810fe6e6ef7cbb0e1,"ganti shockbreaker usahakan kiri & kanan sekalian spy seimbang, krn pasti beda shockbreaker baru dan yg sdh dpakai lama.",0,2026-09-02T02:57:59Z,2026-09-02T02:57:59Z,2026-09-27T14:02:20.682299+00:00,"ganti shockbreaker usahakan kiri & kanan sekalian spy seimbang, karena pasti beda shockbreaker baru dan yg sudah dpakai lama.",,,netral,,Human-Audit-GoldStandard,,,netral,,True
Ugwy4H1m6VNaw1xxrOx4AaABAg,z1fWo8tYynA,cc9e676166ff0777e0caf4097d3ac71df66c2ecbb0e8501898829d20ecd3c012,"Byd atto 1 hadir untuk mengoreksi harga mobil LCGC favorit mbak"" LC",11,2025-09-18T00:58:58Z,2025-09-18T00:58:58Z,2026-09-19T00:23:10.960426+00:00,"byd atto 1 hadir untuk mengoreksi harga mobil lcgc favorit mbak"" lc",,netral,,,Human-Audit-GoldStandard,,netral,,,True
Ugxl2UV2p-fy9VjskpN4AaABAg,BFp1_jq3zVo,452cc36edb96c9a7e2c88f975cce114dbb6474f67322a6bb3f6824f4d0f00645,"RWD, tenaganya lumayan, jarak-tempuhnya lumayan, ground-clearance-nya lumayan, kemampuan pengisian dayanya lumayan, ATAPNYA BUKAN PANORAMIC SUNROOF/MOONROOF dan ada rear defogger.

Sayangnya, interiornya ada putih-putihnya dan ngga ada wiper kaca belakang.",0,2026-04-01T02:14:03Z,2026-04-01T02:14:03Z,2026-09-19T00:23:14.379690+00:00,"rwd, tenaganya lumayan, jarak-tempuhnya lumayan, ground-clearance-nya lumayan, kemampuan pengisian dayanya lumayan, atapnya bukan panoramic sunroof/moonroof dan ada rear defogger. sayangnya, interiornya ada putih-putihnya dan tidak ada wiper kaca belakang.",positif,,netral,,Human-Audit-GoldStandard,positif,,netral,,True
Ugzeo2iGBXBO49Q8QcF4AaABAg,W3G8V7xV3-Y,8122b7cf0fa30e9a87b33e57656bcacccbec722e6dec4a7f4a6d9d0b98fd545a,gw nonton ini jd ragu beli mobil listrik second krn automatic garansi hangus sama beli mobil listrik baru ada term conditionnya mengenai terbakar… ngeri jg ya mending beli yg pasti2 aja lah,0,2024-06-16T23:40:40Z,2024-06-16T23:40:40Z,2026-09-27T14:02:25.659868+00:00,gw nonton ini jd ragu beli mobil listrik bekas karena automatic garansi hangus sama beli mobil listrik baru ada term conditionnya mengenai terbakar… ngeri jg ya lebih baik beli yg pasti2 aja lah,,negatif,,,Human-Audit-GoldStandard,,negatif,,,True
Ugywh34Ck4M2nktrsHV4AaABAg,j_6L3j7vrOc,eced02e96522c93e27cb04f4e6dc6d1497c20e4c6d7eb51aca635345f905a1ab,Semakin kesini terus bermunculan produk2 yg makin canggih dengan harga makin menarik😊,0,2026-01-01T04:11:44Z,2026-01-01T04:11:44Z,2026-09-19T00:23:05.069705+00:00,semakin kesini terus bermunculan produk2 yg makin canggih dengan harga makin menarik😊,,positif,positif,,Human-Audit-GoldStandard,,positif,positif,,True
Ugzbf6QILnOG4N46Yxd4AaABAg,SQJwC-QLsRk,a7f143b2ddec8585c72aa711a2448d6de1f712e024bd14101a1c2ca004706ee0,J5 minus nya baris kedua. Klo jalan jauh badan pegel krn sandaran punggung terlalu tegak. Busa penopang keras.,1,2026-04-25T11:41:52Z,2026-04-25T11:41:52Z,2026-09-19T00:23:15.653310+00:00,j5 minus nya baris kedua. kalau jalan jauh badan pegel karena sandaran punggung terlalu tegak. busa penopang keras.,,,negatif,,Human-Audit-GoldStandard,,,negatif,,True
UgzQLgcvVECdYz3u1M94AaABAg,jL5p1zZMNEM,15676f7b435fd33e5f32f19ff9b5f2ad63224234f51f7dc323ee0e9b4262a3e0,Warranty wuling wow,0,2024-09-21T00:34:13Z,2024-09-21T00:34:13Z,2026-09-27T14:02:09.410241+00:00,warranty wuling wow,,positif,,,Human-Audit-GoldStandard,,positif,,,True
UgyTDSk8fTXTeVoacdJ4AaABAg,khAUeXPkWvg,382b73c57f7767d519fb8b58b8b54248254b1459b94f5af4804211584d02eb2d,hahaha hrg 363 jt uda sama kyk wuling bingo kalo tanpa diskon,1,2025-09-30T06:58:54Z,2025-09-30T06:58:54Z,2026-09-27T14:02:18.015298+00:00,hahaha hrg 363 jt uda sama kyk wuling bingo kalo tanpa diskon,,netral,,,Human-Audit-GoldStandard,,netral,,,True
UgxdKWalRGizoeZ0SbR4AaABAg,A9niV2791gs,efeb17e06b8d1548fb5163b879b5d1ad494fd2eb1e74f27707ea4ca5816466bc,"Dengan berbagai permasalahan indennya, model, fitur, harga memang terbaik sih, apalagi dibandingkan sesama harganya.",8,2026-01-22T14:16:00Z,2026-01-22T14:16:00Z,2026-09-19T00:23:04.831083+00:00,"dengan berbagai permasalahan indennya, model, fitur, harga memang terbaik sih, apalagi dibandingkan sesama harganya.",,positif,positif,negatif,Human-Audit-GoldStandard,,positif,positif,negatif,True
UgzLQq-kEk1Q9-5U2C94AaABAg,4f36QI6CVtc,922a6da4b87daa9036c09a5b1a0160283f07f2f60ce2408fc9ca7886a41ebb17,Setelah tau kasus wuling jdi mikir lagi,0,2026-09-09T20:10:55Z,2026-09-09T20:10:55Z,2026-09-27T14:02:14.434487+00:00,setelah tau kasus wuling jdi mikir lagi,,,,negatif,Human-Audit-GoldStandard,,,,negatif,True
UgxIutGX4oPVwRpWY2B4AaABAg,fjWvVFT0vr0,706fd24de9ab43e95c6734f079fdddea7578609cedd1b16e526bd1f51945c7de,Kalo sdh masuk kalsel kalteng ada daeler resmi nya dah enga mikir dua kali langsung bungkus.,0,2025-07-26T12:42:36Z,2025-07-26T12:42:36Z,2026-09-19T00:23:08.164869+00:00,kalo sudah masuk kalsel kalteng ada daeler resmi nya dah enga mikir dua kali langsung bungkus.,,,,positif,Human-Audit-GoldStandard,,,,positif,True
Ugx3Y9I-arVOhg6EwOd4AaABAg,Bx-XDBdN7nA,60be0f185fe42eaa5cc3b2e0da796ccd9ddf69a77591f310d5ac8e17ab62cbd9,Pengen beli . Tp ane di Kalimantan timur di kabupaten . Takutnya gak bisa service . Atau misalkan mau bersihin atau service AC aja takutnya di tolak mekanik lokal,1,2025-11-18T00:16:01Z,2025-11-18T00:16:01Z,2026-09-19T00:23:02.435533+00:00,pengen beli . tapi ane di kalimantan timur di kabupaten . takutnya tidak bisa service . atau misalkan mau bersihin atau service ac aja takutnya di tolak mekanik lokal,,,,negatif,Human-Audit-GoldStandard,,,,negatif,True
UgxjFA27l3vGBU1QY254AaABAg,wWoTrVO2Hk4,3fedfb21aa338b01e59d92b0e3098c791305fbd2fbf6c181593bb3a5a6421544,"Saya kebetulan juga ambil ini kena harga 309.900 karna udah bukan 1000 pembeli pertama 😁 

Tapi di harga 309.900 terlalu murah menurut saya yg build quality nya kayak mobil 1M an 😅",3,2026-04-22T17:32:58Z,2026-04-22T17:32:58Z,2026-09-19T00:23:05.983222+00:00,saya kebetulan juga ambil ini kena harga 309.900 karna udah bukan 100 pembeli pertama 😁 tapi di harga 309.900 terlalu murah menurut saya yg build quality nya kayak mobil 1m an 😅,,positif,positif,,Human-Audit-GoldStandard,,positif,positif,,True
UgyzTQqrITkY_f_HwOF4AaABAg,A9niV2791gs,e8e3aa7188cbfdf32ee938c6b94aa1e55ec1509b26e03363cd0dc305addf2437,"Saya baru spk di iims 2026 kemarin, dapatnya mei😂😂😂. Jangan jangan maybe ga nyampe nyampe nih",1,2026-02-17T12:25:29Z,2026-02-17T12:25:29Z,2026-09-19T00:23:04.831717+00:00,"saya baru spk di iims 2026 kemarin, dapatnya mei😂😂. jangan jangan maybe tidak nyampe nyampe nih",,,,negatif,Human-Audit-GoldStandard,,,,negatif,True
UgyurA-5wHigIVApGoR4AaABAg,dEJ4VEjH1AQ,aae2781144790c8cfaa461183dd06bcb419e7aaf8cc4b54e1f4789a662aa02af,"Kayaknya enak ni. Suspensinya multilink, trus RWD pula. Mantep jugaa. Diharga segitu juga udh dapet tenaga lumayan besar drpada atto 1 atau binguo",24,2025-11-24T22:45:18Z,2025-11-24T22:45:18Z,2026-09-19T00:23:14.870779+00:00,"kayaknya enak ni. suspensinya multilink, trus rwd pula. mantep jugaa. diharga segitu juga sudah dapet tenaga lumayan besar drpada atto 1 atau binguo",,positif,positif,,Human-Audit-GoldStandard,,positif,positif,,True
UgzAaNQ6mriADT9xkyJ4AaABAg,Bx-XDBdN7nA,1bf55bb54b7787d4da527624adf9fca577f9383676fe71a81d9ee68b7346e2b0,"seperti hp dulu, pertama keluar sangat mahal.. mobil listrik bisa jadi tahun2 ke depan harganya turun lagi",0,2025-11-19T10:05:55Z,2025-11-19T10:05:55Z,2026-09-19T00:23:01.508913+00:00,"seperti hp dulu, pertama keluar sangat mahal.. mobil listrik bisa jadi tahun2 ke depan harganya turun lagi",,negatif,,,Human-Audit-GoldStandard,,negatif,,,True
Ugyr9VEMyRLYpVYpod94AaABAg,j_6L3j7vrOc,2dc7756cbdd75fb0f60eff774b0334cce083cda1291d057111facf9e5b99e5dd,Ev yg mau masuk indonesia pusing mau pasang harga brp!!!😂😂,1,2025-11-18T00:12:29Z,2025-11-18T00:12:29Z,2026-09-19T00:23:05.069705+00:00,ev yg mau masuk indonesia pusing mau pasang harga brp!!😂😂,,netral,,,Human-Audit-GoldStandard,,netral,,,True
Ugy-AphLulvk8Mh-tuZ4AaABAg,O-vAYJNfQEk,43ccb639a608ebd501d00b3188b964b2dbe3b22ffe08981367f698e86e2ed8b5,Saya pakai wuling 410 cuma bisa 280 km dalam kota tapi bawa berat2 sih barang,0,2024-05-24T12:48:11Z,2024-05-24T12:48:11Z,2026-09-27T14:02:12.888906+00:00,saya pakai wuling 410 cuma bisa 280 km dalam kota tapi bawa berat2 sih barang,netral,,,,Human-Audit-GoldStandard,netral,,,,True
Ugx9UcWS_UfuW1DNcSp4AaABAg,wWoTrVO2Hk4,9622324ad385607d3df7ce0bde1902baaff811ee16ba0314c9a2a59c9d370f85,Untuk harga semurah itu ini mobil fiturnya Bintang 5... tinggal keseriusan aftersales nya... moga bisa bertahan lama dan bisa bersaing dg merek2 jepang,12,2026-04-23T02:06:02Z,2026-04-23T02:06:02Z,2026-09-19T00:23:05.982688+00:00,untuk harga semurah itu ini mobil fiturnya bintang 5.. tinggal keseriusan aftersales nya.. moga bisa bertahan lama dan bisa bersaing dg merek2 jepang,,positif,positif,netral,Human-Audit-GoldStandard,,positif,positif,netral,True
UgyKXEk8dbWU79NBHyR4AaABAg,fjWvVFT0vr0,ab834bbee2243c11af177c57a287f77ceef108ad8a77b984c29d5fbcd03b7232,Mantap depan belakang udah pakai rem cakram,0,2025-07-28T10:05:13Z,2025-07-28T10:05:13Z,2026-09-19T00:23:08.935049+00:00,bagus depan belakang udah pakai rem cakram,,,positif,,Human-Audit-GoldStandard,,,positif,,True
UgxNWO7JjjXj_Ha-qy14AaABAg,bC7X9DplrIc,7f17613b379107b0e8b84dacc92a6fc494240eaad8adc5db29c510f43d6fb473,"minusnyaa...selera org indo design nya lebih ke sporty atau tegas, kalau unyu begini sepertinya kurang diminati , dibandingkan dengan BYD. Terbukti hasil penjualan di awal peluncuran.. yah balik lagi ke  seleraa",0,2026-04-11T12:30:52Z,2026-04-11T12:30:52Z,2026-09-19T00:23:14.522723+00:00,"minusnyaa..selera org indo design nya lebih ke sporty atau tegas, kalau unyu begini sepertinya kurang diminati , dibandingkan dengan byd. terbukti hasil penjualan di awal peluncuran.. yah balik lagi ke seleraa",,,negatif,,Human-Audit-GoldStandard,,,negatif,,True
UgxslEyTrj4Ul4YKXat4AaABAg,AOjceFDyYeM,978ec7c263712ca6a207f13f36817ee5cf1d43a740deaa250ef86357e49c7d27,"Mobil jarang di pakai gitu aja BH dah brkurang gitu..yah emang mobil ev yg beli pasti dah punya mobil bensin lain, tuk mobil ev hanya sebagai mobil ke 2 atau ke 3. Trus di bilang mobil ev lebih aman saat lewat banjir, coba aja di tes donk langsung",0,2025-12-04T06:40:18Z,2025-12-04T06:40:18Z,2026-09-27T14:02:20.222873+00:00,"mobil jarang di pakai gitu aja bh dah brkurang gitu..yah emang mobil ev yg beli pasti dah punya mobil bensin lain, tuk mobil ev hanya sebagai mobil ke 2 atau ke 3. trus di bilang mobil ev lebih aman saat lewat banjir, coba aja di tes donk langsung",,,negatif,,Human-Audit-GoldStandard,,,negatif,,True
UgyMT5q8OGbbBERn3CB4AaABAg,jL5p1zZMNEM,def341777cc57c91b25a932afb2a75c720f89cd87cfb7d37f33097a05c6c9806,Btw E 5 pure lagi diskon jadi 405an… 😁😁,0,2024-12-12T05:46:32Z,2024-12-12T05:46:32Z,2026-09-27T14:02:12.351850+00:00,btw e 5 pure lagi diskon jadi 405an… 😁😁,,positif,,,Human-Audit-GoldStandard,,positif,,,True
Ugxge9y5UWVLTSxQgWB4AaABAg,fjWvVFT0vr0,eec6ab7df5154ea7ad0d30910eedb731fa53d5884e2b893e107139b14ba41f98,"Model okey harga ekonomis 
China emg gila... 
Bismillah Tak sholawatin ini",0,2025-08-14T23:50:53Z,2025-08-14T23:50:53Z,2026-09-19T00:23:06.549873+00:00,model okey harga ekonomis china emg gila.. bismillah tak sholawatin ini,,positif,positif,,Human-Audit-GoldStandard,,positif,positif,,True
UgzobFQVVFLGS632Qet4AaABAg,G_acqAJrRso,6ebf3d783bde9db3fd743ee7eb9a079151b514265473adf54cc36fff58584dea,Sayang bgt tuh arm rest nya nanggung bgt agak2 melehoy terlalu kebawah 😭😭😭😭😭,0,2025-12-26T14:16:58Z,2025-12-26T14:16:58Z,2026-09-18T04:38:31.419348+00:00,sayang banget tuh arm rest nya nanggung banget agak2 melehoy terlalu kebawah 😭😭,,,negatif,,Human-Audit-GoldStandard,,,negatif,,True
UgydOBKMzoKJwLQozhp4AaABAg,bC7X9DplrIc,aa3519f7a614639e746a8596015e04bdb050588cef783351300fd00edf808910,Mobil geely ini buat lari 120km/jam buat di toll selama ±10-12jam kuat kah,0,2026-04-15T04:15:55Z,2026-04-15T04:15:55Z,2026-09-19T00:23:14.522723+00:00,mobil geely ini buat lari 120km/jam buat di toll selama ±10-12jam kuat kah,positif,,,,Human-Audit-GoldStandard,positif,,,,True
UgyVg5WsPgCNk4a_4RJ4AaABAg,Vu0ayycGXbI,d07b51e8e31c4b6696bfc04181ad8ef536ce7a77df076fef75f3b881adfc7749,"Pengalaman gw yg udah pake 1500Km ini mobil , pesan 4 nov datang 6 Jan , harga sesuai otr riau (325.800.000)
Selama ini make yg di rasakan 

•Irit tergantung kaki atau gimana lah ya
Gw 10% average 38km full dalkot, berarti 100% cuman dpt 380km

•kaca film baru nyampe ganti, panas minta ampun, apalagi riau yg bisa 36-37 kalau tengah hari apalagi mobil di jemur, fan speed 5 ac LO masih ga bisa ngangkat, apa karena di rumah mobil toyota semua hahaha jd pakai mocin ac nya kurang nendang

• sekarang ada bunyi di bawah yg ga bisa di cari asal nya dimana, tiap low speed bunyi mendesis seperti di motor listrik nya (bukan bunyi mendengung bawaan kalau kita pelan kaya zenix) tapi kata Mekanik nya ini normal, di bandingkan sama mobil test drive dealer, punya dealer ga ada bunyi mendesis, cuman saya yg make saya yg lebih tau karena bunyi nya di km 1400 an kmren baru muncul, yg penting kata mekanik gpp yaudah lah toh

Tapi sejauh ini cukup puas lah terasa jauh irit di bandingin mobil ICE
Yg di ubah cuman karpet xmate + kaca film, lain standard aja",3,2026-02-24T02:58:15Z,2026-02-24T02:58:15Z,2026-09-19T00:23:04.027191+00:00,"pengalaman gw yg udah pakai 1500km ini mobil , pesan 4 nov datang 6 jan , harga sesuai otr riau (325.800.00) selama ini memakai yg di rasakan •irit tergantung kaki atau gimana lah ya gw 10% average 38km full dalkot, berarti 100% cuman dapat 380km •kaca film baru nyampe ganti, panas minta ampun, apalagi riau yg bisa 36-37 kalau tengah hari apalagi mobil di jemur, fan speed 5 ac lo masih tidak bisa ngangkat, apa karena di rumah mobil toyota semua hahaha jd pakai mocin ac nya kurang nendang • sekarang ada bunyi di bawah yg tidak bisa di cari asal nya dimana, tiap low speed bunyi mendesis seperti di motor listrik nya (bukan bunyi mendengung bawaan kalau kita pelan kaya zenix) tapi kata mekanik nya ini normal, di bandingkan sama mobil test drive dealer, punya dealer tidak ada bunyi mendesis, cuman saya yg memakai saya yg lebih tau karena bunyi nya di km 1400 an kmren baru muncul, yg penting kata mekanik gpp yaudah lah toh tapi sejauh ini cukup puas lah terasa jauh irit di bandingin mobil ice yg di ubah cuman karpet xmate + kaca film, lain standard aja",positif,,negatif,netral,Human-Audit-GoldStandard,positif,,negatif,netral,True
Ugzqnt8i31ZPKOtlMg14AaABAg,9GTZD3la5qI,717e617a39b691d4346d122a15f58716577a1e74138d53c4137c59e96e74986e,"Tetap ribet & belum tentu menjamin seumur hidup .

Bahkan di akhir dibilang sewaktu2 bisa ada perubahan, jadi sifatnya tetap tidak mutlak 7 persyaratan tsb",2,2024-01-13T05:26:40Z,2024-01-13T05:26:40Z,2026-09-27T14:02:22.040959+00:00,"tetap ribet & belum tentu menjamin seumur hidup . bahkan di akhir dibilang sewaktu2 bisa ada perubahan, jadi sifatnya tetap tidak mutlak 7 persyaratan tsb",,negatif,,,Human-Audit-GoldStandard,,negatif,,,True
UgxC-ITo5XwvhDrz-dl4AaABAg,BFp1_jq3zVo,17cfe84f6f1b2257b865df908abed8a4887af2b5cf04e0a59165039ffe118e01,"kenapa juga baterainya di kolong gak dikasih cover, ya kali setiap yg beli harus pasang cover after market",0,2026-04-01T07:13:31Z,2026-04-01T07:13:31Z,2026-09-19T00:23:14.379690+00:00,"kenapa juga baterainya di kolong tidak dikasih cover, ya kali setiap yg beli harus pasang cover after market",,,negatif,,Human-Audit-GoldStandard,,,negatif,,True
UgxToicVO4347zGioWd4AaABAg,bC7X9DplrIc,f5650875ebfd06065733c54e40cb27cba7f897205f7706a610238da8994c07d5,Soal wiper belakang mah hyundai Ioniq 5 aja ga ada tuh wiper harga 3x lipat 😅,2,2026-03-04T15:53:05Z,2026-03-04T15:53:05Z,2026-09-19T00:23:14.522723+00:00,soal wiper belakang mah hyundai ioniq 5 aja tidak ada tuh wiper harga 3x lipat 😅,,,negatif,,Human-Audit-GoldStandard,,,negatif,,True
UgxnSZxUTHg-pw7SfXN4AaABAg,bC7X9DplrIc,cd7aba88b9279c17919be940c947eeaec81cfeb74cab17b2289254c1794929f9,"2:33 rill banget nih temen ane punya MG MX4, kabel sering digigitin tikus dan kalo udah rusak mesti nginep di bengkel sebulan karena sparepart nya jarang",16,2026-03-04T16:52:29Z,2026-03-04T16:52:29Z,2026-09-19T00:23:14.522723+00:00,"2:33 rill banget nih temen ane punya mg mx4, kabel sering digigitin tikus dan kalo udah rusak mesti nginep di bengkel sebulan karena sparepart nya jarang",,,,negatif,Human-Audit-GoldStandard,,,,negatif,True
Ugy4XYVRAdOjewhUKfh4AaABAg,fjWvVFT0vr0,3ac04557007997094c8c823e7624b673ef0ffcb23009e802c8250061f10a2425,"BYD memang pandai masuk celah. EV 7 seater, langsung digebrak dengan M6. Akhinya 7 seater EV lain tiarap. Lanjut ""LCGC"" EV. Bikin keder warung sebelah. Bahkan yang beda kelas saja langsung menarik diri. Selamat ya BYD. Ayo LCGC lain siapkan amunisi yang lebih joss. Jaga pasar di luar Jabotabek. Catatan: bukan pemuja mobil listrik apalagi BYD.",1,2025-07-26T05:12:54Z,2025-07-26T05:12:54Z,2026-09-19T00:23:08.935049+00:00,"byd memang pandai masuk celah. ev 7 seater, langsung digebrak dengan m6. akhinya 7 seater ev lain tiarap. lanjut ""lcgc"" ev. bikin keder warung sebelah. bahkan yang beda kelas saja langsung menarik diri. selamat ya byd. ayo lcgc lain siapkan amunisi yang lebih joss. jaga pasar di luar jabotabek. catatan: bukan pemuja mobil listrik apalagi byd.",,,positif,,Human-Audit-GoldStandard,,,positif,,True
Ugy4iMGFPGhrssV5tVp4AaABAg,IMO53AFzSZU,4e14e692071842e60a063e524278415a5ac7ef91c5b548f8f0de90ef1e69c1da,"Mocin masih baru, kaki2 sudah kena",2,2026-08-25T16:02:46Z,2026-08-25T16:02:46Z,2026-09-27T14:02:20.682299+00:00,"mocin masih baru, kaki2 sudah kena",,,negatif,,Human-Audit-GoldStandard,,,negatif,,True
UgymQOjR7W_NS_qvOJd4AaABAg,jL5p1zZMNEM,960a9c9eca0988b91b6caf4a944dcdde5aac083971dbe80c386aaa2aaff33ed3,Wuling juara garansi seumur hidup,0,2024-09-19T05:53:28Z,2024-09-19T05:53:28Z,2026-09-27T14:02:12.351850+00:00,wuling juara garansi seumur hidup,,,,positif,Human-Audit-GoldStandard,,,,positif,True
UgxniwvQioPnhcU1C354AaABAg,Bx-XDBdN7nA,29d96145f7d29692249e181990f93cba8fcdf83fcea29d5f998087385e286466,"gak jelas ah merk baru !!  .. belom tau after salesnya gimana, build qualitynya awet apa engga, dealer nya jg pasti masih dikit juga tuh

kebiasaan orang indo cuma kemakan design doang",0,2025-11-17T09:03:43Z,2025-11-17T09:03:43Z,2026-09-19T00:23:03.105243+00:00,"tidak jelas ah merk baru !! .. belom tau after salesnya gimana, build qualitynya awet apa engga, dealer nya jg pasti masih dikit juga tuh kebiasaan orang indo cuma kemakan design doang",,,negatif,negatif,Human-Audit-GoldStandard,,,negatif,negatif,True
UgybAeMLliTD7aLUGKl4AaABAg,W3G8V7xV3-Y,3eae7445e0e7cbe365d01add1e5c613a9e04481fb3e85f6fb68320ddc540bd89,"Ngecas sampai terbakar garansi hangus dan kena banjir garansi hangus itu jahat loh, rata2 kebanyakan kota sering banjir tiap tahun, bayangin pas lewat banjir kena macet kan lama akan terendam, lalu ganti velg ban bisa bayangin itu velg kaleng kalau rusak masa ga boleh ganti ke yg velg 12inch velg racing, harusnya dijelaskan jangan ganti velg ukuran diatas 12inch, ada beberapa syarat yang memang dibuat untuk menghanguskan garansinya tanpa tidak sengaja, seperti service rutin yg salah waktu dll",1,2025-02-18T05:34:20Z,2025-02-18T05:34:20Z,2026-09-27T14:02:25.659868+00:00,"ngecas sampai terbakar garansi hangus dan kena banjir garansi hangus itu jahat loh, rata2 kebanyakan kota sering banjir tiap tahun, bayangin pas lewat banjir kena macet kan lama akan terendam, lalu ganti velg ban bisa bayangin itu velg kaleng kalau rusak masa tidak boleh ganti ke yg velg 12inch velg racing, harusnya dijelaskan jangan ganti velg ukuran diatas 12inch, ada beberapa syarat yang memang dibuat untuk menghanguskan garansinya tanpa tidak sengaja, seperti service rutin yg salah waktu dll",,negatif,,,Human-Audit-GoldStandard,,negatif,,,True
Ugz6Njuc8n7NMpYS_nt4AaABAg,z1fWo8tYynA,029d47ce6b8581ae3b960ff8c2ba0dbb177747b3668aaa8c817464c3f1e2ccb1,KUNCINYA SEPERTI PETI MATI.. 😂😂😅😅 GAK JADILAH BELINYA.. NGERRII AMAT..,0,2026-02-18T02:48:39Z,2026-02-18T02:48:39Z,2026-09-19T00:23:13.927196+00:00,kuncinya seperti peti mati.. 😂😂😅😅 tidak jadilah belinya.. ngerrii amat..,,,negatif,,Human-Audit-GoldStandard,,,negatif,,True
Ugy6PFUF7wx23kgDhgd4AaABAg,dEJ4VEjH1AQ,00f134f049cea3284739ef6e4f330c715e65a6a764642ee0831d9558c893774a,"Bagus ini
RWD
Volvo & Geelly spek & Tekhnologi nya saling Sharing  juga Krn Geelly juga pemilik Saham Volvo",26,2025-11-24T14:38:47Z,2025-11-24T14:38:47Z,2026-09-19T00:23:14.870779+00:00,bagus ini rwd volvo & geelly spek & tekhnologi nya saling sharing juga karena geelly juga pemilik saham volvo,,,positif,,Human-Audit-GoldStandard,,,positif,,True
Ugzij07cQ_PYl65kUSp4AaABAg,AOjceFDyYeM,e88dd029b3e4daa96fc1cd7ef9ee96d91f3fa026c19def78d62022db81fc6d11,ya itu aneh nya. Sudan mobil EV tapi masih butuh AKI lol...why not just make tech yang dia bisa draw power from the electric engine aja,0,2026-02-20T02:34:40Z,2026-02-20T02:34:40Z,2026-09-27T14:02:20.222873+00:00,ya itu aneh nya. sudan mobil ev tapi masih butuh aki lol..why not just memakai tech yang dia bisa draw power from the electric engine aja,,,negatif,,Human-Audit-GoldStandard,,,negatif,,True
UgzXVEARoHcu-eZ9TmJ4AaABAg,khAUeXPkWvg,bdd372e1519a14f4dbdd2e01ecba4734ecdf7efea14e13b8215f6f87fd6e80af,Model nya mendingan dari atto 1 tapi harga nya jauhh..,0,2025-11-23T09:26:01Z,2025-11-23T09:26:01Z,2026-09-27T14:02:18.015298+00:00,model nya mendingan dari atto 1 tapi harga nya jauhh..,,negatif,,,Human-Audit-GoldStandard,,negatif,,,True
UgyxRm_ShXqGc0XWU1l4AaABAg,l8fPSUqdmOM,8fa2796688308071916c355b65409a4a28f1a2a507479b68acc64ea9922d792f,Kok kaya geter ya,0,2025-02-28T07:42:22Z,2025-02-28T07:42:22Z,2026-09-27T14:02:17.415591+00:00,kok kaya geter ya,,,negatif,,Human-Audit-GoldStandard,,,negatif,,True
UgyvizMVsXVghpy04eF4AaABAg,O-vAYJNfQEk,d34df1288c865a18f34924e36520e3ceb890585bdac8270d47ccd4cf37cfc689,"Kekurangan wuling binguo:
1. Tenaga terlalu kecil, gak kuat nanjak
2. Chargernya bukan CCS2",2,2024-02-13T09:06:13Z,2024-02-13T09:06:13Z,2026-09-27T14:02:14.061399+00:00,"kekurangan wuling binguo: 1. tenaga terlalu kecil, tidak kuat nanjak 2. chargernya bukan ccs2",negatif,,negatif,,Human-Audit-GoldStandard,negatif,,negatif,,True
UgzeKWxBsRqQXkOQOtp4AaABAg,SQJwC-QLsRk,627969ab00945c8568c4d49d18e501fd082d318e17a3a8c0756760d20583f585,"J5 donk, big batre, mesin pijit, mesin kopi, mesin cuci 😊",1,2026-04-25T11:33:32Z,2026-04-25T11:33:32Z,2026-09-19T00:23:15.005212+00:00,"j5 donk, big batre, mesin pijit, mesin kopi, mesin cuci 😊",,,positif,,Human-Audit-GoldStandard,,,positif,,True
UgzhxJ9qDATfKcdxxsl4AaABAg,VEXJp_L57Nk,9b5d27cd3bc22165c8418d0c11c08c285db4d87e37717894e0bbe2dde3e07e79,Saya punya byd m6. Aftersales mau ganti spion aja nunggu 1 bulan. Sampai sekarang di ghosting terus sama bengkelnya di KALIMALANG. catet tuh BYD Dan ARISTA. NO VIRAL NO SERVICE.,6,2025-10-04T00:33:18Z,2025-10-04T00:33:45Z,2026-09-19T00:23:10.716076+00:00,saya punya byd m6. aftersales mau ganti spion aja nunggu 1 bulan. sampai sekarang di ghosting terus sama bengkelnya di kalimalang. catet tuh byd dan arista. no viral no service.,,,,negatif,Human-Audit-GoldStandard,,,,negatif,True
Ugx0RsQg5_ALtPhmXMF4AaABAg,z1fWo8tYynA,90f972e42365178ff0847db022bf826d45e21fcc5a9a6ded1fdcf49bc4913d57,yg gak ku suka dari modelnya cuman lis item di bawah lampu knpa gak di bikin full body cat sama,0,2025-09-17T13:59:41Z,2025-09-17T13:59:41Z,2026-09-19T00:23:13.239008+00:00,yg tidak ku suka dari modelnya cuman lis item di bawah lampu knpa tidak di bikin full body cat sama,,,negatif,,Human-Audit-GoldStandard,,,negatif,,True
UgzPuXaeoBi1_sXkUmB4AaABAg,O-vAYJNfQEk,1b863f915c640117f2d62c9982fc9bad5ee9e7edb9048b3eff7f34125ac8a979,"Kirain power torque nya jauh lebih kuat dr air ev, ternyata dites isi 5 org nanjak dr stop, mode sport, malah mundur hehehe....",0,2024-02-14T07:55:29Z,2024-02-14T07:55:29Z,2026-09-27T14:02:12.898514+00:00,"kirain power torque nya jauh lebih kuat dari air ev, ternyata dites isi 5 org nanjak dari stop, mode sport, malah mundur hehehe..",,,negatif,,Human-Audit-GoldStandard,,,negatif,,True
UgwkAptPHHJBdAjxtnh4AaABAg,Vu0ayycGXbI,9188c57dbacd3ccbc2f708c7264dd8d4873822365a069948f6a5ce1e9ded5fc9,Pantes Harganya segitu. Pakai dinamo tamiya kali yg warna Metal bawahnya merah,3,2026-02-23T12:48:09Z,2026-02-23T12:48:09Z,2026-09-19T00:23:04.026610+00:00,pantes harganya segitu. pakai dinamo tamiya kali yg warna metal bawahnya merah,,,negatif,,Human-Audit-GoldStandard,,,negatif,,True
UgwDUB8u4l-joXcpQOB4AaABAg,G_acqAJrRso,dd3dbf8272d4fc4a373697be768ab84ae4b14f6fb7629d8070ded49540a749e2,"Dari antusiasnya pembeli mobil ev ini sepertinya harga 300jt adalah titik tengah daya beli masyarakat mobil ev/hybrid di indonesia, dan terbukti dimasuki juga oleh veloz hybrid di harga ini",1,2025-11-26T13:42:26Z,2025-11-26T13:42:26Z,2026-09-18T04:38:32.144167+00:00,"dari antusiasnya pembeli mobil ev ini sepertinya harga 300jt adalah titik tengah daya beli masyarakat mobil ev/hybrid di indonesia, dan terbukti dimasuki juga oleh veloz hybrid di harga ini",,netral,,,Human-Audit-GoldStandard,,netral,,,True
Ugybowko-4un6U3IhvR4AaABAg,l8fPSUqdmOM,ce85f7be7b130b2320b4116e9aa0e808596dfacbf0e9f19b55c5734b5ffd994f,Cuma getar banget ya.,0,2025-02-26T07:43:32Z,2025-02-26T07:43:32Z,2026-09-27T14:02:16.602859+00:00,cuma getar banget ya.,,,negatif,,Human-Audit-GoldStandard,,,negatif,,True
UgxURrQUl3jby3reSmp4AaABAg,fjWvVFT0vr0,6c18ba560a7fc297c3709719d362db36e1643bdc728bbf47864f84240a7e88c1,PASTI AKAN LEBIH MURAH LAGI HARGANYA KALO BYD ATTO 1 INI SUDAH DIPRODUKSI DI PABRIK BYD INDONESIA........,0,2025-07-29T10:17:40Z,2025-07-29T10:17:40Z,2026-09-19T00:23:09.885658+00:00,pasti akan lebih murah lagi harganya kalo byd atto 1 ini sudah diproduksi di pabrik byd indonesia..,,netral,,,Human-Audit-GoldStandard,,netral,,,True
UgwIcC66pyIi3cw1uqh4AaABAg,Bx-XDBdN7nA,a02989a655aa65bf3b3f381b9dcecc59dce5a72c2aca63c7097397e11bbbcd8c,"Dijual 350jt juga udah kemurahan, eh ini cuma 250jtaan kurang ajar emang nih jaecoo dan Chery. Begitulah kira2 kata hati sales merk lain.",0,2025-11-19T03:24:15Z,2025-11-19T03:24:15Z,2026-09-19T00:23:02.435533+00:00,"dijual 350jt juga udah kemurahan, eh ini cuma 250jtaan kurang ajar emang nih jaecoo dan chery. begitulah kira2 kata hati sales merk lain.",,positif,,,Human-Audit-GoldStandard,,positif,,,True
UgxmK8nXvlPcjgvPJC54AaABAg,z1fWo8tYynA,55d7ebceedc58c3379fa0bd0913ef589469c237901c7c8448b946ed7d7f3fa88,"Yg bikin khawatir mobil listrik ya hanya batere nya, sayang cm 8thn. Kebayang nge drop lgs bayar brp ya, karena info nya hatus ganti nya seglondong semua",0,2025-09-21T05:04:52Z,2025-09-21T05:04:52Z,2026-09-19T00:23:13.927196+00:00,"yg bikin khawatir mobil listrik ya hanya batere nya, sayang cm 8thn. kebayang nge drop lgs bayar brp ya, karena info nya hatus ganti nya seglondong semua",,,negatif,,Human-Audit-GoldStandard,,,negatif,,True
UgykHTLCXR5nChkwLIl4AaABAg,z1fWo8tYynA,a60eb10f86be61d8062990923e2dc090f02aea18b308f760b9c1eb68b20462fd,Jir yang standard harganya naik 10jt skrg 😂,0,2026-08-08T17:55:50Z,2026-08-08T17:55:50Z,2026-09-19T00:23:13.239008+00:00,jir yang standard harganya naik 10jt skrg 😂,,netral,,,Human-Audit-GoldStandard,,netral,,,True
UgzsCZFoaVsvm76IjgB4AaABAg,fjWvVFT0vr0,2501d9946a7f0ee2ed0c1243e1bc41e4e670f44fdb55a2bfc2d1066f90599fed,Keren bgt interiornya,0,2025-07-29T01:19:50Z,2025-07-29T01:19:50Z,2026-09-19T00:23:07.333419+00:00,keren banget interiornya,,,positif,,Human-Audit-GoldStandard,,,positif,,True
UgzhQg1lEVola7CEneB4AaABAg,ccgG2mpCIHM,b73336d34da610cffa5dc271d3953dbeb4fb111e91a5870cbcf04ce92b16986a,Jaeco headlamp nya terang bgt,3,2026-05-03T21:20:08Z,2026-05-03T21:20:08Z,2026-09-19T00:28:54.749870+00:00,jaeco headlamp nya terang banget,,,positif,,Human-Audit-GoldStandard,,,positif,,True
Ugyk-DJVeXcMm9YMG6d4AaABAg,j_6L3j7vrOc,e54bca66ed071943d9224c49fd4ec8b224d3c9f77c659ad5fc3be2578ad949a1,"Semoga dengan harga segini, bisa memenuhi permintaan yang membludak",1,2025-11-18T04:14:05Z,2025-11-18T04:14:05Z,2026-09-19T00:23:05.069705+00:00,"semoga dengan harga segini, bisa memenuhi permintaan yang membludak",,netral,,,Human-Audit-GoldStandard,,netral,,,True
Ugx1FIfdb0MxmKO9RHh4AaABAg,fjWvVFT0vr0,bcff9a19d8a7721f655101e6d40e741404716790a1099a2e0a3b06524d7c1cd3,"Ini mobil bakal laku keras harga entry level 195jt design eropa dipandang dari sudut manapun cantik mantaaab, saya sudah test drive tarikan ok untuk mobil sekecil ini, liat ayla brio jadi kuno banget ❤👍",147,2025-07-26T04:10:57Z,2025-07-26T04:10:57Z,2026-09-19T00:23:06.549873+00:00,"ini mobil bakal laku keras harga entry level 195jt design eropa dipandang dari sudut manapun cantik mantaab, saya sudah test drive tarikan ok untuk mobil sekecil ini, liat ayla brio jadi kuno banget ❤👍",,positif,positif,,Human-Audit-GoldStandard,,positif,positif,,True
UgzHOJHpSsHvJKkZ7014AaABAg,fjWvVFT0vr0,5a9545f6907617901da1c97825c060948b5c89406b5a171be089be6d34221272,Terima kasih byd sudah release atto 1 di indonesia sehingga kami bisa merasakan mobil yg proper dengan harga terjangkau 😁,1,2025-12-15T15:06:51Z,2025-12-15T15:06:51Z,2026-09-19T00:23:07.333419+00:00,terima kasih byd sudah release atto 1 di indonesia sehingga kami bisa merasakan mobil yg proper dengan harga terjangkau 😁,,positif,,,Human-Audit-GoldStandard,,positif,,,True
UgwoZxCk5mz18FpT3zh4AaABAg,A9niV2791gs,aee03aac215567aba86c10966a9f4f8a24eed31db550363223316f9011566c89,"Walau tunggu lama dikit, tapi worth it dari segi performa(over power utk berat mobilnya) , kenyamanan cukup baik. Utk mid sized suv sangat memuaskan kalau dibanding dgn kelas mid sized auv japan yg jauh boros dan mahal operadional. Saya tunggu hampir 2 bulan Barusan dapat. Kalau di pikirkan produsen mobil tidaklah gampang seperti bikin martabak. Keluarin model sampai siap jualan perlu biaya dan tenaga masif yg saling dukung sampai siap di rumah pembeli.",4,2026-01-23T01:38:07Z,2026-01-23T01:38:07Z,2026-09-19T00:23:04.831083+00:00,"walau tunggu lama dikit, tapi layak it dari segi performa(over power untuk berat mobilnya) , kenyamanan cukup baik. untuk mid sized suv sangat memuaskan kalau dibanding dengan kelas mid sized auv japan yg jauh boros dan mahal operadional. saya tunggu hampir 2 bulan barusan dapat. kalau di pikirkan produsen mobil tidaklah gampang seperti bikin martabak. keluarin model sampai siap jualan perlu biaya dan tenaga masif yg saling dukung sampai siap di rumah pembeli.",,,positif,netral,Human-Audit-GoldStandard,,,positif,netral,True
UgyUYso9UzDBJB2wA514AaABAg,Bx-XDBdN7nA,48e667b0d1595465db2a55528845daaa4398ccabcc97ba2f9951664b8cd47260,"450km harga 299jt
Gokil",0,2026-04-24T01:52:08Z,2026-04-24T01:52:08Z,2026-09-19T00:23:02.435533+00:00,450km harga 299jt gokil,,positif,,,Human-Audit-GoldStandard,,positif,,,True
Ugz7GbQYviu5l4l3brh4AaABAg,A9niV2791gs,c77e0ace4fff793e712c92ee2d8793777d555420b88b429b624a760cc93a68ce,mobil J5 ini tenaganya kuat tarikan instant. klo di jalan bbrp x ketemu pasti yg bawa ugal . Dan lagi harganya murah jadi biasanya yg beli mental avanza yg cuma 130Nm tiba2 bawa 250Nm keatas langsung ugal ,2,2026-01-23T03:09:59Z,2026-01-23T03:09:59Z,2026-09-19T00:23:04.831083+00:00,mobil j5 ini tenaganya kuat tarikan instant. kalau di jalan bbrp x ketemu pasti yg bawa ugal . dan lagi harganya murah jadi biasanya yg beli mental avanza yg cuma 130nm tiba2 bawa 250nm keatas langsung ugal,,positif,positif,,Human-Audit-GoldStandard,,positif,positif,,True
Ugxcr1g9rSlDzIGCWx94AaABAg,9GTZD3la5qI,05567b380b6c3b8fe61d2b5f63aa56766747b2d309a5e5785b329d776000d23e,Kecelakan bkn hal alami?kok lucu kecelakaan mah alami mana ada kecelakaan itu direncanakan wuling wuling kasi syarat kok gk jelas dn gk niat,0,2024-01-13T15:51:00Z,2024-01-13T15:51:00Z,2026-09-27T14:02:24.340549+00:00,kecelakan bkn hal alami?kok lucu kecelakaan mah alami mana ada kecelakaan itu direncanakan wuling wuling kasi syarat kok tidak jelas dn tidak niat,,,,negatif,Human-Audit-GoldStandard,,,,negatif,True
Ugx71bP_I_9WvDTNmMR4AaABAg,w7zLKYpCozw,e88708f312b234a47437b9e635bccc9d82e4c03672be9321baea98cda2f30dab,"User interface HU nya pas di menu car setting aneh bgt.. backgroundnya mengganggu tulisan. Kayak gambar background error yg posisinya jadi aneh. Padahal sisi kiri layar kosong.
I just can't find enough justification to choose this over jaecoo J5. RWD alone is not enough to justify.",0,2025-12-18T14:17:36Z,2025-12-18T14:30:57Z,2026-09-19T00:23:14.691226+00:00,user interface hu nya pas di menu car setting aneh bgt.. backgroundnya mengganggu tulisan. kayak gambar background error yg posisinya jadi aneh. padahal sisi kiri layar kosong. i just can't find enough justification to choose this over jaecoo j5. rwd alone is not enough to justify.,,,negatif,,Human-Audit-GoldStandard,,,negatif,,True
Ugy2TciA3dnbdYWeh4h4AaABAg,9GTZD3la5qI,0edf61a1b2035f6a565e253148cca3e3bb620750d1f1b5ca04dd91ecda08c837,"Mantab luar biasa pak bos,benar benar mobil yang harus menggunakan part originalnya demi menjaga kualitas dan garansinya wah wah jhosss",0,2024-01-13T13:37:18Z,2024-01-13T13:37:18Z,2026-09-27T14:02:22.040959+00:00,"mantab luar biasa pak bos,benar benar mobil yang harus menggunakan part originalnya demi menjaga kualitas dan garansinya wah wah jhoss",,netral,,,Human-Audit-GoldStandard,,netral,,,True
UgzrWtgOTvyZBTbZRmt4AaABAg,j_6L3j7vrOc,bc27f8c974a47c91900642a252ef76ae5427b41f00b2ea86f7baf48f9304f142,Harga di luar Jakarta selisihnya bikin sedih kak.. brand lain di bali hny 8-9jt ini selisih 20juta,3,2025-11-16T11:22:25Z,2025-11-16T11:22:25Z,2026-09-19T00:23:05.069705+00:00,harga di luar jakarta selisihnya bikin sedih kak.. brand lain di bali hny 8-9jt ini selisih 20juta,,negatif,,,Human-Audit-GoldStandard,,negatif,,,True
UgyO0lhhM0c_PP7sBYJ4AaABAg,fjWvVFT0vr0,50ce0dd1223ec62bc580df929f80f87c017790264217bfc6e271c482b392b7df,Cakep nih mobil,0,2025-11-13T12:39:21Z,2025-11-13T12:39:21Z,2026-09-19T00:23:08.164869+00:00,cakep nih mobil,,,positif,,Human-Audit-GoldStandard,,,positif,,True
UgztNhVo35pI5_bC89N4AaABAg,Bx-XDBdN7nA,1bf3f97b6d49b39e7f9a9dcc2c3a4f68cfec43aadf7dc81ecdae5a834f9d516e,Ganteng mobilnya semoga banyak  dealernya,3,2025-11-16T08:05:23Z,2025-11-16T08:05:23Z,2026-09-19T00:23:00.712565+00:00,ganteng mobilnya semoga banyak dealernya,,,positif,,Human-Audit-GoldStandard,,,positif,,True
UgxH0AAcxP7hNoEFEhV4AaABAg,wWoTrVO2Hk4,28357b40e524dd72b90e2af2cf44964b46f79cc319853434bca7c0c7e5a0b894,Seharga Veloz..wkwk,0,2026-08-20T13:22:56Z,2026-08-20T13:22:56Z,2026-09-19T00:23:05.983222+00:00,seharga veloz..wkwk,,netral,,,Human-Audit-GoldStandard,,netral,,,True
UgyhXQiZEd76kp4c8Ad4AaABAg,Vu0ayycGXbI,88545f6645d6c311034f8fba2b3beeecf0c700ad28ec95b2235c3fa5ff486f16,Masalah fwd yg normal sulit naik dari diam walau tenaga gaban,6,2026-02-23T12:31:29Z,2026-02-23T12:31:29Z,2026-09-19T00:23:03.311589+00:00,masalah fwd yg normal sulit naik dari diam walau tenaga gaban,,,negatif,,Human-Audit-GoldStandard,,,negatif,,True
Ugycog1mT5uJeohTqCV4AaABAg,z1fWo8tYynA,473b019294bd95a068455497220a26bf9cad6b59a8553fd8cfc6084908c1a305,"Ku sudah SPK warna hitam premium, perdana punya mobil listrik",11,2025-09-17T17:06:05Z,2025-09-17T17:06:05Z,2026-09-19T00:23:10.960426+00:00,"ku sudah spk warna hitam premium, perdana punya mobil listrik",,,netral,,Human-Audit-GoldStandard,,,netral,,True
Ugw8nFn1saKb_Gvq8zB4AaABAg,dEJ4VEjH1AQ,eda30f99b68ba21e3ac06bee1467272093c6f6f7ff45406c07275d91bdf101ab,"Air ev dan binguo habis di acak-acak atto1, better binguo discontinue deh trus air ev main di harga 150jtan yg varian tertinggi (soalnya udh Facelift aja ttep gak dikasih ccs2) 150jtan biar bisa ttep bertahan vs lumin vinfast dll, dilema skrg malah di atto1 nambah dikit dapet ex2 lebih proper dari size dan fitur + akomodasi, ex2 cuma kalah sm jaecoo j5 menurut gw krn SUV, fitur, panoramic dan look yg lebih cakep. So tingkatan ev entry level under 300 ada vinfast lumin air ev (klo varian tinggi nya under 200jt dipastikan bisa bertahan), tambah budget dikit mending ambil atto1 5 pintu tp ukuran ttep ringkas, mau yg bagasi lebih lengkap depan, belakang dan kabin lega’an + rwd ambil ini ex2 rekomendasi nya. Klo mau lebih cakep fitur gokil jelas jaecoo j5 tahtah tertinggi mobil entry level, ini mobil 500jtan harga entry level.",6,2025-11-25T03:34:19Z,2025-11-25T03:45:22Z,2026-09-19T00:23:14.870779+00:00,"air ev dan binguo habis di acak-acak atto1, better binguo discontinue deh trus air ev main di harga 150jtan yg varian tertinggi (soalnya sudah facelift aja ttep tidak dikasih ccs2) 150jtan biar bisa ttep bertahan vs lumin vinfast dll, dilema skrg malah di atto1 nambah dikit dapet ex2 lebih proper dari size dan fitur + akomodasi, ex2 cuma kalah sama jaecoo j5 menurut gw karena suv, fitur, panoramic dan look yg lebih cakep. so tingkatan ev entry level under 300 ada vinfast lumin air ev (klo varian tinggi nya under 200jt dipastikan bisa bertahan), tambah budget dikit lebih baik ambil atto1 5 pintu tapi ukuran ttep ringkas, mau yg bagasi lebih lengkap depan, belakang dan kabin lega’an + rwd ambil ini ex2 rekomendasi nya. kalau mau lebih cakep fitur gokil jelas jaecoo j5 tahtah tertinggi mobil entry level, ini mobil 500jtan harga entry level.",,netral,netral,,Human-Audit-GoldStandard,,netral,netral,,True
UgyWZayrwx3-_5Xv2gt4AaABAg,jL5p1zZMNEM,9d921b662cc9414aed0d6b490c4dd0ab315297fcd8becd993d7aa17c94635cd9,"Sy udh ckup puas make cloud ev...
Nyaman...
Kl.soal jarak mmang sy plingan dpet real cmn 420an...
Sy bawa dari bandar lampung waykanan yg jrak nya 190an km,
Berangkat dgn batere 90% jarak sisa 410km nympe tjuan sisa 44% dgn jarak 207an...",10,2024-09-19T08:23:25Z,2024-09-19T08:23:25Z,2026-09-27T14:02:12.351850+00:00,"sy sudah ckup puas memakai cloud ev.. nyaman.. kl.soal jarak mmang sy plingan dpet real cmn 420an.. sy bawa dari bandar lampung waykanan yg jrak nya 190an km, berangkat dengan batere 90% jarak sisa 410km nympe tjuan sisa 44% dengan jarak 207an..",netral,,positif,,Human-Audit-GoldStandard,netral,,positif,,True
Ugz1CwYamNJU0pRyJu54AaABAg,ccgG2mpCIHM,2d97972cc5ddafdc0cc7346b7d51a7afee4a2930e7e1499f4aa00fc460d8a2a6,"Kesimpulannya 
Mobil listrik kalo habis baterai harus di touwing gak bisa di tarik mobil dari depan",0,2026-06-23T10:33:45Z,2026-06-23T10:33:45Z,2026-09-19T00:28:54.749870+00:00,kesimpulannya mobil listrik kalo habis baterai harus di touwing tidak bisa di tarik mobil dari depan,,,negatif,,Human-Audit-GoldStandard,,,negatif,,True
UgzMzYpEfeJu5paVF9Z4AaABAg,BFp1_jq3zVo,016b42480aba5ecc0690d92bef09f1549ac841eccd78f631bfe2dd3ba8cc4930,"Harga beda tipis sama ATTO 1, TAPI soal fitur, kenyamanan, tenaga, jangkauan, suspensi, feeling berkendaraan interior dan exterior BEDA JAUH sieh, mending ambil Geely EX2. Di China ini juga mobil paling laris",1,2026-07-12T07:41:34Z,2026-07-12T07:41:34Z,2026-09-19T00:23:14.379690+00:00,"harga beda tipis sama atto 1, tapi soal fitur, kenyamanan, tenaga, jangkauan, suspensi, feeling berkendaraan interior dan exterior beda jauh sieh, lebih baik ambil geely ex2. di china ini juga mobil paling laris",positif,,positif,,Human-Audit-GoldStandard,positif,,positif,,True
UgwiB7luFplPW8xV4a94AaABAg,A-qeEyGaJM0,cb7766aa7a50b39dc8ea036ab5e9b1e35f8857e2e428b6bd76b24a81304c7f8b,"Bgm jika Autonetmagz roadtrip di pulau sumatra dr jkt ke medan dgn mobil listrik krn di pulau jawa prasarana dan sarana spklu sudah bagus dan juga sudah banyak konten nya. Tampaknya lebih seru sekaligus explore mobilnya, pariwisatanya, dll.",2,2026-09-17T06:59:40Z,2026-09-17T06:59:40Z,2026-09-19T00:23:14.160865+00:00,"bgm jika autonetmagz roadtrip di pulau sumatra dari jkt ke medan dengan mobil listrik karena di pulau jawa prasarana dan sarana stasiun pengisian kendaraan listrik umum sudah bagus dan juga sudah banyak konten nya. tampaknya lebih seru sekaligus explore mobilnya, pariwisatanya, dll.",positif,,,,Human-Audit-GoldStandard,positif,,,,True
UgzAM9Si9lDic7yCkX94AaABAg,z1fWo8tYynA,af74203ece873751568b8435064dbb784314b821e5c8ac3d782abcb31dce7498,Habis olahraga di gbk spionnya ilang diambil orang timur bingung mau pulang gimana 😂 sensor nfcnya di spion,2,2025-12-29T07:51:38Z,2025-12-29T07:51:38Z,2026-09-19T00:23:12.527826+00:00,habis olahraga di gbk spionnya ilang diambil orang timur bingung mau pulang gimana 😂 sensor nfcnya di spion,,,negatif,,Human-Audit-GoldStandard,,,negatif,,True
Ugz3yYeDWvIHQ4msY5d4AaABAg,z1fWo8tYynA,5d2e80ae710baf6767b7314b953004f0b5271d109b3ceecdf035216a5b4512fb,Kartu nfc itu bisa di clone ke hp vivo yg ada fitur wallet digital. Bawa hp saja uda cukup,0,2025-09-18T13:39:34Z,2025-09-18T13:39:34Z,2026-09-19T00:23:13.927196+00:00,kartu nfc itu bisa di clone ke hp vivo yg ada fitur wallet digital. bawa hp saja uda cukup,,,netral,,Human-Audit-GoldStandard,,,netral,,True
UgzdBtnro0_vt8uDuGJ4AaABAg,fjWvVFT0vr0,de60829835d0ab73ddfb3addb3929d9bd4fd76cc24be9056bee3b752f7175c2c,"Blm mau mobil listrik krna harganya ga masuk di saya, ada harga yg masuk ga suka modelnya... and now boooooommm oke akhir thn spk mobil ini",20,2025-07-26T07:43:56Z,2025-07-26T07:43:56Z,2026-09-19T00:23:06.549873+00:00,"belum mau mobil listrik krna harganya tidak masuk di saya, ada harga yg masuk tidak suka modelnya.. and now boomm oke akhir thn spk mobil ini",,positif,positif,,Human-Audit-GoldStandard,,positif,positif,,True
Ugxb-gMxEaGJmll7Opx4AaABAg,SQJwC-QLsRk,efa66db696def1727d3806a97fac747915a6fc32ce205bc005da671e637b7b1a,"Mulai nglirik mobil EV krna pajaknya  murah, kalau ada rejeki bisa milih apa yg udah dipelajari +- nya.. Tpi peraturan pemerintah gk konsisten, pajaknya lebih mahal dari mobil bensin. Set dah, kebijakan yg gak bijak.",0,2026-04-26T09:16:28Z,2026-04-26T09:16:28Z,2026-09-19T00:23:15.652276+00:00,"mulai nglirik mobil ev krna pajaknya murah, kalau ada rejeki bisa milih apa yg udah dipelajari +- nya.. tpi peraturan pemerintah tidak konsisten, pajaknya lebih mahal dari mobil bensin. set dah, kebijakan yg tidak bijak.",,negatif,,,Human-Audit-GoldStandard,,negatif,,,True
UgxKrbOAf1Epzc1_nrd4AaABAg,fjWvVFT0vr0,08e95fb74cb67dc6f8cd62177c4549c4530bb6ed5d0d3e417fef99584839135e,"cakep , tapi Sayang listrik dirumah masih 900",0,2025-07-29T02:03:14Z,2025-07-29T02:03:14Z,2026-09-19T00:23:08.164869+00:00,"cakep , tapi sayang listrik dirumah masih 900",,,positif,,Human-Audit-GoldStandard,,,positif,,True
UgxJa0_0GRdxLD42KkB4AaABAg,Vu0ayycGXbI,841ec157a6da70093a00ebe928d8a55ec212815bf1398fbc65a07c7b226fbcea,"Yg kurang suka dari mobil ini bodynya kelebaran dan kegedean, klo misalnya ukuran masuk ke kelas small crossover dengan harga segitu pasti jauh lebih ganteng kyk jimny 5 door",0,2026-02-28T17:08:48Z,2026-02-28T17:08:48Z,2026-09-19T00:23:04.671044+00:00,"yg kurang suka dari mobil ini bodynya kelebaran dan kegedean, kalau misalnya ukuran masuk ke kelas small crossover dengan harga segitu pasti jauh lebih ganteng kyk jimny 5 door",,,negatif,,Human-Audit-GoldStandard,,,negatif,,True
UgwfKCLkPLJKY57cqSt4AaABAg,AOjceFDyYeM,97d60ff40740ce1f8a5b72329bebb017dabbc4f432be52661caaa1badfba43c2,"km 40rb, rek stir udah bunyi, kualitasnya parah sih ini",0,2026-01-30T14:22:36Z,2026-01-30T14:22:36Z,2026-09-27T14:02:19.136503+00:00,"km 40rb, rek stir udah bunyi, kualitasnya parah sih ini",,,negatif,,Human-Audit-GoldStandard,,,negatif,,True
UgwHpLBd6YRATWnYLLl4AaABAg,khAUeXPkWvg,fd420d4097c440643623c23f196a1532efc36e49808b8e53376ef885f2eb096a,"aahh wiper belakang😍 
sepele tp sgt sulit di mobil listrik",0,2025-09-30T06:05:54Z,2025-09-30T06:05:54Z,2026-09-27T14:02:18.015298+00:00,aahh wiper belakang😍 sepele tapi sgt sulit di mobil listrik,,,netral,,Human-Audit-GoldStandard,,,netral,,True
UgzaunnsGen7N7l-NuZ4AaABAg,z1fWo8tYynA,d0ef058ce76b9b8ab9580d091045255f57f94b3ccb2fa2a64f1f3e9749bce163,"Saya bukan pengemar mobil listrik.. tapi mobil ini layak dipertimbangin sih..
Worth pake banget dengan harga Dan fiturnya ❤",100,2025-09-17T19:11:09Z,2025-09-17T19:11:09Z,2026-09-19T00:23:10.960426+00:00,saya bukan pengemar mobil listrik.. tapi mobil ini layak dipertimbangin sih.. layak pakai banget dengan harga dan fiturnya ❤,,positif,positif,,Human-Audit-GoldStandard,,positif,positif,,True
UgxJFalLQ-DDcIIb7nt4AaABAg,z1fWo8tYynA,b932d8cb82a823f56c4015e4458608d449a1cef67725ae06691094e67996cea2,Mampus lo pabrikan overprice pelit fitur 😂,0,2025-09-20T13:58:51Z,2025-09-20T13:58:51Z,2026-09-19T00:23:13.927196+00:00,mampus lo pabrikan overprice pelit fitur 😂,,,netral,,Human-Audit-GoldStandard,,,netral,,True
UgwqRNDPNKWxPicdqbl4AaABAg,O-vAYJNfQEk,200040f1e82ba6c34905b0a99b8b1f2565c3787ba68b082435f77737f8f61de3,"Mobil keren dan asyik buat luar kota, luar biasa biasa sampai 400km",0,2025-08-07T11:36:43Z,2025-08-07T12:00:04Z,2026-09-27T14:02:12.888906+00:00,"mobil keren dan asyik buat luar kota, luar biasa biasa sampai 400km",positif,,,,Human-Audit-GoldStandard,positif,,,,True
Ugw3-Mirywjtps1k7Kd4AaABAg,Vu0ayycGXbI,69a393578045780d0400821b5a3ec0bf3ece00b38fd50445f49e71275047a6df,"Ban standard bawaan nya, kurang mencengkram permukaan jalan beraspal.",2,2026-05-12T07:15:05Z,2026-05-12T07:15:05Z,2026-09-19T00:23:03.311589+00:00,"ban standard bawaan nya, kurang mencengkram permukaan jalan beraspal.",,,negatif,,Human-Audit-GoldStandard,,,negatif,,True
UgzWQ577WfdVyTredvN4AaABAg,G_acqAJrRso,651c3121e89ccc5fcf1698779810b8f95d91d3e44a245523d9d75ffa11f99f63,"Masalahnya ini adalah mobil cina, kita lihatlah beberapa tahun terakhir merek cina itu saling makan sesama mereka. Siapa yang bisa jamin 3 atau 4 tahun kedepan merek ini masih ada di negara kita atau kalaupun masih ada layanannya mungkin harganya dah jatuh banyak",0,2026-08-16T13:54:43Z,2026-08-16T13:54:43Z,2026-09-18T04:38:32.144167+00:00,"masalahnya ini adalah mobil cina, kita lihatlah beberapa tahun terakhir merek cina itu saling makan sesama mereka. siapa yang bisa jamin 3 atau 4 tahun kedepan merek ini masih ada di negara kita atau kalaupun masih ada layanannya mungkin harganya dah jatuh banyak",,netral,,netral,Human-Audit-GoldStandard,,netral,,netral,True
UgzVREJt4Lx7TWfmvO94AaABAg,4f36QI6CVtc,b92c77f38057a7583e189e6ddfce66dc63b0571c420c60b1acdf281f84691160,"Koh saya jg pengguna atto 1, pernah 1 bulan full cek dan catat sendiri pemakaian daya dari PLN untuk charge vs daya yg masuk batere, memakai smartplug jd kliatan total daya keluar dari colokan rumah. Ketemu di efisiensi rata2 75-80%. Jadi misal untuk ngisi atto 1 dynamic 100% 31 kwh, perlu sekitar 38 kwh dari listrik rumah, biaya jd 65rb, bukan 50rb😁

Catatan: memakai portable charger, makin rendah awal soc makin efisien, pernah mencapai >90%👍",0,2026-09-08T00:22:18Z,2026-09-08T00:22:18Z,2026-09-27T14:02:14.434487+00:00,"koh saya jg pengguna atto 1, pernah 1 bulan full cek dan catat sendiri pemakaian daya dari pln untuk charge vs daya yg masuk batere, memakai smartplug jd kliatan total daya keluar dari colokan rumah. ketemu di efisiensi rata2 75-80%. jadi misal untuk ngisi atto 1 dynamic 100% 31 kwh, perlu sekitar 38 kwh dari listrik rumah, biaya jd 65rb, bukan 50rb😁 catatan: memakai portable charger, makin rendah awal soc makin efisien, pernah mencapai >90%👍",,netral,netral,,Human-Audit-GoldStandard,,netral,netral,,True
Ugz7B22EQhIHw40zYf54AaABAg,fjWvVFT0vr0,65726fbfbdcfe0fd1c57cd99c14ad32b52977b7bcc1d3d5cea4ab5b6a3e5f33b,cocok harga mobil skrg diluar nurul. apa gara gara monopoli 2 merk. jadi kaya kartel/mafia bsa menentukan harga se enaknya,0,2025-08-02T11:26:21Z,2025-08-02T11:26:21Z,2026-09-19T00:23:09.886682+00:00,cocok harga mobil skrg diluar nurul. apa gara gara monopoli 2 merk. jadi kaya kartel/mafia bsa menentukan harga se enaknya,,positif,,,Human-Audit-GoldStandard,,positif,,,True
UgxRFNPSrc8R3RAfbXJ4AaABAg,l8fPSUqdmOM,2c6d2b9fb471eef4c1d42d3b854028b4c1581857db88e514a4613a807e104599,Mantap bos egamikirin bensin aku orang kampung cocok ega kalow diperkampungan,0,2026-03-06T05:42:14Z,2026-03-06T05:42:14Z,2026-09-27T14:02:15.000262+00:00,bagus bos egamikirin bensin aku orang kampung cocok ega kalow diperkampungan,positif,,,,Human-Audit-GoldStandard,positif,,,,True
UgxffvB9KeOje304Q714AaABAg,IMO53AFzSZU,ad490e94b98f761f8e256eed1487311c5ffa365220b93d304c22a19865356cd4,"Sudah benar lah punya aplikasi grab car / go car / Maxim car saja. 
Gak ada drama servis pajak cas garasi mobil dll. 
Cukup klik pesan sampai di tujuan.. 
Resiko nabrak ?? 
Driver yg tanggung",0,2026-08-30T16:28:55Z,2026-08-30T16:28:55Z,2026-09-27T14:02:20.682299+00:00,sudah benar lah punya aplikasi grab car / go car / maxim car saja. tidak ada drama servis pajak isi daya garasi mobil dll. cukup klik pesan sampai di tujuan.. resiko nabrak ?? driver yg tanggung,netral,netral,,netral,Human-Audit-GoldStandard,netral,netral,,netral,True
Ugzw143U9cJNf8TLljN4AaABAg,bC7X9DplrIc,61dc2bca3de47ef31423702431be1d91579fd8af13279d2ea92ec64206358701,Sukanya mobil listrik harga barunya semakin menggiurkan gara2 perang teknologi mobil listrik dan promo2 baru tiap brand,5,2026-03-04T15:21:38Z,2026-03-04T15:21:38Z,2026-09-19T00:23:14.522723+00:00,sukanya mobil listrik harga barunya semakin menggiurkan gara2 perang teknologi mobil listrik dan promo2 baru tiap brand,,positif,,,Human-Audit-GoldStandard,,positif,,,True
Ugzdi9H2v0sIejnjGe54AaABAg,A9niV2791gs,06367b32dfac6aa4448599f832e9ce3e2979e9f0f3bfa67b5e840d0fce750059,"SPK 11 Nov '25, tgl 17 Januari diinfoin No Rangka, Infonya sekitar Minggu depan atau Minggu pertama Februari udah delivery. harga tetap nggk ada perubahan sesuai info diawal SPK, ttp 312jt (OTR Surabaya, 299,9jt itu OTR Jabodetabek ya gaes).",2,2026-01-25T23:29:46Z,2026-01-25T23:29:46Z,2026-09-19T00:23:04.831083+00:00,"spk 11 nov '25, tgl 17 januari diinfoin no rangka, infonya sekitar minggu depan atau minggu pertama februari udah delivery. harga tetap nggk ada perubahan sesuai info diawal spk, ttp 312jt (otr surabaya, 299,9jt itu otr jabodetabek ya gaes).",,netral,,netral,Human-Audit-GoldStandard,,netral,,netral,True
UgxlCGO6R6mxaWoGoPd4AaABAg,fjWvVFT0vr0,d377bfd80a1a8dc737b6560d6f937c6b91249b53f5da367b6819eceba33784b1,masih wait and see 5-8 tahun kedepan untuk beli mobil listrik. semoga after sales service lebih cepat perbaikannya,0,2025-07-30T05:03:53Z,2025-07-30T05:03:53Z,2026-09-19T00:23:08.164869+00:00,masih wait and see 5-8 tahun kedepan untuk beli mobil listrik. semoga after sales service lebih cepat perbaikannya,,,,netral,Human-Audit-GoldStandard,,,,netral,True
UgwidP2Tv-a7dA4QajB4AaABAg,W3G8V7xV3-Y,a9d46777af38066a75b73ab8a32e264b4df01fcd4316b91de3d04f62d2ff861f,"Waduh.. itu mah sekali pakai, seumur hidup harus pakai mobil yg sama.. Mau di jual, bakal susah karena tangan kedua tidak ada waranti..",0,2025-02-19T10:17:00Z,2025-02-19T10:17:00Z,2026-09-27T14:02:25.659868+00:00,"waduh.. itu mah sekali pakai, seumur hidup harus pakai mobil yg sama.. mau di jual, bakal susah karena tangan kedua tidak ada waranti..",,negatif,,,Human-Audit-GoldStandard,,negatif,,,True
Ugzxd7_byK-qJyP9-B54AaABAg,z1fWo8tYynA,aa8c57453168103e827767aa4ce634d354840f8cdcc11ea7f89ee0934d940685,"jgn buru2 beli mobil china 😂 

rugi boss 😂😂",1,2025-09-18T12:19:10Z,2025-09-18T12:19:10Z,2026-09-19T00:23:13.927196+00:00,jangan buru2 beli mobil china 😂 rugi boss 😂😂,,negatif,,,Human-Audit-GoldStandard,,negatif,,,True
UgxwlEcCdYFZ7g-5lUV4AaABAg,dEJ4VEjH1AQ,5c8300e326f2f515ece1a83944a370a16f3f28754857a8449e67f6589daa8d61,Mobil Geely semuanya rwd ya? Sangat menarik klo masuk mobil 7 seater geely harga di bawah 300jt :D,3,2025-11-25T00:52:39Z,2025-11-25T00:52:39Z,2026-09-19T00:23:14.870779+00:00,mobil geely semuanya rwd ya? sangat menarik kalau masuk mobil 7 seater geely harga di bawah 300jt :d,,,netral,,Human-Audit-GoldStandard,,,netral,,True
Ugz4jVxhpC8sVu7npXx4AaABAg,9GTZD3la5qI,d8cb9ec151412dffb859a0d151170488322dbd4f1d5e1e251be89edcd865bc84,"Seharusnya berapa ya harga wajarnya wuling ini😁,  setelah Mg4 EV kasih hrg 40O jutaan bawah, next pasti Hyundai bakal keluarin kona EV dgn harga dibawah ionic5 mgkn hrg 400an atas 500an bawah",2,2024-01-13T06:39:00Z,2024-01-13T06:39:00Z,2026-09-27T14:02:23.207162+00:00,"seharusnya berapa ya harga wajarnya wuling ini😁, setelah mg4 ev kasih hrg 40o jutaan bawah, next pasti hyundai bakal keluarin kona ev dengan harga dibawah ionic5 mgkn hrg 400an atas 500an bawah",,netral,,,Human-Audit-GoldStandard,,netral,,,True
Ugwc90FPUX3ai_u4Lqx4AaABAg,W3G8V7xV3-Y,4c5510a7b6b3a0c0de9b878b7624f2d325e139d7db819d03757474a68ad3ff6b,"Garansi 8 tahun masih berlaku walaupun sudah pindah tangan,",2,2024-06-05T12:44:08Z,2024-06-05T12:44:08Z,2026-09-27T14:02:25.659868+00:00,"garansi 8 tahun masih berlaku walaupun sudah pindah tangan,",,,,netral,Human-Audit-GoldStandard,,,,netral,True
UgzoWzzHvuejQc2q7dZ4AaABAg,G_acqAJrRso,77c678642b41e31b5d88e5b0f865ba6ea3e94174a30f5e94e3228d1bac699b35,"setelah 2 tahun mantau perkembangan EV di indonesia, akhirnya memutuskan untuk ""menyetrum"" diri dengan jaecoo j5 ini.

sebelumnya, sudah test drive;
xpeng G6, geely EX5 max dan starray, MG4ev (di awal2 rilis pas info CKD nya potong harga gede), BYD seallion, dan BYD Atto 1.

akhirnya decide dengan j5.

menurut saya, dari seluruh unit yang saya test drive, urutan yang paling enak;
- starray, J5, dan atto 1.

sisanya? bukan ga enak, tapi saya per tahun total trip hampir 40rb km kombinasi dari palisade 2024 dan bmw f10, berasa mobil2 yang saya test itu terlalu empuk & ada kesan melayang, seperti naik perahu. malah di EX5 berasa agak mual saat test drive di PIK 2 saat event mandiri fest. 

sudah sempat SPK geely EX5, akhirnya saya cancel dan jadinya ambil J5 pasca pengumumannya.

sudah test drive juga, driving feedbacknya menurut saya salah satu yang cukup ""dekat"" dengan pengalaman berkendara ICE, terasa ""napak"".",15,2025-11-14T14:26:06Z,2025-11-14T14:26:06Z,2026-09-18T04:38:32.144167+00:00,"setelah 2 tahun mantau perkembangan ev di indonesia, akhirnya memutuskan untuk ""menyetrum"" diri dengan jaecoo j5 ini. sebelumnya, sudah test drive; xpeng g6, geely ex5 max dan starray, mg4ev (di awal2 rilis pas info ckd nya potong harga gede), byd seallion, dan byd atto 1. akhirnya decide dengan j5. menurut saya, dari seluruh unit yang saya test drive, urutan yang paling enak; - starray, j5, dan atto 1. sisanya? bukan tidak enak, tapi saya per tahun total trip hampir 40rb km kombinasi dari palisade 2024 dan bmw f10, berasa mobil2 yang saya test itu terlalu empuk & ada kesan melayang, seperti naik perahu. malah di ex5 berasa agak mual saat test drive di pik 2 saat event mandiri fest. sudah sempat spk geely ex5, akhirnya saya cancel dan jadinya ambil j5 pasca pengumumannya. sudah test drive juga, driving feedbacknya menurut saya salah satu yang cukup ""dekat"" dengan pengalaman berkendara ice, terasa ""napak"".",,,netral,,Human-Audit-GoldStandard,,,netral,,True
Ugx-pRVM3DNAwci7IS14AaABAg,fjWvVFT0vr0,a56275aab2c13946a5e3519db121562720da624ca25d843ed550be8269bedc61,Yg di khawatirkan cuma batre hya doank usianya entah sampai kapan 😊,0,2025-07-26T08:17:02Z,2025-07-26T08:17:02Z,2026-09-19T00:23:08.935049+00:00,yg di khawatirkan cuma baterai hya doank usianya entah sampai kapan 😊,,,negatif,,Human-Audit-GoldStandard,,,negatif,,True
UgwYthz0LXVQvHnTA-x4AaABAg,J00aDzfK8WQ,87313c73817e9af48cc54ec523538acd3b68652d90eb9b7c87fec56726ce7ccd,"Kenapa sih banyak EV yg gak dibuat kayak mobil ICE biasa aja? Transmisi di konsol tengah, tuas sein di kanan dan wiper di kiri (sebaliknya untuk mobil eropa). Kalo pindah-pindah kayak gini bikin kagok dan malah rawan celaka karena muscle memory yg perlu di adjust lagi.",5,2026-05-25T23:06:03Z,2026-05-25T23:06:03Z,2026-09-19T00:23:10.549263+00:00,"kenapa sih banyak ev yg tidak dibuat kayak mobil ice biasa aja? transmisi di konsol tengah, tuas sein di kanan dan wiper di kiri (sebaliknya untuk mobil eropa). kalo pindah-pindah kayak gini bikin kagok dan malah rawan celaka karena muscle memory yg perlu di adjust lagi.",,,negatif,,Human-Audit-GoldStandard,,,negatif,,True
Ugxc3nQHI8eFTT1Ue1d4AaABAg,A9niV2791gs,cfff5de7b781b57ae61c22b039e6a0825a8d658b0aa493a30a5a1b80630fc430,"shortcut/tombol ac fisik, ga ada, 
merepotkan .....

skip nih mobil",2,2026-01-23T03:00:48Z,2026-01-23T03:00:48Z,2026-09-19T00:23:04.831717+00:00,"shortcut/tombol ac fisik, tidak ada, merepotkan .. skip nih mobil",,,negatif,,Human-Audit-GoldStandard,,,negatif,,True
UgxjQah8UWmbodLONo14AaABAg,Bx-XDBdN7nA,66d5e66729a4f093744465c8300bc193efd1ad027da0169bbaad79dad0663f03,Tp di Batam 300 keatas harga nya,0,2025-11-17T13:31:20Z,2025-11-17T13:31:20Z,2026-09-19T00:23:02.435533+00:00,tapi di batam 300 keatas harga nya,,netral,,,Human-Audit-GoldStandard,,netral,,,True
UgzaYodv4lw9syEv8TJ4AaABAg,Bx-XDBdN7nA,46ff29255bd43453f0fc2cfd73990e56bdd1fa53ee49ecb5c1126c1fdd05af5f,"1 tahun beli dealer gulung tikar, kira2 mau kemana servicenya. 😂",0,2025-11-21T16:40:54Z,2025-11-21T16:40:54Z,2026-09-19T00:23:01.508913+00:00,"1 tahun beli dealer gulung tikar, kira2 mau kemana servicenya. 😂",,,,negatif,Human-Audit-GoldStandard,,,,negatif,True
UgyH8MXABhShAHQuBf94AaABAg,l8fPSUqdmOM,d9f568ccfa7f12c396016bd1bf214fd4d2c22431f41c7a00ffc40a60edf526da,"Koh, top speed nya brp? Air ev saya odo masih under 500km, di gas sampe mentok cm dapet 107km/h. Hehe. Td coba ngintip di Kokoh 106 ya?",0,2025-02-25T16:37:09Z,2025-02-25T16:37:09Z,2026-09-27T14:02:16.602859+00:00,"koh, top speed nya brp? air ev saya odo masih under 500km, di gas sampe mentok cm dapet 107km/h. hehe. td coba ngintip di kokoh 106 ya?",,,netral,,Human-Audit-GoldStandard,,,netral,,True
UgyYTJKo_g28mqS3tMp4AaABAg,Bx-XDBdN7nA,980af50c42127f6d3fc5dff655d7a50a8e633d129511386bfaee7c6dc2943bb7,Cihuyyyyyy...mobil listrik gede harga ayla....,43,2025-11-16T05:09:50Z,2025-11-16T05:09:50Z,2026-09-19T00:23:00.712565+00:00,cihuyy..mobil listrik gede harga ayla..,,positif,positif,,Human-Audit-GoldStandard,,positif,positif,,True
UgzBqbGaqwBgez4iO4x4AaABAg,Vu0ayycGXbI,33c29b9fdc08c2a4fd0583b0705e42b292e1acc7a72e46227ff479911a8ba1fd,Bahas mg5 ev dong. Keren bener dah harga 300jtan  dapat nya ok bgt,1,2026-02-23T10:14:05Z,2026-02-23T10:14:05Z,2026-09-19T00:23:04.027191+00:00,bahas mg5 ev dong. keren bener dah harga 300jtan dapat nya ok banget,,positif,,,Human-Audit-GoldStandard,,positif,,,True
Ugx2h5IakFt88EkHVDt4AaABAg,l8fPSUqdmOM,f0b4a2c8bad37bc4ed16c5d44fe3e368763f6b51963da8ebd2bca6b1b2dedc8f,"Sy iseng coba dari tangerang ke bandung pakai yang standard range sampai bandung masih sisa 22 persen, kalau dari bandung ke jakarta sisa 40 persen an ko 😂",0,2025-02-25T03:54:01Z,2025-02-25T03:54:01Z,2026-09-27T14:02:17.415591+00:00,"sy iseng coba dari tangerang ke bandung pakai yang standard range sampai bandung masih sisa 22 persen, kalau dari bandung ke jakarta sisa 40 persen an ko 😂",positif,,,,Human-Audit-GoldStandard,positif,,,,True
UgxfJ8hhn29HeOkAyu94AaABAg,fjWvVFT0vr0,d845566b0dfec88ce0350a7cdffa455256cc5873732408fae5c94e70abdd1234,"Dg harga sgtu, seharga mbl pickup ringan... AsliKeren bgt ❤",0,2025-10-10T13:41:35Z,2025-10-10T13:41:35Z,2026-09-19T00:23:07.332434+00:00,"dg harga sgtu, seharga mbl pickup ringan.. aslikeren banget ❤",,positif,,,Human-Audit-GoldStandard,,positif,,,True
Ugwv1YmzQDqhFlusr6t4AaABAg,dEJ4VEjH1AQ,980af50c42127f6d3fc5dff655d7a50a8e633d129511386bfaee7c6dc2943bb7,"Luas...gedeeee....power....gak ribet isi etanol bahlul bikin rusak mesin 20 -70 juta...
Gooo EV",22,2025-11-24T12:44:54Z,2025-11-24T12:44:54Z,2026-09-19T00:23:14.870779+00:00,luas..gedee..power..gak ribet isi etanol bahlul bikin rusak mesin 20 -70 juta.. goo ev,,,positif,,Human-Audit-GoldStandard,,,positif,,True
UgwLh-cZswudrZjrAbF4AaABAg,G_acqAJrRso,4edac38167b4380357ef5003e114f987c3bd4765d4b2a1644d632e097b8daeaa,Di negri asal nya kan juga murah  cuma di Konoha aja semua mobil mahal😂,0,2025-11-21T04:48:54Z,2025-11-21T04:48:54Z,2026-09-18T04:38:31.419348+00:00,di negri asal nya kan juga murah cuma di konoha aja semua mobil mahal😂,,negatif,,,Human-Audit-GoldStandard,,negatif,,,True
UgxpKsfVmMrb_EiebtN4AaABAg,z1fWo8tYynA,36aeee59d4014152b4b6d1d88bd9e4bd0f0b841183f4377cfc82441d97efc374,"Saya suka Liat nya 
Body ukuran standar gak Lebar kayak BYD SEALION...

duit sih jauh dari kata bisa beli ...boro boro buat saya 

Saya cuman Sebagai Pengemudi nya mobil BBM aja 😅",0,2025-11-11T05:26:39Z,2025-11-11T05:26:39Z,2026-09-19T00:23:12.527826+00:00,saya suka liat nya body ukuran standar tidak lebar kayak byd sealion.. duit sih jauh dari kata bisa beli ..boro boro buat saya saya cuman sebagai pengemudi nya mobil bbm aja 😅,,,netral,,Human-Audit-GoldStandard,,,netral,,True
UgyT_B4wRu_F9dysfv14AaABAg,9GTZD3la5qI,5ca837caf64e0217ec707faa67653b1f1ff0c0676fc683ab53bc3b1f410c9916,Yg pasti garansi seumur hidup jangan bohong,1,2024-01-13T06:10:36Z,2024-01-13T06:10:36Z,2026-09-27T14:02:22.040959+00:00,yg pasti garansi seumur hidup jangan bohong,,,,netral,Human-Audit-GoldStandard,,,,netral,True
UgzNZ6yp21AlalIYlLN4AaABAg,z1fWo8tYynA,2cd192fddbb8fedaf8b98aa9bf2349e59dd5a07091f5f0de64f41a68320e8745,Ga ada ban cadangan hanya ada tire car kit,0,2026-03-21T11:34:07Z,2026-03-21T11:34:07Z,2026-09-19T00:23:12.527826+00:00,tidak ada ban cadangan hanya ada tire car kit,,,negatif,,Human-Audit-GoldStandard,,,negatif,,True
Ugy8c0XIpAmCL-PRKv94AaABAg,G_acqAJrRso,5272e2dee898d8a6513b67c0cfaa3af64437597cfcdc445b94e65c4e78b349b4,"ini mobil lengkap banget sih fitur2nyah  rasa ingin memilikinya pasti ada ...aku doakan di thn2026 semua sobat you tube terqobul hajat dan cita2nya  pada punya mobil mopang atau mocin mobil idamannya beli secara  kontan / kredit syariah  ,salam sukses dan sehat selalu mudah rizqi 🤲❤",1,2025-11-15T13:51:41Z,2026-01-01T12:48:05Z,2026-09-18T04:38:31.419348+00:00,"ini mobil lengkap banget sih fitur2nyah rasa ingin memilikinya pasti ada ..aku doakan di thn2026 semua sobat you tube terqobul hajat dan cita2nya pada punya mobil mopang atau mocin mobil idamannya beli secara kontan / kredit syariah ,salam sukses dan sehat selalu mudah rizqi 🤲❤",,,positif,,Human-Audit-GoldStandard,,,positif,,True
Ugy5KvV_QMfAu0Ylrml4AaABAg,G_acqAJrRso,92f95be3ba3fba8ed06e242b890b8a28919acceb4afdd59f23e2d60ea6550246,"bahanya kaya krupuk..maaf guys,,tetap ya ada harga ada kualitas..",0,2025-11-15T11:16:49Z,2025-11-15T11:16:49Z,2026-09-18T04:38:32.144167+00:00,"bahanya kaya krupuk..maaf guys,,tetap ya ada harga ada kualitas..",,,negatif,,Human-Audit-GoldStandard,,,negatif,,True
UgzaHMC2o42VDlmK6E14AaABAg,z1fWo8tYynA,ebff882aa9b732a5a3832e02a2fcb79b64d1ff8381ef48de66eea8ddc6b83641,"In Indonesia premium package: € 11,000
In very poor nature Europe especially The Netherlands the basic package starts from € 23,000 🤣🤣🤣🤣

BYD Seagull/Dolphin Surf/Dolphin Mini/Atto 1 

Original design by Lamborghini's designer himself Wolfgang Egger. 
The end of the Japanese automotive industry colonization in Indonesia. 
Thanks to China the automotive industry colonization is also about to end in Southeast Asia. 
I would say culture of hypocrisy instead of respect and manner.
Real rich will never colonize and scam others so sadistically like Japan, the west, etc.. 
The entire northern hemisphere was and will always be the true poorest of the world according me a complete multiracial born Indonesian living around the world all alone since a child.
Even the world map is on purpose belittling Huge Super Rich Indonesia since hundreds of years. The only world's ""The Emerald of The Equator"".",0,2025-09-23T11:54:02Z,2025-09-23T11:54:02Z,2026-09-19T00:23:13.927196+00:00,"in indonesia premium package: € 11,00 in very poor nature europe especially the netherlands the basic package starts from € 23,00 🤣🤣 byd seagull/dolphin surf/dolphin mini/atto 1 original design by lamborghini's designer himself wolfgang egger. the end of the japanese automotive industry colonization in indonesia. thanks to china the automotive industry colonization is also about to end in southeast asia. i would say culture of hypocrisy instead of respect and manner. real rich will never colonize and scam others so sadistically like japan, the west, etc.. the entire northern hemisphere was and will always be the true poorest of the world according me a complete multiracial born indonesian living around the world all alone since a child. even the world map is on purpose belittling huge super rich indonesia since hundreds of years. the only world's ""the emerald of the equator"".",,netral,,,Human-Audit-GoldStandard,,netral,,,True
UgyKr5bl7F2AH7ZK5l94AaABAg,z1fWo8tYynA,6fa98b63b9e5f3d9cc03fa4414f75a4fe8b3dd2af58e94a0e2eae13df117777d,Apa serunyaa pke mobil gada suaranya dan musti ganti battery lagi,0,2025-10-05T16:01:51Z,2025-10-05T16:01:51Z,2026-09-19T00:23:13.239008+00:00,apa serunyaa pke mobil gada suaranya dan musti ganti battery lagi,,negatif,negatif,,Human-Audit-GoldStandard,,negatif,negatif,,True
Ugz-VkBsSnsZnZo2Vch4AaABAg,AOjceFDyYeM,3c583cf32d77e1654440db5368c5bc51c0382affa8912bb5f27dbc9997b8e56a,"Murah banget,nggak kayak mobil bensin,mahal😂",0,2025-12-07T09:17:49Z,2025-12-07T09:17:49Z,2026-09-27T14:02:20.222873+00:00,"murah banget,nggak kayak mobil bensin,mahal😂",,positif,,,Human-Audit-GoldStandard,,positif,,,True
UgzrSEO24UuM6xzPZVx4AaABAg,IMO53AFzSZU,3617266309e51d9e89d01972f18a2057981b03f135bbe323b32b579985fad5ba,Kualitas Mobcin baru 2th sdh spt itu beda dg Jepang meski dipake 15th masih jozz,1,2026-08-24T13:47:46Z,2026-08-24T13:47:46Z,2026-09-27T14:02:20.682299+00:00,kualitas mobcin baru 2th sudah spt itu beda dg jepang meski dipake 15th masih jozz,,,negatif,,Human-Audit-GoldStandard,,,negatif,,True
Ugybeivf8bS1NakJuJ14AaABAg,l8fPSUqdmOM,2d3e466d66e69f52621a32f7f04fe54d2f630abfc413af94184ffb46c3cf5c0f,"Jadi makin pengen minang air ev ini,, keknya praktis irit gitu. Kalo seken masih Oke nggak ya??",0,2025-05-01T07:49:00Z,2025-05-01T07:49:00Z,2026-09-27T14:02:15.000262+00:00,"jadi makin pengen minang air ev ini,, keknya praktis irit gitu. kalo seken masih oke tidak ya??",,,positif,,Human-Audit-GoldStandard,,,positif,,True
Ugw8hIerxayP3xkkZfh4AaABAg,A-qeEyGaJM0,03056de4301f0a3c3c2aee0fcac56dd37bf0c248f652581f142b6156b3cd21b1,"Perbandingan Utk sekelas moblis uk compact dgn kec rata"" 90-100 kpj, dgn daya full ""katanya"" bisa 390 km full charging, ternyata konsumsi listriknya boros bgt yaa jika di lihat ternyata ga sampe 300 Km dgn kondisi dr 100-1 % jika di tol dgn kecepatan konstan 😢jatuhnya di hitung"" hampir kek biaya mobil ice small mpv yg konsumsi Pertalite :v",0,2026-09-16T12:04:18Z,2026-09-16T12:05:58Z,2026-09-19T00:23:14.162400+00:00,"perbandingan untuk sekelas moblis uk compact dengan kec rata"" 90-100 kpj, dengan daya full ""katanya"" bisa 390 km full charging, ternyata konsumsi listriknya boros banget yaa jika di lihat ternyata tidak sampe 300 km dengan kondisi dari 100-1 % jika di tol dengan kecepatan konstan 😢jatuhnya di hitung"" hampir kek biaya mobil ice small mpv yg konsumsi pertalite :v",negatif,,,,Human-Audit-GoldStandard,negatif,,,,True
UgxB8bbj52BhQWHmNG14AaABAg,G_acqAJrRso,b048c3ae31dda469aa0fe3c5c60a12fa7e3761085e2ec246ec65762b6da896c2,Mobil mobil China emank gokil gokil terobosan nya apalagi mobil ev ...semua keren dan fitur dah canggih,1,2026-06-06T20:23:07Z,2026-06-06T20:23:07Z,2026-09-18T04:38:30.738340+00:00,mobil mobil china emank gokil gokil terobosan nya apalagi mobil ev ..semua keren dan fitur dah canggih,,,positif,,Human-Audit-GoldStandard,,,positif,,True
UgzU1uvrmiaNAd0ScOZ4AaABAg,Bx-XDBdN7nA,a766bb35646364b68a3df7ccd89a79a06e25b8dea7f4c063f9643d08c4d0fe31,Jaecoo itu merek SUV Premium. Jadi harga 'murah' cuma 1000 pembeli pertama saja. Sekarang sudah kosong. Yang ada harga normal ya guys.,0,2025-11-16T08:10:41Z,2025-11-16T08:10:41Z,2026-09-19T00:23:02.435533+00:00,jaecoo itu merek suv premium. jadi harga 'murah' cuma 100 pembeli pertama saja. sekarang sudah kosong. yang ada harga normal ya guys.,,netral,positif,,Human-Audit-GoldStandard,,netral,positif,,True
UgzSdr83gDhz-o8mZ2d4AaABAg,4f36QI6CVtc,9569cd8a5001fa49edc844f08089fb5a64c5399beb492fbd093a73f21095a447,"air ev standar 2022 saya sdh  55rb km , 100 ke 63%  aja sdh 100km jalan",3,2026-09-07T13:09:18Z,2026-09-07T13:09:18Z,2026-09-27T14:02:14.434487+00:00,"air ev standar 2022 saya sudah 55rb km , 100 ke 63% aja sudah 100km jalan",netral,,,,Human-Audit-GoldStandard,netral,,,,True
UgydGr_pHcgvNOcWtcR4AaABAg,z1fWo8tYynA,6cf13c3f594ec42c457d43ffae4d7cac6a5bb6750c1d6f182425ec8e16ebc5e9,menurut saya kl proporsi jendela pintu belakangnya diperbesar dan posisi handle pintunya dkt dgn jendelanya bakal lbh pas,2,2025-09-18T05:22:57Z,2025-09-18T05:22:57Z,2026-09-19T00:23:11.766454+00:00,menurut saya kalau proporsi jendela pintu belakangnya diperbesar dan posisi handle pintunya dkt dengan jendelanya bakal lbh pas,,,netral,,Human-Audit-GoldStandard,,,netral,,True
UgxVVZdI8_BtKJ1djcR4AaABAg,jL5p1zZMNEM,0b1f02466445d36cec0972c7f530411339f7617b571438b8297b315ff788eaa8,Kemungkinan faktor umur ev mempengaruhi ketahanan/kesehatan baterai juga walau sama-sama di kondisi 100%,0,2024-09-19T04:13:19Z,2024-09-19T04:13:19Z,2026-09-27T14:02:12.351850+00:00,kemungkinan faktor umur ev mempengaruhi ketahanan/kesehatan baterai juga walau sama-sama di kondisi 100%,,,netral,,Human-Audit-GoldStandard,,,netral,,True
UgwpwrXgBj-bXN0Rcip4AaABAg,A9niV2791gs,75418d3ca11111495895599e6375ad69c1e7c6fc6eebfbc22d66cbf2969cff64,"Uda dpt unit nya tgl 14 Jan kmrn. Spk 3 Nov pas loncing, pelunasan tgl 18 Nov. Uda hopeless nunggu nya. Mesen putih dpt Abu. Malah lbh bagus Abu nya. Bisa kayak berubah2 wrn nya tergantung terang gelap. Marah2 dulu ka ke dealer nya. Baru dikasi no rangka. Bs buat ke plan psg listrik baru buat ev. Masi dpt diskon 50%.",22,2026-01-23T01:52:28Z,2026-01-23T01:52:28Z,2026-09-19T00:23:04.831083+00:00,"uda dapat unit nya tgl 14 jan kmrn. spk 3 nov pas loncing, pelunasan tgl 18 nov. uda hopeless nunggu nya. mesen putih dapat abu. malah lbh bagus abu nya. bisa kayak berubah2 wrn nya tergantung terang gelap. marah2 dulu ka ke dealer nya. baru dikasi no rangka. bs buat ke plan psg listrik baru buat ev. masi dapat diskon 50%.",,,,negatif,Human-Audit-GoldStandard,,,,negatif,True
Ugz1ad766nAP6-WFQ-l4AaABAg,9GTZD3la5qI,f63821c2e661b8c16dcf52c825435bc4c7da3c205d3a043e1078ba5bab7d1183,Setuju saja si untuk persyaratan wuling setidaknya ada garansi dan penawaran yang memuaskan pelanggannya,0,2024-01-13T05:55:03Z,2024-01-13T05:55:03Z,2026-09-27T14:02:23.207162+00:00,setuju saja si untuk persyaratan wuling setidaknya ada garansi dan penawaran yang memuaskan pelanggannya,,,,positif,Human-Audit-GoldStandard,,,,positif,True
UgzciQtLgltgZFYiCOp4AaABAg,G_acqAJrRso,9d061ecbf16ba4788df506b8f8c9fb4a4a90cbb6c3f8b76a530cbf10222bf698,Katanya harganya gak masuk akal tapi dikit dikit bilang kualitasnya wajar buat mobil dibawah 300 juta...jadi emang sebenernya harga dibawah 300 juta emang masuk akal dong om...,2,2025-11-14T22:45:48Z,2025-11-14T22:45:48Z,2026-09-18T04:38:31.419348+00:00,katanya harganya tidak masuk akal tapi dikit dikit bilang kualitasnya wajar buat mobil dibawah 300 juta..jadi emang sebenernya harga dibawah 300 juta emang masuk akal dong om..,,netral,,,Human-Audit-GoldStandard,,netral,,,True
UgyV3kWD8bEmk5C3M294AaABAg,khAUeXPkWvg,79629380106f4cf9927155b02c28629c180028ab85e11ba4668978d5eb6f0bb2,"Mestinya lebih obyektif penilaian tentang jok belakang. Kurang nyaman sih.

Sy T170/BB82, sudah coba dan merasakan sendiri jok belakang terlalu tegak dan paha tidak tersangga sempurna. Utk perjalanan keluar kota jd kurang nyaman. Untuk power dan handling, hasil test drive sy, bisa dibilang sudah memadai. Gak ada rasa kekurangan tenaga, sementara suspensi tergolong nyaman.

Awalnya naksir berat dg UT, tp soal jok belakang jadi Deal Breaker di samping harganya yg setelah ditunggu lama, kok mengurangi value for money-nya.

Ujung²nya meminang V juga. Jok belakangnya sangat proper dan menyangga paha dg sempurna utk sy pribadi dan keluarga. Lebih value for money juga.",1,2025-09-30T15:04:54Z,2025-09-30T15:06:46Z,2026-09-27T14:02:18.015298+00:00,"mestinya lebih obyektif penilaian tentang jok belakang. kurang nyaman sih. sy t170/bb82, sudah coba dan merasakan sendiri jok belakang terlalu tegak dan paha tidak tersangga sempurna. untuk perjalanan keluar kota jd kurang nyaman. untuk power dan handling, hasil test drive sy, bisa dibilang sudah memadai. tidak ada rasa kekurangan tenaga, sementara suspensi tergolong nyaman. awalnya naksir berat dg ut, tapi soal jok belakang jadi deal breaker di samping harganya yg setelah ditunggu lama, kok mengurangi value for money-nya. ujung²nya meminang v juga. jok belakangnya sangat proper dan menyangga paha dg sempurna untuk sy pribadi dan keluarga. lebih value for money juga.",,negatif,negatif,,Human-Audit-GoldStandard,,negatif,negatif,,True
UgwzM6NnF6yScOhFw8F4AaABAg,Bx-XDBdN7nA,0cb02d4beed0cc12bb52eb7c29c1dc956a43f7e776ae7cb1c537385f4c66abd3,secanggih2 mobil tetap butuh tombol2 buat tekan jadi ga tekan2 dari layar,0,2025-11-20T04:31:28Z,2025-11-20T04:31:28Z,2026-09-19T00:23:01.508913+00:00,secanggih2 mobil tetap butuh tombol2 buat tekan jadi tidak tekan2 dari layar,,,negatif,,Human-Audit-GoldStandard,,,negatif,,True
UgwDeVarVMbYTSy4OZZ4AaABAg,z1fWo8tYynA,08221aab418e784bd308bcf3ce2db089adeb528474b7160a9dc5367c6ea4a2d7,"Tunggu siklus hidup produknya akan menurun seiring akan cenderung kurang permintaan pasar, apalagi bicara baterai. 

Mobil listrik sama saja dengan memanggil doraemon dan meminta senter ajaib untuk memperbesar mainan mobil2an dengan baterai menjadi besar.",1,2025-10-07T23:31:30Z,2025-10-07T23:31:30Z,2026-09-19T00:23:13.927196+00:00,"tunggu siklus hidup produknya akan menurun seiring akan cenderung kurang permintaan pasar, apalagi bicara baterai. mobil listrik sama saja dengan memanggil doraemon dan meminta senter ajaib untuk memperbesar mainan mobil2an dengan baterai menjadi besar.",,,netral,,Human-Audit-GoldStandard,,,netral,,True
UgwCDwdLFpDElb_736R4AaABAg,W3G8V7xV3-Y,8dfc69214c850dc707e3aa8f9beccdeb6ba4b730f74fbf031feeef0a53fd6f3b,"Garansi yg bikin pening,intinya engada garansi.. lebih baik beli secon ajah 😂😅",0,2024-06-06T16:02:53Z,2024-06-06T16:02:53Z,2026-09-27T14:02:27.731586+00:00,"garansi yg bikin pening,intinya engada garansi.. lebih baik beli secon ajah 😂😅",,netral,,,Human-Audit-GoldStandard,,netral,,,True
UgzO-mBCZyKtSjSGTz94AaABAg,z1fWo8tYynA,c41b15c9453888ced69decdafcc975a1db3bc4da5cf0aadd253135865353ac97,"smoga suatu saat taxol ada opsi EV byd Atto, iseng naek unit test. sebagai penumpang ini lbh baik dr agya sihh",7,2025-10-19T14:55:20Z,2025-10-19T14:55:20Z,2026-09-19T00:23:10.960426+00:00,"smoga suatu saat taxol ada opsi ev byd atto, iseng naek unit test. sebagai penumpang ini lbh baik dari agya sihh",,,positif,,Human-Audit-GoldStandard,,,positif,,True
UgyfZSvrq6l4C5zafdJ4AaABAg,A9niV2791gs,9c9e2e1f12b54147244a9c5de0b0c710561ba9e04200f0e6adf166703e1aa0e7,"Hmmm terlihat seperti blek kaleng toples dari depan, rancu",1,2026-01-22T20:27:01Z,2026-01-22T20:27:01Z,2026-09-19T00:23:04.831717+00:00,"hmm terlihat seperti blek kaleng toples dari depan, rancu",,,negatif,,Human-Audit-GoldStandard,,,negatif,,True
UgyYuPj4U16EEVPq7cR4AaABAg,BFp1_jq3zVo,eebbae6660dc3517898231e29f17b06151bbec364edb2db8d99cb250c4b4a655,"Dari video ini baru tahu kalo Geely EX2 versi yg terbaru utk market Indonesia suspensi nya dikerasin. EX2 saya kayanya dapat yg pre production kaya di China. Memang agak sedikit melayang terutama yg belakang, kalau bisa di setting lebih keras dikitt aja lebih enak buat jalanan di Indonesia.",1,2026-04-02T12:48:04Z,2026-04-02T12:48:04Z,2026-09-19T00:23:14.379690+00:00,"dari video ini baru tahu kalo geely ex2 versi yg terbaru untuk market indonesia suspensi nya dikerasin. ex2 saya kayanya dapat yg pre production kaya di china. memang agak sedikit melayang terutama yg belakang, kalau bisa di setting lebih keras dikitt aja lebih enak buat jalanan di indonesia.",,,netral,,Human-Audit-GoldStandard,,,netral,,True
Ugyh3T_RGHSFquY-fi14AaABAg,fjWvVFT0vr0,e1b69d81675e01e2ba0d0c807f72033cd00adafdca0e1c35aae28ad993918b52,"gila bos sy lsg spk 5 unit ktnya gk usah ragu beli byd ud dijual di eropa kalo mobil ud msk eropa ud gk kaleng2 quality controlnya ketat, kalo mbl di indo selain ev kebanyakan ambil cuan serakah😂",19,2025-07-26T05:47:09Z,2025-07-26T05:47:09Z,2026-09-19T00:23:06.549873+00:00,"gila bos sy lsg spk 5 unit ktnya tidak usah ragu beli byd ud dijual di eropa kalo mobil ud msk eropa ud tidak kaleng2 quality controlnya ketat, kalo mbl di indo selain ev kebanyakan ambil cuan serakah😂",,,positif,,Human-Audit-GoldStandard,,,positif,,True
UgywO8XZuUYngy-QhWd4AaABAg,z1fWo8tYynA,5a5e0b8fb3b91afe90441598e029c896ac4eb8050b3b68f20c44d82df0516f8f,Ga ada bedanya sama mobil ICE selain charging.,0,2026-01-18T09:16:21Z,2026-01-18T09:16:21Z,2026-09-19T00:23:13.239008+00:00,tidak ada bedanya sama mobil ice selain charging.,netral,,,,Human-Audit-GoldStandard,netral,,,,True
UgxVtmss-qHSn8xkN5V4AaABAg,9GTZD3la5qI,d6db1710a726f6b75a2261d16a1da29dcf84ad04acd8dad9fbe11f78f3373036,Mantab.. Industri EV tiongkok menghajar Habis Tesla,0,2024-01-13T11:25:34Z,2024-01-13T11:25:34Z,2026-09-27T14:02:22.040959+00:00,mantab.. industri ev tiongkok menghajar habis tesla,,,,positif,Human-Audit-GoldStandard,,,,positif,True
UgwQt_Gg0xt1kZQTqp54AaABAg,fjWvVFT0vr0,87cc57e4328ef22d048127f2ef6913e1703de8bbe8d101c0662c3fe01d596245,"design keren, cocok nih buat taksol😊",0,2025-07-28T22:57:01Z,2025-07-28T22:57:01Z,2026-09-19T00:23:07.332434+00:00,"design keren, cocok nih buat taksol😊",,,positif,,Human-Audit-GoldStandard,,,positif,,True
Ugx4K2f2NdxtiemfxAZ4AaABAg,Bx-XDBdN7nA,88ff362711784b294b921a252513067c5a2b5c3604e1aa719bc7ef8bfce3f34f,"Kenapa ga dibikin 3 baris ya, padahal lumayan panjang",3,2025-11-16T08:32:46Z,2025-11-16T08:32:46Z,2026-09-19T00:23:02.435533+00:00,"kenapa tidak dibikin 3 baris ya, padahal lumayan panjang",,,negatif,,Human-Audit-GoldStandard,,,negatif,,True
UgzJjSC8KvPVahmrU0R4AaABAg,z1fWo8tYynA,0282f1368742917097dd52e09a4d01b8cf0b7a7c293714e7fb4ef61fdb626e08,Sebenernya suka tapi kok banyak yg ngomong mkbil listrik harganya anjlok 😢,0,2026-08-16T02:07:34Z,2026-08-16T02:07:34Z,2026-09-19T00:23:13.927196+00:00,sebenernya suka tapi kok banyak yg ngomong mkbil listrik harganya anjlok 😢,,netral,,,Human-Audit-GoldStandard,,netral,,,True
Ugx28G6PmIcRwa_jJA14AaABAg,4f36QI6CVtc,53428a5b785006ec834d48893a42b4da90860d429deb072abf36d8cbe22cc3e0,"ngeri urusan sama wuling gara gara kasus surabaya, beli cash transaksi di dealer, uang transfer ke rekening perusahaan eh ,,, ya gitu konsumennya yang kena juga. ngerii ngeri",0,2026-09-10T16:39:38Z,2026-09-10T16:39:38Z,2026-09-27T14:02:14.434487+00:00,"ngeri urusan sama wuling gara gara kasus surabaya, beli cash transaksi di dealer, uang transfer ke rekening perusahaan eh ,, ya gitu konsumennya yang kena juga. ngerii ngeri",,,,negatif,Human-Audit-GoldStandard,,,,negatif,True
UgwH8svRCN-mpVHsa1d4AaABAg,fjWvVFT0vr0,9e0dd594c4f6864a2ed685666fa45772d1cb136c5ad3ea8333bde6ec430daa7b,Sayang ga ada retract spion. Krn mobil ini termasuk lebar.,0,2025-07-26T06:59:31Z,2025-07-26T06:59:31Z,2026-09-19T00:23:08.164869+00:00,sayang tidak ada retract spion. karena mobil ini termasuk lebar.,,,negatif,,Human-Audit-GoldStandard,,,negatif,,True
Ugwyzwcq4OdhaDKYNZx4AaABAg,fjWvVFT0vr0,3435029fe60b8cd9f43936aac7101c0ead3ac1edcd140a36cb9e14f9cbd3e38a,"Gapunya wall charger ya sama aja, SPKLU belum banyak",0,2025-07-26T06:25:09Z,2025-07-26T06:25:09Z,2026-09-19T00:23:09.886682+00:00,"gapunya wall charger ya sama aja, stasiun pengisian kendaraan listrik umum belum banyak",negatif,,,,Human-Audit-GoldStandard,negatif,,,,True
UgxncQ8ubZ93YUK1S7R4AaABAg,Bx-XDBdN7nA,2e7efd707534a23561caba471c66283a7d4a0685fcfef35c57318a4bdfb65cdc,"Terimakasih jaecoo, smoga bisa merubah harga mobil2 indo yg lain",7,2025-11-16T23:14:02Z,2025-11-16T23:14:02Z,2026-09-19T00:23:00.712565+00:00,"terimakasih jaecoo, smoga bisa merubah harga mobil2 indo yg lain",,positif,,,Human-Audit-GoldStandard,,positif,,,True
UgxpS0JbILwlSZ4Q69p4AaABAg,z1fWo8tYynA,5c3807e8ca80b03d16479178ae77d9f64fd5f80aa8d274da4fe1f9bf4462cf6f,Masih lebih suka manual tombol karena ga mesti nengok ke layar. Nanti aj tunggu BYD bikin plug in hybrid,0,2025-09-24T09:35:38Z,2025-09-24T09:35:38Z,2026-09-19T00:23:11.766454+00:00,masih lebih suka manual tombol karena tidak mesti nengok ke layar. nanti aj tunggu byd bikin plug in hybrid,,,netral,,Human-Audit-GoldStandard,,,netral,,True
UgyiOgelMqrXSGG1REh4AaABAg,fjWvVFT0vr0,888ecce3bf95485c3e85a08270f5ebec6f1fc67d6abe7f6746590e0056d46e5f,Baguslah ada mobil2 keren murah kayak gini.,1,2025-07-26T07:05:38Z,2025-07-26T07:05:38Z,2026-09-19T00:23:06.549873+00:00,baguslah ada mobil2 keren murah kayak gini.,,positif,,,Human-Audit-GoldStandard,,positif,,,True
UgzbKtjMb5fduRFh6vh4AaABAg,A9niV2791gs,207e299f11bb2f76891c38f2c36159b552c773b958c28221ddef5b41afd0d46b,secangih apa pun dan murah jk aftersale msh tanda tanya bisa2 jd rongsokan. hati2 sblm membeli,0,2026-01-24T13:11:31Z,2026-01-24T13:11:31Z,2026-09-19T00:23:04.831717+00:00,secangih apa pun dan murah jk aftersale msh tanda tanya bisa2 jd rongsokan. hati2 sblm membeli,,,,negatif,Human-Audit-GoldStandard,,,,negatif,True
UgzYbRtlLHiLeIS0yRR4AaABAg,z1fWo8tYynA,d094b61f756f494562934a09686afd1335e40546f9529804733d00a8e11a617f,Spion retract itu harusnya udah jadi hal wajib buat mobil dua ratus juta. Kalo ADAS okelah diilangin.,0,2025-10-28T01:07:15Z,2025-10-28T01:07:15Z,2026-09-19T00:23:12.527826+00:00,spion retract itu harusnya udah jadi hal wajib buat mobil dua ratus juta. kalo adas okelah diilangin.,,,negatif,,Human-Audit-GoldStandard,,,negatif,,True
Ugwt-tN-q7HZ6uLnwcV4AaABAg,A-qeEyGaJM0,cc1ec33f76f82a8d1b256311dd0cb05ac87145896006c34ff28b7bcbc0e486ee,"Padahal td kalau lanjut, dr Mojokerto di km 725 ada SPKLU yg 5 mesin 10 nozzle",1,2026-09-15T13:22:16Z,2026-09-15T13:22:16Z,2026-09-19T00:23:14.160865+00:00,"padahal td kalau lanjut, dari mojokerto di km 725 ada stasiun pengisian kendaraan listrik umum yg 5 mesin 10 nozzle",positif,,,,Human-Audit-GoldStandard,positif,,,,True
UgwNuXtFiNWgMF_9A5Z4AaABAg,G_acqAJrRso,eef9f5c5106162d7e9903eae1dd43d6f3426ea365bf3d74a93233b8624ca0b2a,gila gila gk masuk akal ma harganya nih mobil... EDAANNN !!,0,2026-02-24T08:53:24Z,2026-02-24T08:53:24Z,2026-09-18T04:38:32.837223+00:00,gila gila tidak masuk akal ma harganya nih mobil.. edaann !!,,positif,,,Human-Audit-GoldStandard,,positif,,,True
UgxL0exNHAehDE22Y3Z4AaABAg,jL5p1zZMNEM,4cec59e4ebc507491264be171277ea693e6a59358337a4c15234aab43fe86734,Berat Penumpang berat  Mobil dan berat barang bawaan juga mempengaruhi efisiensi  Battrey,0,2024-10-01T00:58:27Z,2024-10-01T00:58:27Z,2026-09-27T14:02:09.410241+00:00,berat penumpang berat mobil dan berat barang bawaan juga mempengaruhi efisiensi battrey,netral,,,,Human-Audit-GoldStandard,netral,,,,True
UgxqcV6ll3QWvjYIf4p4AaABAg,A9niV2791gs,2216703923d69c6e1174533abb7ddc4a85327f8dd08990a81ab4c8d97c57f93d,Sodara saya sudah SPK ga Dateng Dateng 😅,1,2026-01-23T05:59:12Z,2026-01-23T05:59:12Z,2026-09-19T00:23:04.831083+00:00,sodara saya sudah spk tidak dateng dateng 😅,,,,negatif,Human-Audit-GoldStandard,,,,negatif,True
Ugzf4qrDvt8WPHGijS94AaABAg,G_acqAJrRso,b2ca2d91acb944cdbb7d3cfd3df293514f5df9d84e4b6a698b8417eaec4f3ded,BYD atto3 harusnya langsung turun harga melihat pesaingnya seperti ini 😊😊😊,0,2026-02-02T11:46:38Z,2026-02-02T11:46:38Z,2026-09-18T04:38:31.419348+00:00,byd atto3 harusnya langsung turun harga melihat pesaingnya seperti ini 😊😊,,netral,,,Human-Audit-GoldStandard,,netral,,,True
UgyDz4gdyloyK_OWEuh4AaABAg,G_acqAJrRso,e88e63826f9c1806c9f186326a72c187a4224c45d3105d67e192c1375d2ee08a,Saran dari saya : next mungkin bs ditambahkan suara artificial waktu maju dan mundur untuk EV dan Hybrid cars.,2,2026-01-27T10:47:46Z,2026-02-08T14:33:13Z,2026-09-18T04:38:30.738340+00:00,saran dari saya : next mungkin bs ditambahkan suara artificial waktu maju dan mundur untuk ev dan hybrid cars.,,,netral,,Human-Audit-GoldStandard,,,netral,,True
UgykoOmfWnfps1DXIHl4AaABAg,IMO53AFzSZU,4e2372b7fb243034d975b75ffb572354ec8fcc1b4fde56dcdddcd65317365d96,"Harga sparepart nya juga terjangkau sekali itu, gw malah estimasi sekitar 2,5 jtan malah lebih murah lebih dari setengahnya. After salesnya sih mantap abis, walau mobil second garansi tetap berlaku selama waktu yg tertera untuk kerusakan pemakaian normal.
Ditunggu vlog upgrade head unit nya ko biar bisa android auto Apple Cardplay plus estimasi harganya berapa",0,2026-08-26T21:37:57Z,2026-08-26T21:37:57Z,2026-09-27T14:02:20.682299+00:00,"harga sparepart nya juga terjangkau sekali itu, gw malah estimasi sekitar 2,5 jtan malah lebih murah lebih dari setengahnya. after salesnya sih bagus abis, walau mobil bekas garansi tetap berlaku selama waktu yg tertera untuk kerusakan pemakaian normal. ditunggu vlog upgrade head unit nya ko biar bisa android auto apple cardplay plus estimasi harganya berapa",,positif,,positif,Human-Audit-GoldStandard,,positif,,positif,True
UgyKS5honKDRLkBc6HR4AaABAg,9GTZD3la5qI,b6edfb2b1e4eb9c99516dcd261740868f5729838062ccbdcf7cfdd2a8f6d5447,"Waranty nya kayak memberatkan, omg",0,2024-01-14T07:31:22Z,2024-01-14T07:31:22Z,2026-09-27T14:02:22.040959+00:00,"waranty nya kayak memberatkan, omg",,negatif,,,Human-Audit-GoldStandard,,negatif,,,True
UgzwaDkN3JqnRHHSGJ14AaABAg,O-vAYJNfQEk,67add4b7de128ae7a86f45c35c3bae27aff54efd83ca112cdd5de7fc12f57bd0,"Regenerative braking emang hanya menyerap kembali energi kinetik ke energi potensial lagi, mirip2 sama retarder pakai medan magnet, jadi ga kebuang sia2 ke panas akibat rem biasa dan rem juga ga gampang blong akibat panas berlebih.",18,2024-02-13T10:43:20Z,2024-02-13T10:43:20Z,2026-09-27T14:02:12.888906+00:00,"regenerative braking emang hanya menyerap kembali energi kinetik ke energi potensial lagi, mirip2 sama retarder pakai medan magnet, jadi tidak kebuang sia2 ke panas akibat rem biasa dan rem juga tidak gampang blong akibat panas berlebih.",,,netral,,Human-Audit-GoldStandard,,,netral,,True
Ugw5lZp73geNgmfH-5d4AaABAg,w7zLKYpCozw,f5715e0d97ae17c2d5068dcb1dc4f4ab9449ca4babbbb4ce217ad29c4769a052,Nanggung amat di Thailand udah dikasih wireless charger tengahnya,0,2026-03-31T04:19:17Z,2026-03-31T04:19:17Z,2026-09-19T00:23:14.691226+00:00,nanggung amat di thailand udah dikasih wireless charger tengahnya,,,negatif,,Human-Audit-GoldStandard,,,negatif,,True
UgzOe4JZnIAEOV6iZ0V4AaABAg,Vu0ayycGXbI,5a66025a7ad151f2596e5f31d5b698e2f569b0493ee72cd6e30eb7f679b3018a,"ni mobil hampir perfect dengan harga 319 (sekarang) cuma emang setirnya terlalu enteng kalo dipake di tol rada ngebut, tenaganya mantep tiba tiba 150 km/h udah padahal di speedo power cuma +9%, setirnya juga kayak kurang presisi di kecepatan tinggi sama pantatnya rada ngebuang kalo di kecepatan >100km/h mungkin karena terlalu empuk ya?",0,2026-08-22T15:19:10Z,2026-08-22T15:19:10Z,2026-09-19T00:23:04.671044+00:00,"ni mobil hampir perfect dengan harga 319 (sekarang) cuma emang setirnya terlalu enteng kalo dipake di tol rada ngebut, tenaganya mantep tiba tiba 150 km/h udah padahal di speedo power cuma +9%, setirnya juga kayak kurang presisi di kecepatan tinggi sama pantatnya rada ngebuang kalo di kecepatan >100km/h mungkin karena terlalu empuk ya?",,netral,netral,,Human-Audit-GoldStandard,,netral,netral,,True
UgwW8SW5biShg825AOx4AaABAg,l8fPSUqdmOM,d2e0520af70f58a577ef8f26de4e3d29e27fb40506cde7b62a6d86e1d3da0830,Gimana biaya penyusutan baterai koh😂 pantess harga jual EV gini jatuh bgt meski tahun muda ..masalah penyusutan baterai,5,2025-02-24T16:40:49Z,2025-02-24T16:40:49Z,2026-09-27T14:02:17.415591+00:00,gimana biaya penyusutan baterai koh😂 pantess harga jual ev gini jatuh banget meski tahun muda ..masalah penyusutan baterai,,negatif,,,Human-Audit-GoldStandard,,negatif,,,True
UgzFO1GKQ0DTq83iqbZ4AaABAg,SQJwC-QLsRk,dc7f6a585c75ada18052b49dff45a56c763daf1c914194b4031fdf9b5bfbe881,"gue yakin harga second unit jaecoo j5 paling stabil, soalnya harga barunya aja udah Murmer, bahkan mungkin banyak yang gak mau jual karena sayang 😅",1,2026-04-25T22:53:59Z,2026-04-25T22:53:59Z,2026-09-19T00:23:15.652276+00:00,"gue yakin harga bekas unit jaecoo j5 paling stabil, soalnya harga barunya aja udah murmer, bahkan mungkin banyak yang tidak mau jual karena sayang 😅",,netral,,,Human-Audit-GoldStandard,,netral,,,True
UgxSMozCu-GbM8YiDjN4AaABAg,Bx-XDBdN7nA,3e28296ca4dcd1c9db790330cb270d1ac4c4f40afbe90b7fd14257163f9252d1,"Memasuki era mobil EV 200 jutaan dg spek maksimal.

Tinggal manufakturer buat inovasi batre yg jarak jauh dg dimensi semakin compact",28,2025-11-17T02:31:41Z,2025-11-17T02:31:41Z,2026-09-19T00:23:00.712565+00:00,memasuki era mobil ev 200 jutaan dg spek maksimal. tinggal manufakturer buat inovasi baterai yg jarak jauh dg dimensi semakin compact,,,netral,,Human-Audit-GoldStandard,,,netral,,True
UgweADQr8xU7M0CtexB4AaABAg,z1fWo8tYynA,174f36174e569ad5db48e18d36b0dadfe1fa7525b3653cae78bdb1e75471fcd7,"Mahal cicilannya, berasa kaya beli mobil harga 270an",0,2025-09-18T09:14:42Z,2025-09-18T09:14:42Z,2026-09-19T00:23:13.927196+00:00,"mahal cicilannya, berasa kaya beli mobil harga 270an",,negatif,,,Human-Audit-GoldStandard,,negatif,,,True
UgxFbf4uj5f6p2lSLl54AaABAg,l8fPSUqdmOM,37dd334bcbf26663927a019844540bbd147b7d415cc27bb5723e54f7641f072a,Bukan 90 persen tapi hemat 50 persen,0,2025-02-27T12:30:04Z,2025-02-27T12:30:04Z,2026-09-27T14:02:16.602859+00:00,bukan 90 persen tapi hemat 50 persen,,positif,,,Human-Audit-GoldStandard,,positif,,,True
Ugx6gC6GWkEKN6yhkFN4AaABAg,z1fWo8tYynA,36fccfc985de18a0b301695530e1b7f6366b637cc18dc569fa54b16d9bb2dc93,Nanti beli kaya wuling keluar fitur baru atau jarak lebih jauh harga lebih murah...,0,2025-11-23T05:57:34Z,2025-11-23T05:57:34Z,2026-09-19T00:23:12.527826+00:00,nanti beli kaya wuling keluar fitur baru atau jarak lebih jauh harga lebih murah..,netral,netral,,,Human-Audit-GoldStandard,netral,netral,,,True
Ugx5Y1DPMW5aDwHhCOF4AaABAg,jL5p1zZMNEM,6baf86c3a05f1be1d8becff0ab43fc27692893954ba998a7c2cf28fb25b603f7,Cuma dapat 200km kalah sama Panther,0,2024-10-24T03:42:43Z,2024-10-24T03:42:43Z,2026-09-27T14:02:12.351850+00:00,cuma dapat 200km kalah sama panther,negatif,,,,Human-Audit-GoldStandard,negatif,,,,True
UgwS5WoUwl7Pm0yFMit4AaABAg,SQJwC-QLsRk,b67cf8d47212a46fddf83c7d68ee3afc7cdf2e5cb9cc37f4291932b562d7a071,"BYD ATTO 1 Premium: City Car EV, easy to daily use, big battery with more range
.
Geely EX2 : Sub Compact Hatchback EV, more battery capasity + more range, larger than City Car, more space more roomy and practicaly
.
Jaecoo J5 : Compact SUV crossover EV, All-rounder daily or roadtrip vehicle. Big Baterry for Compact SUV EV around IDR 300mio",0,2026-05-04T14:36:07Z,2026-05-04T14:36:34Z,2026-09-19T00:23:15.005212+00:00,"byd atto 1 premium: city car ev, easy to daily use, big battery with more range . geely ex2 : sub compact hatchback ev, more battery capasity + more range, larger than city car, more space more roomy and practicaly . jaecoo j5 : compact suv crossover ev, all-rounder daily or roadtrip vehicle. big baterry for compact suv ev around idr 300mio",netral,,netral,,Human-Audit-GoldStandard,netral,,netral,,True
UgwMvK7oqTZ3S2aIijp4AaABAg,l8fPSUqdmOM,348f09d897d57832c823699e25e9a3765ae7ea949d6e90650180c22b479d3533,Aku pingin beli tapi ga tahu dimana belinya,0,2025-05-10T01:21:48Z,2025-05-10T01:21:48Z,2026-09-27T14:02:17.415591+00:00,aku pingin beli tapi tidak tahu dimana belinya,,,,netral,Human-Audit-GoldStandard,,,,netral,True
UgyiSigHWHOG1plN21h4AaABAg,fjWvVFT0vr0,500f739f6e5d658efdd279d77af0da4f3d7e439118924c7280a7060d645991b2,Sekarang tinggal didukung infrastruktur pengisian daya mobil listrik yang perlu diperluas hingga ke remote areas.,2,2025-07-26T06:44:01Z,2025-07-26T06:44:01Z,2026-09-19T00:23:08.164869+00:00,sekarang tinggal didukung infrastruktur pengisian daya mobil listrik yang perlu diperluas hingga ke remote areas.,netral,,,,Human-Audit-GoldStandard,netral,,,,True
UgwLo11pGsTGfg4XfgN4AaABAg,Bx-XDBdN7nA,b8210822bdcda4706a60fee026e88f352ffe83adc55b09b07d6a6e6ae663efae,Air ev juga waktu launching harganya 300 juta,1,2025-11-16T05:15:18Z,2025-11-16T05:15:18Z,2026-09-19T00:23:02.435533+00:00,air ev juga waktu launching harganya 300 juta,,netral,,,Human-Audit-GoldStandard,,netral,,,True
UgyEZenB-8LJjXFrEod4AaABAg,J00aDzfK8WQ,8aa9bfc5ca24e5e6176b9a1545e29ec0e4d637aea42fe617a1d5ae5163fc7584,masih bingung CKD tu di dealer resmi byd kah?,0,2026-09-10T04:37:25Z,2026-09-10T04:37:25Z,2026-09-19T00:23:10.549263+00:00,masih bingung ckd tu di dealer resmi byd kah?,,,,netral,Human-Audit-GoldStandard,,,,netral,True
UgwPEOiwYBIGHU5Lrfx4AaABAg,O-vAYJNfQEk,c8b30d06d61ac92f6f22191a55020f66827364ecb3b61aee0a8891993e0cfb32,Saya pakai di dalam kota kok cuma 150 km kira2,0,2024-03-30T04:31:30Z,2024-03-30T04:31:30Z,2026-09-27T14:02:14.061399+00:00,saya pakai di dalam kota kok cuma 150 km kira2,negatif,,,,Human-Audit-GoldStandard,negatif,,,,True
UgwG0Rh1egAWajqmQPN4AaABAg,jL5p1zZMNEM,0ba15ff0af5eb0bf91e94dcb6353f91d05eb2ed96760129c2b75234bacd92352,"Wuling charger DC nya gak standard, harus pake converter, dan mahal pula harga nya",0,2024-12-28T02:35:51Z,2024-12-28T02:35:51Z,2026-09-27T14:02:11.248425+00:00,"wuling charger dc nya tidak standard, harus pakai converter, dan mahal pula harga nya",negatif,negatif,,,Human-Audit-GoldStandard,negatif,negatif,,,True
UgyPKFrRItjRh3g7rG94AaABAg,dEJ4VEjH1AQ,1ffdd7b71d8b758ba2fda70c8489c5f6f1ac50efa1cd48b3043031f7decb71d5,"Beli yg varian Pro sudah sangat worth it, dari segi dimensi dan tenaga emang sedikit diatas Binguo dan Atto1 kelasnya

pilihannya antara Atto1 Dynamic atau Ex2 Pro aja, lupakan Binguo",1,2025-11-25T13:54:13Z,2025-11-25T13:54:13Z,2026-09-19T00:23:14.870779+00:00,"beli yg varian pro sudah sangat layak it, dari segi dimensi dan tenaga emang sedikit diatas binguo dan atto1 kelasnya pilihannya antara atto1 dynamic atau ex2 pro aja, lupakan binguo",,,positif,,Human-Audit-GoldStandard,,,positif,,True
UgyrjkcrGzsXiVIAa6R4AaABAg,jL5p1zZMNEM,4ba604813bcda836354b9c1231401d55f41c21c1dabbb5061aeec45d09d26072,"42:48
mg4ev 431km
omoda e5 468km
cloud ev 415km",6,2024-09-22T11:39:10Z,2024-09-22T11:39:10Z,2026-09-27T14:02:12.351850+00:00,42:48 mg4ev 431km omoda e5 468km cloud ev 415km,netral,,,,Human-Audit-GoldStandard,netral,,,,True
UgzA7NqZG7MT2FJ9IGd4AaABAg,dEJ4VEjH1AQ,ac1bacfddb69df4b74e497ea8b04491a048a883a232e90da6ba2099f3110e619,273jt mending nambah dikit dapat J5 EV premium yg lebih proper sebagai mobil 🔥,1,2025-11-24T16:37:37Z,2025-11-24T16:37:52Z,2026-09-19T00:23:14.870779+00:00,273jt lebih baik nambah dikit dapat j5 ev premium yg lebih proper sebagai mobil 🔥,,,netral,,Human-Audit-GoldStandard,,,netral,,True
Ugz-NY_7kZPxPXEQd4t4AaABAg,Bx-XDBdN7nA,44d26f6997307df92e676a3f79ac40b9d07a23373a81ce2d7b005a94cf224c80,"Bsok klo udh punya,mau nyari bengkel yg bisa Mod tmpilan speedo utama, biar ga kayak molis 😂😂😂😂😂",0,2025-11-18T06:00:12Z,2025-11-18T06:00:12Z,2026-09-19T00:23:01.508913+00:00,"bsok kalau sudah punya,mau nyari bengkel yg bisa mod tmpilan speedo utama, biar tidak kayak molis 😂😂",,,negatif,,Human-Audit-GoldStandard,,,negatif,,True
Ugw8ulgRNJko8ELCjIp4AaABAg,Bx-XDBdN7nA,a599c182f077b0862912fc7876441c013741d1e4742ad555f21b8b582071882d,"Kacau sih, saudaranya satu group jg banyak yg kesenggol. Chery E5 mesti turun harga berapa lg nih.",0,2025-11-18T08:16:29Z,2025-11-18T08:16:29Z,2026-09-19T00:23:01.508913+00:00,"kacau sih, saudaranya satu group jg banyak yg kesenggol. chery e5 mesti turun harga berapa lagi nih.",,negatif,,,Human-Audit-GoldStandard,,negatif,,,True
Ugysi9oTca8uIOzJudl4AaABAg,SQJwC-QLsRk,a4653e00ad0bdc68b12cb84e803597187158e473745a0274f4c11ac38fbb2e19,"Kalau punya 300 juta ambil j5 premium
Kalau punya 240 juta ambil ex2 pro
Kalau punya 200 juta ambil atto1 standart",41,2026-04-25T21:23:36Z,2026-04-25T21:23:36Z,2026-09-19T00:23:15.005212+00:00,kalau punya 300 juta ambil j5 premium kalau punya 240 juta ambil ex2 pro kalau punya 200 juta ambil atto1 standart,,netral,,,Human-Audit-GoldStandard,,netral,,,True
Ugzolxz3i6up1xc2qA54AaABAg,bC7X9DplrIc,2ed2d8db9cd765514a7d7c644ddd649bcffcf5ec40a1304d9edc5ea77ca6782a,"Kalo ambil tipe max, apa mending pilih interior putih aja?  Lgpula int putih lbh unik & int hitem sdh ada jg di pro",0,2026-03-04T16:18:17Z,2026-03-04T23:21:03Z,2026-09-19T00:23:14.522723+00:00,"kalo ambil tipe max, apa lebih baik pilih interior putih aja? lgpula int putih lbh unik & int hitem sudah ada jg di pro",,,netral,,Human-Audit-GoldStandard,,,netral,,True
Ugy2UYNbR59ixi6j5f14AaABAg,z1fWo8tYynA,cc03ff010e9d91f33609028170d1a82f7793f98226791419a4b3a0e5181934a5,suspensi agak keras menurut saya,0,2025-09-27T09:59:36Z,2025-09-27T09:59:36Z,2026-09-19T00:23:12.527826+00:00,suspensi agak keras menurut saya,,,negatif,,Human-Audit-GoldStandard,,,negatif,,True
Ugxjq4vmBSdeNV2gVtN4AaABAg,A9niV2791gs,d6f6a3192b7b2edfde839f5e9cda9e3a23c2f6635de9651ed926554530238420,rem cakram depan-belakang....suspensi belakangnya independent multilink....apa itu torsion beam?...hehe,0,2026-02-25T07:52:49Z,2026-02-25T07:52:49Z,2026-09-19T00:23:04.831083+00:00,rem cakram depan-belakang..suspensi belakangnya independent multilink..apa itu torsion beam?..hehe,,,netral,,Human-Audit-GoldStandard,,,netral,,True
UgyVDbofeXRa4srMhrJ4AaABAg,j_6L3j7vrOc,3e4cc16709eca4655b07b0298d74c2ce9894f0db4e4e8ba883b64b67a9fb8668,"Bukan diluar nalar, aslinya emang segitu bahkan lebih murah lagi. Cuma di Indonesia sudah terbiasa diperas jepang dengan harga selangit untuk mobil kualitas rendah. Inilah kesempatan buat kita, untuk menikmati mobil high end dengan harga entry level..",82,2025-11-18T01:11:57Z,2025-11-18T01:11:57Z,2026-09-19T00:23:05.069705+00:00,"bukan diluar nalar, aslinya emang segitu bahkan lebih murah lagi. cuma di indonesia sudah terbiasa diperas jepang dengan harga selangit untuk mobil kualitas rendah. inilah kesempatan buat kita, untuk menikmati mobil high end dengan harga entry level..",,positif,,,Human-Audit-GoldStandard,,positif,,,True
UgyOxvi3QljnHNci8jh4AaABAg,BFp1_jq3zVo,39285870bd164ba262966492360b5433eca079857f46c30b0bdeda5a2ca82200,Masih enak Aion ut dengan harga selisih sedikit,0,2026-04-01T04:57:18Z,2026-04-01T04:57:18Z,2026-09-19T00:23:14.379690+00:00,masih enak aion ut dengan harga selisih sedikit,,,netral,,Human-Audit-GoldStandard,,,netral,,True
UgxuRQvQvpzd7J2eJ3h4AaABAg,W3G8V7xV3-Y,ab9c469109b18866289ab5338789cfa0db790e4699f92d8bf6ad2f171bc49cd5,"Kalau kebakar krn kesalahan pabrik, itu diganti. Kebakar disini    faktor ekstwrnak kaya tawuran huru hara, kebakaran ruko dll",1,2024-06-10T11:37:22Z,2024-06-10T11:37:22Z,2026-09-27T14:02:25.659868+00:00,"kalau kebakar karena kesalahan pabrik, itu diganti. kebakar disini faktor ekstwrnak kaya tawuran huru hara, kebakaran ruko dll",,netral,,,Human-Audit-GoldStandard,,netral,,,True
UgytVE6WSh41vn9OV2h4AaABAg,j_6L3j7vrOc,36ad5814f00f1a9b77c3ada01015fa338363f4b5b26b253bd1369039355ce0ad,Lama2 ada molis 250 juta full adas mantap buat competitor,2,2025-11-16T14:07:01Z,2025-11-16T14:07:01Z,2026-09-19T00:23:05.069705+00:00,lama2 ada molis 250 juta full adas bagus buat competitor,,,positif,,Human-Audit-GoldStandard,,,positif,,True
Ugy_3-pHsfXBSBEjImN4AaABAg,z1fWo8tYynA,fe938c6fa0b6974db7dbc11fca331bb99867a33771c50b4d6eeeb02b0080a494,"Semoga ketersedian sperpartnya aman, ya walaupun baterai pasti akan ganti bila sudah drop",1,2025-09-19T00:09:05Z,2025-09-19T00:09:05Z,2026-09-19T00:23:10.960426+00:00,"semoga ketersedian sperpartnya aman, ya walaupun baterai pasti akan ganti jika sudah drop",,,netral,netral,Human-Audit-GoldStandard,,,netral,netral,True
UgwgNm1iTwCXSxyCFfZ4AaABAg,9GTZD3la5qI,40d840998d67539b713979444d4e3890bd28eb6121a30dc1adae2ba1df286d54,"Banyak bangett syarat "" Ya om 😂😂😂",0,2025-09-12T23:28:31Z,2025-09-12T23:28:31Z,2026-09-27T14:02:23.207162+00:00,"banyak bangett syarat "" ya om 😂😂",,negatif,,,Human-Audit-GoldStandard,,negatif,,,True
Ugx2qKUqwlxKUF3r86d4AaABAg,j_6L3j7vrOc,62575bd8784209b49c3987bc6d7b2430322bd7074313994376e71d4279e20c37,"Gila sih kmrn tes drive akselerasinya ngeri bgt jambakannya, jd tkut ngbejek malah",2,2025-11-18T08:07:38Z,2025-11-18T08:07:38Z,2026-09-19T00:23:05.069705+00:00,"gila sih kmrn tes drive akselerasinya ngeri banget jambakannya, jd tkut ngbejek malah",,,positif,,Human-Audit-GoldStandard,,,positif,,True
UgyqKaN8tYXKY5zdPFp4AaABAg,4f36QI6CVtc,2da054f29277ea0569776a8a07937ad26df0d4ed96dbed7573025f2c7c96e9d1,"Awalnya pengen ambil aira, tp Setelah kejadian kasus wuling Surabaya, aku jd takut berurusan sama merk ini.",7,2026-09-07T18:58:07Z,2026-09-07T18:58:07Z,2026-09-27T14:02:14.434487+00:00,"awalnya pengen ambil aira, tapi setelah kejadian kasus wuling surabaya, aku jd takut berurusan sama merk ini.",,,,negatif,Human-Audit-GoldStandard,,,,negatif,True
UgxGrymh-4T6usdLQG14AaABAg,z1fWo8tYynA,976d075b0d6c81bc62b49bdc62a6a9b95253bcfd0e58e593a7e959bf59ccd105,Desainnya bagus mnurutku. Simple gitu,0,2026-03-31T08:29:56Z,2026-03-31T08:29:56Z,2026-09-19T00:23:10.960426+00:00,desainnya bagus mnurutku. simple gitu,,,positif,,Human-Audit-GoldStandard,,,positif,,True
UgyvJiFyD0ho8SjGygN4AaABAg,ccgG2mpCIHM,7b03478c9c4a4d1d48eb0c5c102d99e4cb27701d4d6c03104e934e06e7119c29,"Kalau buat daily use dan city car, EX2 menurutku udah paling pas. Dimensi oke, fitur dapet, harganya juga masih masuk akal 👌",4,2026-05-12T11:37:24Z,2026-05-12T11:37:24Z,2026-09-19T00:28:54.749870+00:00,"kalau buat daily use dan city car, ex2 menurutku udah paling pas. dimensi oke, fitur dapet, harganya juga masih masuk akal 👌",,netral,positif,,Human-Audit-GoldStandard,,netral,positif,,True
Ugwg7jHh6JSMbUYvwf14AaABAg,AOjceFDyYeM,5a77fd232eb9b07b4ac86a2ca066c0c7cae56fc733c9fe8e9c5aa40f911dcac8,airEV gue 48rb KM udah 4x ganti racksteer + 1x ganti intermediate shaft. kaki2nya ringkih banget dah kek kaki bayi,0,2025-12-03T13:39:04Z,2025-12-03T13:39:04Z,2026-09-27T14:02:20.222873+00:00,airev gue 48rb km udah 4x ganti racksteer + 1x ganti intermediate shaft. kaki2nya ringkih banget dah kek kaki bayi,,,negatif,,Human-Audit-GoldStandard,,,negatif,,True
UgzqEtssVRPMBU4a8iV4AaABAg,O-vAYJNfQEk,de7fb5ae13d8369d88e74f53518934fb733d6780d45215a600cd99960fcd35e9,"Test baterai sampai habis wuling binguo, sesuai espektasi",0,2024-02-13T14:36:05Z,2024-02-13T14:36:05Z,2026-09-27T14:02:12.888906+00:00,"test baterai sampai habis wuling binguo, sesuai espektasi",netral,,,,Human-Audit-GoldStandard,netral,,,,True
UgxnQUSgji7ClQ7l9dZ4AaABAg,ccgG2mpCIHM,841ec157a6da70093a00ebe928d8a55ec212815bf1398fbc65a07c7b226fbcea,"Kondisi mobil klo batere abis
Byd atto 1 : masih bisa jalan lgi
Geely ex2 : tiba2 mati
Jaecoo j5 : semua elektronik rusak perlu servis 😂",0,2026-05-09T08:51:20Z,2026-05-09T08:51:20Z,2026-09-19T00:28:55.390869+00:00,kondisi mobil kalau batere abis byd atto 1 : masih bisa jalan lgi geely ex2 : tiba2 mati jaecoo j5 : semua elektronik rusak perlu servis 😂,,,negatif,,Human-Audit-GoldStandard,,,negatif,,True
Ugytp6zGB6ucGS97x0d4AaABAg,l8fPSUqdmOM,901461c3dc5a86fb50a099a886eb72fcbd70b53b3d520785c6caaa87bc2210aa,"22:08 Ini jg pernah gua rasain pas test drive Hyundai Kona EV, biasa pake mobil ICE lari 180km/h udah ngaung-ngaung mesinnya, udh berasa, giliran pake Kona EV, asal gas aja udah 180km/h ga berasa wkwk.",2,2025-04-09T18:00:55Z,2025-04-09T18:00:55Z,2026-09-27T14:02:15.000262+00:00,"22:08 ini jg pernah gua rasain pas test drive hyundai kona ev, biasa pakai mobil ice lari 180km/h udah ngaung-ngaung mesinnya, sudah berasa, giliran pakai kona ev, asal gas aja udah 180km/h tidak berasa wkwk.",,,positif,,Human-Audit-GoldStandard,,,positif,,True
UgxA8olBTQJI8e-4VWh4AaABAg,AOjceFDyYeM,24689fa524e893220552ba0279fef9bc348d8b29cd7165f86b377f890654eaf5,Wuling dijamin aman bisa dipercaya. Almaz rack steer diganti tanpa biaya,5,2026-01-01T13:57:31Z,2026-01-01T13:57:31Z,2026-09-27T14:02:19.136503+00:00,wuling dijamin aman bisa dipercaya. almaz rack steer diganti tanpa biaya,,,,positif,Human-Audit-GoldStandard,,,,positif,True
Ugyh_0u2o9AHp1IHIAJ4AaABAg,A9niV2791gs,5653d17568167ed224cf1c742772c440084a067f5c1ce4e2dac8e68250d00f4d,SPK 5 nov 2025 tgl 2 Januari 2026 dpt no rangka hari ini td siang diksh info sm salesnya Minggu depan utk warna hitam n putih sdh siap delivery sdgkan hijau n grey tgl 14 februari delivery nya,6,2026-01-22T18:45:35Z,2026-01-22T18:45:35Z,2026-09-19T00:23:04.831083+00:00,spk 5 nov 2025 tgl 2 januari 2026 dapat no rangka hari ini td siang diksh info sama salesnya minggu depan untuk warna hitam n putih sudah siap delivery sdgkan hijau n grey tgl 14 februari delivery nya,,,,netral,Human-Audit-GoldStandard,,,,netral,True
UgyV7R0CrAlorw1Xwbx4AaABAg,O-vAYJNfQEk,de10c2ba79ef4ea0d52d83ef0369c2692ac2fad9d9bc1aa29348673728fe7379,Luar biasa... Minus nya cuma di charger yang GBT. Apakah pemerintah mau merubah regulasi menjadi tambahan ada GBT nya? Sebentar lagi juga cloud ev muncul dengan GBT nya? 😊,4,2024-02-13T09:33:04Z,2024-02-13T09:33:04Z,2026-09-27T14:02:14.061399+00:00,luar biasa.. minus nya cuma di charger yang gbt. apakah pemerintah mau merubah regulasi menjadi tambahan ada gbt nya? sebentar lagi juga cloud ev muncul dengan gbt nya? 😊,netral,,,,Human-Audit-GoldStandard,netral,,,,True
UgzCna4Iy-G7EoYc5DN4AaABAg,9GTZD3la5qI,350a5c577efe33318bd978d63d8ea65a763aaf59e1e8bd81490b6562965316ce,takutnya partnya mahal harganya karena tidak boleh part part pabrikan lain,0,2024-01-13T17:05:53Z,2024-01-13T17:05:53Z,2026-09-27T14:02:23.207162+00:00,takutnya partnya mahal harganya karena tidak boleh part part pabrikan lain,,negatif,,negatif,Human-Audit-GoldStandard,,negatif,,negatif,True
Ugy9lvhyttWWWy2WSdB4AaABAg,bC7X9DplrIc,0979f3235e3952bbc60f8198b324017e2e3ff427434d959720d08c961ee27cc3,"Minus terbesarnya pakai battery Gotion lokal yg sdh sering dikomplain drop setelah pemakaian setahunan di mobil2 EV air ev, vf3 dan neta yg pakai battery sama. Kenapa sih EX2 ngak pakai battery Short blade CATL spt di China, padahal harga EX2 di indo sdh lebih mahal khan drpd Atto 1 (di China Atto 1 lebih mahal drpd EX2).",0,2026-06-18T02:15:25Z,2026-06-18T02:16:36Z,2026-09-19T00:23:14.522723+00:00,"minus terbesarnya pakai battery gotion lokal yg sudah sering dikomplain drop setelah pemakaian setahunan di mobil2 ev air ev, vf3 dan neta yg pakai battery sama. kenapa sih ex2 ngak pakai battery short blade catl spt di china, padahal harga ex2 di indo sudah lebih mahal khan drpd atto 1 (di china atto 1 lebih mahal drpd ex2).",,,negatif,,Human-Audit-GoldStandard,,,negatif,,True
Ugw6x9UTQpUlDlwTgS94AaABAg,SQJwC-QLsRk,2474daa27285fc881d82e440efd733ad4ba559417e8a0a39cabc305f3d5a70c9,cocok dengan harganya ...,0,2026-04-26T01:19:22Z,2026-04-26T01:19:22Z,2026-09-19T00:23:15.653310+00:00,cocok dengan harganya ..,,netral,,,Human-Audit-GoldStandard,,netral,,,True
UgxW5LEjKVwXMv9WaR94AaABAg,fjWvVFT0vr0,bfd1ecda8d3e8faaa610d4cf1efc7815c8b31435f9fbbefd9765ac405d5fbe8c,cakep banget sih lekukannya...,0,2025-08-12T08:04:50Z,2025-08-12T08:04:50Z,2026-09-19T00:23:07.333419+00:00,cakep banget sih lekukannya..,,,positif,,Human-Audit-GoldStandard,,,positif,,True
UgytlvXjwdyTsaF7wwN4AaABAg,z1fWo8tYynA,aa591ab093adaf71bdb55addf0d7c6552ac6b3b51950d6790442c84e7ee698b3,Harusnya harga EV lebih murah daripada ICE karena lebih sedikit partnya 😂,0,2025-09-18T09:01:49Z,2025-09-18T09:01:49Z,2026-09-19T00:23:12.527826+00:00,harusnya harga ev lebih murah daripada ice karena lebih sedikit partnya 😂,,positif,,,Human-Audit-GoldStandard,,positif,,,True
Ugxi1POr5aEdSUJ8m714AaABAg,G_acqAJrRso,79629380106f4cf9927155b02c28629c180028ab85e11ba4668978d5eb6f0bb2,Info dr sales sebelah...1000 unit sdh ludes des dessss.. setelah itu harga kembali ke 400jutaan.. bener gak ya?,0,2025-11-14T18:35:03Z,2025-11-14T18:35:03Z,2026-09-18T04:38:32.144167+00:00,info dari sales sebelah..100 unit sudah ludes des dess.. setelah itu harga kembali ke 400jutaan.. bener tidak ya?,,netral,,netral,Human-Audit-GoldStandard,,netral,,netral,True
UgwQTzKri-Rz3JXARoB4AaABAg,dEJ4VEjH1AQ,3c092641817d887625c580500c1b92f08f117df155250a728ff641acd8b8c188,Kemahalan merk ga jelas !,0,2025-11-25T04:20:30Z,2025-11-25T04:20:30Z,2026-09-19T00:23:14.870779+00:00,kemahalan merk tidak jelas !,,negatif,,,Human-Audit-GoldStandard,,negatif,,,True
UgxWSMZjrCWRBG7Fi6R4AaABAg,fjWvVFT0vr0,1387998e2d589c1dc5e1071c2929e6312525ada9949c7b9a62ac878eb6370a09,Dari depan mirip Lamborghini.. keren bangett 🎉🎉🎉🎉,0,2025-07-30T11:56:23Z,2025-07-30T11:56:23Z,2026-09-19T00:23:07.332434+00:00,dari depan mirip lamborghini.. keren bangett 🎉🎉,,,positif,,Human-Audit-GoldStandard,,,positif,,True
Ugyq4ik91EqZUwXk-4l4AaABAg,AOjceFDyYeM,40c2203ebedc0c8e5ecca004339851dec9c3e1048a4140d65860f8b0226ef3f4,"Wuling air ev
X tahun : RANGE :  BH

2 TH : 40K km : 93%
3 TH : 150K km : 83%

Kesimpulan : 
BH down 5-6% / th / 15K -50K km",0,2025-12-04T00:23:40Z,2025-12-04T00:24:03Z,2026-09-27T14:02:20.222873+00:00,wuling air ev x tahun : range : bh 2 th : 40k km : 93% 3 th : 150k km : 83% kesimpulan : bh down 5-6% / th / 15k -50k km,,,netral,,Human-Audit-GoldStandard,,,netral,,True
UgxIqPfmY4NXFPZ1fMB4AaABAg,z1fWo8tYynA,2871dc137a0ff1109ecb5265f141b331c52849ac8e9f6bed5e7e4bd633ba12f5,"Menarik tapi listrik rumah 900 VA, charger mobil ini make 2200 VA jadi minimal harus naik listrik ke 3500 VA kena biaya beban listrik 200k perbulan. ah sudahlah lcgc aja pake pertalite wkwkwk",0,2025-11-19T08:10:18Z,2025-11-19T08:10:18Z,2026-09-19T00:23:13.239008+00:00,"menarik tapi listrik rumah 900 va, charger mobil ini memakai 2200 va jadi minimal harus naik listrik ke 3500 va kena biaya beban listrik 200k perbulan. ah sudahlah lcgc aja pakai pertalite wkwkwk",negatif,,,,Human-Audit-GoldStandard,negatif,,,,True
UgzAC2Sbgiug7lC1VNh4AaABAg,4f36QI6CVtc,6fa1300b60dc04201def69d699443327a48ac83977d45f44c8ca73329d2fa115,"Nipu pembeli kayaknya spesialis Wuling, tidak cuma produk, tapi juga dealershipnya, di Surabaya 7 pembeli kena tipu mentah-mentah duitnya sudah lunas bayar, mobil nggak diserahkan sampai ribut-ribut dimediasi pak walkot. Cerita lengkap cek sendiri di yutup.",2,2026-09-08T12:13:34Z,2026-09-08T12:13:34Z,2026-09-27T14:02:14.434487+00:00,"nipu pembeli kayaknya spesialis wuling, tidak cuma produk, tapi juga dealershipnya, di surabaya 7 pembeli kena tipu mentah-mentah duitnya sudah lunas bayar, mobil tidak diserahkan sampai ribut-ribut dimediasi pak walkot. cerita lengkap cek sendiri di yutup.",,,negatif,negatif,Human-Audit-GoldStandard,,,negatif,negatif,True
UgxMgIJ-eNVd7pvERaN4AaABAg,VEXJp_L57Nk,fd652fab9c7ceaa35374d13a32fd2ab78784549072efdda0f3dbb05945902ca8,0-100 jk speed limiter dilepas mk jauh lebih cepat EV 👍,1,2025-10-12T19:58:36Z,2025-10-12T19:58:36Z,2026-09-19T00:23:10.716076+00:00,0-100 jk speed limiter dilepas mk jauh lebih cepat ev 👍,,,positif,,Human-Audit-GoldStandard,,,positif,,True
UgzmLsWcROBg5eRj6194AaABAg,dEJ4VEjH1AQ,30a3792b3075f37096ae373a09149dc5506054f522c409282436cdf8debb6e82,"Di China dijual  harganya cuman 150-170 jutaan, markup nya disini banyak juga ya...",2,2025-12-24T10:02:27Z,2025-12-24T10:02:27Z,2026-09-19T00:23:14.870779+00:00,"di china dijual harganya cuman 150-170 jutaan, markup nya disini banyak juga ya..",,negatif,,,Human-Audit-GoldStandard,,negatif,,,True
UgxB95IUuG96t3dDGAV4AaABAg,A-qeEyGaJM0,c3d65ce588d93e01c18f166eafb18abe6fc3663272ba92dc8a71b6240a656f78,Solo-Sby bukannya 200an km? Dr solo baterai full kok baru smpi mojokerto abis?,0,2026-09-16T03:57:44Z,2026-09-16T03:57:44Z,2026-09-19T00:23:14.162400+00:00,solo-sby bukannya 200an km? dari solo baterai full kok baru smpi mojokerto abis?,negatif,,,,Human-Audit-GoldStandard,negatif,,,,True
