comment_id,video_id,user_id_hash,text_original,like_count,published_at,updated_at,extracted_at,text_cleaned,infra_sentiment,ekonomi_sentiment,kualitas_sentiment,purnajual_sentiment,label_source,human_infra,human_ekonomi,human_kualitas,human_purnajual
UgwulS5ZnSQo1XgY57h4AaABAg,G_acqAJrRso,fbd5eb834774d29e7c90dd3fbffc19356f237826108373895404730ce479c727,"Harga segitu gacor banget sih! Brio, Agya, HRV auto bye bye 😂😂",70,2025-11-14T14:46:48Z,2026-04-11T11:39:35Z,2026-09-18T04:38:30.738340+00:00,"harga segitu sangat bagus banget sih! brio, agya, hrv auto bye bye 😂😂",,positif,,,Rule-Based,,,,
UgyKXEk8dbWU79NBHyR4AaABAg,fjWvVFT0vr0,ab834bbee2243c11af177c57a287f77ceef108ad8a77b984c29d5fbcd03b7232,Mantap depan belakang udah pakai rem cakram,0,2025-07-28T10:05:13Z,2025-07-28T10:05:13Z,2026-09-19T00:23:08.935049+00:00,bagus depan belakang udah pakai rem cakram,,,positif,,Rule-Based,,,,
UgxDEdboLVK0bOZsiFp4AaABAg,fjWvVFT0vr0,72ba6bee83c8b74a5b1b1449f1752ac72c68822728b500670ac19ebc6a4d5fa5,"Fix gw jual sawah 1 buat beli ini yg gw tunggu2 dri kmaren.. mobil manusiawi..murah, keren, lengkap",0,2025-07-26T07:12:00Z,2025-07-26T07:12:00Z,2026-09-19T00:23:08.164869+00:00,"fix gw jual sawah 1 buat beli ini yg gw tunggu2 dri kmaren.. mobil manusiawi..murah, keren, lengkap",,positif,,,Rule-Based,,,,
Ugx_iOGBQ8m1nmvhSUV4AaABAg,fjWvVFT0vr0,5042fe31093af31ef217fd0bfea21264b15ecfde9ebfd8948b9f1a91dd2871f7,Kerenn harga murahh lagi,0,2025-07-31T14:12:17Z,2025-07-31T14:12:17Z,2026-09-19T00:23:08.164869+00:00,kerenn harga murahh lagi,,positif,,,Rule-Based,,,,
UgwJe278d9ZP1O22EOF4AaABAg,fjWvVFT0vr0,d4b56b911855488a54cd55f027e5a5f7d4d4185af483c596cde785e703fc986e,"dari pada ketiganya tetap yaris bapo s limited ,.. tetap dihati,.. kalau service lebih gampang ;)",0,2025-07-29T03:50:10Z,2025-07-29T03:50:10Z,2026-09-19T00:23:08.164869+00:00,"dari pada ketiganya tetap yaris bapo s limited ,.. tetap dihati,.. kalau service lebih gampang ;)",,,,netral,Rule-Based,,,,
UgzemONb1nHp93jaZP14AaABAg,fjWvVFT0vr0,17755a0b33d3affe705edbdbd165ced57cc8ef1761e098844ab87e38c4621c30,klw daerah perkotaan yg aman after sales...kacang goreng kyknya...tpi utk luar kota...perlu kerja keras BYD....,0,2025-07-26T15:54:18Z,2025-07-26T15:54:18Z,2026-09-19T00:23:08.164869+00:00,klw daerah perkotaan yg aman after sales..kacang goreng kyknya..tpi untuk luar kota..perlu kerja keras byd..,,,,netral,Rule-Based,,,,
Ugyq-94hW9hg3aMMBNd4AaABAg,fjWvVFT0vr0,1c874a03d1abbbe0f649b60d88160250cde43e37cc129a738708e7c927f7c839,"bang coba Compare in sama Citroen C3 bang ya walaupun beda Segmen tp kn harganya mirip2 😁😁 pengen tau Detail2 nya bang, sama kalau boleh di Adu2 test drive dikit bang 😁😁 🙏🙏🙏",0,2025-07-26T06:34:12Z,2025-07-26T06:34:48Z,2026-09-19T00:23:08.164869+00:00,"bang coba compare in sama citroen c3 bang ya walaupun beda segmen tapi kn harganya mirip2 😁😁 pengen tau detail2 nya bang, sama kalau boleh di adu2 test drive dikit bang 😁😁 🙏🙏",,netral,,,Rule-Based,,,,
Ugwx6imviLGI9HXKMiV4AaABAg,fjWvVFT0vr0,1ee30932ac4a4f5f94b306605e771fd8912a0447348c48434517b4a9820711bd,Ada harga ada Quality,0,2025-11-27T18:37:53Z,2025-11-27T18:37:53Z,2026-09-19T00:23:08.164869+00:00,ada harga ada quality,,netral,,,Rule-Based,,,,
UgxkjitVE1JT00jfPCx4AaABAg,fjWvVFT0vr0,e6dcd0430e839e9f1e669ff92fc89c2ff114b5db56500a6a7599ef92c505cbda,fiturnyaa 😮😮😮😮 3 sks sendiri ini yakin,0,2025-07-26T11:49:27Z,2025-07-26T11:49:27Z,2026-09-19T00:23:08.164869+00:00,fiturnyaa 😮😮 3 sks sendiri ini yakin,,,netral,,Rule-Based,,,,
Ugw6S4cf9Mqs99d65bR4AaABAg,fjWvVFT0vr0,4e4e5282f0b0212f6f1a438043ab71648a6a146b2e6b562df0c64262371d81ed,"gear control dkk kalo pindah ke console tengah will be nicer sih daripada di dashboard...
repot bener mau rem/ganti gear haris angkat punggung dulu...",0,2025-08-22T01:28:10Z,2025-08-22T01:28:10Z,2026-09-19T00:23:08.164869+00:00,gear control dkk kalo pindah ke console tengah will be nicer sih daripada di dashboard.. repot bener mau rem/ganti gear haris angkat punggung dulu..,,,netral,,Rule-Based,,,,
Ugw5f6XOjC-tLfKXyrt4AaABAg,fjWvVFT0vr0,e927491600ffa4b376452d3489c35868d0decd84bb2ccd7768ed67fc16e23d62,"Iya betul kalo versi Eropa dibagasi malah ada lobangnya bisa untuk nyimpan kabel charging, v2l, pompa ban, dll...versi Indonesia rata",0,2025-10-07T01:12:10Z,2025-10-07T01:12:10Z,2026-09-19T00:23:08.164869+00:00,"iya betul kalo versi eropa dibagasi malah ada lobangnya bisa untuk nyimpan kabel charging, v2l, pompa ban, dll..versi indonesia rata",netral,,,,Rule-Based,,,,
UgzjvGSsGG7g71_n5294AaABAg,fjWvVFT0vr0,aea4fb7a66c25fd37db7745f8c1824cb8e2bc29f6fce40b6b7979fa07de369a7,"Secara hitungan lebih irit ,semoga ke beli",0,2025-07-27T03:43:38Z,2025-07-27T03:43:38Z,2026-09-19T00:23:08.164869+00:00,"secara hitungan lebih irit ,semoga ke beli",,positif,,,Rule-Based,,,,
Ugykz13sfyRCm52q1U94AaABAg,fjWvVFT0vr0,d4d789263690a880f5b6db4e1199043a9f6cf245296dd51bf1ca9f6d2567e4e5,"Buat ngojol enak bgt ini, murah , irit, ga kena gage. Beeuuhh",0,2025-07-27T03:06:47Z,2025-07-27T03:06:47Z,2026-09-19T00:23:08.164869+00:00,"buat ngojol enak banget ini, murah , irit, tidak kena gage. beeuuhh",,positif,,,Rule-Based,,,,
Ugy0k1d3no7-kYBHr-R4AaABAg,fjWvVFT0vr0,98479137c1aae3f96bff99a4b7980acc2fc8bd449a80767ace04db106c3e7486,Spek interior nya ga pelit.. lcgc kebanting lah..,0,2025-07-26T05:03:30Z,2025-07-26T05:03:30Z,2026-09-19T00:23:08.935049+00:00,spek interior nya tidak pelit.. lcgc kebanting lah..,,,netral,,Rule-Based,,,,
UgyV1L-t-HONgvBqT2R4AaABAg,fjWvVFT0vr0,bd574b969bfc40d3c30f01dfc67e83cb76b17117a0c0c3e852a2c582e4a6b524,Perasaan aja atau memang mobil produkan china exterion cakep sama interiornya udah mewah dengan harga lebih murah,0,2025-08-05T13:01:56Z,2025-08-05T13:01:56Z,2026-09-19T00:23:08.935049+00:00,perasaan aja atau memang mobil produkan china exterion cakep sama interiornya udah mewah dengan harga lebih murah,,positif,positif,,Rule-Based,,,,
Ugyw6_ElV4dqJ3nVvaV4AaABAg,fjWvVFT0vr0,e1dce0c86267b0b7c7245981f10aa6c9517df8b9323d837c4e56a11aa31fa122,"Klo lihat dari harga dan model, ini sih Aman banget sih asli aman banget😊",0,2025-07-30T09:58:26Z,2025-07-30T09:58:26Z,2026-09-19T00:23:08.935049+00:00,"kalau lihat dari harga dan model, ini sih aman banget sih asli aman banget😊",,netral,,,Rule-Based,,,,
UgyiSigHWHOG1plN21h4AaABAg,fjWvVFT0vr0,500f739f6e5d658efdd279d77af0da4f3d7e439118924c7280a7060d645991b2,Sekarang tinggal didukung infrastruktur pengisian daya mobil listrik yang perlu diperluas hingga ke remote areas.,2,2025-07-26T06:44:01Z,2025-07-26T06:44:01Z,2026-09-19T00:23:08.164869+00:00,sekarang tinggal didukung infrastruktur pengisian daya mobil listrik yang perlu diperluas hingga ke remote areas.,,,netral,,Rule-Based,,,,
Ugzy3FXy2si7y1f4q8N4AaABAg,fjWvVFT0vr0,117f269def0b044371e0badeceac67f08a0289781fd76c4506a8b3e688b883ed,saya suka mobil pabrikan cina designnya berani. Kalo pabrikan jepang mereka gatekeeping design sesuai segmen harga,0,2025-08-14T03:28:08Z,2025-08-14T03:28:08Z,2026-09-19T00:23:08.935049+00:00,saya suka mobil pabrikan cina designnya berani. kalo pabrikan jepang mereka gatekeeping design sesuai segmen harga,,positif,,,Rule-Based,,,,
Ugw-SyOr1_-6f5dsMMp4AaABAg,fjWvVFT0vr0,fc88cf618070e6a03c0062da6c23a1152a9443d7af51835de6bc827b968f0ec5,semoga harga baterai nya seharga ama spaRepart mesin bbm,0,2025-07-26T07:37:02Z,2025-07-26T07:37:02Z,2026-09-19T00:23:08.935049+00:00,semoga harga baterai nya seharga ama sparepart mesin bbm,,netral,netral,netral,Rule-Based,,,,
UgzJHP4f5KR8F1JWSGF4AaABAg,fjWvVFT0vr0,ef509a93b295f2c8641aaae119aa55d2d5a191bfee71e8eea1b22a29397739e7,"saat ini namanya masih pakai baterai...teknologi masih berkembang,,,nanti hitungan minggu atau bulan ada yg keluar lebih murah lagi dengan teknologi yg lebih baru",0,2025-07-26T16:20:14Z,2025-07-26T16:20:14Z,2026-09-19T00:23:08.935049+00:00,"saat ini namanya masih pakai baterai..teknologi masih berkembang,,nanti hitungan minggu atau bulan ada yg keluar lebih murah lagi dengan teknologi yg lebih baru",,positif,positif,,Rule-Based,,,,
Ugwi-TkA_Jq7IaHtwpV4AaABAg,fjWvVFT0vr0,0d87a0dc04db07c8b08991dd96153262e36637edfebeddb345de58dea2c20fd4,"Selama berita di China banyak ditutup2ii, masih serem merk 1 ini 😢",0,2025-07-27T00:05:33Z,2025-07-27T00:05:33Z,2026-09-19T00:23:08.935049+00:00,"selama berita di china banyak ditutup2ii, masih serem merk 1 ini 😢",,,netral,,Rule-Based,,,,
UgzdGOOs0D5k9acK8Dx4AaABAg,fjWvVFT0vr0,bff6d007386c402fb31a08b609e423e51a401b15effe9aed79b6ae893e8ce2fe,"Idealnya punya 2 mobil.. 7 seater bensin untuk jarak jauh, 4 seater elektrik untuk kota2.. dengan harga segini yg lain ketampar pasang harga mahal",0,2025-08-03T05:43:00Z,2025-08-03T05:43:00Z,2026-09-19T00:23:08.935049+00:00,"idealnya punya 2 mobil.. 7 seater bensin untuk jarak jauh, 4 seater elektrik untuk kota2.. dengan harga segini yg lain ketampar pasang harga mahal",,negatif,,,Rule-Based,,,,
Ugx-pRVM3DNAwci7IS14AaABAg,fjWvVFT0vr0,a56275aab2c13946a5e3519db121562720da624ca25d843ed550be8269bedc61,Yg di khawatirkan cuma batre hya doank usianya entah sampai kapan 😊,0,2025-07-26T08:17:02Z,2025-07-26T08:17:02Z,2026-09-19T00:23:08.935049+00:00,yg di khawatirkan cuma baterai hya doank usianya entah sampai kapan 😊,,,netral,,Rule-Based,,,,
UgyAuVLQ0K6TRuPX0Ml4AaABAg,fjWvVFT0vr0,16fc48ac82d1a7b24edb95edc1a6bda6bed82043a26a5e96b8dea245e1a9092e,"Bagus sih, pertanyaannya suku cadang gimana? Kalo dah seperti mobil jepun merek t, okelah...",0,2025-07-27T11:31:02Z,2025-07-27T11:31:02Z,2026-09-19T00:23:08.935049+00:00,"bagus sih, pertanyaannya suku cadang gimana? kalo dah seperti mobil jepun merek t, okelah..",,,,positif,Rule-Based,,,,
UgzwhBhqGKBqhVzMor54AaABAg,fjWvVFT0vr0,c9156b7c00468497168683a5e127423ec7ea120a80cd80bb1dfc5fdc5f1b992e,karena produk china bisa merasakan teknologi murah.. Alhamdulillah,0,2025-08-09T12:08:58Z,2025-08-09T12:08:58Z,2026-09-19T00:23:08.935049+00:00,karena produk china bisa merasakan teknologi murah.. alhamdulillah,,positif,,,Rule-Based,,,,
UgzsjitIw6fdBvYXVwl4AaABAg,fjWvVFT0vr0,d6b9e32101c2b2d4602aca96724e69e2d41868a8c7645cc1c3da7da7a9c5048a,masih ngeri sama harga batrenya ... seharga mobil baru kabarnya,0,2025-08-01T11:37:27Z,2025-08-01T11:37:27Z,2026-09-19T00:23:08.935049+00:00,masih ngeri sama harga batrenya .. seharga mobil baru kabarnya,,netral,,,Rule-Based,,,,
Ugxs6bU51CVUS7Twhwd4AaABAg,fjWvVFT0vr0,fc88cf618070e6a03c0062da6c23a1152a9443d7af51835de6bc827b968f0ec5,ayo sparepart byd dilimpahkan   seperti astra dijamin banyak avanza jadi rongsokan😂,0,2025-07-26T07:31:53Z,2025-07-26T07:31:53Z,2026-09-19T00:23:08.935049+00:00,ayo sparepart byd dilimpahkan seperti astra dijamin banyak avanza jadi rongsokan😂,,,,netral,Rule-Based,,,,
UgzpqkAvRuQjmEbQEqh4AaABAg,fjWvVFT0vr0,08973114bd36cf6376b043c15339ba9f9a3839dd54f3888659a94447dc155fbe,Nunggu sekenan di harga dibawah 150jt 😅,2,2025-07-26T04:43:38Z,2025-07-26T04:43:38Z,2026-09-19T00:23:08.935049+00:00,nunggu sekenan di harga dibawah 150jt 😅,,netral,,,Rule-Based,,,,
UgxHUwt0dU20Jq3SHV54AaABAg,fjWvVFT0vr0,d8fa78507adb923f66cbfaa1719335263704db7ea310e39440da039adb41a98b,"Kalau tempat servis udah mulai banyak, mungkin dari Honda bakal beralih ke brand ini",0,2025-08-24T04:12:40Z,2025-08-24T04:12:40Z,2026-09-19T00:23:08.935049+00:00,"kalau tempat servis udah mulai banyak, mungkin dari honda bakal beralih ke brand ini",,,,netral,Rule-Based,,,,
Ugxb2J-wBpXuMwZnkOl4AaABAg,fjWvVFT0vr0,a5c03838dbbabfc61b3451af8e52f9c17415e54d9e5387f8866ac1eb7aed77d7,"Gokil mobil china kok bisa murah2 banget, jangan2 disini banyak yg......",0,2026-03-21T01:12:50Z,2026-03-21T01:12:50Z,2026-09-19T00:23:08.935049+00:00,"gokil mobil china kok bisa murah2 banget, jangan2 disini banyak yg..",,positif,,,Rule-Based,,,,
UgyfcCszYYN-qa0l7A14AaABAg,fjWvVFT0vr0,a5cd534289a5e94e79a6d17907f2631cee7e1621f425d608be146ada4a589669,"cuman dikota besar, kota pinggiran masi belum support baik dari sparepart dll. ataupun emergency listrik",0,2025-08-30T02:48:20Z,2025-08-30T02:48:20Z,2026-09-19T00:23:08.164869+00:00,"cuman dikota besar, kota pinggiran masi belum support baik dari sparepart dll. ataupun emergency listrik",,,,netral,Rule-Based,,,,
UgyZFRAI-UOIMbutD694AaABAg,fjWvVFT0vr0,ca397aa66d5329ccda285bbf6c28239e5cbaa47f10d79d8ebf3c113e5e3addc1,"Ayo beli guys,gw nunggu second kalian aja😂",0,2025-07-28T17:05:34Z,2025-07-28T17:05:34Z,2026-09-19T00:23:08.164869+00:00,"ayo beli guys,gw nunggu bekas kalian aja😂",,netral,,,Rule-Based,,,,
UgzdBtnro0_vt8uDuGJ4AaABAg,fjWvVFT0vr0,de60829835d0ab73ddfb3addb3929d9bd4fd76cc24be9056bee3b752f7175c2c,"Blm mau mobil listrik krna harganya ga masuk di saya, ada harga yg masuk ga suka modelnya... and now boooooommm oke akhir thn spk mobil ini",20,2025-07-26T07:43:56Z,2025-07-26T07:43:56Z,2026-09-19T00:23:06.549873+00:00,"belum mau mobil listrik krna harganya tidak masuk di saya, ada harga yg masuk tidak suka modelnya.. and now boomm oke akhir thn spk mobil ini",,positif,,,Rule-Based,,,,
UgyyOFJFFXfBatvQMmJ4AaABAg,fjWvVFT0vr0,109b61da3a5fc91f802c6f4467b81a7a9d2ba6f799f26edf8bad7c461fec7ff4,semoga ada yang lebih murah lagi dengan kualitas bagus,0,2025-08-01T08:46:53Z,2025-08-01T08:46:53Z,2026-09-19T00:23:07.332434+00:00,semoga ada yang lebih murah lagi dengan kualitas bagus,,positif,,,Rule-Based,,,,
Ugwg_OvtmxEJHak-X914AaABAg,fjWvVFT0vr0,547bf7a702616a578658e6ae17b93f8ccaf7806faa0a637225d8a7cc357a8d66,Wah ad mobil global dgn harga lcgc,4,2025-07-26T03:24:36Z,2025-07-26T03:24:36Z,2026-09-19T00:23:06.549873+00:00,wah ad mobil global dengan harga lcgc,,netral,,,Rule-Based,,,,
UgyiOgelMqrXSGG1REh4AaABAg,fjWvVFT0vr0,888ecce3bf95485c3e85a08270f5ebec6f1fc67d6abe7f6746590e0056d46e5f,Baguslah ada mobil2 keren murah kayak gini.,1,2025-07-26T07:05:38Z,2025-07-26T07:05:38Z,2026-09-19T00:23:06.549873+00:00,baguslah ada mobil2 keren murah kayak gini.,,positif,,,Rule-Based,,,,
UgzPxJGaX0mJE8Nh0ep4AaABAg,fjWvVFT0vr0,61d9b69c5590a4bd43cb9e22a5cbae39123adf802ae1bb461ca7189c9f6ca359,"berkat China harga mobil jadi normal, ilove China",7,2025-07-26T03:25:30Z,2025-07-26T03:25:30Z,2026-09-19T00:23:06.549873+00:00,"berkat china harga mobil jadi normal, ilove china",,netral,,,Rule-Based,,,,
Ugzi5OzcKvqAzkoKkLd4AaABAg,fjWvVFT0vr0,949e85aacc184698c78f8f0ea3df9a27a1f000cbef71fc7c99a75cfbf00b4972,"Kenapa ya MobCin ga niru Jejepangan untuk kasih trim fitur2 di mobilnya , biar lebih murah lagi. Misal nya sunat bagian spion, sun visor, velk kaleng, jog, head unit di kecilin ukuran nya, camera dll . Atau semakin tinggi trimnya di tambahin kosmetik crom , body moulding . Hehehe ... Jokes but Real.",3,2025-07-26T04:28:53Z,2025-07-26T04:28:53Z,2026-09-19T00:23:06.549873+00:00,"kenapa ya mobcin tidak niru jejepangan untuk kasih trim fitur2 di mobilnya , biar lebih murah lagi. misal nya sunat bagian spion, sun visor, velk kaleng, jog, head unit di kecilin ukuran nya, camera dll . atau semakin tinggi trimnya di tambahin kosmetik crom , body moulding . hehehe .. jokes but real.",,positif,positif,,Rule-Based,,,,
Ugz_67U2pMZj2w6WrXl4AaABAg,fjWvVFT0vr0,f9e7fe31f7fea6bb81869b6df456b4f8accfcad80d69053a8c1e9159093322a9,"Dulu suka banget pake mobil Fortuner dan Brio, semenjak mobil China hadir semua mobil di garasi berubah pakai Chery icar 03 dan sementara mau incar ini Atto 1 BYD. Intinya mobil listrik irit terus pajak murah dan paling utama kenyamanan berani diadu sama mobil jepun😂",8,2025-07-26T10:15:24Z,2025-07-26T10:16:31Z,2026-09-19T00:23:06.549873+00:00,"dulu suka banget pakai mobil fortuner dan brio, semenjak mobil china hadir semua mobil di garasi berubah pakai chery icar 03 dan sementara mau incar ini atto 1 byd. intinya mobil listrik irit terus pajak murah dan paling utama kenyamanan berani diadu sama mobil jepun😂",,positif,positif,,Rule-Based,,,,
UgxfSJLn5PPUyN3yS3V4AaABAg,fjWvVFT0vr0,9aed0190298e9325cdd9fc08134b2335fe0438962812d96bf69b8c5f2e4f4f36,"Asli Keren murah BYD,mulai dri premium sampai kelas murah.....Bissmillah moga bisa beli  dan kalian juga yaaaa",0,2025-07-28T10:40:54Z,2025-07-28T10:40:54Z,2026-09-19T00:23:06.549873+00:00,"asli keren murah byd,mulai dri premium sampai kelas murah..bissmillah moga bisa beli dan kalian juga yaa",,positif,positif,,Rule-Based,,,,
UgzBJwehlGgOe2gkf_14AaABAg,fjWvVFT0vr0,02050f41933a09c962ea6eb1648ba950535e3b1a76bc974eb79ab874e06423a0,"Cukup layak untuk dipertimbangan,selain model yg lebih keren dari kompetitor,cocok buat yg mau punya mobil tapi rumahnya kecil,cocok buat kekuarga kecil yg terdiri dari 3-5 orang,dan cocok kalo mau ambil mobil tampang sporty harga murah",0,2026-04-04T00:51:19Z,2026-04-04T00:51:19Z,2026-09-19T00:23:06.549873+00:00,"cukup layak untuk dipertimbangan,selain model yg lebih keren dari kompetitor,cocok buat yg mau punya mobil tapi rumahnya kecil,cocok buat kekuarga kecil yg terdiri dari 3-5 orang,dan cocok kalo mau ambil mobil tampang sporty harga murah",,positif,,,Rule-Based,,,,
Ugxge9y5UWVLTSxQgWB4AaABAg,fjWvVFT0vr0,eec6ab7df5154ea7ad0d30910eedb731fa53d5884e2b893e107139b14ba41f98,"Model okey harga ekonomis 
China emg gila... 
Bismillah Tak sholawatin ini",0,2025-08-14T23:50:53Z,2025-08-14T23:50:53Z,2026-09-19T00:23:06.549873+00:00,model okey harga ekonomis china emg gila.. bismillah tak sholawatin ini,,netral,,,Rule-Based,,,,
UgyYg15BfXKp1-G0viB4AaABAg,fjWvVFT0vr0,d1343c43c0d8280e8229c84b99b747ea838885103840f733ef88ad1d5d6f0e8d,"wow sangat menggiurkan ini..Design Bagus, Merek Bagus, Fitur oke, Harga Oke ....worth to buy...",0,2025-07-27T00:17:57Z,2025-07-27T00:17:57Z,2026-09-19T00:23:06.549873+00:00,"wow sangat menggiurkan ini..design bagus, merek bagus, fitur oke, harga oke ..worth to buy..",,positif,positif,,Rule-Based,,,,
UgyWSmxqMjgN02Hqoy14AaABAg,fjWvVFT0vr0,8a91ceeb022c9d2e52946a628c8b5d22e86481a14610c44c5d0ecf78ac6f087f,"Interior exterior keren banget plus harga murah banyak,ga salah BYD bisa menjadi no 1.",0,2025-07-28T10:02:34Z,2025-07-28T10:02:34Z,2026-09-19T00:23:06.549873+00:00,"interior exterior keren banget plus harga murah banyak,ga salah byd bisa menjadi no 1.",,positif,positif,,Rule-Based,,,,
UgxB_-8jEO27HE-VK9d4AaABAg,fjWvVFT0vr0,9ee9e27103cb1636a47da48776d5d561723af2995c371c1fb0bf3953c1e8ec3a,"5:50 setuju ini interior bagus, ga kayak si sebelah, macam bajaj yg bisa sepak2an antara driver dan pengemudi wkwkwk",1,2025-07-26T06:54:22Z,2025-07-26T06:54:22Z,2026-09-19T00:23:07.332434+00:00,"5:50 setuju ini interior bagus, tidak kayak si sebelah, macam bajaj yg bisa sepak2an antara driver dan pengemudi wkwkwk",,,positif,,Rule-Based,,,,
UgyO7j8WmDUS95l6Qh54AaABAg,fjWvVFT0vr0,60db0c4827a0224993323afed97af545d1f59133383740952084b5cfb5be44c8,"Di tunggu dealernya di Samarinda, Kaltim",0,2025-07-26T07:12:37Z,2025-07-26T07:12:37Z,2026-09-19T00:23:07.332434+00:00,"di tunggu dealernya di samarinda, kaltim",,,,netral,Rule-Based,,,,
Ugw_UYxha1T7Tc-V-i14AaABAg,fjWvVFT0vr0,1c6c1a5b69b823f89ed6d8b6fd288de2efd9915f1ca9ce902949ab6479a0524d,"Ini baru mobil listrik murah, bukan grobak mie ayam",0,2025-07-26T04:52:20Z,2025-07-26T04:52:20Z,2026-09-19T00:23:07.332434+00:00,"ini baru mobil listrik murah, bukan grobak mie ayam",,positif,,,Rule-Based,,,,
UgwHmS2Bo75a1iW80tN4AaABAg,fjWvVFT0vr0,137a45181cdced0890b257eeab9a0bc9f63456d514d02ee451844d7608c8b3dd,"bisa lebih murah lagi kalau pabrik yg di indonesia sudah beroperasi, dan baterynya juga diproduksi di Indonesia secara bahan bakunya dari sini juga",0,2025-07-26T16:08:45Z,2025-07-26T16:08:45Z,2026-09-19T00:23:07.332434+00:00,"bisa lebih murah lagi kalau pabrik yg di indonesia sudah beroperasi, dan baterynya juga diproduksi di indonesia secara bahan bakunya dari sini juga",,positif,,,Rule-Based,,,,
Ugz7g-FsVgmQQMcNNul4AaABAg,fjWvVFT0vr0,eb6e23b49ed0795457ef62ea764e6b3e228fc90995fb9eb200c23c9f3a82da8e,"Best.... Baterai garansi panjang 8thn, 30 menit 80% auto jarak jauh.... semoga pln makin support di setiap spbu.... 😍🥰",0,2025-07-28T16:08:10Z,2025-07-28T16:08:10Z,2026-09-19T00:23:08.164869+00:00,"best.. baterai garansi panjang 8thn, 30 menit 80% auto jarak jauh.. semoga pln makin support di setiap spbu.. 😍🥰",netral,netral,netral,,Rule-Based,,,,
UgxfJ8hhn29HeOkAyu94AaABAg,fjWvVFT0vr0,d845566b0dfec88ce0350a7cdffa455256cc5873732408fae5c94e70abdd1234,"Dg harga sgtu, seharga mbl pickup ringan... AsliKeren bgt ❤",0,2025-10-10T13:41:35Z,2025-10-10T13:41:35Z,2026-09-19T00:23:07.332434+00:00,"dg harga sgtu, seharga mbl pickup ringan.. aslikeren banget ❤",,positif,,,Rule-Based,,,,
Ugxh_FqWksP1QklJRVx4AaABAg,fjWvVFT0vr0,0b696595ae6ce8fcd7edc01f989fec66fde6467d201fcef4b5cec1d0969dc553,"Byk sales nya disini untuk up kan, semangat2,,,",0,2025-07-28T09:54:22Z,2025-07-28T09:54:22Z,2026-09-19T00:23:07.332434+00:00,"byk sales nya disini untuk up kan, semangat2,,",,,,netral,Rule-Based,,,,
UgycWdAaQdok2z1EQQ94AaABAg,fjWvVFT0vr0,6f0851897ad405d1bf1acf2db0d829cc1c83e380a3f8dfd4c85d125c72734491,Negara Daxia ini pinter bisnis dan penguasaan tekhnologi dihargai,0,2025-09-23T03:26:34Z,2025-09-23T03:26:34Z,2026-09-19T00:23:07.332434+00:00,negara daxia ini pinter bisnis dan penguasaan tekhnologi dihargai,,netral,,,Rule-Based,,,,
UgzHOJHpSsHvJKkZ7014AaABAg,fjWvVFT0vr0,5a9545f6907617901da1c97825c060948b5c89406b5a171be089be6d34221272,Terima kasih byd sudah release atto 1 di indonesia sehingga kami bisa merasakan mobil yg proper dengan harga terjangkau 😁,1,2025-12-15T15:06:51Z,2025-12-15T15:06:51Z,2026-09-19T00:23:07.333419+00:00,terima kasih byd sudah release atto 1 di indonesia sehingga kami bisa merasakan mobil yg proper dengan harga terjangkau 😁,,netral,,,Rule-Based,,,,
UgzsCZFoaVsvm76IjgB4AaABAg,fjWvVFT0vr0,2501d9946a7f0ee2ed0c1243e1bc41e4e670f44fdb55a2bfc2d1066f90599fed,Keren bgt interiornya,0,2025-07-29T01:19:50Z,2025-07-29T01:19:50Z,2026-09-19T00:23:07.333419+00:00,keren banget interiornya,,,positif,,Rule-Based,,,,
UgyTcuC1XultNkS2KhF4AaABAg,fjWvVFT0vr0,76ca191a7d272c8b67210f5701740b1da2bed8817710930fd760e6ee7b308460,Asal pajak produksi & impor Indonesia jangan gila2 an naik nya. Ya pasti murah😌,0,2026-03-12T05:34:15Z,2026-03-12T05:34:15Z,2026-09-19T00:23:07.333419+00:00,asal pajak produksi & impor indonesia jangan gila2 an naik nya. ya pasti murah😌,,positif,,,Rule-Based,,,,
UgyoRR4C2oYQpgV2zrV4AaABAg,fjWvVFT0vr0,3399688359fa8de18efe9bbc285d09d4bae3e261fade60deba4dadb96fe21f60,Mobil premium ajalah saye 🙏,1,2026-03-30T06:09:24Z,2026-03-30T06:09:24Z,2026-09-19T00:23:07.333419+00:00,mobil premium ajalah saye 🙏,,,netral,,Rule-Based,,,,
UgxUjva1F4SMMIQBXbN4AaABAg,fjWvVFT0vr0,4b9169bda496cf34ce13e5a433c840eadfeba6d98ef9d37ada5f10f2023593ae,"Posisi duduk, genggaman tangan di setir,  dan ergonomi kursinya si Brio emang gokil sih (baca: enak banget) untuk ukuran harga mobilnya.",0,2025-07-30T02:02:11Z,2025-07-30T02:02:11Z,2026-09-19T00:23:07.333419+00:00,"posisi duduk, genggaman tangan di setir, dan ergonomi kursinya si brio emang gokil sih (baca: enak banget) untuk ukuran harga mobilnya.",,netral,,,Rule-Based,,,,
UgzTjcijq28Bc8KKKeV4AaABAg,fjWvVFT0vr0,93457b837a0613f5a5637e7aefdc35ec12a0e9bf86607eb4c98615de3c9ee479,"Yg penting afterseles nya di jaga, ketersediaan part dan onderdilnya kalo melimpah murah danudah di dapat pasti laris",0,2025-07-29T00:13:29Z,2025-07-29T00:13:29Z,2026-09-19T00:23:07.333419+00:00,"yg penting afterseles nya di jaga, ketersediaan part dan onderdilnya kalo melimpah murah danudah di dapat pasti laris",,positif,,,Rule-Based,,,,
Ugz_gsmgmuprkezp3dN4AaABAg,fjWvVFT0vr0,924ffd409fc78c8d9056843ae4b38fc245900eb382decb779cb63cd94c13d612,Kalau yg paham bawa mobil...tetep pilih mobil berbahan bakan PERTALIT.perawatan mobil listrik sangat mahal bos...apalagi kalau ganti baterai...coba aja cari infonya.,1,2025-08-03T23:29:45Z,2025-08-03T23:29:45Z,2026-09-19T00:23:07.333419+00:00,kalau yg paham bawa mobil..tetep pilih mobil berbahan bakan pertalit.perawatan mobil listrik sangat mahal bos..apalagi kalau ganti baterai..coba aja cari infonya.,,negatif,negatif,,Rule-Based,,,,
UgzvpJksJE3kWd3x7_x4AaABAg,fjWvVFT0vr0,786722449c1c5002a08e57baaea4ce73033e4a14a9f6d9bd05f5168daedbccb4,Cocok ini demi kelangkaan BbM dan harganya Murah...,0,2025-08-02T11:37:52Z,2025-08-02T11:37:52Z,2026-09-19T00:23:07.333419+00:00,cocok ini demi kelangkaan bbm dan harganya murah..,,positif,,,Rule-Based,,,,
UgwH91JiIVDeIj8qh994AaABAg,fjWvVFT0vr0,d8296640e9011434add3eedfafee29e9422c82e9573cfee87854ccee6dfd2759,semoga aftersalesnya bisa sebaik mobil jepang dan eropa,0,2025-08-08T08:26:35Z,2025-08-08T08:26:35Z,2026-09-19T00:23:08.164869+00:00,semoga aftersalesnya bisa sebaik mobil jepang dan eropa,,,,netral,Rule-Based,,,,
UgxlCGO6R6mxaWoGoPd4AaABAg,fjWvVFT0vr0,d377bfd80a1a8dc737b6560d6f937c6b91249b53f5da367b6819eceba33784b1,masih wait and see 5-8 tahun kedepan untuk beli mobil listrik. semoga after sales service lebih cepat perbaikannya,0,2025-07-30T05:03:53Z,2025-07-30T05:03:53Z,2026-09-19T00:23:08.164869+00:00,masih wait and see 5-8 tahun kedepan untuk beli mobil listrik. semoga after sales service lebih cepat perbaikannya,,,,netral,Rule-Based,,,,
UgyG4QU2sjhEBBLWLaZ4AaABAg,fjWvVFT0vr0,2961bd354994428959365ed0cc80fc6796b52b3bbf6121d0f65b41acbc7102b2,"Mobil Toyota listrik harga OTR tinggi Krn blum ada saingan nya dari merk lain nya,  sekarang ketemu rival yg sepadan dari BYD atto jadi harga bisa lebih kompetitif di pasaran otomotif,  tinggal para konsumen yg pintar2 utk memilih sesuai kebutuhan nya..",0,2025-07-27T22:54:44Z,2025-07-27T22:54:44Z,2026-09-19T00:23:08.935049+00:00,"mobil toyota listrik harga otr tinggi karena blum ada saingan nya dari merk lain nya, sekarang ketemu rival yg sepadan dari byd atto jadi harga bisa lebih kompetitif di pasaran otomotif, tinggal para konsumen yg pintar2 untuk memilih sesuai kebutuhan nya..",,netral,,,Rule-Based,,,,
UgynlI1UHb1OcMkgI8V4AaABAg,fjWvVFT0vr0,a54130a6f78ca93f0e171698951aeb94d268576b445cd22cc38a7a7a40a2d8f0,"Ini keliatannya kyak mobil 300 jutaan, china emang gokil jualnya ko murah2 bener",0,2025-07-29T16:51:08Z,2025-07-29T16:51:08Z,2026-09-19T00:23:09.885658+00:00,"ini keliatannya kyak mobil 300 jutaan, china emang gokil jualnya ko murah2 bener",,positif,,,Rule-Based,,,,
Ugwd5AMlbBXqLuyKXz54AaABAg,fjWvVFT0vr0,f87d2968fc63d9eef1580f5a871b364fe72ef8df8c6513c857b1512816e19d1f,"Berasa kek jaman dlu hphp buatan china masuk ke indo , diremehin awalnya dan akhirnya banyak juga pemakai nya 😂",1,2025-07-28T16:38:22Z,2025-07-28T16:38:22Z,2026-09-19T00:23:09.885658+00:00,"berasa kek jaman dlu hphp buatan china masuk ke indo , diremehin awalnya dan akhirnya banyak juga pemakai nya 😂",,,netral,,Rule-Based,,,,
UgzhxJ9qDATfKcdxxsl4AaABAg,VEXJp_L57Nk,9b5d27cd3bc22165c8418d0c11c08c285db4d87e37717894e0bbe2dde3e07e79,Saya punya byd m6. Aftersales mau ganti spion aja nunggu 1 bulan. Sampai sekarang di ghosting terus sama bengkelnya di KALIMALANG. catet tuh BYD Dan ARISTA. NO VIRAL NO SERVICE.,6,2025-10-04T00:33:18Z,2025-10-04T00:33:45Z,2026-09-19T00:23:10.716076+00:00,saya punya byd m6. aftersales mau ganti spion aja nunggu 1 bulan. sampai sekarang di ghosting terus sama bengkelnya di kalimalang. catet tuh byd dan arista. no viral no service.,,,,netral,Rule-Based,,,,
UgyhmssrZUHwxvo6F9h4AaABAg,J00aDzfK8WQ,ad5f221b761508d10cfc1868f7fb835f6e7e7914f3f471c438167b00c06c38e3,abis ni dbantai harga nya ama ceri... 😂😅,17,2026-05-25T15:27:23Z,2026-05-25T15:27:23Z,2026-09-19T00:23:10.549263+00:00,abis ni dbantai harga nya ama ceri.. 😂😅,,netral,,,Rule-Based,,,,
UgysgGHRO8uPxvYwdSd4AaABAg,J00aDzfK8WQ,9c03bd259d52682b93bb832ac8be0379a7b69575a8e6a94d8e86534ebcc8afb2,Kenapa atto 1 2026 yang dibahas selalu premium. Ga pernah bahas yg tipe baru standard itu...,0,2026-06-01T15:20:08Z,2026-06-01T15:20:08Z,2026-09-19T00:23:10.549263+00:00,kenapa atto 1 2026 yang dibahas selalu premium. tidak pernah bahas yg tipe baru standard itu..,,,netral,,Rule-Based,,,,
UgyF2ohUUemjTkqN1gt4AaABAg,J00aDzfK8WQ,fdabe69f057109d5a21baf4d63d8d2db4d33c1f4466522f220909e0eb9d7a2e7,Bang bahas yang atto 1 dynamic ckd juga donk. Btw mending ambil yg dynamic atto premium skalian? Yg dynamic bisa V2L gak bang?,2,2026-05-27T00:39:31Z,2026-05-27T00:39:31Z,2026-09-19T00:23:10.549263+00:00,bang bahas yang atto 1 dynamic ckd juga donk. btw lebih baik ambil yg dynamic atto premium skalian? yg dynamic bisa v2l tidak bang?,,,netral,,Rule-Based,,,,
UgyHY9vuzUxS_c9M0cV4AaABAg,J00aDzfK8WQ,2d86a9d63c41fcc378c41c95572608175948c50e0f3ab87e0f0ba1d416df56d5,Kl info terbaru untuk pajak mobil listrik gimana ya jadinya?,0,2026-05-26T05:59:01Z,2026-05-26T05:59:01Z,2026-09-19T00:23:10.549263+00:00,kalau info terbaru untuk pajak mobil listrik gimana ya jadinya?,,netral,,,Rule-Based,,,,
Ugy7NoF-VRSlfDuqHlR4AaABAg,J00aDzfK8WQ,28ddf64a0bb3234a33ce310fa20d80b0332c3ec5fc69f29793d923d18ff33da5,yg ckd build quality gimana om?,1,2026-06-26T02:02:18Z,2026-06-26T02:02:18Z,2026-09-19T00:23:10.549263+00:00,yg ckd build quality gimana om?,,,netral,,Rule-Based,,,,
UgzfD3DFOfuPMvyK8l54AaABAg,J00aDzfK8WQ,5b06f3096184c063d0430b8c37f445e3538cf51ecb39eaf1bacc70bededca621,"Lah tumben ckd malah naik 
Biasanya udah ckd pasti harga turun",0,2026-05-26T02:06:58Z,2026-05-26T02:06:58Z,2026-09-19T00:23:10.549263+00:00,lah tumben ckd malah naik biasanya udah ckd pasti harga turun,,netral,,,Rule-Based,,,,
UgzxVMjCxMQYjiyB1R54AaABAg,J00aDzfK8WQ,3c3fa1664ae42bee2ff10a8d1e3ef5fb4c0308b4845bda138d073919d04d4584,kalo lagi tiba2 rem mendadak sih biasa gw nyalain hazard biar orang blakang ready. tapi susunan tombol kaya begitu malah bikin gw ditabrak dr blakang krn mobil tiba2 mati salah pencet stop engine,0,2026-05-26T03:36:35Z,2026-05-26T03:36:35Z,2026-09-19T00:23:10.549263+00:00,kalo lagi tiba2 rem mendadak sih biasa gw nyalain hazard biar orang blakang ready. tapi susunan tombol kaya begitu malah bikin gw ditabrak dari blakang karena mobil tiba2 mati salah pencet stop engine,,,netral,,Rule-Based,,,,
UgzDz7mDSF93vhn2IYV4AaABAg,J00aDzfK8WQ,585f7154ffc15aa73b6330a48c788c5517bb55461de236337c1b0166ecc493f4,Kira2 yang varian type Dynamic juga ada improvement seperti varian type Premium ini nggak ya ?.,0,2026-05-25T14:23:23Z,2026-05-25T14:23:23Z,2026-09-19T00:23:10.549263+00:00,kira2 yang varian type dynamic juga ada improvement seperti varian type premium ini tidak ya ?.,,,netral,,Rule-Based,,,,
Ugwc0O1M514Me3MUOSh4AaABAg,J00aDzfK8WQ,a9393138904775e93ffcf58be810e5ed2d77c68a891c50703f3280f2bc9584ba,"Kok bisa ya range mobil ini lebih banyak dari icar v23 rwd. Padahal baterai icar 2x lipatnya ini, dan bodynya juga gak sebongsor zenix/j6. Apa v23 seboros itu yak?",0,2026-05-25T14:09:22Z,2026-05-25T14:09:22Z,2026-09-19T00:23:10.549263+00:00,"kok bisa ya range mobil ini lebih banyak dari icar v23 rwd. padahal baterai icar 2x lipatnya ini, dan bodynya juga tidak sebongsor zenix/j6. apa v23 seboros itu yak?",,,netral,,Rule-Based,,,,
Ugx52YoCKoKb-YaCIsh4AaABAg,J00aDzfK8WQ,f1f1f1e84e4e958c14bb22994505de29fd2943245a447cf0ca74cae6d4118ab5,Yg tipe premium sudah ada blind spot monitoring dan lane departure warning blm?,0,2026-08-27T13:58:17Z,2026-08-27T13:58:17Z,2026-09-19T00:23:10.549263+00:00,yg tipe premium sudah ada blind spot monitoring dan lane departure warning blm?,,,netral,,Rule-Based,,,,
UgyXFyqr3SMREGEH5PR4AaABAg,VEXJp_L57Nk,77790817db7c73a31a9e828b6e7f7ddffd477b7ab78d3150984072c40f576dc6,"Drama Build Quality di mobil Indonesia sudah tidak ada lagi sejak ada mobil China (Co. BYD, Wuling, Geely dkk)",5,2025-10-28T03:48:43Z,2025-10-28T03:48:43Z,2026-09-19T00:23:10.716076+00:00,"drama build quality di mobil indonesia sudah tidak ada lagi sejak ada mobil china (co. byd, wuling, geely dkk)",,,netral,,Rule-Based,,,,
UgwRdYe4D-zn3EkjR9h4AaABAg,VEXJp_L57Nk,52ab1457262f2f481edd2c702577159f3658e6bcb94d24105e99738c2d00a182,Blm kelihatan dijalan raya..dah november...apa indentnya lama?,1,2025-10-19T01:19:40Z,2025-10-19T01:19:40Z,2026-09-19T00:23:10.716076+00:00,belum kelihatan dijalan raya..dah november..apa indentnya lama?,,,,netral,Rule-Based,,,,
UgwMVSpDc1XKLu9B8ht4AaABAg,VEXJp_L57Nk,b28dc017a115781501cc2413c203adf804538439f16c660506a846c50a685299,Masih menunggu saingan atto 1 harga di bawah atto 1😅,1,2025-10-03T12:30:47Z,2025-10-03T12:30:47Z,2026-09-19T00:23:10.716076+00:00,masih menunggu saingan atto 1 harga di bawah atto 1😅,,netral,,,Rule-Based,,,,
Ugy49t1JQC4pC2TZyTZ4AaABAg,VEXJp_L57Nk,6312c472016597b94dba650316487982d972c5b08fd9df61529a6ecfe8ecdec4,"Real range yaaa sekitar 350-340 km sm yg premium, sedangkan utk yg dynamic sekitar 270-250km",1,2025-10-04T02:56:10Z,2025-10-04T02:56:10Z,2026-09-19T00:23:10.716076+00:00,"real range yaa sekitar 350-340 km sama yg premium, sedangkan untuk yg dynamic sekitar 270-250km",,,netral,,Rule-Based,,,,
UgzGvS33JHBSHY4Wgt14AaABAg,fjWvVFT0vr0,a75bcaa3ae3cdba4373c5fdacfc0a5a79f627ffe6b76780957e8888375419c8a,"Mereka mengejar prospek dari pengendara yang mau pindah dari mobil bensin ke ev. Karena yang punya mobil bensin itu jutaan, khususnya LCGC, maka itu akan menjadi pasar yang menggiurkan. Jadi mereka bisa pasang hrg murah dengan untung lebih dikit utk mengambil ""kue"" yang paling besar itu. Kalau sudah menguasai pasar, perlahan akan naik harganya. Semua pabrikan juga begitu.",0,2025-07-28T07:25:42Z,2025-07-28T07:27:56Z,2026-09-19T00:23:09.885658+00:00,"mereka mengejar prospek dari pengendara yang mau pindah dari mobil bensin ke ev. karena yang punya mobil bensin itu jutaan, khususnya lcgc, maka itu akan menjadi pasar yang menggiurkan. jadi mereka bisa pasang hrg murah dengan untung lebih dikit untuk mengambil ""kue"" yang paling besar itu. kalau sudah menguasai pasar, perlahan akan naik harganya. semua pabrikan juga begitu.",,positif,,,Rule-Based,,,,
UgyrmTmwh_DQmtPMSfV4AaABAg,VEXJp_L57Nk,a4653e00ad0bdc68b12cb84e803597187158e473745a0274f4c11ac38fbb2e19,"Jadi better ambil ini atau geely EX2 ya? Bingung nih..
Denger2 dapat bocoran kalau EX2 itu harga nya 250-280 juta",3,2025-10-07T03:59:20Z,2025-10-07T03:59:20Z,2026-09-19T00:23:10.716076+00:00,jadi better ambil ini atau geely ex2 ya? bingung nih.. denger2 dapat bocoran kalau ex2 itu harga nya 250-280 juta,,netral,,,Rule-Based,,,,
UgxnFToalT4_BRC6eWZ4AaABAg,z1fWo8tYynA,11a1317ff706283f9cc1111b2dcf73100702299424718586816fd5f586dfe009,"Mobil listrik murah sekarang desainnya udah manusiawi, bukan kayak mobil mainan lagi.",9,2025-09-18T00:03:33Z,2025-09-18T00:03:33Z,2026-09-19T00:23:10.960426+00:00,"mobil listrik murah sekarang desainnya udah manusiawi, bukan kayak mobil mainan lagi.",,positif,,,Rule-Based,,,,
UgzHiNclCaW3CAe7Ult4AaABAg,z1fWo8tYynA,f8f64a61dac30a2f672e6ceefbb474dda1c5b10b39dea2887e7db4cf89e5e8e1,Bismillah pasti Allah kasih beli cash di tahun 2025,21,2025-09-18T05:48:34Z,2025-09-18T05:48:34Z,2026-09-19T00:23:10.960426+00:00,bismillah pasti allah kasih beli cash di tahun 2025,netral,,,,Rule-Based,,,,
UgxUjup3pgjJsPiPn854AaABAg,z1fWo8tYynA,8683d84f41da15d7ed6d3c533a29c0fafff0fa0a4b851235cec9615735ac790c,"Semoga tahun depan bisa kebeli atto aminn 🤲🏻 
Semoga juga  kedepan nya bisa ganti unit baterai only dan harga 25jt an 😅",10,2025-09-17T22:25:22Z,2025-09-17T22:25:22Z,2026-09-19T00:23:10.960426+00:00,semoga tahun depan bisa kebeli atto aminn 🤲🏻 semoga juga kedepan nya bisa ganti unit baterai only dan harga 25jt an 😅,,netral,netral,,Rule-Based,,,,
Ugzuoy6WaKvA6au5CWl4AaABAg,z1fWo8tYynA,f138c66b16ccd9545edc97952eea1d53cb5514b08614a3988101176a0352e204,"BYD bahkan serius dgn mau bangun pabrik disini, intiny ap, ketersedian parts , service lebih terjamin, kdg males jga list antrian pom makin rame..tpi ingat kalian harus disiplin dlm penggunaan per km.. jgn sampai batrei abis.. wat harian urban its ok lah..untuk dalkot",17,2025-09-22T06:15:57Z,2025-09-22T06:15:57Z,2026-09-19T00:23:10.960426+00:00,"byd bahkan serius dengan mau bangun pabrik disini, intiny ap, ketersedian parts , service lebih terjamin, kdg males jga list antrian pom makin rame..tpi ingat kalian harus disiplin dlm penggunaan per km.. jangan sampai baterai abis.. wat harian urban its ok lah..untuk dalkot",,,netral,netral,Rule-Based,,,,
UgwtBeCWO_6Domt1Pe54AaABAg,z1fWo8tYynA,4a452dc1428a2e72c5be94c48bbcaed0a2f8784e04a2a97bea4ef0ed5db03507,"Semoga para pahlawan pembeli mobil china semakin banyak.
Biar nanti kami menikmati kedepanya dengan banyakanya sparepat and bengkel resmi maupun bengkel pinggiran semakin banyak seperti toyota",22,2025-09-17T16:31:14Z,2025-09-17T16:31:14Z,2026-09-19T00:23:10.960426+00:00,semoga para pahlawan pembeli mobil china semakin banyak. biar nanti kami menikmati kedepanya dengan banyakanya sparepat and bengkel resmi maupun bengkel pinggiran semakin banyak seperti toyota,,,,netral,Rule-Based,,,,
UgxUWdUse-vYvuqwIBB4AaABAg,z1fWo8tYynA,5556d43834c018e25813a40831b4c35cf9436bcfc115a321065e2aa4a2573437,"Mobil impian, mudah mudahan harganya tidak naik dan kuliatasnya makin bagus. Thanks BYD",1,2025-09-18T06:01:48Z,2025-09-18T06:01:48Z,2026-09-19T00:23:10.960426+00:00,"mobil impian, mudah mudahan harganya tidak naik dan kuliatasnya makin bagus. thanks byd",,positif,,,Rule-Based,,,,
UgzngtuMJKdRKZyz-Sh4AaABAg,z1fWo8tYynA,b99c716f0d6656092818fc44bf1a59033466c9d0ae135b74539b0d89f5e72132,"Saran bang, untuk review/penjelasan alangkah lebih baik bahas setiap part secara detil, baru lanjut ke part lainya. Jadi lagi bahas desain exterior nih, gak tiba2 lompat ke kuci, trus balik lagi ke body. Udah bahas perbedaan dinamic dan premium, bahas interior, terus bahas balik lagi ke perbedaan dinamic premium 🙏🏻.",1,2025-09-23T07:51:07Z,2025-09-23T07:51:07Z,2026-09-19T00:23:10.960426+00:00,"saran bang, untuk review/penjelasan alangkah lebih baik bahas setiap part secara detil, baru lanjut ke part lainya. jadi lagi bahas desain exterior nih, tidak tiba2 lompat ke kuci, trus balik lagi ke body. udah bahas perbedaan dinamic dan premium, bahas interior, terus bahas balik lagi ke perbedaan dinamic premium 🙏🏻.",,,netral,,Rule-Based,,,,
UgywZc9fZozhs41i6HF4AaABAg,z1fWo8tYynA,68da4fbb276a3dbaf38f4d9e9270973ada92710c89bb4fe279d96d50fc82cfc6,"Mobil paling layak di beli di THN 2025 ini , LBH murah dari LCGC tapi LBH nyaman dan menang fitur",7,2025-09-19T05:16:15Z,2025-09-19T05:16:15Z,2026-09-19T00:23:10.960426+00:00,"mobil paling layak di beli di thn 2025 ini , lbh murah dari lcgc tapi lbh nyaman dan menang fitur",,positif,positif,,Rule-Based,,,,
UgwIY1d9WUSIQiEy3zZ4AaABAg,z1fWo8tYynA,425fa4dfe067a70e30d9f8e8286bde7805ae8dd3a0aea21534222659972caa0f,biarin dah ada kompetitor biar lcgc ngaca perbaiki fitur jangan seenaknya bikin mobil,27,2025-10-29T05:39:32Z,2025-10-29T05:39:32Z,2026-09-19T00:23:10.960426+00:00,biarin dah ada kompetitor biar lcgc ngaca perbaiki fitur jangan seenaknya bikin mobil,,,netral,,Rule-Based,,,,
UgxHD3SWWA45un5yIVB4AaABAg,z1fWo8tYynA,003866bb0d6be620fc94c6a884c987125497450e41489870369b1e1100f81574,"Sangat wajar mobil china begitu murah di antara lain nya,karena mereka menguasai rantai pasok",3,2025-09-20T14:25:33Z,2025-09-20T14:25:33Z,2026-09-19T00:23:10.960426+00:00,"sangat wajar mobil china begitu murah di antara lain nya,karena mereka menguasai rantai pasok",,positif,,,Rule-Based,,,,
Ugy20hmAX3a9_AZYHHV4AaABAg,z1fWo8tYynA,6b5c5284471e8049bf1e6b4a7d0b95af58be914e51523d53197a9d5795943f77,"Berdasarkan video tersebut, berikut adalah ringkasan ulasan tentang mobil BYD Atto 1:
Informasi Umum dan Harga
 * BYD Atto 1 sangat populer dan banyak dipesan karena harganya yang terjangkau, mirip dengan mobil LCGC, namun dilengkapi fitur yang lebih banyak [00:29].
 * Terdapat dua varian: Dynamic (Rp195 juta) [01:09] dan Premium (Rp235 juta) [01:20].
Spesifikasi dan Fitur
 * Desain: Mobil ini memiliki desain yang unik, mirip dengan Lamborghini dengan garis-garis tegas [01:57]. Ia dilengkapi dengan over fender kecil, pelek 16 inci, rem cakram belakang, dan tidak memiliki knalpot karena merupakan mobil listrik [06:05].
 * Performa: Motor listriknya menghasilkan 74 hp dan torsi 135 Nm [07:46]. Akselerasi dari 0-100 km/jam membutuhkan waktu 14,12 detik [25:09]. Tersedia mode berkendara seperti Echo, Sport, dan Normal [14:50].
 * Baterai & Pengisian:
   * Varian Dynamic memiliki baterai 30,08 kWh dengan jangkauan 300 km [03:37].
   * Varian Premium memiliki baterai 38,8 kWh dengan jangkauan 380 km [03:52].
   * Menggunakan konektor CCS untuk pengisian DC charging [03:07].
 * Kenyamanan & Interior: Kabinnya senyap [19:36] dan suspensinya nyaman [20:38]. Posisi mengemudi terasa pas [18:35], dan ruang di kursi belakang cukup lega [08:55].
 * Fitur Lain: Mobil ini dapat dibuka menggunakan kunci model 'peti mati' atau kartu NFC [05:02]. Sistem infotainmentnya mendukung karaoke, pengunduhan aplikasi, dan menonton YouTube [12:09].
Perbedaan Varian Dynamic vs. Premium
 * Setir: Dynamic (karet) vs. Premium (kulit) [10:13]. Setir Premium juga dapat diatur secara teleskopik, tidak seperti Dynamic [10:29].
 * Kursi: Dynamic (fabrik, manual) vs. Premium (kulit, elektrik) [10:59].
 * Pengisian: Varian Premium memiliki wireless charger, dan pengisian DC yang lebih cepat (40 kW) dibandingkan Dynamic (30 kW) [03:26], [10:40].
 * Jendela: Power window Premium memiliki fitur auto up dan auto down, sementara Dynamic hanya auto down [10:47].",113,2025-09-17T13:27:41Z,2025-09-17T13:27:41Z,2026-09-19T00:23:10.960426+00:00,"berdasarkan video tersebut, berikut adalah ringkasan ulasan tentang mobil byd atto 1: informasi umum dan harga * byd atto 1 sangat populer dan banyak dipesan karena harganya yang terjangkau, mirip dengan mobil lcgc, namun dilengkapi fitur yang lebih banyak [00:29]. * terdapat dua varian: dynamic (rp195 juta) [01:09] dan premium (rp235 juta) [01:20]. spesifikasi dan fitur * desain: mobil ini memiliki desain yang unik, mirip dengan lamborghini dengan garis-garis tegas [01:57]. ia dilengkapi dengan over fender kecil, pelek 16 inci, rem cakram belakang, dan tidak memiliki knalpot karena merupakan mobil listrik [06:05]. * performa: motor listriknya menghasilkan 74 hp dan torsi 135 nm [07:46]. akselerasi dari 0-100 km/jam membutuhkan waktu 14,12 detik [25:09]. tersedia mode berkendara seperti echo, sport, dan normal [14:50]. * baterai & pengisian: * varian dynamic memiliki baterai 30,08 kwh dengan jangkauan 300 km [03:37]. * varian premium memiliki baterai 38,8 kwh dengan jangkauan 380 km [03:52]. * menggunakan konektor ccs untuk pengisian dc charging [03:07]. * kenyamanan & interior: kabinnya senyap [19:36] dan suspensinya nyaman [20:38]. posisi mengemudi terasa pas [18:35], dan ruang di kursi belakang cukup lega [08:55]. * fitur lain: mobil ini dapat dibuka menggunakan kunci model 'peti mati' atau kartu nfc [05:02]. sistem infotainmentnya mendukung karaoke, pengunduhan aplikasi, dan menonton youtube [12:09]. perbedaan varian dynamic vs. premium * setir: dynamic (karet) vs. premium (kulit) [10:13]. setir premium juga dapat diatur secara teleskopik, tidak seperti dynamic [10:29]. * kursi: dynamic (fabrik, manual) vs. premium (kulit, elektrik) [10:59]. * pengisian: varian premium memiliki wireless charger, dan pengisian dc yang lebih cepat (40 kw) dibandingkan dynamic (30 kw) [03:26], [10:40]. * jendela: power window premium memiliki fitur auto up dan auto down, sementara dynamic hanya auto down [10:47].",positif,positif,positif,,Rule-Based,,,,
UgzaunnsGen7N7l-NuZ4AaABAg,z1fWo8tYynA,d0ef058ce76b9b8ab9580d091045255f57f94b3ccb2fa2a64f1f3e9749bce163,"Saya bukan pengemar mobil listrik.. tapi mobil ini layak dipertimbangin sih..
Worth pake banget dengan harga Dan fiturnya ❤",100,2025-09-17T19:11:09Z,2025-09-17T19:11:09Z,2026-09-19T00:23:10.960426+00:00,saya bukan pengemar mobil listrik.. tapi mobil ini layak dipertimbangin sih.. layak pakai banget dengan harga dan fiturnya ❤,,positif,positif,,Rule-Based,,,,
UgzrkR8Q8gXxtt-BDjV4AaABAg,J00aDzfK8WQ,83e4f6f3535b543c798ae393c3fc731bcf72a1688f2c0232b2f2f6b42057d9a0,Gile naik harga mobil unyil mending tambah ke J5,1,2026-05-25T17:00:23Z,2026-05-25T17:00:23Z,2026-09-19T00:23:10.549263+00:00,gile naik harga mobil unyil lebih baik tambah ke j5,,netral,,,Rule-Based,,,,
UgyOFTG3GkSlpLD7lSZ4AaABAg,J00aDzfK8WQ,ead8b75d399ab0a9a408abd1af61528b57a079d73b21ccdc93540da792621107,"Sdh CKD tp harga malah lebih mahal, disitu gue terbagong bagong! Kok bisa",1,2026-05-27T00:25:21Z,2026-05-27T00:25:21Z,2026-09-19T00:23:10.549263+00:00,"sudah ckd tapi harga malah lebih mahal, disitu gue terbagong bagong! kok bisa",,negatif,,,Rule-Based,,,,
UgyDP_OlrEzI3Fku9V14AaABAg,J00aDzfK8WQ,191563b5019e5f82e15bf69488e8b253361804a111ad1d9d2f47fa7b9878aee6,"Baru ini denger ckd harga naik 😂
Calon” nyungsep",14,2026-05-25T16:16:27Z,2026-05-25T16:17:00Z,2026-09-19T00:23:10.549263+00:00,baru ini denger ckd harga naik 😂 calon” nyungsep,,netral,,,Rule-Based,,,,
Ugz9rvqSQ5UP3dmYPLJ4AaABAg,J00aDzfK8WQ,4f1e42ab88930de423c7b9ec1f7973cfb83741d94488e3a818d434b3e8eeb08b,"Ckd malah naik harga , lama lama harga byd mau ngitkutin brand japan nih. Sering naik harga lalu belakangan kasih disc gede. Tapi harga dinaikkan dulu.",0,2026-05-26T02:53:55Z,2026-05-26T02:53:55Z,2026-09-19T00:23:10.549263+00:00,"ckd malah naik harga , lama lama harga byd mau ngitkutin brand japan nih. sering naik harga lalu belakangan kasih disc gede. tapi harga dinaikkan dulu.",,netral,,,Rule-Based,,,,
UgxQXxDAwx_D-61cDMB4AaABAg,fjWvVFT0vr0,c6fb94f9d00472d2119d3c39372ac3abe64e5dfef19961de22f386ac1acfa460,Wuling. Menjerit sampe cepirit 😂,0,2025-08-03T13:22:22Z,2025-08-03T13:22:22Z,2026-09-19T00:23:09.885658+00:00,wuling. menjerit sampe cepirit 😂,,positif,,,Rule-Based,,,,
UgwqKwydzLSKvuWdhZt4AaABAg,fjWvVFT0vr0,334947888e65a748fd802ab257fd5e6010c75fbb18175e0c133d907eb77de5a4,"murah sih, tapi mobil sekali pake.",0,2025-08-08T17:41:19Z,2025-08-08T17:41:19Z,2026-09-19T00:23:09.885658+00:00,"murah sih, tapi mobil sekali pake.",,positif,,,Rule-Based,,,,
UgzzkjeWF6A_SJWOWwx4AaABAg,fjWvVFT0vr0,41279862ca315ed310047ba0d384a439f3dacbc68ff37723fad086fc4cc194b2,Bisa di custom pasang ADAS dan 360 kamera g kayak versi luarnya ?,0,2025-07-27T13:01:58Z,2025-07-27T13:01:58Z,2026-09-19T00:23:09.885658+00:00,bisa di custom pasang adas dan 360 kamera g kayak versi luarnya ?,,,netral,,Rule-Based,,,,
UgxURrQUl3jby3reSmp4AaABAg,fjWvVFT0vr0,6c18ba560a7fc297c3709719d362db36e1643bdc728bbf47864f84240a7e88c1,PASTI AKAN LEBIH MURAH LAGI HARGANYA KALO BYD ATTO 1 INI SUDAH DIPRODUKSI DI PABRIK BYD INDONESIA........,0,2025-07-29T10:17:40Z,2025-07-29T10:17:40Z,2026-09-19T00:23:09.885658+00:00,pasti akan lebih murah lagi harganya kalo byd atto 1 ini sudah diproduksi di pabrik byd indonesia..,,positif,,,Rule-Based,,,,
Ugwyzwcq4OdhaDKYNZx4AaABAg,fjWvVFT0vr0,3435029fe60b8cd9f43936aac7101c0ead3ac1edcd140a36cb9e14f9cbd3e38a,"Gapunya wall charger ya sama aja, SPKLU belum banyak",0,2025-07-26T06:25:09Z,2025-07-26T06:25:09Z,2026-09-19T00:23:09.886682+00:00,"gapunya wall charger ya sama aja, stasiun pengisian kendaraan listrik umum belum banyak",netral,,,,Rule-Based,,,,
Ugze8iZi8kWIinmhLIx4AaABAg,fjWvVFT0vr0,42796eb705cbeee651a415b4205ad75f7112bc35c26ddf5d7c1ffc52c0d7a9c0,Barang apapun klo sudah masuk di indo pasti mahal,0,2025-08-19T11:03:22Z,2025-08-19T11:03:22Z,2026-09-19T00:23:09.886682+00:00,barang apapun kalau sudah masuk di indo pasti mahal,,negatif,,,Rule-Based,,,,
UgxhILdnMdNYz4xG8lJ4AaABAg,fjWvVFT0vr0,1446c568577b6b50aa67216b1d19cc0616e050e495bdbb5c25cf2b91440c1df6,Saya masih yakin sama mobil Jepang karena harga jual bekasnya lebih tinggi.,0,2025-07-28T23:03:11Z,2025-07-28T23:03:11Z,2026-09-19T00:23:09.886682+00:00,saya masih yakin sama mobil jepang karena harga jual bekasnya lebih tinggi.,,netral,,,Rule-Based,,,,
UgyveFud4K2bQ83ZvIZ4AaABAg,fjWvVFT0vr0,e361205f530343f35548773c2cd50f3cc713609cc4c1f97619bf00813a5c5e7f,Baterai 38.8 kwh utk capai 380 km range klaimnya maka butuh capai efisiensi 10 km/kwh alias 10 kwh/100 km. Sepertinya terlalu optimis😊,1,2025-07-27T01:14:49Z,2025-07-27T01:14:49Z,2026-09-19T00:23:09.886682+00:00,baterai 38.8 kwh untuk capai 380 km range klaimnya maka butuh capai efisiensi 10 km/kwh alias 10 kwh/100 km. sepertinya terlalu optimis😊,,,netral,,Rule-Based,,,,
Ugw5qriuZObQP2Wm3654AaABAg,fjWvVFT0vr0,67633b6a77ef43f4c5609bc489af371ddec8d909f755a24a8d4c2775963fe07b,"@carmudi ,batteray garansi berapa tahun itu om",0,2026-05-31T12:26:41Z,2026-05-31T12:26:41Z,2026-09-19T00:23:09.886682+00:00,",batteray garansi berapa tahun itu om",,netral,,,Rule-Based,,,,
Ugwvdk_KCU7Wh6T2Ked4AaABAg,fjWvVFT0vr0,19466a152e8f5416ccb552731e1e9c45ace29736ef2ebb552958c5bd0fb202f9,Bukan cuma kalah murah... Tapi kalah semua muanya min😂😂,0,2026-01-20T23:34:13Z,2026-01-20T23:34:13Z,2026-09-19T00:23:09.886682+00:00,bukan cuma kalah murah.. tapi kalah semua muanya min😂😂,,positif,,,Rule-Based,,,,
UgyOdxQDc58JrVv-2Vh4AaABAg,fjWvVFT0vr0,d388efda00b5ae2f20a9632dd5b33b440e0e61556718c44a62e8a856da3dfe4e,semoga toyota daihatsu kesenggol liat ini dan keluarin all new calya sigra dgn fitur baru tp ga naik harga,0,2025-07-26T14:40:49Z,2025-07-26T14:40:49Z,2026-09-19T00:23:09.886682+00:00,semoga toyota daihatsu kesenggol liat ini dan keluarin all new calya sigra dengan fitur baru tapi tidak naik harga,,netral,netral,,Rule-Based,,,,
Ugw6Y3aZbt_HX5zu8xh4AaABAg,fjWvVFT0vr0,be1c12c5b511d57fb46fc90c6e10e3e1db5e6c93bf7e92e30d249166af2360b9,gimana untuk servis dan kemudahan spare part BYD semua variant? yang udah punya mohon bantuan jawabannya,0,2026-04-15T09:43:08Z,2026-04-15T09:43:08Z,2026-09-19T00:23:09.886682+00:00,gimana untuk servis dan kemudahan spare part byd semua variant? yang udah punya mohon bantuan jawabannya,,,,netral,Rule-Based,,,,
Ugz7B22EQhIHw40zYf54AaABAg,fjWvVFT0vr0,65726fbfbdcfe0fd1c57cd99c14ad32b52977b7bcc1d3d5cea4ab5b6a3e5f33b,cocok harga mobil skrg diluar nurul. apa gara gara monopoli 2 merk. jadi kaya kartel/mafia bsa menentukan harga se enaknya,0,2025-08-02T11:26:21Z,2025-08-02T11:26:21Z,2026-09-19T00:23:09.886682+00:00,cocok harga mobil skrg diluar nurul. apa gara gara monopoli 2 merk. jadi kaya kartel/mafia bsa menentukan harga se enaknya,,netral,,,Rule-Based,,,,
UgyKnwJnWg4udjdBnIp4AaABAg,fjWvVFT0vr0,a22b22a6d6db0583522ca92285ba2be28059be7eef736b90d9fcdf770a9a73d2,Layanan Purna jualnya gimana ? Terjamin bagus dan tanggap gak ? Ribet gak ?,0,2025-12-11T18:13:39Z,2025-12-11T18:13:39Z,2026-09-19T00:23:09.886682+00:00,layanan purna jualnya gimana ? terjamin bagus dan tanggap tidak ? ribet tidak ?,,,,positif,Rule-Based,,,,
UgyJQIb7IEc-xiQEkWN4AaABAg,fjWvVFT0vr0,161bc28eb9e368a3940f5b143e3932389a30cb4429e3c98b0f9aaf9dcc1c044a,PR nya adalah... spare part ready apa tidak? Jng sampe klo service part inden lama,0,2025-08-02T23:49:32Z,2025-08-02T23:49:32Z,2026-09-19T00:23:09.886682+00:00,pr nya adalah.. spare part ready apa tidak? jng sampe kalau service part inden lama,,,,netral,Rule-Based,,,,
Ugzhe5mc9-dzk9mDZEJ4AaABAg,fjWvVFT0vr0,b73fa5c65a5175b55f4378dd24ad6a861eef97b3358b7378568f2f1fa865f178,"Beli kendaraan itu yang fungsi nya tidak bikin kwatir orang,,bisa di pakai jangka panjang,,suku cadang ready,,purna jual ga bikin kecewa,,,mobil listrik begini kan cuma untuk orang di kota,,,",0,2025-07-29T23:40:00Z,2025-07-29T23:40:00Z,2026-09-19T00:23:09.886682+00:00,"beli kendaraan itu yang fungsi nya tidak bikin kwatir orang,,bisa di pakai jangka panjang,,suku cadang ready,,purna jual tidak bikin kecewa,,mobil listrik begini kan cuma untuk orang di kota,,",,,,negatif,Rule-Based,,,,
UgxXiAznaIU81VRAKw94AaABAg,fjWvVFT0vr0,56617ede2c74c206247a1a8df9354fd213f10b4d2b3467b6c9bf79bb78b68c2f,sparepart nya gimana utk 10 tahun ke depan?,0,2025-07-30T01:18:36Z,2025-07-30T01:18:36Z,2026-09-19T00:23:09.886682+00:00,sparepart nya gimana untuk 10 tahun ke depan?,,,,netral,Rule-Based,,,,
Ugzs4u-_CQlylh8HgWl4AaABAg,fjWvVFT0vr0,1361c4fae0bc821d8e1a63c4039a23d5b829e4f67a08fabb04ff618d7e63eb16,"Saya pecinta desain BYD, cuma blm nyaman dgn listrik nya saja",0,2025-07-29T12:18:25Z,2025-07-29T12:18:25Z,2026-09-19T00:23:09.886682+00:00,"saya pecinta desain byd, cuma belum nyaman dengan listrik nya saja",,,positif,,Rule-Based,,,,
Ugw1R5gyk6k1fl8wgVR4AaABAg,J00aDzfK8WQ,fc5add5f3e548dec27113fcb45f4b2f3508a45513a9944a2968de69ca797395f,Keren sih rem belakang udah cakram,2,2026-05-29T05:33:49Z,2026-05-29T05:33:49Z,2026-09-19T00:23:10.549263+00:00,keren sih rem belakang udah cakram,,,positif,,Rule-Based,,,,
UgyysAlT2GUZ0TIvsH14AaABAg,J00aDzfK8WQ,4c7d4bd7b8dd4ae74a2530c7a7db86d2bab155caabcd0fa0c7406eecae425c49,"Om B Channel, Setelah IDT BYD Atto 1 Premium Improvement 2026, Next IDT Toyota Alphard G Welcab HEV e-Four Ya Om B Channel 😊",3,2026-05-25T14:06:36Z,2026-05-25T14:06:36Z,2026-09-19T00:23:10.549263+00:00,"om b channel, setelah idt byd atto 1 premium improvement 2026, next idt toyota alphard g welcab hev e-four ya om b channel 😊",,,netral,,Rule-Based,,,,
Ugy00FS-1d2Mk9o1A4B4AaABAg,J00aDzfK8WQ,e8c98be1364da78030dc2e41622a589107084dd49d6936f25ccac73ec5ae9997,Hrsnya utk tipe premium ini byd ksh fitur ADAS biar bisa bersaing dgn geely EX 2 yg max..,3,2026-05-26T00:06:28Z,2026-05-26T00:06:28Z,2026-09-19T00:23:10.549263+00:00,hrsnya untuk tipe premium ini byd ksh fitur adas biar bisa bersaing dengan geely ex 2 yg max..,,,netral,,Rule-Based,,,,
UgzTC-CAfcu7lYTgu_B4AaABAg,J00aDzfK8WQ,355c2e48a8f0d2284487c63d3e56266f409819d5b6b77f8b7df6b3c384fe5b6f,"Lah dikira ilang defogger diganti wiper, ternyata cuma diilangin

Yaa berembun dan ga bisa lihat tuh pake spion kalo hujan deras, ngandelin kamera doang",2,2026-05-26T15:30:57Z,2026-05-26T15:30:57Z,2026-09-19T00:23:10.549263+00:00,"lah dikira ilang defogger diganti wiper, ternyata cuma diilangin yaa berembun dan tidak bisa lihat tuh pakai spion kalo hujan deras, ngandelin kamera doang",,,netral,,Rule-Based,,,,
Ugxj5vJQ_v_xV7qfjtF4AaABAg,J00aDzfK8WQ,0d3834036262f4bbb918d244586675445287fe85daedeca958689bf0aa2c1b04,Dulu pertama x all new pajero sport CKD itu fitur ditambah tp hrg tetap gk naik dr hrg CBU thai.,0,2026-05-26T06:56:15Z,2026-05-26T06:56:15Z,2026-09-19T00:23:10.549263+00:00,dulu pertama x all new pajero sport ckd itu fitur ditambah tapi hrg tetap tidak naik dari hrg cbu thai.,,,netral,,Rule-Based,,,,
UgzckKxNwtrR1WHD-NZ4AaABAg,J00aDzfK8WQ,9812100be918449526bc4bf37a7bdfea0b43c9e5e6dc099a1364031b6800d5c6,Harga pas om 150 jt,0,2026-05-25T22:04:07Z,2026-05-25T22:04:07Z,2026-09-19T00:23:10.549263+00:00,harga pas om 150 jt,,netral,,,Rule-Based,,,,
UgzxkOfs6Pib52wZzn94AaABAg,J00aDzfK8WQ,ccc428f79fd8fe7d9abddedd36961dec85592a894e24b07b4f240bc058406ef0,harga naik karena dollarnya jg naik,0,2026-05-25T15:54:31Z,2026-05-25T15:54:31Z,2026-09-19T00:23:10.549263+00:00,harga naik karena dollarnya jg naik,,netral,,,Rule-Based,,,,
UgwoEl2atEXw21ybGxd4AaABAg,J00aDzfK8WQ,2a56b5b598e6854326ac9167c3cb5a64fa7073a120e969f7db870c980f21f278,"Masih ga habis pikir Brio RS 274 jt fitur purba,bahan full hard plastik...boro boro elekric seat juga😅
Desain dan build quality jauh banget sama atto 1😅
Ga heran dealernya pada tutup",31,2026-05-25T18:20:44Z,2026-05-25T18:29:09Z,2026-09-19T00:23:10.549263+00:00,"masih tidak habis pikir brio rs 274 jt fitur purba,bahan full hard plastik..boro boro elekric seat juga😅 desain dan build quality jauh banget sama atto 1😅 tidak heran dealernya pada tutup",,,netral,netral,Rule-Based,,,,
UgwcF40BmmuY6MR71Fh4AaABAg,J00aDzfK8WQ,0768cf8ae91d7bf5a999b09e3d8146f8b69c2eb9042f486a54a9bb686a9ad8a0,"syuukurlah, karena udah pesan dari bulan Mei, dapet VIN 2026 masih dapet harga lama 235jt.",1,2026-06-11T11:33:14Z,2026-06-11T11:33:14Z,2026-09-19T00:23:10.549263+00:00,"syuukurlah, karena udah pesan dari bulan mei, dapet vin 2026 masih dapet harga lama 235jt.",,netral,,,Rule-Based,,,,
Ugw37P7DHlE0Z_QKHvV4AaABAg,fjWvVFT0vr0,0206483640eefd1cdf1c75cc88f87d22242196090ae28104662248709dcc88a4,"Semuanya kena libas Atto 1. Siap siap ganti harga: AYLA, AGYA, BRIO, WULING AIR EV, BINGUO, CITROEN EC3, NETA V II, SERES E1, VINFAST VF 3, SUZUKI S-PRESSO",5,2025-07-26T05:19:57Z,2025-07-26T05:21:24Z,2026-09-19T00:23:06.549873+00:00,"semuanya kena libas atto 1. siap siap ganti harga: ayla, agya, brio, wuling air ev, binguo, citroen ec3, neta v ii, seres e1, vinfast vf 3, suzuki s-presso",,netral,,,Rule-Based,,,,
UgytbX0QGgE0uU0EO6V4AaABAg,fjWvVFT0vr0,2931cf1473381a381a510409aad6161bb550a1e4bc6a54fbcd007be8f7d40eb1,"Berapa kali om bilang gila, haha. Ini kayaknya sales byd ga usah nawarin juga udah banyak yg beli. Semoga ga digoreng yaa",6,2025-07-26T04:31:22Z,2025-07-26T04:31:22Z,2026-09-19T00:23:06.549873+00:00,"berapa kali om bilang gila, haha. ini kayaknya sales byd tidak usah nawarin juga udah banyak yg beli. semoga tidak digoreng yaa",,,,netral,Rule-Based,,,,
UgxGljvouv-yMnRCnF14AaABAg,z1fWo8tYynA,c40ef6f68fd638ae07abacceb9c55052e966e076a4eb350cdc6a80c8ce334c73,bahkan yang lebih mengejutkannya lagi Mobil ini dapat bintang 5 atau 5 star di euro ncap. bayangkan euro ncap bintang 5 di harga segitu dengan ukuran sekecil itu gelooo 😮😮,141,2025-09-17T14:46:46Z,2025-09-17T14:46:46Z,2026-09-19T00:23:10.960426+00:00,bahkan yang lebih mengejutkannya lagi mobil ini dapat bintang 5 atau 5 star di euro ncap. bayangkan euro ncap bintang 5 di harga segitu dengan ukuran sekecil itu geloo 😮😮,,netral,,,Rule-Based,,,,
Ugw4BMik_s8Z7dWtEj54AaABAg,A9niV2791gs,8580dc9e0d0229783fe1d5fd12616dad139d49ef64c12cab8192a9917fc66189,Kalo 200jt cash mau dech..,0,2026-04-08T09:49:26Z,2026-04-08T09:49:26Z,2026-09-19T00:23:04.831083+00:00,kalo 200jt cash mau dech..,netral,,,,Rule-Based,,,,
UgxdKWalRGizoeZ0SbR4AaABAg,A9niV2791gs,efeb17e06b8d1548fb5163b879b5d1ad494fd2eb1e74f27707ea4ca5816466bc,"Dengan berbagai permasalahan indennya, model, fitur, harga memang terbaik sih, apalagi dibandingkan sesama harganya.",8,2026-01-22T14:16:00Z,2026-01-22T14:16:00Z,2026-09-19T00:23:04.831083+00:00,"dengan berbagai permasalahan indennya, model, fitur, harga memang terbaik sih, apalagi dibandingkan sesama harganya.",,netral,netral,,Rule-Based,,,,
UgyUs6hY6n4WPHTCe394AaABAg,A9niV2791gs,bb3f5192e28f1a1b58b228fe5d7bf65e3bf4cd74c43af05f42495a97b5cb51e8,"Kalo di luar kota sdh terima unit banyak, pelayanan bagus untuk seles dan after selesnya❤",2,2026-01-24T16:11:55Z,2026-01-24T16:11:55Z,2026-09-19T00:23:04.831083+00:00,"kalo di luar kota sudah terima unit banyak, pelayanan bagus untuk seles dan after selesnya❤",,,,positif,Rule-Based,,,,
UgyGW8auGWKNb1TKX314AaABAg,A9niV2791gs,61872bc241b55e32761a3fcdd875c9892532a85215e35d157ccd76c03cc2b633,"mobil eV berdimensi cukup besar 4,3 mtr x 1,8 metr x 1,6 mtr clearence 20 cm dengan harga di bawah hanya Rp 300Jt masih disertai berbagai garansi serta pembayaran permudahan dan tampilan sangat keren, calon mobil sejuta umat, sangat keren tampilan bisa on road dan off road.",2,2026-01-23T11:27:02Z,2026-01-23T11:27:02Z,2026-09-19T00:23:04.831083+00:00,"mobil ev berdimensi cukup besar 4,3 mtr x 1,8 metr x 1,6 mtr clearence 20 cm dengan harga di bawah hanya rp 300jt masih disertai berbagai garansi serta pembayaran permudahan dan tampilan sangat keren, calon mobil sejuta umat, sangat keren tampilan bisa on road dan off road.",,positif,,,Rule-Based,,,,
UgxJgaIbFtyLI6XXsEh4AaABAg,A9niV2791gs,f277873b24d9899dbecc771ee40c964a893334ed3b24751e25aba8de21a4aadf,"Semakin menyenangkan melihat harga mobil yang canggih semakin murah.
Tinggal fulusnya aja nih yang belum terlihat...😂😂😂",3,2026-01-23T02:31:05Z,2026-01-23T02:31:05Z,2026-09-19T00:23:04.831083+00:00,semakin menyenangkan melihat harga mobil yang canggih semakin murah. tinggal fulusnya aja nih yang belum terlihat..😂😂,,positif,,,Rule-Based,,,,
UgzD0Uj1TcHlSKQM_P94AaABAg,A9niV2791gs,be457a5821e4e283c2e3b306093a1ce73e86814da064f777c7cf07521639c52d,"sepertinya jaecoo ga expect jumlah spk sebanyak itu, alhasil kewalahan itu pabrik lokal wkkw, beda dgn atto 1 walau banyak yg minat tapi dia masih cbu alias tgl nunggu kiriman dari kapal byd, begitu dateng langsung banyak, konsumen pun ga bete karna ga saling iri sama yg dapet dluan, soalnya denger2 dari org vendor yg pasang wallcharger chery di rumah bilang, yg kebagian J5 sekarang itu yg mesen pas giias aja dan itupun yang langsung bayar cash/dp besar, dan sisanya orang2 penting yg dapet sejenis influencer dsb wkwk",15,2026-01-23T03:08:29Z,2026-01-23T03:08:59Z,2026-09-19T00:23:04.831083+00:00,"sepertinya jaecoo tidak expect jumlah spk sebanyak itu, alhasil kewalahan itu pabrik lokal wkkw, beda dengan atto 1 walau banyak yg minat tapi dia masih cbu alias tgl nunggu kiriman dari kapal byd, begitu dateng langsung banyak, konsumen pun tidak bete karna tidak saling iri sama yg dapet dluan, soalnya denger2 dari org vendor yg pasang wallcharger chery di rumah bilang, yg kebagian j5 sekarang itu yg mesen pas giias aja dan itupun yang langsung bayar cash/dp besar, dan sisanya orang2 penting yg dapet sejenis influencer dsb wkwk",netral,,,,Rule-Based,,,,
Ugx1yAv6JZwaKC3J-mh4AaABAg,A9niV2791gs,afe31f67c904cf9a6ec70d583a4e5928d621354b83d2025a3e83ef53e2b1cee3,Harga goib waspadalah..selesny aj PD mles respon soal bgnian 😂😊,7,2026-01-23T03:12:20Z,2026-01-23T03:12:20Z,2026-09-19T00:23:04.831083+00:00,harga goib waspadalah..selesny aj pd mles respon soal bgnian 😂😊,,netral,,,Rule-Based,,,,
UgxczX3o-7ZXYtZUhHN4AaABAg,A9niV2791gs,61c121839ccfa3067bea69a3e58d1abae4c91056ad5364700e9e0394ca1127f5,Di tunggo atto 2 hadir.semoga bisa bersaing harga,2,2026-01-23T05:51:04Z,2026-01-23T05:51:04Z,2026-09-19T00:23:04.831083+00:00,di tunggo atto 2 hadir.semoga bisa bersaing harga,,netral,,,Rule-Based,,,,
Ugz7GbQYviu5l4l3brh4AaABAg,A9niV2791gs,c77e0ace4fff793e712c92ee2d8793777d555420b88b429b624a760cc93a68ce,mobil J5 ini tenaganya kuat tarikan instant. klo di jalan bbrp x ketemu pasti yg bawa ugal . Dan lagi harganya murah jadi biasanya yg beli mental avanza yg cuma 130Nm tiba2 bawa 250Nm keatas langsung ugal ,2,2026-01-23T03:09:59Z,2026-01-23T03:09:59Z,2026-09-19T00:23:04.831083+00:00,mobil j5 ini tenaganya kuat tarikan instant. kalau di jalan bbrp x ketemu pasti yg bawa ugal . dan lagi harganya murah jadi biasanya yg beli mental avanza yg cuma 130nm tiba2 bawa 250nm keatas langsung ugal,,positif,,,Rule-Based,,,,
UgytICPvh0wLIJb2RHF4AaABAg,A9niV2791gs,881db43525f6296ccaa0b6743a892e89eb6988896ecf4889bfc4d2772acdfc1c,lebih banyak cerita beli mobil rasa scam tentang mobil ini daripada yang cerita betapa nyamannya mobil baru nan murah ini...,6,2026-01-22T18:30:29Z,2026-01-22T18:30:29Z,2026-09-19T00:23:04.831083+00:00,lebih banyak cerita beli mobil rasa scam tentang mobil ini daripada yang cerita betapa nyamannya mobil baru nan murah ini..,,positif,positif,,Rule-Based,,,,
UgyaeGLclc8E1EpMBxh4AaABAg,A9niV2791gs,72c27f53c687ac31e55609c4e2de37111eb130a5e391695b7c70136550ed1a1c,"SPK 8 november '25, Terima unit 10 January '26. Dua hari di makassar bawa pulang kampung Kolaka utara. Berangkat Makassar 86% tiba Parepare sekalian charging di 56%, sekitar 30 menit selesai charging di 98%. Cukup bagus untuk perjalanan jauh.",6,2026-01-24T03:08:21Z,2026-01-24T03:08:21Z,2026-09-19T00:23:04.831083+00:00,"spk 8 november '25, terima unit 10 january '26. dua hari di makassar bawa pulang kampung kolaka utara. berangkat makassar 86% tiba parepare sekalian charging di 56%, sekitar 30 menit selesai charging di 98%. cukup bagus untuk perjalanan jauh.",positif,,,,Rule-Based,,,,
Ugz7O3C_N1CUiQVsPH94AaABAg,A9niV2791gs,7daad7c9bb71ca0806b0e5320f79b91225980d3a363e86e9fdab509b4c03ca31,"Daripada beli Cherry J6 mendingan ini J5 ..... sodaranya dan harga 1/2 nya, heheheh .... gpp deh nunggu yg penting dateng!",1,2026-01-25T18:54:43Z,2026-01-25T18:54:43Z,2026-09-19T00:23:04.831083+00:00,"daripada beli cherry j6 mendingan ini j5 .. sodaranya dan harga 1/2 nya, heheheh .. gpp deh nunggu yg penting dateng!",,netral,,,Rule-Based,,,,
Ugww6_AWwoMj4mTirxR4AaABAg,A9niV2791gs,62575bd8784209b49c3987bc6d7b2430322bd7074313994376e71d4279e20c37,"harga segitu dapet mobil ky bgtu, uda ga digoreng aja harganya uda bagus.. infonya margin nya jg sangat tipis, jd sangat worth it untuk di beli",0,2026-01-29T08:10:09Z,2026-01-29T08:10:09Z,2026-09-19T00:23:04.831083+00:00,"harga segitu dapet mobil ky bgtu, uda tidak digoreng aja harganya uda bagus.. infonya margin nya jg sangat tipis, jd sangat layak it untuk di beli",,positif,,,Rule-Based,,,,
Ugys0Lri_n_t8GGxBxN4AaABAg,A9niV2791gs,9e04ae0eb6c11d413853382b0412f84c07f7d65ea49497dd0bcd0a7ebb3ce470,bekas stelah 2 tahun ok sih ini..😂,1,2026-01-27T11:26:05Z,2026-01-27T11:26:05Z,2026-09-19T00:23:04.831083+00:00,bekas stelah 2 tahun ok sih ini..😂,,netral,,,Rule-Based,,,,
Ugzp4Zs3HG-z8KdA46d4AaABAg,A9niV2791gs,64a94caa5a6a0495128ff585a1ca4ed0264a2f76cbfd9f57e70e7e0fa5302011,"9:37 ada perbedaan layar instrument cluster speedometer j5 bev indo vs australia https://youtu.be/qN-gGHthXTI?si=6tS0N2fytREDzGEB&t=7m28s

australia
8.88 inch slim tft lcd (active matrix) 16,7 juta warna. harga part 50-80 usd. harga mobil di aus ada 1 varian saja, aud 36.990 (idr 427 juta).

indo
8 inch standard low-cost tft (passive matrix) lcd (negative display) 65rb warna. harga part 10-15 usd. harga mobil di indo ada 2 varian, idr 299 juta, varian bawa idr 249 juta.",1,2026-01-23T06:41:20Z,2026-01-23T07:15:20Z,2026-09-19T00:23:04.831083+00:00,"9:37 ada perbedaan layar instrument cluster speedometer j5 bev indo vs australia australia 8.88 inch slim tft lcd (active matrix) 16,7 juta warna. harga part 50-80 usd. harga mobil di aus ada 1 varian saja, aud 36.990 (idr 427 juta). indo 8 inch standard low-cost tft (passive matrix) lcd (negative display) 65rb warna. harga part 10-15 usd. harga mobil di indo ada 2 varian, idr 299 juta, varian bawa idr 249 juta.",,netral,,,Rule-Based,,,,
UgxJa0_0GRdxLD42KkB4AaABAg,Vu0ayycGXbI,841ec157a6da70093a00ebe928d8a55ec212815bf1398fbc65a07c7b226fbcea,"Yg kurang suka dari mobil ini bodynya kelebaran dan kegedean, klo misalnya ukuran masuk ke kelas small crossover dengan harga segitu pasti jauh lebih ganteng kyk jimny 5 door",0,2026-02-28T17:08:48Z,2026-02-28T17:08:48Z,2026-09-19T00:23:04.671044+00:00,"yg kurang suka dari mobil ini bodynya kelebaran dan kegedean, kalau misalnya ukuran masuk ke kelas small crossover dengan harga segitu pasti jauh lebih ganteng kyk jimny 5 door",,positif,,,Rule-Based,,,,
Ugwovqu9EO353xkG5WN4AaABAg,A9niV2791gs,aeaba6b3b553edcb7737bd918f08c2b6e907542870140f072eef6947355464a3,Parkir sensor mahal kah kalo dibikin sewarna body?,2,2026-01-23T09:05:08Z,2026-01-23T09:05:08Z,2026-09-19T00:23:04.831083+00:00,parkir sensor mahal kah kalo dibikin sewarna body?,,negatif,,,Rule-Based,,,,
UgysA75KtAi_-xBCahZ4AaABAg,A9niV2791gs,e17a37531dffe20ce6e769cf144ab2b51d115d693e057d6efcbbfe003dfbef80,"Saya sudah pakai mobil ini selama sebulan, so far puas dengan mobilnya. Dari sebelumnya harian pakai venturer diesel ini lebih nyaman, responsid dan effisien. Walaupun tetap ada minus nya minor.",4,2026-01-23T07:19:37Z,2026-01-23T07:19:37Z,2026-09-19T00:23:04.831083+00:00,"saya sudah pakai mobil ini selama sebulan, so far puas dengan mobilnya. dari sebelumnya harian pakai venturer diesel ini lebih nyaman, responsid dan effisien. walaupun tetap ada minus nya minor.",,,positif,,Rule-Based,,,,
Ugxjq4vmBSdeNV2gVtN4AaABAg,A9niV2791gs,d6f6a3192b7b2edfde839f5e9cda9e3a23c2f6635de9651ed926554530238420,rem cakram depan-belakang....suspensi belakangnya independent multilink....apa itu torsion beam?...hehe,0,2026-02-25T07:52:49Z,2026-02-25T07:52:49Z,2026-09-19T00:23:04.831083+00:00,rem cakram depan-belakang..suspensi belakangnya independent multilink..apa itu torsion beam?..hehe,,,netral,,Rule-Based,,,,
Ugyh_0u2o9AHp1IHIAJ4AaABAg,A9niV2791gs,5653d17568167ed224cf1c742772c440084a067f5c1ce4e2dac8e68250d00f4d,SPK 5 nov 2025 tgl 2 Januari 2026 dpt no rangka hari ini td siang diksh info sm salesnya Minggu depan utk warna hitam n putih sdh siap delivery sdgkan hijau n grey tgl 14 februari delivery nya,6,2026-01-22T18:45:35Z,2026-01-22T18:45:35Z,2026-09-19T00:23:04.831083+00:00,spk 5 nov 2025 tgl 2 januari 2026 dapat no rangka hari ini td siang diksh info sama salesnya minggu depan untuk warna hitam n putih sudah siap delivery sdgkan hijau n grey tgl 14 februari delivery nya,,,,netral,Rule-Based,,,,
UgwpwrXgBj-bXN0Rcip4AaABAg,A9niV2791gs,75418d3ca11111495895599e6375ad69c1e7c6fc6eebfbc22d66cbf2969cff64,"Uda dpt unit nya tgl 14 Jan kmrn. Spk 3 Nov pas loncing, pelunasan tgl 18 Nov. Uda hopeless nunggu nya. Mesen putih dpt Abu. Malah lbh bagus Abu nya. Bisa kayak berubah2 wrn nya tergantung terang gelap. Marah2 dulu ka ke dealer nya. Baru dikasi no rangka. Bs buat ke plan psg listrik baru buat ev. Masi dpt diskon 50%.",22,2026-01-23T01:52:28Z,2026-01-23T01:52:28Z,2026-09-19T00:23:04.831083+00:00,"uda dapat unit nya tgl 14 jan kmrn. spk 3 nov pas loncing, pelunasan tgl 18 nov. uda hopeless nunggu nya. mesen putih dapat abu. malah lbh bagus abu nya. bisa kayak berubah2 wrn nya tergantung terang gelap. marah2 dulu ka ke dealer nya. baru dikasi no rangka. bs buat ke plan psg listrik baru buat ev. masi dapat diskon 50%.",,,,positif,Rule-Based,,,,
UgxTt9d9LxKjRXzG2KN4AaABAg,A9niV2791gs,15388fe297218636fbbd49227443449e280c9559757b15b939d2bfad6b28ae38,"Harga sgtu, 4 tahun lalu cuma dpt mobil kutu, yg jgnkan nanjak, jalan datar aja kaya yg stgh mau mati .. Njirr laaah brp itu dulu untungnya wulinh jual mobil bgtuan di 300jt 🤣",0,2026-01-23T04:29:38Z,2026-01-23T04:30:22Z,2026-09-19T00:23:04.831083+00:00,"harga sgtu, 4 tahun lalu cuma dapat mobil kutu, yg jgnkan nanjak, jalan datar aja kaya yg stgh mau mati .. njirr laah brp itu dulu untungnya wulinh jual mobil bgtuan di 300jt 🤣",,netral,,,Rule-Based,,,,
UgzSKJMCzEedbSWH0wd4AaABAg,A9niV2791gs,b90cf51cc395f2647c602c192268cc8676bde480b5838f1bb7e09eb184fb502f,"Di jaman semakin banyaknya mobil merk-merk Tiongkok di pasaran yang harganya saling bersaing dan makin terjangkau, sebagian besar orang di Indonesia tetap memilih kendaraan dengan teknologi konvensional, resale value, layanan purnajual dan ketersediaan sparepart nya. Dominasi kendaraan di jalanan kota/kabupaten di Indonesia sebagian besar diisi dari merk-merk familiar seperti Toyota, Mitsubishi, Daihatsu, Suzuki, Honda. Salah satunya Innova reborn diesel termasuk MPV dengan penjualan yang tinggi, walaupun banyak pesaingnya menawarkan teknologi yang canggih",2,2026-01-25T02:40:47Z,2026-01-25T02:40:47Z,2026-09-19T00:23:04.831083+00:00,"di jaman semakin banyaknya mobil merk-merk tiongkok di pasaran yang harganya saling bersaing dan makin terjangkau, sebagian besar orang di indonesia tetap memilih kendaraan dengan teknologi konvensional, nilai jual kembali value, layanan purnajual dan ketersediaan sparepart nya. dominasi kendaraan di jalanan kota/kabupaten di indonesia sebagian besar diisi dari merk-merk familiar seperti toyota, mitsubishi, daihatsu, suzuki, honda. salah satunya innova reborn diesel termasuk mpv dengan penjualan yang tinggi, walaupun banyak pesaingnya menawarkan teknologi yang canggih",,netral,,netral,Rule-Based,,,,
Ugz0qm9h9D1c_6eapzh4AaABAg,A9niV2791gs,d17f2e3d1476d8bb96a6c2c73ba9c33ccc1c5a17daeb1231db58337210ff6152,"Kecewa pesan Jaeco5 . Indent sdh kasih Dp. Sdh tunggu 2 bln. Terus tiba "" minta dilunasin . Ditanya kepastian delivery , hanya janji "" . Mau duit nya saja. Tapi tdk ada kepastian delivery . Mentang "" lagi laku. Mau menang sendiri. Akhir dibatalin saja.  Krn takut mobilnya gak dikirim kirim.",0,2026-02-18T13:39:55Z,2026-02-18T13:39:55Z,2026-09-19T00:23:04.831083+00:00,"kecewa pesan jaeco5 . indent sudah kasih dp. sudah tunggu 2 bln. terus tiba "" minta dilunasin . ditanya kepastian delivery , hanya janji "" . mau duit nya saja. tapi tidak ada kepastian delivery . mentang "" lagi laku. mau menang sendiri. akhir dibatalin saja. karena takut mobilnya tidak dikirim kirim.",,,,negatif,Rule-Based,,,,
Ugzdi9H2v0sIejnjGe54AaABAg,A9niV2791gs,06367b32dfac6aa4448599f832e9ce3e2979e9f0f3bfa67b5e840d0fce750059,"SPK 11 Nov '25, tgl 17 Januari diinfoin No Rangka, Infonya sekitar Minggu depan atau Minggu pertama Februari udah delivery. harga tetap nggk ada perubahan sesuai info diawal SPK, ttp 312jt (OTR Surabaya, 299,9jt itu OTR Jabodetabek ya gaes).",2,2026-01-25T23:29:46Z,2026-01-25T23:29:46Z,2026-09-19T00:23:04.831083+00:00,"spk 11 nov '25, tgl 17 januari diinfoin no rangka, infonya sekitar minggu depan atau minggu pertama februari udah delivery. harga tetap nggk ada perubahan sesuai info diawal spk, ttp 312jt (otr surabaya, 299,9jt itu otr jabodetabek ya gaes).",,netral,,,Rule-Based,,,,
UgxfMoxJcczE3hzuXwJ4AaABAg,A9niV2791gs,f0cab93f5477045435c129214243e0677ff6a168cd7f548c62ec129789d320a3,"Sebenarnya rentang harga 300 jt up sudah diikuti Toyota Veloz hybird, andai ada model 150-250 mungkin bisa menjadi Game changer",0,2026-01-22T14:19:42Z,2026-01-22T14:19:42Z,2026-09-19T00:23:04.831717+00:00,"sebenarnya rentang harga 300 jt up sudah diikuti toyota veloz hybird, andai ada model 150-250 mungkin bisa menjadi game changer",,netral,,,Rule-Based,,,,
UgxF1jQd-afYB5l-TWV4AaABAg,A9niV2791gs,9e0dd594c4f6864a2ed685666fa45772d1cb136c5ad3ea8333bde6ec430daa7b,"Ada fitur gps location vehicle? Jadi kita dapet aplikasi utk melacak posisi mobil. 
Bisa buka tutup pintu pakai kartu nfc / google wallet / samsung wallet?",2,2026-01-23T12:18:17Z,2026-01-23T12:18:17Z,2026-09-19T00:23:04.831717+00:00,ada fitur gps location vehicle? jadi kita dapet aplikasi untuk melacak posisi mobil. bisa buka tutup pintu pakai kartu nfc / google wallet / samsung wallet?,,,netral,,Rule-Based,,,,
Ugz2S1jN3vUNlTF791x4AaABAg,A9niV2791gs,e0e104c41a65785263491451f035771f3e02f51be2f9060ee656bea4b3450af8,Info per 24 Jan. SPK hari ini harga tidak mengikat. Ada kemungkinan akan naik 10-12% atau sekitar 30-40jt imbas insentif dicabut. Silahkan konfirmasi ke sales kalian masing2.,0,2026-01-24T11:32:35Z,2026-01-24T11:32:35Z,2026-09-19T00:23:04.831717+00:00,info per 24 jan. spk hari ini harga tidak mengikat. ada kemungkinan akan naik 10-12% atau sekitar 30-40jt imbas insentif dicabut. silahkan konfirmasi ke sales kalian masing2.,,netral,,netral,Rule-Based,,,,
UgzbKtjMb5fduRFh6vh4AaABAg,A9niV2791gs,207e299f11bb2f76891c38f2c36159b552c773b958c28221ddef5b41afd0d46b,secangih apa pun dan murah jk aftersale msh tanda tanya bisa2 jd rongsokan. hati2 sblm membeli,0,2026-01-24T13:11:31Z,2026-01-24T13:11:31Z,2026-09-19T00:23:04.831717+00:00,secangih apa pun dan murah jk aftersale msh tanda tanya bisa2 jd rongsokan. hati2 sblm membeli,,positif,,,Rule-Based,,,,
UgyebwdNBTXAKqzKYe54AaABAg,A9niV2791gs,38d2dcad52ebfdcd0b006522168779f0b006ec8e47ad78ed5d59fb33f4eadbca,Semoga makin banyak mobil listrik yang punya harga semenyenangkan ini yaa.,18,2026-01-22T13:55:04Z,2026-01-22T13:55:04Z,2026-09-19T00:23:04.831083+00:00,semoga makin banyak mobil listrik yang punya harga semenyenangkan ini yaa.,,netral,,,Rule-Based,,,,
UgyZmPkvkjJTU4EDnLd4AaABAg,Vu0ayycGXbI,cfd37ae072ff3ffc552e99d383e020070cd268736cd9bf6bccdc7860d491b9ad,perusak harga wkwkwk,0,2026-02-25T08:18:15Z,2026-02-25T08:18:15Z,2026-09-19T00:23:04.671044+00:00,perusak harga wkwkwk,,negatif,negatif,,Rule-Based,,,,
UgyIPvX9pQ85aFQOzYR4AaABAg,fjWvVFT0vr0,ed1400aa043fd2a538b8af557e3898e1c2c41d9c98bca0b56d593fa66c354136,mantap..brand2 besar jepang harganya udah mulai ga ngotak...sekarang dengan kehadiran mobil2 cina dengan harga bersahabat kita konsumen jadi banyak pilihan dengan harga yang lebih masuk akal...mantap!!!,2,2025-07-27T22:49:37Z,2025-07-27T22:49:37Z,2026-09-19T00:23:06.549873+00:00,mantap..brand2 besar jepang harganya udah mulai tidak ngotak..sekarang dengan kehadiran mobil2 cina dengan harga bersahabat kita konsumen jadi banyak pilihan dengan harga yang lebih masuk akal..mantap!!,,positif,,,Rule-Based,,,,
UgxMNYbaNGGZWhCV-V94AaABAg,Vu0ayycGXbI,dfe3d3c09719d843df67b707501b54865ebb083694d7b50884d6ec0e7e86e1e9,Big car. Long range. Murah brutality jcoo 5 wkwkkk,1,2026-02-23T15:21:18Z,2026-02-23T15:21:18Z,2026-09-19T00:23:04.026610+00:00,big car. long range. murah brutality jcoo 5 wkwkk,,positif,,,Rule-Based,,,,
Ugwf1Dj7GIq08OQh6oR4AaABAg,Vu0ayycGXbI,3cec3952c81016096fe6d78bc73e60bf1413535ae4bff58db33d344bd84e5756,"Fyi, harga Makassar untuk SPK 9 November 2025 totalnya 323jt",4,2026-02-24T08:13:31Z,2026-02-24T08:13:31Z,2026-09-19T00:23:03.311589+00:00,"fyi, harga makassar untuk spk 9 november 2025 totalnya 323jt",,netral,,,Rule-Based,,,,
UgxgS_GCLUo725Rv7DR4AaABAg,Vu0ayycGXbI,235f6be66672149945a075679c0f6774b14d8102dad07ee5195a29b1927c08e1,"kenapa ban nya ga di semir dulu sebelum shooting, keliatan banget ban depan kanan nya putih2 g tau abis nyerempet apa",1,2026-03-08T04:51:18Z,2026-03-08T04:51:18Z,2026-09-19T00:23:03.311589+00:00,"kenapa ban nya tidak di semir dulu sebelum shooting, keliatan banget ban depan kanan nya putih2 g tau abis nyerempet apa",,,netral,,Rule-Based,,,,
Ugyz9xA8qgJZVmMjBV54AaABAg,Vu0ayycGXbI,2a02c62672f893b9a76fdf8bad3491505187f9c77dba9e0b31f7703610c15c8a,harga yg premium di IIMS kmrn udah 320,0,2026-02-23T11:12:46Z,2026-02-23T11:12:46Z,2026-09-19T00:23:03.311589+00:00,harga yg premium di iims kmrn udah 320,,netral,netral,,Rule-Based,,,,
UgwGMUMyrLQR-9jQN994AaABAg,Vu0ayycGXbI,c1d4df6c73194919f127a948d412af70322ddc10a32ec812c82b79df5fc33958,"Krn udh ada yg se 'value' ini utk mbl listrik.. tinggal tunggu 1 thn kedepan utk penyempurnaan nya, entah dr jaecood sdri / mgkin dr kompetitor.. 

 Moga2 dpt yg RWD dgn harga ga beda jauh dr J5 & jarak tempuh yg mirip2",0,2026-04-07T07:25:25Z,2026-04-07T07:25:25Z,2026-09-19T00:23:03.311589+00:00,"karena sudah ada yg se 'value' ini untuk mbl listrik.. tinggal tunggu 1 thn kedepan untuk penyempurnaan nya, entah dari jaecood sdri / mgkin dari kompetitor.. moga2 dapat yg rwd dengan harga tidak beda jauh dari j5 & jarak tempuh yg mirip2",netral,netral,,,Rule-Based,,,,
Ugw8j3Qz0Wyh97Tm7o94AaABAg,Vu0ayycGXbI,523edd0861d220b778f6a869b7514fed2c0c025bce9305edc228689aff2ef59a,"Saran BosQu,.. kalo mau tes ev car jgn cuma buat nanjak Krn pasti nanjaknya.. coba test turunan ekstrem spt turunan cangar pacet (dari batu ke pacet).. klo pengeremannya bagus & safety,, bagus nih mobil.. pls consider ya...",2,2026-03-25T03:08:01Z,2026-03-25T03:08:01Z,2026-09-19T00:23:03.311589+00:00,"saran bosqu,.. kalo mau tes ev car jangan cuma buat nanjak karena pasti nanjaknya.. coba test turunan ekstrem spt turunan cangar pacet (dari batu ke pacet).. kalau pengeremannya bagus & safety,, bagus nih mobil.. pls consider ya..",,,positif,,Rule-Based,,,,
UgzWOMuS4JSVXyoWWeB4AaABAg,Vu0ayycGXbI,f711fa7ca337e2cafd2b956ca1f3b52ae38978a09c09d2b18a725fe82c051431,"Geely ex2 udah barang indent , makin indent dah 😂😂😂",0,2026-02-23T14:45:37Z,2026-02-23T14:45:37Z,2026-09-19T00:23:03.312129+00:00,"geely ex2 udah barang indent , makin indent dah 😂😂",,,,netral,Rule-Based,,,,
UgwkMpqrzIV2YMRlpfZ4AaABAg,Vu0ayycGXbI,952f2e455ecbc1a8500fee8df1c0fb5da56b01b70c338166c82d2a8f3139377d,"Abang² Moladin..

Review dong AION UT Premium vs JAECOO J5 Premium

Walau beda tipe tapi spek kedua mobil ini hampir identik..apalagi harga AION UT di IIMS 2026 turun..",5,2026-02-23T21:03:02Z,2026-02-23T21:03:02Z,2026-09-19T00:23:03.312129+00:00,abang² moladin.. review dong aion ut premium vs jaecoo j5 premium walau beda tipe tapi spek kedua mobil ini hampir identik..apalagi harga aion ut di iims 2026 turun..,,netral,netral,,Rule-Based,,,,
UgwG5WOfaXJwf73sFKx4AaABAg,Vu0ayycGXbI,4df75ad5a61a7db22216ff36c2b1b7d4717165d984c7c4935ed5b64a21ebbeec,"1:43 koreksi, Jaecoo J5 EV sejak awal sudah diproduksi lokal oleh PT Handal Indonesia Motor, sekarang untuk mengsupport pesanan yang membludak, J5 juga diproduksi oleh Inchcape Indomobil yang merakit mercedes benz ckd.

Walaupun J5 tidak akan kena pajak import, mobil ini tetap akan naik harga karena subsidi ppn 2% untuk ev sudah ditiadakan.",23,2026-02-23T08:35:04Z,2026-02-23T08:35:04Z,2026-09-19T00:23:04.026610+00:00,"1:43 koreksi, jaecoo j5 ev sejak awal sudah diproduksi lokal oleh pt handal indonesia motor, sekarang untuk mengsupport pesanan yang membludak, j5 juga diproduksi oleh inchcape indomobil yang merakit mercedes benz ckd. walaupun j5 tidak akan kena pajak import, mobil ini tetap akan naik harga karena subsidi ppn 2% untuk ev sudah ditiadakan.",,netral,,,Rule-Based,,,,
UgzCGmgyqygjqO1M8rB4AaABAg,Vu0ayycGXbI,4f1e42ab88930de423c7b9ec1f7973cfb83741d94488e3a818d434b3e8eeb08b,Hrg nyaa udh naik sih 8-10 jt an di jkt tapi bahasa tenaga penjualnya lock harga. Sy yg udh utj saja di desember suruh nambah 8jt an kalau mau unitnya.,0,2026-03-09T22:28:59Z,2026-03-09T22:29:13Z,2026-09-19T00:23:04.026610+00:00,hrg nyaa sudah naik sih 8-10 jt an di jkt tapi bahasa tenaga penjualnya lock harga. sy yg sudah utj saja di desember suruh nambah 8jt an kalau mau unitnya.,,netral,,,Rule-Based,,,,
UgxygjhYzP-vr3ITcBd4AaABAg,Vu0ayycGXbI,1ffdd7b71d8b758ba2fda70c8489c5f6f1ac50efa1cd48b3043031f7decb71d5,"Apes jalannya licin bekas hujan, tapi better lah msh bisa naik mengingat sblmnya Geely EX5 malah gak naik spin terus",12,2026-02-23T12:09:28Z,2026-02-23T12:09:28Z,2026-09-19T00:23:04.026610+00:00,"apes jalannya licin bekas hujan, tapi better lah msh bisa naik mengingat sblmnya geely ex5 malah tidak naik spin terus",,netral,,,Rule-Based,,,,
UgwkAptPHHJBdAjxtnh4AaABAg,Vu0ayycGXbI,9188c57dbacd3ccbc2f708c7264dd8d4873822365a069948f6a5ce1e9ded5fc9,Pantes Harganya segitu. Pakai dinamo tamiya kali yg warna Metal bawahnya merah,3,2026-02-23T12:48:09Z,2026-02-23T12:48:09Z,2026-09-19T00:23:04.026610+00:00,pantes harganya segitu. pakai dinamo tamiya kali yg warna metal bawahnya merah,,netral,,,Rule-Based,,,,
UgxH0VdTg0Sv1n6p9ch4AaABAg,Vu0ayycGXbI,78da35be906be6b76b1217bbcf92c3f9a910b001e02e3977ed984a2c48e85fb0,Harga yg ditulis masih relevan kah yg SPK 2026?,0,2026-02-23T09:07:30Z,2026-02-23T09:07:30Z,2026-09-19T00:23:04.026610+00:00,harga yg ditulis masih relevan kah yg spk 2026?,,netral,,,Rule-Based,,,,
Ugw-NqGBg8WFqPfZFsJ4AaABAg,Vu0ayycGXbI,e71e771dc569a2828a9772a5163dffba65edc5b02efd2a92d1d7fb831764f74a,12:16 handlingnya memang kureng J5 ini terlalu lembut setirnya gak cocok buat agresive drive apalagi speeding di tol cocoknya casual drive di dalam kota,0,2026-02-23T10:59:32Z,2026-02-23T10:59:32Z,2026-09-19T00:23:04.026610+00:00,12:16 handlingnya memang kureng j5 ini terlalu lembut setirnya tidak cocok buat agresive drive apalagi speeding di tol cocoknya casual drive di dalam kota,netral,,,,Rule-Based,,,,
UgzMeFWsZ0O0RxeHacB4AaABAg,Vu0ayycGXbI,e2740fc9523195ada70454ddec3559ecaa746f3c47e82e4421e5709c58444f19,"Kalo harganya mirip sama wuling eksion, saya milih eksion aja😅",1,2026-02-23T09:21:22Z,2026-02-23T09:21:22Z,2026-09-19T00:23:04.026610+00:00,"kalo harganya mirip sama wuling eksion, saya milih eksion aja😅",,netral,,,Rule-Based,,,,
UgyGhke7mvnfkImrNPt4AaABAg,Vu0ayycGXbI,87fd7ec6b5553ee41b88907fe6081e985c705f8d38f58de4609cecc41079e5ac,"Seberapa besar tenaga, ban dan rem sangat penting. Terbukti kan J5, kurang tenaga apalagi sampe wheel spin terus saat nanjak & drag race.",0,2026-02-23T09:13:31Z,2026-02-23T09:13:31Z,2026-09-19T00:23:04.671044+00:00,"seberapa besar tenaga, ban dan rem sangat penting. terbukti kan j5, kurang tenaga apalagi sampe wheel spin terus saat nanjak & drag race.",,,netral,,Rule-Based,,,,
UgxGKKGXpYyYSJIQiL14AaABAg,Vu0ayycGXbI,204a65e5296d650e093be76ee228687b1b2c94147e84b084a0cbc5368025bc6b,"Ngeliat hrg J5 ev, kebayang marginnya mobil yg memberikan kualitas, fitur seadanya dg tagline: mau murah kok mnt bagus😁🤣",1,2026-06-27T11:46:38Z,2026-06-27T11:46:38Z,2026-09-19T00:23:04.027191+00:00,"ngeliat hrg j5 ev, kebayang marginnya mobil yg memberikan kualitas, fitur seadanya dg tagline: mau murah kok mnt bagus😁🤣",,positif,positif,,Rule-Based,,,,
UgzsHuB2sDO7zFsU3At4AaABAg,Vu0ayycGXbI,9f6bdb67e1a4c5c38f300a250af296ac54a9aa6ee07b73c2ef1c7e1ea5996d0e,garansi batre nya apa spt pada umumnya? 8 tahun???,0,2026-03-16T13:28:55Z,2026-03-16T13:28:55Z,2026-09-19T00:23:04.027191+00:00,garansi baterai nya apa spt pada umumnya? 8 tahun??,,netral,netral,,Rule-Based,,,,
UgzBqbGaqwBgez4iO4x4AaABAg,Vu0ayycGXbI,33c29b9fdc08c2a4fd0583b0705e42b292e1acc7a72e46227ff479911a8ba1fd,Bahas mg5 ev dong. Keren bener dah harga 300jtan  dapat nya ok bgt,1,2026-02-23T10:14:05Z,2026-02-23T10:14:05Z,2026-09-19T00:23:04.027191+00:00,bahas mg5 ev dong. keren bener dah harga 300jtan dapat nya ok banget,,positif,,,Rule-Based,,,,
UgwBx_HFZZXBq0d0kkB4AaABAg,Vu0ayycGXbI,21469a46d156e29339bf8905fd53da02e8e17b5facbd031c018044e1d6dfce98,Baterainya aman melewati banjir gak ya?,0,2026-03-13T11:27:30Z,2026-03-13T11:27:30Z,2026-09-19T00:23:04.027191+00:00,baterainya aman melewati banjir tidak ya?,,,netral,,Rule-Based,,,,
UgyVg5WsPgCNk4a_4RJ4AaABAg,Vu0ayycGXbI,d07b51e8e31c4b6696bfc04181ad8ef536ce7a77df076fef75f3b881adfc7749,"Pengalaman gw yg udah pake 1500Km ini mobil , pesan 4 nov datang 6 Jan , harga sesuai otr riau (325.800.000)
Selama ini make yg di rasakan 

•Irit tergantung kaki atau gimana lah ya
Gw 10% average 38km full dalkot, berarti 100% cuman dpt 380km

•kaca film baru nyampe ganti, panas minta ampun, apalagi riau yg bisa 36-37 kalau tengah hari apalagi mobil di jemur, fan speed 5 ac LO masih ga bisa ngangkat, apa karena di rumah mobil toyota semua hahaha jd pakai mocin ac nya kurang nendang

• sekarang ada bunyi di bawah yg ga bisa di cari asal nya dimana, tiap low speed bunyi mendesis seperti di motor listrik nya (bukan bunyi mendengung bawaan kalau kita pelan kaya zenix) tapi kata Mekanik nya ini normal, di bandingkan sama mobil test drive dealer, punya dealer ga ada bunyi mendesis, cuman saya yg make saya yg lebih tau karena bunyi nya di km 1400 an kmren baru muncul, yg penting kata mekanik gpp yaudah lah toh

Tapi sejauh ini cukup puas lah terasa jauh irit di bandingin mobil ICE
Yg di ubah cuman karpet xmate + kaca film, lain standard aja",3,2026-02-24T02:58:15Z,2026-02-24T02:58:15Z,2026-09-19T00:23:04.027191+00:00,"pengalaman gw yg udah pakai 1500km ini mobil , pesan 4 nov datang 6 jan , harga sesuai otr riau (325.800.00) selama ini memakai yg di rasakan •irit tergantung kaki atau gimana lah ya gw 10% average 38km full dalkot, berarti 100% cuman dapat 380km •kaca film baru nyampe ganti, panas minta ampun, apalagi riau yg bisa 36-37 kalau tengah hari apalagi mobil di jemur, fan speed 5 ac lo masih tidak bisa ngangkat, apa karena di rumah mobil toyota semua hahaha jd pakai mocin ac nya kurang nendang • sekarang ada bunyi di bawah yg tidak bisa di cari asal nya dimana, tiap low speed bunyi mendesis seperti di motor listrik nya (bukan bunyi mendengung bawaan kalau kita pelan kaya zenix) tapi kata mekanik nya ini normal, di bandingkan sama mobil test drive dealer, punya dealer tidak ada bunyi mendesis, cuman saya yg memakai saya yg lebih tau karena bunyi nya di km 1400 an kmren baru muncul, yg penting kata mekanik gpp yaudah lah toh tapi sejauh ini cukup puas lah terasa jauh irit di bandingin mobil ice yg di ubah cuman karpet xmate + kaca film, lain standard aja",,positif,,positif,Rule-Based,,,,
Ugw_5gvL5JzQaLuQYs94AaABAg,Vu0ayycGXbI,83e4f6f3535b543c798ae393c3fc731bcf72a1688f2c0232b2f2f6b42057d9a0,ada harga ada barang lah ngk ada yg sempurna,0,2026-02-23T16:13:40Z,2026-02-23T16:13:40Z,2026-09-19T00:23:04.027753+00:00,ada harga ada barang lah ngk ada yg sempurna,,netral,,,Rule-Based,,,,
Ugx4tNYWhQtd9z-4xKF4AaABAg,Vu0ayycGXbI,a13f7c0f1b0b610e89ee0ee48a310d4bc709a44bdff55bf5b3da38188d171454,"Yg ironis harga mobil di Indonesia itu bukan karena harga mobil CBU dan mobil ber-cc besar dikenakan pajak barang mewahnya. Tapi rakyat yg sudah membeli mobil baik itu CBU atau bukan, tetapi dikenakan pajak seumur hidup dan berlapis 😔",0,2026-02-24T04:57:31Z,2026-02-24T04:57:31Z,2026-09-19T00:23:04.027753+00:00,"yg ironis harga mobil di indonesia itu bukan karena harga mobil cbu dan mobil ber-cc besar dikenakan pajak barang mewahnya. tapi rakyat yg sudah membeli mobil baik itu cbu atau bukan, tetapi dikenakan pajak seumur hidup dan berlapis 😔",,netral,,,Rule-Based,,,,
UgyWlYAbtGNjmPWmkGZ4AaABAg,Vu0ayycGXbI,7fdb2c784a09a216ca8166e263aad1617f22d4ec7ee4fa94573b9aaf2da30f77,"Sy percaya mobil ini kuat. Masalahnya ssdh dibeli  ada pada baterenya, layanan purna jual. 
Garansi batre brp tahun? 
Harga batere 100 juta?",1,2026-02-24T02:45:19Z,2026-02-24T02:45:19Z,2026-09-19T00:23:04.671044+00:00,"sy percaya mobil ini kuat. masalahnya ssdh dibeli ada pada baterenya, layanan purna jual. garansi baterai brp tahun? harga batere 100 juta?",,netral,netral,netral,Rule-Based,,,,
UgwojphTJ5eVunzfynN4AaABAg,Vu0ayycGXbI,875ab15b088a62d3146f679cfa34cd6984760de1fc991f719681d1656ba02885,"sistem kontrol traksi nya kurang bagus, sama kyk omoda e5 nya
tipe motor listrik nya juga bukan yang naik speed nya gradual, tapi yang langsung kenceng, jadi ban nya spin dan slip (Tipe yang naiknya gradual tuh AION sama BYD)
setir nya juga walau udah di kasih mode sport tetap ringan dan ga ada feel nya, sama juga seperti omoda e5
curiga 1 basis nih atau 1 sistem tapi beda casing aja ya jgn2 🧐",3,2026-02-23T13:04:59Z,2026-02-23T13:06:48Z,2026-09-19T00:23:04.671044+00:00,"sistem kontrol traksi nya kurang bagus, sama kyk omoda e5 nya tipe motor listrik nya juga bukan yang naik speed nya gradual, tapi yang langsung kenceng, jadi ban nya spin dan slip (tipe yang naiknya gradual tuh aion sama byd) setir nya juga walau udah di kasih mode sport tetap ringan dan tidak ada feel nya, sama juga seperti omoda e5 curiga 1 basis nih atau 1 sistem tapi beda casing aja ya jgn2 🧐",positif,,,,Rule-Based,,,,
UgxasN6zPEI5rwJ1A8J4AaABAg,Vu0ayycGXbI,888f5aea6bdc7958c4fe71f6473f5dccf84088157170e95a806e98cdea379976,"Waktu nyoba mobil ini, keluarga ga ada yg mau, malah milih geely ex2. Biar ex2 ga kenceng, ga ada moonroof dan embel2. (Bnyk  yg di kurangin fiturnya.) Comfortnya jauh lbh bgs drpd j5 ini.",1,2026-02-23T11:47:12Z,2026-02-23T11:47:45Z,2026-09-19T00:23:04.671044+00:00,"waktu nyoba mobil ini, keluarga tidak ada yg mau, malah milih geely ex2. biar ex2 tidak kenceng, tidak ada moonroof dan embel2. (bnyk yg di kurangin fiturnya.) comfortnya jauh lbh bgs drpd j5 ini.",,,netral,,Rule-Based,,,,
UgyoPXFO3Z5U0lK40Rp4AaABAg,Vu0ayycGXbI,87f2408c27270a01f25f2a9f7b4c710662d64374b1cc7a0dd052e00703d6e9a4,"dengan ukuran lebih besar dari calya, dan wheelbase juga lebih besar dari calya, seandainya dibuat 3 baris dan harga segini, kayanya semua mobil jepun bakal nyungsep ya?",0,2026-03-05T11:09:58Z,2026-03-05T11:09:58Z,2026-09-19T00:23:04.671044+00:00,"dengan ukuran lebih besar dari calya, dan wheelbase juga lebih besar dari calya, seandainya dibuat 3 baris dan harga segini, kayanya semua mobil jepun bakal nyungsep ya?",,netral,,,Rule-Based,,,,
UgzOe4JZnIAEOV6iZ0V4AaABAg,Vu0ayycGXbI,5a66025a7ad151f2596e5f31d5b698e2f569b0493ee72cd6e30eb7f679b3018a,"ni mobil hampir perfect dengan harga 319 (sekarang) cuma emang setirnya terlalu enteng kalo dipake di tol rada ngebut, tenaganya mantep tiba tiba 150 km/h udah padahal di speedo power cuma +9%, setirnya juga kayak kurang presisi di kecepatan tinggi sama pantatnya rada ngebuang kalo di kecepatan >100km/h mungkin karena terlalu empuk ya?",0,2026-08-22T15:19:10Z,2026-08-22T15:19:10Z,2026-09-19T00:23:04.671044+00:00,"ni mobil hampir perfect dengan harga 319 (sekarang) cuma emang setirnya terlalu enteng kalo dipake di tol rada ngebut, tenaganya mantep tiba tiba 150 km/h udah padahal di speedo power cuma +9%, setirnya juga kayak kurang presisi di kecepatan tinggi sama pantatnya rada ngebuang kalo di kecepatan >100km/h mungkin karena terlalu empuk ya?",,netral,,,Rule-Based,,,,
UgyA6FejGZ848X_oVQx4AaABAg,Vu0ayycGXbI,8bebd5ff584b398baab0a83bbc0134d3aac4b0aeb2508089ccc50b22084d4db3,Irit nya brp km per kwh?,0,2026-06-15T02:45:27Z,2026-06-15T02:45:27Z,2026-09-19T00:23:04.671044+00:00,irit nya brp km per kwh?,,positif,,,Rule-Based,,,,
UgzYJtGUsmlhGWzHckt4AaABAg,A9niV2791gs,bc0e0fb3848f7eb016a574ae9724d132485e8fc801da81781a27c465c4a573a5,"Itu real SUV mas bukan small SUV. belajar dulu yg banyak sebelum membuat konten. Kalimat kalimatnya disusun yg baik dan benar, contohnya Harga sangat ""atraktif"".Kata "" atraktif"" tidak sesuai dengan harga. Maaf, sekali ya. mas tolong saya dimaafkan. Dan masih ada lagi narasi lainnya yang kata katanya tidak bersesuaian. Perluas pengetahuan dibidang otomotif",0,2026-04-15T04:57:45Z,2026-04-15T04:58:38Z,2026-09-19T00:23:04.831717+00:00,"itu real suv mas bukan small suv. belajar dulu yg banyak sebelum membuat konten. kalimat kalimatnya disusun yg baik dan benar, contohnya harga sangat ""atraktif"".kata "" atraktif"" tidak sesuai dengan harga. maaf, sekali ya. mas tolong saya dimaafkan. dan masih ada lagi narasi lainnya yang kata katanya tidak bersesuaian. perluas pengetahuan dibidang otomotif",,netral,,,Rule-Based,,,,
UgyVDbofeXRa4srMhrJ4AaABAg,j_6L3j7vrOc,3e4cc16709eca4655b07b0298d74c2ce9894f0db4e4e8ba883b64b67a9fb8668,"Bukan diluar nalar, aslinya emang segitu bahkan lebih murah lagi. Cuma di Indonesia sudah terbiasa diperas jepang dengan harga selangit untuk mobil kualitas rendah. Inilah kesempatan buat kita, untuk menikmati mobil high end dengan harga entry level..",82,2025-11-18T01:11:57Z,2025-11-18T01:11:57Z,2026-09-19T00:23:05.069705+00:00,"bukan diluar nalar, aslinya emang segitu bahkan lebih murah lagi. cuma di indonesia sudah terbiasa diperas jepang dengan harga selangit untuk mobil kualitas rendah. inilah kesempatan buat kita, untuk menikmati mobil high end dengan harga entry level..",,positif,,,Rule-Based,,,,
Ugwlr1ALR16Skr055-x4AaABAg,j_6L3j7vrOc,16b1fb5cba110972ba0ac589e1e0858589dae2652e9b368f37ec14bafbb2c9fd,"After sales jangan dilupakan, ekosistem ini sangat penting buat kemudahan konsumen dan meningkatkan penjualan kedepannya",3,2025-11-22T11:55:56Z,2025-11-22T11:55:56Z,2026-09-19T00:23:05.069705+00:00,"after sales jangan dilupakan, ekosistem ini sangat penting buat kemudahan konsumen dan meningkatkan penjualan kedepannya",,,,netral,Rule-Based,,,,
Ugx_ShBPHUNyTk8bgpN4AaABAg,wWoTrVO2Hk4,90e2948dc99b0879d4b016379392d9358d95864df012b610a281b063991bdef1,"""mantap ya mobil 200 juta dapat power backdoor""  harganya 200 jutaan kah?",0,2026-04-23T07:05:48Z,2026-04-23T07:05:48Z,2026-09-19T00:23:05.983222+00:00,"""mantap ya mobil 200 juta dapat power backdoor"" harganya 200 jutaan kah?",,positif,,,Rule-Based,,,,
Ugyz9tyhYkfGriInTL14AaABAg,wWoTrVO2Hk4,6ff373ba9ec191fe122be7ef81709f45ac593cc9bf10bb8ee576217c4d416411,"Insyaallah mobil Jaecoo J5 EV ini keren, sayangnya pengelola di pusat kurang amanah dalam pendistribusian unitnya, masak kami di Malang Jawa Timur yg sudah indent dibulan Nov'25 sampe skrg belum terima unitnya, padahal dulu dijanjiin akan mendapatkan unitnya pada bulan Feb'26, sementara kami dengar yg ordernya di Jabodetabek, jangankan yg ordernya di tahun 2025, yg ordernya di bulan Feb'26 pun sudah pada terima semua, jadi tolonglah manajemen pusat utk juga peduli dengan costumer yg diluar Jabodetabek, terimakasih 😢",5,2026-04-30T04:52:32Z,2026-04-30T04:52:32Z,2026-09-19T00:23:05.982688+00:00,"insyaallah mobil jaecoo j5 ev ini keren, sayangnya pengelola di pusat kurang amanah dalam pendistribusian unitnya, masak kami di malang jawa timur yg sudah indent dibulan nov'25 sampe skrg belum terima unitnya, padahal dulu dijanjiin akan mendapatkan unitnya pada bulan feb'26, sementara kami dengar yg ordernya di jabodetabek, jangankan yg ordernya di tahun 2025, yg ordernya di bulan feb'26 pun sudah pada terima semua, jadi tolonglah manajemen pusat untuk juga peduli dengan costumer yg diluar jabodetabek, terimakasih 😢",,,,positif,Rule-Based,,,,
Ugz3D2nVFILhmpslLrt4AaABAg,wWoTrVO2Hk4,9a4a34a55df39759f97ff0aa34d2cb6286ae0887a203b326e9d1cdc1d2e49f64,Keren sih om mobil dibawah 300 jtan fiturnya kayak mobil di bawah 1M om👍👍👍👍👍👍👍👍👍👍,2,2026-04-22T14:11:07Z,2026-04-22T14:11:07Z,2026-09-19T00:23:05.982688+00:00,keren sih om mobil dibawah 300 jtan fiturnya kayak mobil di bawah 1m om👍👍,,,positif,,Rule-Based,,,,
UgxH2U1-zc14lGkd1Cd4AaABAg,wWoTrVO2Hk4,1c37f190c73de5e8ebb20f0c9bbe39db76f2f085e493f585403042ea8f8ff75e,"Pamtesan udh banyak di jalan.. harga ok, fiture melimpah plus mobil EV",4,2026-04-25T11:08:37Z,2026-04-25T11:08:37Z,2026-09-19T00:23:05.982688+00:00,"pamtesan sudah banyak di jalan.. harga ok, fiture melimpah plus mobil ev",,netral,netral,,Rule-Based,,,,
UgzYzdJ0-s6sC9ZPNjB4AaABAg,wWoTrVO2Hk4,3179d2e7ba7075683a3859a307bf94af2e5e1a66ebb8d419ed0eb56f96db4d78,"Om b channel, Setelah Review Jaecoo J5 EV Premium, Next Review Wuling Eksion EV CE, Wuling Eksion EV EX, Wuling Eksion PHEV CE dan Wuling Eksion PHEV EX ya om b channel, ❤❤❤",0,2026-04-22T21:24:25Z,2026-04-22T21:24:25Z,2026-09-19T00:23:05.983222+00:00,"om b channel, setelah review jaecoo j5 ev premium, next review wuling eksion ev ce, wuling eksion ev ex, wuling eksion phev ce dan wuling eksion phev ex ya om b channel, ❤❤",,,netral,,Rule-Based,,,,
UgzS7FpyD731Yr0jFxF4AaABAg,wWoTrVO2Hk4,2a56b5b598e6854326ac9167c3cb5a64fa7073a120e969f7db870c980f21f278,"Dimensi mobil ini besar,bahkan lebih besar dari HRV...fitur sangat lengkap dan kualitas bahan nya bagus..bahkan harga juga jauh banget lebih murah dari HRV
Masih ada yg mau beli HRV?",2,2026-04-22T23:36:27Z,2026-04-22T23:36:27Z,2026-09-19T00:23:05.983222+00:00,"dimensi mobil ini besar,bahkan lebih besar dari hrv..fitur sangat lengkap dan kualitas bahan nya bagus..bahkan harga juga jauh banget lebih murah dari hrv masih ada yg mau beli hrv?",,positif,positif,,Rule-Based,,,,
UgyndUS61BLPMNd91BJ4AaABAg,wWoTrVO2Hk4,8f09b294a870a3f6c65a5edecec46eb05db86645dc042e1dfa0cf9d5ec7156c7,"Tombol2 atau Control2 apa saja yg via LCD?   Kalo LCD tiba2 rusak, semua tombol2 atau control2 via LCD tidak bisa dipakai?",0,2026-04-24T10:23:14Z,2026-04-24T10:23:14Z,2026-09-19T00:23:05.983222+00:00,"tombol2 atau control2 apa saja yg via lcd? kalo lcd tiba2 rusak, semua tombol2 atau control2 via lcd tidak bisa dipakai?",,,negatif,,Rule-Based,,,,
UgxjFA27l3vGBU1QY254AaABAg,wWoTrVO2Hk4,3fedfb21aa338b01e59d92b0e3098c791305fbd2fbf6c181593bb3a5a6421544,"Saya kebetulan juga ambil ini kena harga 309.900 karna udah bukan 1000 pembeli pertama 😁 

Tapi di harga 309.900 terlalu murah menurut saya yg build quality nya kayak mobil 1M an 😅",3,2026-04-22T17:32:58Z,2026-04-22T17:32:58Z,2026-09-19T00:23:05.983222+00:00,saya kebetulan juga ambil ini kena harga 309.900 karna udah bukan 100 pembeli pertama 😁 tapi di harga 309.900 terlalu murah menurut saya yg build quality nya kayak mobil 1m an 😅,,positif,positif,,Rule-Based,,,,
UgyBPvdS3tchxLLq5Zd4AaABAg,wWoTrVO2Hk4,51f8480578a6ce0a3096ccdde929a31af4c75df10fb902624c4e822c241b6341,Ini klo merk H tegak harganya jdi 780 jt an😂,2,2026-04-23T10:05:04Z,2026-04-23T10:05:04Z,2026-09-19T00:23:05.983222+00:00,ini kalau merk h tegak harganya jdi 780 jt an😂,,netral,,,Rule-Based,,,,
Ugyxbon59WadtmtiN0x4AaABAg,wWoTrVO2Hk4,d165b08e83216a2b6598b93ab3188e708019cc2fbcf2d6c94f6a25e0f5b28cf4,"Ohh... Yang ""Mobil 200 Jutaan Kok Gini Amat"" Itu Sebuah Trailer Atau Teaser ""In Depth Tour Jaecoo J5 Premium"" (Atau Apa?) Ternyata. 😅🤦",0,2026-04-23T14:15:20Z,2026-04-23T14:15:40Z,2026-09-19T00:23:05.983222+00:00,"ohh.. yang ""mobil 200 jutaan kok gini amat"" itu sebuah trailer atau teaser ""in depth tour jaecoo j5 premium"" (atau apa?) ternyata. 😅🤦",,,netral,,Rule-Based,,,,
UgxxfclkrhsBY9Ax_Zd4AaABAg,wWoTrVO2Hk4,4c7d4bd7b8dd4ae74a2530c7a7db86d2bab155caabcd0fa0c7406eecae425c49,"Om B Channel, Setelah IDT Jaecoo J5 Premium, Next Review Nambah 4, 9jt Sekalian Ambil Geely EX2 Pro atau tetap BYD Atto 1 Premium Ya Om B Channel 😊",1,2026-04-22T22:21:33Z,2026-04-22T22:21:33Z,2026-09-19T00:23:05.983222+00:00,"om b channel, setelah idt jaecoo j5 premium, next review nambah 4, 9jt sekalian ambil geely ex2 pro atau tetap byd atto 1 premium ya om b channel 😊",,,netral,,Rule-Based,,,,
UgwtMu2xiT4iTZYn-fx4AaABAg,wWoTrVO2Hk4,dcdc7c08638cfc2a4796921a264e1d4cedb5a607b76db0755e7508c673b01114,"ini mobil keren. cm yang ganjel sm sy cm 1

speedometernya kaya speedometer selis. alangkah lebih baik di kasi speedometer yang bagusan itu. pasti ud ga ad claah di harga segitu.",0,2026-04-23T03:47:26Z,2026-04-23T03:47:26Z,2026-09-19T00:23:05.983222+00:00,ini mobil keren. cm yang ganjel sama sy cm 1 speedometernya kaya speedometer selis. alangkah lebih baik di kasi speedometer yang bagusan itu. pasti ud tidak ad claah di harga segitu.,,positif,,,Rule-Based,,,,
Ugz4nEI5oM3At75oaiV4AaABAg,wWoTrVO2Hk4,49e9994f4389c62908e3cc3fca1a830fe2bb927aafbea0a3036df03417917c02,"Mobil seharga 299,9 juta pun om B menyebutnya ""mobil 200 juta an"". Itu pun di sebut berulang kali. 🙃",0,2026-04-23T00:22:36Z,2026-04-23T00:22:36Z,2026-09-19T00:23:05.983222+00:00,"mobil seharga 299,9 juta pun om b menyebutnya ""mobil 200 juta an"". itu pun di sebut berulang kali. 🙃",,netral,,,Rule-Based,,,,
Ugw5mk5Y9tIFQ8-62ax4AaABAg,wWoTrVO2Hk4,2077c55965f45a020b79ff1dee66f207c3843b2098a8adce105738262aca38b7,"Masukan aja buat next review om, ditambahin bagian batre dan motor listriknya yg jadi jantung pacu 😂",0,2026-04-24T14:25:26Z,2026-04-24T14:25:26Z,2026-09-19T00:23:05.983222+00:00,"masukan aja buat next review om, ditambahin bagian baterai dan motor listriknya yg jadi jantung pacu 😂",,,positif,,Rule-Based,,,,
UgxMrPymCXjavIoQFkt4AaABAg,wWoTrVO2Hk4,191563b5019e5f82e15bf69488e8b253361804a111ad1d9d2f47fa7b9878aee6,Yah gabisa menyanding harga 200jtan kok gini amat lagi deh 😅,1,2026-04-22T16:18:48Z,2026-04-22T16:18:48Z,2026-09-19T00:23:05.983222+00:00,yah gabisa menyanding harga 200jtan kok gini amat lagi deh 😅,,netral,,,Rule-Based,,,,
Ugz6T1PpO0dJjUmAAyp4AaABAg,j_6L3j7vrOc,1ffdd7b71d8b758ba2fda70c8489c5f6f1ac50efa1cd48b3043031f7decb71d5,"Gila sih Jaecoo, terbisa beli mobkas, baru kali ini sepengen ini dgn mobil baru🤲🏻🤲🏻🤲🏻",3,2025-11-16T14:48:43Z,2025-11-16T14:48:43Z,2026-09-19T00:23:05.069705+00:00,"gila sih jaecoo, terbisa beli mobkas, baru kali ini sepengen ini dengan mobil baru🤲🏻🤲🏻🤲🏻",,netral,,,Rule-Based,,,,
UgxAPZpDVWaQxEz0zwN4AaABAg,wWoTrVO2Hk4,5db905207ffc38615eac7a9f182304fdb1c966ae2ba171325014ad44f0ae3368,"Om B Channel, Setelah IDT Jaecoo J5 Premium, Next Review Nambah 4,9jt Pilih Geely EX2 Pro atau tetap BYD Atto 1 Premium Ya om b Channel 😊",0,2026-04-22T14:03:40Z,2026-04-22T14:03:40Z,2026-09-19T00:23:05.983222+00:00,"om b channel, setelah idt jaecoo j5 premium, next review nambah 4,9jt pilih geely ex2 pro atau tetap byd atto 1 premium ya om b channel 😊",,,netral,,Rule-Based,,,,
UgxH0AAcxP7hNoEFEhV4AaABAg,wWoTrVO2Hk4,28357b40e524dd72b90e2af2cf44964b46f79cc319853434bca7c0c7e5a0b894,Seharga Veloz..wkwk,0,2026-08-20T13:22:56Z,2026-08-20T13:22:56Z,2026-09-19T00:23:05.983222+00:00,seharga veloz..wkwk,,netral,,,Rule-Based,,,,
Ugx37CvzJSvbVsFeCBV4AaABAg,wWoTrVO2Hk4,c9fd58536f8932b1014c688c9f8089ac09fb057e145d8fd1e204254519b5a7ca,J5 premiumnya bukannya udah pernah idt ?,0,2026-04-22T14:04:43Z,2026-04-22T14:04:43Z,2026-09-19T00:23:05.983222+00:00,j5 premiumnya bukannya udah pernah idt ?,,,netral,,Rule-Based,,,,
UgyVNgHXvOXS5vpMtQ94AaABAg,wWoTrVO2Hk4,e88708f312b234a47437b9e635bccc9d82e4c03672be9321baea98cda2f30dab,Ga ada akses smart key di handle pintu om? Jadi hrs pencet remote? Atau ada auto lock/unlock kalau mendekat bawa kunci?,0,2026-04-24T23:46:26Z,2026-04-24T23:46:26Z,2026-09-19T00:23:05.983222+00:00,tidak ada akses smart key di handle pintu om? jadi hrs pencet remote? atau ada auto lock/unlock kalau mendekat bawa kunci?,,,netral,,Rule-Based,,,,
UgxJHanS2Iiz9DizFAB4AaABAg,fjWvVFT0vr0,602c3cfd41b1d8411ea101c0ee5437817fe5361bb7583079a5237549db6350d0,"Orang kalo punya style yg bagus juga bisa lihat ini designnya dengan harga 235 udah juaranya banding lcgc sebelah, masuk wish list",10,2025-07-26T08:00:02Z,2025-07-26T08:00:02Z,2026-09-19T00:23:06.549873+00:00,"orang kalo punya style yg bagus juga bisa lihat ini designnya dengan harga 235 udah juaranya banding lcgc sebelah, masuk wish list",,positif,,,Rule-Based,,,,
UgwBKtdYj7A1L52rPSt4AaABAg,fjWvVFT0vr0,f829287f57cacf576b28476e1c67265ed7cef946a767f60e4d6f1e3ba32cdb6f,"Yg di jkt worth it ini sih, jauhh sekali.
Maintenance, servis & pajak murah, worth it bgt

Otw spk 1 aamiin",18,2025-07-26T07:36:37Z,2025-07-26T07:36:37Z,2026-09-19T00:23:06.549873+00:00,"yg di jkt layak it ini sih, jauhh sekali. maintenance, servis & pajak murah, layak it banget otw spk 1 aamiin",,positif,,positif,Rule-Based,,,,
UgyZCRvfNskVAgpvnB94AaABAg,fjWvVFT0vr0,46e2448d2824697b2ce17e4e262b763722dad40f59ef4670a3682451d30a7b6c,"INI PENGALAMAN SAYA DI DUNIA TEKNOLOGI. saya lama sekali bekerja di sebuah brand smartphone asal tiongkok.. di sana saya belajar bahwa selain takdir tuhan bahwa kemajuan teknologi tidak bisa dihindari..
cuman dengan pesat dan persaingan yg luar biasa, selain efek baik harga yg murah dan kualitas terus membaik... akan terjadi brand2 tumbang.  contoh di smartphone banyak sekali brand besar hilang di Indonesia.. dulu juga sama smartphone harga second bagus lalu dengan kemajuan seperti ini lama2 orang ga peduli sama  harga second.

jadi menurut saya ini akan seperti dunia smartphone.. MOBIL tiongkok akan terus semakin merajalela dan berkuasa. Brand besar akan ada yg tumbang.. lama2 orang akan tidak perduli dengan harga jual kembali...",111,2025-07-26T03:41:53Z,2025-07-26T03:41:53Z,2026-09-19T00:23:06.549873+00:00,"ini pengalaman saya di dunia teknologi. saya lama sekali bekerja di sebuah brand smartphone asal tiongkok.. di sana saya belajar bahwa selain takdir tuhan bahwa kemajuan teknologi tidak bisa dihindari.. cuman dengan pesat dan persaingan yg luar biasa, selain efek baik harga yg murah dan kualitas terus membaik.. akan terjadi brand2 tumbang. contoh di smartphone banyak sekali brand besar hilang di indonesia.. dulu juga sama smartphone harga bekas bagus lalu dengan kemajuan seperti ini lama2 orang tidak peduli sama harga second. jadi menurut saya ini akan seperti dunia smartphone.. mobil tiongkok akan terus semakin merajalela dan berkuasa. brand besar akan ada yg tumbang.. lama2 orang akan tidak perduli dengan harga jual kembali..",,positif,,,Rule-Based,,,,
UgyJAlY-lQOaeX9SNxJ4AaABAg,fjWvVFT0vr0,f709c15daae93eb09ee7550c0a8b857d532277a218f95e95a9d4294b78d314d5,"mang cuantik banget ini mobil,ceren di pakai anak2 ABG jaman skrng,modis simpel irit murah,sukses slalu byd,",65,2025-07-26T05:04:03Z,2025-07-26T05:04:03Z,2026-09-19T00:23:06.549873+00:00,"mang cuantik banget ini mobil,ceren di pakai anak2 abg jaman skrng,modis simpel irit murah,sukses slalu byd,",,positif,,,Rule-Based,,,,
UgxlMejjN9H6QGAyyQB4AaABAg,fjWvVFT0vr0,48ce5a6c826b6ca3aa699b1e02a4392ca94dc449c83c4969caa7c334017dbb33,"Ayo donk chery dan kawan2, produksi citycar yg murah & berkualitas. Biar ga suv terus😢",65,2025-07-26T03:17:53Z,2025-07-26T03:17:53Z,2026-09-19T00:23:06.549873+00:00,"ayo donk chery dan kawan2, produksi citycar yg murah & berkualitas. biar tidak suv terus😢",,positif,,,Rule-Based,,,,
Ugyw3oaeiPL2YOP-Hb54AaABAg,fjWvVFT0vr0,029f69577e9d2d1b86f11b1fa94ecaa86a80248fa116fc4412d0e1724819cb18,"Alhamdulillah berkat brand brand China harga mobil baru di Indonesia tidak lagi terus melambung tinggi. Byd atto1, Semoga kebeli..",73,2025-07-26T06:30:46Z,2025-07-26T06:30:46Z,2026-09-19T00:23:06.549873+00:00,"alhamdulillah berkat brand brand china harga mobil baru di indonesia tidak lagi terus melambung tinggi. byd atto1, semoga kebeli..",,netral,,,Rule-Based,,,,
UgzqGc0wwus9TcTAxqV4AaABAg,fjWvVFT0vr0,0efc047b81d17c5e930d51639397d30f5332153afec04b4ae5fd233be7306b64,Bukan Toyota/Honda dkk langsung yg terdampak tapi Astra & Atpm2 lain. Kmgkn mereka bakal merevisi investasinya dari pasar Indonesia ke depan karena cdrg suram. Tiongkok sedang gencar mengalihkan pasar moblis mengincar negara2 yg harga bbmnya relatif tinggi - bukan produsen besar migas. 😅,6,2025-07-26T06:02:13Z,2025-07-26T06:02:13Z,2026-09-19T00:23:06.549873+00:00,bukan toyota/honda dkk langsung yg terdampak tapi astra & atpm2 lain. kmgkn mereka bakal merevisi investasinya dari pasar indonesia ke depan karena cdrg suram. tiongkok sedang gencar mengalihkan pasar moblis mengincar negara2 yg harga bbmnya relatif tinggi - bukan produsen besar migas. 😅,,netral,,,Rule-Based,,,,
Ugx1FIfdb0MxmKO9RHh4AaABAg,fjWvVFT0vr0,bcff9a19d8a7721f655101e6d40e741404716790a1099a2e0a3b06524d7c1cd3,"Ini mobil bakal laku keras harga entry level 195jt design eropa dipandang dari sudut manapun cantik mantaaab, saya sudah test drive tarikan ok untuk mobil sekecil ini, liat ayla brio jadi kuno banget ❤👍",147,2025-07-26T04:10:57Z,2025-07-26T04:10:57Z,2026-09-19T00:23:06.549873+00:00,"ini mobil bakal laku keras harga entry level 195jt design eropa dipandang dari sudut manapun cantik mantaab, saya sudah test drive tarikan ok untuk mobil sekecil ini, liat ayla brio jadi kuno banget ❤👍",,netral,,,Rule-Based,,,,
Ugwid_l7Ro7TbMT63yt4AaABAg,fjWvVFT0vr0,38cf7be80588d32993037685dc3097ce3f39eaafa8202a73f94b0424beac0216,"Udahlah kalian langsung aja hijrah beli produk BYD sama Chery, 2 merk china tersebut kualitasnya bagus dan tidak diragukan lagi saatnya ngk beli yang overprice dan dikibulin jepun dan buat kaya terus brand jepun saatnya kita realistis sesuaikan harga dengan fitur, kecanggihan,kualitas👍🏻",19,2025-07-26T05:33:29Z,2025-07-26T05:33:56Z,2026-09-19T00:23:06.549873+00:00,"udahlah kalian langsung aja hijrah beli produk byd sama chery, 2 merk china tersebut kualitasnya bagus dan tidak diragukan lagi saatnya ngk beli yang overprice dan dikibulin jepun dan buat kaya terus brand jepun saatnya kita realistis sesuaikan harga dengan fitur, kecanggihan,kualitas👍🏻",,positif,positif,,Rule-Based,,,,
UgxdoEYs28Qr94J2gtV4AaABAg,wWoTrVO2Hk4,204a65e5296d650e093be76ee228687b1b2c94147e84b084a0cbc5368025bc6b,"Seru👍👍👍
Atto 2 menyusul dibwh 300jt.
V23 bila ingin sukses juga hrs kompetitif.

Merk lama yg kemahalan, kualitas seadanya akan tergerus bila tdk segera berbenah.
Konsumen diuntungkan bila pemerintah tegas & cerdik mengatur regulasi🙏🙏🙏",2,2026-04-25T00:22:52Z,2026-04-25T00:22:52Z,2026-09-19T00:23:05.982688+00:00,"seru👍👍 atto 2 menyusul dibwh 300jt. v23 jika ingin sukses juga hrs kompetitif. merk lama yg kemahalan, kualitas seadanya akan tergerus jika tidak segera berbenah. konsumen diuntungkan jika pemerintah tegas & cerdik mengatur regulasi🙏🙏",,negatif,,,Rule-Based,,,,
Ugx9UcWS_UfuW1DNcSp4AaABAg,wWoTrVO2Hk4,9622324ad385607d3df7ce0bde1902baaff811ee16ba0314c9a2a59c9d370f85,Untuk harga semurah itu ini mobil fiturnya Bintang 5... tinggal keseriusan aftersales nya... moga bisa bertahan lama dan bisa bersaing dg merek2 jepang,12,2026-04-23T02:06:02Z,2026-04-23T02:06:02Z,2026-09-19T00:23:05.982688+00:00,untuk harga semurah itu ini mobil fiturnya bintang 5.. tinggal keseriusan aftersales nya.. moga bisa bertahan lama dan bisa bersaing dg merek2 jepang,,positif,positif,positif,Rule-Based,,,,
UgziZM335qWpsuHi3eN4AaABAg,wWoTrVO2Hk4,1ffdd7b71d8b758ba2fda70c8489c5f6f1ac50efa1cd48b3043031f7decb71d5,"Selain fitur lengkap dan value for money, juga rasa mengemudi nya refined, berasa mobil mahal",1,2026-04-24T12:34:04Z,2026-04-24T12:34:04Z,2026-09-19T00:23:05.982688+00:00,"selain fitur lengkap dan value for money, juga rasa mengemudi nya refined, berasa mobil mahal",,negatif,negatif,,Rule-Based,,,,
Ugx-gNZ6MvNNkl0nGpp4AaABAg,j_6L3j7vrOc,8efe24550fadd5b01189d76ea4f6bc20de01e80c7a2c18dd44614eaf9702369b,"Secara pribadi saya bertanya tanya:
1. Apakah harga modalnya memang dibawah 300 jutaan?
2. Atau karena politik dumping (buang barang) bisa jadi murah?",1,2025-11-16T10:12:01Z,2025-11-16T10:12:01Z,2026-09-19T00:23:05.693202+00:00,secara pribadi saya bertanya tanya: 1. apakah harga modalnya memang dibawah 300 jutaan? 2. atau karena politik dumping (buang barang) bisa jadi murah?,,positif,,,Rule-Based,,,,
UgzQnc3MX0JKN-8mkXp4AaABAg,j_6L3j7vrOc,b048c3ae31dda469aa0fe3c5c60a12fa7e3761085e2ec246ec65762b6da896c2,Keren nie mobil fitur melimpah lg...,2,2026-06-09T12:30:50Z,2026-06-09T12:30:50Z,2026-09-19T00:23:05.069705+00:00,keren nie mobil fitur melimpah lg..,,,positif,,Rule-Based,,,,
UgyME6AbWTx4Nxdd2xV4AaABAg,j_6L3j7vrOc,792fbdd5932c9af9d41791a3ffc252d2f5982da957e7b7539db65c53b33368a4,Kalau saya baca jaecco 5 sudah di rakit lokal dengan kandungan 40 % berarti setelah insentif di cabut pemerintah harganya harus tetap,4,2025-11-22T20:35:46Z,2025-11-22T20:35:46Z,2026-09-19T00:23:05.069705+00:00,kalau saya baca jaecco 5 sudah di rakit lokal dengan kandungan 40 % berarti setelah insentif di cabut pemerintah harganya harus tetap,,netral,,,Rule-Based,,,,
Ugx8Pfbr11IFanYHHEJ4AaABAg,j_6L3j7vrOc,6fe54e14782d3d6c2f2006e2391823fa253abf41f7ed8a95cbd6af38b650fe62,Wow.. Harga dan fiturnya menarik nih..,1,2025-11-21T12:46:15Z,2025-11-21T12:46:15Z,2026-09-19T00:23:05.069705+00:00,wow.. harga dan fiturnya menarik nih..,,netral,netral,,Rule-Based,,,,
Ugywh34Ck4M2nktrsHV4AaABAg,j_6L3j7vrOc,eced02e96522c93e27cb04f4e6dc6d1497c20e4c6d7eb51aca635345f905a1ab,Semakin kesini terus bermunculan produk2 yg makin canggih dengan harga makin menarik😊,0,2026-01-01T04:11:44Z,2026-01-01T04:11:44Z,2026-09-19T00:23:05.069705+00:00,semakin kesini terus bermunculan produk2 yg makin canggih dengan harga makin menarik😊,,netral,,,Rule-Based,,,,
UgytVE6WSh41vn9OV2h4AaABAg,j_6L3j7vrOc,36ad5814f00f1a9b77c3ada01015fa338363f4b5b26b253bd1369039355ce0ad,Lama2 ada molis 250 juta full adas mantap buat competitor,2,2025-11-16T14:07:01Z,2025-11-16T14:07:01Z,2026-09-19T00:23:05.069705+00:00,lama2 ada molis 250 juta full adas bagus buat competitor,,,positif,,Rule-Based,,,,
UgyxkVmVoY3aPSq8E6l4AaABAg,j_6L3j7vrOc,9931e33a1c0be838bfa1b0d15b6e4e41fadf4770f0b0ad777741c358b33e215b,"Hrg mirip launching ya air ev, tp fiturnya goks bgt",1,2025-12-05T10:32:05Z,2025-12-05T10:32:05Z,2026-09-19T00:23:05.069705+00:00,"hrg mirip launching ya air ev, tapi fiturnya goks banget",,,netral,,Rule-Based,,,,
UgytJMvhwQj1Mdxf0ol4AaABAg,j_6L3j7vrOc,c04d762a4b1696f66221a8e61417cb7a6b8162c0153c8423df2e32a1409cd4a9,"Harga kompetetif berdampak pada kompetitor overprice, Jaeco J5 keren suv sempurna",1,2025-12-04T04:29:13Z,2025-12-04T04:29:13Z,2026-09-19T00:23:05.069705+00:00,"harga kompetetif berdampak pada kompetitor overprice, jaeco j5 keren suv sempurna",,positif,,,Rule-Based,,,,
UgzChp3Iyo4UYiCSA3N4AaABAg,j_6L3j7vrOc,50236301734ce48cdfb880ade9d3afdba9e051b602f7521fc0818069e3f48596,Dengan harga segitu udah gak khawatirkan depresiasi. Toh buat harian jangka panjang,0,2026-01-03T15:27:18Z,2026-01-03T15:27:18Z,2026-09-19T00:23:05.069705+00:00,dengan harga segitu udah tidak khawatirkan depresiasi. toh buat harian jangka panjang,,netral,,,Rule-Based,,,,
Ugyr9VEMyRLYpVYpod94AaABAg,j_6L3j7vrOc,2dc7756cbdd75fb0f60eff774b0334cce083cda1291d057111facf9e5b99e5dd,Ev yg mau masuk indonesia pusing mau pasang harga brp!!!😂😂,1,2025-11-18T00:12:29Z,2025-11-18T00:12:29Z,2026-09-19T00:23:05.069705+00:00,ev yg mau masuk indonesia pusing mau pasang harga brp!!😂😂,,netral,,,Rule-Based,,,,
Ugwk8rIwrC3c68vHOE94AaABAg,j_6L3j7vrOc,8787d2d619e9cbfb26a10dc613eb1ea9c0dac3bca583837594da5026369d72e8,"krn mobil china kita semua saat ini menikmati kualitas premium hrg masuk akal dibanding kualitas standard jepang harga di luar masuk akal dgn fitur standard dr sejak dulu.  untung mobil china masuk shingga menghanguskan mobil jepun,",1,2026-06-01T13:53:40Z,2026-06-01T13:53:40Z,2026-09-19T00:23:05.069705+00:00,"karena mobil china kita semua saat ini menikmati kualitas premium hrg masuk akal dibanding kualitas standard jepang harga di luar masuk akal dengan fitur standard dari sejak dulu. untung mobil china masuk shingga menghanguskan mobil jepun,",,netral,netral,,Rule-Based,,,,
UgwarXPlXdkH40m3vpF4AaABAg,j_6L3j7vrOc,7401771510d2f0778e6546bbf5a6945cf137e99e65a575de162ccd64751a41ea,Rasanya daging Wagyu terasa lebih mahal karena keluar Wagyu dari china😅,1,2026-02-21T21:31:25Z,2026-02-21T21:31:25Z,2026-09-19T00:23:05.069705+00:00,rasanya daging wagyu terasa lebih mahal karena keluar wagyu dari china😅,,negatif,,,Rule-Based,,,,
Ugx_IVwe7Y9p4RxXMvx4AaABAg,j_6L3j7vrOc,6e5d5f70a3f1be1c59d745f47a87c4bd54c36624679a57c9ae588245db357891,tiba2 ga lama ada J5 AWD harga beti................ 🙃🙂,0,2025-11-23T11:53:04Z,2025-11-23T11:53:04Z,2026-09-19T00:23:05.069705+00:00,tiba2 tidak lama ada j5 awd harga beti.. 🙃🙂,,netral,,,Rule-Based,,,,
UgwyCFLqF80gwek7ve94AaABAg,j_6L3j7vrOc,3058be5a80b92dd33b3ead47ab2e9e58b715b5a92801d8738d9c7d00d9d52f43,Terus byd m6 mau dikasih harga brp secondnya...,0,2025-11-17T11:29:08Z,2025-11-17T11:29:08Z,2026-09-19T00:23:05.069705+00:00,terus byd m6 mau dikasih harga brp secondnya..,,netral,,,Rule-Based,,,,
UgzwmxFyHzTMkSyU45F4AaABAg,j_6L3j7vrOc,adafb1df4984ea5939b9ecb1eb0beee2238d4ef1fe158e4d52f770e501398ed4,"Boleh lah harga segitu dapat molis SUV dgn baterai lumayan daripada beli mobil bensin, isi bensin mulu kaya onta ga minum sebulan. Hajar pertalite mobil ngelitik, boros, mesin rusak. Mau beli pertamax turbo tapi mahal. Solusi nya ya ini mobilnya Jaecoo J5",1,2025-11-16T16:47:18Z,2025-11-16T16:47:18Z,2026-09-19T00:23:05.069705+00:00,"boleh lah harga segitu dapat molis suv dengan baterai lumayan daripada beli mobil bensin, isi bensin mulu kaya onta tidak minum sebulan. hajar pertalite mobil ngelitik, boros, mesin rusak. mau beli pertamax turbo tapi mahal. solusi nya ya ini mobilnya jaecoo j5",,negatif,negatif,,Rule-Based,,,,
Ugz1_koYuootRuNdTDl4AaABAg,j_6L3j7vrOc,76ec025b1f8a5035c4388aadcf106f17d6b8a125589511ea65abd6120a8f6e93,"btw, Jaecoo tu akan bisa memenuhi syarat TKDN ga sih ntar nya?
*ini akan berpengaruh ke total harga jual kan.",0,2025-11-20T12:03:26Z,2025-11-20T12:03:26Z,2026-09-19T00:23:05.069705+00:00,"btw, jaecoo tu akan bisa memenuhi syarat tkdn tidak sih ntar nya? *ini akan berpengaruh ke total harga jual kan.",,netral,,,Rule-Based,,,,
Ugwfocz7d7RnLIw_mRh4AaABAg,j_6L3j7vrOc,b485855f921a0f51d193a91be8b5ed12686a188e8c899c66579c2eba1e2e3f51,"Drama, barusan saya cek  jaeocco gak ada kepastian harga nya masih di 299,.. SPK dulu harga belakangan, gmn KLO jadi 500 JT ? Dah atto 1 saja paling tidak konsisten, harga nya sgtu ya sgtu",0,2025-11-16T11:31:15Z,2025-11-16T11:31:15Z,2026-09-19T00:23:05.069705+00:00,"drama, barusan saya cek jaeocco tidak ada kepastian harga nya masih di 299,.. spk dulu harga belakangan, gmn kalau jadi 500 jt ? dah atto 1 saja paling tidak konsisten, harga nya sgtu ya sgtu",,netral,,,Rule-Based,,,,
UgyJSrldHzfVlZIvB3Z4AaABAg,j_6L3j7vrOc,d53505923a1cd34fc6408a8a99a637d1686580e97972d3fcb3cfe1e0be690687,Bahkan Chery J6 yg harganya 500 jt lewat,2,2025-11-16T13:06:48Z,2025-11-16T13:06:48Z,2026-09-19T00:23:05.069705+00:00,bahkan chery j6 yg harganya 500 jt lewat,,netral,,,Rule-Based,,,,
Ugwt3DALiglpV3OHHaZ4AaABAg,j_6L3j7vrOc,542129f2dda930903ff3af04a651a80bdf1b9405a87f22f6e33a0eed33f822a1,Memang harga aslinya segitu..mobil jepang tu kemahalan,0,2025-11-18T23:29:57Z,2025-11-18T23:29:57Z,2026-09-19T00:23:05.069705+00:00,memang harga aslinya segitu..mobil jepang tu kemahalan,,negatif,,,Rule-Based,,,,
UgwG3MOFs92klx7XNGF4AaABAg,j_6L3j7vrOc,c6e72ff6dfc26c193c3735c7fb65d66b43bff35d234ae57ea0c52c4f5db63e33,😂boleh beli bagi orang ikhlas yg mobil rusak lem biru..😂😂kalo gak ikhlas jangan beli😂ntar oleng😂,0,2025-11-20T12:35:28Z,2025-11-20T12:35:28Z,2026-09-19T00:23:05.069705+00:00,😂boleh beli bagi orang ikhlas yg mobil rusak lem biru..😂😂kalo tidak ikhlas jangan beli😂ntar oleng😂,,,negatif,,Rule-Based,,,,
UgzNzgMxIOhUh_OyBdJ4AaABAg,j_6L3j7vrOc,38918fbf1bb41006967c71df4edf07de51855a3f707a79262a17fe87292cab0f,lagi ngebayangin sales2 mobil2 bensin di rentang harga yg sama,0,2025-11-18T05:47:54Z,2025-11-18T05:48:18Z,2026-09-19T00:23:05.069705+00:00,lagi ngebayangin sales2 mobil2 bensin di rentang harga yg sama,,netral,,netral,Rule-Based,,,,
Ugz4Ribo9pmoRsUIl9Z4AaABAg,j_6L3j7vrOc,d41119e10570d18a6fc51b857a6e86ee6e29803931fe9529cf5f30b875e97fce,"Harga yg wajar, sesuai ini.. 

mobil jepang dan korea jga hrusnya sgtu, itupun msih kemahalan mengingat mobil jepang n korea minim fitur tpi hrganya ga msuk akal..cma krna di peras pejabat, alias londo ireng, ya jdi mahal..bayangkan anda beli mobil, 40% hrga dri mobil itu buat negara, tpi kwalitas jalanan amburadul..",0,2026-02-14T13:05:34Z,2026-02-14T13:05:34Z,2026-09-19T00:23:05.069705+00:00,"harga yg wajar, sesuai ini.. mobil jepang dan korea jga hrusnya sgtu, itupun msih kemahalan mengingat mobil jepang n korea minim fitur tpi hrganya tidak msuk akal..cma krna di peras pejabat, alias londo ireng, ya jdi mahal..bayangkan anda beli mobil, 40% hrga dri mobil itu buat negara, tpi kwalitas jalanan amburadul..",,negatif,negatif,,Rule-Based,,,,
UgzOy_w2zc5kd38-_Kh4AaABAg,j_6L3j7vrOc,2d465e4917c0acaf8b7117e978c697d2c21b939a00fdf02a75409bf66b6b971e,"gila yaa. pabrikan china. genpur terus. hajar-hajaran sesama pabrikan sekampung. 
belum lama si atto skrang si J5. pepetin hargane
bkin pabrikan jepang / korea ngerut dahi + garuk2 kepala, pusing.
mau jualin hrga brapa Moblisnya
harganya sdah makin gak lonjong lagi (gak ngotak)😁😁😁",0,2025-11-17T06:10:00Z,2025-11-17T06:11:34Z,2026-09-19T00:23:05.693202+00:00,"gila yaa. pabrikan china. genpur terus. hajar-hajaran sesama pabrikan sekampung. belum lama si atto skrang si j5. pepetin hargane bkin pabrikan jepang / korea ngerut dahi + garuk2 kepala, pusing. mau jualin hrga brapa moblisnya harganya sdah makin tidak lonjong lagi (gak ngotak)😁😁",,netral,,,Rule-Based,,,,
UgzuIn0KiOdVMmiro-Z4AaABAg,j_6L3j7vrOc,7b52204ef7a85cf7a36e78e040517121ff3cd5472077ee8fda72dd1bcef5cc89,"kl audio nya di upgred (hanya skedar ganti speaker), kira2 ilangi garansi ga ya,,
syang aja mobil udh keren gini, harus nya sekalian bisa di nikmati untuk audio nya,,
udh spk soalnya di medan, ready kata nya januari",2,2025-11-17T05:02:18Z,2025-11-17T05:02:18Z,2026-09-19T00:23:05.693202+00:00,"kalau audio nya di upgred (hanya skedar ganti speaker), kira2 ilangi garansi tidak ya,, syang aja mobil sudah keren gini, harus nya sekalian bisa di nikmati untuk audio nya,, sudah spk soalnya di medan, ready kata nya januari",,positif,,,Rule-Based,,,,
Ugx3KrZJ_h-0Jkw03F94AaABAg,j_6L3j7vrOc,6ae65f49191c28ad5b02d85955622c9e128db517d61812980a0f41e9eec168fb,"*Designnya dari luar sangat BURUK TIDAK MENARIK. DI CHINA SANGAT BANYAK MOBIL LISTRIK YANG DIBUANG DILAPANGAN LUAS KARENA TIDAK LAKU DI PASAR DUNIA, KARENA TIDAK MEMENUHI PERSYARATAN NEGARA-NEGARA TUJUAN PEMASARAN CHINA. DI INDONESIA PERLINDUNGAN KONSUMEN ADALAH SANGAT LEMAH. WASPADA MOBIL MURAH EV YANG DIJUAL DENGAN HARGA SANGAT MURAH SEBELUM KALIAN SANGAT MENYESAL MEMILIKI EV CHINA. JANGAN PERNAH PERCAYA MENDENGARKAN NARASI IKLAN YANG DISAMPAIKAN SECARA MENGUNDANG KONSUMEN UNTUK MEMBELI.*",1,2025-11-19T13:01:39Z,2025-11-19T13:02:20Z,2026-09-19T00:23:05.693202+00:00,"*designnya dari luar sangat buruk tidak menarik. di china sangat banyak mobil listrik yang dibuang dilapangan luas karena tidak laku di pasar dunia, karena tidak memenuhi persyaratan negara-negara tujuan pemasaran china. di indonesia perlindungan konsumen adalah sangat lemah. waspada mobil murah ev yang dijual dengan harga sangat murah sebelum kalian sangat menyesal memiliki ev china. jangan pernah percaya mendengarkan narasi iklan yang disampaikan secara mengundang konsumen untuk membeli.*",,positif,,,Rule-Based,,,,
UgyG1PFk5U7dLsvkd-t4AaABAg,j_6L3j7vrOc,5e7f05b51aa46e078a2130704e07a258d83b16b1d35ebf8efcbcee62b50a01dd,"gila2 ya, apa kabar honda listrik yg rilis taun depan, mau lawan dengan harga brp bentuknya kaya gt apalagi jepang pelit fitur? hahaha",0,2025-11-18T01:26:37Z,2025-11-18T01:26:37Z,2026-09-19T00:23:05.693202+00:00,"gila2 ya, apa kabar honda listrik yg rilis taun depan, mau lawan dengan harga brp bentuknya kaya gt apalagi jepang pelit fitur? hahaha",,netral,netral,,Rule-Based,,,,
UgwkFTvR-Iy7ql6BTLF4AaABAg,j_6L3j7vrOc,d254ceb26181366307c400f6564df6e3bed379b86d3bbf7967205b8ef7e2ccc3,"Inget ini unit NIK 2025 yg akan delivery awal2 masih CBU dan masih dapat PPnBM 0%. Awal tahun 2026 udah pakai NIK 2026 dan ngga ada lagi subsidi PPnBM, estimasi harga bakal naik",1,2025-11-16T11:10:30Z,2025-11-16T11:10:30Z,2026-09-19T00:23:05.693202+00:00,"inget ini unit nik 2025 yg akan delivery awal2 masih cbu dan masih dapat ppnbm 0%. awal tahun 2026 udah pakai nik 2026 dan tidak ada lagi subsidi ppnbm, estimasi harga bakal naik",,netral,,,Rule-Based,,,,
UgxXa0pJefnI5sK2tP94AaABAg,j_6L3j7vrOc,945edd5ddbdd93b15b96f9a50e9722b8103e98f5eafb2b795925d4e80843018f,seandainya si sigra di desain dari teamnya range rover... mungkin harganya melebihi si fortuner... hehehe....,0,2025-11-27T09:24:34Z,2025-11-27T09:24:34Z,2026-09-19T00:23:05.693202+00:00,seandainya si sigra di desain dari teamnya range rover.. mungkin harganya melebihi si fortuner.. hehehe..,,netral,,,Rule-Based,,,,
UgzUUxdaG_Pm8n5gy6J4AaABAg,z1fWo8tYynA,70ffdca583e056c56f8521a811c924815e173c1e8cbaa9ab997eb4f9631795f2,isunya kemarin itu yg naik soal pengecekan rutin/service rutin yg klo diluar tgl yg udah di jadwalin mereka ngenain charge atas pengecekan/service yg mana mobilnya masih dalam cover gratis dari dealer,3,2025-09-24T02:00:24Z,2025-09-24T02:00:24Z,2026-09-19T00:23:10.960426+00:00,isunya kemarin itu yg naik soal pengecekan rutin/service rutin yg kalau diluar tgl yg udah di jadwalin mereka ngenain charge atas pengecekan/service yg mana mobilnya masih dalam cover gratis dari dealer,,,,netral,Rule-Based,,,,
UgzjEVTNWCeFPvyGCRZ4AaABAg,z1fWo8tYynA,f941cb1c40b6d45852f3922135b05e1116e801f7e5dcc2d8c9d429352487c558,"Brand china ini emang berpotensi jadi raksasa teknologi bisa diliat dari produksi handphone contohnya seperti transsion holding (Infinix,Tecno, Itel) bahkan produsen mobil listrik buatan china juga punya spesifikasi mobil negara lain dengan harga yang lebih murah gila sih",1,2026-01-07T05:24:57Z,2026-01-07T05:24:57Z,2026-09-19T00:23:10.960426+00:00,"brand china ini emang berpotensi jadi raksasa teknologi bisa diliat dari produksi handphone contohnya seperti transsion holding (infinix,tecno, itel) bahkan produsen mobil listrik buatan china juga punya spesifikasi mobil negara lain dengan harga yang lebih murah gila sih",,positif,,,Rule-Based,,,,
UgzSTiSejxuvExc2o8h4AaABAg,Vu0ayycGXbI,4139cecde686f2ae63009d8af5bfc99f6f5a6bec42fa340122fd0fbd341ac86b,Tolong point pengetesan ditambah dengan jarak pengereman,0,2026-07-12T06:30:18Z,2026-07-12T06:30:18Z,2026-09-19T00:23:03.311589+00:00,tolong point pengetesan ditambah dengan jarak pengereman,,,netral,,Rule-Based,,,,
UgzriB2__qAbf2qJbRN4AaABAg,dEJ4VEjH1AQ,3b155ccdc043a740e6b584147d96aa29b4e444581cd8bd42232ca06665712e8d,"Gara2 Si Atto 1,skg Harga Mobil listrik atau bensin, sudah mulai masuk akal.. 
Soalnya kalau tinggi2 banget kaya wuling Binguo yg sebelumnya, yakin bakalan kagak ada yg ngelirik",4,2025-11-25T01:30:24Z,2025-11-25T01:30:24Z,2026-09-19T00:23:14.870779+00:00,"gara2 si atto 1,skg harga mobil listrik atau bensin, sudah mulai masuk akal.. soalnya kalau tinggi2 banget kaya wuling binguo yg sebelumnya, yakin bakalan kagak ada yg ngelirik",,netral,,,Rule-Based,,,,
UgylUZtrFhEpXG5CrtB4AaABAg,dEJ4VEjH1AQ,fe8f3238ce64cfaa2ddfa018d3165c3937fb31c1a29812ec611fa4e2f9083101,"Geely di indo gak seterkenal BYD, setelah cari info ternyata Geely itu pemilik Volvo, Lotus, Zeekr, Smart, Lynk&Co, Proton, Polestar, punya saham di Mercedes dan Aston Martin. Sudah launching 11 satelit buat dukung mobil masa depan mereka. Pantesan pas test drive rasa mobilnya beda dengan mobil yg sekelas harganya.",2,2025-11-28T13:06:22Z,2025-11-28T13:06:22Z,2026-09-19T00:23:14.870779+00:00,"geely di indo tidak seterkenal byd, setelah cari info ternyata geely itu pemilik volvo, lotus, zeekr, smart, lynk&co, proton, polestar, punya saham di mercedes dan aston martin. sudah launching 11 satelit buat dukung mobil masa depan mereka. pantesan pas test drive rasa mobilnya beda dengan mobil yg sekelas harganya.",,netral,,,Rule-Based,,,,
Ugwv1YmzQDqhFlusr6t4AaABAg,dEJ4VEjH1AQ,980af50c42127f6d3fc5dff655d7a50a8e633d129511386bfaee7c6dc2943bb7,"Luas...gedeeee....power....gak ribet isi etanol bahlul bikin rusak mesin 20 -70 juta...
Gooo EV",22,2025-11-24T12:44:54Z,2025-11-24T12:44:54Z,2026-09-19T00:23:14.870779+00:00,luas..gedee..power..gak ribet isi etanol bahlul bikin rusak mesin 20 -70 juta.. goo ev,,,negatif,,Rule-Based,,,,
UgxFyLYqBsnrGDyPzEV4AaABAg,dEJ4VEjH1AQ,0362d127ef22f2e02d25851d488b50b9aa7f55a721fc12d171a78c83cdca2486,"kendaraan EV makin populer, Indonesia wajib punya pabrik daur ulang baterainya",3,2025-11-24T23:42:34Z,2025-11-24T23:42:34Z,2026-09-19T00:23:14.870779+00:00,"kendaraan ev makin populer, indonesia wajib punya pabrik daur ulang baterainya",,,netral,,Rule-Based,,,,
UgxaaQPABBAeZG0NnRJ4AaABAg,dEJ4VEjH1AQ,31f47b0ccc26c5b3a23a0a82eb265689160f10b0d1fa67acc85edb4d8cfdf2d6,Tetap BYD Atto 1 😁 30kWh diharga bawah 200jt dimana lagi wkwk,4,2025-11-25T03:08:08Z,2025-11-25T03:08:08Z,2026-09-19T00:23:14.870779+00:00,tetap byd atto 1 😁 30kwh diharga bawah 200jt dimana lagi wkwk,,netral,,,Rule-Based,,,,
Ugw1wFBEi_XFCu9o61t4AaABAg,dEJ4VEjH1AQ,24689fa524e893220552ba0279fef9bc348d8b29cd7165f86b377f890654eaf5,Jangan dibandingin sama Jaecoo j5. Nanti sales byd marah. Mereka bilang beda segmen😂,2,2025-11-25T10:47:49Z,2025-11-25T10:47:49Z,2026-09-19T00:23:14.870779+00:00,jangan dibandingin sama jaecoo j5. nanti sales byd marah. mereka bilang beda segmen😂,,,,netral,Rule-Based,,,,
UgxqLavoMBHuv-jutTB4AaABAg,dEJ4VEjH1AQ,563c789a8dd57a872f667baa10e15c437b831639d7f7126efa99ad30d17587fc,"kok lebih menggoda versi pro ya, fitur yang ane harap ada juga di pro cuma camera 360, tapi kayanya untuk mobil ukuran segini cukup sih kamera belakangan doang, good job geely.",0,2025-11-28T06:01:48Z,2025-11-28T06:01:48Z,2026-09-19T00:23:14.870779+00:00,"kok lebih menggoda versi pro ya, fitur yang ane harap ada juga di pro cuma camera 360, tapi kayanya untuk mobil ukuran segini cukup sih kamera belakangan doang, good job geely.",,,netral,,Rule-Based,,,,
UgyoIXFCaqEj9BtGF8J4AaABAg,dEJ4VEjH1AQ,36304d9c3d25ba6bcb2221ab8c59b053531f9143520c80aba7be44e7975cdc26,Mantep si ini. Drpada Atto 1 dah terlalu pasaran wkwkw apalagi katanya jd armada grab. Dari fitur juga ga kalah ini sama atto 1 apalagi binguo,12,2025-11-24T14:12:06Z,2025-11-24T14:12:06Z,2026-09-19T00:23:14.870779+00:00,mantep si ini. drpada atto 1 dah terlalu pasaran wkwkw apalagi katanya jd armada grab. dari fitur juga tidak kalah ini sama atto 1 apalagi binguo,,,netral,,Rule-Based,,,,
UgzKR90CEbLpgThChMh4AaABAg,dEJ4VEjH1AQ,463ba24caa1d7442637a6f6daef41b8e3040bc92a955ba9810089302c32f9156,"Kemahalan Yg max, itu kaca spion blm elektrik, bagasi belakang blm elektrik, kursi tengah belakang ngak ada rest arm, bnyk yg harus ditambahin klo harga 273 JT, padahal itu sudah di tambahkan ke merk2 pesaingnya, bakal masuk jg MG4 EV DAN WULING BINGO S FACELIFT, makin seru aja pasar kelas mini EV",0,2025-11-27T13:03:48Z,2025-11-27T13:03:48Z,2026-09-19T00:23:14.870779+00:00,"kemahalan yg max, itu kaca spion belum elektrik, bagasi belakang belum elektrik, kursi tengah belakang ngak ada rest arm, bnyk yg harus ditambahin kalau harga 273 jt, padahal itu sudah di tambahkan ke merk2 pesaingnya, bakal masuk jg mg4 ev dan wuling bingo s facelift, makin seru aja pasar kelas mini ev",,negatif,,,Rule-Based,,,,
UgzzZonO7hDDLyY3Is14AaABAg,dEJ4VEjH1AQ,a520c03ae006a29b1ea946d31262bf44acb7e43b75cc096bdf6f3df8f8463ab4,Apakah yg versi terendah sudah adas pak?,0,2026-01-03T02:20:07Z,2026-01-03T02:20:07Z,2026-09-19T00:23:14.870779+00:00,apakah yg versi terendah sudah adas pak?,,,netral,,Rule-Based,,,,
UgzmLsWcROBg5eRj6194AaABAg,dEJ4VEjH1AQ,30a3792b3075f37096ae373a09149dc5506054f522c409282436cdf8debb6e82,"Di China dijual  harganya cuman 150-170 jutaan, markup nya disini banyak juga ya...",2,2025-12-24T10:02:27Z,2025-12-24T10:02:27Z,2026-09-19T00:23:14.870779+00:00,"di china dijual harganya cuman 150-170 jutaan, markup nya disini banyak juga ya..",,netral,,,Rule-Based,,,,
UgxkfJuVZK1g9xbu7bh4AaABAg,dEJ4VEjH1AQ,888f5aea6bdc7958c4fe71f6473f5dccf84088157170e95a806e98cdea379976,"Gw udah coba semua trio di bawah 300 juta. Gw heran org2 ga beli mobil ini. Udah bantingan dan bawaan enak, interior ok. Pas testing anak2 sm bini gw aja suruh beli ini.",0,2026-01-02T14:16:13Z,2026-01-02T14:16:13Z,2026-09-19T00:23:14.870779+00:00,"gw udah coba semua trio di bawah 300 juta. gw heran org2 tidak beli mobil ini. udah bantingan dan bawaan enak, interior ok. pas testing anak2 sama bini gw aja suruh beli ini.",,,netral,,Rule-Based,,,,
UgwqbGFfD7mMaiGzMjd4AaABAg,dEJ4VEjH1AQ,7d01e0cfb3201bd59b896a7503df78b1952d68b6c22493f92181fb13d7e9909c,Baterainya lifetime atau 8 tahun min?,0,2025-12-04T12:19:23Z,2025-12-04T12:19:23Z,2026-09-19T00:23:14.870779+00:00,baterainya lifetime atau 8 tahun min?,,,netral,,Rule-Based,,,,
Ugz_jfpMwD7-WmPVUzN4AaABAg,dEJ4VEjH1AQ,6dd8c7ef2bf3cf5f58fac6d191c5a127cae0ba66abac0dbb5a52c8e0ec2cb116,"Saya ga sreg sama exteriornya, terlalu girly, ground clearance terlalu pendek, jaringan bengkel Geely sedikit",6,2025-11-25T05:54:44Z,2025-11-25T05:54:44Z,2026-09-19T00:23:14.870779+00:00,"saya tidak sreg sama exteriornya, terlalu girly, ground clearance terlalu pendek, jaringan bengkel geely sedikit",,,,netral,Rule-Based,,,,
UgzA7NqZG7MT2FJ9IGd4AaABAg,dEJ4VEjH1AQ,ac1bacfddb69df4b74e497ea8b04491a048a883a232e90da6ba2099f3110e619,273jt mending nambah dikit dapat J5 EV premium yg lebih proper sebagai mobil 🔥,1,2025-11-24T16:37:37Z,2025-11-24T16:37:52Z,2026-09-19T00:23:14.870779+00:00,273jt lebih baik nambah dikit dapat j5 ev premium yg lebih proper sebagai mobil 🔥,,,netral,,Rule-Based,,,,
Ugwe_w6bU4Ak5fw_JRZ4AaABAg,dEJ4VEjH1AQ,40a8ccb26cb98314cfcbb4cc4aa43f89494a24b4b6b932fdabbe9a5d589be297,Model oke specs oke harga oke. Yang pro udah cukup.,3,2025-11-25T03:34:15Z,2025-11-25T03:34:15Z,2026-09-19T00:23:14.870779+00:00,model oke specs oke harga oke. yang pro udah cukup.,,netral,,,Rule-Based,,,,
UgwuUcxhBRdt-aXFW714AaABAg,dEJ4VEjH1AQ,5c550ccae7e9148c57e8b2ef8795e544ebc1e41c9ca056bda2dd335b90c0326b,"Jujur iya lebih worth it yg pro. Dibandingin sama atto 1 pun, dengan harga 233jt dah dapet RWD, tenaga lebih gede, front trunk, trus beli dah sama wall charger 😂",4,2025-11-24T13:52:06Z,2025-11-24T13:52:06Z,2026-09-19T00:23:14.870779+00:00,"jujur iya lebih layak it yg pro. dibandingin sama atto 1 pun, dengan harga 233jt dah dapet rwd, tenaga lebih gede, front trunk, trus beli dah sama wall charger 😂",,positif,,,Rule-Based,,,,
UgxbouUAIsCm7Er41O14AaABAg,dEJ4VEjH1AQ,44d3642077170d5ffc721783d0bfb27d2ac079dfbc00ccbceead92a37b654b18,EX2 fiturnya disunat dibanding xingyuan,1,2025-11-24T13:52:42Z,2025-11-24T13:52:42Z,2026-09-19T00:23:14.870779+00:00,ex2 fiturnya disunat dibanding xingyuan,,,netral,,Rule-Based,,,,
UgzdkaQv_TLx1tYg-K54AaABAg,dEJ4VEjH1AQ,6f6afd6d0876a31175df0b24fc6d0c81756417252a960c74013bd70216872c9b,Asal gk tiba2 cabut dari indo aja. kasihan yang beli nyari nyari sparepartnya nanti kalau usianya udah lumayan berumur,0,2025-11-26T10:37:01Z,2025-11-26T10:37:01Z,2026-09-19T00:23:14.870779+00:00,asal tidak tiba2 cabut dari indo aja. kasihan yang beli nyari nyari sparepartnya nanti kalau usianya udah lumayan berumur,,,,netral,Rule-Based,,,,
UgwziDU9ZbhRx9ASkCp4AaABAg,dEJ4VEjH1AQ,dfbcc240344524ca6569eac5ff3aa5ebd1870384326679edfc50846b0fe577b4,Apakah kapasitas batrenya sama versi pro dan max?sehingga jarak tempuhnya jg sama atau gimana?pengecasannya CCS2 atau gbt?,0,2025-11-25T00:06:59Z,2025-11-25T00:06:59Z,2026-09-19T00:23:14.870779+00:00,apakah kapasitas batrenya sama versi pro dan max?sehingga jarak tempuhnya jg sama atau gimana?pengecasannya ccs2 atau gbt?,netral,,,,Rule-Based,,,,
UgxByuHYaFHSGmvVYpZ4AaABAg,dEJ4VEjH1AQ,6c67433d2e4f63af2bce735a2bfc016f24bd65079f91cc3504797632ab536eb1,"Calon ngga laku, harga kejepit sama Atto1 dynamic dan J5. Mestinya harganya 195 dan 235jt untuk hajar atas bawah.

Di China harganya mirip2 Seagull kok sampai sini beda jauh. Marketing nya juga kurang ok. Launching ngga ada gemanya.",2,2025-11-24T13:32:20Z,2025-11-24T13:33:12Z,2026-09-19T00:23:14.870779+00:00,"calon tidak laku, harga kejepit sama atto1 dynamic dan j5. mestinya harganya 195 dan 235jt untuk hajar atas bawah. di china harganya mirip2 seagull kok sampai sini beda jauh. marketing nya juga kurang ok. launching tidak ada gemanya.",,netral,,,Rule-Based,,,,
UgwQTzKri-Rz3JXARoB4AaABAg,dEJ4VEjH1AQ,3c092641817d887625c580500c1b92f08f117df155250a728ff641acd8b8c188,Kemahalan merk ga jelas !,0,2025-11-25T04:20:30Z,2025-11-25T04:20:30Z,2026-09-19T00:23:14.870779+00:00,kemahalan merk tidak jelas !,,negatif,,,Rule-Based,,,,
Ugysi9oTca8uIOzJudl4AaABAg,SQJwC-QLsRk,a4653e00ad0bdc68b12cb84e803597187158e473745a0274f4c11ac38fbb2e19,"Kalau punya 300 juta ambil j5 premium
Kalau punya 240 juta ambil ex2 pro
Kalau punya 200 juta ambil atto1 standart",41,2026-04-25T21:23:36Z,2026-04-25T21:23:36Z,2026-09-19T00:23:15.005212+00:00,kalau punya 300 juta ambil j5 premium kalau punya 240 juta ambil ex2 pro kalau punya 200 juta ambil atto1 standart,,,netral,,Rule-Based,,,,
UgwoAdNBjEJAw7b5jQF4AaABAg,SQJwC-QLsRk,08b3ded524495d85afab196ca434128b3673686f12d006684f30d6f2fae5364c,"Kalau paling murah pasti BYD, kalau value for money dari sisi fitur J5, kalau value dari sisi merek, teknologi dan refinement EX2.",18,2026-04-25T13:44:30Z,2026-04-25T13:44:30Z,2026-09-19T00:23:15.005212+00:00,"kalau paling murah pasti byd, kalau value for money dari sisi fitur j5, kalau value dari sisi merek, teknologi dan refinement ex2.",,positif,positif,,Rule-Based,,,,
UgyjWzRKqS4GjhUevCV4AaABAg,SQJwC-QLsRk,82fa994f461734518d6880fb8d8990e083603b25e1aa851a941a3b76e839c259,"Udah ngerasain geely ex2 walo cuman bentar, nyetir Jakarta - Jogja, nyaman, powerful utk mobil seukuran itu.",12,2026-04-25T10:40:14Z,2026-04-25T10:40:14Z,2026-09-19T00:23:15.005212+00:00,"udah ngerasain geely ex2 walo cuman bentar, nyetir jakarta - jogja, nyaman, powerful untuk mobil seukuran itu.",,,positif,,Rule-Based,,,,
Ugz22HnNzfl3FMp7xkh4AaABAg,SQJwC-QLsRk,992c244fe19171c126e3057b3339c197aaf254d72652563fffba08a1895285d5,Nah..mumpung jalan malem..tolong direview jg gimana rasanya wkt nyetir malem..terutama lampu di exterior dan interior..🙂,1,2026-04-26T01:40:49Z,2026-04-26T01:40:49Z,2026-09-19T00:23:15.005212+00:00,nah..mumpung jalan malem..tolong direview jg gimana rasanya wkt nyetir malem..terutama lampu di exterior dan interior..🙂,,,netral,,Rule-Based,,,,
UgwW_xxay75CFk2c0T14AaABAg,SQJwC-QLsRk,d02288d72830cb8ccff3385a0868eb7d4b4b20101f79d662d4f8e8ab9dc38c28,"Jaecoo fitur memang wow untuk harga segitu, tapi build quality material bagusan byd",1,2026-09-14T17:56:52Z,2026-09-14T17:56:52Z,2026-09-19T00:23:15.005212+00:00,"jaecoo fitur memang wow untuk harga segitu, tapi build quality material bagusan byd",,positif,positif,,Rule-Based,,,,
Ugw1jYvupEtsyD2DgpV4AaABAg,SQJwC-QLsRk,1664c22fc91d07c250c1d614c857e7f319bad063074339d42de4cfbc8e08b68d,"Kerem, siap jadi deler",0,2026-04-27T10:16:09Z,2026-04-27T10:16:09Z,2026-09-19T00:23:15.005212+00:00,"kerem, siap jadi deler",,,netral,,Rule-Based,,,,
UgxndKeesrPM8qzLXWp4AaABAg,SQJwC-QLsRk,448c90bb9c51b6c4f34d9a731372d37ad7afde4cdf2d08dddb440e569b15aeb6,"Alhamdulillah setelah hampir 3 minggu indent, dan sekarang sudan 2 minggu pake. J5 memang memuaskan Alhamdulillah",7,2026-04-25T14:47:57Z,2026-04-25T14:47:57Z,2026-09-19T00:23:15.005212+00:00,"alhamdulillah setelah hampir 3 minggu indent, dan sekarang sudan 2 minggu pake. j5 memang memuaskan alhamdulillah",,,,netral,Rule-Based,,,,
Ugy4bn8F3HRm4bUMTrh4AaABAg,dEJ4VEjH1AQ,5e4ba07d4bbbf332566996252aa9805aa29f9139329da09d78b1b873d820f920,Tinggal nunggu Atto 2 masuk tahun depan. Seneng skg byk bgt pilihan di range 200-300jt dengan fitur mumpuni. Emg udh tanda2 pindah dari pabrikan jepang. Ga kuat euy PKB tahunannya lumayan juga buat di jakarta aplgi EV bebas gage.,4,2025-11-26T11:44:16Z,2025-11-26T11:44:16Z,2026-09-19T00:23:14.870779+00:00,tinggal nunggu atto 2 masuk tahun depan. seneng skg byk banget pilihan di range 200-300jt dengan fitur mumpuni. emg sudah tanda2 pindah dari pabrikan jepang. tidak kuat euy pkb tahunannya lumayan juga buat di jakarta aplgi ev bebas gage.,,,netral,,Rule-Based,,,,
UgwjHfJOXujhnkqzGOJ4AaABAg,dEJ4VEjH1AQ,792fbdd5932c9af9d41791a3ffc252d2f5982da957e7b7539db65c53b33368a4,Makin banyak mobil listrik yg harganya hampir mirip2 makin galau mau pilih yg mana😂,2,2025-11-25T08:42:10Z,2025-11-25T08:42:10Z,2026-09-19T00:23:14.870779+00:00,makin banyak mobil listrik yg harganya hampir mirip2 makin galau mau pilih yg mana😂,,netral,,,Rule-Based,,,,
UgyG7EZ1p3dZnzN0ZqZ4AaABAg,bC7X9DplrIc,a2542607b6666c362b79f9fc36bed487ca4c8a0c1a2f1e470d3579c87b9b9e93,batre nya gimana garansi 8 tahun?,2,2026-03-23T19:53:00Z,2026-03-23T19:53:00Z,2026-09-19T00:23:14.522723+00:00,baterai nya gimana garansi 8 tahun?,,netral,netral,,Rule-Based,,,,
UgxToicVO4347zGioWd4AaABAg,bC7X9DplrIc,f5650875ebfd06065733c54e40cb27cba7f897205f7706a610238da8994c07d5,Soal wiper belakang mah hyundai Ioniq 5 aja ga ada tuh wiper harga 3x lipat 😅,2,2026-03-04T15:53:05Z,2026-03-04T15:53:05Z,2026-09-19T00:23:14.522723+00:00,soal wiper belakang mah hyundai ioniq 5 aja tidak ada tuh wiper harga 3x lipat 😅,,netral,,,Rule-Based,,,,
Ugy9lvhyttWWWy2WSdB4AaABAg,bC7X9DplrIc,0979f3235e3952bbc60f8198b324017e2e3ff427434d959720d08c961ee27cc3,"Minus terbesarnya pakai battery Gotion lokal yg sdh sering dikomplain drop setelah pemakaian setahunan di mobil2 EV air ev, vf3 dan neta yg pakai battery sama. Kenapa sih EX2 ngak pakai battery Short blade CATL spt di China, padahal harga EX2 di indo sdh lebih mahal khan drpd Atto 1 (di China Atto 1 lebih mahal drpd EX2).",0,2026-06-18T02:15:25Z,2026-06-18T02:16:36Z,2026-09-19T00:23:14.522723+00:00,"minus terbesarnya pakai battery gotion lokal yg sudah sering dikomplain drop setelah pemakaian setahunan di mobil2 ev air ev, vf3 dan neta yg pakai battery sama. kenapa sih ex2 ngak pakai battery short blade catl spt di china, padahal harga ex2 di indo sudah lebih mahal khan drpd atto 1 (di china atto 1 lebih mahal drpd ex2).",,negatif,negatif,,Rule-Based,,,,
UgydyY9mtebO3gK2x8Z4AaABAg,bC7X9DplrIc,3dd57a4669eeb7253ac89caed1a96ff02ae191cf4130691b654982f19e14eb51,"SPKLU Terbesar, tp penuh. Sangat menggambarkan kondisi penggunaan EV saat ini..",3,2026-03-04T21:13:26Z,2026-03-04T21:13:26Z,2026-09-19T00:23:14.522723+00:00,"stasiun pengisian kendaraan listrik umum terbesar, tapi penuh. sangat menggambarkan kondisi penggunaan ev saat ini..",netral,,,,Rule-Based,,,,
Ugxr7sAzTG12Zejah994AaABAg,bC7X9DplrIc,31d3f95830a6e5f261d316b34eff5fa6e0de0eddca569fb14d7c87e587408d7b,"Versi Thailand, Vietnam, Malaysia dan Australia pake sipon listrik, bagasi listrik, HP wireless charging. Versi Indonesia tidak 😭😭😭",16,2026-03-31T00:52:19Z,2026-03-31T00:52:19Z,2026-09-19T00:23:14.522723+00:00,"versi thailand, vietnam, malaysia dan australia pakai sipon listrik, bagasi listrik, hp wireless charging. versi indonesia tidak 😭😭",netral,,,,Rule-Based,,,,
Ugw78SYyQ3YjiIsbDoZ4AaABAg,bC7X9DplrIc,c8b5d97a87513c208d788f02dbc78881ec2893ca727f0e7e6dfa28715e78b04b,"Gak usah bingung kenapa laris di China. Di sana harganya dirupiahkan 150juta. Sedangkan kalau dipakai perbandingan gaji rata2, mobil ini ibarat harga 60 jutaan bagi warga China.",19,2026-03-04T15:39:29Z,2026-03-04T15:39:29Z,2026-09-19T00:23:14.522723+00:00,"tidak usah bingung kenapa laris di china. di sana harganya dirupiahkan 150juta. sedangkan kalau dipakai perbandingan gaji rata2, mobil ini ibarat harga 60 jutaan bagi warga china.",,netral,,,Rule-Based,,,,
UgxnSZxUTHg-pw7SfXN4AaABAg,bC7X9DplrIc,cd7aba88b9279c17919be940c947eeaec81cfeb74cab17b2289254c1794929f9,"2:33 rill banget nih temen ane punya MG MX4, kabel sering digigitin tikus dan kalo udah rusak mesti nginep di bengkel sebulan karena sparepart nya jarang",16,2026-03-04T16:52:29Z,2026-03-04T16:52:29Z,2026-09-19T00:23:14.522723+00:00,"2:33 rill banget nih temen ane punya mg mx4, kabel sering digigitin tikus dan kalo udah rusak mesti nginep di bengkel sebulan karena sparepart nya jarang",,,negatif,negatif,Rule-Based,,,,
Ugzw143U9cJNf8TLljN4AaABAg,bC7X9DplrIc,61dc2bca3de47ef31423702431be1d91579fd8af13279d2ea92ec64206358701,Sukanya mobil listrik harga barunya semakin menggiurkan gara2 perang teknologi mobil listrik dan promo2 baru tiap brand,5,2026-03-04T15:21:38Z,2026-03-04T15:21:38Z,2026-09-19T00:23:14.522723+00:00,sukanya mobil listrik harga barunya semakin menggiurkan gara2 perang teknologi mobil listrik dan promo2 baru tiap brand,,positif,,,Rule-Based,,,,
UgzM__SlIEUSBiUU_xV4AaABAg,bC7X9DplrIc,e88e63826f9c1806c9f186326a72c187a4224c45d3105d67e192c1375d2ee08a,Di Solo gada dealernya... 😢,3,2026-03-04T19:39:15Z,2026-03-04T19:39:15Z,2026-09-19T00:23:14.522723+00:00,di solo gada dealernya.. 😢,,,,netral,Rule-Based,,,,
UgyaZeUo19-OV0FES1h4AaABAg,bC7X9DplrIc,1ad18cdca0d057909ceb8b587d50d3c958f67e2674245db370491e2ba725e3e8,"@geely indo jgn ketularan pabrikan pabrikan jpn , fitur segala di sunat",0,2026-03-04T23:53:43Z,2026-03-04T23:53:43Z,2026-09-19T00:23:14.522723+00:00,"indo jangan ketularan pabrikan pabrikan jpn , fitur segala di sunat",,,netral,,Rule-Based,,,,
UgxUTfyJNCKnZjOdusp4AaABAg,bC7X9DplrIc,54289342a4f6558b765a75862acd8a9fc181e5a3aafb5c8f6e29adf6e97f9045,"Dealer nya aja dulu banyakin tiap kota, kalo kenapa napa biar ga kejauhan kalo mau servis",1,2026-04-05T10:40:25Z,2026-04-05T10:40:25Z,2026-09-19T00:23:14.522723+00:00,"dealer nya aja dulu banyakin tiap kota, kalo kenapa napa biar tidak kejauhan kalo mau servis",,,,netral,Rule-Based,,,,
UgyJGxFHiQEgN8wgj3R4AaABAg,bC7X9DplrIc,968a3585f5fc0bfd92d7687b6c1e53bebc28f7244e30e93a97de8458eb1f3b99,minus nya spk interior putih ga nampak²😢,4,2026-03-04T17:55:32Z,2026-03-04T17:55:32Z,2026-09-19T00:23:14.522723+00:00,minus nya spk interior putih tidak nampak²😢,,,netral,,Rule-Based,,,,
UgzzS6I3MOJAzjUBvIt4AaABAg,bC7X9DplrIc,ccd637a668b950b959942eb04f27f055f7804e7ff11ee322a71ce0c93eef8c2c,@geelyautoindonesia dijawab tuh masalah cover kolong bawah!! Kalaupun disunat harusnya bisa tersedia di dealer dong......,1,2026-03-05T10:37:09Z,2026-03-05T10:37:09Z,2026-09-19T00:23:14.522723+00:00,dijawab tuh masalah cover kolong bawah!! kalaupun disunat harusnya bisa tersedia di dealer dong..,,,,netral,Rule-Based,,,,
UgyM4B0C0G0gyfXvslR4AaABAg,bC7X9DplrIc,ff5f60d8c2a24520cba359d9396710235da528dc2005165ec3a217c055ad77aa,"Harga ga bersaing, fitur diturunkan dari spek asli cina, inden lama, dijamin kalah sama atto1. Bahkan android auto aja ga ada. 😅",1,2026-03-05T01:58:14Z,2026-03-05T01:58:14Z,2026-09-19T00:23:14.522723+00:00,"harga tidak bersaing, fitur diturunkan dari spek asli cina, inden lama, dijamin kalah sama atto1. bahkan android auto aja tidak ada. 😅",,netral,netral,,Rule-Based,,,,
UgyXbjJi_6Emxrs4jsx4AaABAg,bC7X9DplrIc,4ae39972bbeb3097955d0a070a6e06c1fbb43d257af849865de7c0a547ec7e0b,"Biar awet gelly hrus dismpen dikulkas ngk neh
.
.😂",0,2026-04-05T06:28:21Z,2026-04-05T06:28:21Z,2026-09-19T00:23:14.522723+00:00,biar awet gelly hrus dismpen dikulkas ngk neh . .😂,,,positif,,Rule-Based,,,,
Ugzolxz3i6up1xc2qA54AaABAg,bC7X9DplrIc,2ed2d8db9cd765514a7d7c644ddd649bcffcf5ec40a1304d9edc5ea77ca6782a,"Kalo ambil tipe max, apa mending pilih interior putih aja?  Lgpula int putih lbh unik & int hitem sdh ada jg di pro",0,2026-03-04T16:18:17Z,2026-03-04T23:21:03Z,2026-09-19T00:23:14.522723+00:00,"kalo ambil tipe max, apa lebih baik pilih interior putih aja? lgpula int putih lbh unik & int hitem sudah ada jg di pro",,,netral,,Rule-Based,,,,
Ugzg4LxXGfB4J9d4tAV4AaABAg,dEJ4VEjH1AQ,48152975a61b26e53b8bf18b5366f267d91b7712644c60e664f29dd32609d179,"Bagaimana, apakah harga mobil listrik jarak 395 km Geely EX2 ini sudah ok? Rp 233 juta (Pro) dan Rp 273 juta (Max)",28,2025-11-24T12:23:06Z,2025-11-24T12:23:06Z,2026-09-19T00:23:14.870779+00:00,"bagaimana, apakah harga mobil listrik jarak 395 km geely ex2 ini sudah ok? rp 233 juta (pro) dan rp 273 juta (max)",,netral,,,Rule-Based,,,,
UgwnKO4zlGCteQS5z3B4AaABAg,bC7X9DplrIc,d723da1a43669184e48f92ad13c325446bb44a2c994304eca6da7af8a443b0b9,"orang pinter pasti ambil ini atau jaecoo J5.
bukan atto 1 yg asal2an murahan.",1,2026-03-05T17:44:03Z,2026-03-05T17:44:03Z,2026-09-19T00:23:14.522723+00:00,orang pinter pasti ambil ini atau jaecoo j5. bukan atto 1 yg asal2an murahan.,,positif,,,Rule-Based,,,,
UgwYkTq_TOgS6ZgQ0a54AaABAg,bC7X9DplrIc,3fac30e1bf8f1dc3d222b6696ebf2e2e6a623ecd46b994884571e6cfaffe8a99,"unit gue dah mendarat dirumah sekalian sama handover massal minggu lalu. minus yang disebut tadi masih ada tambahannya lagi:

- apple carplay & android auto belum ada. harus nunggu update OS. padahal di malay udah ada.

- head unit ini seolah di-lock sama pabrikan biar harus dependen banget ke dealer. contoh: ada opsi wifi kalo kita ke developer/debug mode. tapi buat end-user gaada opsi wifinya.

- SPEAKER CUMA DEPAN DOANG ANJIR BETE GWE

- unit yang gue terima belum ada cover bawah juga.

- wireless charging kena sunat. padahal di thailand ada.

kemungkinan sunatan2 ini sih bakal dijual sebagai ""aksesoris OEM"" buat neken harga jual awalnya. padahal kalo dilengkapin semua dan harganya beda tipis sama AION UT mah bakal laku jir",2,2026-03-05T05:37:20Z,2026-03-05T05:37:20Z,2026-09-19T00:23:14.522723+00:00,"unit gue dah mendarat dirumah sekalian sama handover massal minggu lalu. minus yang disebut tadi masih ada tambahannya lagi: - apple carplay & android auto belum ada. harus nunggu update os. padahal di malay udah ada. - head unit ini seolah di-lock sama pabrikan biar harus dependen banget ke dealer. contoh: ada opsi wifi kalo kita ke developer/debug mode. tapi buat end-user gaada opsi wifinya. - speaker cuma depan doang anjir bete gwe - unit yang gue terima belum ada cover bawah juga. - wireless charging kena sunat. padahal di thailand ada. kemungkinan sunatan2 ini sih bakal dijual sebagai ""aksesoris oem"" buat neken harga jual awalnya. padahal kalo dilengkapin semua dan harganya beda tipis sama aion ut mah bakal laku jir",netral,netral,,netral,Rule-Based,,,,
UgweYVV9UY1RcjxvAex4AaABAg,bC7X9DplrIc,e35fb1d1edf39548407c25772a3ed1a7fa567ae2abdf27aa3069a30fa8128910,menurut kalian mobil worth di beli nggak kalo kita lihat komptitor byd Otto 1 atau wuling binguo harga 200,0,2026-03-04T15:50:12Z,2026-03-04T15:50:12Z,2026-09-19T00:23:14.522723+00:00,menurut kalian mobil layak di beli tidak kalo kita lihat komptitor byd otto 1 atau wuling binguo harga 200,,positif,,,Rule-Based,,,,
UgwcIBbrDsqwVICjGOZ4AaABAg,w7zLKYpCozw,382b51d8cbe3806190262d98095625dd92796f88de2af85030a9e0759272be0b,Volvo versi murah,3,2026-03-14T04:40:51Z,2026-03-14T04:40:51Z,2026-09-19T00:23:14.691226+00:00,volvo versi murah,,positif,,,Rule-Based,,,,
UgyYYkRBtMd0VB579zh4AaABAg,w7zLKYpCozw,3de1ab5dad0fb8b9c8a0123de85c03df2dac506f38f52d91e3a1ad36b522aeff,"Mobil EV zaman sekarang wajib life time waranty baterai nya,kalo tidak gak akan mampu bersaing dgn merk lainnya",3,2025-12-20T10:38:29Z,2025-12-20T10:38:29Z,2026-09-19T00:23:14.691226+00:00,"mobil ev zaman sekarang wajib life time waranty baterai nya,kalo tidak tidak akan mampu bersaing dengan merk lainnya",,,netral,,Rule-Based,,,,
UgxridOzVnnkdIMZDDN4AaABAg,w7zLKYpCozw,0e95d41be6bc008949c16a77b98435ef1268f6ff59c767eb98d9360af790bccc,List harga donk,0,2025-12-29T16:50:37Z,2025-12-29T16:50:37Z,2026-09-19T00:23:14.691226+00:00,list harga donk,,netral,,,Rule-Based,,,,
UgzxevVdHkyLBJj_7W94AaABAg,w7zLKYpCozw,595fe3a7f547cab2c78620346a260e565507947cfc18ef409b9fa30aa0863044,"Geely Max tidak ada wireless charging dan speaker jelek banget.

Entah itu masih mobil Test Drive, tapi yg dijual apakah sama?",0,2026-01-04T14:06:23Z,2026-01-04T14:06:23Z,2026-09-19T00:23:14.691226+00:00,"geely max tidak ada wireless charging dan speaker jelek banget. entah itu masih mobil test drive, tapi yg dijual apakah sama?",negatif,,,,Rule-Based,,,,
UgxE8k8HUnODovyRRdJ4AaABAg,w7zLKYpCozw,016b42480aba5ecc0690d92bef09f1549ac841eccd78f631bfe2dd3ba8cc4930,"Harga beda tipis sama ATTO 1, TAPI soal fitur, kenyamanan, tenaga, jangkauan, suspensi, battery lifetime, interior dan exterior BEDA JAUH sieh, mending ambil Geely EX2. Di China ini juga mobil paling lari",0,2026-07-15T13:10:49Z,2026-07-15T13:10:49Z,2026-09-19T00:23:14.691226+00:00,"harga beda tipis sama atto 1, tapi soal fitur, kenyamanan, tenaga, jangkauan, suspensi, battery lifetime, interior dan exterior beda jauh sieh, lebih baik ambil geely ex2. di china ini juga mobil paling lari",,positif,positif,,Rule-Based,,,,
UgwbwLHJLOlq5OGm7fd4AaABAg,w7zLKYpCozw,4223d720ca89534e74dc0502e860c2769af1aee39509dbcfe665a0d30638f684,Detail.. tp teteeppp aja kl mobil listrik.. bagian port charging ga d notice mulu 😑,0,2025-12-28T01:00:27Z,2025-12-28T01:00:27Z,2026-09-19T00:23:14.691226+00:00,detail.. tapi teteepp aja kalau mobil listrik.. bagian port charging tidak d notice mulu 😑,netral,,,,Rule-Based,,,,
Ugyey3Y2I0MIdCgcRut4AaABAg,w7zLKYpCozw,585f7154ffc15aa73b6330a48c788c5517bb55461de236337c1b0166ecc493f4,Jangan lupa juga membuat video In Depth Tour Geely Starray EM-i yang udah final spec Om B mumpung lagi di dealer Geely.,1,2025-12-18T14:15:47Z,2025-12-18T14:15:47Z,2026-09-19T00:23:14.691226+00:00,jangan lupa juga membuat video in depth tour geely starray em-i yang udah final spec om b mumpung lagi di dealer geely.,,,,netral,Rule-Based,,,,
Ugybej8NbvaMFhRF5Rt4AaABAg,w7zLKYpCozw,e4148ab031425b076c47dac08aafce3d13e84abf1bbbb425973c0f59866a9b92,"Kurang sunroof sama armrest tengah belakang, interior black ada gak ya?",1,2025-12-18T16:24:45Z,2025-12-18T16:24:45Z,2026-09-19T00:23:14.691226+00:00,"kurang sunroof sama armrest tengah belakang, interior black ada tidak ya?",,,netral,,Rule-Based,,,,
UgyVsE9fBiCevDjWFM94AaABAg,w7zLKYpCozw,563e4949d738f1155573bd379cc90220a165e438c0a03b63e304f6a9b7ff37d5,Yang ex2 tipe max apakah bisa di ganti warna interiornya ? . Karena rata rata orng indo tak suka interior warna putih,0,2026-01-23T04:25:58Z,2026-01-23T04:25:58Z,2026-09-19T00:23:14.691226+00:00,yang ex2 tipe max apakah bisa di ganti warna interiornya ? . karena rata rata orng indo tak suka interior warna putih,,,positif,,Rule-Based,,,,
UgwVwSRWEY_l_Ed2xLR4AaABAg,w7zLKYpCozw,e6b239737f216f50bfba012c09aa4e27c4eb0c9cb5f1516bebd9d7a04d474876,"Sama J5 katanya material nya lbh bagus ini ? Bener kah om B? Dari segi ketebalan plat, sm interior. Duduk baris blakang juga lbh nyaman ini?",1,2025-12-20T01:59:48Z,2025-12-20T02:00:09Z,2026-09-19T00:23:14.691226+00:00,"sama j5 katanya material nya lbh bagus ini ? bener kah om b? dari segi ketebalan plat, sama interior. duduk baris blakang juga lbh nyaman ini?",,,positif,,Rule-Based,,,,
UgyzjY0xsiC46d8SZb94AaABAg,SQJwC-QLsRk,24689fa524e893220552ba0279fef9bc348d8b29cd7165f86b377f890654eaf5,Lagi nunggu jaecoo j5 bekas. Hemat lumayan ya kan,2,2026-04-25T12:46:29Z,2026-04-25T12:46:29Z,2026-09-19T00:23:15.005212+00:00,lagi nunggu jaecoo j5 bekas. hemat lumayan ya kan,,netral,,,Rule-Based,,,,
UgyMnU4mQsg1emMVST14AaABAg,SQJwC-QLsRk,7c0d7b48426874574f4b83cbb867f4ddd6bb36874139062b3dc6ce59fd9e0ad0,"Harusnya compare bkn sm BYD Atto 1 tp sm Wuling Cloud atau Neta V-II Krn dr segi fitur dan harga mirip""",0,2026-04-26T03:23:25Z,2026-04-26T03:23:25Z,2026-09-19T00:23:15.005212+00:00,"harusnya compare bkn sama byd atto 1 tapi sama wuling cloud atau neta v-ii karena dari segi fitur dan harga mirip""",,netral,netral,,Rule-Based,,,,
UgykekR4_u43z7XfgIp4AaABAg,SQJwC-QLsRk,67ca8973ecc0ea90b01afe0f7ae729eaf30b00f948b028e72aff16bab633091d,Minusnya jaeco sampe saat ini cuma after sales dan cs.,0,2026-04-26T15:38:15Z,2026-04-26T15:38:15Z,2026-09-19T00:23:15.005212+00:00,minusnya jaeco sampe saat ini cuma after sales dan cs.,,,,netral,Rule-Based,,,,
UgzRvkRdcce1R0M3-Up4AaABAg,ccgG2mpCIHM,8ae26104bb167d70fac6515985394834ef56a6cce90c7994f65e20ebccfcc017,Geely ex2  suwer nyaman banget & efisiensi ❤,0,2026-09-02T21:48:47Z,2026-09-02T21:48:47Z,2026-09-19T00:28:54.749870+00:00,geely ex2 suwer nyaman banget & efisiensi ❤,,,positif,,Rule-Based,,,,
Ugwnd76KlXHxMfM8Mfp4AaABAg,ccgG2mpCIHM,bf1885230be9d35fe39bec5c7f12d305c05b5dd9f4019a4d05e9b80efacc0738,"yang penting jangan pake mobil listrik pas libur panjang ke lokasi jauh dan ga bisa home charging ... soalnya masih sulit cari charging stationnya, kecuali mau nunggu berjam2",14,2026-05-13T05:53:14Z,2026-05-13T05:53:14Z,2026-09-19T00:28:54.749870+00:00,"yang penting jangan pakai mobil listrik pas libur panjang ke lokasi jauh dan tidak bisa home charging .. soalnya masih sulit cari charging stationnya, kecuali mau nunggu berjam2",netral,,,,Rule-Based,,,,
UgzbN6KU7AW0hbunwcp4AaABAg,ccgG2mpCIHM,974d8184b824ae5aedac2cda879418383c9250fbd1b50e5b3f4e789010f6a83c,"Dari harga sama ukuran aja udah keliatan beda target marketnya, jadi aneh kalau dipaksa head to head.",1,2026-05-12T12:42:30Z,2026-05-12T12:42:30Z,2026-09-19T00:28:54.749870+00:00,"dari harga sama ukuran aja udah keliatan beda target marketnya, jadi aneh kalau dipaksa head to head.",,netral,,,Rule-Based,,,,
Ugyazxh8lFjvNv6U6DN4AaABAg,ccgG2mpCIHM,511b6a05134ddf96da98da808ec5a26c1fae34ae37f383de6b88bb6f8646d19a,"Ini Part 2 Dari Video Komparasi 3 Mobil Listrik China. Di Part Terakhir, Waktunya Habiskan Baterai.",1,2026-05-04T01:12:17Z,2026-05-04T01:12:17Z,2026-09-19T00:28:54.749870+00:00,"ini part 2 dari video komparasi 3 mobil listrik china. di part terakhir, waktunya habiskan baterai.",,,netral,,Rule-Based,,,,
UgzCsrptAiI3uzt0JVF4AaABAg,ccgG2mpCIHM,81a70fe78baea1a0e1aa86b82ca933227f2af5ad953c4705824636f349ec9df7,"Kemarin sempet liat langsung EX2, ternyata build quality sama interiornya oke juga ya 👀 pantes banyak yg mulai lirik Geely sekarang",4,2026-05-12T11:34:12Z,2026-05-12T11:34:12Z,2026-09-19T00:28:54.749870+00:00,"kemarin sempet liat langsung ex2, ternyata build quality sama interiornya oke juga ya 👀 pantes banyak yg mulai lirik geely sekarang",,,netral,,Rule-Based,,,,
Ugxaod0iCyU90LPLtMx4AaABAg,ccgG2mpCIHM,9d60c94740582fe04f5cc85d6ca5597763104c4bdbeae08f7fe797ffa18b1e94,"Sistemnya lebih bagus dari limo, baterai nol masih bisa jalan pelan",1,2026-05-05T01:41:05Z,2026-05-05T01:41:05Z,2026-09-19T00:28:54.749870+00:00,"sistemnya lebih bagus dari limo, baterai nol masih bisa jalan pelan",,,positif,,Rule-Based,,,,
UgxgaqEDr5NMN3iYL3R4AaABAg,ccgG2mpCIHM,3c4f5f398c3ca4132f73511d5b101421fae2461685f41bce7f05d0d9cecf9461,Bang Karim kakinya ga sekolah jadi boros baterai 😀,2,2026-05-12T05:54:42Z,2026-05-12T05:54:42Z,2026-09-19T00:28:54.749870+00:00,bang karim kakinya tidak sekolah jadi boros baterai 😀,,,netral,,Rule-Based,,,,
UgwWV-WnMCnKkgg5WKF4AaABAg,ccgG2mpCIHM,26f4902aea0ef46984287d0624b2df4d31064805c269893c7db5b5ea48723c08,Sy suka build quality Geely EX2 ❤,8,2026-05-04T11:08:11Z,2026-05-04T11:08:11Z,2026-09-19T00:28:54.749870+00:00,sy suka build quality geely ex2 ❤,,,positif,,Rule-Based,,,,
UgxQSfFtBmcpcuxjphJ4AaABAg,ccgG2mpCIHM,a2bde72f210a8e514e577c5493c80d95a405819e3f37ad5f5a75500327347354,"Stigma baterai terkenal≠bagus
🏆 Gotion Geely: 10,15kWh/100km
🥈 BYD Blade: 10,24kWh/100km
🥉 CATL Jaecoo: 12,66kWh/100km",8,2026-05-05T16:45:54Z,2026-05-05T16:46:58Z,2026-09-19T00:28:54.749870+00:00,"stigma baterai terkenal≠bagus 🏆 gotion geely: 10,15kwh/100km 🥈 byd blade: 10,24kwh/100km 🥉 catl jaecoo: 12,66kwh/100km",,,positif,,Rule-Based,,,,
Ugw0JHRl-UdPyeWzOJJ4AaABAg,ccgG2mpCIHM,f3a1dadbebf8fea18a03004c416e9b9af3b28a1125efa93663094073965c9881,"Jarak equivalen dengan harga, 

harga atto 1 < ex2 < j5

Jarak atto 1 < ex2 < j5",5,2026-05-03T15:59:52Z,2026-05-03T15:59:52Z,2026-09-19T00:28:54.749870+00:00,"jarak equivalen dengan harga, harga atto 1 < ex2 < j5 jarak atto 1 < ex2 < j5",,netral,,,Rule-Based,,,,
UgwEjyX16ArOTVv5xhx4AaABAg,ccgG2mpCIHM,08b3ded524495d85afab196ca434128b3673686f12d006684f30d6f2fae5364c,"Beda karakter, kalau BYD Atto 1 dan Geely Ex2 mobil yang di desain sbg city car penggunaan dalam kota, mengejar efisiensi, fun to drive di perkotaan dan body yang ringkas buat manuver perkotaan, sehingga tidak memerlukan body besar, baterai besar dan motor yang besar sehingga konsumsi kwh/km efisien yang berimbas pada biaya konsumsi listrik yg lebih efisien. Kalau Jaecoo didesain sebagai compact SUV yaitu mobil yang bisa di dalam kota dan luar kota, sehingga memiliki body yang lbh besar untuk kenyamanan jarak jauh dan untuk memuat kapasitas baterai yang besar dengan motor yang besar, namun berimbas pada konsumsi listri kyg lebih besar dan berakibat pada biaya operasional yang lebih besar juga. 
Perbandingan ini tidak apple to apple juga. Secara kelas berbeda karena Atto 1 dan EX2 masuk ke kategori hatchback city car, sedangkan Jaecoo J5 masuk ke kategori compact SUV dimana disandingkan harusnya dengan sesama compact SUV yaitu Aion UT atau MG5.",19,2026-05-03T15:47:52Z,2026-05-04T00:58:12Z,2026-09-19T00:28:54.749870+00:00,"beda karakter, kalau byd atto 1 dan geely ex2 mobil yang di desain sbg city car penggunaan dalam kota, mengejar efisiensi, fun to drive di perkotaan dan body yang ringkas buat manuver perkotaan, sehingga tidak memerlukan body besar, baterai besar dan motor yang besar sehingga konsumsi kwh/km efisien yang berimbas pada biaya konsumsi listrik yg lebih efisien. kalau jaecoo didesain sebagai compact suv yaitu mobil yang bisa di dalam kota dan luar kota, sehingga memiliki body yang lbh besar untuk kenyamanan jarak jauh dan untuk memuat kapasitas baterai yang besar dengan motor yang besar, namun berimbas pada konsumsi listri kyg lebih besar dan berakibat pada biaya operasional yang lebih besar juga. perbandingan ini tidak apple to apple juga. secara kelas berbeda karena atto 1 dan ex2 masuk ke kategori hatchback city car, sedangkan jaecoo j5 masuk ke kategori compact suv dimana disandingkan harusnya dengan sesama compact suv yaitu aion ut atau mg5.",,,positif,,Rule-Based,,,,
UgyxGsm4GhWYtJHoket4AaABAg,ccgG2mpCIHM,36d701660b877fcc514f9593dbffbc5aa0f25cd5444d808b02e1c3af6a9e2ceb,Adu mah yg sama2 harganya jcoo yah lwan atton1 pasti win lah harganya juga beda jauh,1,2026-05-14T14:21:04Z,2026-05-14T14:21:04Z,2026-09-19T00:28:54.749870+00:00,adu mah yg sama2 harganya jcoo yah lwan atton1 pasti win lah harganya juga beda jauh,,netral,,,Rule-Based,,,,
UgzE87iaf4Awn2Xtpo54AaABAg,ccgG2mpCIHM,c1c26d46a4c69427d9d0ffb462918d004c175739fa8cccbc018cfcd83c3498f6,"Baterai, Power & Reduction Gear pengaruh pada efficiency di kec tertentu:

EX2 40.8kWh 386V
Torsi 150NM, Power 85kW

Atto 1 38.8kWh 288V
Torsi 135NM, Power 55kW

J5 60kWh 360.2V
Torsi 288NM, Power 155kW

Dari perkalian torsi vs Power:
Atto 1 boros di tol, karna incer torsi bawah, kemungkinan efisien di kec bawah, klaim 380km berkurang sedikit di highway.

EX2 lebih efisien di tol, kombinasi power besar tapi torsi ga terlalu besar, hasilnya mgkin efisien di kec menengah atas.

J5 motor power besar, torsi mengimbangi besar nya, tetap power besar makan listrik lebih gede, hasil nya lumayan boros, walau jarak lebih jauh sedikit, padahal baterai lebih besar 47% sampai 52% dr pada kedua mobil 😅",17,2026-05-03T19:59:47Z,2026-05-04T06:19:12Z,2026-09-19T00:28:54.749870+00:00,"baterai, power & reduction gear pengaruh pada efficiency di kec tertentu: ex2 40.8kwh 386v torsi 150nm, power 85kw atto 1 38.8kwh 288v torsi 135nm, power 55kw j5 60kwh 360.2v torsi 288nm, power 155kw dari perkalian torsi vs power: atto 1 boros di tol, karna incer torsi bawah, kemungkinan efisien di kec bawah, klaim 380km berkurang sedikit di highway. ex2 lebih efisien di tol, kombinasi power besar tapi torsi tidak terlalu besar, hasilnya mgkin efisien di kec menengah atas. j5 motor power besar, torsi mengimbangi besar nya, tetap power besar makan listrik lebih gede, hasil nya lumayan boros, walau jarak lebih jauh sedikit, padahal baterai lebih besar 47% sampai 52% dari pada kedua mobil 😅",,,netral,,Rule-Based,,,,
Ugy8U89E7L0JTrZ4d4Z4AaABAg,ccgG2mpCIHM,64caa548ea3e25cae0921537441d87a5b9e9e63d6a6a33856a38d87282468fe4,"Kalo dari suspensi duduk di bangku belakang, yang manakah paling nyaman dari ke3 mobil ini?",1,2026-05-28T04:20:33Z,2026-05-28T04:20:33Z,2026-09-19T00:28:54.749870+00:00,"kalo dari suspensi duduk di bangku belakang, yang manakah paling nyaman dari ke3 mobil ini?",,,positif,,Rule-Based,,,,
UgxbkBYXHV5R0reYWR54AaABAg,ccgG2mpCIHM,4099323265f68166d9d2f57bd8bae24d050c995e0346c16891d91b4d57bf67d1,Ex 2 suspensinya bikin mual gak untuk penumpangnya Om ?,1,2026-05-03T16:23:40Z,2026-05-03T16:23:40Z,2026-09-19T00:28:54.749870+00:00,ex 2 suspensinya bikin mual tidak untuk penumpangnya om ?,,,netral,,Rule-Based,,,,
UgxdpAEIWkSOdf9CnOp4AaABAg,SQJwC-QLsRk,6c67433d2e4f63af2bce735a2bfc016f24bd65079f91cc3504797632ab536eb1,Ex2 yang paling nanggung. Tolong geely pepetin lagi harga atto 1 biar makin laku.,1,2026-04-27T01:58:45Z,2026-04-27T01:58:45Z,2026-09-19T00:23:15.005212+00:00,ex2 yang paling nanggung. tolong geely pepetin lagi harga atto 1 biar makin laku.,,netral,,,Rule-Based,,,,
UgxqEfZi2XYYJ4UWBIN4AaABAg,ccgG2mpCIHM,12eec9df2ba29fb67db78e92bc14e9f9e513520494e7d84035a5e996712b17b7,Dari 3 mobil ini ada yg garansi baterainya lifetime ga?,1,2026-05-04T23:32:46Z,2026-05-04T23:32:46Z,2026-09-19T00:28:54.749870+00:00,dari 3 mobil ini ada yg garansi baterainya lifetime ga?,,netral,netral,,Rule-Based,,,,
UgyVKbbSQvogRFSBYnx4AaABAg,ccgG2mpCIHM,e9c462db7242c1789de8c4e4409d6a0b8446c6868df3c79fe0bb32d994d828bc,TRST BATREY SAMPAI MATI DI JALAN PEGUNUNGAN YANG TANJAKAN EXTREM SAMPAI MATI BATREY NYA BRO ❤❤❤,0,2026-06-18T17:48:25Z,2026-06-18T17:48:25Z,2026-09-19T00:28:54.749870+00:00,trst batrey sampai mati di jalan pegunungan yang tanjakan extrem sampai mati batrey nya bro ❤❤,,,netral,,Rule-Based,,,,
UgzI1CHciPe6_jc0dZh4AaABAg,ccgG2mpCIHM,e9c462db7242c1789de8c4e4409d6a0b8446c6868df3c79fe0bb32d994d828bc,"Test Batrey Sampai Mati

1.Jaeco J5 real test jalan DATAR 373 KM

2. Atto 1 real test jalan DATAR
Claim = 380 km
Real test =

3. Gelly EX2 test Jalan DATAR
claim = 395 KM

❤COBA DI TEST JALAN NANJAK NAIK TURUN FULL EXTREM KAYAK KE DIENG❤

CLAIM J5 DATAR = 375 km
TEST JALAN NANJAK =??????

CLAIM ATTO 1 DATAR = 380
TEST JALAN NANJAK =??????

CLAIM GELLY EX2 DATAR = 395
TEST JALAN NANJAK =??????",0,2026-06-18T17:42:43Z,2026-06-18T17:42:43Z,2026-09-19T00:28:54.749870+00:00,test batrey sampai mati 1.jaeco j5 real test jalan datar 373 km 2. atto 1 real test jalan datar claim = 380 km real test = 3. gelly ex2 test jalan datar claim = 395 km ❤coba di test jalan nanjak naik turun full extrem kayak ke dieng❤ claim j5 datar = 375 km test jalan nanjak =?? claim atto 1 datar = 380 test jalan nanjak =?? claim gelly ex2 datar = 395 test jalan nanjak =??,,,netral,,Rule-Based,,,,
Ugwz3l8N7YWq_cMP74B4AaABAg,ccgG2mpCIHM,d8070ad5d3a6c22c4a0809cf69cf44e7333bf3e43b462adf3dea211b9f4be4c7,"J5 harga 310jt kejauhan kak,  ex2 dan atto-1 prem under 250jt, harusnya jangan j5 tapi binguo pas promo juga 250jt jadi harga dan bentuk serupa. eh mungkin disponsori jaecoo ya.",0,2026-08-10T12:46:54Z,2026-08-10T12:46:54Z,2026-09-19T00:28:55.390869+00:00,"j5 harga 310jt kejauhan kak, ex2 dan atto-1 prem under 250jt, harusnya jangan j5 tapi binguo pas promo juga 250jt jadi harga dan bentuk serupa. eh mungkin disponsori jaecoo ya.",,netral,netral,,Rule-Based,,,,
UgwHd-qAe4llB2uI57V4AaABAg,ccgG2mpCIHM,225d9220802fc7b48296457123f74ba593a692342773a7c2996d7e19f4090f0f,21:48 kok bs seirit itu ya mas ? AC nya buka tidak ?,0,2026-08-18T17:06:25Z,2026-08-18T17:06:25Z,2026-09-19T00:28:55.390869+00:00,21:48 kok bs seirit itu ya mas ? ac nya buka tidak ?,,positif,,,Rule-Based,,,,
UgwEJbxp5bvbCDneSYt4AaABAg,ccgG2mpCIHM,26e741e1edb84971d2d9b9f2a304c2e88dd72773087a06abd223ec84eb36c3fe,"Geely EX2 dengan Lebar 1805mm dan lebar ban 205mm, masih bisa lebih irit konsumsi nya, coba kalo Mesin nya Geely di pasang di Atto 1 dengan lebar 1715mm dan lebar ban 185mm, berarti bisa irit lebih jauh lagi. klo dibalik mesinnya Atto 1 dipake ke Body Geely tambah boros lagi dong?! 

emng Geely dr Hybrid hingga EV nya klo diperhatikan, paling hemat diantara brand lainnya, apa lagi bsk M7 M9 masuk dgn thermal Efficiency hampir 49%, rekor dunia lo, coba cek",10,2026-05-03T19:30:39Z,2026-05-03T19:30:39Z,2026-09-19T00:28:55.390869+00:00,"geely ex2 dengan lebar 1805mm dan lebar ban 205mm, masih bisa lebih irit konsumsi nya, coba kalo mesin nya geely di pasang di atto 1 dengan lebar 1715mm dan lebar ban 185mm, berarti bisa irit lebih jauh lagi. kalau dibalik mesinnya atto 1 dipake ke body geely tambah boros lagi dong?! emng geely dari hybrid hingga ev nya kalau diperhatikan, paling hemat diantara brand lainnya, apa lagi bsk m7 m9 masuk dengan thermal efficiency hampir 49%, rekor dunia lo, coba cek",,positif,,,Rule-Based,,,,
UgwUuFD_jTEw5x0e2t14AaABAg,ccgG2mpCIHM,51a502205602ddba3393a33d6b1fc9c09275a37a7a8ccc881a6823b708837ab9,Dengan jarak tempuh tsb..ditempuh dengan kecepatan kendaraan brp? tidak dijelaskan secara detail...krn naik mobil listrik ngak terasa.....,0,2026-08-03T09:09:35Z,2026-08-03T09:09:35Z,2026-09-19T00:28:55.390869+00:00,dengan jarak tempuh tsb..ditempuh dengan kecepatan kendaraan brp? tidak dijelaskan secara detail..krn naik mobil listrik ngak terasa..,netral,,,,Rule-Based,,,,
UgwkLJ93fcBUI1WeM_R4AaABAg,ccgG2mpCIHM,b1de85a666d3b290cc5945fdb387922e3c06f184d6ab2947aa6593a397849f57,"geely ngirit sih, tapi jijik bener desainnya",0,2026-05-04T04:24:04Z,2026-05-04T04:24:04Z,2026-09-19T00:28:55.390869+00:00,"geely ngirit sih, tapi jijik bener desainnya",,positif,,,Rule-Based,,,,
UgwQV46CMalL0A-Si1d4AaABAg,ccgG2mpCIHM,671b9ff4db07eb48ef1aa3dd6ed8864de59d153e4fdc61c3177934bdd592e5a5,Harusnya d tes skalian isi spklu masing2 habisny brp kwh bayarnya,0,2026-05-05T14:29:12Z,2026-05-05T14:29:12Z,2026-09-19T00:28:55.390869+00:00,harusnya d tes skalian isi stasiun pengisian kendaraan listrik umum masing2 habisny brp kwh bayarnya,netral,,,,Rule-Based,,,,
UgxKT7zaxF6RfL3FqUx4AaABAg,ccgG2mpCIHM,e6c9df1b082b83a825dba816e6950a390cfc96ae33786669b1b75ae91dfe768a,coba uji komparasi after sales service mobcin dan mopang,0,2026-05-04T00:45:30Z,2026-05-04T00:45:30Z,2026-09-19T00:28:55.390869+00:00,coba uji komparasi after sales service mobcin dan mopang,,,,netral,Rule-Based,,,,
UgzkTD9ezHzuIo2loVh4AaABAg,ccgG2mpCIHM,b2fdc0fc6a4b424adac6224ae7631234a94694f690647767445bc47c1fe2fc29,"Sbg pemake atto1 premium, ni mobil enak bgt handlingnya. Andai motor listriknya lbh kuat, makin enak d buat narik ke speed atas. Motor listrik skrg enaknya cm ampe 60-70 kmh aja k atas itu ud rada berat meski bs ampe 120 kmh.",0,2026-05-05T10:11:48Z,2026-05-05T10:11:48Z,2026-09-19T00:28:55.390869+00:00,"sbg pemake atto1 premium, ni mobil enak banget handlingnya. andai motor listriknya lbh kuat, makin enak d buat narik ke speed atas. motor listrik skrg enaknya cm ampe 60-70 kmh aja k atas itu ud rada berat meski bs ampe 120 kmh.",,,netral,,Rule-Based,,,,
UgyQo0SS3KPDUVxsgBp4AaABAg,ccgG2mpCIHM,e927491600ffa4b376452d3489c35868d0decd84bb2ccd7768ed67fc16e23d62,"Coba atto 1 Dynamic abis di berapa km dibanding klaim?... Kalo yg sy rasakan di atto 1 memang di tol boros batere, dibanding jalur biasa seperti misal jalur Bandung-Tasik jalan berkelok-kelok pegunungan naik turunan panjang ada generatif braking lumayan irit tuh di atto1 bisa melebihi klaim",0,2026-05-03T21:03:01Z,2026-05-03T21:03:01Z,2026-09-19T00:28:55.390869+00:00,"coba atto 1 dynamic abis di berapa km dibanding klaim?.. kalo yg sy rasakan di atto 1 memang di tol boros batere, dibanding jalur biasa seperti misal jalur bandung-tasik jalan berkelok-kelok pegunungan naik turunan panjang ada generatif braking lumayan irit tuh di atto1 bisa melebihi klaim",,positif,,,Rule-Based,,,,
UgyMAeqFAy13-1zStkB4AaABAg,ccgG2mpCIHM,80989311e691f57095a3663e8fc24f46a676a404150441d659628ad13b54cc97,"Buat yg ngitung2 batre vs torsi motor dll, perlu diketahui bahwa torsi dan size motor tidak terlalu berdampak pada range dan efisiensi.. Karena mobil listrik itu sangat efisien dalam menggunakan tenaga, ga kyk bensin yang size mesinnya ngaruh ke penggunaan tenaga. EV itu mesin ga korelasi dengan efisiensi selama dibawanya disekolahin kakinya. Yg pengaruh bgt terhadap efisiensi itu BERAT MOBIL, jadi J5 dikasi motor atto 1 akan tetep boros",0,2026-05-04T01:57:34Z,2026-05-04T01:57:34Z,2026-09-19T00:28:55.390869+00:00,"buat yg ngitung2 baterai vs torsi motor dll, perlu diketahui bahwa torsi dan size motor tidak terlalu berdampak pada range dan efisiensi.. karena mobil listrik itu sangat efisien dalam menggunakan tenaga, tidak kyk bensin yang size mesinnya ngaruh ke penggunaan tenaga. ev itu mesin tidak korelasi dengan efisiensi selama dibawanya disekolahin kakinya. yg pengaruh banget terhadap efisiensi itu berat mobil, jadi j5 dikasi motor atto 1 akan tetep boros",,,netral,,Rule-Based,,,,
Ugx_H5X_xb7eQbODWJ94AaABAg,ccgG2mpCIHM,1ffdd7b71d8b758ba2fda70c8489c5f6f1ac50efa1cd48b3043031f7decb71d5,"Jaecoo J5 emang value nya terbaik, spek nya lebih dekat ke Atto3/EX5 tapi harga lebih dekat Atto1/EX2",31,2026-05-04T05:24:53Z,2026-05-04T05:24:53Z,2026-09-19T00:28:54.749870+00:00,"jaecoo j5 emang value nya terbaik, spek nya lebih dekat ke atto3/ex5 tapi harga lebih dekat atto1/ex2",,netral,,,Rule-Based,,,,
UgyEf0GuDgisFoGCq0F4AaABAg,ccgG2mpCIHM,a819a1fed254a8a392e11abe702489e1d881111dae289f68af3e69375acecea8,"Wajar sih jeacoo J5 menang, karena harganya paling mahal di bandingkan geely ex2 dan byd atto 1",2,2026-05-14T05:05:55Z,2026-05-14T05:05:55Z,2026-09-19T00:28:54.749870+00:00,"wajar sih jeacoo j5 menang, karena harganya paling mahal di bandingkan geely ex2 dan byd atto 1",,negatif,,,Rule-Based,,,,
Ugw68fzFM5jGESkNmPd4AaABAg,ccgG2mpCIHM,6410ef0cb6854de61034d5d41716b7af081a6f68822e562dc33508b5330c1d03,"Ini baru jelas ....bukan cerita kwah ini itu tp jarak tempuh....
Mksh admin.....sehat selalu dan sukses",40,2026-05-04T02:41:48Z,2026-05-04T02:41:48Z,2026-09-19T00:28:54.749870+00:00,ini baru jelas ..bukan cerita kwah ini itu tapi jarak tempuh.. mksh admin..sehat selalu dan sukses,netral,,,,Rule-Based,,,,
UgykVDbzA3iQ6dmWcnd4AaABAg,ccgG2mpCIHM,38cdad50826d9d41443a2c869d43213aff7e0767fef308d3d8c3935b27c93297,"Gelly ex2 cek bioku yu, cocok untuk didalam Jakarta Kota, bogor bandung masih oke, ke Jawa pasti ngecas 1 x 🔥",8,2026-05-03T16:33:09Z,2026-05-03T16:33:09Z,2026-09-19T00:28:54.749870+00:00,"gelly ex2 cek bioku yu, cocok untuk didalam jakarta kota, bogor bandung masih oke, ke jawa pasti mengisi daya 1 x 🔥",netral,,,,Rule-Based,,,,
Ugyrz5irgMNnKIN4Aop4AaABAg,SQJwC-QLsRk,39ef4a578e573a0f61688d2e9816f0e987464fab154e331aa104c3abbebc7e54,"Cherry qq3 ev launching Juni,waduh atto1 bakal di babat dengan harga lebih murah",0,2026-05-04T13:53:20Z,2026-05-04T13:53:20Z,2026-09-19T00:23:15.005212+00:00,"cherry qq3 ev launching juni,waduh atto1 bakal di babat dengan harga lebih murah",,positif,,,Rule-Based,,,,
UgzpOWBTubvPNzgjGTp4AaABAg,SQJwC-QLsRk,5f5c97ecb84f9bfccbf42b1431fd5a818337f378c568d7919f677d4c60a7883a,Sekarang bulan september jaecoo j5 harganya 342jt,0,2026-09-13T10:47:00Z,2026-09-13T10:47:00Z,2026-09-19T00:23:15.005212+00:00,sekarang bulan september jaecoo j5 harganya 342jt,,netral,,,Rule-Based,,,,
UgwZffTx9tGSskOJMUx4AaABAg,SQJwC-QLsRk,1d291eb512184db550d1e3c87f1216324caf42dd9f7a87bf2958e4f026dff56c,"Bingung juga pilih mobil listrik, kalau dibawa keluar kota, apalagi kalau minim infrastruktur, waktunya mau ngecas yg ada SPBU tanpa fasilitas ngecas..terpaksa kalau mogok ya ditarik delman wae 😂",0,2026-04-27T07:37:45Z,2026-04-27T07:37:45Z,2026-09-19T00:23:15.005212+00:00,"bingung juga pilih mobil listrik, kalau dibawa keluar kota, apalagi kalau minim infrastruktur, waktunya mau mengisi daya yg ada spbu tanpa fasilitas ngecas..terpaksa kalau mogok ya ditarik delman wae 😂",netral,,,,Rule-Based,,,,
UgxwA4a0AoD3mxhxaJ94AaABAg,SQJwC-QLsRk,888f5aea6bdc7958c4fe71f6473f5dccf84088157170e95a806e98cdea379976,Buat yg mikir2. Gw tdnya mau bgt beli jaecoo j5. On paper bener2 unggul. Sayangnya gw dan keluarga berasa geely ex2 jauh lbh nyaman.,18,2026-04-25T11:16:41Z,2026-04-25T11:18:15Z,2026-09-19T00:23:15.005212+00:00,buat yg mikir2. gw tdnya mau banget beli jaecoo j5. on paper bener2 unggul. sayangnya gw dan keluarga berasa geely ex2 jauh lbh nyaman.,,,positif,,Rule-Based,,,,
UgwS5WoUwl7Pm0yFMit4AaABAg,SQJwC-QLsRk,b67cf8d47212a46fddf83c7d68ee3afc7cdf2e5cb9cc37f4291932b562d7a071,"BYD ATTO 1 Premium: City Car EV, easy to daily use, big battery with more range
.
Geely EX2 : Sub Compact Hatchback EV, more battery capasity + more range, larger than City Car, more space more roomy and practicaly
.
Jaecoo J5 : Compact SUV crossover EV, All-rounder daily or roadtrip vehicle. Big Baterry for Compact SUV EV around IDR 300mio",0,2026-05-04T14:36:07Z,2026-05-04T14:36:34Z,2026-09-19T00:23:15.005212+00:00,"byd atto 1 premium: city car ev, easy to daily use, big battery with more range . geely ex2 : sub compact hatchback ev, more battery capasity + more range, larger than city car, more space more roomy and practicaly . jaecoo j5 : compact suv crossover ev, all-rounder daily or roadtrip vehicle. big baterry for compact suv ev around idr 300mio",,,netral,,Rule-Based,,,,
UgzRXp_Y7127V7nGNWl4AaABAg,SQJwC-QLsRk,bb1776f2fee26f0d14c3973732d56a97f15ad52c745e7064056d0a17db0ef4e7,"nanti kl Jaecoo ngeluarin J3 mungkin size lebih pas untuk dikomparasi, kl J5 seperti kegedean n kemahalan kl dikompare sm 2 mobil itu",0,2026-04-29T06:03:54Z,2026-04-29T06:03:54Z,2026-09-19T00:23:15.005212+00:00,"nanti kalau jaecoo ngeluarin j3 mungkin size lebih pas untuk dikomparasi, kalau j5 seperti kegedean n kemahalan kalau dikompare sama 2 mobil itu",,negatif,,,Rule-Based,,,,
UgzUH5vDEwvv-sgEFI14AaABAg,SQJwC-QLsRk,b38ee4aac829a921348ffb91169de271e89ce21687470d340d4965040e628473,Batre batrenya bukannya pada pake lfp ya? Kok ditulis li ion?!,0,2026-04-26T04:00:45Z,2026-04-26T04:00:45Z,2026-09-19T00:23:15.005212+00:00,baterai batrenya bukannya pada pakai lfp ya? kok ditulis li ion?!,,,netral,,Rule-Based,,,,
Ugx6BzBOvyAms8KyiCJ4AaABAg,SQJwC-QLsRk,881d2e415f106fb34fcb524cf24717a5dcd1a212d6833a29055073f814b38f7b,"Pendapat pribadi kalau tinggal/sering potensi banjir paling tepat jaecoo j5.
Nyari nyaman dan aman untuk perjalanan jauh cari batre yang besar jaecoo j5.
Nyari yang paling gagah tetep jaecoo j5 dan bisa bawa keluarga dengan posisi kaki yang enak.",2,2026-04-28T00:06:42Z,2026-04-28T00:06:42Z,2026-09-19T00:23:15.652276+00:00,pendapat pribadi kalau tinggal/sering potensi banjir paling tepat jaecoo j5. nyari nyaman dan aman untuk perjalanan jauh cari baterai yang besar jaecoo j5. nyari yang paling gagah tetep jaecoo j5 dan bisa bawa keluarga dengan posisi kaki yang enak.,,,positif,,Rule-Based,,,,
UgyDWThNxkRPrZ2J9i54AaABAg,SQJwC-QLsRk,a1955c893e37e984147ecff6db82330a87ef21e75260c279a9e394214e268286,Jangan lupa om di spill juga pajak terupdate untuk mobil listrik...wkwkwkwkwkwwk,0,2026-04-25T16:45:31Z,2026-04-25T16:45:31Z,2026-09-19T00:23:15.652276+00:00,jangan lupa om di spill juga pajak terupdate untuk mobil listrik..wkwkwkwkwkwwk,,netral,,,Rule-Based,,,,
UgyDhgqbBq0nsKT_f8R4AaABAg,SQJwC-QLsRk,8388b7350b5261d7c5be2dfea33dfe967be98eab7c8e1c95ee47cf178bda252d,"J5 yg digunakan utk komparasi yg Rp250.000.000 dong, yg standard, supaya komparasinya apple to apple, komparasi ev kisaran Rp250.000.000

Jadi J5 yg standard bisa dijadikan benchmark😊. 

Oleh karenanya ev yg proper utk harga Rp 250jt powernya harus di atas 200hp dg range di atas 450km 😊😊. 

Sehingga ev seharga Rp 500jt powernya harus 400hp atau lebih dg range 900km atau lebih😊. Dst dstnya.😊.",0,2026-04-26T06:10:28Z,2026-04-26T06:22:24Z,2026-09-19T00:23:15.652276+00:00,"j5 yg digunakan untuk komparasi yg rp250.00.00 dong, yg standard, supaya komparasinya apple to apple, komparasi ev kisaran rp250.00.00 jadi j5 yg standard bisa dijadikan benchmark😊. oleh karenanya ev yg proper untuk harga rp 250jt powernya harus di atas 200hp dg range di atas 450km 😊😊. sehingga ev seharga rp 500jt powernya harus 400hp atau lebih dg range 900km atau lebih😊. dst dstnya.😊.",,netral,,,Rule-Based,,,,
UgyKpKk6kEuTYL0_CsV4AaABAg,SQJwC-QLsRk,284d1b819b14ed6e33fdff0afcb8e6e430a757244489a2bbddeea50466cb82e0,J5 paling anomali daei segi harga,1,2026-04-26T00:52:15Z,2026-04-26T00:52:15Z,2026-09-19T00:23:15.652276+00:00,j5 paling anomali daei segi harga,,netral,,,Rule-Based,,,,
UgzFO1GKQ0DTq83iqbZ4AaABAg,SQJwC-QLsRk,dc7f6a585c75ada18052b49dff45a56c763daf1c914194b4031fdf9b5bfbe881,"gue yakin harga second unit jaecoo j5 paling stabil, soalnya harga barunya aja udah Murmer, bahkan mungkin banyak yang gak mau jual karena sayang 😅",1,2026-04-25T22:53:59Z,2026-04-25T22:53:59Z,2026-09-19T00:23:15.652276+00:00,"gue yakin harga bekas unit jaecoo j5 paling stabil, soalnya harga barunya aja udah murmer, bahkan mungkin banyak yang tidak mau jual karena sayang 😅",,netral,,,Rule-Based,,,,
Ugwl4vdkW2si-WuLEIx4AaABAg,SQJwC-QLsRk,1bbd635c2e7a79a8bf72cfc52eb8bc4745bb44238f042fd23ee091479212d067,"pajak jadi mahal kah mobil listrik, mending bensin ato solar. karna batrei bisa lemah.",0,2026-04-27T08:42:05Z,2026-04-27T08:42:05Z,2026-09-19T00:23:15.652276+00:00,"pajak jadi mahal kah mobil listrik, lebih baik bensin ato solar. karna baterai bisa lemah.",,negatif,negatif,,Rule-Based,,,,
Ugwav80qSzDtKx0uCz14AaABAg,SQJwC-QLsRk,9cfc9b6574a94cb8e876de3ad72eb28024c0c981beb34e40af6c470b6096cb37,Emg sanggup bayar pajak? Ato daerahmu pajaknya murah dr papanja,0,2026-04-25T13:03:57Z,2026-04-25T13:03:57Z,2026-09-19T00:23:15.652276+00:00,emg sanggup bayar pajak? ato daerahmu pajaknya murah dari papanja,,positif,,,Rule-Based,,,,
Ugxj0ui2awVFnH1Alq14AaABAg,SQJwC-QLsRk,af2f4f332c48d0e32f88ec955029fcbe625ef8d58973807282131251ce3bb63c,"Fitur pengen kayak jaecoo j5, tampilan geely ex2, tp compact kayak byd atto 1 ga ada ya?😂

Mau spk maju mundur gegara ukuran geely ex2 yg ternyata ga sekecil yg dibilang orang2.",0,2026-05-14T10:57:47Z,2026-05-14T10:57:47Z,2026-09-19T00:23:15.653310+00:00,"fitur pengen kayak jaecoo j5, tampilan geely ex2, tapi compact kayak byd atto 1 tidak ada ya?😂 mau spk maju mundur gegara ukuran geely ex2 yg ternyata tidak sekecil yg dibilang orang2.",,,netral,,Rule-Based,,,,
UgzGm3HtSWbgYn-k2gx4AaABAg,SQJwC-QLsRk,41054d7ba088b7c5a8e6762fe379cbfbfdb0c536d986e2ed35d6484ae571de98,"Lah ini mah maksa banget dibandingin 😅 EX2 itu sekelas sama Atto1, bukan sama J5. J5 udah beda segment dari dimensi sama harga juga",0,2026-05-12T11:41:31Z,2026-05-12T11:41:31Z,2026-09-19T00:23:15.653310+00:00,"lah ini mah maksa banget dibandingin 😅 ex2 itu sekelas sama atto1, bukan sama j5. j5 udah beda segment dari dimensi sama harga juga",,netral,,,Rule-Based,,,,
UgyggWnREFUP5MuCU9d4AaABAg,SQJwC-QLsRk,191518199891518aef4c875cab5f67556369944533d76010f700b16e5a4ed064,Ga nyesel beli EX2 karena dipakai perjalanan jauh nyaman dan tangguh. harga juga lebih bersahabat,0,2026-05-12T11:52:53Z,2026-05-12T11:52:53Z,2026-09-19T00:23:15.653310+00:00,tidak nyesel beli ex2 karena dipakai perjalanan jauh nyaman dan tangguh. harga juga lebih bersahabat,,positif,positif,,Rule-Based,,,,
Ugz9awOaaCPg4Ye7MMF4AaABAg,SQJwC-QLsRk,860b19b542837c1c346581863c95213b66600359b533fa918a52cbc65d723d80,"segmen range harga ini menarik sih, bahkan dengan peraturan pajak baru buat ev, itungannya masih 11 12 kaya pelihara matic premium 150cc",1,2026-04-25T10:19:39Z,2026-04-25T10:19:39Z,2026-09-19T00:23:15.653310+00:00,"segmen range harga ini menarik sih, bahkan dengan peraturan pajak baru buat ev, itungannya masih 11 12 kaya pelihara matic premium 150cc",,netral,netral,,Rule-Based,,,,
Ugw6x9UTQpUlDlwTgS94AaABAg,SQJwC-QLsRk,2474daa27285fc881d82e440efd733ad4ba559417e8a0a39cabc305f3d5a70c9,cocok dengan harganya ...,0,2026-04-26T01:19:22Z,2026-04-26T01:19:22Z,2026-09-19T00:23:15.653310+00:00,cocok dengan harganya ..,,netral,,,Rule-Based,,,,
Ugw0wW88MMrJTPKcFot4AaABAg,SQJwC-QLsRk,f642c71cb5695acf5f6fcfb249841282dcb5ea863a1cd15e4c62ab7e1bb7b74e,"Mungkin baik jika komparasi mobilnya yg Harganya hampir sama, kalau jaecoo 5 yg standar, geely x2 pro dan byd atto 1 premium...",1,2026-04-26T03:49:17Z,2026-04-26T03:49:17Z,2026-09-19T00:23:15.653310+00:00,"mungkin baik jika komparasi mobilnya yg harganya hampir sama, kalau jaecoo 5 yg standar, geely x2 pro dan byd atto 1 premium..",,netral,netral,,Rule-Based,,,,
UgwgSaML95LgWH2mHMp4AaABAg,SQJwC-QLsRk,4df75ad5a61a7db22216ff36c2b1b7d4717165d984c7c4935ed5b64a21ebbeec,"Saya tidak keberatan kalau Jaecoo merilis trim 'hedon' untuk J5, misal J5T dengan bumper ala range rover, ban Continental dengan velg 19"", fungsi pijat dan lumbar untuk 2 kursi depan, serta instrument panel lcd yang proper. 

Dengan base harga yang super rendah, menurut saya 350jt bisa banget untuk semua tambahan tersebut",0,2026-04-25T23:58:25Z,2026-04-25T23:58:25Z,2026-09-19T00:23:15.653310+00:00,"saya tidak keberatan kalau jaecoo merilis trim 'hedon' untuk j5, misal j5t dengan bumper ala range rover, ban continental dengan velg 19"", fungsi pijat dan lumbar untuk 2 kursi depan, serta instrument panel lcd yang proper. dengan base harga yang super rendah, menurut saya 350jt bisa banget untuk semua tambahan tersebut",,netral,,,Rule-Based,,,,
Ugzl6UhfNeGn7Itt8iF4AaABAg,SQJwC-QLsRk,9e0dd594c4f6864a2ed685666fa45772d1cb136c5ad3ea8333bde6ec430daa7b,"Sayang aion UT ga masuk padahal termasuk EV yang ternyaman di kelasnya.
Binguo EV juga bagus, pabrik, dealer, servis center terbanyak di indonesia.
MGS5 EV juga bagus dia saudara sepupu wuling, Satu induk SAIC. Joint Venture: merk  VW, GM, 
, Škoda, Audi, Buick, Chevrolet, dan Cadillac.",4,2026-04-26T01:48:14Z,2026-04-26T02:04:23Z,2026-09-19T00:23:15.653310+00:00,"sayang aion ut tidak masuk padahal termasuk ev yang ternyaman di kelasnya. binguo ev juga bagus, pabrik, dealer, servis center terbanyak di indonesia. mgs5 ev juga bagus dia saudara sepupu wuling, satu induk saic. joint venture: merk vw, gm, , škoda, audi, buick, chevrolet, dan cadillac.",,,positif,positif,Rule-Based,,,,
Ugy62BM0zimk2E3XvuZ4AaABAg,SQJwC-QLsRk,8ac09f5d4eae6d9602089c041f9f8b210cea3a4d6f495691d98d65465287cd24,"Mau tanya dong bagi yg punya pengalaman atau yg bisa jawab. Saya bingung sama hitung2an PLN Mobile.

Saya ngecas Atto 1 Premium ( 38.88 kWh = 100% )
Saya ngecas kondisi mobil mati, sisa batre yg tertera 38 %. Saya memilih ngecas 20 kWh, setelah selesai ngecas koq hanya dapat 82%? 
Bagaimana cara perhitungannya bisa hanya dapat 82%?

Logika saya:
jika 100% = 38.88 kWh
Sisa 38% = 14.77 kWh
Untuk mencapai 100% maka saya perlu 38.88 - 14.77  = 24.10 kWh saja

Karena pilihan PLN Mobile ada 20 kWh, 30 kWh dst.. saya memilih 20 kWh supaya pengembalian dan ga banyak.

Tetapi koq malah hanya dapat 82%?",0,2026-04-25T14:22:40Z,2026-04-25T14:22:40Z,2026-09-19T00:23:15.653310+00:00,"mau tanya dong bagi yg punya pengalaman atau yg bisa jawab. saya bingung sama hitung2an pln mobile. saya mengisi daya atto 1 premium ( 38.88 kwh = 100% ) saya mengisi daya kondisi mobil mati, sisa baterai yg tertera 38 %. saya memilih mengisi daya 20 kwh, setelah selesai mengisi daya koq hanya dapat 82%? bagaimana cara perhitungannya bisa hanya dapat 82%? logika saya: jika 100% = 38.88 kwh sisa 38% = 14.77 kwh untuk mencapai 100% maka saya perlu 38.88 - 14.77 = 24.10 kwh saja karena pilihan pln mobile ada 20 kwh, 30 kwh dst.. saya memilih 20 kwh supaya pengembalian dan tidak banyak. tetapi koq malah hanya dapat 82%?",netral,,netral,,Rule-Based,,,,
UgyEyBwMTymjf7WRYBd4AaABAg,SQJwC-QLsRk,b77de4f2b7a3ee3c6e83d7dfe7f564f5a1572f406fcb7a9fc198cc42ad2ccf88,"Gue juga sempet liat ke dealer, J5 yang spek atas aja susah, harga juga udah naik lumayan, makin keliatan ini bukan lawan sekelas sih sama Atto1 atau EX2",0,2026-05-12T11:19:04Z,2026-05-12T11:19:04Z,2026-09-19T00:23:15.653310+00:00,"gue juga sempet liat ke dealer, j5 yang spek atas aja susah, harga juga udah naik lumayan, makin keliatan ini bukan lawan sekelas sih sama atto1 atau ex2",,negatif,,negatif,Rule-Based,,,,
UgzgpIOy3IvetBQEJ_l4AaABAg,ccgG2mpCIHM,12c6013e1bb33d61b893fa79ca0ae5d1c484b11e497de2f3248c27d8b9f72135,Mantap ini yang ditunggu2.... Nextnya boleh request untuk komparasi jarak tempuh antara BYD M6 sama Wuling Darion? Penasaran dengan pertempuran MPV 7 Seater EV 400an jutaan...,3,2026-05-04T04:19:50Z,2026-05-04T04:19:50Z,2026-09-19T00:28:54.749870+00:00,bagus ini yang ditunggu2.. nextnya boleh request untuk komparasi jarak tempuh antara byd m6 sama wuling darion? penasaran dengan pertempuran mpv 7 seater ev 400an jutaan..,positif,,,,Rule-Based,,,,
UgyvJiFyD0ho8SjGygN4AaABAg,ccgG2mpCIHM,7b03478c9c4a4d1d48eb0c5c102d99e4cb27701d4d6c03104e934e06e7119c29,"Kalau buat daily use dan city car, EX2 menurutku udah paling pas. Dimensi oke, fitur dapet, harganya juga masih masuk akal 👌",4,2026-05-12T11:37:24Z,2026-05-12T11:37:24Z,2026-09-19T00:28:54.749870+00:00,"kalau buat daily use dan city car, ex2 menurutku udah paling pas. dimensi oke, fitur dapet, harganya juga masih masuk akal 👌",,netral,netral,,Rule-Based,,,,
UgycafSrJTlqsfYjkZZ4AaABAg,ccgG2mpCIHM,ce912880c4511ecac71fdc62a0da8f34cebd1c26ba359ebe775ff995128d0369,"Kalo di konversi antar kapasitas baterai VS jarak tempuh, maka geely EX2 yg paling efisien. Jaeco J5= 474km/60.9 kwh = 7.7km/kwh. BYD Atto 1= 378km/38.8 = 9.74kwh/km, dan Geely EX2 = 402km/40.8kwh = 9.85km/kwh.",126,2026-05-03T14:25:48Z,2026-05-03T14:25:48Z,2026-09-19T00:28:54.749870+00:00,"kalo di konversi antar kapasitas baterai vs jarak tempuh, maka geely ex2 yg paling efisien. jaeco j5= 474km/60.9 kwh = 7.7km/kwh. byd atto 1= 378km/38.8 = 9.74kwh/km, dan geely ex2 = 402km/40.8kwh = 9.85km/kwh.",netral,,netral,,Rule-Based,,,,
Ugwlmw_N0Y3mvYcHXPR4AaABAg,bC7X9DplrIc,9ae6d99261c72ec08b37db6ad4ce4cfcb2d353b709aa2d49738b17ecaaadf8d6,"Kalo cuma masalah lipet spion elektrik boleh ke tukang modif variasi aja ga? Ngegugurin garansi ga? 😏😁
Paling sebel alesan paling gampang ke konsumen tuh kalo bilang ""modif"" = ""garansi angus"" 🤪😆",2,2026-03-05T05:04:24Z,2026-03-05T05:04:24Z,2026-09-19T00:23:14.522723+00:00,"kalo cuma masalah lipet spion elektrik boleh ke tukang modif variasi aja ga? ngegugurin garansi ga? 😏😁 paling sebel alesan paling gampang ke konsumen tuh kalo bilang ""modif"" = ""garansi angus"" 🤪😆",,netral,,,Rule-Based,,,,
Ugx6dEpLogiOruMx_Bp4AaABAg,bC7X9DplrIc,ad3e53ea71423104791d5da5ad65b0ee2f273a239b120fd38735920c7b2fbb40,"seenak-enaknya mobil harus liat pabrikannya, saya liat geely belum serius jualan di indonesia, terbukti dari delivery yang tidak merata, saya spk januari sampai sekarang tidak jelas kapan ada unit, sales sudah tidk respon, email ke customer care Geely Auto Indonesia malah lempar ke dealer, tidak ada solusi sampai sekarang",0,2026-04-13T02:56:05Z,2026-04-13T02:56:05Z,2026-09-19T00:23:14.522723+00:00,"seenak-enaknya mobil harus liat pabrikannya, saya liat geely belum serius jualan di indonesia, terbukti dari delivery yang tidak merata, saya spk januari sampai sekarang tidak jelas kapan ada unit, sales sudah tidk respon, email ke customer care geely auto indonesia malah lempar ke dealer, tidak ada solusi sampai sekarang",,,,netral,Rule-Based,,,,
UgzeVtIrt5XzvIY3m2p4AaABAg,z1fWo8tYynA,38cf4ffd875d69638f408633c77c1868a53798dfe13ad9ab257faa3613c0b1c5,"Agya murah om yg tahun 2018an 😂 kaum mendang mending, maunya fitur lengkap harga goceng 😂",2,2025-12-13T13:54:16Z,2025-12-13T13:54:16Z,2026-09-19T00:23:10.960426+00:00,"agya murah om yg tahun 2018an 😂 kaum mendang mending, maunya fitur lengkap harga goceng 😂",,positif,positif,,Rule-Based,,,,
Ugwe41jUr4053__9ZCB4AaABAg,z1fWo8tYynA,f7bea41f39fabe685d6fcc6395b05a816c0c953993c92a2be59d4bfb2da47e7c,Kalau rusak layarnya gimana itu?,0,2025-09-18T04:13:45Z,2025-09-18T04:13:45Z,2026-09-19T00:23:13.239008+00:00,kalau rusak layarnya gimana itu?,,,negatif,,Rule-Based,,,,
UgzYbRtlLHiLeIS0yRR4AaABAg,z1fWo8tYynA,d094b61f756f494562934a09686afd1335e40546f9529804733d00a8e11a617f,Spion retract itu harusnya udah jadi hal wajib buat mobil dua ratus juta. Kalo ADAS okelah diilangin.,0,2025-10-28T01:07:15Z,2025-10-28T01:07:15Z,2026-09-19T00:23:12.527826+00:00,spion retract itu harusnya udah jadi hal wajib buat mobil dua ratus juta. kalo adas okelah diilangin.,,,netral,,Rule-Based,,,,
UgzKVj-h9Kpcc2tDA0Z4AaABAg,z1fWo8tYynA,cadff475ba3c3a39ba73b7d738490b097ee64f3573d91d66b16fc493993691b4,Menarik om mobi . Tapi kalo di pake buat gocar atau ngojol sanggup NDA om mobi buat sekelas LCGC mobil listrik . Dari body bagus . Dari interior mendukung buat kenyamanan tapi untuk safety di pake ngojol bagus nda om dan juga sanggup NDA listrik di pake ngojol,0,2026-05-17T16:35:09Z,2026-05-17T16:35:09Z,2026-09-19T00:23:12.527826+00:00,menarik om mobi . tapi kalo di pakai buat gocar atau ngojol sanggup nda om mobi buat sekelas lcgc mobil listrik . dari body bagus . dari interior mendukung buat kenyamanan tapi untuk safety di pakai ngojol bagus nda om dan juga sanggup nda listrik di pakai ngojol,,,positif,,Rule-Based,,,,
UgzAPCwZ3VPMtj0iXip4AaABAg,z1fWo8tYynA,6c99e3d4f15a93894fa2e36aec33fc04246dab212646e229f38d8feafde98346,"Tes sampek baterai abis 0% donk, nyampek berapa km real nya ?",0,2025-09-18T06:51:21Z,2025-09-18T06:51:21Z,2026-09-19T00:23:12.527826+00:00,"tes sampek baterai abis 0% donk, nyampek berapa km real nya ?",,,netral,,Rule-Based,,,,
UgyjdzK9_AircZzrHjF4AaABAg,z1fWo8tYynA,4f0a8f61afd97c2c6a06a355f2c03e982bddacc0ed263dfbfcf59460b41fdc06,"om  itu ada pengaruh ga suspensi nya klo pake dynamic dan premium, goel2 atau mantul2 nya ??",0,2025-09-18T07:46:36Z,2025-09-18T07:46:36Z,2026-09-19T00:23:12.527826+00:00,"om itu ada pengaruh tidak suspensi nya kalau pakai dynamic dan premium, goel2 atau mantul2 nya ??",,,netral,,Rule-Based,,,,
UgznzdytqBgaETjPR3t4AaABAg,z1fWo8tYynA,2126e1232b232c1489115febe1b241f40049a8caabab3d15b610e18f846e5bc2,Ini klo terjadi banjir gimana? Kan batrai nya di bawah 😅,0,2025-10-15T18:24:37Z,2025-10-15T18:24:37Z,2026-09-19T00:23:12.527826+00:00,ini kalau terjadi banjir gimana? kan baterai nya di bawah 😅,,,netral,,Rule-Based,,,,
UgzVt44LrflhmJr5v4R4AaABAg,z1fWo8tYynA,8683d84f41da15d7ed6d3c533a29c0fafff0fa0a4b851235cec9615735ac790c,"Sekedar informasi tambahan berdasarkan info Ai yang saya tangkap mengenai lama pengisian byd dinamic atto
1. Dc charging SPKLU ( 30 menit) untuk baterai 50%
2. Ac charging Rumah ( 8-12 jam) 100%
3. Wallbock listrik 3 phasa harga 4 jt - 19jt ( 4-6 jam ) 100%

Note listrik rumah minimal 2200 watt ya atau MCB min lebih  12 A",7,2025-09-17T22:58:05Z,2025-09-17T23:00:21Z,2026-09-19T00:23:12.527826+00:00,sekedar informasi tambahan berdasarkan info ai yang saya tangkap mengenai lama pengisian byd dinamic atto 1. dc charging stasiun pengisian kendaraan listrik umum ( 30 menit) untuk baterai 50% 2. ac charging rumah ( 8-12 jam) 100% 3. wallbock listrik 3 phasa harga 4 jt - 19jt ( 4-6 jam ) 100% note listrik rumah minimal 2200 watt ya atau mcb min lebih 12 a,netral,netral,netral,,Rule-Based,,,,
UgwuABz3TGFgZgLjpEt4AaABAg,z1fWo8tYynA,0bcd7b66e6378ee5831b61262ea7a44ca6ced57ce49d7f3b54fc031790ed25f7,Garansi batre sama motor listrik nya brp tahun bang kira2,0,2025-09-23T12:00:16Z,2025-09-23T12:00:16Z,2026-09-19T00:23:12.527826+00:00,garansi baterai sama motor listrik nya brp tahun bang kira2,,netral,netral,,Rule-Based,,,,
UgyWcgB2ZmtTC5HjIi54AaABAg,z1fWo8tYynA,b491de7d6a2d6e3ca2cf19759240c95ca5182c43e65660fdd810a65a302c19f8,Platform charge 400 volt fast charging kah,0,2025-10-25T09:04:05Z,2025-10-25T09:04:05Z,2026-09-19T00:23:12.527826+00:00,platform charge 400 volt fast charging kah,netral,,,,Rule-Based,,,,
UgwrPcBZ9K-636iUVqx4AaABAg,z1fWo8tYynA,cfdf187511ebdab1e9809fdb434cacbdd7be6027683ca37320aa1d5b70b8f2ba,"Bang ini saya mau tnya jikalau cas drumah gtu bisa ? 
Harus pasang pengecas dr mreka bukan ?",0,2025-09-18T20:48:12Z,2025-09-18T20:48:12Z,2026-09-19T00:23:12.527826+00:00,bang ini saya mau tnya jikalau isi daya drumah gtu bisa ? harus pasang pengecas dari mreka bukan ?,netral,,,,Rule-Based,,,,
Ugxr6wf18pmOi4nb3r14AaABAg,z1fWo8tYynA,5bab394911e001f81c3d57066a0aa3b2e9e491b9b1474cb5930c64cf8f4e66a9,Cek harga bekasnya min?,0,2025-10-06T08:02:20Z,2025-10-06T08:02:20Z,2026-09-19T00:23:13.239008+00:00,cek harga bekasnya min?,,netral,,,Rule-Based,,,,
UgwJJ3Jh_CzOcbqEqrt4AaABAg,z1fWo8tYynA,8fa6bb76c1d046eddcb17b72ea5a99c045c61d8ffa31ec88276983c87e1955b0,"Sudah seharusnya electric car lebih murah Dari ice, bukan aneh bang",0,2025-10-11T13:02:54Z,2025-10-11T13:02:54Z,2026-09-19T00:23:13.239008+00:00,"sudah seharusnya electric car lebih murah dari ice, bukan aneh bang",,positif,,,Rule-Based,,,,
Ugwai66zUlG-6_dVVEZ4AaABAg,z1fWo8tYynA,370b4362a91079a57dc455bc0131d3283d426281743b842a4f837766f9ef6c46,Ini yg direview byd atto 1 yg premium?,0,2026-04-23T08:29:56Z,2026-04-23T08:29:56Z,2026-09-19T00:23:13.239008+00:00,ini yg direview byd atto 1 yg premium?,,,netral,,Rule-Based,,,,
UgyqyN6D9-NUmC1IANp4AaABAg,z1fWo8tYynA,8f2208cc6354729baa70bff3c9b56c3d97e7002caf0735c6102265548cb82e3a,"Tahun depan paling ev ini dilupakan, pasti muncul ev baru lebih murah dan fitul lebih baik.",0,2025-09-18T09:02:28Z,2025-09-18T09:02:28Z,2026-09-19T00:23:13.239008+00:00,"tahun depan paling ev ini dilupakan, pasti muncul ev baru lebih murah dan fitul lebih baik.",,positif,,,Rule-Based,,,,
UgzosiPqraO4XpAgqCh4AaABAg,z1fWo8tYynA,04e6d382d19d3a1259f38664f5a737655d51530a101c44807cc84f8c24eac490,Apakah harga 2nd nya akan jadi dibawah 100jt? 🤣,0,2025-10-31T03:54:00Z,2025-10-31T03:54:00Z,2026-09-19T00:23:13.239008+00:00,apakah harga 2nd nya akan jadi dibawah 100jt? 🤣,,netral,,,Rule-Based,,,,
UgxM86GoQWgtCbLxr494AaABAg,z1fWo8tYynA,d8cb9ec151412dffb859a0d151170488322dbd4f1d5e1e251be89edcd865bc84,apakah serelah subsidi impor ev dihapus thn 2026 harga naik drastis,0,2025-09-20T02:26:52Z,2025-09-20T02:26:52Z,2026-09-19T00:23:12.527826+00:00,apakah serelah subsidi impor ev dihapus thn 2026 harga naik drastis,,netral,,,Rule-Based,,,,
UgweHr8dXZnlI04xLtR4AaABAg,z1fWo8tYynA,9ff790c88f8f9ee50817b8764d33caf1bac720f9d8064fac71a7470d8e3f1826,Buat pakai di luar pulau jawa yg blm ada bengkel byd nya kira2 aman gak ya?,0,2026-04-06T18:14:02Z,2026-04-06T18:14:02Z,2026-09-19T00:23:13.239008+00:00,buat pakai di luar pulau jawa yg belum ada bengkel byd nya kira2 aman tidak ya?,,,,netral,Rule-Based,,,,
Ugy5bYsedEK6MY96qEh4AaABAg,z1fWo8tYynA,e6b4247d5754728f408601b43982f7850d87bbe3ada8c7d08706aa6a2bad345f,Baterainya gmna?? Masa pakainya brapa tahun trus berapa duit kalo ganti??,0,2026-03-20T05:51:45Z,2026-03-20T05:51:45Z,2026-09-19T00:23:13.239008+00:00,baterainya gmna?? masa pakainya brapa tahun trus berapa duit kalo ganti??,,,netral,,Rule-Based,,,,
UgxwJrQvEHoHtbhO-BV4AaABAg,z1fWo8tYynA,60646699ba2de44b141c1854d27bd512432657024354b7eba3d985ad2d19b72c,Jadinya konsumsi daya nya gmn ya? Premium bener bs sampai 380km kah?,0,2025-09-27T14:02:36Z,2025-09-27T14:02:36Z,2026-09-19T00:23:13.239008+00:00,jadinya konsumsi daya nya gmn ya? premium bener bs sampai 380km kah?,,,netral,,Rule-Based,,,,
Ugz8ONL9jNP4llFdZIV4AaABAg,z1fWo8tYynA,a1e43b0f8fd0051e6747b0cee782bd6dfec928681be299841e248635902ba022,Skali ngecas brpa lama ya?,0,2025-09-18T02:59:37Z,2025-09-18T02:59:37Z,2026-09-19T00:23:13.239008+00:00,skali mengisi daya brpa lama ya?,netral,,,,Rule-Based,,,,
UgwjxMHp6hzobrg8GPh4AaABAg,z1fWo8tYynA,2025eb1fae3f07b5e1b4de9d9d4bea88bcf6032d28b75ab1a632d6143252e4ba,Charging nya di mana ya,0,2025-11-15T06:25:41Z,2025-11-15T06:25:41Z,2026-09-19T00:23:13.239008+00:00,charging nya di mana ya,netral,,,,Rule-Based,,,,
UgxeaECmdTcw2PTjcKx4AaABAg,z1fWo8tYynA,4574d6d1dc3f138bd209ec7f68d518081c9b6ad9d88884814f09fa2e0e5e99bf,pajak cuma 150 rb,0,2025-10-07T04:15:18Z,2025-10-07T04:15:18Z,2026-09-19T00:23:13.239008+00:00,pajak cuma 150 rb,,netral,,,Rule-Based,,,,
UgzTAYSZn1xFGqFGpyt4AaABAg,z1fWo8tYynA,9466166783f4b6c369d2a21e7c92d5775a4421dc48ca5395e06a8e04eb176392,"Tes nanjak dong, gw tau city car. Cuma di indo gak semua jalanan kotanya gak nanjak. Ada yg nanjak ekstrem",0,2025-09-17T22:55:17Z,2025-09-17T22:55:17Z,2026-09-19T00:23:13.239008+00:00,"tes nanjak dong, gw tau city car. cuma di indo tidak semua jalanan kotanya tidak nanjak. ada yg nanjak ekstrem",,,netral,,Rule-Based,,,,
Ugwu_mHLLZTclNeeilp4AaABAg,z1fWo8tYynA,b710078a02e2932572929058ab2cb1ae4e617e7e5c017734e666d6d42cc63745,"jarak tempuh 40KM, itu bolak balik jaktim jakbar deg deg an",0,2025-09-18T03:01:15Z,2025-09-18T03:01:15Z,2026-09-19T00:23:13.239008+00:00,"jarak tempuh 40km, itu bolak balik jaktim jakbar deg deg an",netral,,,,Rule-Based,,,,
Ugx2qkoMnKvBNFUIBsV4AaABAg,z1fWo8tYynA,25d1a225293bca389398960c46284dc5832c6f2183d626a61947f34a161a19cb,"penasaran sama feeling kalo dibawa ke luar kota, pengalaman bawa air ev bandung - jakarta via tol, rada serem + berasa under power untuk gue yang terbiasa pake mobil 3 baris 1500cc",0,2025-09-18T13:00:00Z,2025-09-18T13:00:00Z,2026-09-19T00:23:13.239008+00:00,"penasaran sama feeling kalo dibawa ke luar kota, pengalaman bawa air ev bandung - jakarta via tol, rada serem + berasa under power untuk gue yang terbiasa pakai mobil 3 baris 1500cc",,,netral,,Rule-Based,,,,
UgyiuAHSJy3DnnSMArJ4AaABAg,z1fWo8tYynA,d057eab2dc42a55e382c2f221217b0db5ec4d616edce81485bda7dcc408f3f02,Kami suka TUR...EH...MURAH !! 😂,0,2025-09-17T23:18:45Z,2025-09-17T23:18:45Z,2026-09-19T00:23:13.239008+00:00,kami suka tur..eh..murah !! 😂,,positif,,,Rule-Based,,,,
UgymKDIsAnGQYEtcUDt4AaABAg,z1fWo8tYynA,074cff1698328b5e86f5a684cae4d42e1b2ba41387b4d1822dc9f24650554751,"05:30 kalau punya hp yg ada fitur access card bisa tuh dicopy data kartunya, jadi kalau kartu hilang tp udah dicopy cukup pakai hp aja.",1,2025-09-17T17:33:55Z,2025-09-17T17:33:55Z,2026-09-19T00:23:13.239008+00:00,"05:30 kalau punya hp yg ada fitur access card bisa tuh dicopy data kartunya, jadi kalau kartu hilang tapi udah dicopy cukup pakai hp aja.",,,netral,,Rule-Based,,,,
UgxZSDzgLlKNZ0Ln5m54AaABAg,z1fWo8tYynA,47831277a9ffab39749c08be6e4933c124731d0aa1d70210bf13c6f221f83e0b,"Nanya dong, apakah mobil listrik bisa parkir paralel? Infonya saat mesin mati kalo di dorong2 saat parkir paralel bisa merusak baterainya karena ada arus balik dari motor listriknya.",0,2025-09-22T15:08:57Z,2025-09-22T15:09:15Z,2026-09-19T00:23:13.239008+00:00,"nanya dong, apakah mobil listrik bisa parkir paralel? infonya saat mesin mati kalo di dorong2 saat parkir paralel bisa merusak baterainya karena ada arus balik dari motor listriknya.",,,negatif,,Rule-Based,,,,
UgywO8XZuUYngy-QhWd4AaABAg,z1fWo8tYynA,5a5e0b8fb3b91afe90441598e029c896ac4eb8050b3b68f20c44d82df0516f8f,Ga ada bedanya sama mobil ICE selain charging.,0,2026-01-18T09:16:21Z,2026-01-18T09:16:21Z,2026-09-19T00:23:13.239008+00:00,tidak ada bedanya sama mobil ice selain charging.,netral,,,,Rule-Based,,,,
UgxMxqApWv_-0nVMM214AaABAg,z1fWo8tYynA,f202f6e7673d100c6276b2328c054f0f1a41955929e58df1f779cd110ead1517,"Pantes aja sales brand ICE sebelah langsung buat propaganda iklan dimana mana 😂
Karena jelas ancaman nyata . 
Btw belum ada buzzer sales brand LCGC di sini berkomentar negatif rentang atto 1 ini kan.. 😅",1,2025-09-25T12:13:15Z,2025-09-25T12:13:15Z,2026-09-19T00:23:12.527826+00:00,pantes aja sales brand ice sebelah langsung buat propaganda iklan dimana mana 😂 karena jelas ancaman nyata . btw belum ada buzzer sales brand lcgc di sini berkomentar negatif rentang atto 1 ini kan.. 😅,,,,netral,Rule-Based,,,,
UgytlvXjwdyTsaF7wwN4AaABAg,z1fWo8tYynA,aa591ab093adaf71bdb55addf0d7c6552ac6b3b51950d6790442c84e7ee698b3,Harusnya harga EV lebih murah daripada ICE karena lebih sedikit partnya 😂,0,2025-09-18T09:01:49Z,2025-09-18T09:01:49Z,2026-09-19T00:23:12.527826+00:00,harusnya harga ev lebih murah daripada ice karena lebih sedikit partnya 😂,,positif,,,Rule-Based,,,,
UgzrvToe3YbpohGPU8R4AaABAg,bC7X9DplrIc,c213ff8cf2f071c730f8e4e860a8b9669556b0d926c3bbf780c6ed0fca68898c,"Cover battery bawah itu aksesoris yg di jual terpisah, harganya 2.520.000 ya guys",14,2026-03-12T19:55:32Z,2026-03-12T19:55:32Z,2026-09-19T00:23:14.522723+00:00,"cover battery bawah itu aksesoris yg di jual terpisah, harganya 2.520.00 ya guys",,netral,,,Rule-Based,,,,
UgychLh2dzBMK6bXNL94AaABAg,z1fWo8tYynA,a6145abbc748e1bb425c97b1268fbc03fea31665b6b12fc838005ebbb3468ab0,"dari info di video, daya tempuh 10 kwh sekitar 100an kilometer.
dengan asumsi efisiensi listrik 75 persen maka dibutuhkan 13,33 kwh untuk ngecas 10 kwh.
terus 1 kwh sekitar Rp. 1.450, maka untuk menempuh 100 kilometer hanya butuh ongkos listrik tidak sampai 20 ribu rupiah 😅
10 kwh dibagi 75 persen = 13,33 kwh
13,33 kwh dikali Rp. 1450/kwh = Rp. 19.333

edit:
biaya 1 kwh kategori R2/R3 = Rp. 1.700
13,33 kwh dikali Rp. 1700/kwh = Rp. 22.661
untuk spklu 1 kwh = Rp.2.500
13,33 kwh dikali Rp. 2.500 = Rp. 33.325
data ini hanya perhitungan kasar aja dan untuk spklu, efisiensi nya bisa sampai 95 persen, tapi malas ngitung lagi.
kita tunggu saja pengetesan real nya kalo mobil nya udah banyak yg punya 😅",39,2025-09-17T16:20:43Z,2025-09-18T04:30:42Z,2026-09-19T00:23:11.766454+00:00,"dari info di video, daya tempuh 10 kwh sekitar 100an kilometer. dengan asumsi efisiensi listrik 75 persen maka dibutuhkan 13,33 kwh untuk mengisi daya 10 kwh. terus 1 kwh sekitar rp. 1.450, maka untuk menempuh 100 kilometer hanya butuh ongkos listrik tidak sampai 20 ribu rupiah 😅 10 kwh dibagi 75 persen = 13,33 kwh 13,33 kwh dikali rp. 1450/kwh = rp. 19.33 edit: biaya 1 kwh kategori r2/r3 = rp. 1.700 13,33 kwh dikali rp. 1700/kwh = rp. 22.661 untuk stasiun pengisian kendaraan listrik umum 1 kwh = rp.2.500 13,33 kwh dikali rp. 2.500 = rp. 33.325 data ini hanya perhitungan kasar aja dan untuk spklu, efisiensi nya bisa sampai 95 persen, tapi malas ngitung lagi. kita tunggu saja pengetesan real nya kalo mobil nya udah banyak yg punya 😅",netral,,,,Rule-Based,,,,
UgwX3neOKLxOvjN6OyB4AaABAg,z1fWo8tYynA,bc6d3bd283f5c7ce2679fbcc106b3a4378660da620265cf5846d715a093285f9,"Mobil listrik 2025, acnya malah balik ke model jadul. Bukan pake climate control lagi yg udah jadi standard.. tapi lagi2 termaafkan dengan harga yg lebih murah dibanding mobil listrik lain 😂",3,2025-09-23T22:55:41Z,2025-09-23T22:55:41Z,2026-09-19T00:23:10.960426+00:00,"mobil listrik 2025, acnya malah balik ke model jadul. bukan pakai climate control lagi yg udah jadi standard.. tapi lagi2 termaafkan dengan harga yg lebih murah dibanding mobil listrik lain 😂",,positif,,,Rule-Based,,,,
UgxeAxBl7EnvI53_w2x4AaABAg,z1fWo8tYynA,b2fdc0fc6a4b424adac6224ae7631234a94694f690647767445bc47c1fe2fc29,Nunggu pesenan nyanpe november. Pas test drive emg enak sih nyetirnya dbanding M6 yg posisi duduk driver dan pedalnya aneh bgt. Belom lg injekan rem M6 gk enak bgt. Klo atto 1 pedal dan injekannya ud kyk mobil normal,2,2025-09-18T02:51:04Z,2025-09-18T02:51:04Z,2026-09-19T00:23:10.960426+00:00,nunggu pesenan nyanpe november. pas test drive emg enak sih nyetirnya dbanding m6 yg posisi duduk driver dan pedalnya aneh bgt. belom lagi injekan rem m6 tidak enak bgt. kalau atto 1 pedal dan injekannya ud kyk mobil normal,,,netral,,Rule-Based,,,,
UgwcJc-c2TtPr6q07_54AaABAg,z1fWo8tYynA,37d52b2793e4fae067989d96095c5630e9053bac986918de254c05b6db9bc945,wah pantes sering liat ini di bekasi.. di pake timnya om mobi toh yaaa,0,2025-09-18T00:30:33Z,2025-09-18T00:30:33Z,2026-09-19T00:23:10.960426+00:00,wah pantes sering liat ini di bekasi.. di pakai timnya om mobi toh yaa,,netral,,,Rule-Based,,,,
UgxsUM84Ggnz-FuwBw54AaABAg,z1fWo8tYynA,1d1c25ef7cfe37949d55605eb61cd05531cb9fe2ab06afbb1002ca399060debf,"Segera mobil ini dijual di seluruh indonesia, udh saatnya seluruh warga menggunakan mobil listrik biar si tukang oplos (pertamina) itu bangkrut, semoga juga ada motor listrik yg harganya murah kyk beat",19,2025-09-20T16:28:49Z,2025-09-20T16:29:06Z,2026-09-19T00:23:10.960426+00:00,"segera mobil ini dijual di seluruh indonesia, sudah saatnya seluruh warga menggunakan mobil listrik biar si tukang oplos (pertamina) itu bangkrut, semoga juga ada motor listrik yg harganya murah kyk beat",,positif,,,Rule-Based,,,,
Ugw3FLi_PVh5EiyfNy14AaABAg,z1fWo8tYynA,5ca624a18b3e04bef2f459b60dac8ddc8e63eced8b8b0a235668a0646bfd33a4,Nunggu second nya aja om..😁,1,2025-11-02T12:06:29Z,2025-11-02T12:06:29Z,2026-09-19T00:23:10.960426+00:00,nunggu bekas nya aja om..😁,,netral,,,Rule-Based,,,,
UgyJUJpjteyOUqxosg54AaABAg,z1fWo8tYynA,ef5467fcf5193e8ced4081d6dba40ea3fe31ec9520542dd9e287ca2c51d93117,"Alhamdulillah udah spk, malah sales info dapet bulan Oktober, tapi saya bilang undur aja di bulan Desember atau Januari 😂
Soalnya destinator nya baru dateng,bisa diamuk nyonya yg ada 🤦",2,2025-09-19T12:51:35Z,2025-09-19T12:51:35Z,2026-09-19T00:23:10.960426+00:00,"alhamdulillah udah spk, malah sales info dapet bulan oktober, tapi saya bilang undur aja di bulan desember atau januari 😂 soalnya destinator nya baru dateng,bisa diamuk nyonya yg ada 🤦",,,,netral,Rule-Based,,,,
UgxXJSs3Is7TCo22aPB4AaABAg,z1fWo8tYynA,93d9d42006853e2d19dd6953eb6f7b4cfdc9328dc2ca8944c487b61ca41bb631,Reviewer Otomotif favoritku sekarang Tambah Slim aja...manteps... thanks To para SPG yang sudah memberikan dorongan spiritual ... 🔥😁,1,2025-09-18T09:26:36Z,2025-09-18T09:26:36Z,2026-09-19T00:23:10.960426+00:00,reviewer otomotif favoritku sekarang tambah slim aja..manteps.. thanks to para spg yang sudah memberikan dorongan spiritual .. 🔥😁,,positif,,,Rule-Based,,,,
UgwnLeI7HUGh6vAqan94AaABAg,z1fWo8tYynA,d9c3b46172b656aef93c1ab4a18c7cbf21f017af81589f6726ea809eadcf33ab,Semoga kebeli tahun depan cash aamiin,0,2025-12-03T14:44:35Z,2025-12-03T14:44:35Z,2026-09-19T00:23:10.960426+00:00,semoga kebeli tahun depan cash aamiin,netral,,,,Rule-Based,,,,
Ugy_3-pHsfXBSBEjImN4AaABAg,z1fWo8tYynA,fe938c6fa0b6974db7dbc11fca331bb99867a33771c50b4d6eeeb02b0080a494,"Semoga ketersedian sperpartnya aman, ya walaupun baterai pasti akan ganti bila sudah drop",1,2025-09-19T00:09:05Z,2025-09-19T00:09:05Z,2026-09-19T00:23:10.960426+00:00,"semoga ketersedian sperpartnya aman, ya walaupun baterai pasti akan ganti jika sudah drop",,,netral,,Rule-Based,,,,
Ugwy4H1m6VNaw1xxrOx4AaABAg,z1fWo8tYynA,cc9e676166ff0777e0caf4097d3ac71df66c2ecbb0e8501898829d20ecd3c012,"Byd atto 1 hadir untuk mengoreksi harga mobil LCGC favorit mbak"" LC",11,2025-09-18T00:58:58Z,2025-09-18T00:58:58Z,2026-09-19T00:23:10.960426+00:00,"byd atto 1 hadir untuk mengoreksi harga mobil lcgc favorit mbak"" lc",,netral,,,Rule-Based,,,,
Ugwj0TSJxAuY8GOCWid4AaABAg,z1fWo8tYynA,aafbea55b1d155795ac5e0df63a6360a8e598e18e7692b51607544031173834e,"Harga segitu uda lebih dari semua ekspektasi. Yang LCGC ampas kaleng pakai emblem GR, RS, dapat apaan tembus 250jt",27,2025-09-17T14:26:05Z,2025-09-17T14:26:05Z,2026-09-19T00:23:10.960426+00:00,"harga segitu uda lebih dari semua ekspektasi. yang lcgc ampas kaleng pakai emblem gr, rs, dapat apaan tembus 250jt",,netral,,,Rule-Based,,,,
UgxImG8dQnLhS0-5cCl4AaABAg,z1fWo8tYynA,acb18561782e23b5d6cb2454563871966a9270b00c3234e177e8bc4dfa86b8a4,enak klo bisa ngecas dirumah,1,2025-10-26T13:50:59Z,2025-10-26T13:50:59Z,2026-09-19T00:23:10.960426+00:00,enak kalau bisa mengisi daya dirumah,netral,,,,Rule-Based,,,,
UgwZsp7hHj-Q36W6rX94AaABAg,z1fWo8tYynA,a3c913648baaeacb9aed40b3f53f7b976fe0f52b262148d185506b7a35546b03,cm saran untuk tim editornya... mgkn bisa d upload versi yg lbh tinggi resolusinya? 1440 p atau 4k? lbh nyaman untuk d liat d pc atau tv,0,2025-09-19T02:58:48Z,2025-09-19T02:58:48Z,2026-09-19T00:23:11.766454+00:00,cm saran untuk tim editornya.. mgkn bisa d upload versi yg lbh tinggi resolusinya? 1440 p atau 4k? lbh nyaman untuk d liat d pc atau tv,,,positif,,Rule-Based,,,,
UgzHkTdbU1JsJkEEXdt4AaABAg,z1fWo8tYynA,dcc63bfdbe41f5580f33b1652ef23a85203ce457dfa5eb9276a9f4d2d4203657,Udah murah tp ganteng😂😂,0,2025-09-22T03:42:40Z,2025-09-22T03:42:40Z,2026-09-19T00:23:11.766454+00:00,udah murah tapi ganteng😂😂,,positif,,,Rule-Based,,,,
Ugx6gC6GWkEKN6yhkFN4AaABAg,z1fWo8tYynA,36fccfc985de18a0b301695530e1b7f6366b637cc18dc569fa54b16d9bb2dc93,Nanti beli kaya wuling keluar fitur baru atau jarak lebih jauh harga lebih murah...,0,2025-11-23T05:57:34Z,2025-11-23T05:57:34Z,2026-09-19T00:23:12.527826+00:00,nanti beli kaya wuling keluar fitur baru atau jarak lebih jauh harga lebih murah..,,positif,positif,,Rule-Based,,,,
Ugz_AmHab1Z41tkpVKh4AaABAg,z1fWo8tYynA,ad919cedbf6281e922116c79dfe36c545926010620e762a0309c133e3323d6b9,"😂😂😂 para lcgc jepang pada nangis nohh di pojokan,, 
harga muahalll kalah total sama ini😂",4,2025-11-01T16:44:35Z,2025-11-01T16:44:35Z,2026-09-19T00:23:11.766454+00:00,"😂😂 para lcgc jepang pada nangis nohh di pojokan,, harga muahall kalah total sama ini😂",,netral,,,Rule-Based,,,,
UgzezGcSmb0-ritFHPh4AaABAg,z1fWo8tYynA,8f8ae5f6234674a070ce44eb1ef5b58d007dfbd55a7fe6a2e0c2623f60c6381a,"Masa garansi batrey 8 thn giliran hbs masa garansi di ganti battrey yg sdh mulai drop harus kelua uang 80- 120 jt  indah pada waktunya pahit pada akhirnya anjjayyy,,,😃",1,2026-04-13T16:39:24Z,2026-04-13T16:40:34Z,2026-09-19T00:23:11.766454+00:00,"masa garansi batrey 8 thn giliran hbs masa garansi di ganti battrey yg sudah mulai drop harus kelua uang 80- 120 jt indah pada waktunya pahit pada akhirnya anjjayy,,😃",,netral,,,Rule-Based,,,,
Ugz5JUKAgKcT8fwhG7N4AaABAg,z1fWo8tYynA,e99e6bb80a6d38dea85e713c30c8badcf7a4a75077fc9704b3b59434ca4a56c7,nunggu taon depan di pasar mobil bekas....hahahaha,0,2025-09-20T10:37:01Z,2025-09-20T10:37:01Z,2026-09-19T00:23:11.766454+00:00,nunggu taon depan di pasar mobil bekas..hahahaha,,netral,,,Rule-Based,,,,
UgxNGJRvW8seQnjYp0t4AaABAg,z1fWo8tYynA,0c6cf6c65718ebb7640a39b8902ee368e2169520da0bc2abfdab93e6c7e5b843,Jarak tempuh real nya berapa km sampai 0% untuk tipe premium?,2,2025-09-17T21:06:53Z,2025-09-17T21:06:53Z,2026-09-19T00:23:11.766454+00:00,jarak tempuh real nya berapa km sampai 0% untuk tipe premium?,netral,,netral,,Rule-Based,,,,
Ugxe4W1saNpERt6JuPF4AaABAg,z1fWo8tYynA,87a56afbf8baec981575e50588c0e0e2a2df9fa2d7bd20b15f4de4031b610cfb,"mobil listrik skrg murah ya, tp sayangnya saya baru mampu beli sepeda listrik",0,2025-09-21T10:43:39Z,2025-09-21T10:43:39Z,2026-09-19T00:23:11.766454+00:00,"mobil listrik skrg murah ya, tapi sayangnya saya baru mampu beli sepeda listrik",,positif,,,Rule-Based,,,,
UgwUXSQsxrgTp7YqS2t4AaABAg,z1fWo8tYynA,7277aca91a3a730afcb0bfbd5be58b9a7f9d6111c3a7819bd39bcfbc913e80d2,blade battery ini bisa diganti per cell/per segment kayak batere mobil li-ion lfp sama nikel lainnya om?,2,2025-09-17T15:03:01Z,2025-09-17T15:03:01Z,2026-09-19T00:23:11.766454+00:00,blade battery ini bisa diganti per cell/per segment kayak batere mobil li-ion lfp sama nikel lainnya om?,,,netral,,Rule-Based,,,,
UgwtzFe2AhBvw8UpAt94AaABAg,z1fWo8tYynA,c2304fd2904fb9b233667e49cec287e4786e620e6f7493cf764f059cc9e17d74,Geely kstanya mau keluarin sekelas dsn semurah ini yg fi negara nya terlaris,0,2025-09-18T02:33:24Z,2025-09-18T02:33:24Z,2026-09-19T00:23:11.766454+00:00,geely kstanya mau keluarin sekelas dsn semurah ini yg fi negara nya terlaris,,positif,,,Rule-Based,,,,
Ugzx0t0ABySAV0aXmqd4AaABAg,z1fWo8tYynA,4d51b8457c5e49d27aa95e579c0c76df3bbd79b58e367cc88a1b518db56f9fd4,Macem Review seorang sales.,0,2025-09-18T05:32:08Z,2025-09-18T05:32:08Z,2026-09-19T00:23:11.766454+00:00,macem review seorang sales.,,,,netral,Rule-Based,,,,
UgwP0H2lczm0ZDLye2V4AaABAg,z1fWo8tYynA,b8f0a470f95654ca5cbf9e93bee7b01d45e2106b43249722581a583fe74d29ef,Sayang untuk fitur-fitur yang dasar seperti spion lipat elektrik dan hand rest tengah belakang malah gak ada. Agak tanggung,0,2025-09-18T09:35:05Z,2025-09-18T09:36:03Z,2026-09-19T00:23:11.766454+00:00,sayang untuk fitur-fitur yang dasar seperti spion lipat elektrik dan hand rest tengah belakang malah tidak ada. agak tanggung,,,netral,,Rule-Based,,,,
Ugxg1jL6SJlJ6NHFH5Z4AaABAg,z1fWo8tYynA,02d67b20c33f871497df045b76f0b73ed34e4d3585fd8f74bb66eb2723954449,Saya sudah SPK...langsung beli 2 atto 1 premium...utk saya dan anak saya...warna putih dan ijo stabilo,1,2025-09-28T07:16:27Z,2025-09-28T07:16:27Z,2026-09-19T00:23:11.766454+00:00,saya sudah spk..langsung beli 2 atto 1 premium..utk saya dan anak saya..warna putih dan ijo stabilo,,,netral,,Rule-Based,,,,
UgxhALKl2dVtrk7ylvp4AaABAg,z1fWo8tYynA,d209ff852f123231daed611f7897fd06df1309d4a486ab56b1624d58eaa5bf02,"Om mobi review juga donk hrga baterainya kalaupun ganti harganya brpa perkiraan jangka panjang di pakai apakah masih wort it walaupun misalkan ada garansi seumur hidup , bagaimana kalau garansinya hangus",0,2025-09-17T15:54:24Z,2025-09-17T15:54:24Z,2026-09-19T00:23:12.527826+00:00,"om mobi review juga donk hrga baterainya kalaupun ganti harganya brpa perkiraan jangka panjang di pakai apakah masih wort it walaupun misalkan ada garansi seumur hidup , bagaimana kalau garansinya hangus",,netral,netral,,Rule-Based,,,,
UgwqEglFUjwJbAHiXoJ4AaABAg,z1fWo8tYynA,5b46d6c46fed31d0b0144b429ac05b173889f01deefe4e5ba1f71b1889f91c8a,"Saya bingung katanya review setelah dipakai setiap hari, malah isinya gak beda review2 kayak lainnya saat review atto baru, fitur ini itu 😅😅
Kagak ada bedanya",1,2025-09-18T15:06:11Z,2025-09-18T15:06:35Z,2026-09-19T00:23:12.527826+00:00,"saya bingung katanya review setelah dipakai setiap hari, malah isinya tidak beda review2 kayak lainnya saat review atto baru, fitur ini itu 😅😅 kagak ada bedanya",,,netral,,Rule-Based,,,,
UgzcDMlq87SEfE7gPCl4AaABAg,z1fWo8tYynA,cf54f1c0e1a0d1fa8702a2e3d0ec05eddbab8101514e3163930bbee64c18fddd,"Pengen tapi jelas ga cook buat saya yg tinggal di Kalimantan dimana jarak daerah satu dengan lainya terlalu jauh dan SPKLU masih sebatas di area perkotaan,,so,,Mobil BBM masih panjang umur n ga tergeser hingga puluhan tahun ke depan,,,😂",0,2025-10-24T00:23:33Z,2025-10-24T00:23:33Z,2026-09-19T00:23:12.527826+00:00,"pengen tapi jelas tidak cook buat saya yg tinggal di kalimantan dimana jarak daerah satu dengan lainya terlalu jauh dan stasiun pengisian kendaraan listrik umum masih sebatas di area perkotaan,,so,,mobil bbm masih panjang umur n tidak tergeser hingga puluhan tahun ke depan,,😂",netral,,,,Rule-Based,,,,
Ugwpj9VlbyR-cnSiAEd4AaABAg,z1fWo8tYynA,3d6b7a14ec0e2335bf42d87ce1d5061fecdd20218402771ef7b8ced0fc5de5b0,Tidak untuk dijual kembali ya kak harganya anjloookkk batrenya mahallllllll!!!,0,2025-10-09T06:35:54Z,2025-10-09T06:35:54Z,2026-09-19T00:23:13.239008+00:00,tidak untuk dijual kembali ya kak harganya anjlookk batrenya mahall!!,,negatif,,,Rule-Based,,,,
UgwcjgJdDbJk0Ox0Op54AaABAg,z1fWo8tYynA,4197faf5455bc4e6b0463788c0f2378604b07a5bec9f536ba0621c32fab4528c,Kalau batre soak….beli batre dimana,1,2025-10-25T08:41:50Z,2025-10-25T08:41:50Z,2026-09-19T00:23:13.239008+00:00,kalau baterai soak….beli baterai dimana,,,netral,,Rule-Based,,,,
UgzKy4MqYDAnntu_x5N4AaABAg,z1fWo8tYynA,3d2cbe46aa0348f8781573313247e2d82822fd7677aa35f8ba2cab56c71f8001,Klo seumpamanya spion nya di srempet motor yg hobi nyalip2 kek punya 9 nyawa trus mobil nya mati sendiri ga? Biaya pergantian nya mahal ga?,0,2025-11-18T04:49:36Z,2025-11-18T04:49:36Z,2026-09-19T00:23:13.239008+00:00,kalau seumpamanya spion nya di srempet motor yg hobi nyalip2 kek punya 9 nyawa trus mobil nya mati sendiri ga? biaya pergantian nya mahal ga?,,negatif,negatif,,Rule-Based,,,,
UgzcYgNxDmAnL5tEnQ94AaABAg,BFp1_jq3zVo,6b32059191048e813366f3374b2364dd9daa978a581d7d2e9da7dd31aa599cd3,"Geely kalau niat jual mobil di indo, coba dealernya dibanyakin, kedua mobilnya inden 😂 lha takut g laku jgn jualan di indo lah😂 g bs beri kepastian mbl dtg kapan😂",8,2026-04-02T07:14:29Z,2026-04-02T07:14:29Z,2026-09-19T00:23:14.379690+00:00,"geely kalau niat jual mobil di indo, coba dealernya dibanyakin, kedua mobilnya inden 😂 lha takut g laku jangan jualan di indo lah😂 g bs beri kepastian mbl dtg kapan😂",,,,netral,Rule-Based,,,,
UgxsRMBhRHhP9owZstV4AaABAg,BFp1_jq3zVo,a7de6631dcc899f9ed5bebd1aec7bc921d83814fdc42f24276a7994e5ef3c0b2,"Kalo pingin cpt dpt unit pilih atto1,tp kalo pingin nyaman pilih geely tp hrs sabar",0,2026-04-08T23:53:29Z,2026-04-08T23:53:29Z,2026-09-19T00:23:14.379690+00:00,"kalo pingin cpt dapat unit pilih atto1,tp kalo pingin nyaman pilih geely tapi hrs sabar",,,positif,,Rule-Based,,,,
UgzeZzDe5MQ3fokd7Sx4AaABAg,BFp1_jq3zVo,35790703231024a22398261b7ba21ea9313dfc5c5bad9324a80ef0988dfb3e92,tergantung harga,2,2026-03-31T15:09:45Z,2026-03-31T15:09:45Z,2026-09-19T00:23:14.379690+00:00,tergantung harga,,netral,,,Rule-Based,,,,
UgzXR63pAsn2ZB-X4zR4AaABAg,BFp1_jq3zVo,a0c68658f62594628b5006d60354d5d78f529456620af6ba155e9b9f21a27fde,"Ex2 tidak bisa disejajarkan dengan atto1, ex2 punya spek yang lebih tinggi dan kenyamanan lebih baik.",17,2026-03-31T13:57:43Z,2026-03-31T13:57:43Z,2026-09-19T00:23:14.379690+00:00,"ex2 tidak bisa disejajarkan dengan atto1, ex2 punya spek yang lebih tinggi dan kenyamanan lebih baik.",,,positif,,Rule-Based,,,,
Ugzwg5ArCT2KuNG0Thp4AaABAg,BFp1_jq3zVo,57fd656f8e7b66f9e3284ea94e87c23dd8b3871b6d74ada8e138a0bd1006214c,Nunggu beberapa bulan apalagi ada seri terbarunya harga langsung longsor 😅 apalagi inden Desember saja belum pada di distribusi kan ke konsumen.,3,2026-04-01T02:52:28Z,2026-04-01T02:52:28Z,2026-09-19T00:23:14.379690+00:00,nunggu beberapa bulan apalagi ada seri terbarunya harga langsung longsor 😅 apalagi inden desember saja belum pada di distribusi kan ke konsumen.,,netral,,,Rule-Based,,,,
UgwNuKdvTSO7C2BzHjx4AaABAg,BFp1_jq3zVo,c737d733e7eab4251e1118c662b1bb3b18b85cdde12d780fda1cabb9ba50667a,Harganya lebih pas di range 150-200 juta. Dijamin mobil bensin langsung rontok,1,2026-04-03T17:55:32Z,2026-04-03T17:55:32Z,2026-09-19T00:23:14.379690+00:00,harganya lebih pas di range 150-200 juta. dijamin mobil bensin langsung rontok,,netral,,,Rule-Based,,,,
Ugwmu4sk7Ev3IazGhYt4AaABAg,BFp1_jq3zVo,ba084fca5690f3e41d32e72d46af9f647a31271c4eb3a9cbd9141cddf29685b9,Hanya saran… kalau yg max harga 249jt sih bakal laris banget….,0,2026-04-21T02:02:41Z,2026-04-21T02:02:41Z,2026-09-19T00:23:14.379690+00:00,hanya saran… kalau yg max harga 249jt sih bakal laris banget….,,netral,,,Rule-Based,,,,
Ugx-9J_leyAqSAZddPp4AaABAg,BFp1_jq3zVo,ad3e53ea71423104791d5da5ad65b0ee2f273a239b120fd38735920c7b2fbb40,"seenak-enaknya mobil harus liat pabrikannya, saya liat geely belum serius jualan di indonesia, terbukti dari delivery yang tidak merata, saya spk januari sampai sekarang tidak jelas kapan ada unit, sales sudah tidk respon, email ke customer care Geely Auto Indonesia malah lempar ke dealer, tidak ada solusi sampai sekarang",7,2026-04-13T02:55:43Z,2026-04-13T02:55:43Z,2026-09-19T00:23:14.379690+00:00,"seenak-enaknya mobil harus liat pabrikannya, saya liat geely belum serius jualan di indonesia, terbukti dari delivery yang tidak merata, saya spk januari sampai sekarang tidak jelas kapan ada unit, sales sudah tidk respon, email ke customer care geely auto indonesia malah lempar ke dealer, tidak ada solusi sampai sekarang",,,,netral,Rule-Based,,,,
UgwnGS51To8Oh71pSS54AaABAg,BFp1_jq3zVo,22db9037fd1c9525db5532edc35dfed75fb7d05fd6926649d9e80ebc2fc67d51,"Ada yang sudah mofid geely ex2 gak ya? Kayak ganti velg pakai racing, upgrade audio, kira2 akan berpengaruh pada peforma batre gak ya?",0,2026-04-04T07:46:59Z,2026-04-04T07:46:59Z,2026-09-19T00:23:14.379690+00:00,"ada yang sudah mofid geely ex2 tidak ya? kayak ganti velg pakai racing, upgrade audio, kira2 akan berpengaruh pada peforma baterai tidak ya?",,,netral,,Rule-Based,,,,
UgzMzYpEfeJu5paVF9Z4AaABAg,BFp1_jq3zVo,016b42480aba5ecc0690d92bef09f1549ac841eccd78f631bfe2dd3ba8cc4930,"Harga beda tipis sama ATTO 1, TAPI soal fitur, kenyamanan, tenaga, jangkauan, suspensi, feeling berkendaraan interior dan exterior BEDA JAUH sieh, mending ambil Geely EX2. Di China ini juga mobil paling laris",1,2026-07-12T07:41:34Z,2026-07-12T07:41:34Z,2026-09-19T00:23:14.379690+00:00,"harga beda tipis sama atto 1, tapi soal fitur, kenyamanan, tenaga, jangkauan, suspensi, feeling berkendaraan interior dan exterior beda jauh sieh, lebih baik ambil geely ex2. di china ini juga mobil paling laris",,positif,positif,,Rule-Based,,,,
UgzcFRIweGEpznkIpDZ4AaABAg,BFp1_jq3zVo,8722b356d0779353ba0143626cac9381552621ec30c4ae97696670aee995f42a,"saya sebelumnya pakai H1-Diesel; mobil powerfull, nyaman, enak, responsive.

3 minggu pakai EX2 Pro :
- powerfull masih ada -- bahkan lebih kenceng kayanya
- nyaman -- asli ini mirip bgt karakter suspensinya sama mobil H1 saya (sudah di racik juga), padahal expect nya kalau mobil kecil tu relatif keras atau stiff gitu
- responsive -- tentu ini listrik

tambahan nya, 
- lincah
- irit


rasa berkendara :
saya tidak expect banyak, ADAS memang kurang ya tp ya udah 230jt gitu loh. tapi kalau saya ada dana lebih ? pasti ambil yang MAX (atau J5 yang 300jtan sekalian)
spion -- minor bgt lah ini mobil lama saya jg ga pake retract
wiper belakang -- ada juga jarang saya pake hehe
materal -- solid poll. dashboard emang hampir plastik semua, tp ga keliatan murah. coba aja pas kalian test drive. pencet2 panel2 di depan, bagus materialnya.
pintu -- mantep, dibanding mobil2 seharga kayanya paling ""deb"" gitu klo di tutup.

batre aman 40kw -- 390 km dapet kayanya 10kw/100km rata2 saya
ngecas cepet -- kuat ngecas dc sampai 60kwh. (pasti <1jam klo charger nya kenceng, karena batrenya cuma 40kwh)
size mobil -- proper. bagasi pas, duduk pas, depan belakang pas. cocok lah. 

kekurangan ?
kurang 30jg coy tau gitu beli yang MAX 😭

nb : nanti beli lagi aja deh 1 lagi wkwkw",3,2026-04-01T06:29:09Z,2026-04-01T06:29:09Z,2026-09-19T00:23:14.379690+00:00,"saya sebelumnya pakai h1-diesel; mobil powerfull, nyaman, enak, responsive. 3 minggu pakai ex2 pro : - powerfull masih ada -- bahkan lebih kenceng kayanya - nyaman -- asli ini mirip banget karakter suspensinya sama mobil h1 saya (sudah di racik juga), padahal expect nya kalau mobil kecil tu relatif keras atau stiff gitu - responsive -- tentu ini listrik tambahan nya, - lincah - irit rasa berkendara : saya tidak expect banyak, adas memang kurang ya tapi ya udah 230jt gitu loh. tapi kalau saya ada dana lebih ? pasti ambil yang max (atau j5 yang 300jtan sekalian) spion -- minor banget lah ini mobil lama saya jg tidak pakai retract wiper belakang -- ada juga jarang saya pakai hehe materal -- solid poll. dashboard emang hampir plastik semua, tapi tidak keliatan murah. coba aja pas kalian test drive. pencet2 panel2 di depan, bagus materialnya. pintu -- mantep, dibanding mobil2 seharga kayanya paling ""deb"" gitu kalau di tutup. baterai aman 40kw -- 390 km dapet kayanya 10kw/100km rata2 saya mengisi daya cepet -- kuat mengisi daya dc sampai 60kwh. (pasti <1jam kalau charger nya kenceng, karena batrenya cuma 40kwh) size mobil -- proper. bagasi pas, duduk pas, depan belakang pas. cocok lah. kekurangan ? kurang 30jg coy tau gitu beli yang max 😭 nb : nanti beli lagi aja deh 1 lagi wkwkw",positif,positif,positif,,Rule-Based,,,,
UgwyWHJA8Kq0hIV2M0J4AaABAg,BFp1_jq3zVo,75418d3ca11111495895599e6375ad69c1e7c6fc6eebfbc22d66cbf2969cff64,"Tuh kan ada spklu shell, gw bilang ke temen2 yg masi kolot gak mau beli ev pd gak percaya 😂😂 ntar ku share aja vids ini ke mrk 😂",3,2026-04-01T03:43:36Z,2026-04-01T03:43:36Z,2026-09-19T00:23:14.379690+00:00,"tuh kan ada stasiun pengisian kendaraan listrik umum shell, gw bilang ke temen2 yg masi kolot tidak mau beli ev pd tidak percaya 😂😂 ntar ku share aja vids ini ke mrk 😂",netral,,,,Rule-Based,,,,
UgyrXU7M8_ogctu-MTJ4AaABAg,BFp1_jq3zVo,cc8f9a088aec8ca064ae81c18c55ba543c6dfa24b152961d0f732d298998b985,Pengalaman selama 3 minggu ini pake ex2 memang enak bener. Suspensi nya nyaman sat set...,3,2026-03-31T13:41:56Z,2026-03-31T13:41:56Z,2026-09-19T00:23:14.379690+00:00,pengalaman selama 3 minggu ini pakai ex2 memang enak bener. suspensi nya nyaman sat set..,,,positif,,Rule-Based,,,,
UgyYuPj4U16EEVPq7cR4AaABAg,BFp1_jq3zVo,eebbae6660dc3517898231e29f17b06151bbec364edb2db8d99cb250c4b4a655,"Dari video ini baru tahu kalo Geely EX2 versi yg terbaru utk market Indonesia suspensi nya dikerasin. EX2 saya kayanya dapat yg pre production kaya di China. Memang agak sedikit melayang terutama yg belakang, kalau bisa di setting lebih keras dikitt aja lebih enak buat jalanan di Indonesia.",1,2026-04-02T12:48:04Z,2026-04-02T12:48:04Z,2026-09-19T00:23:14.379690+00:00,"dari video ini baru tahu kalo geely ex2 versi yg terbaru untuk market indonesia suspensi nya dikerasin. ex2 saya kayanya dapat yg pre production kaya di china. memang agak sedikit melayang terutama yg belakang, kalau bisa di setting lebih keras dikitt aja lebih enak buat jalanan di indonesia.",,,netral,,Rule-Based,,,,
UgwAR65MZLmeNPA2wdt4AaABAg,BFp1_jq3zVo,996723425f6cc0e4a083d9dd564714200f526d5adaca49829c5429a9cac283f2,"update firmware terbaru udh ada android auto dan acp bang..... Menurut saya yg kurang itu parkir netral yg belum bisa, tdk bs parkir paralel. Selain itu, garansi elektronik yang belum jelas, masa ga bisa nambah speaker buat pintu belakang tanpa merusak garansi?",4,2026-03-31T17:55:22Z,2026-03-31T17:55:22Z,2026-09-19T00:23:14.379690+00:00,"update firmware terbaru sudah ada android auto dan acp bang.. menurut saya yg kurang itu parkir netral yg belum bisa, tidak bs parkir paralel. selain itu, garansi elektronik yang belum jelas, masa tidak bisa nambah speaker buat pintu belakang tanpa merusak garansi?",,negatif,negatif,,Rule-Based,,,,
UgySKLSDmFlmMo8nEZ94AaABAg,z1fWo8tYynA,73c3740faaf8dd26b4ca5b85de8a9ec8f0c301dc7ebe174c24eb30d9dba59631,"Baterei ev harus sering ganti itu mitos bos
Faktanya menurut laporan konsumen luar negeri
95% batrei ev bisa tahan diatas 10 tahun
Ini lom ditambah fakta batrei ev bakal makin murah
Dalam 10 tahun saja sudah turun 80%",0,2025-12-21T02:12:11Z,2025-12-21T02:12:11Z,2026-09-19T00:23:13.239008+00:00,baterei ev harus sering ganti itu mitos bos faktanya menurut laporan konsumen luar negeri 95% baterai ev bisa tahan diatas 10 tahun ini lom ditambah fakta baterai ev bakal makin murah dalam 10 tahun saja sudah turun 80%,,positif,positif,,Rule-Based,,,,
Ugwvvtc7fkYKXR9CFQB4AaABAg,BFp1_jq3zVo,3032fda998cd21c574b82a83e95af92525d7a1e03f3da40cc8ace9603a3651fa,"Gak jelas barangnya kapan dateng, harganya juga Dr iims sama aja. Saran sih gak usah terburu2 beli, ada beberapa competitor datang kaya chery",1,2026-03-31T15:59:15Z,2026-03-31T15:59:15Z,2026-09-19T00:23:14.379690+00:00,"tidak jelas barangnya kapan dateng, harganya juga dari iims sama aja. saran sih tidak usah terburu2 beli, ada beberapa competitor datang kaya chery",,netral,,,Rule-Based,,,,
Ugxl2UV2p-fy9VjskpN4AaABAg,BFp1_jq3zVo,452cc36edb96c9a7e2c88f975cce114dbb6474f67322a6bb3f6824f4d0f00645,"RWD, tenaganya lumayan, jarak-tempuhnya lumayan, ground-clearance-nya lumayan, kemampuan pengisian dayanya lumayan, ATAPNYA BUKAN PANORAMIC SUNROOF/MOONROOF dan ada rear defogger.

Sayangnya, interiornya ada putih-putihnya dan ngga ada wiper kaca belakang.",0,2026-04-01T02:14:03Z,2026-04-01T02:14:03Z,2026-09-19T00:23:14.379690+00:00,"rwd, tenaganya lumayan, jarak-tempuhnya lumayan, ground-clearance-nya lumayan, kemampuan pengisian dayanya lumayan, atapnya bukan panoramic sunroof/moonroof dan ada rear defogger. sayangnya, interiornya ada putih-putihnya dan tidak ada wiper kaca belakang.",,,netral,,Rule-Based,,,,
UgyOxvi3QljnHNci8jh4AaABAg,BFp1_jq3zVo,39285870bd164ba262966492360b5433eca079857f46c30b0bdeda5a2ca82200,Masih enak Aion ut dengan harga selisih sedikit,0,2026-04-01T04:57:18Z,2026-04-01T04:57:18Z,2026-09-19T00:23:14.379690+00:00,masih enak aion ut dengan harga selisih sedikit,,netral,,,Rule-Based,,,,
UgxC-ITo5XwvhDrz-dl4AaABAg,BFp1_jq3zVo,17cfe84f6f1b2257b865df908abed8a4887af2b5cf04e0a59165039ffe118e01,"kenapa juga baterainya di kolong gak dikasih cover, ya kali setiap yg beli harus pasang cover after market",0,2026-04-01T07:13:31Z,2026-04-01T07:13:31Z,2026-09-19T00:23:14.379690+00:00,"kenapa juga baterainya di kolong tidak dikasih cover, ya kali setiap yg beli harus pasang cover after market",,,netral,,Rule-Based,,,,
UgyrK7GSPBH4uyTP7d94AaABAg,BFp1_jq3zVo,cab35fdcc391e2415d6f028d54bc6c7ef719abb09ff283675c05411a8e1d67d1,"Suami lg cari cari mobil listrik. Pilihannya Geely ex 2, BYD Atto 1, atau Jaecoo J5. Kami baru sempat test drive Atto 1. Posisi saat test drive adalah suami di kemudi dan saya di belakang. Dan baru 10 menit jalan, badan saya pegal sekaliii. Terutama bagian punggung. Lalu sebentarnya jadi bagian kaki juga. Saya coba coba perbaiki posisi tapi tetap saja pegal. Lama lama malah merasa feeling sick dan kembung. Posisi saya sangat tidak ergonomis mungkin karena kursinya berbentuk melengkung cekung, bukan datar. Apakah Geely ex 2 ini seperti itu juga? Bagaimana kenyamanan menggunakan Geely ex 2? Karena saya sangat naksir yang ini (baru lihat unit, test drive masih dijadwalkan), sedangkan suami sangat tertarik (bagi dia worth it) Jaecoo J5. Saya tidak, karena sangat besar apalagi kami sudah ada Xpander dan Innova juga. Tolong sharingnyaaa karena saya gemes bgt sama Geely ini sedangkan suami merasa bahwa Geely ex 2 terlalu girly. Hehee 😇",1,2026-04-14T10:04:59Z,2026-04-14T10:04:59Z,2026-09-19T00:23:14.380689+00:00,"suami lagi cari cari mobil listrik. pilihannya geely ex 2, byd atto 1, atau jaecoo j5. kami baru sempat test drive atto 1. posisi saat test drive adalah suami di kemudi dan saya di belakang. dan baru 10 menit jalan, badan saya pegal sekalii. terutama bagian punggung. lalu sebentarnya jadi bagian kaki juga. saya coba coba perbaiki posisi tapi tetap saja pegal. lama lama malah merasa feeling sick dan kembung. posisi saya sangat tidak ergonomis mungkin karena kursinya berbentuk melengkung cekung, bukan datar. apakah geely ex 2 ini seperti itu juga? bagaimana kenyamanan menggunakan geely ex 2? karena saya sangat naksir yang ini (baru lihat unit, test drive masih dijadwalkan), sedangkan suami sangat tertarik (bagi dia layak it) jaecoo j5. saya tidak, karena sangat besar apalagi kami sudah ada xpander dan innova juga. tolong sharingnyaa karena saya gemes banget sama geely ini sedangkan suami merasa bahwa geely ex 2 terlalu girly. hehee 😇",,,positif,,Rule-Based,,,,
Ugx7VipD3pBs0jBY62R4AaABAg,BFp1_jq3zVo,237d9c5f31af97b88c07cb06dfc4263a81717aba3c01bc54bfd784b66e7c3bea,Suspensi dewasa maksudnya gimana sih? Udah banyak pengalaman hidup? Bijaksana? Pandai mencari uang?,0,2026-04-01T03:03:34Z,2026-04-01T03:03:34Z,2026-09-19T00:23:14.380689+00:00,suspensi dewasa maksudnya gimana sih? udah banyak pengalaman hidup? bijaksana? pandai mencari uang?,,,netral,,Rule-Based,,,,
UgwFVPHAgdMxEwuhjS14AaABAg,BFp1_jq3zVo,bc552ca51c8e1570a1601193d6b06c9f2548241c26005f819c50a7d8bb715824,"oo pemegang saham terbesar geely adalah volvo cars, mobil volvo dikenal nyaman dn kokoh, kayaknya pesaing berat byd atto 1 ini.

btw secara pribadi aku lebih suka ini dripda atto 1 walaupun blum sanggup beli hehe",0,2026-04-01T14:21:03Z,2026-04-01T14:21:03Z,2026-09-19T00:23:14.380689+00:00,"oo pemegang saham terbesar geely adalah volvo cars, mobil volvo dikenal nyaman dn kokoh, kayaknya pesaing berat byd atto 1 ini. btw secara pribadi aku lebih suka ini dripda atto 1 walaupun blum sanggup beli hehe",,,positif,,Rule-Based,,,,
UgxcSlOLTz7urs-nitN4AaABAg,bC7X9DplrIc,48152975a61b26e53b8bf18b5366f267d91b7712644c60e664f29dd32609d179,"Harga Geely EX2 ini adalah Rp 229,9 juta (Pro) dan Rp 259,9 juta (Max), gimana ok nggak?",26,2026-03-04T14:59:24Z,2026-03-04T14:59:24Z,2026-09-19T00:23:14.522723+00:00,"harga geely ex2 ini adalah rp 229,9 juta (pro) dan rp 259,9 juta (max), gimana ok nggak?",,netral,,,Rule-Based,,,,
UgzGQty36VLKlYce5l94AaABAg,bC7X9DplrIc,016b42480aba5ecc0690d92bef09f1549ac841eccd78f631bfe2dd3ba8cc4930,"Harga beda tipis sama ATTO 1, TAPI soal fitur, kenyamanan, tenaga, jangkauan, suspensi, interior dan exterior BEDA JAUH sieh, mending ambil Geely EX2. Di China ini juga mobil paling laris. Battery Lifetime lagi",6,2026-07-13T19:32:34Z,2026-07-13T19:32:34Z,2026-09-19T00:23:14.522723+00:00,"harga beda tipis sama atto 1, tapi soal fitur, kenyamanan, tenaga, jangkauan, suspensi, interior dan exterior beda jauh sieh, lebih baik ambil geely ex2. di china ini juga mobil paling laris. battery lifetime lagi",,positif,positif,,Rule-Based,,,,
UgxtcL76y-cPLmPKbC14AaABAg,bC7X9DplrIc,6b5c5284471e8049bf1e6b4a7d0b95af58be914e51523d53197a9d5795943f77,"Berikut adalah rangkuman plus minusnya berdasarkan ulasan tersebut:
Kekurangan (Minus)
 * Spion Belum Auto-Retract: Spion samping masih harus dilipat secara manual menggunakan tenaga tangan, yang dirasa merepotkan terutama saat melewati gang sempit [00:53].
 * Tanpa Wiper Belakang: Tidak adanya wiper belakang menyulitkan visibilitas saat hujan atau ketika kaca kotor, karena hanya mengandalkan defogger [12:23].
 * Bagian Kolong Mesin Terbuka: Sebelumnya ada kekhawatiran karena motor listrik di bagian bawah tidak tertutup cover, sehingga riskan terkena gangguan hewan pengerat (meskipun unit di video sudah terpasang cover) [01:52].
 * Interior Warna Putih Cepat Kotor: Pada tipe tertinggi (Max), interior warna putih sangat mudah terlihat kotor dan memerlukan usaha lebih untuk membersihkannya [04:14].
 * Fitur Kursi Belakang Kurang Lengkap: Meski lega, kursi baris kedua tidak memiliki armrest tengah dan belum dilengkapi tonneau cover (penutup bagasi) sebagai standar pabrik [03:21].
 * Tanpa Wireless Charging: Fitur wireless charging yang ada pada versi China dihilangkan untuk pasar Indonesia [14:47].
Kelebihan (Plus)
 * Kenyamanan Berkendara (Suspensi): Menggunakan suspensi MacPherson di depan dan multilink di belakang, memberikan bantingan yang empuk dan nyaman namun tetap stabil saat bermanuver [10:38].
 * Visibilitas & Kamera 540 Derajat: Pandangan ke segala arah sangat luas, ditambah fitur kamera 540 derajat yang bisa ""melihat"" menembus kolong mobil untuk menghindari rintangan [05:35].
 * Radius Putar Kecil: Memiliki radius putar hanya 4,9 meter, sehingga sangat lincah untuk putar balik atau bermanuver di area sempit [06:23].
 * Sistem Hiburan & UI Canggih: Menggunakan Flyme Auto OS dengan layar 14 inci yang sangat responsif, animasinya halus, dan tidak membingungkan [13:14].
 * Intervensi ADAS yang Halus: Fitur keselamatan aktif (ADAS) bekerja secara progresif dan tidak mengagetkan pengemudi dengan pengereman mendadak yang kasar [15:21].
 * Pengisian Daya Cepat: Mendukung DC Fast Charging (CCS tipe 2) yang dapat mengisi baterai dari 20% ke 80% hanya dalam waktu sekitar 25 menit [12:29].
 * Kualitas Audio: Meskipun hanya memiliki 4 speaker, fitur spatial sound dari sistem operasinya membuat kualitas audio terdengar sangat baik [16:59].
Secara keseluruhan, Geely EX2 dinilai sebagai mobil listrik yang tidak hanya fungsional, tapi juga menawarkan kenyamanan dan teknologi yang menyenangkan untuk penggunaan dalam kota.",25,2026-03-06T00:57:38Z,2026-03-06T00:57:38Z,2026-09-19T00:23:14.522723+00:00,"berikut adalah rangkuman plus minusnya berdasarkan ulasan tersebut: kekurangan (minus) * spion belum auto-retract: spion samping masih harus dilipat secara manual menggunakan tenaga tangan, yang dirasa merepotkan terutama saat melewati gang sempit [00:53]. * tanpa wiper belakang: tidak adanya wiper belakang menyulitkan visibilitas saat hujan atau ketika kaca kotor, karena hanya mengandalkan defogger [12:23]. * bagian kolong mesin terbuka: sebelumnya ada kekhawatiran karena motor listrik di bagian bawah tidak tertutup cover, sehingga riskan terkena gangguan hewan pengerat (meskipun unit di video sudah terpasang cover) [01:52]. * interior warna putih cepat kotor: pada tipe tertinggi (max), interior warna putih sangat mudah terlihat kotor dan memerlukan usaha lebih untuk membersihkannya [04:14]. * fitur kursi belakang kurang lengkap: meski lega, kursi baris kedua tidak memiliki armrest tengah dan belum dilengkapi tonneau cover (penutup bagasi) sebagai standar pabrik [03:21]. * tanpa wireless charging: fitur wireless charging yang ada pada versi china dihilangkan untuk pasar indonesia [14:47]. kelebihan (plus) * kenyamanan berkendara (suspensi): menggunakan suspensi macpherson di depan dan multilink di belakang, memberikan bantingan yang empuk dan nyaman namun tetap stabil saat bermanuver [10:38]. * visibilitas & kamera 540 derajat: pandangan ke segala arah sangat luas, ditambah fitur kamera 540 derajat yang bisa ""melihat"" menembus kolong mobil untuk menghindari rintangan [05:35]. * radius putar kecil: memiliki radius putar hanya 4,9 meter, sehingga sangat lincah untuk putar balik atau bermanuver di area sempit [06:23]. * sistem hiburan & ui canggih: menggunakan flyme auto os dengan layar 14 inci yang sangat responsif, animasinya halus, dan tidak membingungkan [13:14]. * intervensi adas yang halus: fitur keselamatan aktif (adas) bekerja secara progresif dan tidak mengagetkan pengemudi dengan pengereman mendadak yang kasar [15:21]. * pengisian daya cepat: mendukung dc fast charging (ccs tipe 2) yang dapat mengisi baterai dari 20% ke 80% hanya dalam waktu sekitar 25 menit [12:29]. * kualitas audio: meskipun hanya memiliki 4 speaker, fitur spatial sound dari sistem operasinya membuat kualitas audio terdengar sangat baik [16:59]. secara keseluruhan, geely ex2 dinilai sebagai mobil listrik yang tidak hanya fungsional, tapi juga menawarkan kenyamanan dan teknologi yang menyenangkan untuk penggunaan dalam kota.",positif,,positif,,Rule-Based,,,,
Ugy7yp1SdFOsaJdCiOd4AaABAg,bC7X9DplrIc,8016cd062e850da627ba5efa7d92dad2873ee3ea0d4b95182a95b2941200f8e6,"Dengan hadirnya J5 gue kira pasar mobil listrik bakal seru, ternyata masih sama kayak ICE, dibawah 400juta banyaak bener sunatnya ya walaupun beberapa fitur juga berasa di mobil mewah tapi tetep aja sih menurut gue cuma batere yang bikin mahal (plus pajak sialan). Kemaren jajal EX5 gak ada obat enak banget, tapi tetep aja ada sunatannya . padahal udah 480jt harganya .. menang lifetime battery warranty aja. Konoha emang gak ada obat.",2,2026-03-29T01:06:50Z,2026-03-29T01:06:50Z,2026-09-19T00:23:14.522723+00:00,"dengan hadirnya j5 gue kira pasar mobil listrik bakal seru, ternyata masih sama kayak ice, dibawah 400juta banyaak bener sunatnya ya walaupun beberapa fitur juga berasa di mobil mewah tapi tetep aja sih menurut gue cuma batere yang bikin mahal (plus pajak sialan). kemaren jajal ex5 tidak ada obat enak banget, tapi tetep aja ada sunatannya . padahal udah 480jt harganya .. menang lifetime battery warranty aja. konoha emang tidak ada obat.",,negatif,negatif,,Rule-Based,,,,
UgzTufEkpc101BntBa14AaABAg,bC7X9DplrIc,9282bb87c5693ec80bfe6e4183a591a9c9ed2ba854b00a459f3ac4815c0f14a4,Duh jadi pengen nuker atto 1 premium sama ex 2 max krn adas nya,0,2026-05-24T03:25:35Z,2026-05-24T03:25:35Z,2026-09-19T00:23:14.522723+00:00,duh jadi pengen nuker atto 1 premium sama ex 2 max karena adas nya,,,netral,,Rule-Based,,,,
UgyPkP9-JSsP8BrZPwp4AaABAg,bC7X9DplrIc,a92c6be085528bbe1d330de2a5a6956662070b01c43618284bb7bcf3c2a36131,"Secara spek sih juara, tapi spare part fast moving dan service center nya banyak kah, terutama di kota2 besar",2,2026-03-13T05:34:22Z,2026-03-13T05:34:22Z,2026-09-19T00:23:14.522723+00:00,"secara spek sih juara, tapi spare part fast moving dan service center nya banyak kah, terutama di kota2 besar",,,,netral,Rule-Based,,,,
UgxZssjSpE4GAWUyh8J4AaABAg,BFp1_jq3zVo,8016cd062e850da627ba5efa7d92dad2873ee3ea0d4b95182a95b2941200f8e6,"Kemaren test drive EX2 dan EX5 .. yang EX5 hampir gak ada obat sih, user experiencenya josss banget! apalagi garansi batre seumur hidup .. peace of mind, EX2 enak buat personal harian enak bangeett .. ngumpulin ginjal eh duit dulu buat beli",16,2026-03-31T16:48:40Z,2026-03-31T16:48:40Z,2026-09-19T00:23:14.379690+00:00,"kemaren test drive ex2 dan ex5 .. yang ex5 hampir tidak ada obat sih, user experiencenya joss banget! apalagi garansi baterai seumur hidup .. peace of mind, ex2 enak buat personal harian enak bangeett .. ngumpulin ginjal eh duit dulu buat beli",,netral,netral,,Rule-Based,,,,
UgzTcBah9L6I_EFIGlZ4AaABAg,BFp1_jq3zVo,c9fd58536f8932b1014c688c9f8089ac09fb057e145d8fd1e204254519b5a7ca,Untuk apple car play n android auto sudah bisa diupdate di dealer geely jadi sudah aman,16,2026-03-31T14:28:28Z,2026-03-31T14:28:28Z,2026-09-19T00:23:14.379690+00:00,untuk apple car play n android auto sudah bisa diupdate di dealer geely jadi sudah aman,,,,netral,Rule-Based,,,,
UgzULEkWV34Xjx1lVq94AaABAg,BFp1_jq3zVo,fe2f1d02d7607ed4c9dc9e6883265771bc8c2be18c1f21344a43ca8cdc17b744,"udah pake geely ex2 type max selama 1 bulan lebih dikit, berikut pengalaman saya 

Kelebihan
1. driving experience enak banget udah dibawa ke puncak effort less banget nanjak nikung gak limbung, stir nya itu enak banget harus cobain langsung deh
2. jok yang jauh lebih enak dibanding kompetitor, saya udah nyoba atto 1 beda nya berasa dibanding ex2 ini dan ruang kabin lega banget dibanding kompetitor
3. menurut saya ADASnya mateng di indonesia saya nyalahin autobrakesystemnya di jalanan indo selama ini gak pernah ngerem sendiri syukurnya, flymeauto nya juga mantap banget no lag samsek
4. trunk depan, ini sih sering kepake pas beli makanan berbau dan hangat biar kabin gak bau dan makanan tetep anget gak kena ac
5. suspensi bener kata dividio ini dewasa banget gak lebay tapi enak gitu
6. material solid semua gak ada yang bunyi bunyi untuk unit saya

kekurangan
1. spion belom retrack, tapi bagi saya gak impact banget
2. wiper belakang gak ada tapi saya pake defogger selama ini cukup sih

ini pendapat pribadi saya setelah pemakian 1bulan lebih,bukan melebih lebihkan jujur mobil ini enak untuk harga segini buat yang ragu mending test drive dulu nanti pasti ngerasa kenapa mobil ini dihargain lebih tinggi dibanding kompetitor",135,2026-03-31T14:13:42Z,2026-03-31T14:13:42Z,2026-09-19T00:23:14.379690+00:00,"udah pakai geely ex2 type max selama 1 bulan lebih dikit, berikut pengalaman saya kelebihan 1. driving experience enak banget udah dibawa ke puncak effort less banget nanjak nikung tidak limbung, stir nya itu enak banget harus cobain langsung deh 2. jok yang jauh lebih enak dibanding kompetitor, saya udah nyoba atto 1 beda nya berasa dibanding ex2 ini dan ruang kabin lega banget dibanding kompetitor 3. menurut saya adasnya mateng di indonesia saya nyalahin autobrakesystemnya di jalanan indo selama ini tidak pernah ngerem sendiri syukurnya, flymeauto nya juga bagus banget no lag samsek 4. trunk depan, ini sih sering kepake pas beli makanan berbau dan hangat biar kabin tidak bau dan makanan tetep anget tidak kena ac 5. suspensi bener kata dividio ini dewasa banget tidak lebay tapi enak gitu 6. material solid semua tidak ada yang bunyi bunyi untuk unit saya kekurangan 1. spion belom retrack, tapi bagi saya tidak impact banget 2. wiper belakang tidak ada tapi saya pakai defogger selama ini cukup sih ini pendapat pribadi saya setelah pemakian 1bulan lebih,bukan melebih lebihkan jujur mobil ini enak untuk harga segini buat yang ragu lebih baik test drive dulu nanti pasti ngerasa kenapa mobil ini dihargain lebih tinggi dibanding kompetitor",,positif,positif,,Rule-Based,,,,
Ugw8hIerxayP3xkkZfh4AaABAg,A-qeEyGaJM0,03056de4301f0a3c3c2aee0fcac56dd37bf0c248f652581f142b6156b3cd21b1,"Perbandingan Utk sekelas moblis uk compact dgn kec rata"" 90-100 kpj, dgn daya full ""katanya"" bisa 390 km full charging, ternyata konsumsi listriknya boros bgt yaa jika di lihat ternyata ga sampe 300 Km dgn kondisi dr 100-1 % jika di tol dgn kecepatan konstan 😢jatuhnya di hitung"" hampir kek biaya mobil ice small mpv yg konsumsi Pertalite :v",0,2026-09-16T12:04:18Z,2026-09-16T12:05:58Z,2026-09-19T00:23:14.162400+00:00,"perbandingan untuk sekelas moblis uk compact dengan kec rata"" 90-100 kpj, dengan daya full ""katanya"" bisa 390 km full charging, ternyata konsumsi listriknya boros banget yaa jika di lihat ternyata tidak sampe 300 km dengan kondisi dari 100-1 % jika di tol dengan kecepatan konstan 😢jatuhnya di hitung"" hampir kek biaya mobil ice small mpv yg konsumsi pertalite :v",netral,,,,Rule-Based,,,,
UgxNEet82d59r1oZcAd4AaABAg,z1fWo8tYynA,34dd53be234a2fa07797856c6c0514f9d8290467d88839b1cbb694b6735181b0,Kayaknya om mobi saja yg bilang suspensinya enak. Padahal hampir semua reviewer bilang suspensinya keras gak enak.,0,2025-09-17T14:29:29Z,2025-09-17T14:29:29Z,2026-09-19T00:23:13.239008+00:00,kayaknya om mobi saja yg bilang suspensinya enak. padahal hampir semua reviewer bilang suspensinya keras tidak enak.,,,netral,,Rule-Based,,,,
UgygT1RJtiHp5EemiqF4AaABAg,z1fWo8tYynA,dabe1d83c639ec355414c92c53cc17d1c1523963c6970ab94d89c79b9a9f4123,"Masih ingat waktu dulu Motor2 merek China jiplak motor2 Jepang, ada Kanzen, KTM, Jialing dll. Semua waktu itu kualitasnya sangat buruk. Tapi di akhir2 tahun ini baik Motor dan Mobil China kualitas, Desain dan Harga sangat bagus. Berbeda dengan di Indonesia hanya konsumtif dan mengurusi hal-hal yang ga penting.",15,2025-09-17T16:07:39Z,2025-09-17T16:07:39Z,2026-09-19T00:23:13.239008+00:00,"masih ingat waktu dulu motor2 merek china jiplak motor2 jepang, ada kanzen, ktm, jialing dll. semua waktu itu kualitasnya sangat buruk. tapi di akhir2 tahun ini baik motor dan mobil china kualitas, desain dan harga sangat bagus. berbeda dengan di indonesia hanya konsumtif dan mengurusi hal-hal yang tidak penting.",,positif,,,Rule-Based,,,,
Ugy6BY65guRo1ksbiZ54AaABAg,z1fWo8tYynA,8dd5dc47d83a3b140e72eab9f24fefe0c9c8708244657d3da24074b24f75738b,Kalau ke Samarinda jadi berapa ya harganya Bang??,0,2025-09-20T10:40:29Z,2025-09-20T10:40:29Z,2026-09-19T00:23:13.239008+00:00,kalau ke samarinda jadi berapa ya harganya bang??,,netral,,,Rule-Based,,,,
UgyMYIBZmg8XHeS9Ioh4AaABAg,z1fWo8tYynA,80287b681ddfe4a251527553d1d86fe22adb9b437a3f102c6b3ceafbb20689f7,"om ada nggak byd yg bisa ngecas sendiri pakai tenaga surya, mungkin atapnya di kasih balutan panel surya jadi saat parkir di depan kantor bisa ngecas sendiri hahaha....mungkin ada 5 tahun lagi kali ya.......",1,2025-11-12T06:51:48Z,2025-11-12T06:51:48Z,2026-09-19T00:23:13.239008+00:00,"om ada tidak byd yg bisa mengisi daya sendiri pakai tenaga surya, mungkin atapnya di kasih balutan panel surya jadi saat parkir di depan kantor bisa mengisi daya sendiri hahaha..mungkin ada 5 tahun lagi kali ya..",netral,,,,Rule-Based,,,,
Ugz12ZEcXsuj9aYps-V4AaABAg,z1fWo8tYynA,20847873075478af21a09fb4c5e278839f5f8d156a76873bc3613f069aecc64d,buat yg males bayar pajak 3jtan..atto cocok...1thn 300rb pajaknya...anti maling...maling males embat mobil listrik...gak perlu ganti oli dll..cuma sproring kaki aja,2,2025-09-18T19:00:16Z,2025-09-18T19:00:16Z,2026-09-19T00:23:13.239008+00:00,buat yg males bayar pajak 3jtan..atto cocok..1thn 300rb pajaknya..anti maling..maling males embat mobil listrik..gak perlu ganti oli dll..cuma sproring kaki aja,,netral,,,Rule-Based,,,,
Ugz3yYeDWvIHQ4msY5d4AaABAg,z1fWo8tYynA,5d2e80ae710baf6767b7314b953004f0b5271d109b3ceecdf035216a5b4512fb,Kartu nfc itu bisa di clone ke hp vivo yg ada fitur wallet digital. Bawa hp saja uda cukup,0,2025-09-18T13:39:34Z,2025-09-18T13:39:34Z,2026-09-19T00:23:13.927196+00:00,kartu nfc itu bisa di clone ke hp vivo yg ada fitur wallet digital. bawa hp saja uda cukup,,,netral,,Rule-Based,,,,
UgxB0172YUC92h0P1ix4AaABAg,z1fWo8tYynA,719eab86ab03926b66023cc683eff869229aeb8b919e647ae678274ca281950c,Skaliannya rusak klistrikan ratusan juta,0,2025-10-10T16:49:52Z,2025-10-10T16:49:52Z,2026-09-19T00:23:13.927196+00:00,skaliannya rusak klistrikan ratusan juta,,,negatif,,Rule-Based,,,,
UgwDeVarVMbYTSy4OZZ4AaABAg,z1fWo8tYynA,08221aab418e784bd308bcf3ce2db089adeb528474b7160a9dc5367c6ea4a2d7,"Tunggu siklus hidup produknya akan menurun seiring akan cenderung kurang permintaan pasar, apalagi bicara baterai. 

Mobil listrik sama saja dengan memanggil doraemon dan meminta senter ajaib untuk memperbesar mainan mobil2an dengan baterai menjadi besar.",1,2025-10-07T23:31:30Z,2025-10-07T23:31:30Z,2026-09-19T00:23:13.927196+00:00,"tunggu siklus hidup produknya akan menurun seiring akan cenderung kurang permintaan pasar, apalagi bicara baterai. mobil listrik sama saja dengan memanggil doraemon dan meminta senter ajaib untuk memperbesar mainan mobil2an dengan baterai menjadi besar.",,,netral,,Rule-Based,,,,
UgweADQr8xU7M0CtexB4AaABAg,z1fWo8tYynA,174f36174e569ad5db48e18d36b0dadfe1fa7525b3653cae78bdb1e75471fcd7,"Mahal cicilannya, berasa kaya beli mobil harga 270an",0,2025-09-18T09:14:42Z,2025-09-18T09:14:42Z,2026-09-19T00:23:13.927196+00:00,"mahal cicilannya, berasa kaya beli mobil harga 270an",,negatif,,,Rule-Based,,,,
Ugz4bFqHl0QGnsv3Lrt4AaABAg,z1fWo8tYynA,95f0de7a51400f40682e0d8036ac3aaf67ddd2ae6fbcf74ef56f3e8c812ef90e,"Nanya serius nih..
Listrik rumah 1300 Watt apa bisa buat ngecas mobil begini.??",0,2025-09-18T04:28:51Z,2025-09-18T04:28:51Z,2026-09-19T00:23:13.927196+00:00,nanya serius nih.. listrik rumah 1300 watt apa bisa buat mengisi daya mobil begini.??,netral,,,,Rule-Based,,,,
UgzzCepCooYuk4xUhSd4AaABAg,z1fWo8tYynA,407eb2646fd0910d9a01d972167a7598f9f0afc49123a3d23cec56d295530205,kl mobil listrik gini pajaknya nyampai berapaan ya?,0,2025-11-14T07:44:45Z,2025-11-14T07:44:45Z,2026-09-19T00:23:13.927196+00:00,kalau mobil listrik gini pajaknya nyampai berapaan ya?,,netral,,,Rule-Based,,,,
UgzuLmugryqst3IWXOJ4AaABAg,z1fWo8tYynA,38fd47b9e61f0dc277609108e182229c675d08c9be0870db55200beacb407d57,GK perlu emosi beli sabar saja nanti klw sudah stock melimpah di cuekin biasa saja harga juga pasti turun apalagi harga second pasti ambruk bisa tukar tambah DP ringan dll lebih terjangkau kabarnya ada pabrik nya di indonesia wah...tambah murah lg.,0,2025-09-18T01:06:41Z,2025-09-18T01:06:41Z,2026-09-19T00:23:13.927196+00:00,tidak perlu emosi beli sabar saja nanti klw sudah stock melimpah di cuekin biasa saja harga juga pasti turun apalagi harga bekas pasti ambruk bisa tukar tambah dp ringan dll lebih terjangkau kabarnya ada pabrik nya di indonesia wah..tambah murah lg.,,positif,,,Rule-Based,,,,
UgydSbBHXFZRmnnwxdd4AaABAg,z1fWo8tYynA,521a295dc7a58dd37fc561e0eeb940c364d82d641ffdc9ee32b859bc1195193c,Kami suka karna murah ????  Bagi kaum umum harus di pikirkan lagi,0,2025-10-07T02:24:20Z,2025-10-07T02:24:20Z,2026-09-19T00:23:13.927196+00:00,kami suka karna murah ?? bagi kaum umum harus di pikirkan lagi,,positif,,,Rule-Based,,,,
Ugy4_RqCamtyKURuPxp4AaABAg,z1fWo8tYynA,14200c2fb024c0053ab9a8074fea7d64d901db6172446c582f372a5fb2807864,Harga segitu...hancur LCGC....kemahalan....😂😂😂😂😂😂,0,2025-10-07T07:22:35Z,2025-10-07T07:22:35Z,2026-09-19T00:23:13.927196+00:00,harga segitu..hancur lcgc..kemahalan..😂😂,,negatif,,,Rule-Based,,,,
UgzaHMC2o42VDlmK6E14AaABAg,z1fWo8tYynA,ebff882aa9b732a5a3832e02a2fcb79b64d1ff8381ef48de66eea8ddc6b83641,"In Indonesia premium package: € 11,000
In very poor nature Europe especially The Netherlands the basic package starts from € 23,000 🤣🤣🤣🤣

BYD Seagull/Dolphin Surf/Dolphin Mini/Atto 1 

Original design by Lamborghini's designer himself Wolfgang Egger. 
The end of the Japanese automotive industry colonization in Indonesia. 
Thanks to China the automotive industry colonization is also about to end in Southeast Asia. 
I would say culture of hypocrisy instead of respect and manner.
Real rich will never colonize and scam others so sadistically like Japan, the west, etc.. 
The entire northern hemisphere was and will always be the true poorest of the world according me a complete multiracial born Indonesian living around the world all alone since a child.
Even the world map is on purpose belittling Huge Super Rich Indonesia since hundreds of years. The only world's ""The Emerald of The Equator"".",0,2025-09-23T11:54:02Z,2025-09-23T11:54:02Z,2026-09-19T00:23:13.927196+00:00,"in indonesia premium package: € 11,00 in very poor nature europe especially the netherlands the basic package starts from € 23,00 🤣🤣 byd seagull/dolphin surf/dolphin mini/atto 1 original design by lamborghini's designer himself wolfgang egger. the end of the japanese automotive industry colonization in indonesia. thanks to china the automotive industry colonization is also about to end in southeast asia. i would say culture of hypocrisy instead of respect and manner. real rich will never colonize and scam others so sadistically like japan, the west, etc.. the entire northern hemisphere was and will always be the true poorest of the world according me a complete multiracial born indonesian living around the world all alone since a child. even the world map is on purpose belittling huge super rich indonesia since hundreds of years. the only world's ""the emerald of the equator"".",,,netral,,Rule-Based,,,,
Ugwqg8V3wX0hlExu4hR4AaABAg,z1fWo8tYynA,b5d4c6d02a78a53d2734169caf7a3e44d0cd2d2253c26f1062d769bed78c8221,Disamping ada tipe Dynamic dan Premium ini ada BYD Seagull,0,2025-11-12T08:16:24Z,2025-11-12T08:16:24Z,2026-09-19T00:23:13.927196+00:00,disamping ada tipe dynamic dan premium ini ada byd seagull,,,netral,,Rule-Based,,,,
Ugwiu9KGicXz21AcIvB4AaABAg,A-qeEyGaJM0,fb751b95a574d7bf7c145197002eb749c3d3cb87832d1d26b475792533219964,"resume persentase2 dan km perjalanannya 
data pertama : kotwis cibubur - km 130 cipali (jarak tempuh 130 atau 150 KM tergantung lewat mapnya yang mana) => 80% ke 30 % (terpakai 50%)
data kedua : km 130 cipali - km 379 batang = jarak tempuh 249 KM di => 100% ke 6% (terpakai 94%)
data ketiga : pintu tol solo ke teras melati (695A) = jarak tempuh google map 252 KM ==> full ke baterai udah mau abis sisa 26KM

sepertinya dari data pertama dan kedua di percobaan ride ini (2 penumpang berat barang bawaan relatif ringan dan dengan kecepatan variatif/ada info relatif ngebut ngerjar waktu) keliatan kalau penggunaan di tol-nya mobil ini fully charge bisa cover jarak tol sekitar 250~260 KMan. 
Kalau mau tenang mungkin perlu berhenti di sekitar 200an KMan untuk ngecharge

data ketiganya juga mirip2 KMnya dari full ke baterai mau abis",21,2026-09-16T02:08:58Z,2026-09-16T02:17:31Z,2026-09-19T00:23:14.160865+00:00,resume persentase2 dan km perjalanannya data pertama : kotwis cibubur - km 130 cipali (jarak tempuh 130 atau 150 km tergantung lewat mapnya yang mana) => 80% ke 30 % (terpakai 50%) data kedua : km 130 cipali - km 379 batang = jarak tempuh 249 km di => 100% ke 6% (terpakai 94%) data ketiga : pintu tol solo ke teras melati (695a) = jarak tempuh google map 252 km ==> full ke baterai udah mau abis sisa 26km sepertinya dari data pertama dan kedua di percobaan ride ini (2 penumpang berat barang bawaan relatif ringan dan dengan kecepatan variatif/ada info relatif ngebut ngerjar waktu) keliatan kalau penggunaan di tol-nya mobil ini fully charge bisa cover jarak tol sekitar 250~260 kman. kalau mau tenang mungkin perlu berhenti di sekitar 200an kman untuk ngecharge data ketiganya juga mirip2 kmnya dari full ke baterai mau abis,netral,,netral,,Rule-Based,,,,
Ugw2rEGjf7n-y-EEdWN4AaABAg,A-qeEyGaJM0,a520c03ae006a29b1ea946d31262bf44acb7e43b75cc096bdf6f3df8f8463ab4,"Mobilnya bagus tapi sayang dealer nya masih sedikit, after sales nya pun masih tanda tanya",5,2026-09-15T22:39:58Z,2026-09-15T22:39:58Z,2026-09-19T00:23:14.160865+00:00,"mobilnya bagus tapi sayang dealer nya masih sedikit, after sales nya pun masih tanda tanya",,,,positif,Rule-Based,,,,
Ugw3loZjLlerMwwQBe14AaABAg,A-qeEyGaJM0,3c3fa1664ae42bee2ff10a8d1e3ef5fb4c0308b4845bda138d073919d04d4584,"kmrn abis ke surabaya naek m6, mesin ultra fast charging 200kw nya kynya ud tua cm bs 60kw aja masuk nya, mobil nya bs masuk 100an kw mesti nya. mending colok ke mesin yg lbh baru yg warna putih smua. kalo ga urgent n ga ada charger laen slaen si 200kw mending skip ke next RA aja biar bs full power. ud ngalamin 2x di RA102B dan 62B, pas pergi aman dapet yg mesin baru smua. di km 102B ada yg charge jg disebelah, kebagi 2 lagi cm 25kw yg masuk, bs 2 jam baru penuh, kapan nyampe nya, ke toilet lgsg cabut aja pindah ke 62B.",0,2026-09-16T17:10:58Z,2026-09-16T17:10:58Z,2026-09-19T00:23:14.160865+00:00,"kmrn abis ke surabaya naek m6, mesin ultra fast charging 200kw nya kynya ud tua cm bs 60kw aja masuk nya, mobil nya bs masuk 100an kw mesti nya. lebih baik colok ke mesin yg lbh baru yg warna putih smua. kalo tidak urgent n tidak ada charger laen slaen si 200kw lebih baik skip ke next ra aja biar bs full power. ud ngalamin 2x di ra102b dan 62b, pas pergi aman dapet yg mesin baru smua. di km 102b ada yg charge jg disebelah, kebagi 2 lagi cm 25kw yg masuk, bs 2 jam baru penuh, kapan nyampe nya, ke toilet lgsg cabut aja pindah ke 62b.",netral,,,,Rule-Based,,,,
UgwiB7luFplPW8xV4a94AaABAg,A-qeEyGaJM0,cb7766aa7a50b39dc8ea036ab5e9b1e35f8857e2e428b6bd76b24a81304c7f8b,"Bgm jika Autonetmagz roadtrip di pulau sumatra dr jkt ke medan dgn mobil listrik krn di pulau jawa prasarana dan sarana spklu sudah bagus dan juga sudah banyak konten nya. Tampaknya lebih seru sekaligus explore mobilnya, pariwisatanya, dll.",2,2026-09-17T06:59:40Z,2026-09-17T06:59:40Z,2026-09-19T00:23:14.160865+00:00,"bgm jika autonetmagz roadtrip di pulau sumatra dari jkt ke medan dengan mobil listrik karena di pulau jawa prasarana dan sarana stasiun pengisian kendaraan listrik umum sudah bagus dan juga sudah banyak konten nya. tampaknya lebih seru sekaligus explore mobilnya, pariwisatanya, dll.",positif,,,,Rule-Based,,,,
Ugz4KdmiTcqrzlDsXNp4AaABAg,A-qeEyGaJM0,d3225c12a046ea9c56a1069d0e58aaf067dd1e881e154d308a8ab6cf0bf05580,Garansi batere ga lifetime ya?,0,2026-09-16T05:19:40Z,2026-09-16T05:19:40Z,2026-09-19T00:23:14.160865+00:00,garansi batere tidak lifetime ya?,,netral,,,Rule-Based,,,,
Ugwt-tN-q7HZ6uLnwcV4AaABAg,A-qeEyGaJM0,cc1ec33f76f82a8d1b256311dd0cb05ac87145896006c34ff28b7bcbc0e486ee,"Padahal td kalau lanjut, dr Mojokerto di km 725 ada SPKLU yg 5 mesin 10 nozzle",1,2026-09-15T13:22:16Z,2026-09-15T13:22:16Z,2026-09-19T00:23:14.160865+00:00,"padahal td kalau lanjut, dari mojokerto di km 725 ada stasiun pengisian kendaraan listrik umum yg 5 mesin 10 nozzle",netral,,,,Rule-Based,,,,
UgxDF8IkXU27knzztF14AaABAg,A-qeEyGaJM0,6ec3c304ac404026dc8b882e6ca9cdcc54044b9e34e501e61f2a2a34eabe9921,Boros bngt ato gimana sih cas 100% km 130 trs sisa 6% di 379 berarti cuma 292 km jaraknya selisih lebih dari 100 km klaimnya,4,2026-09-15T17:32:51Z,2026-09-15T17:33:16Z,2026-09-19T00:23:14.160865+00:00,boros bngt ato gimana sih isi daya 100% km 130 trs sisa 6% di 379 berarti cuma 292 km jaraknya selisih lebih dari 100 km klaimnya,netral,,,,Rule-Based,,,,
Ugymz1Xua4E3Oyl7Kcx4AaABAg,A-qeEyGaJM0,d788c48bc39a1e26d75e330308c22d4ea0fab39e14abfc15905437558d3b7716,"Efisiensi di uang tp boros diwaktu…ev emg peruntukannya di dlm kota aja sich menurut saya kl luarkota deg2an kl pas spklunya antri sdgkan range utk mepet , wah jd bikin perjalanan ga nyaman tp dgn keadaan skrg yg minyak dunia cenderung naik akibat perang , yah ga ada salah beli ev tuk mobilitas yg jarak2 dekat",4,2026-09-15T12:44:36Z,2026-09-15T12:49:34Z,2026-09-19T00:23:14.162400+00:00,"efisiensi di uang tapi boros diwaktu…ev emg peruntukannya di dlm kota aja sich menurut saya kalau luarkota deg2an kalau pas spklunya antri sdgkan range untuk mepet , wah jd bikin perjalanan tidak nyaman tapi dengan keadaan skrg yg minyak dunia cenderung naik akibat perang , yah tidak ada salah beli ev tuk mobilitas yg jarak2 dekat",positif,,positif,,Rule-Based,,,,
UgxB95IUuG96t3dDGAV4AaABAg,A-qeEyGaJM0,c3d65ce588d93e01c18f166eafb18abe6fc3663272ba92dc8a71b6240a656f78,Solo-Sby bukannya 200an km? Dr solo baterai full kok baru smpi mojokerto abis?,0,2026-09-16T03:57:44Z,2026-09-16T03:57:44Z,2026-09-19T00:23:14.162400+00:00,solo-sby bukannya 200an km? dari solo baterai full kok baru smpi mojokerto abis?,,,netral,,Rule-Based,,,,
UgzZzMRmMH6q1uYuS5B4AaABAg,A-qeEyGaJM0,3af5f3b86c81223016e2fbf50eb276ccfea3b368872184bf77aedbfdc7ee8ea7,"bayar toll nya 2,5 kali lipat dari biaya ngecas?",0,2026-09-16T12:38:13Z,2026-09-16T12:38:13Z,2026-09-19T00:23:14.162400+00:00,"bayar toll nya 2,5 kali lipat dari biaya ngecas?",netral,,,,Rule-Based,,,,
UgzgB05ikXE--bha6Yd4AaABAg,A-qeEyGaJM0,a4be6c7ce7319f73d5a41e54afb9b1dc48c132f2d5546e466177ca05d8424d93,Enakan mana bang bantingan suspensi sama handlingnya kalo dibandingin sama Chery Q?,0,2026-09-16T00:18:48Z,2026-09-16T00:18:48Z,2026-09-19T00:23:14.162400+00:00,enakan mana bang bantingan suspensi sama handlingnya kalo dibandingin sama chery q?,,,netral,,Rule-Based,,,,
UgzBRQyMPC5GyTWcEFV4AaABAg,Vu0ayycGXbI,fac1b4bb8b971a2b15e1d522e851223cd9618a9f494561b2d97989198d66cb78,So far pemakaian hampir 2 bulan puas banget compare dengan harganya sih.,4,2026-02-26T15:26:55Z,2026-02-26T15:26:55Z,2026-09-19T00:23:03.311589+00:00,so far pemakaian hampir 2 bulan puas banget compare dengan harganya sih.,,positif,,,Rule-Based,,,,
UgyjozxgJMByPThPSDN4AaABAg,ccgG2mpCIHM,e9c462db7242c1789de8c4e4409d6a0b8446c6868df3c79fe0bb32d994d828bc,"Test Batrey Sampai Mati

1.Jaeco J5 real test jalan DATAR 373 KM

2. Atto 1 real test jalan DATAR
Claim = 380 km
Real test =

3. Gelly EX2 test Jalan DATAR
claim = 395 KM

❤COBA DI TEST JALAN NANJAK NAIK TURUN FULL EXTREM KAYAK KE DIENG❤

CLAIM J5 DATAR = 375 km
TEST JALAN NANJAK =??????

CLAIM ATTO 1 DATAR = 380
TEST JALAN NANJAK =??????

CLAIM GELLY EX2 DATAR = 395
TEST JALAN NANJAK =??????",0,2026-06-18T17:47:01Z,2026-06-18T17:47:01Z,2026-09-19T00:28:55.390869+00:00,test batrey sampai mati 1.jaeco j5 real test jalan datar 373 km 2. atto 1 real test jalan datar claim = 380 km real test = 3. gelly ex2 test jalan datar claim = 395 km ❤coba di test jalan nanjak naik turun full extrem kayak ke dieng❤ claim j5 datar = 375 km test jalan nanjak =?? claim atto 1 datar = 380 test jalan nanjak =?? claim gelly ex2 datar = 395 test jalan nanjak =??,,,netral,,Rule-Based,,,,
Ugxy2Bub7OQwgeL8gDh4AaABAg,G_acqAJrRso,c677e27e5110218e7cf1d1a268fa5ba0aea9475ee9698435978d3d15392c14a0,"Saya baru serah terima untuk model 2026, tapi intelligence cruise assist  di speedometer yg gambar stir warna biru kok tidak ada ya, tapi di video youtube semua ada. apa fitur di kurangkan di model 2026???",0,2026-04-16T13:15:52Z,2026-04-16T13:15:52Z,2026-09-18T04:38:31.419348+00:00,"saya baru serah terima untuk model 2026, tapi intelligence cruise assist di speedometer yg gambar stir warna biru kok tidak ada ya, tapi di video youtube semua ada. apa fitur di kurangkan di model 2026??",,,netral,,Rule-Based,,,,
Ugx4Le3x8vhoYYqfTVZ4AaABAg,Bx-XDBdN7nA,95675933b70128868270a273b65ffa034b312b3f2cc2cb0da3222727ad976ebc,"Ini bengkelnya udah berapa banyak , karena daerah saya belum ada ...",0,2025-11-16T13:55:27Z,2025-11-16T13:55:27Z,2026-09-19T00:23:02.435533+00:00,"ini bengkelnya udah berapa banyak , karena daerah saya belum ada ..",,,,netral,Rule-Based,,,,
UgygzMuALMzSmDAv2ht4AaABAg,G_acqAJrRso,3be0f3ed097158a1dbb20ac4be4507c0da964b3914bcebb93e0b2e433e4bff49,"Lebih tepatnya, mengapa konsumen mau saja beli mobil harga overprice? Saya pengguna motor masih mengelus dada kapan bisa kebeli mobil",0,2025-11-14T13:16:59Z,2025-11-14T13:16:59Z,2026-09-18T04:38:32.144167+00:00,"lebih tepatnya, mengapa konsumen mau saja beli mobil harga overprice? saya pengguna motor masih mengelus dada kapan bisa kebeli mobil",,netral,,,Rule-Based,,,,
UgwOYG6RnveKjOlcS254AaABAg,G_acqAJrRso,ef2ed30618de3b95c4ccf6c6e7fd7446bed131b3b45a1e5640a5a227bb659aea,Tapi kami dipelosok pengen tp blm ada tempat nge cas,0,2025-11-14T15:52:26Z,2025-11-14T15:52:26Z,2026-09-18T04:38:32.144167+00:00,tapi kami dipelosok pengen tapi belum ada tempat nge isi daya,netral,,,,Rule-Based,,,,
Ugwnh0BkBBpSdDQY9rB4AaABAg,Bx-XDBdN7nA,6ae65f49191c28ad5b02d85955622c9e128db517d61812980a0f41e9eec168fb,"*Designnya dari luar sangat BURUK. DI CHINA SANGAT BANYAK MOBIL LISTRIK YANG DIBUANG DILAPANGAN LUAS KARENA TIDAK LAKU DI PASAR DUNIA, KARENA TIDAK MEMENUHI PERSYARATAN NEGARA-NEGARA TUJUAN PEMASARAN CHINA. DI INDONESIA PERLINDUNGAN KONSUMEN ADALAH SANGAT LEMAH.  WASPADA MOBIL MURAH EV YANG DIJUAL DENGAN HARGA SANGAT MURAH SEBELUM KALIAN SUPER SANGAT MENYESAL. JANGAN PERNAH PERCAYA MENDENGARKAN NARASI IKLAN YANG DISAMPAIKAN SECARA MENGUNDANG KONSUMEN UNTUK MEMBELI.*",0,2025-11-19T12:55:14Z,2025-11-19T13:15:59Z,2026-09-19T00:23:02.435533+00:00,"*designnya dari luar sangat buruk. di china sangat banyak mobil listrik yang dibuang dilapangan luas karena tidak laku di pasar dunia, karena tidak memenuhi persyaratan negara-negara tujuan pemasaran china. di indonesia perlindungan konsumen adalah sangat lemah. waspada mobil murah ev yang dijual dengan harga sangat murah sebelum kalian super sangat menyesal. jangan pernah percaya mendengarkan narasi iklan yang disampaikan secara mengundang konsumen untuk membeli.*",,positif,,,Rule-Based,,,,
UgylG1hIRfz3k74TaV14AaABAg,G_acqAJrRso,d10d2f28fe3b2704791220c07b3261dbb3e5452379da38b03122ca11960cc75c,"Buat dipake krj wort nih, range 400an km bs ngecas seminggu sekali nh dipom bensin😂",1,2025-11-15T10:56:10Z,2025-11-15T10:56:10Z,2026-09-18T04:38:30.738340+00:00,"buat dipake krj wort nih, range 400an km bs mengisi daya seminggu sekali nh dipom bensin😂",netral,,,,Rule-Based,,,,
Ugzl8yfKhL1BzVAqtrd4AaABAg,G_acqAJrRso,86b95f0835448ec9fa44955e065b389eab4c40c435d01da01864cb46a1307523,Harga mobil nya saja 250jtn berarti harga batre nya ga sampe 100jt kalau ganti,0,2025-11-14T15:09:16Z,2025-11-14T15:09:16Z,2026-09-18T04:38:32.144167+00:00,harga mobil nya saja 250jtn berarti harga baterai nya tidak sampe 100jt kalau ganti,,netral,netral,,Rule-Based,,,,
Ugzh8_7CXLOV_dwkSCJ4AaABAg,Bx-XDBdN7nA,cdbc3a14c9dd8322c24375f7c3bea68fe2bcba5cab9d497badab71eeecdad6aa,Ini yg harga 249 atau 299 jt bg?,0,2025-11-23T02:41:53Z,2025-11-23T02:41:53Z,2026-09-19T00:23:02.435533+00:00,ini yg harga 249 atau 299 jt bg?,,netral,,,Rule-Based,,,,
UgyJ0hJ4h-xmicZUbOB4AaABAg,Bx-XDBdN7nA,865ae7a75818f13e3b5b3753a5ad55030bf0a0c764e953b65a9c50230e460642,Indent lama 😢,0,2025-11-18T15:50:38Z,2025-11-18T15:50:38Z,2026-09-19T00:23:02.435533+00:00,indent lama 😢,,,,netral,Rule-Based,,,,
UgyFyNTcCWWA25KyqnN4AaABAg,G_acqAJrRso,f25aefa17bd98c34d2df9ea6b0d251b2f34ccca801a3df63c74c58961b1495bf,"Kalo dipake 5thn sih murah ini, kalo di pake 1-2thn hilang 50% harga nya",0,2025-11-15T00:51:46Z,2025-11-15T00:51:46Z,2026-09-18T04:38:32.144167+00:00,"kalo dipake 5thn sih murah ini, kalo di pakai 1-2thn hilang 50% harga nya",,positif,,,Rule-Based,,,,
Ugxo7UdTz47-13jEMe54AaABAg,Bx-XDBdN7nA,6cda1173a3925217d40ea80bbd49a6666f8405917d17805ca7802f78c7961cbb,"Lu mao di negara mana pun gak akan menang dagang sama orang china. 
Brani modal jujur barang nya murah punya kwalitas. Tapi satu di saat lu nawar gak bisa . 😂 tapi di kasih opsi lain yang gak jamin barang nya👍",0,2025-11-16T16:04:27Z,2025-11-16T16:04:27Z,2026-09-19T00:23:02.435533+00:00,lu mao di negara mana pun tidak akan menang dagang sama orang china. brani modal jujur barang nya murah punya kwalitas. tapi satu di saat lu nawar tidak bisa . 😂 tapi di kasih opsi lain yang tidak jamin barang nya👍,,positif,,,Rule-Based,,,,
UgxYUm_CbkmudLewwdF4AaABAg,G_acqAJrRso,b3edaad28557094b830f172679d031b933541f9eb153591c924f06a74dc099f2,"kita lihat 7 tahun kedepan, depresiasi berapa persen dan harga batrenya kira kira berapa ratus juga 😂",0,2025-11-15T03:33:15Z,2025-11-15T03:33:15Z,2026-09-18T04:38:32.144167+00:00,"kita lihat 7 tahun kedepan, depresiasi berapa persen dan harga batrenya kira kira berapa ratus juga 😂",,netral,,,Rule-Based,,,,
UgzAaNQ6mriADT9xkyJ4AaABAg,Bx-XDBdN7nA,1bf55bb54b7787d4da527624adf9fca577f9383676fe71a81d9ee68b7346e2b0,"seperti hp dulu, pertama keluar sangat mahal.. mobil listrik bisa jadi tahun2 ke depan harganya turun lagi",0,2025-11-19T10:05:55Z,2025-11-19T10:05:55Z,2026-09-19T00:23:01.508913+00:00,"seperti hp dulu, pertama keluar sangat mahal.. mobil listrik bisa jadi tahun2 ke depan harganya turun lagi",,negatif,,,Rule-Based,,,,
UgxiJ0HgQNpgUSGhDhl4AaABAg,G_acqAJrRso,9c3eea450c7be03655a0519a7911b91a97dc6713f75f8bb464c3c4550f9f67b5,kita lihat seberapa awet…,0,2025-11-15T12:59:33Z,2025-11-15T12:59:33Z,2026-09-18T04:38:32.144167+00:00,kita lihat seberapa awet…,,,positif,,Rule-Based,,,,
Ugw68HtrkFRNxsytMLx4AaABAg,G_acqAJrRso,30e3e51ceea24367918cdd1ce200ff3a2817685e0ec5d5a15e45424aee1f2ac6,"test drive jaecoo , abis itu balik ke mobil ortu rasanya kayak mundur 10 tahun ke belakang..
pdhal mahalan mobil ortu.. -_-",33,2025-11-14T13:49:52Z,2025-11-14T13:49:52Z,2026-09-18T04:38:30.738340+00:00,"test drive jaecoo , abis itu balik ke mobil ortu rasanya kayak mundur 10 tahun ke belakang.. pdhal lebih mahal mobil ortu.. -_-",,negatif,,,Rule-Based,,,,
UgzTM8OthcaBs5I6evZ4AaABAg,G_acqAJrRso,f4ee444658acf6d296ce99fd9e4c14d7c8b6229199f646de7fa41b7e2bfc4673,"di cina klw ngga salah udah ada versi hybrid, fix klw masuk di Indo harganya ngga ngotak lagi hahaha... fix bakalan sakit kepala kompetitor",1,2025-11-15T00:23:44Z,2025-11-15T00:23:44Z,2026-09-18T04:38:32.144167+00:00,"di cina klw tidak salah udah ada versi hybrid, fix klw masuk di indo harganya tidak ngotak lagi hahaha.. fix bakalan sakit kepala kompetitor",,netral,,,Rule-Based,,,,
Ugw93GMt6u2U7T10c5d4AaABAg,G_acqAJrRso,a45d31b63378ca9fc96de27a0e28935dc86b8a9f8d6cfe20d5fc70d5bd0ad660,lama2 mobil EV kaya hape harganya murah tp gak murahan speknya kwkww,1,2025-11-25T22:07:30Z,2025-11-25T22:07:30Z,2026-09-18T04:38:30.738340+00:00,lama2 mobil ev kaya hape harganya murah tapi tidak murahan speknya kwkww,,positif,,,Rule-Based,,,,
Ugy7uCNc1DvBL6-1AlR4AaABAg,G_acqAJrRso,66c7a1b89fa54ada05b318503898e5d5499be275a518ed9f1bbfdf324a1c5ad5,"Galau mau beli sealion 7 atau jaeco j5..
Yg satu murah, sangat worth it..
Yang satu keren, bentuk sempurna utk sekarang, tapi liat j5 jangan² abis beli turun 200 juta 😢",0,2025-11-14T14:42:44Z,2025-11-14T14:42:44Z,2026-09-18T04:38:32.144167+00:00,"galau mau beli sealion 7 atau jaeco j5.. yg satu murah, sangat layak it.. yang satu keren, bentuk sempurna untuk sekarang, tapi liat j5 jangan² abis beli turun 200 juta 😢",,positif,,,Rule-Based,,,,
UgzXU9guDjX77a8gcvV4AaABAg,G_acqAJrRso,71bac3d8b1cf6182b097b94d86fb546160a84993ca13ad30e4bd66813e4e9237,7:02 Range Rover Velar versi Lite.,20,2025-11-14T12:31:14Z,2025-11-14T12:31:14Z,2026-09-18T04:38:30.738340+00:00,7:02 range rover velar versi lite.,,,positif,,Gemini-API,,,,
UgyO0TOs8yzW3AvxaR94AaABAg,G_acqAJrRso,8b144e26f65935211dbe3d9323c5b00fdda8971f60d1e0ea116ed21e5af8a028,Mobil yang masuk ke indonesia untuk dijual apakah di tes/standarisasi dulu tidak ya oleh pemerintah?,0,2025-11-14T15:35:18Z,2025-11-14T15:35:18Z,2026-09-18T04:38:30.738340+00:00,mobil yang masuk ke indonesia untuk dijual apakah di tes/standarisasi dulu tidak ya oleh pemerintah?,,,netral,,Gemini-API,,,,
UgyD7OVLI-Wy5psLR4V4AaABAg,Bx-XDBdN7nA,885fceaad1c2252413808a7ff8d1c045e5ed67b4197c923bc06ce66f4e7a73d7,Cepat atau lambat mobil Jepang akan kalah sama mobil Cina krn mobil Jepang terlalu mahal ( overprice),0,2025-12-28T14:26:33Z,2025-12-28T14:26:33Z,2026-09-19T00:23:02.435533+00:00,cepat atau lambat mobil jepang akan kalah sama mobil cina karena mobil jepang terlalu mahal ( overprice),,negatif,,,Rule-Based,,,,
Ugzf4qrDvt8WPHGijS94AaABAg,G_acqAJrRso,b2ca2d91acb944cdbb7d3cfd3df293514f5df9d84e4b6a698b8417eaec4f3ded,BYD atto3 harusnya langsung turun harga melihat pesaingnya seperti ini 😊😊😊,0,2026-02-02T11:46:38Z,2026-02-02T11:46:38Z,2026-09-18T04:38:31.419348+00:00,byd atto3 harusnya langsung turun harga melihat pesaingnya seperti ini 😊😊,,netral,,,Rule-Based,,,,
UgwDucUePm1KG6iduLl4AaABAg,G_acqAJrRso,7c74ae68a82c7b29fcf1e074902398147708b6abaafb90fb5d30bd86da25842e,Sumpah ini mobil dgn hrg segini fiturnya lengkap banget. Udah kaya ponsel premium pake roda empat. Cuman gak tau ya build qualitynya dibanding mobil Jepang.,0,2025-11-17T05:05:39Z,2025-11-17T05:05:39Z,2026-09-18T04:38:31.419348+00:00,sumpah ini mobil dengan hrg segini fiturnya lengkap banget. udah kaya ponsel premium pakai roda empat. cuman tidak tau ya build qualitynya dibanding mobil jepang.,,,netral,,Rule-Based,,,,
Ugw5ev5evxeec-3C_L94AaABAg,Bx-XDBdN7nA,bb29f38b21787cbaecb147da859cb5818c90cdeee369fa866217c2ca5babba24,"Sebenarnya untuk harga 300jtaan memang sudah sesuai harganya, hanya pabrikan jupun yang membuat mobil mobil di indo kemahalan krna mau cuan banyak",6,2025-11-16T12:09:54Z,2025-11-16T12:09:54Z,2026-09-19T00:23:01.508913+00:00,"sebenarnya untuk harga 300jtaan memang sudah sesuai harganya, hanya pabrikan jupun yang membuat mobil mobil di indo kemahalan krna mau cuan banyak",,negatif,,,Rule-Based,,,,
Ugyf-UG6muRlTeppcs94AaABAg,Bx-XDBdN7nA,10f156ab7d49f1c5b15d7c88a096c675dded144c191a4fa1a5adcab9c45eb3a7,mobil besar biaya perawatan pasti lebih mahal,0,2025-11-17T22:04:20Z,2025-11-17T22:04:20Z,2026-09-19T00:23:02.435533+00:00,mobil besar biaya perawatan pasti lebih mahal,,negatif,,,Rule-Based,,,,
Ugz2DMbJoi96qIuGyFN4AaABAg,G_acqAJrRso,0480b912beadb1a000a3ebeefc98e881a917c383c08d8f75057265bd51ddddd4,Woiii mopang... Bisa gak bikin fitur n harga mirip ini 😊,1,2025-11-15T23:15:10Z,2025-11-15T23:15:10Z,2026-09-18T04:38:31.419348+00:00,woii mopang.. bisa tidak bikin fitur n harga mirip ini 😊,,netral,netral,,Rule-Based,,,,
Ugy8KeR_7dHwgOuNtuZ4AaABAg,Bx-XDBdN7nA,8d6a703f59b750d164c3834a099aa0e1a438fb4b8a061f2be88e978911a6b055,"Hyundai pun ketar-ketir, cek harga Hyundai Kona, turun lho",0,2025-11-20T07:58:11Z,2025-11-20T07:58:11Z,2026-09-19T00:23:02.435533+00:00,"hyundai pun ketar-ketir, cek harga hyundai kona, turun lho",,netral,,,Rule-Based,,,,
UgxjQah8UWmbodLONo14AaABAg,Bx-XDBdN7nA,66d5e66729a4f093744465c8300bc193efd1ad027da0169bbaad79dad0663f03,Tp di Batam 300 keatas harga nya,0,2025-11-17T13:31:20Z,2025-11-17T13:31:20Z,2026-09-19T00:23:02.435533+00:00,tapi di batam 300 keatas harga nya,,netral,,,Rule-Based,,,,
UgwLOLttSget9byf6xZ4AaABAg,Bx-XDBdN7nA,6a7a1eb75d8adca5d775d8e455d825d9f7ecff8d136249bbe3127b7cbf95c8db,Katanya yg dijual cuman yg 299. Yg 249 ga dijual ya? Ada yg dah SPK yg harga 249?,1,2025-11-16T07:00:24Z,2025-11-16T07:00:24Z,2026-09-19T00:23:02.435533+00:00,katanya yg dijual cuman yg 299. yg 249 tidak dijual ya? ada yg dah spk yg harga 249?,,netral,,,Rule-Based,,,,
Ugzdc4ZVYtGG2ZyhWmt4AaABAg,G_acqAJrRso,2cb065b4b36b10a647c5a1148b58fde60757f7c494fa45a8f3f5bd5b4b066421,Semua fitur dan fungsi penting malah ditaruh ke layar. Tambah ribet😂 7:34,0,2025-12-02T05:25:40Z,2025-12-02T05:25:40Z,2026-09-18T04:38:32.144167+00:00,semua fitur dan fungsi penting malah ditaruh ke layar. tambah ribet😂 7:34,,,netral,,Rule-Based,,,,
UgyGoft_hgIEV4zsJo94AaABAg,G_acqAJrRso,9231417e0a21ef8d4af8d80be51d32bc174f1a2dea5fe9d709039f0895e196b1,"Murah bagi yg punyu duit bayak
Bagi kita rakyat jelata hanya bisa menonton 
Bersyukur lah yg mampu beli",1,2025-11-16T13:19:29Z,2025-11-16T13:19:29Z,2026-09-18T04:38:32.144167+00:00,murah bagi yg punyu duit bayak bagi kita rakyat jelata hanya bisa menonton bersyukur lah yg mampu beli,,positif,,,Rule-Based,,,,
Ugx3Y9I-arVOhg6EwOd4AaABAg,Bx-XDBdN7nA,60be0f185fe42eaa5cc3b2e0da796ccd9ddf69a77591f310d5ac8e17ab62cbd9,Pengen beli . Tp ane di Kalimantan timur di kabupaten . Takutnya gak bisa service . Atau misalkan mau bersihin atau service AC aja takutnya di tolak mekanik lokal,1,2025-11-18T00:16:01Z,2025-11-18T00:16:01Z,2026-09-19T00:23:02.435533+00:00,pengen beli . tapi ane di kalimantan timur di kabupaten . takutnya tidak bisa service . atau misalkan mau bersihin atau service ac aja takutnya di tolak mekanik lokal,,,,netral,Rule-Based,,,,
UgyiaOWQ65Rs-nn1A-14AaABAg,Bx-XDBdN7nA,082f7403aeb025a536b6bbdf2db4faf346901ac78b079e4d8eff958aa9e7ab7d,"Denger2 kuota nik 2025 sudah habis, pesan skrg baru delivery Feb 2026. Kalau jadi ppnbm tdk gratis lagi bisa naik brp harganya ya?",0,2025-11-16T11:23:50Z,2025-11-16T11:23:50Z,2026-09-19T00:23:02.435533+00:00,"denger2 kuota nik 2025 sudah habis, pesan skrg baru delivery feb 2026. kalau jadi ppnbm tidak gratis lagi bisa naik brp harganya ya?",,netral,,,Rule-Based,,,,
Ugw-ZdcR42fMvuOf1d14AaABAg,Bx-XDBdN7nA,a0391ebd958d7530049ba922b26968c912ff257e552921e51f20736c546f3870,kalo pake EV di tilang polisi ato PLN ??,0,2025-11-17T05:12:12Z,2025-11-17T05:12:12Z,2026-09-19T00:23:02.435533+00:00,kalo pakai ev di tilang polisi ato pln ??,netral,,,,Rule-Based,,,,
UgxQ2z8-oBn46LHUU8N4AaABAg,Vu0ayycGXbI,70f20a33e7fd5c5d04b8b1067362f7fc81799d90a6c06882cb9b9f68471db09f,"Harga terjangkau, pajak murah, anti ganjil genap,  jarak tempuh 461 km, fast charging 130kw, ground clearance 200 mm, tempat ban serep di bagasi, jok kulit, panoramic roof, ADAS 17...Value for money 🎉",236,2026-02-23T12:15:46Z,2026-02-23T12:15:46Z,2026-09-19T00:23:03.311589+00:00,"harga terjangkau, pajak murah, anti ganjil genap, jarak tempuh 461 km, fast charging 130kw, ground clearance 200 mm, tempat ban serep di bagasi, jok kulit, panoramic roof, adas 17..value for money 🎉",positif,positif,positif,,Rule-Based,,,,
UgzWQ577WfdVyTredvN4AaABAg,G_acqAJrRso,651c3121e89ccc5fcf1698779810b8f95d91d3e44a245523d9d75ffa11f99f63,"Masalahnya ini adalah mobil cina, kita lihatlah beberapa tahun terakhir merek cina itu saling makan sesama mereka. Siapa yang bisa jamin 3 atau 4 tahun kedepan merek ini masih ada di negara kita atau kalaupun masih ada layanannya mungkin harganya dah jatuh banyak",0,2026-08-16T13:54:43Z,2026-08-16T13:54:43Z,2026-09-18T04:38:32.144167+00:00,"masalahnya ini adalah mobil cina, kita lihatlah beberapa tahun terakhir merek cina itu saling makan sesama mereka. siapa yang bisa jamin 3 atau 4 tahun kedepan merek ini masih ada di negara kita atau kalaupun masih ada layanannya mungkin harganya dah jatuh banyak",,netral,,netral,Rule-Based,,,,
UgxOSds9wsZQO1yuv-h4AaABAg,Bx-XDBdN7nA,ae4ce6a823176617a00a0402843abbc02787f82af736427a83e0a4e4f49ff296,barunya aja segitu apalagi pas bekas,0,2025-11-16T11:56:40Z,2025-11-16T11:56:40Z,2026-09-19T00:23:00.712565+00:00,barunya aja segitu apalagi pas bekas,,netral,,,Rule-Based,,,,
Ugy5KvV_QMfAu0Ylrml4AaABAg,G_acqAJrRso,92f95be3ba3fba8ed06e242b890b8a28919acceb4afdd59f23e2d60ea6550246,"bahanya kaya krupuk..maaf guys,,tetap ya ada harga ada kualitas..",0,2025-11-15T11:16:49Z,2025-11-15T11:16:49Z,2026-09-18T04:38:32.144167+00:00,"bahanya kaya krupuk..maaf guys,,tetap ya ada harga ada kualitas..",,netral,,,Rule-Based,,,,
Ugy1V4s1YTVs7zPIYvp4AaABAg,Bx-XDBdN7nA,0b4defc7029a28d7060891286ecb5c7c86cd7e4ef9397a0fa58672db0b88f7cb,Masih menunggu keluaran terbaru dan termurah😂😂😂😂,2,2025-12-08T03:34:08Z,2025-12-08T03:34:08Z,2026-09-19T00:23:00.712565+00:00,masih menunggu keluaran terbaru dan termurah😂😂,,positif,,,Rule-Based,,,,
Ugwmr35wclEtmgIg0_B4AaABAg,Bx-XDBdN7nA,7e24ecc2a5a55fd703cc4f8e8bdd319fb68963a3f61175aaf6a1e17ae5dcfa62,Dari mananya 300 jt kurang om? Cb aja spk sekarang kalo masi bisa dapet harga di bawah 300 itu.,0,2025-11-17T03:03:25Z,2025-11-17T03:03:25Z,2026-09-19T00:23:03.106249+00:00,dari mananya 300 jt kurang om? cb aja spk sekarang kalo masi bisa dapet harga di bawah 300 itu.,,netral,,,Rule-Based,,,,
UgxDiwIkB4LQm8iESpd4AaABAg,G_acqAJrRso,536c5de7c975c6c21a1ff74cce0f7c1e704c7ff50ac4f08ab49b0889c78cc160,Nunggu second nya aja😬😬,1,2025-11-18T13:39:22Z,2025-11-18T13:39:22Z,2026-09-18T04:38:30.738340+00:00,nunggu bekas nya aja😬😬,,netral,,,Rule-Based,,,,
UgwaFDTQg_QCaIMlYmF4AaABAg,Bx-XDBdN7nA,359aec98cbe838b7aa159db5e44c515755c91f7c20c7153539d960a5663876f3,"Saya masih nyaman dg innova diesel 2kd. Awet, spare part murah, minum solbus pun tidak masalah. Buat yg komplen solbus, noh liat histori innova diesel dilaunching tahun berapa dan apakah sudah ada dex, dexlite di tahun segitu? Cek jg buku manual minimal cetane berapa. Jadi tidak ada yg salah konsumsi solbus wkwkwk. Aku bangga pakai mobil diesel 💪💪",2,2025-11-16T05:46:34Z,2025-11-16T05:46:34Z,2026-09-19T00:23:03.106249+00:00,"saya masih nyaman dg innova diesel 2kd. awet, spare part murah, minum solbus pun tidak masalah. buat yg komplen solbus, noh liat histori innova diesel dilaunching tahun berapa dan apakah sudah ada dex, dexlite di tahun segitu? cek jg buku manual minimal cetane berapa. jadi tidak ada yg salah konsumsi solbus wkwkwk. aku bangga pakai mobil diesel 💪💪",,positif,positif,,Rule-Based,,,,
UgwHMDK7KbZ0yw5sGO14AaABAg,Bx-XDBdN7nA,800e27bafb05d1f7012de1f2ec1cfd9f89b4308ef97c7462f7d4326e8a7e8443,"*Harga bekas nya nanti kira² brp ya,? Mungkin kah  150jt utk pemakaian setahun?*",0,2025-11-16T12:14:37Z,2025-11-16T12:14:37Z,2026-09-19T00:23:03.105243+00:00,"*harga bekas nya nanti kira² brp ya,? mungkin kah 150jt untuk pemakaian setahun?*",,netral,,,Rule-Based,,,,
UgwGEMhpEOEMUoRKUP54AaABAg,Bx-XDBdN7nA,a876669b5b9313f1919b6c53de77663e032d3e83ea4a830d1b6b91d84a8c6b95,"Garansi baterainya gmn bro ,.,?",0,2025-11-16T13:28:54Z,2025-11-16T13:28:54Z,2026-09-19T00:23:03.105243+00:00,"garansi baterainya gmn bro ,.,?",,netral,netral,,Rule-Based,,,,
UgwdrBPuP74iPNobVp54AaABAg,Bx-XDBdN7nA,508c6378eb90d8ca5a1d49e3c4c62b47c17ecad32eda0e9ea3eafcf19788d285,Layanan purna jual bagaimana?,0,2025-11-16T22:45:18Z,2025-11-16T22:45:18Z,2026-09-19T00:23:03.105243+00:00,layanan purna jual bagaimana?,,,,netral,Rule-Based,,,,
UgyqT8saOxQVPqbjzVh4AaABAg,Bx-XDBdN7nA,a79554319b4b9b765976430fb6810141157326943b065ae2ff6eb73eaf8198bc,"Kalo harga bekas kondisi mulusnya 90jt low km, terus baru sethaun pemakaian sih bagus ini mobil 😛 aplagi limbah mochin gak bisa service sembarangan gak kayak mobil bbm fosil.🥱🥱",1,2025-11-16T22:14:53Z,2025-11-16T22:14:53Z,2026-09-19T00:23:03.105243+00:00,"kalo harga bekas kondisi mulusnya 90jt low km, terus baru sethaun pemakaian sih bagus ini mobil 😛 aplagi limbah mochin tidak bisa service sembarangan tidak kayak mobil bbm fosil.🥱🥱",,positif,,positif,Rule-Based,,,,
UgzPwpkXiXzef2gRLyh4AaABAg,Bx-XDBdN7nA,a94a9f1c0684df7f22cbe0a972c5eee33aa074f2737c8e9c30a41a3c1ae528f7,Tampangnya seperti Range Rover Velar. Itu harga lebih dari 5X.,1,2025-11-16T07:11:11Z,2025-11-16T07:11:11Z,2026-09-19T00:23:00.712565+00:00,tampangnya seperti range rover velar. itu harga lebih dari 5x.,,netral,,,Rule-Based,,,,
UgwlGmQkzo00zY2yOOl4AaABAg,G_acqAJrRso,c07520d0a189086e9961287165149395a52b7382fe8d1216d9565af46ddacd55,"Kelar nonton. Mmm ada kkurangan ada kelebihan. Mau cari yg ga ada kekurangan tp duit kurang😅😅 . Worthed lah diharga ini.. Tapi tapi.. preferensi masing2..  smg aman batre, kaki kaki, built qualitynya ga makan servis2.. awet",1,2025-11-14T18:31:13Z,2025-11-14T18:31:13Z,2026-09-18T04:38:30.738340+00:00,"kelar nonton. mm ada kkurangan ada kelebihan. mau cari yg tidak ada kekurangan tapi duit kurang😅😅 . worthed lah diharga ini.. tapi tapi.. preferensi masing2.. smg aman batre, kaki kaki, built qualitynya tidak makan servis2.. awet",,positif,positif,positif,Rule-Based,,,,
UgxIhqgiLvyWoCJKK194AaABAg,Bx-XDBdN7nA,7aec3d707436bbe75979a9f15dd2895f747d6ec32d70ab72826374602349181a,"Suspensi multilink jelas nyaman, compact SUV semuanya pakai multilink anti limbung.",0,2026-03-30T12:50:02Z,2026-03-30T12:50:02Z,2026-09-19T00:23:00.712565+00:00,"suspensi multilink jelas nyaman, compact suv semuanya pakai multilink anti limbung.",,,positif,,Rule-Based,,,,
UgxkG80lqUCfIC1FCKh4AaABAg,Bx-XDBdN7nA,40881b6165bea53db1fc50c3facd6bf6065ba14d015285d0fa9c0af5490cd517,"Nunggu 5 tahun lagi, jika harga second dibawah 100jt, InshaAllah bisa kebeli 🤲",1,2025-11-17T06:05:35Z,2025-11-17T06:05:35Z,2026-09-19T00:23:00.712565+00:00,"nunggu 5 tahun lagi, jika harga bekas dibawah 100jt, inshaallah bisa kebeli 🤲",,netral,,,Rule-Based,,,,
UgwQAbAfen9o8BWnzo14AaABAg,Bx-XDBdN7nA,1089028ff70e3300c6cc301400dce11f5091681b285c33a0b0519f65091c8f00,"Tinggal diliat apakah after sales nya bagus atau ngak,soalnya belajar dri brand sebelah banyak kasus yang buruk pelayanan nya 😂",0,2025-11-16T06:24:22Z,2025-11-16T06:24:22Z,2026-09-19T00:23:03.105243+00:00,"tinggal diliat apakah after sales nya bagus atau ngak,soalnya belajar dri brand sebelah banyak kasus yang buruk pelayanan nya 😂",,,,positif,Rule-Based,,,,
UgxMESlK3yXHoPukzo54AaABAg,G_acqAJrRso,af3809ae9426eff888259d21e8ff66fd89d209412835e1dd66acaf40b9cfde78,Ahhh gila fitur nya buat harga segitu,2,2025-11-14T16:40:12Z,2025-11-14T16:40:12Z,2026-09-18T04:38:30.738340+00:00,ahh gila fitur nya buat harga segitu,,netral,netral,,Rule-Based,,,,
UgxB8bbj52BhQWHmNG14AaABAg,G_acqAJrRso,b048c3ae31dda469aa0fe3c5c60a12fa7e3761085e2ec246ec65762b6da896c2,Mobil mobil China emank gokil gokil terobosan nya apalagi mobil ev ...semua keren dan fitur dah canggih,1,2026-06-06T20:23:07Z,2026-06-06T20:23:07Z,2026-09-18T04:38:30.738340+00:00,mobil mobil china emank gokil gokil terobosan nya apalagi mobil ev ..semua keren dan fitur dah canggih,,,positif,,Rule-Based,,,,
UgxlrAu9mnwY_sVoriR4AaABAg,Bx-XDBdN7nA,e8e543bc99ee0bc56941e636087bdb5516b4eae07b086dfccf7918d41212bc88,Harga gak akan bohong. Kualitasnya belu terjamin. Tuh ada omoda disemarang  yang patah kaki² depannya,1,2025-11-16T11:02:30Z,2025-11-16T11:02:30Z,2026-09-19T00:23:03.105243+00:00,harga tidak akan bohong. kualitasnya belu terjamin. tuh ada omoda disemarang yang patah kaki² depannya,,netral,,,Rule-Based,,,,
UgwkSxSaY1CeMQhCkXZ4AaABAg,Bx-XDBdN7nA,48152975a61b26e53b8bf18b5366f267d91b7712644c60e664f29dd32609d179,"3-4 tahun ke belakang, 250 juta dapat mobil listrik apa ya? Gak kebayang sebelumnya kalau di tahun 2025 ada SUV listrik harga mulai Rp 249,9 juta!",69,2025-11-16T04:27:02Z,2025-11-16T04:27:02Z,2026-09-19T00:23:00.712565+00:00,"3-4 tahun ke belakang, 250 juta dapat mobil listrik apa ya? tidak kebayang sebelumnya kalau di tahun 2025 ada suv listrik harga mulai rp 249,9 juta!",,netral,,,Rule-Based,,,,
UgyYTJKo_g28mqS3tMp4AaABAg,Bx-XDBdN7nA,980af50c42127f6d3fc5dff655d7a50a8e633d129511386bfaee7c6dc2943bb7,Cihuyyyyyy...mobil listrik gede harga ayla....,43,2025-11-16T05:09:50Z,2025-11-16T05:09:50Z,2026-09-19T00:23:00.712565+00:00,cihuyy..mobil listrik gede harga ayla..,,netral,,,Rule-Based,,,,
UgzhYMBQuuKvb9KCQVp4AaABAg,Bx-XDBdN7nA,f6dc9e9887fccf76802bb5fd3e4404b4c06ba5e1c34e0a6cfafd09778e71d794,Kalo ga ada pabrikan otomotif china masuk kita dibodohin terus sama pabrikan jepang. Harga selangit fitur irit😂😂😂,0,2026-01-12T12:23:59Z,2026-01-12T12:23:59Z,2026-09-19T00:23:02.436535+00:00,kalo tidak ada pabrikan otomotif china masuk kita dibodohin terus sama pabrikan jepang. harga selangit fitur irit😂😂,,positif,positif,,Rule-Based,,,,
UgwhBl1Tsqpb0S4w1nN4AaABAg,Bx-XDBdN7nA,5128fd0c494273da325450bcd6f74084a1b1bf2bdc85c266b2fbaf2ee8fca192,"Yg tidak elok dari seonggok mobil baterai adalah skema pajaknya yg terlalu disusui elite2 penikmat kekuasaan.
Disamping itu, banyak pembangkit listrik juga masih belum dari energi hijau dan banyak tambang metal yg terlalu masif merusak hutan dan ekosistem alami.
Tapi bila skema pajak mobil ICE diturunkan minimal 50% dan kualitas Pertamax adalah Euro 4, dengan harga dibawah 11.000, maka persaingan dengan mobil baterai lebih fair.",0,2025-11-17T21:51:24Z,2025-11-17T21:51:24Z,2026-09-19T00:23:02.435533+00:00,"yg tidak elok dari seonggok mobil baterai adalah skema pajaknya yg terlalu disusui elite2 penikmat kekuasaan. disamping itu, banyak pembangkit listrik juga masih belum dari energi hijau dan banyak tambang metal yg terlalu masif merusak hutan dan ekosistem alami. tapi jika skema pajak mobil ice diturunkan minimal 50% dan kualitas pertamax adalah euro 4, dengan harga dibawah 11.00, maka persaingan dengan mobil baterai lebih fair.",,negatif,negatif,,Rule-Based,,,,
UgxmiyESfKIEKvJpqf14AaABAg,Bx-XDBdN7nA,a29acb3e0ecc1fb73a9db1d5c6c9a3684863c17e4be19ec75c9db38e1fd4c535,"anjir, keren banget. features nya pas. harga murah. ga ada yg disunat. modelnya sih yg yaah begitulah (tapi no big deal).",14,2025-11-16T11:38:43Z,2025-11-16T11:38:43Z,2026-09-19T00:23:00.712565+00:00,"anjir, keren banget. features nya pas. harga murah. tidak ada yg disunat. modelnya sih yg yaah begitulah (tapi no big deal).",,positif,,,Rule-Based,,,,
Ugx8gjlW7qFZLQlYRzp4AaABAg,Bx-XDBdN7nA,01e27c61e7a73371dc9b2319c48c1531ec9ee4671b6e4ed209896c3cac48d560,"udah test drive atto 3 atto 1 chery E5 jaecoo j5 akhirnya pilih Kona sign long range dpt harga 465jt tanpa test drive 😂, dulu jg beli creta tanpa test drive, entah percaya aja ma hyundai",2,2025-11-16T04:38:10Z,2025-11-16T04:38:10Z,2026-09-19T00:23:02.435533+00:00,"udah test drive atto 3 atto 1 chery e5 jaecoo j5 akhirnya pilih kona sign long range dapat harga 465jt tanpa test drive 😂, dulu jg beli creta tanpa test drive, entah percaya aja ma hyundai",,netral,,,Rule-Based,,,,
Ugz8MY9UCSswOj3SzEl4AaABAg,G_acqAJrRso,900c4480bf2c402acfc2a1b523bdca62d3542c1c9040b540f1554a0d270189ed,"Produk udalah no debat...
Di kelas Dengan harga segitu kayaknya 2025 ini jaecoo ini juara.
Tinggal pembuktikan Beres n sparepart nya...",7,2025-11-15T08:03:22Z,2025-11-15T08:03:22Z,2026-09-18T04:38:30.738340+00:00,produk udalah no debat.. di kelas dengan harga segitu kayaknya 2025 ini jaecoo ini juara. tinggal pembuktikan beres n sparepart nya..,,netral,,netral,Rule-Based,,,,
UgxdLGy9GCNOi7Bb7FJ4AaABAg,Bx-XDBdN7nA,3de1ab5dad0fb8b9c8a0123de85c03df2dac506f38f52d91e3a1ad36b522aeff,Kalo berani kasih garansi baterai life time bakalan laris manis ini,1,2025-11-22T11:45:18Z,2025-11-22T11:45:18Z,2026-09-19T00:23:01.508913+00:00,kalo berani kasih garansi baterai life time bakalan laris manis ini,,netral,netral,,Rule-Based,,,,
UgzhbxO8vtQvcL3Wqz94AaABAg,Bx-XDBdN7nA,f4ee444658acf6d296ce99fd9e4c14d7c8b6229199f646de7fa41b7e2bfc4673,apakabar ya mobil jepang seperti honda CRV hybrid yang harganya udah nyentuh 800jtan hehehe... di harga segitu aja kebanting sama Cherry Tigo 9! klw mobil ini bisa ngebanting adeknya telak HRV Hybrid dengan beda harga hampir setengahnya.  fix kayanya brand Jepang harus putar otak diskon besar2an karena Mobil Cina udah mulai perang harga.,4,2025-11-17T03:52:24Z,2025-11-17T03:52:24Z,2026-09-19T00:23:02.435533+00:00,apakabar ya mobil jepang seperti honda crv hybrid yang harganya udah nyentuh 800jtan hehehe.. di harga segitu aja kebanting sama cherry tigo 9! klw mobil ini bisa ngebanting adeknya telak hrv hybrid dengan beda harga hampir setengahnya. fix kayanya brand jepang harus putar otak diskon besar2an karena mobil cina udah mulai perang harga.,,netral,,,Rule-Based,,,,
Ugy94QsJWnonuUCKxsl4AaABAg,G_acqAJrRso,29d32bfaf2236df72eb0e6b8c90c2e92e31b7fb20397a6f9f73a80922155813c,Perang harga dimulai 😂😂😂,4,2025-11-14T17:37:05Z,2025-11-14T17:37:05Z,2026-09-18T04:38:31.419348+00:00,perang harga dimulai 😂😂,,netral,,,Rule-Based,,,,
UgzM-PU5-3saE5pSEFh4AaABAg,Bx-XDBdN7nA,8d9de2de53cc25eabebed8222dce459e178a7aa2d0ebb6e0e159405af04e1ba6,semoga harga bertahan lewat 1000 unit,2,2025-11-17T22:45:33Z,2025-11-17T22:45:33Z,2026-09-19T00:23:01.508913+00:00,semoga harga bertahan lewat 100 unit,,netral,,,Rule-Based,,,,
UgxDQmUrgL_fmH16_tp4AaABAg,Bx-XDBdN7nA,792fbdd5932c9af9d41791a3ffc252d2f5982da957e7b7539db65c53b33368a4,Setelah insentif mobil listrik di cabut pemerintah akhir taun 2025 apakah harganya akan tetap?,0,2025-11-22T19:11:32Z,2025-11-22T19:11:32Z,2026-09-19T00:23:01.508913+00:00,setelah insentif mobil listrik di cabut pemerintah akhir taun 2025 apakah harganya akan tetap?,,netral,,,Rule-Based,,,,
UgzRxdSdz0rwCBjt3Tp4AaABAg,Bx-XDBdN7nA,56f5e9d16f5342382df56743533474d2a3b2978414494186a54f44b1773b2313,Garansi baterai seumur hidup kah? Banyak mobil EV yg sdh garansi batt seumur hidup,1,2025-11-16T08:39:51Z,2025-11-16T08:39:51Z,2026-09-19T00:23:01.508913+00:00,garansi baterai seumur hidup kah? banyak mobil ev yg sudah garansi batt seumur hidup,,netral,netral,,Rule-Based,,,,
Ugz6-kupC9KXXa01vTB4AaABAg,G_acqAJrRso,f2c5900abc51bd49200ce6f626c18143edb23f4c25e9ef5c3a22f8373db6c63e,"Pasti beli sepertinya, nunggu bekas nya aja jadi pendamping CX
Masih sangat senang dengan CX saya saat ini yg timeless model",0,2025-11-14T12:23:36Z,2025-11-14T12:23:36Z,2026-09-18T04:38:31.419348+00:00,"pasti beli sepertinya, nunggu bekas nya aja jadi pendamping cx masih sangat senang dengan cx saya saat ini yg timeless model",,netral,,,Rule-Based,,,,
Ugwug3TLkxYRWRnWZo94AaABAg,Bx-XDBdN7nA,f730d5b7132f26974653c3d0a0f2b3f3173406c05b32cd7e8df8be15ec230a65,Di Banjarmasin  Jaeco 5 type tertinggi 332jt. Jadi mahal bosss 🤣,0,2026-03-31T12:57:28Z,2026-03-31T12:57:28Z,2026-09-19T00:23:01.508913+00:00,di banjarmasin jaeco 5 type tertinggi 332jt. jadi mahal boss 🤣,,negatif,,,Rule-Based,,,,
Ugw2at3xUDGga-P7LRp4AaABAg,Bx-XDBdN7nA,2ed2d8db9cd765514a7d7c644ddd649bcffcf5ec40a1304d9edc5ea77ca6782a,Apa jelas2 mending ini yg premiun 300jt drpd aion ut yg 363jt?,1,2025-11-16T09:47:14Z,2025-11-16T09:47:14Z,2026-09-19T00:23:01.508913+00:00,apa jelas2 lebih baik ini yg premiun 300jt drpd aion ut yg 363jt?,,,netral,,Rule-Based,,,,
Ugw8ulgRNJko8ELCjIp4AaABAg,Bx-XDBdN7nA,a599c182f077b0862912fc7876441c013741d1e4742ad555f21b8b582071882d,"Kacau sih, saudaranya satu group jg banyak yg kesenggol. Chery E5 mesti turun harga berapa lg nih.",0,2025-11-18T08:16:29Z,2025-11-18T08:16:29Z,2026-09-19T00:23:01.508913+00:00,"kacau sih, saudaranya satu group jg banyak yg kesenggol. chery e5 mesti turun harga berapa lagi nih.",,negatif,,,Rule-Based,,,,
UgywJRUptsOPD3Cms-B4AaABAg,G_acqAJrRso,988072783eb6b5cd177b400522aebb7800266372a00e4f610e320a31eff12813,Baru tadi tes drive lumayan enak sey lebih enaknlagi yg j8 😅 apa daya  dana gk cukup ( hunting sampai ketemu harga yg cocok),0,2026-01-17T17:15:36Z,2026-01-17T17:15:36Z,2026-09-18T04:38:31.419348+00:00,baru tadi tes drive lumayan enak sey lebih enaknlagi yg j8 😅 apa daya dana tidak cukup ( hunting sampai ketemu harga yg cocok),,netral,,,Rule-Based,,,,
UgyJCMKWccxz96XZiwx4AaABAg,G_acqAJrRso,87fd7ec6b5553ee41b88907fe6081e985c705f8d38f58de4609cecc41079e5ac,"September beli creta n line, november spk j5 di gjaw. Alhamdulillah bisa deliver di bulan feb kemarin dapet cabang dan sales amanah. Jujur J5 ini 299 juta dapetin fitur selengkap ini, ga kalah saam creta yang saya beli sebelumnya. Cuma emang secara sound system, kekedapan dan feel berkendara masih kalah banget sama creta. Tapi 299 juta buat J5? GILA SIH!",1,2026-03-02T08:42:21Z,2026-03-02T08:42:21Z,2026-09-18T04:38:32.144167+00:00,"september beli creta n line, november spk j5 di gjaw. alhamdulillah bisa deliver di bulan feb kemarin dapet cabang dan sales amanah. jujur j5 ini 299 juta dapetin fitur selengkap ini, tidak kalah saam creta yang saya beli sebelumnya. cuma emang secara sound system, kekedapan dan feel berkendara masih kalah banget sama creta. tapi 299 juta buat j5? gila sih!",,,netral,netral,Rule-Based,,,,
UgwXtpcqF_p6KYMpEaN4AaABAg,G_acqAJrRso,a87872fd15c335c991ae64cfe1b9da257093d776542453a7fe07987dfe8a7756,Bang mau tanya indent brpa lama ya?,0,2025-11-20T06:40:41Z,2025-11-20T06:40:41Z,2026-09-18T04:38:31.419348+00:00,bang mau tanya indent brpa lama ya?,,,,netral,Rule-Based,,,,
UgxT-VwhLVpLdYryYn94AaABAg,Bx-XDBdN7nA,3a7fc71513126232fc60d6f665bf0d46074878665f27c620d141543d7a1ca506,"Awal tahun nanti juga ada yng under 200 juta, sekarang lagi perang harga sih",3,2025-11-17T11:03:36Z,2025-11-17T11:03:36Z,2026-09-19T00:23:01.508913+00:00,"awal tahun nanti juga ada yng under 200 juta, sekarang lagi perang harga sih",,netral,,,Rule-Based,,,,
UgzoWzzHvuejQc2q7dZ4AaABAg,G_acqAJrRso,77c678642b41e31b5d88e5b0f865ba6ea3e94174a30f5e94e3228d1bac699b35,"setelah 2 tahun mantau perkembangan EV di indonesia, akhirnya memutuskan untuk ""menyetrum"" diri dengan jaecoo j5 ini.

sebelumnya, sudah test drive;
xpeng G6, geely EX5 max dan starray, MG4ev (di awal2 rilis pas info CKD nya potong harga gede), BYD seallion, dan BYD Atto 1.

akhirnya decide dengan j5.

menurut saya, dari seluruh unit yang saya test drive, urutan yang paling enak;
- starray, J5, dan atto 1.

sisanya? bukan ga enak, tapi saya per tahun total trip hampir 40rb km kombinasi dari palisade 2024 dan bmw f10, berasa mobil2 yang saya test itu terlalu empuk & ada kesan melayang, seperti naik perahu. malah di EX5 berasa agak mual saat test drive di PIK 2 saat event mandiri fest. 

sudah sempat SPK geely EX5, akhirnya saya cancel dan jadinya ambil J5 pasca pengumumannya.

sudah test drive juga, driving feedbacknya menurut saya salah satu yang cukup ""dekat"" dengan pengalaman berkendara ICE, terasa ""napak"".",15,2025-11-14T14:26:06Z,2025-11-14T14:26:06Z,2026-09-18T04:38:32.144167+00:00,"setelah 2 tahun mantau perkembangan ev di indonesia, akhirnya memutuskan untuk ""menyetrum"" diri dengan jaecoo j5 ini. sebelumnya, sudah test drive; xpeng g6, geely ex5 max dan starray, mg4ev (di awal2 rilis pas info ckd nya potong harga gede), byd seallion, dan byd atto 1. akhirnya decide dengan j5. menurut saya, dari seluruh unit yang saya test drive, urutan yang paling enak; - starray, j5, dan atto 1. sisanya? bukan tidak enak, tapi saya per tahun total trip hampir 40rb km kombinasi dari palisade 2024 dan bmw f10, berasa mobil2 yang saya test itu terlalu empuk & ada kesan melayang, seperti naik perahu. malah di ex5 berasa agak mual saat test drive di pik 2 saat event mandiri fest. sudah sempat spk geely ex5, akhirnya saya cancel dan jadinya ambil j5 pasca pengumumannya. sudah test drive juga, driving feedbacknya menurut saya salah satu yang cukup ""dekat"" dengan pengalaman berkendara ice, terasa ""napak"".",,netral,,,Rule-Based,,,,
Ugy6Aaf4IybvS0MImIF4AaABAg,Bx-XDBdN7nA,e382eb17ea2a66e81b0ace31b6acabd6b9f798b0f841566264d959f924711d60,"Konsumen indo harus lebih cerdas, jangan mau dikibulin sama merk sebelah harga mahal fitur minim.",0,2025-11-26T08:18:40Z,2025-11-26T08:18:40Z,2026-09-19T00:23:01.508913+00:00,"konsumen indo harus lebih cerdas, jangan mau dikibulin sama merk sebelah harga mahal fitur minim.",,negatif,negatif,,Rule-Based,,,,
UgyX4oQS3iDgplxqWFR4AaABAg,Bx-XDBdN7nA,df427197b607827a9ee828fb739a0d1f5c0e59be51728b0524f1093874935a6f,"Bang kali2 bahas perkembangan spklu dong, pengen tau prkembangan dan mantainnya apakah sudah bagus",0,2025-11-16T13:00:46Z,2025-11-16T13:00:46Z,2026-09-19T00:23:01.508913+00:00,"bang kali2 bahas perkembangan stasiun pengisian kendaraan listrik umum dong, pengen tau prkembangan dan mantainnya apakah sudah bagus",positif,,,,Rule-Based,,,,
UgyNNVNwPY9ruEPwS394AaABAg,Bx-XDBdN7nA,e1122fa16d3842fe065cb98983617fcd598202b456ac57d2c39d7a150d529060,"sory mas, td kamu salah ngomong.. camera tipe PREMIUM itu 540 bisa liat kolong mobil alias transparan.. kalo 360 ga bisa transparan mobil nya..😂😂",0,2025-11-22T19:07:09Z,2025-11-22T19:07:09Z,2026-09-19T00:23:01.508913+00:00,"sory mas, td kamu salah ngomong.. camera tipe premium itu 540 bisa liat kolong mobil alias transparan.. kalo 360 tidak bisa transparan mobil nya..😂😂",,,netral,,Rule-Based,,,,
UgzciQtLgltgZFYiCOp4AaABAg,G_acqAJrRso,9d061ecbf16ba4788df506b8f8c9fb4a4a90cbb6c3f8b76a530cbf10222bf698,Katanya harganya gak masuk akal tapi dikit dikit bilang kualitasnya wajar buat mobil dibawah 300 juta...jadi emang sebenernya harga dibawah 300 juta emang masuk akal dong om...,2,2025-11-14T22:45:48Z,2025-11-14T22:45:48Z,2026-09-18T04:38:31.419348+00:00,katanya harganya tidak masuk akal tapi dikit dikit bilang kualitasnya wajar buat mobil dibawah 300 juta..jadi emang sebenernya harga dibawah 300 juta emang masuk akal dong om..,,netral,,,Rule-Based,,,,
UgzugKfKwZlikqt51EB4AaABAg,G_acqAJrRso,7d05c1b32c575b7b1624ccd90809b9c5d05b5966994dc0610ae773a3fd8a05a0,"Pembeli jaecoo j5 yg spk diatas 1000 unit lebih baik pikir ulang untuk spk baru atau percaya sama sales unitnya bisa cepat, untuk info yg spk awal 1000 unit pertama saja serah terima unitnya masih tidak jelas",0,2026-01-12T14:19:03Z,2026-01-12T14:19:03Z,2026-09-18T04:38:31.419348+00:00,"pembeli jaecoo j5 yg spk diatas 100 unit lebih baik pikir ulang untuk spk baru atau percaya sama sales unitnya bisa cepat, untuk info yg spk awal 100 unit pertama saja serah terima unitnya masih tidak jelas",,,,netral,Rule-Based,,,,
Ugz8hUZfmapXcnjdEzl4AaABAg,G_acqAJrRso,e9f9021ba096cfc68dee484bd9347b0d72e70ccccfd1ede1072d74bfc8df1acf,"Paling terasa kurangnya
- Minim tombol fisik
- Jok baris ke 2 tegak",2,2025-11-14T14:13:46Z,2025-11-14T14:22:17Z,2026-09-18T04:38:31.419348+00:00,paling terasa kurangnya - minim tombol fisik - jok baris ke 2 tegak,,,negatif,,Gemini-API,,,,
UgzZvpe7wiLapYhKU6p4AaABAg,G_acqAJrRso,14ed02c75dd4ea5fda517d520c3970683f9685132b7165ba4b974cda203caca8,"ini mah bukan cuma HRV yang dilibas, hampir semua mobil jadi berasa mahal, atto 1 aja kerasa b aja dibanding ini, dengan catatan harganya beneran segitu ya gak naik pas mobilnya datang",3,2025-11-28T03:26:30Z,2025-11-28T03:26:30Z,2026-09-18T04:38:31.419348+00:00,"ini mah bukan cuma hrv yang dilibas, hampir semua mobil jadi berasa mahal, atto 1 aja kerasa b aja dibanding ini, dengan catatan harganya beneran segitu ya tidak naik pas mobilnya datang",,negatif,,,Rule-Based,,,,
Ugzb-aru8utbYDMR_C14AaABAg,Bx-XDBdN7nA,35b5c4148a79a3d93b80a19c35f039b0055a6bc1b0e165fdc170b56967a54347,ketersediaan sparepart fast movingnya gimana om?,0,2025-11-24T22:53:44Z,2025-11-24T22:53:44Z,2026-09-19T00:23:01.508913+00:00,ketersediaan sparepart fast movingnya gimana om?,,,,netral,Rule-Based,,,,
UgwRpx0EP9Dq5H29YxN4AaABAg,Bx-XDBdN7nA,1f922eebfd4f8a1c4c008599e2d5e43fd56776a4b82e56361bf16e8e5b3589e3,"mobil ev kelas 200 jt - 400 jt mah cuman antar kota, antar propinsi jabar - jateng yang banyak tanjakan full penumpang plus bawaan udah ngos2an minta di charge sebelum sampai tujuan, nanjak aja belum tentu bisa kelas segini karena beberapa model punya TEKNOLOGI PROTEKSI MOTOR melindungi dari overheat / rusak dengan mengurangi torsi dari awal, dan model2 lainnya motor listriknya masih pake FWD , gak bakal kuat tanjakan walau model seheboh marketing nya",2,2025-12-25T02:43:20Z,2025-12-25T02:43:20Z,2026-09-19T00:23:01.508913+00:00,"mobil ev kelas 200 jt - 400 jt mah cuman antar kota, antar propinsi jabar - jateng yang banyak tanjakan full penumpang plus bawaan udah ngos2an minta di charge sebelum sampai tujuan, nanjak aja belum tentu bisa kelas segini karena beberapa model punya teknologi proteksi motor melindungi dari overheat / rusak dengan mengurangi torsi dari awal, dan model2 lainnya motor listriknya masih pakai fwd , tidak bakal kuat tanjakan walau model seheboh marketing nya",,,negatif,,Rule-Based,,,,
Ugz5XV6ry3_Hawu-AfN4AaABAg,G_acqAJrRso,952f2e455ecbc1a8500fee8df1c0fb5da56b01b70c338166c82d2a8f3139377d,"Harganya ga 299..walau sudah SPK di GJAW 2025

Alasannya adalah dapat mobil di tahun 2026, faktur mobil 2026
Dan 2026 tidak ada Subsidi Pemerintah

Tambahannya pemberitahuan via WA antara 30 sd 50jt..",0,2025-12-09T23:17:26Z,2025-12-09T23:17:26Z,2026-09-18T04:38:31.419348+00:00,"harganya tidak 299..walau sudah spk di gjaw 2025 alasannya adalah dapat mobil di tahun 2026, faktur mobil 2026 dan 2026 tidak ada subsidi pemerintah tambahannya pemberitahuan via wa antara 30 sd 50jt..",,netral,,,Rule-Based,,,,
Ugy6PPJV9yMQa1YerYF4AaABAg,Bx-XDBdN7nA,f4eeb28f35cc31cb95b5658675345afdeeacffc7123d600fe61695fd9693d5b7,"Tertarik bgt sama ini mbl tapi aftersalesnya gimana ya, setau saya baru ada 3 dealer sales n service di indonesia, walaupun brand ini masih sub brand nya chery tapi setau saya tidak bisa ikut numpang servis disitu, seandainya bisa pasti laris parah, tlg sales jaecoo bales komen saya dong",0,2025-11-16T09:05:20Z,2025-11-16T09:05:20Z,2026-09-19T00:23:01.508913+00:00,"tertarik banget sama ini mbl tapi aftersalesnya gimana ya, setau saya baru ada 3 dealer sales n service di indonesia, walaupun brand ini masih sub brand nya chery tapi setau saya tidak bisa ikut numpang servis disitu, seandainya bisa pasti laris parah, tlg sales jaecoo bales komen saya dong",,,,negatif,Rule-Based,,,,
Ugz_bLX7QtIUgLnwH2B4AaABAg,G_acqAJrRso,3c092641817d887625c580500c1b92f08f117df155250a728ff641acd8b8c188,Ga usa bilang harga segitu sudah ga ada 😂,0,2025-11-15T03:36:51Z,2025-11-15T03:36:51Z,2026-09-18T04:38:31.419348+00:00,tidak usa bilang harga segitu sudah tidak ada 😂,,netral,,,Rule-Based,,,,
UgyZNDw1AJT4Kji6G0V4AaABAg,G_acqAJrRso,2f0b5627867f074ab82c1c7a501e1aa1db92d40d61dfcdcb274262c14830b64b,"6:47 cortez lama, kalau ngga salah pakai rear multi link suspension juga...",0,2025-11-15T03:23:00Z,2025-11-15T03:23:00Z,2026-09-18T04:38:31.419348+00:00,"6:47 cortez lama, kalau tidak salah pakai rear multi link suspension juga..",,,netral,,Rule-Based,,,,
UgzZNDQ_VuvXYSIcXB14AaABAg,Bx-XDBdN7nA,ea5a59e5a00976707259ff8276de6970387e8d6f50bb849c84dd85de72a806aa,"Harusnya setelah promo,harga aslinya yang premium 350,yang standar 300,dan itu tetap worth😂",1,2025-11-17T05:05:15Z,2025-11-17T05:05:15Z,2026-09-19T00:23:01.508913+00:00,"harusnya setelah promo,harga aslinya yang premium 350,yang standar 300,dan itu tetap worth😂",,positif,positif,,Rule-Based,,,,
UgyL7V1JIQgfV0iPZo94AaABAg,Bx-XDBdN7nA,e3ec18c74e71ca6300b13131b713f20757083bfb7099a8e26dcd2bc1cfb44122,Bener gak sih itu harga khusus djabotabek saja klu di luar harga selisih 25 jy,0,2025-11-16T12:22:28Z,2025-11-16T12:22:28Z,2026-09-19T00:23:01.508913+00:00,bener tidak sih itu harga khusus djabotabek saja kalau di luar harga selisih 25 jy,,netral,,,Rule-Based,,,,
UgwPPSSm8lCK-3p-6H14AaABAg,Bx-XDBdN7nA,1c55770385845f9d78fa05e2b8a1f23e7a6ff8fa35785526c3a88c7879163383,Cukup lah ini harganya masuk akal...pas dikantong,0,2025-11-16T04:45:47Z,2025-11-16T04:45:47Z,2026-09-19T00:23:01.508913+00:00,cukup lah ini harganya masuk akal..pas dikantong,,netral,,,Rule-Based,,,,
UgwWl7EMc8A-kXcwlUJ4AaABAg,G_acqAJrRso,75146297815cd8b4ec062a328e9c05d8c4d7ad0c396428d03ae15909e9fe7b88,"Hanya untuk 1000 pembeli pertama,setelah itu kira2 brpa harga nya ya?",0,2025-11-18T13:31:29Z,2025-11-18T13:31:29Z,2026-09-18T04:38:32.144167+00:00,"hanya untuk 100 pembeli pertama,setelah itu kira2 brpa harga nya ya?",,netral,,,Rule-Based,,,,
UgyVf7Kn7TMyriZkFuh4AaABAg,Bx-XDBdN7nA,7b923c5f9f033c155bb0ae26540acb4ad556c266e2df924d0c4c56981c9e1f44,"gue malah setuju kalau mobchin ini perang harga

biar mobil jepang pada sadar diri
mereka selama puluhan tahun di warga +62 udh untung berapa triliun tuh dengan margin gede tapi pelit fitur apalagi ada skandal uji tabrak.

dengan adanya mobchin perang harga apalagi di tanah air, artinya konsumen yang di untungkan.",0,2025-11-19T04:05:37Z,2025-11-19T04:05:37Z,2026-09-19T00:23:01.508913+00:00,"gue malah setuju kalau mobchin ini perang harga biar mobil jepang pada sadar diri mereka selama puluhan tahun di warga +62 sudah untung berapa triliun tuh dengan margin gede tapi pelit fitur apalagi ada skandal uji tabrak. dengan adanya mobchin perang harga apalagi di tanah air, artinya konsumen yang di untungkan.",,netral,netral,,Rule-Based,,,,
UgzArVnnX0kaS-cPXKB4AaABAg,G_acqAJrRso,b022d73051ea517ae1625b912e0d5729e01833c02556dff796da01da2884bb73,"Harga baterainya J5 berapa ya?
Ada yg tau",0,2025-11-24T16:47:01Z,2025-11-24T16:47:01Z,2026-09-18T04:38:32.144167+00:00,harga baterainya j5 berapa ya? ada yg tau,,netral,netral,,Rule-Based,,,,
UgyvqOOLVG4WkOBCnAp4AaABAg,G_acqAJrRso,dbf8fdff04717f1b4d4c39cd11bcb80c35fbdafeeb147cecfb39a393088edcd3,"Jangan hitung harga jual dengan segitu bekas pake 10th puas walau bekasnya jadi rongsok😂, menurut hitungan pake bisnis",0,2025-11-15T15:42:10Z,2025-11-15T15:42:10Z,2026-09-18T04:38:32.144167+00:00,"jangan hitung harga jual dengan segitu bekas pakai 10th puas walau bekasnya jadi rongsok😂, menurut hitungan pakai bisnis",,positif,,,Rule-Based,,,,
UgyyV8hYYRQueBA-1xl4AaABAg,G_acqAJrRso,46f6fbef81276c178848dc4116e5a799cedf6f60129c1f9a87b0c4e47a2b408a,Yakin hrga murah kualitasnya bagus?,0,2025-11-15T00:23:59Z,2025-11-15T00:23:59Z,2026-09-18T04:38:32.144167+00:00,yakin hrga murah kualitasnya bagus?,,positif,,,Rule-Based,,,,
Ugyr1L-nNZN5byQYS-h4AaABAg,G_acqAJrRso,c2523b052088d6fed96ce9b6e34476ddb850abbeeb4b08822f215e9647ee8939,"Klo kena banjir aman ndak, krn posisi baterai di bawah?",1,2025-11-15T23:22:10Z,2025-11-15T23:22:10Z,2026-09-18T04:38:32.144167+00:00,"kalau kena banjir aman ndak, karena posisi baterai di bawah?",,,netral,,Rule-Based,,,,
UgyxmP80N5eLtyRJbmJ4AaABAg,G_acqAJrRso,9823826863dccf4874ae8130ea27d70eebe4ed08ea47a2087bafd6107173810e,gila sih honda hrv serasa missskinnn banget fiturnya,8,2025-11-16T14:08:55Z,2025-11-16T14:08:55Z,2026-09-18T04:38:31.419348+00:00,gila sih honda hrv serasa misskinn banget fiturnya,,,netral,,Rule-Based,,,,
UgwIcC66pyIi3cw1uqh4AaABAg,Bx-XDBdN7nA,a02989a655aa65bf3b3f381b9dcecc59dce5a72c2aca63c7097397e11bbbcd8c,"Dijual 350jt juga udah kemurahan, eh ini cuma 250jtaan kurang ajar emang nih jaecoo dan Chery. Begitulah kira2 kata hati sales merk lain.",0,2025-11-19T03:24:15Z,2025-11-19T03:24:15Z,2026-09-19T00:23:02.435533+00:00,"dijual 350jt juga udah kemurahan, eh ini cuma 250jtaan kurang ajar emang nih jaecoo dan chery. begitulah kira2 kata hati sales merk lain.",,positif,,positif,Rule-Based,,,,
UgyiWZ-npsDseTAzQ8N4AaABAg,Bx-XDBdN7nA,87798e506e36eeb57864d792e553bea33a6946ad4c6be48ac98d228019cd2932,"Sepertinya perang harga mobil listrik sudah dimulai
*btw, kalau seandainya pemerintah mulai memberlakukan LCGC untuk mobil listrik, kira-kira nama LCGC-nya mobil-mobil listrik murah bakal jadi apa ya?",1,2025-11-16T05:23:37Z,2025-11-16T05:24:38Z,2026-09-19T00:23:02.435533+00:00,"sepertinya perang harga mobil listrik sudah dimulai *btw, kalau seandainya pemerintah mulai memberlakukan lcgc untuk mobil listrik, kira-kira nama lcgc-nya mobil-mobil listrik murah bakal jadi apa ya?",,positif,,,Rule-Based,,,,
Ugzg1FEFO4mc3WFvJ2Z4AaABAg,G_acqAJrRso,a72ebf163bf4baa3c8c50d82bd181b11f816b84c0600160a17675a10006b6621,Mudik bakal berebutan chargeran di rest area ini mah 😅😅,0,2025-12-03T05:53:40Z,2025-12-03T05:53:40Z,2026-09-18T04:38:31.419348+00:00,mudik bakal berebutan pengisi daya di rest area ini mah 😅😅,netral,,,,Rule-Based,,,,
Ugy8c0XIpAmCL-PRKv94AaABAg,G_acqAJrRso,5272e2dee898d8a6513b67c0cfaa3af64437597cfcdc445b94e65c4e78b349b4,"ini mobil lengkap banget sih fitur2nyah  rasa ingin memilikinya pasti ada ...aku doakan di thn2026 semua sobat you tube terqobul hajat dan cita2nya  pada punya mobil mopang atau mocin mobil idamannya beli secara  kontan / kredit syariah  ,salam sukses dan sehat selalu mudah rizqi 🤲❤",1,2025-11-15T13:51:41Z,2026-01-01T12:48:05Z,2026-09-18T04:38:31.419348+00:00,"ini mobil lengkap banget sih fitur2nyah rasa ingin memilikinya pasti ada ..aku doakan di thn2026 semua sobat you tube terqobul hajat dan cita2nya pada punya mobil mopang atau mocin mobil idamannya beli secara kontan / kredit syariah ,salam sukses dan sehat selalu mudah rizqi 🤲❤",,,netral,,Rule-Based,,,,
Ugz_MHk25K-lXWUIz-t4AaABAg,Bx-XDBdN7nA,c668e0cf68d5a2086057cbd149544ec467be45b0ff6614c6e9b3c68c3a167652,"gw sih masih geleng"" kepala liat kualitas, fitur dibanding harganya",4,2025-11-16T06:26:39Z,2025-11-16T06:26:39Z,2026-09-19T00:23:01.508913+00:00,"gw sih masih geleng"" kepala liat kualitas, fitur dibanding harganya",,netral,netral,,Rule-Based,,,,
Ugz02fftbOq3nCshgzF4AaABAg,G_acqAJrRso,2ea00634333a9f27a56d95fa09648673bae6156d4d42815114c5d770add59c66,banyak banget fitur elektornik nya,1,2025-11-26T06:07:37Z,2025-11-26T06:07:37Z,2026-09-18T04:38:31.419348+00:00,banyak banget fitur elektornik nya,,,netral,,Rule-Based,,,,
Ugyv9zFMFxzx3aYqwMF4AaABAg,G_acqAJrRso,633104827ddb81d56792c0fce3b552c40ed902cdc5e0d3ec46e9794db026fff8,"Fiturnya gacor semua, pingin tapi ngeri sedap juga sih kalo layarnya mati, ga bisa ngapa2in 😆",0,2025-11-14T18:53:29Z,2025-11-14T18:53:29Z,2026-09-18T04:38:32.144167+00:00,"fiturnya sangat bagus semua, pingin tapi ngeri sedap juga sih kalo layarnya mati, tidak bisa ngapa2in 😆",,,positif,,Rule-Based,,,,
Ugw97yD2V1Oxd3sTXtB4AaABAg,Bx-XDBdN7nA,460c6ec51cc5568a51ffc25e84098a17a8966fec4fa6ea29d7a822e1bb6dfd33,Siiiiip mobil EV murah.... Good by mobil kaleng krupuk harga premium.,5,2025-11-16T06:16:28Z,2025-11-16T06:16:28Z,2026-09-19T00:23:01.508913+00:00,siip mobil ev murah.. good by mobil kaleng krupuk harga premium.,,positif,positif,,Rule-Based,,,,
UgwKk5ASeezBRrNUE5t4AaABAg,Bx-XDBdN7nA,f6dc9e9887fccf76802bb5fd3e4404b4c06ba5e1c34e0a6cfafd09778e71d794,Bersyukur dgn masuknya banyak mobil listrik china bisa membuka mata pabrikan jepang . Kalah vitur kalah harga kalah teknologi cuma menang nama doang . Terusin sono jual mahal lo mau berapa lama lihat aja contoh mesin2 disel/genset jepang habis pasarnya kemakan ama jialing. Jiandong dll,0,2026-01-12T12:22:03Z,2026-01-12T12:22:03Z,2026-09-19T00:23:02.435533+00:00,bersyukur dengan masuknya banyak mobil listrik china bisa membuka mata pabrikan jepang . kalah vitur kalah harga kalah teknologi cuma menang nama doang . terusin sono jual mahal lo mau berapa lama lihat aja contoh mesin2 disel/genset jepang habis pasarnya kemakan ama jialing. jiandong dll,,negatif,,,Rule-Based,,,,
UgxCcb-lDQJBUOneeqt4AaABAg,Bx-XDBdN7nA,2e95e0bbcf8fba363bd464a21eb6031cb764e316aa2b51fe0dc95813bdb7064e,delaer hyundai di kotaku barusan tutup diganti dealer mbl listrik tiongkok😅,0,2025-11-21T12:51:05Z,2025-11-21T12:51:05Z,2026-09-19T00:23:02.435533+00:00,delaer hyundai di kotaku barusan tutup diganti dealer mbl listrik tiongkok😅,,,,netral,Rule-Based,,,,
Ugxb54OPUHV8sxadCOp4AaABAg,Bx-XDBdN7nA,9e94155f5a9b4ecb9da50363f558b9a7b2897a30108b2cd2ffae852d6a64941c,". Kalau sudah umur molis ,20 th, bisa kaliee, beli battery dengan harga 50 jutaan 😅",1,2025-11-16T06:41:13Z,2025-11-16T06:41:13Z,2026-09-19T00:23:02.435533+00:00,". kalau sudah umur molis ,20 th, bisa kaliee, beli battery dengan harga 50 jutaan 😅",,netral,,,Rule-Based,,,,
Ugz-NY_7kZPxPXEQd4t4AaABAg,Bx-XDBdN7nA,44d26f6997307df92e676a3f79ac40b9d07a23373a81ce2d7b005a94cf224c80,"Bsok klo udh punya,mau nyari bengkel yg bisa Mod tmpilan speedo utama, biar ga kayak molis 😂😂😂😂😂",0,2025-11-18T06:00:12Z,2025-11-18T06:00:12Z,2026-09-19T00:23:01.508913+00:00,"bsok kalau sudah punya,mau nyari bengkel yg bisa mod tmpilan speedo utama, biar tidak kayak molis 😂😂",,,,netral,Rule-Based,,,,
UgzFOPGdJu9V4RF4poJ4AaABAg,Bx-XDBdN7nA,f67efc360f34358d73fdcc07927ad9882692d8c325bd745aecaf56756a81b39c,"Barusan ke diler bekasi, antri sampe Maret😅",1,2025-11-16T10:16:58Z,2025-11-16T10:16:58Z,2026-09-19T00:23:01.508913+00:00,"barusan ke diler bekasi, antri sampe maret😅",,netral,,,Rule-Based,,,,
UgxI5vYWEHYan_GA4mR4AaABAg,Bx-XDBdN7nA,3908ae565837d0862c28ce0284fff92384147f18118b7799fb7318d307bc4a2e,harga bekasnya berapa ya.. harga baterenya berapa kalo rusak? tahan sampai berapa lama?kalau garansinya pendek..waspada.. mudah mudahan tidak beli gerobak ya..😂,0,2025-11-18T10:23:00Z,2025-11-18T10:23:00Z,2026-09-19T00:23:02.435533+00:00,harga bekasnya berapa ya.. harga baterenya berapa kalo rusak? tahan sampai berapa lama?kalau garansinya pendek..waspada.. mudah mudahan tidak beli gerobak ya..😂,,negatif,negatif,,Rule-Based,,,,
UgwOA4BVmdYF5rT0XPx4AaABAg,Bx-XDBdN7nA,655e5fe76c11ee1aa7c387f912b51b96a16c1d5207fd2ee831f018b9982496b3,"serius nanya,kalau punya mobil EV sebenernya apakah aman parkir outdoor mengingat secara tidak langsung kita sama saja memanggang baterainya,apalagi suhu panas itu hal yang sangat dihindari oleh baterai",0,2025-11-25T09:04:11Z,2025-11-25T09:04:11Z,2026-09-19T00:23:02.435533+00:00,"serius nanya,kalau punya mobil ev sebenernya apakah aman parkir outdoor mengingat secara tidak langsung kita sama saja memanggang baterainya,apalagi suhu panas itu hal yang sangat dihindari oleh baterai",,,netral,,Rule-Based,,,,
UgwLo11pGsTGfg4XfgN4AaABAg,Bx-XDBdN7nA,b8210822bdcda4706a60fee026e88f352ffe83adc55b09b07d6a6e6ae663efae,Air ev juga waktu launching harganya 300 juta,1,2025-11-16T05:15:18Z,2025-11-16T05:15:18Z,2026-09-19T00:23:02.435533+00:00,air ev juga waktu launching harganya 300 juta,,netral,,,Rule-Based,,,,
UgzmPVoV-v5ycc6n-lx4AaABAg,Bx-XDBdN7nA,04ba98a92c1c449bce83d57d4f2853d53e8b9140c0bd119fff7f849da57270f6,Macem Tamiya lah Wak model mobil-mobil listrik ini..modal batre aja dia tenaga nya..semua putaran roda cuman di kekuatan gear-gear tu aja dia ya kan..hahahaha....,0,2026-07-18T16:46:29Z,2026-07-18T16:46:29Z,2026-09-19T00:23:02.435533+00:00,macem tamiya lah wak model mobil-mobil listrik ini..modal baterai aja dia tenaga nya..semua putaran roda cuman di kekuatan gear-gear tu aja dia ya kan..hahahaha..,,,netral,,Rule-Based,,,,
UgwaRwHRNZVAGeetQGd4AaABAg,Bx-XDBdN7nA,a4d590d0fd3ad4908a106938d5e3b32b25cd1f562e9db582d801f6efe0c7963a,Yg mau jual bekas nya. Boleh...,0,2025-11-23T12:25:19Z,2025-11-23T12:25:19Z,2026-09-19T00:23:02.435533+00:00,yg mau jual bekas nya. boleh..,,netral,,,Rule-Based,,,,
UgzDJuT2amVv4TwfmJt4AaABAg,Bx-XDBdN7nA,76523f9cb28978ecd924298ce8a59d9c7795ee5a7e4d2422195786be62b65c37,"Pilihan paling cerdas ya made china, ash canggih teejangkau lagi. Tenggelamkan made in jepun, pelit fitur mahal pula.",0,2026-04-25T14:13:44Z,2026-04-25T14:13:44Z,2026-09-19T00:23:02.435533+00:00,"pilihan paling cerdas ya made china, ash canggih teejangkau lagi. tenggelamkan made in jepun, pelit fitur mahal pula.",,negatif,negatif,,Rule-Based,,,,
UgzNlcU3dBnHBqty5u14AaABAg,G_acqAJrRso,ea6c9f21ef32295db9d4d6d6d14c5a3ac5ea8e331cb5c42bc34cf8f1840839e0,Gilaa sih ini fiturnya,0,2025-12-08T08:06:49Z,2025-12-08T08:06:49Z,2026-09-18T04:38:31.419348+00:00,gilaa sih ini fiturnya,,,netral,,Rule-Based,,,,
UgzbrtzuHK1IqUlcf6h4AaABAg,Bx-XDBdN7nA,15388fe297218636fbbd49227443449e280c9559757b15b939d2bfad6b28ae38,"3 tahun lalu duit 300jt, dpt moblis kutu, roti tawar, g kuat nanjak, yg kala itupun sok pada jual mahal ajimumpung sales2nya",2,2025-11-16T05:05:07Z,2025-11-16T05:05:07Z,2026-09-19T00:23:02.435533+00:00,"3 tahun lalu duit 300jt, dapat moblis kutu, roti tawar, g kuat nanjak, yg kala itupun sok pada jual mahal ajimumpung sales2nya",,negatif,,negatif,Rule-Based,,,,
UgxvHZucgvJvyh-bwk14AaABAg,G_acqAJrRso,6fbd39f6434d4aab9c785f3871c71931b18175359c3e41cf5cd8713d02c79898,sistem adasnya gak ada Lane Keeping Assist (LKA) ?,0,2025-11-28T13:31:19Z,2025-11-28T13:31:19Z,2026-09-18T04:38:31.419348+00:00,sistem adasnya tidak ada lane keeping assist (lka) ?,,,netral,,Rule-Based,,,,
Ugx9iXToTiuxapjrTCZ4AaABAg,Bx-XDBdN7nA,5592a0cfffa37d797d45f898bc88abd35cab789074961c25018a76c554f8a6ce,MOBIL2 LISTRIK EV HEMATNYA KEBANGETEN BIKIN KANTONG AMAN.. (1 KWH BISA JALAN 10 KM...HARGA PER 1KWH 1700 RP DENGAN CHARGE DI RUMAH.. BIAYA PER 1 KM = 1700 : 10 = 170.. JADI BIAYA PER KM CUMA RP. 170).. LEBIH HEMAT DARI HONDA BEAT.,1,2025-12-06T07:10:45Z,2025-12-06T07:18:42Z,2026-09-19T00:23:01.508913+00:00,mobil2 listrik ev hematnya kebangeten bikin kantong aman.. (1 kwh bisa jalan 10 km..harga per 1kwh 1700 rp dengan charge di rumah.. biaya per 1 km = 1700 : 10 = 170.. jadi biaya per km cuma rp. 170).. lebih hemat dari honda beat.,,netral,,,Rule-Based,,,,
UgzjQqIuzHp9I8AH1Ih4AaABAg,G_acqAJrRso,da5759d6c7e3d6efee83a8cfefb8c059475df8c392986688abf24ef1622ebfcb,"Compared sama Veloz yg harganya sama, gimana kenyamanan nya ya? Soalnya Veloz bantingan nya kurang oke dan agak berasa LGCC gitu.",0,2025-11-14T21:30:00Z,2025-11-14T21:30:00Z,2026-09-18T04:38:32.144167+00:00,"compared sama veloz yg harganya sama, gimana kenyamanan nya ya? soalnya veloz bantingan nya kurang oke dan agak berasa lgcc gitu.",,positif,positif,,Rule-Based,,,,
UgyMO-LhjfZoliRdto14AaABAg,Bx-XDBdN7nA,e7489b3880fd414301f3fa696de6aa88dfaedbd3941b5cbf62f5a3a60cc60e27,KLO ada duit sgitu dah pasti pilih ini .. Gilak sih harganya ..,1,2025-11-16T10:29:17Z,2025-11-16T10:29:17Z,2026-09-19T00:23:00.712565+00:00,kalau ada duit sgitu dah pasti pilih ini .. gilak sih harganya ..,,netral,,,Rule-Based,,,,
UgyX9xk_F342T7B1c8R4AaABAg,G_acqAJrRso,e9a7dd74a0d4c0ccf3023ab823a805236edaa6b69112d4a658dfdfd127350835,"Apakag jeco bisa menggeser pasaran avansa dan brio mengigat harga jeco mirip dan ngak beda jauh, kalo jeco biso berdiri sejajr degan avansa dan brio dlm penjualan wah hebat aku malah suka nanti dibursa pasar mobkas ada mobil cina dlm populasi banyak dan banyak pilihan buat konsumen",0,2026-05-05T22:05:10Z,2026-05-05T22:05:10Z,2026-09-18T04:38:32.144167+00:00,"apakag jeco bisa menggeser pasaran avansa dan brio mengigat harga jeco mirip dan ngak beda jauh, kalo jeco biso berdiri sejajr degan avansa dan brio dlm penjualan wah hebat aku malah suka nanti dibursa pasar mobil bekas ada mobil cina dlm populasi banyak dan banyak pilihan buat konsumen",,positif,,,Rule-Based,,,,
UgyQno8Rn06HxoI1tvN4AaABAg,G_acqAJrRso,4de7294a965242e2910e4941fc1b6330a3b0663914adb47ef10c94247965bd25,Mending beli ini daripada wuling binguo malah lebih mahal,2,2025-11-14T22:55:32Z,2025-11-14T22:55:32Z,2026-09-18T04:38:31.419348+00:00,lebih baik beli ini daripada wuling binguo malah lebih mahal,,negatif,,,Rule-Based,,,,
Ugz_Jgn9YhR7I3il_lV4AaABAg,Bx-XDBdN7nA,ea883e154b108ecf061cdbfdd7bcd976822bec3b995bc0ff4527483f03789346,Agar dilengkapi dengan after sales services yang baik,1,2025-11-17T06:12:09Z,2025-11-17T06:12:09Z,2026-09-19T00:23:00.712565+00:00,agar dilengkapi dengan after sales services yang baik,,,,netral,Rule-Based,,,,
UgytEDkSJhJipaHESQZ4AaABAg,G_acqAJrRso,c4040042a393f61c6e35103797ecf4927fba66229c3de5b0c2e716da00b6f109,reviewnya selalu detil rinci dan enak diikuti buat yg ingin tahu fitur lengkap mobilnya...bravo carmudi,0,2025-11-24T03:41:46Z,2025-11-24T03:41:46Z,2026-09-18T04:38:30.738340+00:00,reviewnya selalu detil rinci dan enak diikuti buat yg ingin tahu fitur lengkap mobilnya..bravo carmudi,,,netral,,Rule-Based,,,,
UgyqL3p1UN2yovKLu2R4AaABAg,G_acqAJrRso,ba0253ab4b7ce92dca924a56b7271b5089a5d0ea4e1caac365f63e8eeae5fbca,"Harganya Gimmick.. wkwkwk...1000pembeli pertama, bohong banget...",0,2025-11-17T04:13:44Z,2025-11-17T04:13:44Z,2026-09-18T04:38:32.837223+00:00,"harganya gimmick.. wkwkwk..100pembeli pertama, bohong banget..",,netral,,,Rule-Based,,,,
Ugy5O5Gc3rCGg-GpYzV4AaABAg,Bx-XDBdN7nA,e315fc8b53c91b44f25aa67e1d1b957cb47cebba1bb292ca8d7491865c503f68,"5 tahun ke belakang masih mikir bukan merk Jepang ga perlu dilirik.
Tapi di 2025 ini, ga bisa mengelak lagi merk Jepang makin ketinggalan di belakang 😅

Mungkin dari sisi kematangan berkendara, reliabilitas, layanan aftersales, dsb merk Jepang masih memimpin, tapi seberapa prioritas hal-hal tersebut kalo dihajar pake harga murah plus fitur-fitur lain yg sebenernya ga buruk-buruk amat? Apapun itu, kita sebagai pembelilah pemenangnya haha",27,2025-11-16T08:43:23Z,2025-11-16T08:43:23Z,2026-09-19T00:23:00.712565+00:00,"5 tahun ke belakang masih mikir bukan merk jepang tidak perlu dilirik. tapi di 2025 ini, tidak bisa mengelak lagi merk jepang makin ketinggalan di belakang 😅 mungkin dari sisi kematangan berkendara, reliabilitas, layanan aftersales, dsb merk jepang masih memimpin, tapi seberapa prioritas hal-hal tersebut kalo dihajar pakai harga murah plus fitur-fitur lain yg sebenernya tidak buruk-buruk amat? apapun itu, kita sebagai pembelilah pemenangnya haha",,positif,positif,positif,Rule-Based,,,,
UgylMAZONrXoRC19cKZ4AaABAg,Bx-XDBdN7nA,9ad0511973398995862f9db61eb747dbbcef2191adc2375a388909eb9a8599fb,Buset independent suspension 🔥🔥🔥,7,2025-11-17T16:54:00Z,2025-11-17T16:54:00Z,2026-09-19T00:23:00.712565+00:00,buset independent suspension 🔥🔥,,,netral,,Rule-Based,,,,
UgwNuXtFiNWgMF_9A5Z4AaABAg,G_acqAJrRso,eef9f5c5106162d7e9903eae1dd43d6f3426ea365bf3d74a93233b8624ca0b2a,gila gila gk masuk akal ma harganya nih mobil... EDAANNN !!,0,2026-02-24T08:53:24Z,2026-02-24T08:53:24Z,2026-09-18T04:38:32.837223+00:00,gila gila tidak masuk akal ma harganya nih mobil.. edaann !!,,netral,,,Rule-Based,,,,
UgzZt0e2iISw36TRtkh4AaABAg,Bx-XDBdN7nA,4f1e42ab88930de423c7b9ec1f7973cfb83741d94488e3a818d434b3e8eeb08b,“Mobil proper yang harganya bikin keder”,37,2025-11-16T09:23:49Z,2025-11-16T09:23:49Z,2026-09-19T00:23:00.712565+00:00,“mobil proper yang harganya bikin keder”,,netral,,,Rule-Based,,,,
UgybmEtF66o1MrF8nt54AaABAg,G_acqAJrRso,c85e139616a6b0c6a27da7e809af333e0b291fe6d357ad85f011fbae1e3d1e5c,"semoga harganya tetap sama diteruskan meskipun sudah ada 1000 pembeli, dan tahun depan harganya juga masih sama, jadi saya bisa beli mobil ini, aamiin,,",8,2025-12-04T00:57:31Z,2025-12-04T00:57:31Z,2026-09-18T04:38:30.738340+00:00,"semoga harganya tetap sama diteruskan meskipun sudah ada 100 pembeli, dan tahun depan harganya juga masih sama, jadi saya bisa beli mobil ini, aamiin,,",,netral,,,Rule-Based,,,,
Ugw9m31evxdIJHEn6el4AaABAg,G_acqAJrRso,c668e0cf68d5a2086057cbd149544ec467be45b0ff6614c6e9b3c68c3a167652,"fix.., kualitas & fitur bintang lima harga kaki lima, gila nih mobil",9,2025-11-16T03:52:01Z,2025-11-16T03:52:31Z,2026-09-18T04:38:30.738340+00:00,"fix.., kualitas & fitur bintang lima harga kaki lima, gila nih mobil",,netral,netral,,Rule-Based,,,,
UgyVAuwS0ilsAS-OKsp4AaABAg,G_acqAJrRso,119e8e473f03bbb338a1e6d905f5d7b835976891da76e9d9fa6c34e100c01346,sudah booking hari pertama setelah harga keluar.. sekarang nonton ini untuk penjelasan detail melebihi sales.. wkwk,8,2025-11-15T01:38:21Z,2025-11-15T01:38:21Z,2026-09-18T04:38:30.738340+00:00,sudah booking hari pertama setelah harga keluar.. sekarang nonton ini untuk penjelasan detail melebihi sales.. wkwk,,netral,,netral,Rule-Based,,,,
UgwQ7sjA5n1d3HHUf7R4AaABAg,Bx-XDBdN7nA,43c383e65e97e69d8d58d2865cf3e7224cf8743c075f3b44ca90a9aea466ab04,Digabung aja ke jaringan dealer bengkel chery biar mengurangi keraguan calon konsumen,20,2025-11-16T05:22:56Z,2025-11-16T05:22:56Z,2026-09-19T00:23:00.712565+00:00,digabung aja ke jaringan dealer bengkel chery biar mengurangi keraguan calon konsumen,,,,netral,Rule-Based,,,,
UgzX2HRd5KnvTEoRjX94AaABAg,G_acqAJrRso,67add4b7de128ae7a86f45c35c3bae27aff54efd83ca112cdd5de7fc12f57bd0,"EV paling ganteng di range 200-300 jutaan, menurut keyakinan saya 😆",5,2026-04-11T03:16:54Z,2026-04-11T03:16:54Z,2026-09-18T04:38:30.738340+00:00,"ev paling ganteng di range 200-300 jutaan, menurut keyakinan saya 😆",,positif,positif,,Gemini-API,,,,
UgztNhVo35pI5_bC89N4AaABAg,Bx-XDBdN7nA,1bf3f97b6d49b39e7f9a9dcc2c3a4f68cfec43aadf7dc81ecdae5a834f9d516e,Ganteng mobilnya semoga banyak  dealernya,3,2025-11-16T08:05:23Z,2025-11-16T08:05:23Z,2026-09-19T00:23:00.712565+00:00,ganteng mobilnya semoga banyak dealernya,,,,netral,Rule-Based,,,,
UgzTCV4MtG3N3lsvvHx4AaABAg,Bx-XDBdN7nA,ec10cf9b049b831c8e36434d6a6762cc0b5e8142ee3a3baf9cabd3a123c6f0aa,Ya. Moga2 awet..,0,2025-11-20T03:22:33Z,2025-11-20T03:22:33Z,2026-09-19T00:23:00.712565+00:00,ya. moga2 awet..,,,positif,,Rule-Based,,,,
UgwOq7zT5aLp7M91Usl4AaABAg,G_acqAJrRso,81f1cfb2fa1b788abf097f864c6e52e92e96d05679bfca8c16cb99ad44b2fc8b,Sayang tapi batrenya ga rata bodi ya tapi dengan harga begini apa yg mau di complain lg❤,2,2025-11-14T21:03:04Z,2025-11-14T21:03:04Z,2026-09-18T04:38:30.738340+00:00,sayang tapi batrenya tidak rata bodi ya tapi dengan harga begini apa yg mau di complain lg❤,,netral,,,Rule-Based,,,,
UgwLvy_v1Z6K-SCfotB4AaABAg,Bx-XDBdN7nA,24689fa524e893220552ba0279fef9bc348d8b29cd7165f86b377f890654eaf5,Jangan dibandingkan atto 1 ya. Nanti sales byd marah2 bilang beda segmen😂,14,2025-11-16T05:09:49Z,2025-11-16T05:09:49Z,2026-09-19T00:23:00.712565+00:00,jangan dibandingkan atto 1 ya. nanti sales byd marah2 bilang beda segmen😂,,,,netral,Rule-Based,,,,
UgwNL7ld5cK9tKdIreN4AaABAg,Bx-XDBdN7nA,0d6ee6ec7edf08fbe5e01f72ee2c07b55081dac2e344cb22680a4bf5188ba0b6,"2 hari lalu saya datangi dealer chery di kota kecil saya cirebon Sudah mantap buat SPK, tapi kata salesnya tidak ada,
Karna chery dan jaecoo beda pemasaran, padahal brand chery jetour dan jaecoo itu masi 1 perusahaan ..
Jaecoo hanya tersedia di kota kota besar, padahal gue sudah mantap banget mau minang si jaeco ini sebagai mobil pertama gue,",1,2025-11-16T11:55:45Z,2025-11-16T11:55:45Z,2026-09-19T00:23:00.712565+00:00,"2 hari lalu saya datangi dealer chery di kota kecil saya cirebon sudah bagus buat spk, tapi kata salesnya tidak ada, karna chery dan jaecoo beda pemasaran, padahal brand chery jetour dan jaecoo itu masi 1 perusahaan .. jaecoo hanya tersedia di kota kota besar, padahal gue sudah bagus banget mau minang si jaeco ini sebagai mobil pertama gue,",,,,positif,Rule-Based,,,,
UgwbEg4D-9qy2_WPODJ4AaABAg,Bx-XDBdN7nA,8e12ee1600157f8b2f9af2f1853d51d5013ed495550a057251c263446c6f8a50,"Di negara yang berkembang ini, Fakta nya konsumen mencari yang murah meriah dengan fitur sebanyak2nya. Tidak perlu malu atau denial dengan teknologi dan harga murah dari Brand Cina. Karena semua akan Cina pada waktu nya.",266,2025-11-16T07:05:06Z,2025-11-16T07:05:06Z,2026-09-19T00:23:00.712565+00:00,"di negara yang berkembang ini, fakta nya konsumen mencari yang murah meriah dengan fitur sebanyak2nya. tidak perlu malu atau denial dengan teknologi dan harga murah dari brand cina. karena semua akan cina pada waktu nya.",,positif,positif,,Rule-Based,,,,
UgypL6myBP2HTXwc3jV4AaABAg,Bx-XDBdN7nA,455cad4f4653601169d567e37d841b072bb30766170da303cf75280e809e2ee0,"Mudah2an semua penonton video ini bisa membeli mobil ini secara cash keras, aminn",50,2025-11-25T01:29:02Z,2025-11-25T01:29:02Z,2026-09-19T00:23:00.712565+00:00,"mudah2an semua penonton video ini bisa membeli mobil ini secara cash keras, aminn",netral,,,,Rule-Based,,,,
UgyTZobzhqTTKfefWBN4AaABAg,Bx-XDBdN7nA,48152975a61b26e53b8bf18b5366f267d91b7712644c60e664f29dd32609d179,"*Harga* JAECOO J5 EV masih *TETAP* di Rp 249,9 juta dan Rp 299,9 juta, ini buktinya : https://www.instagram.com/autonetmagz/reel/DRTT6HHEhHW/

Saat ini sudah *tembus 6.000 SPK* lebih, kemungkinan harga akan dipertahankan sampai 10.000 unit, terget delivery di bulan Februari 2026",22,2025-11-21T10:47:24Z,2025-11-21T10:47:24Z,2026-09-19T00:23:00.712565+00:00,"*harga* jaecoo j5 ev masih *tetap* di rp 249,9 juta dan rp 299,9 juta, ini buktinya : saat ini sudah *tembus 6.00 spk* lebih, kemungkinan harga akan dipertahankan sampai 10.00 unit, terget delivery di bulan februari 2026",,netral,,,Rule-Based,,,,
Ugw2ZMHYeZ7GBFOriWt4AaABAg,Bx-XDBdN7nA,4b04f4b91092024fae88d6b51804ac94d9feebb7a2aba901e1e4703a7811478b,"Lagi nunggu J5 PHEV atau SHS , bila harga sama bakal boom lagi penjualan nya",1,2025-11-16T21:00:28Z,2025-11-16T21:00:28Z,2026-09-19T00:23:00.712565+00:00,"lagi nunggu j5 phev atau shs , jika harga sama bakal boom lagi penjualan nya",,netral,,,Rule-Based,,,,
Ugy__7Qx3_H-TEqR97p4AaABAg,G_acqAJrRso,8ef158996a1edad39c6599307d6fceef2cc84d87aec81b1b5182b77b44fa3608,"gila parah gak masuk akal fitur2nya dengan harga segitu, parah uyyy..",0,2025-11-15T17:59:18Z,2025-11-15T17:59:18Z,2026-09-18T04:38:32.144167+00:00,"gila parah tidak masuk akal fitur2nya dengan harga segitu, parah uyy..",,negatif,negatif,,Rule-Based,,,,
Ugy4_7fwHEwilMuv6-Z4AaABAg,Bx-XDBdN7nA,3b0f7bf850926327c4e8249cb97602e09c961e8e343b5c9351074b49e3025935,"makasih Jaecoo udah ngasih harga seperti ini. Sebagai orang yang masih nabung, menarik untuk ditunggu, kira-kira mobil apa yang akan rilis ketika tabungan sudah siap haha",8,2025-11-17T05:06:10Z,2025-11-17T05:06:10Z,2026-09-19T00:23:00.712565+00:00,"makasih jaecoo udah ngasih harga seperti ini. sebagai orang yang masih nabung, menarik untuk ditunggu, kira-kira mobil apa yang akan rilis ketika tabungan sudah siap haha",,netral,,,Rule-Based,,,,
Ugxg9Ck8gChVEaTViwF4AaABAg,Bx-XDBdN7nA,452ad515339d72e32557541b96ca4e39bb9fa0a7b5f4a43ed2131a028549bc72,Wuihh mantap sekali ya mobil ini untuk harga segitu. .. Yang kita terima selama ini jadi terasa over-price jika dibanding ini. Makasih reviewnya..,2,2025-11-20T16:02:44Z,2025-11-20T16:02:44Z,2026-09-19T00:23:00.712565+00:00,wuihh bagus sekali ya mobil ini untuk harga segitu. .. yang kita terima selama ini jadi terasa over-price jika dibanding ini. makasih reviewnya..,,positif,,,Rule-Based,,,,
Ugz3pXv_T2MtNDfY8VF4AaABAg,Vu0ayycGXbI,4d4b034beae5873b6f260db4538a8c5f612d3fbb03a925aa753328a3ce7e4d28,Brand cina hrs nya kolaborasi 1 merek sj spy byk bengkel 3S nya,2,2026-02-24T18:11:55Z,2026-02-24T18:11:55Z,2026-09-19T00:23:03.311589+00:00,brand cina hrs nya kolaborasi 1 merek sj spy byk bengkel 3s nya,,,,netral,Rule-Based,,,,
UgyJFckUcTAYg0dLS_h4AaABAg,Bx-XDBdN7nA,7239888bd33d6dc72b99f31afefcb9376436f2f8607d017f11de33a032770b7e,"300Jt dapat fitur paket lengkap gini, gimana TOYOTA gk panik banting harga tuh relese Veloz Hybrid 300jt juga 😂😂😂😂",21,2025-11-22T06:30:45Z,2025-11-22T06:30:45Z,2026-09-19T00:23:00.712565+00:00,"300jt dapat fitur paket lengkap gini, gimana toyota tidak panik banting harga tuh relese veloz hybrid 300jt juga 😂😂",,netral,netral,,Rule-Based,,,,
UgzgIUBaAufdfYZ6CcV4AaABAg,Vu0ayycGXbI,e79d9ac1aa36bf13c5b53fa5afadea304deaa0914cb2906bb6de74b8066b3d97,Kalo ada yg rentalin ini sih justru mantep ga mikir harga jual dan service jangka panjang,1,2026-06-17T07:01:43Z,2026-06-17T07:01:43Z,2026-09-19T00:23:03.311589+00:00,kalo ada yg rentalin ini sih justru mantep tidak mikir harga jual dan service jangka panjang,,netral,,netral,Rule-Based,,,,
Ugz2il81VwwouNtztn94AaABAg,Bx-XDBdN7nA,94db09745bb05101ec54ba7a2f6bea6365aa99e12b28ed85da3aed335841f4aa,"Mobil yg ngerti kemauan org indo, murah keren dapet banyak fitur",0,2025-11-25T14:13:35Z,2025-11-25T14:13:35Z,2026-09-19T00:23:00.712565+00:00,"mobil yg ngerti kemauan org indo, murah keren dapet banyak fitur",,positif,positif,,Rule-Based,,,,
Ugx8DM40o-axyJb-ifp4AaABAg,A-qeEyGaJM0,3d57e254d3c57d61007b15f824d4df13481a92e46e77d107d078c6e6e5c54c5d,"Geely EX2 ini udah banyak yang pake ya, sering banget liat di jalan",14,2026-09-15T11:21:16Z,2026-09-15T11:21:16Z,2026-09-19T00:23:14.160865+00:00,"geely ex2 ini udah banyak yang pakai ya, sering banget liat di jalan",,,,,Gemini-API,,,,
UgxkTJGoX2NvO83fCYB4AaABAg,A-qeEyGaJM0,47ceba5609964be2c10436cf234b59002f33afa8aa72d2e7b12691bb7230e18a,"kalo aja ada lane keep assist, mantep banget ini mobil",2,2026-09-16T03:05:17Z,2026-09-16T03:05:17Z,2026-09-19T00:23:14.160865+00:00,"kalo aja ada lane keep assist, mantep banget ini mobil",,,,,Gemini-API,,,,
Ugzq9ELR1XjjwowpHsN4AaABAg,A-qeEyGaJM0,c7ef0f1408a92dd7b0c7235f94721065db8d3128865d6e163c7661950d4a65ea,ke gunung kidul donk bang ❤,0,2026-09-15T15:15:30Z,2026-09-15T15:15:30Z,2026-09-19T00:23:14.160865+00:00,ke gunung kidul donk bang ❤,,,,,Gemini-API,,,,
UgwT97YYiQoIPEvlsgB4AaABAg,G_acqAJrRso,d8eab4f94e46ce16120b485e7aa2a56860f2060bbdf580e5c5ddc1415b39dec3,Ga pengin beli krna ga ada duitnya,0,2025-11-14T23:38:44Z,2025-11-14T23:38:44Z,2026-09-18T04:38:32.144167+00:00,tidak pengin beli krna tidak ada duitnya,,,,,Gemini-API,,,,
UgwQOxxkJbRbfRRy7rF4AaABAg,A-qeEyGaJM0,d1c3c4e233f5db049f1a954eb34a22689d0b12eb405e97a6fb744ca3fb6b23d0,Circle2nya Ebem Martono nih..,0,2026-09-16T07:22:46Z,2026-09-16T07:22:46Z,2026-09-19T00:23:14.160865+00:00,circle2nya ebem martono nih..,,,,,Gemini-API,,,,
UgyGZzU0bmbP0n8PGWN4AaABAg,z1fWo8tYynA,21ccb6ec4d8457cdbe7321de0150d121c14eac0f3c7c96a2c522418e90793af6,Belilah sesuai fungsi dan kebutuhan harian anda. Itu lebih baik😊,1,2026-01-23T05:19:01Z,2026-01-23T05:19:01Z,2026-09-19T00:23:11.766454+00:00,belilah sesuai fungsi dan kebutuhan harian anda. itu lebih baik😊,,,,,Gemini-API,,,,
Ugzw-dQAeiP1uz-mPC14AaABAg,A-qeEyGaJM0,302a553a3807a377ace14fd60a588b0a1f77b1b3234210d3d0a5a54c598f3fb8,"Wil, si Faiz gak diajak sekalian 😁",0,2026-09-15T16:37:14Z,2026-09-15T16:37:14Z,2026-09-19T00:23:14.160865+00:00,"wil, si faiz tidak diajak sekalian 😁",,,,,Gemini-API,,,,
UgyNMn9GuXu0IdzkhUJ4AaABAg,z1fWo8tYynA,e665f02700fb65ec5f50b4c6511b493f857e392c341693c2ebfe730a75c910e4,V2L itu apa bang (7:14).. maap Newbiew jgn di bully,0,2025-11-08T02:35:02Z,2025-11-08T02:35:02Z,2026-09-19T00:23:13.927196+00:00,v2l itu apa bang (7:14).. maap newbiew jangan di bully,,,,,Gemini-API,,,,
UgxvvDqcprzXDhnruhJ4AaABAg,A-qeEyGaJM0,73f9fd5aa04f5587f7714de2ae5d9f6386270cff240494dabb4b33d70b1c2db7,Sering sering concept long trip begini,1,2026-09-16T00:58:42Z,2026-09-16T00:58:42Z,2026-09-19T00:23:14.160865+00:00,sering sering concept long trip begini,,,,,Gemini-API,,,,
UgzUYsdvSszoR-QGUYV4AaABAg,z1fWo8tYynA,248967e638f555984cc75d5c26755e6763444133546abae8d6de0a94100ec97a,"200 juta , nggak ada retract spion? Sedih ....",0,2026-04-03T07:24:54Z,2026-04-03T07:24:54Z,2026-09-19T00:23:13.927196+00:00,"200 juta , tidak ada retract spion? sedih ..",,,,,Gemini-API,,,,
UgwSINPG-mxOUfMvtDx4AaABAg,z1fWo8tYynA,dbf35e31961e40a7384d995bba2ae88942a21ca48505050bf7d77fe1e1f865cc,Kecepatannya klo dibandingin sama brio mana yg lebih cepat?,0,2025-09-21T05:47:53Z,2025-09-21T05:47:53Z,2026-09-19T00:23:13.927196+00:00,kecepatannya kalau dibandingin sama brio mana yg lebih cepat?,,,,,Gemini-API,,,,
Ugxa1POlGgj7BIu4Mp14AaABAg,A-qeEyGaJM0,5b58bcec6c7c6708f0d402907c395b3de3d42d55294dc8144e9f3e01833c9b93,"Pernah ketemu sama si geely ex2 warna silver, cakep.",3,2026-09-16T06:50:29Z,2026-09-16T06:50:29Z,2026-09-19T00:23:14.160865+00:00,"pernah ketemu sama si geely ex2 warna silver, cakep.",,,,,Gemini-API,,,,
UgwbSPE38eMGRX9yMCF4AaABAg,A-qeEyGaJM0,53dac7e51c82bd58d0b13c97a8f26d53ac976a4adeb9d5bc339e29fcacee8825,"Jualan aja bang dimal, dari pada beri info tidak 100% untuk calon pengguna. Istirahat karena harus dichargè mobilnya😂😂😂😂",0,2026-09-17T06:50:03Z,2026-09-17T06:51:19Z,2026-09-19T00:23:14.160865+00:00,"jualan aja bang dimal, dari pada beri info tidak 100% untuk calon pengguna. istirahat karena harus dichargè mobilnya😂😂",,,,,Gemini-API,,,,
Ugy_gsbDMSX32iPt6Ql4AaABAg,G_acqAJrRso,a5d73c4c2dff87ab6c04847b3311a9e313d0171af0fad100575e2255dfe9071a,Sekilas saya pikir ranger rover 😅,0,2025-11-21T07:21:13Z,2025-11-21T07:21:13Z,2026-09-18T04:38:32.144167+00:00,sekilas saya pikir ranger rover 😅,,,,,Gemini-API,,,,
Ugy5Buo2nYRBA1n-QPt4AaABAg,G_acqAJrRso,33bffadc7ffd80813122fa460d5fc20a9296afe62436bc22950230c0cc7b2eb3,depan gk ada foglampnya ya?,0,2025-11-17T10:23:26Z,2025-11-17T10:23:26Z,2026-09-18T04:38:32.144167+00:00,depan tidak ada foglampnya ya?,,,,,Gemini-API,,,,
UgzM09nnX6FaVsdo1Mh4AaABAg,A-qeEyGaJM0,92e4b3adb46bb54c9a718b9902cccb75a0f47dd3c2c5df19a7d636aa5656d505,"Sering sering touring gini donggsss ,semoga bisa kebeli ni mobil aminnn",0,2026-09-17T12:49:07Z,2026-09-17T12:49:07Z,2026-09-19T00:23:14.160865+00:00,"sering sering touring gini donggss ,semoga bisa kebeli ni mobil aminn",,,,,Gemini-API,,,,
UgwP5Zyxygsp7YXrkZN4AaABAg,z1fWo8tYynA,4cc6a38e6fa0dcfa7af44f5b339e341779041065d8eea0e466db4534fe3c934b,Pesan ah ....nnti 😅😅😅,0,2025-09-17T13:06:14Z,2025-09-17T13:06:14Z,2026-09-19T00:23:10.960426+00:00,pesan ah ..nnti 😅😅,,,,,Gemini-API,,,,
UgyocsuAHrQ751FhFyx4AaABAg,z1fWo8tYynA,f0c6d6de895a474989686b88f1b88cd41095799bdb15a930cc59d21a82877044,Coba tes ke puncak om,0,2025-09-17T17:31:34Z,2025-09-17T17:31:34Z,2026-09-19T00:23:10.960426+00:00,coba tes ke puncak om,,,,,Gemini-API,,,,
UgzaKjeYG1c7n7pgpad4AaABAg,G_acqAJrRso,8173205f386305bc4de231f4c4c2fecc09ff229add651f166ade38bc78677a2f,"Teman² mau nanya dong, dari hrv se 2024 ganti ini cocok gak ?",0,2025-11-14T12:42:31Z,2025-11-14T12:42:31Z,2026-09-18T04:38:32.144167+00:00,"teman² mau nanya dong, dari hrv se 2024 ganti ini cocok tidak ?",,,,,Gemini-API,,,,
Ugyk9IAxH-FoYEryUpx4AaABAg,G_acqAJrRso,1f8b1907910490a70edfaa19afef731ce33b60190a5c24f0f6aac15771a37a35,41:22 😭😭😭,0,2025-11-15T12:37:16Z,2025-11-15T12:37:16Z,2026-09-18T04:38:32.144167+00:00,41:22 😭😭,,,,,Gemini-API,,,,
UgwPwCloqFIgf7olbjF4AaABAg,A-qeEyGaJM0,6a35cd834f578ab92f354017e024d9b49f213bc5ff40a6f6c7e58efe1f006f69,Bang coba tes di jalan Kalimantan sampe Kalimantan utara,0,2026-09-16T04:17:12Z,2026-09-16T04:17:12Z,2026-09-19T00:23:14.160865+00:00,bang coba tes di jalan kalimantan sampe kalimantan utara,,,,,Gemini-API,,,,
Ugz3AOOYJvxwJ58UbU14AaABAg,A-qeEyGaJM0,48152975a61b26e53b8bf18b5366f267d91b7712644c60e664f29dd32609d179,"Buat yang pakai mobil listrik, sudah pernah diajak road trip kemana & bagaimana pengalamannya? :D",14,2026-09-15T11:10:25Z,2026-09-15T11:10:25Z,2026-09-19T00:23:14.160865+00:00,"buat yang pakai mobil listrik, sudah pernah diajak road trip kemana & bagaimana pengalamannya? :d",,,,,Gemini-API,,,,
Ugywv2eG4Wk87KvsYXN4AaABAg,A-qeEyGaJM0,9c6bcb2c69e32c834aa8f91ae9372d6e96e9220806e296a7d04c4edc3d3ed24c,"saya roadtrip pakai aion y+ enak bgt juga, ev aman lah buat jalan jauh ahahaha

udh ke semarang..tegal..purbalingga..purwokerto, sukabumi, citorek negeri awan~",2,2026-09-16T03:13:21Z,2026-09-16T03:13:21Z,2026-09-19T00:23:14.160865+00:00,"saya roadtrip pakai aion y+ enak banget juga, ev aman lah buat jalan jauh ahahaha sudah ke semarang..tegal..purbalingga..purwokerto, sukabumi, citorek negeri awan~",,,,,Gemini-API,,,,
UgxB3wsGkoY9CGGbtbB4AaABAg,z1fWo8tYynA,dce00b58a4b1b49933803a25e20a4d799ef5892953f65541a522637202789eb1,Facelift dpn nya mirip lambo malahan,1,2025-09-23T04:40:16Z,2025-09-23T04:40:16Z,2026-09-19T00:23:11.766454+00:00,facelift dpn nya mirip lambo malahan,,,,,Gemini-API,,,,
Ugyw173Kiadf2CQbWHR4AaABAg,z1fWo8tYynA,4e8ce8502746774d2e5bed315b0bcaca9e2142e96aa5eadd624358d531453496,mantaf mobil BANGYADI nya,1,2025-12-16T08:18:30Z,2025-12-16T08:18:30Z,2026-09-19T00:23:10.960426+00:00,mantaf mobil bangyadi nya,,,,,Gemini-API,,,,
UgwE_YhzPRoS7X27xPp4AaABAg,z1fWo8tYynA,fa94d979ae47cc33e10917d553f4c7edfe928c3f644e41dcecb111770cb7e56c,Next Aion UT omm,0,2025-09-17T15:55:04Z,2025-09-17T15:55:04Z,2026-09-19T00:23:10.960426+00:00,next aion ut omm,,,,,Gemini-API,,,,
Ugyxnk3f3ugC1vJGlfl4AaABAg,A-qeEyGaJM0,c8ae4d53cc9a587b18889a054894085d4e979d35596e0659577c85ff92ee7b2e,"Hahahaaa senasib dgn mobil yg hanya mau minum BBM Shell. Cuma ada di Jawa Barat dan Jawa Timur, waktu di Surabaya antriannya juga panjang.",0,2026-09-17T08:09:39Z,2026-09-17T08:09:39Z,2026-09-19T00:23:14.160865+00:00,"hahahaa senasib dengan mobil yg hanya mau minum bbm shell. cuma ada di jawa barat dan jawa timur, waktu di surabaya antriannya juga panjang.",,,,,Gemini-API,,,,
Ugyxs9a5WkrrPjKKqu94AaABAg,A-qeEyGaJM0,2d0c496d65ebe7c522215fd55430878e952c514c9e1b526895487ce357936f88,"Geely EX2 mah bukan mobil kecil, lebarnya aja 1,8m agak susah masuk jalan2 kecil. Tampilannya aja yg kelihatan kecil",0,2026-09-16T17:25:09Z,2026-09-16T17:25:09Z,2026-09-19T00:23:14.160865+00:00,"geely ex2 mah bukan mobil kecil, lebarnya aja 1,8m agak susah masuk jalan2 kecil. tampilannya aja yg kelihatan kecil",,,,,Gemini-API,,,,
UgxGrymh-4T6usdLQG14AaABAg,z1fWo8tYynA,976d075b0d6c81bc62b49bdc62a6a9b95253bcfd0e58e593a7e959bf59ccd105,Desainnya bagus mnurutku. Simple gitu,0,2026-03-31T08:29:56Z,2026-03-31T08:29:56Z,2026-09-19T00:23:10.960426+00:00,desainnya bagus mnurutku. simple gitu,,,,,Gemini-API,,,,
Ugx85acARSn2mtKEiaF4AaABAg,A-qeEyGaJM0,eef268ae861a45fc32e77abe829b0edc08cbe7b4df3a30ba6091a5a606714bdd,Kok bisa bareng si dia,0,2026-09-15T14:19:05Z,2026-09-15T14:19:05Z,2026-09-19T00:23:14.160865+00:00,kok bisa bareng si dia,,,,,Gemini-API,,,,
UgxD1KVllC8-83TKi-l4AaABAg,z1fWo8tYynA,a256f51bfdbbd6506da404909858ca2b24cc5772ce5e034a874ebb7722aef93f,Bismillah atto 1,0,2025-09-19T06:30:13Z,2025-09-19T06:30:13Z,2026-09-19T00:23:11.766454+00:00,bismillah atto 1,,,,,Gemini-API,,,,
Ugx1v5-sYrPVb1StllZ4AaABAg,A-qeEyGaJM0,d088d5d8928141f4b5689e2bca597ae3de08d8942ecc263072379ee9b0e319cb,Aion UT the best,0,2026-09-17T15:08:22Z,2026-09-17T15:08:22Z,2026-09-19T00:23:14.160865+00:00,aion ut the best,,,,,Gemini-API,,,,
UgwUIgmXjnr5h3_zd094AaABAg,A-qeEyGaJM0,31468d240d554d05c162a46f4b3165a3fe3e7b1c92e79712d20603db11c85ba6,Jangan wrong ga tuh 😂,0,2026-09-17T01:15:48Z,2026-09-17T01:15:48Z,2026-09-19T00:23:14.160865+00:00,jangan wrong tidak tuh 😂,,,,,Gemini-API,,,,
Ugx0RsQg5_ALtPhmXMF4AaABAg,z1fWo8tYynA,90f972e42365178ff0847db022bf826d45e21fcc5a9a6ded1fdcf49bc4913d57,yg gak ku suka dari modelnya cuman lis item di bawah lampu knpa gak di bikin full body cat sama,0,2025-09-17T13:59:41Z,2025-09-17T13:59:41Z,2026-09-19T00:23:13.239008+00:00,yg tidak ku suka dari modelnya cuman lis item di bawah lampu knpa tidak di bikin full body cat sama,,,,,Gemini-API,,,,
UgzBbibBLNLRxgg4LEh4AaABAg,A-qeEyGaJM0,ab52a06e106bf014725c9e3681ef6c14c0c84dcc8d49a0cfa838696b1a709622,Vf3 tangerang madura sumpah lama sampai nya,0,2026-09-18T07:20:41Z,2026-09-18T07:20:41Z,2026-09-19T00:23:14.160865+00:00,vf3 tangerang madura sumpah lama sampai nya,,,,,Gemini-API,,,,
UgwU2tIXrlCruqEetMd4AaABAg,A-qeEyGaJM0,63453610f1b4492e600e900a86c2d410feb7934a6613808cdfeda42cbac5de52,bro kok pindah2 channel,1,2026-09-17T01:14:04Z,2026-09-17T01:14:04Z,2026-09-19T00:23:14.160865+00:00,bro kok pindah2 channel,,,,,Gemini-API,,,,
UgwPOSF0-e_jlndC9jd4AaABAg,A-qeEyGaJM0,cdedb19e5039e209a326028dcaace922f3b990006cb7cca8711ce0dc3e5f1111,Bang cobain jakarta - surabaya pake atto 1,0,2026-09-18T01:53:21Z,2026-09-18T01:53:21Z,2026-09-19T00:23:14.160865+00:00,bang cobain jakarta - surabaya pakai atto 1,,,,,Gemini-API,,,,
Ugx-_yev1iu2lbz_P3x4AaABAg,A-qeEyGaJM0,d7b2cb96f438dcf4597b73b79aebd4375760fea8bc9a747c2e8e144833c566d3,yu nyetir duluan ya... pegel kuping ai dengernya,0,2026-09-17T04:46:10Z,2026-09-17T04:46:10Z,2026-09-19T00:23:14.160865+00:00,yu nyetir duluan ya.. pegel kuping ai dengernya,,,,,Gemini-API,,,,
UgzQLQZQsRtFxY4W38t4AaABAg,G_acqAJrRso,3e525337b79a356a173b3d39b88b2bc2f7b7febcfcf2499b263fadd57f9fe48e,sama BRIO RS VTEC kencang mana?,0,2025-11-14T12:59:51Z,2025-11-14T12:59:51Z,2026-09-18T04:38:32.144167+00:00,sama brio rs vtec kencang mana?,,,,,Gemini-API,,,,
UgyyKgdMbW1R2ODZE214AaABAg,A-qeEyGaJM0,25aa98442742c61854d8ce343552481d0967fc64c7fae708ea8e7f40dd9ed490,Geely ex2 ini gua seneng bgt bentuk nya. Warna nya. Mudah mudahan suatu saat ada mesin hybrid nya. Pasti lebih gacor penjualan nya dari brio.. Hehe.,0,2026-09-17T13:17:08Z,2026-09-17T13:17:08Z,2026-09-19T00:23:14.160865+00:00,geely ex2 ini gua seneng banget bentuk nya. warna nya. mudah mudahan suatu saat ada mesin hybrid nya. pasti lebih sangat bagus penjualan nya dari brio.. hehe.,,,,,Gemini-API,,,,
UgwTsq5J83SyvEkpXMV4AaABAg,z1fWo8tYynA,5445812fd6deb67ce9ab65a98ec43981bc7b645ca02af8c7f0041b175b5dbff4,harus di test tanjakan sama moladin,0,2025-09-19T12:56:44Z,2025-09-19T12:56:44Z,2026-09-19T00:23:11.766454+00:00,harus di test tanjakan sama moladin,,,,,Gemini-API,,,,
UgxNKOF7UQvheLcPivp4AaABAg,A-qeEyGaJM0,6aa8585420a23a6e550e8ba2069e2c5f0b56befcef8f2dea1b297c4d4e8937aa,ngisinya lebih cepet dari pada antri isi pertalite upps,0,2026-09-16T10:28:26Z,2026-09-16T10:28:26Z,2026-09-19T00:23:14.160865+00:00,ngisinya lebih cepet dari pada antri isi pertalite upps,,,,,Gemini-API,,,,
UgzS08FaobWRWdIiWtl4AaABAg,z1fWo8tYynA,bb54aabc8c3e4811e930153a2840549d54ad7b05e9d8f50d266eb03ca52e4d22,bilang aja gw dibayar byd promosiin,0,2025-09-28T04:18:11Z,2025-09-28T04:18:11Z,2026-09-19T00:23:13.927196+00:00,bilang aja gw dibayar byd promosiin,,,,,Gemini-API,,,,
UgziqDTmR34a-GfJoyV4AaABAg,z1fWo8tYynA,5bf77582f86041680d4476cb2ef5f94b54d9ddecc77d5d4c7cebcf2ef483f0ce,minusnya mobil listrik apa ya guys?,0,2026-04-25T06:04:05Z,2026-04-25T06:04:05Z,2026-09-19T00:23:13.927196+00:00,minusnya mobil listrik apa ya guys?,,,,,Gemini-API,,,,
UgxZ4H-MZV233Gq0oNV4AaABAg,z1fWo8tYynA,0a04ce06e77203ffd853e9b5119276838e4470d9fc372b3623fb9d421232f36f,cakep benar ne mobil,0,2025-09-19T08:10:54Z,2025-09-19T08:10:54Z,2026-09-19T00:23:11.766454+00:00,cakep benar ne mobil,,,,,Gemini-API,,,,
Ugzxd7_byK-qJyP9-B54AaABAg,z1fWo8tYynA,aa8c57453168103e827767aa4ce634d354840f8cdcc11ea7f89ee0934d940685,"jgn buru2 beli mobil china 😂 

rugi boss 😂😂",1,2025-09-18T12:19:10Z,2025-09-18T12:19:10Z,2026-09-19T00:23:13.927196+00:00,jangan buru2 beli mobil china 😂 rugi boss 😂😂,,,,,Gemini-API,,,,
UgyX18up5fzxfsLjXJZ4AaABAg,z1fWo8tYynA,78e9ab6d3e538a4e3c6ca7f6a0af3917b62b3594cb4859fee6c375d6f8dc7045,Mantap nih,0,2025-12-31T07:50:58Z,2025-12-31T07:50:58Z,2026-09-19T00:23:11.766454+00:00,bagus nih,,,,,Gemini-API,,,,
Ugz6Njuc8n7NMpYS_nt4AaABAg,z1fWo8tYynA,029d47ce6b8581ae3b960ff8c2ba0dbb177747b3668aaa8c817464c3f1e2ccb1,KUNCINYA SEPERTI PETI MATI.. 😂😂😅😅 GAK JADILAH BELINYA.. NGERRII AMAT..,0,2026-02-18T02:48:39Z,2026-02-18T02:48:39Z,2026-09-19T00:23:13.927196+00:00,kuncinya seperti peti mati.. 😂😂😅😅 tidak jadilah belinya.. ngerrii amat..,,,,,Gemini-API,,,,
Ugx1ApOxz60kz6qGn2J4AaABAg,z1fWo8tYynA,f1922ce025fba9ab8756dc9f72b8816562baf46216ef061cf00c9f36c873c909,Semoga tahun depan,1,2026-01-11T11:18:49Z,2026-01-11T11:18:49Z,2026-09-19T00:23:11.766454+00:00,semoga tahun depan,,,,,Gemini-API,,,,
Ugww2VI3c4kfqvCtwlh4AaABAg,z1fWo8tYynA,59b0a5923b10c19b9ab704141db6e65d71caed888735c34ee7886e38dee9c9e0,gak enak ngereviewnya om,0,2025-10-04T14:54:56Z,2025-10-04T14:54:56Z,2026-09-19T00:23:13.927196+00:00,tidak enak ngereviewnya om,,,,,Gemini-API,,,,
UgweT53XQbryiHe12xp4AaABAg,z1fWo8tYynA,09f0d873a8520b4684dbbcc5b5f9eb8b164013f37fd3cbbf888dc6b1dd4e110b,Limbung jujur aj,0,2025-09-17T13:18:58Z,2025-09-17T13:18:58Z,2026-09-19T00:23:13.927196+00:00,limbung jujur aj,,,,,Gemini-API,,,,
UgxmK8nXvlPcjgvPJC54AaABAg,z1fWo8tYynA,55d7ebceedc58c3379fa0bd0913ef589469c237901c7c8448b946ed7d7f3fa88,"Yg bikin khawatir mobil listrik ya hanya batere nya, sayang cm 8thn. Kebayang nge drop lgs bayar brp ya, karena info nya hatus ganti nya seglondong semua",0,2025-09-21T05:04:52Z,2025-09-21T05:04:52Z,2026-09-19T00:23:13.927196+00:00,"yg bikin khawatir mobil listrik ya hanya batere nya, sayang cm 8thn. kebayang nge drop lgs bayar brp ya, karena info nya hatus ganti nya seglondong semua",,,,,Gemini-API,,,,
UgzG3B1lVtAHI4c4QG54AaABAg,G_acqAJrRso,53b7745e8350d292577e98514daa127a112949ab6d3b6ec39313d071bcb11c0c,Udah tes drive.....😂😂....mau omong gimana lagi bingung ....saya ada hrv ama destinator.......dan percaya deh dua2 nya gak menang dibanding si J5 ini😅😅😅.......spk nya antriannya ngeri bener😅😅😅,5,2025-11-14T15:57:19Z,2025-11-14T15:58:04Z,2026-09-18T04:38:32.144167+00:00,udah tes drive..😂😂..mau omong gimana lagi bingung ..saya ada hrv ama destinator..dan percaya deh dua2 nya tidak menang dibanding si j5 ini😅😅..spk nya antriannya ngeri bener😅😅,,,,,Gemini-API,,,,
Ugw2bZu0pyKXL2DOytV4AaABAg,G_acqAJrRso,8580dc9e0d0229783fe1d5fd12616dad139d49ef64c12cab8192a9917fc66189,mobil ini ngecharge di rumah bisa ga ya ?,0,2026-04-09T03:04:47Z,2026-04-09T03:04:47Z,2026-09-18T04:38:32.144167+00:00,mobil ini ngecharge di rumah bisa tidak ya ?,,,,,Gemini-API,,,,
Ugy4vkD4yGJ9_n94YdB4AaABAg,z1fWo8tYynA,428a24c33d670b25fb0297ef98f324d04b7d3c36220bfa7277b02d8135d1c696,Auto beli,0,2025-09-23T13:46:33Z,2025-09-23T13:46:33Z,2026-09-19T00:23:11.766454+00:00,auto beli,,,,,Gemini-API,,,,
UgwYKOsYq2jw_UdbIkF4AaABAg,z1fWo8tYynA,5802f74b2d0f5235a79342061cd906e83b10c33a4f50272bb9738846d4730cfd,Sy sebenarnya SGT Suka tapi Istri sy Bilang Listrik nanti byr mahal  benar ngak makan Listrik mahal itulah takutnya istri sy  harap tolong mintah penjelasan adik2ku trimkasih byk,0,2025-09-22T06:26:07Z,2025-09-22T06:26:07Z,2026-09-19T00:23:13.927196+00:00,sy sebenarnya sgt suka tapi istri sy bilang listrik nanti byr mahal benar ngak makan listrik mahal itulah takutnya istri sy harap tolong mintah penjelasan adik2ku trimkasih byk,,,,,Gemini-API,,,,
Ugw51VA3rdfYP4lBy9h4AaABAg,z1fWo8tYynA,66f8e589a98e4dff6a1543a6bae52989f06461446b7000972ae3b1b1b5d51a42,"Kunci digital (NFC) di spion. Kalo spionya patah atw dicuri, masih bisa  lock atau open pintu nya om?",0,2025-09-18T04:20:37Z,2025-09-18T04:20:37Z,2026-09-19T00:23:13.927196+00:00,"kunci digital (nfc) di spion. kalo spionya patah atw dicuri, masih bisa lock atau open pintu nya om?",,,,,Gemini-API,,,,
Ugzg2aijmjI3VwHugaN4AaABAg,z1fWo8tYynA,4c3b7a6347582db1d603530c9890fb7337abad899763e2021a801c79336c0eb5,"Om, bisa pasang turbo gk itu?",0,2025-09-17T13:54:29Z,2025-09-17T13:54:29Z,2026-09-19T00:23:13.927196+00:00,"om, bisa pasang turbo tidak itu?",,,,,Gemini-API,,,,
UgzzOGHtgc8aijRzlXR4AaABAg,z1fWo8tYynA,230f75aafdedb60cab414f540f09c0c878daeb56f47095ec262d1a92e9fa2a14,buat malu mobil jepang,0,2025-09-17T12:52:12Z,2025-09-17T12:52:12Z,2026-09-19T00:23:13.927196+00:00,buat malu mobil jepang,,,,,Gemini-API,,,,
UgzA1k8LlmDZwauFQkN4AaABAg,z1fWo8tYynA,698bd87fb6117ef3ae6727fbf8f10d415f81608d93fd056e97f70bc3c7a2c76c,Calon taxol,0,2025-10-02T00:47:40Z,2025-10-02T00:47:40Z,2026-09-19T00:23:13.927196+00:00,calon taxol,,,,,Gemini-API,,,,
UgzSv4qvKzH6anrOfrV4AaABAg,G_acqAJrRso,462bfe4a281cb727683df764dedf1fbda011398a191901579133da32581c1961,"07:17 ???
Range Rover ketawa cekikikan di singgasana tangga pegunungan Tianmen😂",0,2025-11-15T05:15:42Z,2025-11-15T05:15:42Z,2026-09-18T04:38:32.144167+00:00,07:17 ?? range rover ketawa cekikikan di singgasana tangga pegunungan tianmen😂,,,,,Gemini-API,,,,
UgwepkRBvMVFMnAzRl14AaABAg,z1fWo8tYynA,1990c59b34ebad77f1d92cc361ad9e463f94b565aa43bdf2ea3e292529b4daa3,ini mah review first impressions atau first driver bukan review setelah dipakai setiap hari om...... click bait zzzzzzzz,0,2025-09-20T04:46:14Z,2025-09-20T04:46:14Z,2026-09-19T00:23:13.927196+00:00,ini mah review first impressions atau first driver bukan review setelah dipakai setiap hari om.. click bait zz,,,,,Gemini-API,,,,
Ugx0P0EeHrKToMl2tF94AaABAg,G_acqAJrRso,04ed500cd3cfbab30d24ad38d8d0176c993e03747ef304006e181d9ea48c2e48,"Desain belakang copy banget RR, desain depan agak aneh krn polos…",0,2026-04-27T05:58:28Z,2026-04-27T05:58:28Z,2026-09-18T04:38:32.144167+00:00,"desain belakang copy banget rr, desain depan agak aneh karena polos…",,,,,Gemini-API,,,,
UgzWn0_7iQvWJZ_5i9h4AaABAg,z1fWo8tYynA,4a59479dcc3bf7756402f996e29a4fb2ac7159b056eafdda396ebe3793018108,Thanks om,0,2025-09-22T16:05:26Z,2025-09-22T16:05:26Z,2026-09-19T00:23:11.766454+00:00,thanks om,,,,,Gemini-API,,,,
UgxaQs88Mk79DuLtTXd4AaABAg,z1fWo8tYynA,86a47a278a8575f237d4b32aa58c8b285761dfcede67417c52864b3f61e443e1,"jika semua sudah full software, udah mulai berani pasang biaya langganan, micro transaction, trus di shutdown pabrikan,,,baru kerasa umur mobil  bakal dibatasi 😂",1,2025-09-17T13:38:58Z,2025-09-17T13:38:58Z,2026-09-19T00:23:13.927196+00:00,"jika semua sudah full software, udah mulai berani pasang biaya langganan, micro transaction, trus di shutdown pabrikan,,baru kerasa umur mobil bakal dibatasi 😂",,,,,Gemini-API,,,,
UgyjC6QyquOfJbSCwmF4AaABAg,z1fWo8tYynA,9014c725bba28c4fee15a2660e5419ff87489a8430893e4d5929fdfe573fa71c,Ya Allah semoga bisa beli ini mobil,0,2026-03-01T02:38:57Z,2026-03-01T02:39:09Z,2026-09-19T00:23:11.766454+00:00,ya allah semoga bisa beli ini mobil,,,,,Gemini-API,,,,
UgyO0cWuFmOFL4malT14AaABAg,z1fWo8tYynA,1ad70d4bab7b7fadffaea4a224d2250c4fe05c4a17fb46a6dc9c1fbf8194432d,Dibawa keluar kota sampe mana habis batrenya??/mogok,0,2025-09-23T09:05:47Z,2025-09-23T09:05:47Z,2026-09-19T00:23:13.927196+00:00,dibawa keluar kota sampe mana habis batrenya??/mogok,,,,,Gemini-API,,,,
UgxxqfVP2mxRBytgZqV4AaABAg,z1fWo8tYynA,efd19b47d3390f2166e9b5907ef254142152c97859bf3f9da46f3dd4606ac29e,"Cakep amat ni mobil,, pengen gue jdi nya",0,2025-10-09T18:18:18Z,2025-10-09T18:18:18Z,2026-09-19T00:23:11.766454+00:00,"cakep amat ni mobil,, pengen gue jdi nya",,,,,Gemini-API,,,,
UgxIwlrXNlPVk7zlMD14AaABAg,z1fWo8tYynA,996dcf22bd3be6e0dede811e36945639add97b16503e3ca09517e9a193a05466,Kami tetap tidak suka karena listrik,0,2025-09-18T05:54:46Z,2025-09-18T05:54:46Z,2026-09-19T00:23:13.927196+00:00,kami tetap tidak suka karena listrik,,,,,Gemini-API,,,,
UgwbE7XHrs8c3LW37hV4AaABAg,z1fWo8tYynA,c5f8b0e11c88f26440a14bc69b0a421b2457bcd9d6bf44533a9747fef3c0b311,"Sebenarnya Indonesia bisa buat mobil listrik seperti ini.. mudah malah, cuma masalahnya pemerintah ga mendukung. Bj Habibi dari ratusan juta orang Indonesia aja bisa buat pesawat apalagi cuma mobil yang rancangannya lebih sederhana",0,2025-09-21T02:25:59Z,2025-09-21T02:25:59Z,2026-09-19T00:23:13.927196+00:00,"sebenarnya indonesia bisa buat mobil listrik seperti ini.. mudah malah, cuma masalahnya pemerintah tidak mendukung. bj habibi dari ratusan juta orang indonesia aja bisa buat pesawat apalagi cuma mobil yang rancangannya lebih sederhana",,,,,Gemini-API,,,,
Ugz1iYalGsbTeO_9Cvp4AaABAg,z1fWo8tYynA,5743359e845deb90443a67405cd6a19f62346b71d3c2d770aedb6646e0a2a171,"Setahun ke depan persaingan semakin keras, tampaknya bisa turun lagi",1,2025-09-21T09:51:43Z,2025-09-21T09:51:43Z,2026-09-19T00:23:11.766454+00:00,"setahun ke depan persaingan semakin keras, tampaknya bisa turun lagi",,,,,Gemini-API,,,,
UgxEtvVSxLr2uDaEXLN4AaABAg,z1fWo8tYynA,b9a14c8d7c56e9726b6acb204699cfe99f0c8480307f7958cf1713ec59d52447,Buat dijadiin Taxi Online kira2 kuat gak ya ?,0,2025-10-08T06:39:01Z,2025-10-08T06:39:01Z,2026-09-19T00:23:13.927196+00:00,buat dijadiin taxi online kira2 kuat tidak ya ?,,,,,Gemini-API,,,,
UgzA2tH-OBh_19jIR9d4AaABAg,G_acqAJrRso,c459579bd27aa6c264ff04e6311952bdfe5e7f9016b33d7f3f9f3a62a0bd973e,ngomong apa sih bang 41:21 😂😂😂,0,2025-11-16T08:42:18Z,2025-11-16T08:42:18Z,2026-09-18T04:38:32.144167+00:00,ngomong apa sih bang 41:21 😂😂,,,,,Gemini-API,,,,
UgwkkRa1Bupj23kvMoN4AaABAg,z1fWo8tYynA,131350f03adc7ed71d224f911c29764b4fb713d12266d2942ef9e67a4d4f1eef,Kayanya utk 30 tahun kedepan masih minat mobil bensin seee om,0,2025-09-20T07:39:33Z,2025-09-20T07:39:33Z,2026-09-19T00:23:13.927196+00:00,kayanya untuk 30 tahun kedepan masih minat mobil bensin see om,,,,,Gemini-API,,,,
UgwtSXbc9KxFTjQ_kBF4AaABAg,z1fWo8tYynA,ca8a13e2b31bb4a1d15043a49ccce54aefb369aea4c09531cd5dc96b8b1458da,Kapan punya ya. 🤔🤔🤔🤔,0,2025-11-16T09:44:32Z,2025-11-16T09:44:32Z,2026-09-19T00:23:13.927196+00:00,kapan punya ya. 🤔🤔,,,,,Gemini-API,,,,
UgxxocxlW5uPPvvIb6Z4AaABAg,A-qeEyGaJM0,58bb6cfd18e7fc135d0bc86dfb307c46370f3767f1186538f3e62ee9434787bd,Elephant in the room nya adalah insfratruktur charger di Jawa* masih sangat terbatas. Apalagi di luar jawa yang mengalami diskriminasi SDA.,1,2026-09-16T02:34:56Z,2026-09-16T02:34:56Z,2026-09-19T00:23:14.160865+00:00,elephant in the room nya adalah insfratruktur charger di jawa* masih sangat terbatas. apalagi di luar jawa yang mengalami diskriminasi sda.,,,,,Gemini-API,,,,
UgwIQU16jdDaZ9GiPSZ4AaABAg,z1fWo8tYynA,5bc2798bdd55d1bb7acba7b324cf8502e5fe50d46389badb56a34573b4ccd7cb,Kayak mobil-mobilan modelnya. Kayak kaleng2. Ogah gw beli mobil yg model beginian. 1tahun jadi sampah,0,2026-01-16T02:02:32Z,2026-01-16T02:02:32Z,2026-09-19T00:23:13.927196+00:00,kayak mobil-mobilan modelnya. kayak kaleng2. ogah gw beli mobil yg model beginian. 1tahun jadi sampah,,,,,Gemini-API,,,,
Ugzy05hjSqhYr7K4Vi94AaABAg,z1fWo8tYynA,f291485eaf6025e129f7e6a44515a73cf261169cee7ae36e372df00815af014f,"Desainernya Wolfgang Egger, makanya depannya mirip Lamborghini",6,2025-09-18T00:58:34Z,2025-09-18T00:58:34Z,2026-09-19T00:23:11.766454+00:00,"desainernya wolfgang egger, makanya depannya mirip lamborghini",,,,,Gemini-API,,,,
UgxDnEElso9ijUgEVy54AaABAg,z1fWo8tYynA,3ddcd75ec64258c718ca33394ed2badfce8e99ae7252d398030ad145fb69a5e9,Ajak nanjak full passenger om,0,2025-09-17T14:45:17Z,2025-09-17T14:45:57Z,2026-09-19T00:23:11.766454+00:00,ajak nanjak full passenger om,,,,,Gemini-API,,,,
UgwxkSb3BF-pe7r4yEB4AaABAg,z1fWo8tYynA,f3f43d74b7847db75d6ed6b8a0b06f423f3f5770daca6984b35d0d015bc63307,Nunggu ESEMKA listik aja,0,2025-10-31T12:02:32Z,2025-10-31T12:02:32Z,2026-09-19T00:23:13.927196+00:00,nunggu esemka listik aja,,,,,Gemini-API,,,,
UgwhXqLfOzlNxrtYRDp4AaABAg,z1fWo8tYynA,d78abae2d37548a53bd716f029c3b9c3d5e3dcdb03d40d1cf00e16693ab999e8,"Izin om masukan untuk si editor kalo pas dapet bagian yg video yg ngeblur bisa di alihin ke footage lain. Jadiyg bagian blur ga dimasukin
Bikin sakit mata Ngga ada guna nya juga kan penonton nonton video blur",0,2025-09-27T13:30:47Z,2025-09-27T13:30:47Z,2026-09-19T00:23:11.766454+00:00,izin om masukan untuk si editor kalo pas dapet bagian yg video yg ngeblur bisa di alihin ke footage lain. jadiyg bagian blur tidak dimasukin bikin sakit mata tidak ada guna nya juga kan penonton nonton video blur,,,,,Gemini-API,,,,
UgxN9Nv9zkkE1MT8ujJ4AaABAg,z1fWo8tYynA,f5326c2417c8a4f052e8a4b5227a736c96d775780496b3feb54d7e386ebae22d,Keren si menurut gw designya,0,2025-09-19T00:56:55Z,2025-09-19T00:56:55Z,2026-09-19T00:23:11.766454+00:00,keren si menurut gw designya,,,,,Gemini-API,,,,
UgzrsyosUJ4_V7m12Yx4AaABAg,z1fWo8tYynA,c37561fd533a8c23336581061a926e7c75095490bfdec411c785803f9c7d3494,ya ALLAH engkau sudah kasih mobil ini.. 😂,0,2025-09-20T12:25:19Z,2025-09-20T12:25:19Z,2026-09-19T00:23:11.766454+00:00,ya allah engkau sudah kasih mobil ini.. 😂,,,,,Gemini-API,,,,
Ugx53a_5PNTka-T6eTt4AaABAg,z1fWo8tYynA,5bc2798bdd55d1bb7acba7b324cf8502e5fe50d46389badb56a34573b4ccd7cb,Kayak mobil-mobilan modelnya. Kayak kaleng2. Ogah gw beli mobil yg model beginian. 1tahun jadi sampah,0,2026-01-16T02:02:32Z,2026-01-16T02:02:32Z,2026-09-19T00:23:13.927196+00:00,kayak mobil-mobilan modelnya. kayak kaleng2. ogah gw beli mobil yg model beginian. 1tahun jadi sampah,,,,,Gemini-API,,,,
UgxMpygyUOXtSIO83Ip4AaABAg,G_acqAJrRso,f9f0cb1e334ae9cdc1b447dad09c6c49b0e824ebaae6ad3bf84230303f94f73a,Ending yang membagongkan 41:20 😅,0,2026-01-31T08:26:58Z,2026-01-31T08:28:07Z,2026-09-18T04:38:32.144167+00:00,ending yang membagongkan 41:20 😅,,,,,Gemini-API,,,,
UgyHFsV2zMXl7EvEhrZ4AaABAg,z1fWo8tYynA,7e1fcc75e54fcf69ffd0461405eb4ea59a5d1481683405b42c33c6b632115745,Judulnua typo,0,2025-09-17T12:29:06Z,2025-09-17T12:29:06Z,2026-09-19T00:23:13.927196+00:00,judulnua typo,,,,,Gemini-API,,,,
UgzkK1XiR6wHNcsIGx14AaABAg,A-qeEyGaJM0,cedaa0bb0ba9ef6647fd45200b0cdb0e4de948d6feca754e438b81f4d143375a,Review Chery Q,0,2026-09-16T07:21:36Z,2026-09-16T07:21:36Z,2026-09-19T00:23:14.160865+00:00,review chery q,,,,,Gemini-API,,,,
Ugw0j7Wm4HEUYJJvjl94AaABAg,A-qeEyGaJM0,aa6c8f552b8668cd350f6027353c58a2e3652f4e6b9d5dc70333fd4750e82d73,"ga beda jauh sama naik kereta atau naik bus ya. naik kereta sangkuriang 450 ribu , kalau naik bus 400-500 an.",0,2026-09-17T00:41:06Z,2026-09-17T00:41:06Z,2026-09-19T00:23:14.160865+00:00,"tidak beda jauh sama naik kereta atau naik bus ya. naik kereta sangkuriang 450 ribu , kalau naik bus 400-500 an.",,,,,Gemini-API,,,,
UgxVag0fJBqqBrfcejh4AaABAg,BFp1_jq3zVo,10a9acb70948275838d23a4a6e224b8afb2106e4e99812e30618fe83f4b175f7,Mantap pilih geely ex2 dan alhamdulillah gak nyesel.. emang sebagus itu 😊,0,2026-04-13T10:43:46Z,2026-04-13T10:43:46Z,2026-09-19T00:23:14.379690+00:00,bagus pilih geely ex2 dan alhamdulillah tidak nyesel.. emang sebagus itu 😊,,,,,Gemini-API,,,,
UgwTHrEGpPjhKS6W4YN4AaABAg,z1fWo8tYynA,60197ec50f1e1d21467550b21fc8a398c99583a9b1b20212d8eac85440daca25,kridit utk grab wahh bagus ini,2,2026-01-08T00:23:41Z,2026-01-08T00:23:41Z,2026-09-19T00:23:10.960426+00:00,kridit untuk grab wahh bagus ini,,,,,Gemini-API,,,,
UgwTV7PvpocKROi3ckd4AaABAg,G_acqAJrRso,e54a1386b26278e5503b4c72ac2baac5220377367f84c73996f4920f6a2192ac,Copyright di deskripsi 2025 kali bro 😅,2,2025-11-15T02:31:27Z,2025-11-15T02:31:27Z,2026-09-18T04:38:31.419348+00:00,copyright di deskripsi 2025 kali bro 😅,,,,,Gemini-API,,,,
UgxNHjXikZiTJTsTksx4AaABAg,BFp1_jq3zVo,304a642984c91ee06babe48791251da65aafbbe105bb3a26fd22805703467cf5,"Serius nanya bang: front trunk untuk mesin begini bang, gimana caranya untuk memeriksa mesin jika ada tikus yang bersarang atau gigit2, pipis bahkan buang kotoran di kabel2 EV ini?",0,2026-04-06T02:19:07Z,2026-04-06T02:19:07Z,2026-09-19T00:23:14.379690+00:00,"serius nanya bang: front trunk untuk mesin begini bang, gimana caranya untuk memeriksa mesin jika ada tikus yang bersarang atau gigit2, pipis bahkan buang kotoran di kabel2 ev ini?",,,,,Gemini-API,,,,
UgyxXhuTqti3Mue1rbN4AaABAg,BFp1_jq3zVo,7659c2e1387fe194f0962b3de43c7682d13c6cfd505f975a07941e56a499cd83,"Kita tunggu sebentar lagi rival nya datang ke indo, Chery QQ",0,2026-04-05T21:46:15Z,2026-04-05T21:46:15Z,2026-09-19T00:23:14.379690+00:00,"kita tunggu sebentar lagi rival nya datang ke indo, chery qq",,,,,Gemini-API,,,,
Ugwti6hpjcW-QC0b86V4AaABAg,BFp1_jq3zVo,96c4343b26c4584344711c6e180247338d5825a85ccc2f9aecdf99f4f7d07185,Ini exterior warna apa ya ? Nebula Beige ?,0,2026-04-04T13:56:51Z,2026-04-04T13:56:51Z,2026-09-19T00:23:14.379690+00:00,ini exterior warna apa ya ? nebula beige ?,,,,,Gemini-API,,,,
UgzSVd1uLmUf3ajlxb14AaABAg,G_acqAJrRso,27341ae91de62dcc17dffda68ba95b961483b02e65d3fdba80b29cc4463d256d,"gempuran MoCin, cherry Group",0,2025-11-14T14:17:50Z,2025-11-14T14:17:50Z,2026-09-18T04:38:31.419348+00:00,"gempuran mocin, cherry group",,,,,Gemini-API,,,,
UgzcGO2w80RxhXWKLyl4AaABAg,BFp1_jq3zVo,622dc2cf582a843837a030848a56207c2b4a74a3767800307ae689f8c166ef24,Rwd sangat berbahaya di Jalan basah terutama saat HighSpeed di Tollways,0,2026-05-16T01:56:15Z,2026-05-16T01:56:15Z,2026-09-19T00:23:14.379690+00:00,rwd sangat berbahaya di jalan basah terutama saat highspeed di tollways,,,,,Gemini-API,,,,
UgzdJken0RCy4v-zmL94AaABAg,BFp1_jq3zVo,d4e21f83d588faae50413645ec7d1350f65c35a55284f5541b541337b4f80ed0,"04:30 

Suara yang di keluarkan 大吉大利 yang dalam artian langsung memang adalah ucapan “Great Luck”

Tapi Geely dalam bahasa mandarin bernama 吉利

大 berarti besar/agung/maha

Ini seperti permainan kata
So maybe word of plays indikasikan Great Geely 😂😂",12,2026-04-01T07:12:24Z,2026-04-01T07:13:31Z,2026-09-19T00:23:14.379690+00:00,04:30 suara yang di keluarkan 大吉大利 yang dalam artian langsung memang adalah ucapan “great luck” tapi geely dalam bahasa mandarin bernama 吉利 大 berarti besar/agung/maha ini seperti permainan kata so maybe word of plays indikasikan great geely 😂😂,,,,,Gemini-API,,,,
Ugz6klaxkbv9bFmPtZF4AaABAg,G_acqAJrRso,82ce78f0eab41b43665129aed725ca59d0612b6c435c6238a164c23f0d06591c,Beli sesuai kebutuhan tentunya. Gak usah fomo gaes. Pabrikan akan selalu keluarin mobil ev yg menarik dan membuat lu nyesel karena kurang sabar 😅😅,0,2025-11-15T03:25:34Z,2025-11-15T03:25:34Z,2026-09-18T04:38:31.419348+00:00,beli sesuai kebutuhan tentunya. tidak usah fomo gaes. pabrikan akan selalu keluarin mobil ev yg menarik dan membuat lu nyesel karena kurang sabar 😅😅,,,,,Gemini-API,,,,
UgzO-mBCZyKtSjSGTz94AaABAg,z1fWo8tYynA,c41b15c9453888ced69decdafcc975a1db3bc4da5cf0aadd253135865353ac97,"smoga suatu saat taxol ada opsi EV byd Atto, iseng naek unit test. sebagai penumpang ini lbh baik dr agya sihh",7,2025-10-19T14:55:20Z,2025-10-19T14:55:20Z,2026-09-19T00:23:10.960426+00:00,"smoga suatu saat taxol ada opsi ev byd atto, iseng naek unit test. sebagai penumpang ini lbh baik dari agya sihh",,,,,Gemini-API,,,,
UgwPOODBOMUgjXNC-z14AaABAg,BFp1_jq3zVo,1aa5d68d2c3e044f3232085c47051656dad6ec30ca2c99fe2723bc94e84c4960,"Kalau sudah ada build in google maps, dan spotify masih perlu gak sih aple car play / android auto?",2,2026-04-01T00:57:25Z,2026-04-01T00:57:25Z,2026-09-19T00:23:14.379690+00:00,"kalau sudah ada build in google maps, dan spotify masih perlu tidak sih aple car play / android auto?",,,,,Gemini-API,,,,
Ugwrv7AWsvT50Wpif5h4AaABAg,BFp1_jq3zVo,01097cec6d7e98d77b27ceccf1c6b2b8629b8ca63a1dada7839597a0671b7a76,"suara naratornya krg jelas terdengar, kyk lagi kumur2",0,2026-04-19T18:36:06Z,2026-04-19T18:36:06Z,2026-09-19T00:23:14.379690+00:00,"suara naratornya krg jelas terdengar, kyk lagi kumur2",,,,,Gemini-API,,,,
UgxHNwZuHv52XTGy1ht4AaABAg,G_acqAJrRso,2bbdc116143728502d330a28134ac934f5aa4fbe45317e9d49634a9d9549ad17,4:15 stlh sy pake sndri trnyata gk harus pake sabuk dulu kok,0,2026-02-27T21:31:44Z,2026-02-27T21:31:44Z,2026-09-18T04:38:32.144167+00:00,4:15 stlh sy pakai sndri trnyata tidak harus pakai sabuk dulu kok,,,,,Gemini-API,,,,
UgyjkkP91EWtSVk_7ix4AaABAg,G_acqAJrRso,3ec17b65f3a52e1836facce2562b204835b1d4adeb6cbf55318fd9e8eb289e73,"Hello jaeco
Go a head
""wewokdetok""",0,2026-03-27T18:44:57Z,2026-03-27T18:44:57Z,2026-09-18T04:38:32.144167+00:00,"hello jaeco go a head ""wewokdetok""",,,,,Gemini-API,,,,
Ugy96_thVUL3pOArJDN4AaABAg,Bx-XDBdN7nA,af2ff4090979c0bc6b461bb2038908ae6e86e93b442f2639ab66fed1b80b5474,"mantebbb sih Jaecoo J5 ini, full manteb bener",3,2025-11-16T07:41:14Z,2025-11-16T07:41:14Z,2026-09-19T00:23:00.712565+00:00,"mantebb sih jaecoo j5 ini, full manteb bener",,,,,Gemini-API,,,,
UgyhrIR6siVWj_lRqu54AaABAg,BFp1_jq3zVo,06d2ced89f1f7d2b19ea967278fc8a3343442f57a5709bd908b6571933598b1e,"Komentar setelah 1000km pertama (mobil saya sebelumnya Toyota Calya):

1. Effortless driving, enak banget beneran, saya udah coba atto1 juga, dari segi suspensi, dan tenaganya ini lebih enak, ini ga bisa di jelasin pakai kata-kata mesti test drive sendiri
2. Karena penggerak roda belakang, tanjakan effortless juga, dilibas dengan sangat gampang, power steeringnya enak, gaterlalu ringan kyk mainan, tp ga berat kyk ICE
3. Cabin Space sangat lega, saya udah coba bener-bener ber 5, dengan orang-orang yang medium ukurannya (tidak besar, tidak kecil), masih lega baik headroom dan legroomnya, dan komentarnya sama ""kok ini ternyata lega sih mobilnya?""
4. ADAS nya bekerja dengan baik, sampai sekarang belum pernah autobrake yang ganggu, tapi memang karena saya pernah coba EX5 yang ada HUD nya , mata saya jadi harus kerja 2x, liat range, speed / blind speed monitornya di instrument cluster (yang bagus juga ga kaya calculator haha)
5. Karena saya orangnya ga ugal-ugalan, saya sehari-hari gunakan mode ECO dan regen braking di high, jadi konsumsi saya di 8.3 -9.3 kWh, saya pakai range yang dynamic, MALAH LEBIH JAUH jaraknya yang terdisplay daripada normal (di ex5 normal selalu lebih jauh daripada dynamic), rekor saya pernah full charge, terdisplay 417km  
6. Bagasi sangat sangat cukup, apalagi tambah yang depan, berguna banget misahin barang-barang yang emg ga perlu nyampur
7. AC DINGIN BANGET, sehari-hari fan speed 1, dan suhu paling tinggi aja masih dingin gila sih ini ga expect saya

minus:
1. spion ga bisa retract masih manual, tapi ternyata ga ganggu banget, mau pasang retract otomatis sebenernya ada, tapi takut garansi hangus
2. speakernya jelek, jujur lebih bagus calya, tapi ini saya perlu update lagi karena ternyata speaker penumpang belakang mati semua
3. wiper belakang belum ada (atto1 juga ga ada sih tapi), ga terlalu ganggu, kalo kita coating kaca + defogger sangat aman
4. belum android auto/apple carplay tapi pakai carbit link, tapi gapapa, saya justru suka mirror gitu
5. pengiriman lama, saya spk januari, baru dapet bener-bener sebelum lebaran, agak ga masuk akal karena pesanannya tidak seheboh J5, harusnya pengiriman ga lama
6. unit belum dapat penutup penggerak roda belakang dan battery, jadi agak was-was kalo ada polisi tidur tinggi dan genangan, saya otomatis harus pelan, katanya akan ada tapi masih nunggu partsnya dateng dari china, dan kalau memang ambil unit, langsung aja cek kolong bagian belakang",7,2026-04-08T03:16:24Z,2026-04-08T03:16:24Z,2026-09-19T00:23:14.379690+00:00,"komentar setelah 100km pertama (mobil saya sebelumnya toyota calya): 1. effortless driving, enak banget beneran, saya udah coba atto1 juga, dari segi suspensi, dan tenaganya ini lebih enak, ini tidak bisa di jelasin pakai kata-kata mesti test drive sendiri 2. karena penggerak roda belakang, tanjakan effortless juga, dilibas dengan sangat gampang, power steeringnya enak, gaterlalu ringan kyk mainan, tapi tidak berat kyk ice 3. cabin space sangat lega, saya udah coba bener-bener ber 5, dengan orang-orang yang medium ukurannya (tidak besar, tidak kecil), masih lega baik headroom dan legroomnya, dan komentarnya sama ""kok ini ternyata lega sih mobilnya?"" 4. adas nya bekerja dengan baik, sampai sekarang belum pernah autobrake yang ganggu, tapi memang karena saya pernah coba ex5 yang ada hud nya , mata saya jadi harus kerja 2x, liat range, speed / blind speed monitornya di instrument cluster (yang bagus juga tidak kaya calculator haha) 5. karena saya orangnya tidak ugal-ugalan, saya sehari-hari gunakan mode eco dan regen braking di high, jadi konsumsi saya di 8.3 -9.3 kwh, saya pakai range yang dynamic, malah lebih jauh jaraknya yang terdisplay daripada normal (di ex5 normal selalu lebih jauh daripada dynamic), rekor saya pernah full charge, terdisplay 417km 6. bagasi sangat sangat cukup, apalagi tambah yang depan, berguna banget misahin barang-barang yang emg tidak perlu nyampur 7. ac dingin banget, sehari-hari fan speed 1, dan suhu paling tinggi aja masih dingin gila sih ini tidak expect saya minus: 1. spion tidak bisa retract masih manual, tapi ternyata tidak ganggu banget, mau pasang retract otomatis sebenernya ada, tapi takut garansi hangus 2. speakernya jelek, jujur lebih bagus calya, tapi ini saya perlu update lagi karena ternyata speaker penumpang belakang mati semua 3. wiper belakang belum ada (atto1 juga tidak ada sih tapi), tidak terlalu ganggu, kalo kita coating kaca + defogger sangat aman 4. belum android auto/apple carplay tapi pakai carbit link, tapi gapapa, saya justru suka mirror gitu 5. pengiriman lama, saya spk januari, baru dapet bener-bener sebelum lebaran, agak tidak masuk akal karena pesanannya tidak seheboh j5, harusnya pengiriman tidak lama 6. unit belum dapat penutup penggerak roda belakang dan battery, jadi agak was-was kalo ada polisi tidur tinggi dan genangan, saya otomatis harus pelan, katanya akan ada tapi masih nunggu partsnya dateng dari china, dan kalau memang ambil unit, langsung aja cek kolong bagian belakang",,,,,Gemini-API,,,,
UgxG2rAO5dPAS4OSnol4AaABAg,G_acqAJrRso,162b94c9eee2ef957999252b0812ef4a1b44798f10b076b0626916c943d9e9f7,Evoque versi hemat,0,2025-11-18T04:42:30Z,2025-11-18T04:42:30Z,2026-09-18T04:38:32.144167+00:00,evoque versi hemat,,,,,Gemini-API,,,,
Ugz0MPIwYBkQEGodIVt4AaABAg,BFp1_jq3zVo,e1e9be57dc1063836deb05fce8a59986c533597eb83ef6228c5844932df765d4,"Proton version of EX2, Proton e.MAS 5 punya wirelss Apple Carplay, Android Auto. Powered tailgate juga. Cuma ga punya powered seat dan ambient light.",1,2026-04-11T20:28:28Z,2026-04-11T20:28:28Z,2026-09-19T00:23:14.379690+00:00,"proton version of ex2, proton e.mas 5 punya wirelss apple carplay, android auto. powered tailgate juga. cuma tidak punya powered seat dan ambient light.",,,,,Gemini-API,,,,
UgzlIWFUdMJSrxvNXHR4AaABAg,G_acqAJrRso,e200e80b234d59edc594b5d17e8b74a3048967f098e5f90f916b745023e51747,Bagus spek nya anjirrrrrrr😂,0,2025-11-16T12:48:39Z,2025-11-16T12:48:39Z,2026-09-18T04:38:32.144167+00:00,bagus spek nya anjirr😂,,,,,Gemini-API,,,,
UgwAQj_JZ-CVghFRYlZ4AaABAg,BFp1_jq3zVo,2d35e30bcf6338ab147c90a4a734f51825b6cbd442662288e474af8ad12729e3,"Video take pake camera proper guys, gambar masi tidak sharp, i believe ini masi pake iphone.",2,2026-04-02T13:14:31Z,2026-04-02T13:14:31Z,2026-09-19T00:23:14.379690+00:00,"video take pakai camera proper guys, gambar masi tidak sharp, i believe ini masi pakai iphone.",,,,,Gemini-API,,,,
Ugw9Xh7hDcb_jXyL0bB4AaABAg,G_acqAJrRso,b5521663cf89bb636d9d8d03c685346283f8a132c2364346f80c4d040b12fbbc,"1 aja yg sy sayang, kursi nya2 baris, hahaha, gak bs buat mobil keluarga, keluarga besar mksdnya, heheheh, tp pgn bgt bro..",0,2025-11-15T22:35:30Z,2025-11-15T22:35:30Z,2026-09-18T04:38:32.144167+00:00,"1 aja yg sy sayang, kursi nya2 baris, hahaha, tidak bs buat mobil keluarga, keluarga besar mksdnya, heheheh, tapi pgn banget bro..",,,,,Gemini-API,,,,
Ugw0DYWSDrrMDRb_PrN4AaABAg,BFp1_jq3zVo,df4e416022c793869ae27b8b436cf6a107c0dd2d374bf31b4baad62dc8800cbf,POV pemilik binguo 410 liat video ini 😭,2,2026-04-01T02:43:59Z,2026-04-01T02:43:59Z,2026-09-19T00:23:14.379690+00:00,pov pemilik binguo 410 liat video ini 😭,,,,,Gemini-API,,,,
Ugy_-PIs8RYJcd7Ab_14AaABAg,BFp1_jq3zVo,aafbea55b1d155795ac5e0df63a6360a8e598e18e7692b51607544031173834e,Atto1 uda habis. Belum impor lagi dan pabrik subang lagi fokus di M6 versi fleet. Blunder BYD Indo nih padahal kelas entry level paling penting,5,2026-04-03T06:18:23Z,2026-04-03T06:18:23Z,2026-09-19T00:23:14.379690+00:00,atto1 uda habis. belum impor lagi dan pabrik subang lagi fokus di m6 versi fleet. blunder byd indo nih padahal kelas entry level paling penting,,,,,Gemini-API,,,,
UgwgFcMe-bxg-hTAbVt4AaABAg,G_acqAJrRso,8bf4655516f21b9895885b168057c178e98ccbf9a43736978c4a136460011ec5,👍👍👍,0,2025-12-02T02:45:51Z,2025-12-02T02:45:51Z,2026-09-18T04:38:31.419348+00:00,👍👍,,,,,Gemini-API,,,,
UgzR2UAF72kpQ9McUwF4AaABAg,BFp1_jq3zVo,9d0143c1c90e4724b014ee1410d8e997ea32eac7bac6ffced5bf80bb51dda0a4,J5 standar ghoib. Gak ada barangnya,0,2026-04-02T15:52:34Z,2026-04-02T15:52:34Z,2026-09-19T00:23:14.379690+00:00,j5 standar ghoib. tidak ada barangnya,,,,,Gemini-API,,,,
UgzmoLDTzCpcoJdEj-F4AaABAg,BFp1_jq3zVo,d8b428c93d80b0cdf04b15533dc464d010e6af981ace6678d250ecdac4d9d369,"Saya Sudah SPK dan bayar setengahnya sejak IIMS 6 Feb 2026 kemarin, tapi sampai sekarang tgl 31 Maret belum ada kejelasan kapan unitnya akan dikirim 😔😔😔
Tambahan salah satu yg bikin saya tertarik dgn mobil EV ini selain semua keunggulannya yg dijelaskan oleh para reviewer otomotif dan pengguna, adalah free wall charger dan saya sudah pasang grounding serta siapkan tempat di garasi tapi unit belum juga jelas kapan datangnya 😢😢",2,2026-03-31T15:10:43Z,2026-03-31T15:10:43Z,2026-09-19T00:23:14.379690+00:00,"saya sudah spk dan bayar setengahnya sejak iims 6 feb 2026 kemarin, tapi sampai sekarang tgl 31 maret belum ada kejelasan kapan unitnya akan dikirim 😔😔 tambahan salah satu yg bikin saya tertarik dengan mobil ev ini selain semua keunggulannya yg dijelaskan oleh para reviewer otomotif dan pengguna, adalah free wall charger dan saya sudah pasang grounding serta siapkan tempat di garasi tapi unit belum juga jelas kapan datangnya 😢😢",,,,,Gemini-API,,,,
UgwW_Lbch8fMDH4Zd6Z4AaABAg,Bx-XDBdN7nA,2a3e3e439ded4cf959957d3b758826697d963a9bcc3c9b49cf419b8798ff93a3,"Design Jaecoo J5 menarik bgt, first look-nya langsung bikin jatuh hati ❤",0,2026-02-18T23:06:31Z,2026-02-18T23:06:31Z,2026-09-19T00:23:00.712565+00:00,"design jaecoo j5 menarik bgt, first look-nya langsung bikin jatuh hati ❤",,,,,Gemini-API,,,,
Ugzz4iSAvDGe_mXy0094AaABAg,z1fWo8tYynA,1625211753022db9f89dcfaea7e5ed5877eeb23d00d734a390ddcbb99706d4c0,om mobi semangat banget reviewnya berarti mobilnya bagus nih,0,2025-10-29T06:46:58Z,2025-10-29T06:46:58Z,2026-09-19T00:23:10.960426+00:00,om mobi semangat banget reviewnya berarti mobilnya bagus nih,,,,,Gemini-API,,,,
UgxuESZAAFSNm0TpcmN4AaABAg,z1fWo8tYynA,2fa7316d3f1b40ff738f25ec1762d3d99cbe406f57f7e4ace7a9d54bba9978a7,"Masker nya waktu ganti itu om,dah mbladussh 😂",1,2025-09-20T03:23:20Z,2025-09-20T03:23:20Z,2026-09-19T00:23:10.960426+00:00,"masker nya waktu ganti itu om,dah mbladussh 😂",,,,,Gemini-API,,,,
Ugylx8v1PaRxyIEFTGt4AaABAg,z1fWo8tYynA,95f6e2d1b45c819b6cd251641f3308d733a02a556778b125737ec1e7b032fb1c,alhamdulillah baru kebeli mobilnyaa🤲,0,2026-02-14T08:08:52Z,2026-02-14T08:08:52Z,2026-09-19T00:23:10.960426+00:00,alhamdulillah baru kebeli mobilnyaa🤲,,,,,Gemini-API,,,,
UgxiIqaD8gyiXWJsrXV4AaABAg,BFp1_jq3zVo,0d0bf864601f278da8d1a1a4e6dffd07e6ea0298a362970e8395993b5da49c42,saya sih sedikit aja...semenjak pake EX2 sudah mau 2bulan..mobil ice saya jd ga pernah dipake lg....,1,2026-04-01T08:58:49Z,2026-04-01T08:58:49Z,2026-09-19T00:23:14.379690+00:00,saya sih sedikit aja..semenjak pakai ex2 sudah mau 2bulan..mobil ice saya jd tidak pernah dipake lg..,,,,,Gemini-API,,,,
UgzXT1JPyk3T5jk7jbh4AaABAg,z1fWo8tYynA,5675fe47526074760311be66b82b7a214ffb2d134f1c623daae8aadaeee3936b,Langkah kikinya presisi juga om buat ngukur panjang & lebar bangun ruang. Keren!,0,2025-09-19T01:46:47Z,2025-09-19T01:46:47Z,2026-09-19T00:23:10.960426+00:00,langkah kikinya presisi juga om buat ngukur panjang & lebar bangun ruang. keren!,,,,,Gemini-API,,,,
UgyntkZ8ituj8AOTYoZ4AaABAg,BFp1_jq3zVo,0e9a5e8f38b410e235568b004b1c26444269df0e6d0e8fd46abe866768a6bf11,"Atto1 aja udah enak worth, tp geely ini lebih enak & worth dr itu.
udah nyobain kekurangan yg mayan signifikan sih cuma jok belakang keras & tegak..
Untuk brand ini ada potensi lebih baik dr byd lho, krn di china scr penjualan udah geely yg unggul",1,2026-04-02T14:33:29Z,2026-04-02T14:33:55Z,2026-09-19T00:23:14.379690+00:00,"atto1 aja udah enak worth, tapi geely ini lebih enak & layak dari itu. udah nyobain kekurangan yg mayan signifikan sih cuma jok belakang keras & tegak.. untuk brand ini ada potensi lebih baik dari byd lho, karena di china scr penjualan udah geely yg unggul",,,,,Gemini-API,,,,
UgwLh-cZswudrZjrAbF4AaABAg,G_acqAJrRso,4edac38167b4380357ef5003e114f987c3bd4765d4b2a1644d632e097b8daeaa,Di negri asal nya kan juga murah  cuma di Konoha aja semua mobil mahal😂,0,2025-11-21T04:48:54Z,2025-11-21T04:48:54Z,2026-09-18T04:38:31.419348+00:00,di negri asal nya kan juga murah cuma di konoha aja semua mobil mahal😂,,,,,Gemini-API,,,,
UgyWIDSQENhu0_8lvkd4AaABAg,z1fWo8tYynA,bc24870c54cec6d36761d49498cb663265c5735aa71d2870c618ea16c1311b65,Ini mobil keren luar dalam.,0,2025-09-19T13:12:51Z,2025-09-19T13:12:51Z,2026-09-19T00:23:10.960426+00:00,ini mobil keren luar dalam.,,,,,Gemini-API,,,,
UgzoJUd8-ZGogmHdpNp4AaABAg,BFp1_jq3zVo,22b7d855e497bb392e88e0d0389d85e6ccf4b9a4e408555a824c6789b2140b4a,"fitur Geely di Indonesia ini disunat sana sini sampai habis. Yg paling simple dan mengecewakan adalah speaker mobilnya yang cuma 4, termasuk 2 tweeter. Jadi, di belakang cuma ada tempat speaker doank, ga ada isinya. Otomatis kualitasnya jauh lebih jelek dari Innova yang sudah 10 tahun lalu. Bisa dibilang ga ada power sama sekali. Setau saya kalo cek sendiri, speakernya mestinya 6 biji. Lalu, V2L adapter jg ga dikasih, spion ga retractable, pintu bagasi jg ga bisa buka otomatis, ga ada cargo partisi, dll.   Yg aneh lagi, kaca spion driver GA BISA naik setinggi yg sisi passenger.

Kalo pengalaman negative saya setelah pakai 1 bulan:
- dealernya bisa dibilang GA ADA after-sales service. Saya kejar org marketing terus juga jrg dibales, mgkn karena sibuk jualan, dan pasti pikirnya buat apa juga ngurusin buyer yg sudah setor uang dan ga akan bisa kasih komisi lagi.
- STNK asli ga keluar setelah 1 bulan pakai yg sementara, jadi katanya si marketing; gapapa dipakai aja selama ga kena polisi, karena yg telat si Samsat.
- Geely app belum juga didaftarkan. Katanya, supervisor yg bisa nyampaikan ke Jkt untuk didaftarkan, dan slalu lemot dan di luar kendali dia.
- portable charger juga masih belum jelas kapan dikasih.

Saran saya buat calon buyer: lebih baik tunggu sampai layanannya jelas sambil pelajari dengan benar apa yang dikurangi/tidak didapat dari mobil yg akan kalian beli. Kalo liat banyak review di youtube dan specs aslinya di luar Indo, rasanya harga mobilnya worth it banget. Eh, tp ternyata di Indonesia banyak yg disunat. Mungkin disesuaikan dgn ekspektasi org Indonesia spt di mobil Avanza. Yg pasti, audio system Avanza JAUH lbh bagus bahkan dari GEELY EX2 Max.
@geelyautoindonesia #geelyex2max #GEELYEX2",1,2026-05-14T10:09:48Z,2026-05-14T10:09:48Z,2026-09-19T00:23:14.379690+00:00,"fitur geely di indonesia ini disunat sana sini sampai habis. yg paling simple dan mengecewakan adalah speaker mobilnya yang cuma 4, termasuk 2 tweeter. jadi, di belakang cuma ada tempat speaker doank, tidak ada isinya. otomatis kualitasnya jauh lebih jelek dari innova yang sudah 10 tahun lalu. bisa dibilang tidak ada power sama sekali. setau saya kalo cek sendiri, speakernya mestinya 6 biji. lalu, v2l adapter jg tidak dikasih, spion tidak retractable, pintu bagasi jg tidak bisa buka otomatis, tidak ada cargo partisi, dll. yg aneh lagi, kaca spion driver tidak bisa naik setinggi yg sisi passenger. kalo pengalaman negative saya setelah pakai 1 bulan: - dealernya bisa dibilang tidak ada after-sales service. saya kejar org marketing terus juga jrg dibales, mgkn karena sibuk jualan, dan pasti pikirnya buat apa juga ngurusin buyer yg sudah setor uang dan tidak akan bisa kasih komisi lagi. - stnk asli tidak keluar setelah 1 bulan pakai yg sementara, jadi katanya si marketing; gapapa dipakai aja selama tidak kena polisi, karena yg telat si samsat. - geely app belum juga didaftarkan. katanya, supervisor yg bisa nyampaikan ke jkt untuk didaftarkan, dan slalu lemot dan di luar kendali dia. - portable charger juga masih belum jelas kapan dikasih. saran saya buat calon buyer: lebih baik tunggu sampai layanannya jelas sambil pelajari dengan benar apa yang dikurangi/tidak didapat dari mobil yg akan kalian beli. kalo liat banyak review di youtube dan specs aslinya di luar indo, rasanya harga mobilnya layak it banget. eh, tapi ternyata di indonesia banyak yg disunat. mungkin disesuaikan dengan ekspektasi org indonesia spt di mobil avanza. yg pasti, audio system avanza jauh lbh bagus bahkan dari geely ex2 max. #geelyex2max #geelyex2",,,,,Gemini-API,,,,
UgwK9-ZF_exij-oCgzh4AaABAg,BFp1_jq3zVo,7a3afaaaebf90376bbc726cb790d2c0304b9a8cecaf3eb38e15af12170a5a6e8,"Bentuknya bagus sesuai selera saya, Retro Classic , daripada Atto 1 terlalu Racing

🥰",0,2026-03-31T23:04:25Z,2026-03-31T23:04:25Z,2026-09-19T00:23:14.379690+00:00,"bentuknya bagus sesuai selera saya, retro classic , daripada atto 1 terlalu racing 🥰",,,,,Gemini-API,,,,
Ugylif_j0OvENigHmdt4AaABAg,G_acqAJrRso,4847df11fda2a904c20bd3f29ebe16a243eed1a5d8f106f627f789a328708b13,barusan tadi di jalan kota gw(mks) ada mobil merk haval jir kek hah,0,2025-11-14T15:34:13Z,2025-11-14T15:34:13Z,2026-09-18T04:38:31.419348+00:00,barusan tadi di jalan kota gw(mks) ada mobil merk haval jir kek hah,,,,,Gemini-API,,,,
Ugznvh6GkmXEYeMDLkB4AaABAg,BFp1_jq3zVo,0e36be8a4759a2b772d5d1ff074e7ef39db08205b84dc00afd986993fb5f80ec,"mines geely cuman tidak ada pabrik di indonesia,ngeri ngeri sedap seperti datsun padahal dia punnya LCGC dimana persyaratan pada saat itu tidak mudah akan tetapi gulung tikar,",4,2026-04-01T18:27:52Z,2026-04-01T18:27:52Z,2026-09-19T00:23:14.379690+00:00,"mines geely cuman tidak ada pabrik di indonesia,ngeri ngeri sedap seperti datsun padahal dia punnya lcgc dimana persyaratan pada saat itu tidak mudah akan tetapi gulung tikar,",,,,,Gemini-API,,,,
Ugy9Z6Vi5224Kfrop654AaABAg,Bx-XDBdN7nA,ae1e6133571a1649ce919060f4c8ea43220d8614fec8c485555fd4795eebff31,"Keren..
Gass..",2,2025-11-17T06:34:14Z,2025-11-17T06:34:14Z,2026-09-19T00:23:00.712565+00:00,keren.. gass..,,,,,Gemini-API,,,,
UgzPmwPnH1tJ8eEXjbN4AaABAg,BFp1_jq3zVo,419a1288f25b7336186a2d93ba0d9b5f5cb6a12f18ebd8aec1a95a4a67a78d2e,Klo mau laku di Indonesia bikin tipe LMPV-nya dong,1,2026-04-01T01:40:36Z,2026-04-01T01:40:36Z,2026-09-19T00:23:14.379690+00:00,kalau mau laku di indonesia bikin tipe lmpv-nya dong,,,,,Gemini-API,,,,
Ugxd8yYZT-HPzNfQQ-h4AaABAg,BFp1_jq3zVo,4ed60f986f44bc44eb2ae820f254811ea055c00fea53df594ae9ef6d07f9c842,"ngapain beli ginian,  tanggung ga jelas, sy inden j5 ama udh beli atto 1 ketauan import cbu bukan rakitan tkdn",1,2026-04-06T18:50:39Z,2026-04-06T18:53:13Z,2026-09-19T00:23:14.379690+00:00,"ngapain beli ginian, tanggung tidak jelas, sy inden j5 ama sudah beli atto 1 ketauan import cbu bukan rakitan tkdn",,,,,Gemini-API,,,,
UgyUAHqz3Cj0nhaeso14AaABAg,BFp1_jq3zVo,75418d3ca11111495895599e6375ad69c1e7c6fc6eebfbc22d66cbf2969cff64,January kmrn J5 dtg sbg mbl ke 3.  Skrg lg ngelirik ex2 ini. Pengen ev lg tuker Mobil ice 1. Keenakan pake ev. Pengen tes drive ntar2 kmrn sblm lebaran mampir liat2 Dan nanya2 di pameran dkrt rmh,1,2026-04-01T03:37:35Z,2026-04-01T03:37:35Z,2026-09-19T00:23:14.379690+00:00,january kmrn j5 dtg sbg mbl ke 3. skrg lagi ngelirik ex2 ini. pengen ev lagi tuker mobil ice 1. keenakan pakai ev. pengen tes drive ntar2 kmrn sblm lebaran mampir liat2 dan nanya2 di pameran dkrt rmh,,,,,Gemini-API,,,,
UgwC52GtuTGtTGqGmZl4AaABAg,G_acqAJrRso,27829149417fd58aed92adaf7002aa454d9afcffa594b5aabcc47641daf4582e,Luxeed juga,0,2025-11-14T16:08:59Z,2025-11-14T16:08:59Z,2026-09-18T04:38:31.419348+00:00,luxeed juga,,,,,Gemini-API,,,,
UgxulVfITyyV49vmaKl4AaABAg,z1fWo8tYynA,da9148cdaaccd833826c8f0a7941c8b807cf8e09d1e2978b57a1b3b48d1c9e31,19:07 lho itu daerah sekitaran Jl. Benda/Jl. Sungai/Andara ya? Jangan² Om Mobi tetangga saya? 🤔,2,2025-09-21T03:20:34Z,2025-09-21T03:20:34Z,2026-09-19T00:23:10.960426+00:00,19:07 lho itu daerah sekitaran jl. benda/jl. sungai/andara ya? jangan² om mobi tetangga saya? 🤔,,,,,Gemini-API,,,,
UgzPLFJosKn6jzEiX7p4AaABAg,G_acqAJrRso,40f05a3ce1ac0e197661a4d280654387a3c16667a84fb93352bc1b8e29dd2282,"sayang atas nya gak bisa di buka, karena suka ngebul di dalam mobil",0,2025-11-17T15:47:00Z,2025-11-17T15:47:00Z,2026-09-18T04:38:32.144167+00:00,"sayang atas nya tidak bisa di buka, karena suka ngebul di dalam mobil",,,,,Gemini-API,,,,
Ugw8pdbclCcmLT3hCiJ4AaABAg,BFp1_jq3zVo,818f88474be0b7e0fd40c0bfdad88ea25e46914bf6f37b63b938b61961219e08,Gk heran sih geely kualitasnya bagus setara mobil mobil eropa ternama seperti mercy dan bmw la wong jeely itu bapaknya volvo merk terbaik  legendaris yg sejak dulu udah ada.,6,2026-04-03T00:15:16Z,2026-04-03T00:15:16Z,2026-09-19T00:23:14.379690+00:00,tidak heran sih geely kualitasnya bagus setara mobil mobil eropa ternama seperti mercy dan bmw la wong jeely itu bapaknya volvo merk terbaik legendaris yg sejak dulu udah ada.,,,,,Gemini-API,,,,
UgyQbsUluvBJwU2U4wd4AaABAg,A-qeEyGaJM0,eb2d1e197f1eede3da46eb2c1173eee92e49179bd5c281bb4b3e0966578a7961,totalnya berapa km perjalanan bang?,0,2026-09-15T14:22:16Z,2026-09-15T14:22:16Z,2026-09-19T00:23:14.160865+00:00,totalnya berapa km perjalanan bang?,,,,,Gemini-API,,,,
UgxEssiU62UXrpzkA9x4AaABAg,BFp1_jq3zVo,8bf4655516f21b9895885b168057c178e98ccbf9a43736978c4a136460011ec5,👍👍👍,2,2026-04-01T04:34:31Z,2026-04-01T04:34:31Z,2026-09-19T00:23:14.379690+00:00,👍👍,,,,,Gemini-API,,,,
UgyaSwqJsizyJve1t7R4AaABAg,A-qeEyGaJM0,b8f0a470f95654ca5cbf9e93bee7b01d45e2106b43249722581a583fe74d29ef,Dapat rata2 brp kwh per 100km bang? Kok kyk boros banget ya 😅,1,2026-09-15T12:13:12Z,2026-09-15T12:13:12Z,2026-09-19T00:23:14.162400+00:00,dapat rata2 brp kwh per 100km bang? kok kyk boros banget ya 😅,,,,,Gemini-API,,,,
UgxWoAyrMm_4E30NR8p4AaABAg,A-qeEyGaJM0,fd169ad2a72f6fe50b061f91ae70a42730eed21d01dd8e8069fb01189b22faa0,"kalo ban pecah atau sobek ditengah jalan, solusinya gimana?",0,2026-09-16T06:30:52Z,2026-09-16T06:30:52Z,2026-09-19T00:23:14.162400+00:00,"kalo ban pecah atau sobek ditengah jalan, solusinya gimana?",,,,,Gemini-API,,,,
UgyxZZL9t_S7Px21uXl4AaABAg,A-qeEyGaJM0,5b7bf91c91eff0a30e15b30722bffea9b347824a2b07175aba228663ca75f61b,20:46 ngelirik ape?,6,2026-09-15T13:13:01Z,2026-09-15T13:13:01Z,2026-09-19T00:23:14.162400+00:00,20:46 ngelirik ape?,,,,,Gemini-API,,,,
UgzYacR9Jq9OC1812rJ4AaABAg,Bx-XDBdN7nA,b6674e55e7a4c825a2276e3692e87609a44e9b8007bd867e03bb0c399b4ead28,muncul pas lagi ga butuh beli mobil baru. bener bener penasaran pengen punya sih.,7,2025-11-16T07:50:45Z,2025-11-16T07:50:45Z,2026-09-19T00:23:00.712565+00:00,muncul pas lagi tidak butuh beli mobil baru. bener bener penasaran pengen punya sih.,,,,,Gemini-API,,,,
Ugw6T0DtqzGh2jfqsTl4AaABAg,A-qeEyGaJM0,b6db0c595d5cb6bf5ddd1d99762de7881c799295a31519b9bc04e86cb8af6751,"Ayo Temen Temen, Siapa Rivalnya Dari Mobil ini",2,2026-09-15T11:37:52Z,2026-09-15T11:37:52Z,2026-09-19T00:23:14.162400+00:00,"ayo temen temen, siapa rivalnya dari mobil ini",,,,,Gemini-API,,,,
UgxCB4XA2UWS2E71Ey54AaABAg,z1fWo8tYynA,7e57a467247ad44f31a944b8f8586e72ae633eafb8d188165990841e844dad29,Keren mobilnya 🎉🎉🎉,0,2025-09-20T10:05:46Z,2025-09-20T10:05:46Z,2026-09-19T00:23:10.960426+00:00,keren mobilnya 🎉🎉,,,,,Gemini-API,,,,
UgxTW_sWbfqJF7Ptt0V4AaABAg,G_acqAJrRso,2ed2d8db9cd765514a7d7c644ddd649bcffcf5ec40a1304d9edc5ea77ca6782a,"Jadi drpd aion ut dan geely ex2, apa ini aja?",0,2025-11-14T17:08:57Z,2025-11-14T17:08:57Z,2026-09-18T04:38:32.144167+00:00,"jadi drpd aion ut dan geely ex2, apa ini aja?",,,,,Gemini-API,,,,
UgwpzV7xUVmMU4z4P954AaABAg,G_acqAJrRso,f0e12ab3e513a562e5f3afd6f01d025ae41d3d5e31cc9935852ac0aea9c14f26,Fyi biaya produksi mobil ev lebih murah dibanding mesin bbm. Knp mahal krn mereka jual teknologi. Mobil ev nnti nya bakal lebih murah harganya dibanding mobil bbm,1,2025-11-14T23:14:42Z,2025-11-14T23:14:42Z,2026-09-18T04:38:32.144167+00:00,fyi biaya produksi mobil ev lebih murah dibanding mesin bbm. knp mahal karena mereka jual teknologi. mobil ev nnti nya bakal lebih murah harganya dibanding mobil bbm,,,,,Gemini-API,,,,
UgxRyhX2Dy7VXOJWUX54AaABAg,A-qeEyGaJM0,3d40aefb0f45665ae320c2abf3b3d51727492bcaf5fc21fc6599984f88e01d99,"Gagal fokus sama HilSat, kok skrg mirip anggota DPR yg didemo dan rumahnya dijarah.",3,2026-09-15T13:03:45Z,2026-09-15T13:03:45Z,2026-09-19T00:23:14.160865+00:00,"gagal fokus sama hilsat, kok skrg mirip anggota dpr yg didemo dan rumahnya dijarah.",,,,,Gemini-API,,,,
UgwceNEdFuNEVQWBeNp4AaABAg,z1fWo8tYynA,7b6033471a88650a9318a82387f4801abc194db0540f9398e51bfc0a5f3d519b,Pertama,0,2025-09-17T12:15:44Z,2025-09-17T12:15:44Z,2026-09-19T00:23:10.960426+00:00,pertama,,,,,Gemini-API,,,,
UgxInBMzeazszUo__ch4AaABAg,A-qeEyGaJM0,ae2abe09ba705524b56ea9309f69b92bf9e4b6a0a35e13473be396a50488cc52,Parung + Depok tapi pake aksen Jaksel,0,2026-09-15T15:03:38Z,2026-09-15T15:03:38Z,2026-09-19T00:23:14.160865+00:00,parung + depok tapi pakai aksen jaksel,,,,,Gemini-API,,,,
UgyJmY0eU6OBJv07T8t4AaABAg,z1fWo8tYynA,154da88b84022ccc01d3b7f97691c3faec38b89f461df3d47ca2997b7889f8b0,Sedap,0,2025-09-17T12:18:03Z,2025-09-17T12:18:03Z,2026-09-19T00:23:10.960426+00:00,sedap,,,,,Gemini-API,,,,
UgxH3zDkpaWJMQnYNuB4AaABAg,Bx-XDBdN7nA,f79f9b92178c52f1d549fc83619f21060a25936a310015092c378f06b2647061,Kyanya mobil listrik nih pilihan bagus d saat bbm bnyak yg oplosan 😂,26,2025-11-18T07:26:32Z,2025-11-18T07:26:32Z,2026-09-19T00:23:00.712565+00:00,kyanya mobil listrik nih pilihan bagus d saat bbm bnyak yg oplosan 😂,,,,,Gemini-API,,,,
UgyScRjZfcbH0aMGM-J4AaABAg,A-qeEyGaJM0,fe437189439c0d4bd90309b7715215cb2916be226e3ecbe7953e3acf0ae41afd,800 cycle ato 3000 cycle?,0,2026-09-16T02:03:06Z,2026-09-16T02:03:06Z,2026-09-19T00:23:14.160865+00:00,800 cycle ato 300 cycle?,,,,,Gemini-API,,,,
UgzDSpm1KPaLHggMLYV4AaABAg,A-qeEyGaJM0,904c227fc7bfd45bf3d0c5519038b1387aa5972b66fbd743b9e901033c8a8e92,Biaya nge charge harus ditambah juga biaya ngopinya,2,2026-09-16T01:54:09Z,2026-09-18T02:49:36Z,2026-09-19T00:23:14.160865+00:00,biaya nge charge harus ditambah juga biaya ngopinya,,,,,Gemini-API,,,,
UgxUhqHNpGRQStwPLUl4AaABAg,z1fWo8tYynA,843ad4c22e6edc6fc9c873f410355edf1a7154f87b70c59d53f180fe24bc504f,Feellnya emak2 dan ABG banget😊,0,2025-11-24T07:34:16Z,2025-11-24T07:34:16Z,2026-09-19T00:23:11.766454+00:00,feellnya emak2 dan abg banget😊,,,,,Gemini-API,,,,
UgzMLZAQMmcEyZXdIL94AaABAg,A-qeEyGaJM0,25db5263086f1b704319dd8f553704afc4b9c0121a62fb6f8eafb44e6a6c4b80,"Sat, lu ng cocok bilang “ay” yaa😂",0,2026-09-15T15:22:41Z,2026-09-15T15:22:41Z,2026-09-19T00:23:14.160865+00:00,"sat, lu ng cocok bilang “ay” yaa😂",,,,,Gemini-API,,,,
UgzeRdn0Y4gKslVxs-J4AaABAg,A-qeEyGaJM0,dc62930726d53d2a223e01151c7c17380e3e46d9118b104e75e6de0b91b1f6b9,Bahasa orang have beda ya,0,2026-09-17T02:24:56Z,2026-09-17T02:24:56Z,2026-09-19T00:23:14.160865+00:00,bahasa orang have beda ya,,,,,Gemini-API,,,,
UgwkDcInIsuwhFnpOEt4AaABAg,A-qeEyGaJM0,e4185a28b86e5ef8b0a70a3610232e54e973ea509ee02e66626804339872b230,I wish we have this color in the Philippines. You also lost the power tailgate and rear wiper lol,0,2026-09-16T06:21:44Z,2026-09-16T06:23:29Z,2026-09-19T00:23:14.160865+00:00,i wish we have this color in the philippines. you also lost the power tailgate and rear wiper lol,,,,,Gemini-API,,,,
UgwbLiUJrrFp5QGk3LV4AaABAg,A-qeEyGaJM0,bbc953f8406e770d38a52cd4205ccfdf1b8ddc885f45d93985e04167f7f6517f,Kalau berdasar data diakhir video konsumsi 6.7km/kwh dgn kapasitas batt 40kwh berarti total range real dengan avg 90km hanya 268km y?,0,2026-09-16T11:52:17Z,2026-09-16T11:52:17Z,2026-09-19T00:23:14.160865+00:00,kalau berdasar data diakhir video konsumsi 6.7km/kwh dengan kapasitas batt 40kwh berarti total range real dengan avg 90km hanya 268km y?,,,,,Gemini-API,,,,
UgzvPqxKWZtdsUH8N8B4AaABAg,z1fWo8tYynA,4ffa71d13974810b7d79a5a7a8f9300aaef73cf223f1b2f200daefd8bc280bbe,"Nunggu avg youtube comment yang ""semoga saya segera bisa memiliki......"" 😅",1,2025-09-20T13:52:32Z,2025-09-20T13:52:32Z,2026-09-19T00:23:10.960426+00:00,"nunggu avg youtube comment yang ""semoga saya segera bisa memiliki.."" 😅",,,,,Gemini-API,,,,
Ugyr06GDoNsTWau17RZ4AaABAg,A-qeEyGaJM0,35219193d07a91713348f31f88eedaf088ba2181ad2bc8d8db13a8250aa67edb,Cherry Q kpn?,0,2026-09-16T06:36:01Z,2026-09-16T06:36:01Z,2026-09-19T00:23:14.162400+00:00,cherry q kpn?,,,,,Gemini-API,,,,
UgwSjUAiLsyPTO7JZ3F4AaABAg,A-qeEyGaJM0,9ce4412603a818db8a9d0335832668ecbb1d080aa952982b4caceeb71a93cef0,"Ngomongnya bukan ala Jaksel itumah, tapi ala PIK haha",0,2026-09-16T02:59:49Z,2026-09-16T02:59:49Z,2026-09-19T00:23:14.162400+00:00,"ngomongnya bukan ala jaksel itumah, tapi ala pik haha",,,,,Gemini-API,,,,
UgzqcKqaY9tqmCp7WmR4AaABAg,G_acqAJrRso,aaabe2fce66df4890a3fca80ec594aa0a4871cdb21588a08a4fd5c820d2275a8,"Bang ""YA"" nya ngegas banget bikin kaget",0,2026-07-18T19:39:09Z,2026-07-18T19:39:09Z,2026-09-18T04:38:32.144167+00:00,"bang ""ya"" nya ngegas banget bikin kaget",,,,,Gemini-API,,,,
UgwNunUQyWDDRHLj9uZ4AaABAg,A-qeEyGaJM0,c33e9cfff48439f7c870606f673f08eadebedd5f99177dec8b1a2dcec47ab7e3,"berusaha ngomong jaksel yg aneh, udah lah gak lucu, nybelin tauuuu😂",1,2026-09-15T13:33:41Z,2026-09-15T13:33:41Z,2026-09-19T00:23:14.162400+00:00,"berusaha ngomong jaksel yg aneh, udah lah tidak lucu, nybelin tauu😂",,,,,Gemini-API,,,,
UgxGS3uyEWAJMyPyGQ94AaABAg,BFp1_jq3zVo,cef7292695d29e17f2d83caaca29ddee1f3f0f683e006e34437d3d6909c610d7,Menarik juga ya EX2 ini,2,2026-04-01T05:42:40Z,2026-04-01T05:42:40Z,2026-09-19T00:23:14.379690+00:00,menarik juga ya ex2 ini,,,,,Gemini-API,,,,
UgyRHZdwf-Qvf4MZ30N4AaABAg,BFp1_jq3zVo,c8be60fbdf2a12252bc3c7b02cc9fce42e5a4275b5d4cc89a1e2589daaea5553,Yang pertama 😊😊😊😊😊,3,2026-03-31T12:09:06Z,2026-03-31T12:09:06Z,2026-09-19T00:23:14.379690+00:00,yang pertama 😊😊,,,,,Gemini-API,,,,
UgxHP6x7zMByJ8LwYSF4AaABAg,BFp1_jq3zVo,ced9a3f33a8d8fdc4289c3c10f502f4bdf85d162dd91cfe3bf2c28b3646bc9ee,"Bismillah, tertarik EX2.",2,2026-04-01T15:08:14Z,2026-04-01T15:08:14Z,2026-09-19T00:23:14.379690+00:00,"bismillah, tertarik ex2.",,,,,Gemini-API,,,,
UgzT34cfUq-v0TnF_gt4AaABAg,z1fWo8tYynA,625609ffd077d741414331ccd2008263905f6115de5c283411f26479d8e4b580,"Om bahas mobil toyota kluger 2003 om
Kayanya menarik",0,2025-09-20T13:58:50Z,2025-09-20T13:58:50Z,2026-09-19T00:23:10.960426+00:00,om bahas mobil toyota kluger 2003 om kayanya menarik,,,,,Gemini-API,,,,
Ugzw1cMlYnraSw_mLDR4AaABAg,G_acqAJrRso,5f0a1b57cb9804107794da82b7b56d218b48609240af3dd453137b4d0f20e1b9,"Bahasa penjualan memang dibawah 300juta, padahal hny kurang 100rb.. 😅 pembulatan sekarang memang menipu.. yg benar kalau diatas 5 , 6 up sudah disebut 10.. kalau dibawah 5, 4 kebawah pembulatan kebawah. Tapi memang keren mobilnya. Bismillah buat semua yg liat video ini, bisa membeli mobil ini, aamiin 🤲🏼",2,2025-11-15T09:34:45Z,2025-11-15T09:35:35Z,2026-09-18T04:38:32.144167+00:00,"bahasa penjualan memang dibawah 300juta, padahal hny kurang 100rb.. 😅 pembulatan sekarang memang menipu.. yg benar kalau diatas 5 , 6 up sudah disebut 10.. kalau dibawah 5, 4 kebawah pembulatan kebawah. tapi memang keren mobilnya. bismillah buat semua yg liat video ini, bisa membeli mobil ini, aamiin 🤲🏼",,,,,Gemini-API,,,,
UgxTd3rH7WDbLXY7-fd4AaABAg,z1fWo8tYynA,3792c421c0955867e5c1f14bf8f5b0ddf66df22157786fc5c1291ce57668d3c9,Semoga mobilnya segera hadir di rumah gua,1,2025-11-16T04:20:01Z,2025-11-16T04:20:01Z,2026-09-19T00:23:10.960426+00:00,semoga mobilnya segera hadir di rumah gua,,,,,Gemini-API,,,,
UgyLnP7gVIlhQmLGlDV4AaABAg,A-qeEyGaJM0,1e9c9f6145b7336d26680ab1fff1f66a17090a06284810979744eb5fb8e85495,Rata2 kecepatan brp bang?,0,2026-09-15T16:08:28Z,2026-09-15T16:08:28Z,2026-09-19T00:23:14.162400+00:00,rata2 kecepatan brp bang?,,,,,Gemini-API,,,,
UgwebLnsiMPtmVjv3bh4AaABAg,A-qeEyGaJM0,10a1a3811a685dca60a966f0c456959271040befce6662f0759ef5155b677f14,Di menit 20:23 dibagian bawah mobil seperti keluar percikan api apaan tuh ?,0,2026-09-17T17:32:43Z,2026-09-17T17:32:43Z,2026-09-19T00:23:14.162400+00:00,di menit 20:23 dibagian bawah mobil seperti keluar percikan api apaan tuh ?,,,,,Gemini-API,,,,
Ugxdh47kZJqTShK3kcR4AaABAg,z1fWo8tYynA,40286d6340560657e0536a3cf1e68623d2d118b82c02c14e569d12838cf64564,Bismillah bntar lagi ada di bagasi rumah gue aminn,0,2026-02-05T15:20:31Z,2026-02-05T15:20:31Z,2026-09-19T00:23:10.960426+00:00,bismillah bntar lagi ada di bagasi rumah gue aminn,,,,,Gemini-API,,,,
Ugx5MajuT1hoc5Vg-wJ4AaABAg,A-qeEyGaJM0,2411115a32c9e54a499a99081ad12f0e86d1abc360358f23909fcb92d72d39ab,cafe racer kotwis nich...,0,2026-09-15T14:54:34Z,2026-09-15T14:54:34Z,2026-09-19T00:23:14.162400+00:00,cafe racer kotwis nich..,,,,,Gemini-API,,,,
UgzIDCWOtXUfoMCodyt4AaABAg,A-qeEyGaJM0,9ee9e27103cb1636a47da48776d5d561723af2995c371c1fb0bf3953c1e8ec3a,"road tripnya harus super santai ya kalau pakai molis, soalnya 25-30 menit itu lumayan makan waktu sih dibandingkan isi bensin / solar mobil ICE 

cuma lumayan nih selisih hematnya apalagi kalo dicompare pake pertamax turbo / dex",0,2026-09-16T06:10:11Z,2026-09-16T06:10:11Z,2026-09-19T00:23:14.162400+00:00,"road tripnya harus super santai ya kalau pakai molis, soalnya 25-30 menit itu lumayan makan waktu sih dibandingkan isi bensin / solar mobil ice cuma lumayan nih selisih hematnya apalagi kalo dicompare pakai pertamax turbo / dex",,,,,Gemini-API,,,,
Ugww4n6qSTAuXbuW8lJ4AaABAg,z1fWo8tYynA,e67a987bb7e585dff18c781d576843a588a5e9781e78090f7740c965fb1edcdb,"Masih nunggu cherry ngobrak ngabrik kelas lcgc, udah deh bakal kelar tuh mopang",4,2025-09-17T23:10:24Z,2025-09-17T23:10:24Z,2026-09-19T00:23:10.960426+00:00,"masih nunggu cherry ngobrak ngabrik kelas lcgc, udah deh bakal kelar tuh mopang",,,,,Gemini-API,,,,
Ugx89iIptXHOuWLeAYp4AaABAg,A-qeEyGaJM0,6e3a435bbe5484c9284c94f18699ba259e0cd3d193db8b8c2cef64a96818b6dc,total biaya tol brp?,0,2026-09-16T03:45:12Z,2026-09-16T03:45:12Z,2026-09-19T00:23:14.162400+00:00,total biaya tol brp?,,,,,Gemini-API,,,,
Ugzs_f0fBOSGVAJeUYB4AaABAg,G_acqAJrRso,7f0e30223ab857b5f57a2c2bc919eba7a3f21d7b13432de9747589b5046bf324,Warna putih + dibuat dual tone hitam piano black. Yuklah balik kerja lagi. Inshallah 5 tahun lagi kebeli.,0,2025-11-15T02:28:14Z,2025-11-15T02:28:14Z,2026-09-18T04:38:32.144167+00:00,warna putih + dibuat dual tone hitam piano black. yuklah balik kerja lagi. inshallah 5 tahun lagi kebeli.,,,,,Gemini-API,,,,
Ugy5sm3p8h08ukY0djl4AaABAg,G_acqAJrRso,66313f0580ee57cb73034cc92c96c074b28c78c38f6c6ad384133314476e43a7,"Nungguin J5 EV varian tiga baris 7 seater, aja.. kabarnya tahun depan",0,2025-11-29T09:23:10Z,2025-11-29T09:23:10Z,2026-09-18T04:38:32.144167+00:00,"nungguin j5 ev varian tiga baris 7 seater, aja.. kabarnya tahun depan",,,,,Gemini-API,,,,
UgznQRaeMYSwIs5at4d4AaABAg,A-qeEyGaJM0,9d37379fbc278650419534eec7c205d3027a7b6037a0ce59c123d2fa7e494552,Road trip emang paling perfect pake mesin bensin. Apalagi 12 silinder trus 6000cc pintu 2 merk inggris terserah deh mau yang blasteran jerman atau india atau british tulen 😝,0,2026-09-15T18:16:06Z,2026-09-15T18:16:06Z,2026-09-19T00:23:14.162400+00:00,road trip emang paling perfect pakai mesin bensin. apalagi 12 silinder trus 600cc pintu 2 merk inggris terserah deh mau yang blasteran jerman atau india atau british tulen 😝,,,,,Gemini-API,,,,
UgxFPtfIMiDT9vrrYex4AaABAg,A-qeEyGaJM0,84b7168f2c1c5b22bb352e021f86bfcb6df7e37ffed03aab58258cbafec094b4,"jadi berapa lama total perjalanannya om, jakarta-surabaya?",0,2026-09-15T17:21:02Z,2026-09-15T17:21:02Z,2026-09-19T00:23:14.162400+00:00,"jadi berapa lama total perjalanannya om, jakarta-surabaya?",,,,,Gemini-API,,,,
Ugwl3Ld7bm5N5iE19TZ4AaABAg,A-qeEyGaJM0,b7efb31ae23545fe146dd7d317a9e5d18c753a305f1ff1a5d4e8789a296bd01d,Pada menit 20:22 dan 20:23 itu dikolongnya ada percikan api atau pantulan matahari sore ya?,0,2026-09-15T13:54:08Z,2026-09-15T13:54:08Z,2026-09-19T00:23:14.162400+00:00,pada menit 20:22 dan 20:23 itu dikolongnya ada percikan api atau pantulan matahari sore ya?,,,,,Gemini-API,,,,
UgzC5V1HQZMvioBZZGJ4AaABAg,G_acqAJrRso,9188c57dbacd3ccbc2f708c7264dd8d4873822365a069948f6a5ce1e9ded5fc9,wah pengen spk,0,2025-11-15T14:47:50Z,2025-11-15T14:47:50Z,2026-09-18T04:38:32.144167+00:00,wah pengen spk,,,,,Gemini-API,,,,
Ugywra5l7W58E6T0OkZ4AaABAg,A-qeEyGaJM0,68dc35f61506766455c5c282ffb0df5d8f883b0442cb97c49cd4cd3dce889aae,bisa buat genset nggak?,0,2026-09-17T12:56:32Z,2026-09-17T12:56:32Z,2026-09-19T00:23:14.162400+00:00,bisa buat genset nggak?,,,,,Gemini-API,,,,
UgxgkIsfW40YnsxGN1t4AaABAg,G_acqAJrRso,06162131bbe33b601f27c38e4c35753140a1c98983db8bd5b743de045a90f682,"Apa Chery bikin pabrik di sini, spt BYD, guys ?
Kalau spk skrg apa msh dpt hrga ini ?*pls marketer j5 comment ya",0,2025-11-15T04:08:32Z,2025-11-15T04:08:32Z,2026-09-18T04:38:32.144167+00:00,"apa chery bikin pabrik di sini, spt byd, guys ? kalau spk skrg apa msh dapat hrga ini ?*pls marketer j5 comment ya",,,,,Gemini-API,,,,
UgzfY4tYsji99Qci42N4AaABAg,z1fWo8tYynA,e17a1c84c2b86eb74b73ec97e55e7e086519763e5aab327b3c334e3296b92703,microphone beli sayangnya,0,2025-11-30T07:24:45Z,2025-11-30T07:24:45Z,2026-09-19T00:23:11.766454+00:00,microphone beli sayangnya,,,,,Gemini-API,,,,
Ugyb4GbwnCaf115h21h4AaABAg,G_acqAJrRso,4d52f1b82705eea1a689f19deeb9b95d7ab46adf98aa9ca095963f5fc2b4bee4,"tuas sein kiri kanan di sisi kiri setir. utk pengendara yg biasa bawa mobil jepang, terbiasa tuas sein di kanan, malah jd mengaktifkan transmisi P/R/D.... bahaya",0,2025-11-20T02:44:56Z,2025-11-20T02:44:56Z,2026-09-18T04:38:32.144167+00:00,"tuas sein kiri kanan di sisi kiri setir. untuk pengendara yg biasa bawa mobil jepang, terbiasa tuas sein di kanan, malah jd mengaktifkan transmisi p/r/d.. bahaya",,,,,Gemini-API,,,,
UgwgGpuZZEoz5Zum6cB4AaABAg,z1fWo8tYynA,2c8d2ed37c79bc9ed6739e926250c315b70cbd9d1b16b996040bea6dc51650b5,"Om Mobi, kira2 aman gak ya untuk dibawa ke luar kota? Rencana mau buat trip jkt-malang PP?",0,2026-03-02T04:23:44Z,2026-03-02T04:23:44Z,2026-09-19T00:23:12.527826+00:00,"om mobi, kira2 aman tidak ya untuk dibawa ke luar kota? rencana mau buat trip jkt-malang pp?",,,,,Gemini-API,,,,
Ugy1dIrF4EDYsblg1mF4AaABAg,z1fWo8tYynA,8b2d9b6ac40c2faad8e8eac568156d3673ed9bc7cec02d0dcd12a17d065e761c,"mau mobil EV, Hybrid, atau bukan tergantung pilihan masing masing.",0,2025-11-26T00:55:02Z,2025-11-26T00:55:02Z,2026-09-19T00:23:12.527826+00:00,"mau mobil ev, hybrid, atau bukan tergantung pilihan masing masing.",,,,,Gemini-API,,,,
UgxTz6yuDJJDKOEQYoB4AaABAg,z1fWo8tYynA,08027be298857d58ab664151c4861bb9c0a824bc6284219246985287d5c285d2,🤲🏻🤲🏻🤲🏻🤲🏻🤲🏻,0,2025-09-17T18:49:29Z,2025-09-17T18:49:29Z,2026-09-19T00:23:12.527826+00:00,🤲🏻🤲🏻🤲🏻🤲🏻🤲🏻,,,,,Gemini-API,,,,
UgxJ9i55fyci-_iaw1Z4AaABAg,z1fWo8tYynA,ee9f0ab9d78c4560bdd51afa76db285a9e73213ba08936c8b926e25eeb3a83e1,"Tes drive nya ngga sekalian makan seafood di anyer om, kayak om fitra 😂",0,2025-09-17T14:13:42Z,2025-09-17T14:13:42Z,2026-09-19T00:23:11.766454+00:00,"tes drive nya tidak sekalian makan seafood di anyer om, kayak om fitra 😂",,,,,Gemini-API,,,,
UgwgrXnWGB91grY1JrN4AaABAg,z1fWo8tYynA,cc76d5f159d33f4270b3022c19c79bade98c004fd792faf3cf8932164e01e645,"Om mobi, atto 1 ini gimana rasanya di tanjakan kaya jalur puncak bogor cipanas tenaganya mobil ini? Pingin beli mobil ini untuk mobil ke 2. Buat pake pp cianjur bandung atau cianjur jakarta soalnya",0,2025-09-18T01:46:40Z,2025-09-18T01:53:06Z,2026-09-19T00:23:12.527826+00:00,"om mobi, atto 1 ini gimana rasanya di tanjakan kaya jalur puncak bogor cipanas tenaganya mobil ini? pingin beli mobil ini untuk mobil ke 2. buat pakai pp cianjur bandung atau cianjur jakarta soalnya",,,,,Gemini-API,,,,
UgzQrPd8dPBiOFBknGp4AaABAg,G_acqAJrRso,c03fd18723040c6c753ed34a7f61df11d3c5542167970ec206c57e2c896237cb,Brio hahahahahahaha,0,2025-11-15T11:22:07Z,2025-11-15T11:22:07Z,2026-09-18T04:38:32.837223+00:00,brio hahahahahahaha,,,,,Gemini-API,,,,
UgxvaKyrPTgrjqTPk8N4AaABAg,z1fWo8tYynA,87798e506e36eeb57864d792e553bea33a6946ad4c6be48ac98d228019cd2932,"kalau pakai nama LCGC, namanya jadi apa?",0,2025-09-18T02:57:28Z,2025-09-18T02:57:28Z,2026-09-19T00:23:12.527826+00:00,"kalau pakai nama lcgc, namanya jadi apa?",,,,,Gemini-API,,,,
UgzR56eBzGi7D90jNMZ4AaABAg,z1fWo8tYynA,586066ef2d8427f3b6361b30132cb2317e19413d2ce87be088838a994a8ce31b,"Next Atto 2,3,4,5 .... dst 😂",0,2025-11-15T10:35:27Z,2025-11-15T10:35:27Z,2026-09-19T00:23:11.766454+00:00,"next atto 2,3,4,5 .. dst 😂",,,,,Gemini-API,,,,
UgzK4c4L4iF5jRhONaB4AaABAg,z1fWo8tYynA,838190c92ed30af0b0a45e7177de75c4c7606616eb6cad4f81ad13b7d36e9423,"ngapain ambil videonya dibawah sunroof wkwkkw, silau men",0,2025-12-23T07:15:54Z,2025-12-23T07:15:54Z,2026-09-19T00:23:12.527826+00:00,"ngapain ambil videonya dibawah sunroof wkwkkw, silau men",,,,,Gemini-API,,,,
UgzrZN0Y31etC7-u56N4AaABAg,G_acqAJrRso,6d904285e330c150f6390017f137f271957cc4418f88ac88077e67db1824991f,Wah ACnya smua diatur dr layar. Klo eror bakalan anu,0,2026-02-07T14:25:03Z,2026-02-07T14:25:03Z,2026-09-18T04:38:32.837223+00:00,wah acnya smua diatur dari layar. kalau eror bakalan anu,,,,,Gemini-API,,,,
Ugy8-N6QWaBS7eqsaRF4AaABAg,z1fWo8tYynA,63c6b455a8930ceafb7072b20f1c75e6ce1e5f9a1cde5f941654be78d0a583d5,Tenaga75 HP ya cuilik....,0,2025-10-20T04:24:44Z,2025-10-20T04:24:44Z,2026-09-19T00:23:12.527826+00:00,tenaga75 hp ya cuilik..,,,,,Gemini-API,,,,
UgwTGS6N7WC6ekc6eMZ4AaABAg,z1fWo8tYynA,0585ae30b50d4b6c14e8ba8e449109e80e34cc1501a9389fce48bc633ab20b79,Mobil listrik di Indo hanya cocok buat orang yg udah punya rumah sendiri karena butuh di charge mandiri di rumah..,1,2026-03-31T08:06:35Z,2026-03-31T08:06:35Z,2026-09-19T00:23:11.766454+00:00,mobil listrik di indo hanya cocok buat orang yg udah punya rumah sendiri karena butuh di charge mandiri di rumah..,,,,,Gemini-API,,,,
UgzWRHz6dLytu7_w6RR4AaABAg,z1fWo8tYynA,5b7bf91c91eff0a30e15b30722bffea9b347824a2b07175aba228663ca75f61b,"nyari review stop and go di tanjakan full penumpang, apa ada yg sdh nemu?",11,2025-09-17T14:44:27Z,2025-09-17T14:44:27Z,2026-09-19T00:23:11.766454+00:00,"nyari review stop and go di tanjakan full penumpang, apa ada yg sudah nemu?",,,,,Gemini-API,,,,
UgwENg18BmlKjf5jgLF4AaABAg,z1fWo8tYynA,bea1de75581818fb119355b870f482b0dc1bf3e4b863301f046599fdde4b6065,enaknya mobil listrik ga ngisi BBM yg banyak drama..,2,2025-09-18T02:28:51Z,2025-09-18T02:28:51Z,2026-09-19T00:23:12.527826+00:00,enaknya mobil listrik tidak ngisi bbm yg banyak drama..,,,,,Gemini-API,,,,
UgwPpaavIHEABQ2YFGx4AaABAg,G_acqAJrRso,35bbf97e79bd343420101cb6bb857832e03621e9f9752868eafbf6a3723f35a1,jangan beli brio...,0,2025-11-16T06:31:19Z,2025-11-16T06:31:19Z,2026-09-18T04:38:32.837223+00:00,jangan beli brio..,,,,,Gemini-API,,,,
Ugx7QZzcwi8O8ApooNJ4AaABAg,z1fWo8tYynA,1cf35968eafe7e6d936c2e215f4a11dd568abd70c144a857e7a1a9d22d6e0c73,"Om please masker om waktunya ganti, saya nonton dari awal yang episode motor sampai sekarang ngerasa masker om udah buluk",0,2025-09-20T03:30:06Z,2025-09-20T03:30:06Z,2026-09-19T00:23:11.766454+00:00,"om please masker om waktunya ganti, saya nonton dari awal yang episode motor sampai sekarang ngerasa masker om udah buluk",,,,,Gemini-API,,,,
UgyyPn0BAAdmtnog_K54AaABAg,z1fWo8tYynA,a696fc6e4f3f13033dc9a6011da156c145644ff74dfb906005da986d7b0807a6,Tahun depan y🩵,0,2025-09-19T01:39:35Z,2025-09-19T01:39:35Z,2026-09-19T00:23:12.527826+00:00,tahun depan y🩵,,,,,Gemini-API,,,,
UgxV_e0gSGDuHYWeEXh4AaABAg,z1fWo8tYynA,996a0052deb3a29cbd8b2071c24c37fe25a7151afb3f50692a0cc80d42e1fdcb,Yah sayang bgt FWD. Padahal vinfast bikin yg RWD loh. Apalagi buat nanjak2 curam pst butuh RWD.,0,2026-02-15T09:21:10Z,2026-02-15T09:21:10Z,2026-09-19T00:23:12.527826+00:00,yah sayang banget fwd. padahal vinfast bikin yg rwd loh. apalagi buat nanjak2 curam pst butuh rwd.,,,,,Gemini-API,,,,
UgwLz7emFOwmyqmgIwl4AaABAg,z1fWo8tYynA,a81148ecfceae4735d0ad9094fa73077d7e17261cc145d7661e4228509ec39f8,"Kenceng kayaknya masuk kantong, sampe review nya semangat🤣",1,2025-10-29T01:27:37Z,2025-10-29T01:27:37Z,2026-09-19T00:23:12.527826+00:00,"kenceng kayaknya masuk kantong, sampe review nya semangat🤣",,,,,Gemini-API,,,,
UgzsTUjYwohFH6-wIeN4AaABAg,G_acqAJrRso,216edfa7be656e9654ebe53793da644c0717b7cf7d2c9b8a7165b2c6bc7a53b1,range rover njir,0,2025-11-15T02:40:13Z,2025-11-15T02:40:13Z,2026-09-18T04:38:32.144167+00:00,range rover njir,,,,,Gemini-API,,,,
UgwIf5FCPViNtUvGKfl4AaABAg,z1fWo8tYynA,5a78e0d6e6ce1eb83d0e537de75f018047a1acfbc66650b3c3afc5e30dd276f6,kalau bisa di bawah 150jt waht a deal sih.,0,2026-02-05T23:52:14Z,2026-02-05T23:52:14Z,2026-09-19T00:23:12.527826+00:00,kalau bisa di bawah 150jt waht a deal sih.,,,,,Gemini-API,,,,
UgwSnwilFYns-1ywLgF4AaABAg,z1fWo8tYynA,b3356050e6e9d154711958ba915c3a51464e93ef49ee7f12b0459cf13f444b21,"Gak.ada ban serep...
Kok bocor gimana boss😂😂😂😂",1,2025-11-17T03:49:55Z,2025-11-17T03:49:55Z,2026-09-19T00:23:12.527826+00:00,gak.ada ban serep.. kok bocor gimana boss😂😂,,,,,Gemini-API,,,,
UgwXyboACmFknefw01R4AaABAg,G_acqAJrRso,b747b26b5759cdc2344cd5b50525bf2afeba3175f2660dbce1179741b1739d9c,owner atto 1 lg menangis di pojokan,0,2025-11-15T00:45:17Z,2025-11-15T00:45:17Z,2026-09-18T04:38:32.144167+00:00,owner atto 1 lagi menangis di pojokan,,,,,Gemini-API,,,,
UgyaLIk2I_tJg8R__uB4AaABAg,z1fWo8tYynA,5a5fad2b22afaaa96a37e66c9b82c2d4c335ae6ec39524380df0f0b46eee113f,Bissmilah mobil ini sebagai mobil pertama.,10,2025-09-17T12:39:56Z,2025-09-17T12:39:56Z,2026-09-19T00:23:11.766454+00:00,bissmilah mobil ini sebagai mobil pertama.,,,,,Gemini-API,,,,
Ugx4p2ctfW1fpyuRi7x4AaABAg,z1fWo8tYynA,8bf4655516f21b9895885b168057c178e98ccbf9a43736978c4a136460011ec5,👍👍👍👍👍,0,2025-09-28T08:48:02Z,2025-09-28T08:48:02Z,2026-09-19T00:23:11.766454+00:00,👍👍,,,,,Gemini-API,,,,
UgxBcVFqQOsBf8a9wGx4AaABAg,z1fWo8tYynA,bc56c342777fa9f1f91b189c02b6eee45b3632274419d1aee452f024dd4bcfbb,"Lamborghini,mini,boxy",0,2025-09-17T17:13:27Z,2025-09-17T17:13:27Z,2026-09-19T00:23:12.527826+00:00,"lamborghini,mini,boxy",,,,,Gemini-API,,,,
UgzV6D1Tc7y71-zc12h4AaABAg,z1fWo8tYynA,5f77038b9988b739a481320aecedea8c9f2a5c66d1aebe3ad4f9efaf0d9edf17,"Top speed nya berapa om mobi..?
Tembus gak 140Kpj..?",0,2025-09-17T15:33:36Z,2025-09-17T15:33:36Z,2026-09-19T00:23:12.527826+00:00,top speed nya berapa om mobi..? tembus tidak 140kpj..?,,,,,Gemini-API,,,,
UgzNYpEIU_jTGTGNwDN4AaABAg,z1fWo8tYynA,7d937ea51ffff8a32147b45d871b5c03c31b565310b03e3df8dd87347f6513a1,"Adzan berhenti, BIG RESPECT 🫡",0,2025-09-18T01:51:05Z,2025-09-18T01:51:05Z,2026-09-19T00:23:12.527826+00:00,"adzan berhenti, big respect 🫡",,,,,Gemini-API,,,,
UgyF78fijHImpeDV0gF4AaABAg,G_acqAJrRso,92d42c8afa6e7dc9dc5613cf338464b6de1e29d3fba81d4834b8261b304a9631,heran napa ev malah pada make fwd.,0,2025-11-15T14:20:34Z,2025-11-15T14:20:34Z,2026-09-18T04:38:32.144167+00:00,heran napa ev malah pada memakai fwd.,,,,,Gemini-API,,,,
UgzkGeZfJS8uJGR0k554AaABAg,z1fWo8tYynA,c520b8a98eacb06df122b666c5ab60fb58386b4423fef339399d974650fb6deb,👍👍,0,2025-11-11T10:39:10Z,2025-11-11T10:39:10Z,2026-09-19T00:23:11.766454+00:00,👍👍,,,,,Gemini-API,,,,
UgwfkoCnQrLLaZ4n29l4AaABAg,z1fWo8tYynA,7db6b3e3d7523eb492aad6227961855f54ee48a887df4bc23d1850facb8870d2,"Susah berhubungan dgn org bertopeng .. dia mengenali kita , kita tdk mengenali dia !",0,2025-11-21T13:38:36Z,2025-11-21T13:38:36Z,2026-09-19T00:23:12.527826+00:00,"susah berhubungan dengan org bertopeng .. dia mengenali kita , kita tidak mengenali dia !",,,,,Gemini-API,,,,
UgydCtDymvE1rl16fJx4AaABAg,G_acqAJrRso,1aca47e2d60a8542e1036aeaba3d7be8c0f1d3cdc9788c298460bea388c3d806,200 ya,0,2026-08-13T09:13:42Z,2026-08-13T09:13:42Z,2026-09-18T04:38:32.144167+00:00,200 ya,,,,,Gemini-API,,,,
UgxxQd_12n83C9F774l4AaABAg,z1fWo8tYynA,c2a8f80d4db5d38f365f2bdc25a3585aab4e0ccb0eede57681e9fd21ca5dfb13,Warna hitam paling ganteng,0,2025-11-05T14:21:26Z,2025-11-05T14:21:26Z,2026-09-19T00:23:11.766454+00:00,warna hitam paling ganteng,,,,,Gemini-API,,,,
UgwWy_LzX9mvEgpwvdJ4AaABAg,G_acqAJrRso,4d9a2355f956a41d419cd78db13a05ab4442518dd98707aab6a22e2fe593fbfa,1.08 ngomong apaan bang,0,2025-11-14T23:15:21Z,2025-11-14T23:15:21Z,2026-09-18T04:38:32.144167+00:00,1.08 ngomong apaan bang,,,,,Gemini-API,,,,
UgzhoC_NqHuRUeE5_XN4AaABAg,z1fWo8tYynA,f217b912745829ed5d45f09ada49b935f30b237c20c4a2f7a515176177bd73ac,Lambo mini nih,0,2025-12-25T04:34:04Z,2025-12-25T04:34:04Z,2026-09-19T00:23:12.527826+00:00,lambo mini nih,,,,,Gemini-API,,,,
UgzCUMcSc1IRXiaAnAd4AaABAg,z1fWo8tYynA,8359945573a178ead70090aa27713a16aba6a64c6f4941e8172b45a044d21bb6,"barusan ditawarin agya atau byd atto 1, jadi bingung mau pilih mna",0,2026-04-02T12:16:31Z,2026-04-02T12:16:31Z,2026-09-19T00:23:12.527826+00:00,"barusan ditawarin agya atau byd atto 1, jadi bingung mau pilih mna",,,,,Gemini-API,,,,
Ugz_ai_jPrL8tqBHR0x4AaABAg,z1fWo8tYynA,28994ca979465ef4b6e233eb642be04dae294513289696d43af2ca8e441867b4,Mobil listrik itu jika di kendarai bisa kesetrum gak bang? Serius nanya,1,2025-12-19T08:16:33Z,2025-12-19T08:16:33Z,2026-09-19T00:23:12.527826+00:00,mobil listrik itu jika di kendarai bisa kesetrum tidak bang? serius nanya,,,,,Gemini-API,,,,
UgyWaeH4Or52CC-5m8N4AaABAg,z1fWo8tYynA,6d259e8086904014df7d125d874c7d06e5e510702d29376bb5514a2708531d1c,Masih jarang om di jakarta dan tangerang ehe. Koreksi jika salah,0,2025-09-18T02:41:02Z,2025-09-18T02:41:02Z,2026-09-19T00:23:12.527826+00:00,masih jarang om di jakarta dan tangerang ehe. koreksi jika salah,,,,,Gemini-API,,,,
Ugz8z1lk56gytTGWKlF4AaABAg,z1fWo8tYynA,341174b28ddddf9ca145b62b0b70864c918bda00cb9849ab543a8b799854a7a6,nfc card rawan di copy tanpa sepengatahuan pemilik,0,2025-11-18T08:07:17Z,2025-11-18T08:07:17Z,2026-09-19T00:23:11.766454+00:00,nfc card rawan di copy tanpa sepengatahuan pemilik,,,,,Gemini-API,,,,
UgxwmDkxthQllupqxV14AaABAg,z1fWo8tYynA,c526fd0f0a2f21fd290c52cd2bce384b2e01e65c876c5aaa76d0012330d05aef,Aamiin,0,2025-11-19T06:22:00Z,2025-11-19T06:22:00Z,2026-09-19T00:23:11.766454+00:00,aamiin,,,,,Gemini-API,,,,
UgzmJE3vdbTTALXdE5x4AaABAg,G_acqAJrRso,0cb02d4beed0cc12bb52eb7c29c1dc956a43f7e776ae7cb1c537385f4c66abd3,Mobil jepun overprice parah 😂,0,2025-11-16T11:31:06Z,2025-11-16T11:31:06Z,2026-09-18T04:38:32.837223+00:00,mobil jepun overprice parah 😂,,,,,Gemini-API,,,,
UgzhIIx-8lMhrzZBvNh4AaABAg,z1fWo8tYynA,798172db67e4eac10f8a7c0f40992df9781a44fe0fcbea2c2a73d0816bc37cdf,kalau untuk nanjak di bandung / bogor kuat ga ya?,0,2025-09-21T00:11:50Z,2025-09-21T00:11:50Z,2026-09-19T00:23:12.527826+00:00,kalau untuk nanjak di bandung / bogor kuat tidak ya?,,,,,Gemini-API,,,,
UgzZc6WS9f-XvKbYda14AaABAg,G_acqAJrRso,a2e11353026453726b029bb67cb1002e3f74def996509a7c2deb330416060889,jirrrrr lah.....jd FOMO dah gw 😂,0,2025-11-17T11:34:48Z,2025-11-17T11:34:48Z,2026-09-18T04:38:32.144167+00:00,jirr lah..jd fomo dah gw 😂,,,,,Gemini-API,,,,
UgwnBh67nhahr8V9q1J4AaABAg,G_acqAJrRso,9f962123955a3ac8f1aed5805d55e2afc02d639dd20d9ebcad6f7bc36c58266a,LCGC amburadul e 😂,3,2025-11-15T22:45:19Z,2025-11-15T22:45:19Z,2026-09-18T04:38:32.144167+00:00,lcgc amburadul e 😂,,,,,Gemini-API,,,,
Ugy4jvLsjNRy3i-uYWB4AaABAg,G_acqAJrRso,029d47ce6b8581ae3b960ff8c2ba0dbb177747b3668aaa8c817464c3f1e2ccb1,BUANYAAKK BHANGEET MERK MOBIL CHINA BERMUNCULAN.. MIRIP2 MOTOR CHINA DULU.. TAPI MOTOR CHINA AKHIRNYA MATI OLEH MERK JEPANG..,1,2025-11-16T11:24:31Z,2025-11-16T11:24:31Z,2026-09-18T04:38:32.837223+00:00,buanyaakk bhangeet merk mobil china bermunculan.. mirip2 motor china dulu.. tapi motor china akhirnya mati oleh merk jepang..,,,,,Gemini-API,,,,
UgzFgfxRpQ1QWp9goJF4AaABAg,G_acqAJrRso,cd89ee393d4c9757c385920fa8be1dc6c19446e2b7f5f873d4facdb01a873046,Dinegaranya sendiri aja tidak di jual.,0,2025-11-14T16:24:06Z,2025-11-14T16:24:06Z,2026-09-18T04:38:32.144167+00:00,dinegaranya sendiri aja tidak di jual.,,,,,Gemini-API,,,,
Ugz68-8W57dujktAQ4p4AaABAg,z1fWo8tYynA,6e3c4b69b6a45d4bb15b419a6233b2837a2fc7c7fb638b3c7f86bb2ddbd6f461,"Jadi pingin....buat anter jemput anak... Enaknya tetep pake jazz gen 2 ato tuker ini ya? Ga pernh dipake kluar kota sih, klo kluar kota pake crv suami",0,2025-09-17T23:56:23Z,2025-09-17T23:56:23Z,2026-09-19T00:23:12.527826+00:00,"jadi pingin..buat anter jemput anak.. enaknya tetep pakai jazz gen 2 ato tuker ini ya? tidak pernh dipake kluar kota sih, kalau kluar kota pakai crv suami",,,,,Gemini-API,,,,
Ugytr0NOylyu_mIZBRd4AaABAg,z1fWo8tYynA,6fe18d29292981155c7739d3cb950d7ee41ca1a8b62bce1d6171f6980b100358,Kenapa tes akselerasi matiin ac? 🤔,0,2025-09-17T18:12:58Z,2025-09-17T18:12:58Z,2026-09-19T00:23:12.527826+00:00,kenapa tes akselerasi matiin ac? 🤔,,,,,Gemini-API,,,,
UgxvsV5f9Q4EhVQFO-94AaABAg,G_acqAJrRso,99ee6b7ea7e5719f8f43d2d5e410d4e1775127a86ffe6b99c5feaceaaa9add44,"Tampilan dashboard jaecoo j5 bgn depan kaku, tdk stylish dan aerodinamis.",0,2025-12-21T10:03:58Z,2025-12-21T10:03:58Z,2026-09-18T04:38:32.144167+00:00,"tampilan dashboard jaecoo j5 bgn depan kaku, tidak stylish dan aerodinamis.",,,,,Gemini-API,,,,
UgzQJYM58tyL6G5YP6p4AaABAg,z1fWo8tYynA,89840fd5017204f3ca93943e91ac6f7d9c0eda3bf96e3f4759b93649aace1f36,5:45 bisa disalin ke HP yang ada NFC nya ga ya? Jadi ga perlu bawa apa2. Modal hape aja.,1,2025-09-18T16:31:51Z,2025-09-18T16:31:51Z,2026-09-19T00:23:12.527826+00:00,5:45 bisa disalin ke hp yang ada nfc nya tidak ya? jadi tidak perlu bawa apa2. modal hape aja.,,,,,Gemini-API,,,,
UgwPxy8ocqgzsSp5Tbp4AaABAg,z1fWo8tYynA,3768a705e408ee76a51d00d56fbaaf7bc3df9cfe35b37f01b8ccecd466060052,tas ditaruh didepan juga bisa kyknya....kan gak panas ya,0,2025-12-12T06:31:59Z,2025-12-12T06:31:59Z,2026-09-19T00:23:12.527826+00:00,tas ditaruh didepan juga bisa kyknya..kan tidak panas ya,,,,,Gemini-API,,,,
UgxhOuVfADwJ0yLlVnJ4AaABAg,z1fWo8tYynA,058e1546fe68863fe989098546f31e1656ba3c79831626f7190e723bd0c83065,"Sayang listrik, klo ada lubang knalpotnya...mmmantap",0,2026-04-02T15:50:24Z,2026-04-02T15:50:24Z,2026-09-19T00:23:11.766454+00:00,"sayang listrik, kalau ada lubang knalpotnya..mmantap",,,,,Gemini-API,,,,
UgyLFxaGKXtKL3ew2bl4AaABAg,z1fWo8tYynA,5d5f1d60d276344c8c260969c39d3c46a0be0938cfc25574f0bbbe019300d9ea,Yg belakangnya ada beat karbu,0,2025-10-04T05:30:48Z,2025-10-04T05:30:48Z,2026-09-19T00:23:12.527826+00:00,yg belakangnya ada beat karbu,,,,,Gemini-API,,,,
UgwsjTbffNUNlIEUqpR4AaABAg,z1fWo8tYynA,87cc57e4328ef22d048127f2ef6913e1703de8bbe8d101c0662c3fe01d596245,ini micnya yg ganti atau orangnya yang ganti ya? kok suara om mobi beda ama seperti biasanya..?,0,2025-09-20T07:37:18Z,2025-09-20T07:37:18Z,2026-09-19T00:23:11.766454+00:00,ini micnya yg ganti atau orangnya yang ganti ya? kok suara om mobi beda ama seperti biasanya..?,,,,,Gemini-API,,,,
UgwiqDqWjHZNHwkha9F4AaABAg,z1fWo8tYynA,f93d023a68148c689f59c0b19fb90bfd3bc51b7838a6c84e13a960de5cdfa1d3,Mauuuu pesan dimnaaa,0,2025-10-06T22:17:03Z,2025-10-06T22:17:03Z,2026-09-19T00:23:12.527826+00:00,mauu pesan dimnaa,,,,,Gemini-API,,,,
Ugyc7hC1Q74w-qfYzhR4AaABAg,z1fWo8tYynA,168956eadfa4df44ee05c9678d024258857c48ec65cddfcfba3d89427c2dc793,tetap BeAT Karbu merah dihati😂,0,2025-09-23T05:21:19Z,2025-09-23T05:21:19Z,2026-09-19T00:23:12.527826+00:00,tetap beat karbu merah dihati😂,,,,,Gemini-API,,,,
UgyIii1Y4PN04WhH1bR4AaABAg,G_acqAJrRso,494486585b7fc9e7b8e65371549279151cc0e4fcddba2614d3000fa37badf16d,41:22 adayg tau dia ngomong apaan???,2,2025-11-14T13:30:53Z,2025-11-14T13:30:53Z,2026-09-18T04:38:32.144167+00:00,41:22 adayg tau dia ngomong apaan??,,,,,Gemini-API,,,,
Ugwx8SRTc8AhQuVEQ554AaABAg,z1fWo8tYynA,5fd6bbff60682d57fe7f0cf7b59821b9bfa1407c9b75b102782b75ec2529d811,sama dengan lamborgini jumlah bannya,1,2025-09-19T07:41:29Z,2025-09-19T07:41:29Z,2026-09-19T00:23:12.527826+00:00,sama dengan lamborgini jumlah bannya,,,,,Gemini-API,,,,
UgzK77VywFTY2yqnJsl4AaABAg,z1fWo8tYynA,4c8e501ff0ac0f0a3b94575eb091f3743392157b2cb8b336091bda88e0645ec8,avanza..selalu ada,0,2025-09-20T09:15:28Z,2025-09-20T09:15:28Z,2026-09-19T00:23:12.527826+00:00,avanza..selalu ada,,,,,Gemini-API,,,,
Ugx9AxWj-Ua6u1tIOSN4AaABAg,z1fWo8tYynA,6bf317b6ecd58475103a2fc6ea1f365de8f394aded95803229a5d68dc9dc129d,Kayaknya bandingan nya bukan dgn LCGC deh om,0,2025-09-18T21:22:55Z,2025-09-18T21:22:55Z,2026-09-19T00:23:12.527826+00:00,kayaknya bandingan nya bukan dengan lcgc deh om,,,,,Gemini-API,,,,
Ugwe15PShf9vhnapR6V4AaABAg,z1fWo8tYynA,9478e8cbdfe013bead356639123262f2506550926cd294c2eb46cc20f760379e,Budget lcgc nambah sikit,1,2026-01-15T02:44:52Z,2026-01-15T02:44:52Z,2026-09-19T00:23:11.766454+00:00,budget lcgc nambah sikit,,,,,Gemini-API,,,,
UgyMQ-8mYbTp2lrDb_14AaABAg,z1fWo8tYynA,fb25c0997c65e30ca7df4ad9a6223d5bcfbfe058e4fe495660bdfe65c844a3cc,"Selalu happy bang Salim,Ga ruda Hoki-Gookil🤗🔥",0,2025-09-18T04:25:26Z,2025-09-18T04:25:26Z,2026-09-19T00:23:12.527826+00:00,"selalu happy bang salim,ga ruda hoki-gookil🤗🔥",,,,,Gemini-API,,,,
UgyXEHKcYaCXsPghlXV4AaABAg,z1fWo8tYynA,00dd0cd3ccc0a11da30742a4ea31a9dff5d6ced0ba0ceabe361d7a10f4ca3007,semoga danantara segera memulai proyek pembangkit listrik tenaga sampah dan beli kendaraan listrik jauuhh lebih baik daripada kendaraan bbm,0,2025-09-22T11:28:11Z,2025-09-22T11:28:11Z,2026-09-19T00:23:12.527826+00:00,semoga danantara segera memulai proyek pembangkit listrik tenaga sampah dan beli kendaraan listrik jauuhh lebih baik daripada kendaraan bbm,,,,,Gemini-API,,,,
UgwD8_ZJs7K9a1fYeqR4AaABAg,z1fWo8tYynA,2f91f15977eed6ebaaed43e84ec5a2cffe8d8b7ba17aad62e986b9fa5bf935d8,Tunggu tahun depan diskountnya gde2,0,2025-11-09T11:04:34Z,2025-11-09T11:04:34Z,2026-09-19T00:23:12.527826+00:00,tunggu tahun depan diskountnya gde2,,,,,Gemini-API,,,,
UgzNZ6yp21AlalIYlLN4AaABAg,z1fWo8tYynA,2cd192fddbb8fedaf8b98aa9bf2349e59dd5a07091f5f0de64f41a68320e8745,Ga ada ban cadangan hanya ada tire car kit,0,2026-03-21T11:34:07Z,2026-03-21T11:34:07Z,2026-09-19T00:23:12.527826+00:00,tidak ada ban cadangan hanya ada tire car kit,,,,,Gemini-API,,,,
UgztZ3hpdGeawUiwtwx4AaABAg,z1fWo8tYynA,807b0e249fcec035a9b1b2c5d5fd81fcaf3357fee2ef03369817df0fbd6e23d6,"saya sudah liat di china juni lalu , pelek agak beda",0,2025-10-08T08:24:53Z,2025-10-08T08:24:53Z,2026-09-19T00:23:11.766454+00:00,"saya sudah liat di china juni lalu , pelek agak beda",,,,,Gemini-API,,,,
Ugwvss_lQlDFLnJZQMt4AaABAg,z1fWo8tYynA,b6d2a951530484ab4eb1b444c4b95ac9bf86b319ec06af89217e71cee9895f3a,Beli BYD nya di BYD SOUTH JAKARTA ID  ya 🥰,0,2025-09-17T22:41:56Z,2025-09-17T22:41:56Z,2026-09-19T00:23:12.527826+00:00,beli byd nya di byd south jakarta id ya 🥰,,,,,Gemini-API,,,,
Ugy9mSzmipiNES7Gyxl4AaABAg,z1fWo8tYynA,1bbc295e9b2b53a3309a6bd6db188790b0e0a486bdbfaa24eef9a8742a0fce80,maxwin beneran gua diGaruda-hoki😮,0,2025-09-18T04:24:23Z,2025-09-18T04:24:23Z,2026-09-19T00:23:12.527826+00:00,maxwin beneran gua digaruda-hoki😮,,,,,Gemini-API,,,,
UgyzUZX3lsLwFwKv_4F4AaABAg,z1fWo8tYynA,8efe24550fadd5b01189d76ea4f6bc20de01e80c7a2c18dd44614eaf9702369b,"Oom SPK 10 mobil listrik di GIIAS 2024 Bagaimana kabarnya??

Kok gak pernah jadi konten?",0,2025-09-18T11:57:27Z,2025-09-18T11:57:27Z,2026-09-19T00:23:12.527826+00:00,oom spk 10 mobil listrik di giias 2024 bagaimana kabarnya?? kok tidak pernah jadi konten?,,,,,Gemini-API,,,,
UgwRqn16nIOILvruo2Z4AaABAg,z1fWo8tYynA,8f847bfda18e1dea71e0af868064717445b29df8b8a847832f2c9236fda5e4b0,jadi pertimbangan banget buat beli mobil listrik daripada ngebiarin pertamina monopoli bbm,0,2025-09-25T02:29:00Z,2025-09-25T02:29:00Z,2026-09-19T00:23:12.527826+00:00,jadi pertimbangan banget buat beli mobil listrik daripada ngebiarin pertamina monopoli bbm,,,,,Gemini-API,,,,
UgwB3cyKGniy2oWd3GB4AaABAg,z1fWo8tYynA,c01d7b925df03c6c6e23d28c359d7956cce47ccfa83feccd90a097585cdd3bf3,Pertama,0,2025-09-17T12:15:52Z,2025-09-17T12:15:52Z,2026-09-19T00:23:11.766454+00:00,pertama,,,,,Gemini-API,,,,
UgyA7Hd-J5XaRoO5zfB4AaABAg,z1fWo8tYynA,1508be2932c35799269f6b374456e086ba5f50f472c31513a99db29a130cb51c,Sekilas emang keliatan spt lamborghini urus,0,2025-11-22T00:11:57Z,2025-11-22T00:11:57Z,2026-09-19T00:23:11.766454+00:00,sekilas emang keliatan spt lamborghini urus,,,,,Gemini-API,,,,
UgxsJJ2zraBCAG211Op4AaABAg,z1fWo8tYynA,d49fb1473fc355065bb5fa096e4b664e4d9d0a91560bf7d9c32dc3079f492945,20:27 ada yg ngerekam,1,2025-09-23T01:45:57Z,2025-09-23T01:45:57Z,2026-09-19T00:23:11.766454+00:00,20:27 ada yg ngerekam,,,,,Gemini-API,,,,
UgxIhJIrHu73uR3GY-54AaABAg,z1fWo8tYynA,ecb480104e96426290342e1e00d45189f5809dd3b71e21d2fff6bdc8a4b4956f,gak masalah,0,2025-11-22T05:50:20Z,2025-11-22T05:50:20Z,2026-09-19T00:23:12.527826+00:00,tidak masalah,,,,,Gemini-API,,,,
UgxM4cplV8xjMEGyWy14AaABAg,z1fWo8tYynA,52543efd59460fdb3d47d3981ad1f217325fe316814dad775f291498ed1ef4c1,"bang  , buat saat ini , dgn berbagai pertimbangan , dengan budget segitu , untuk pakai harian  , lebih baik beli mobil listrik atau masih tetap mobil bensin , dan pertimbangan bisa di pakai 10tahun kedepan",0,2025-12-03T08:00:42Z,2025-12-03T08:00:42Z,2026-09-19T00:23:12.527826+00:00,"bang , buat saat ini , dengan berbagai pertimbangan , dengan budget segitu , untuk pakai harian , lebih baik beli mobil listrik atau masih tetap mobil bensin , dan pertimbangan bisa di pakai 10tahun kedepan",,,,,Gemini-API,,,,
UgxxY4ZcGY90A5hgBjt4AaABAg,z1fWo8tYynA,840ad2e5b18112c6e19125ed94cce7fbc4fdfb105e22c1c8755933219434fb88,Mending vinfest atau ini minta saran hehe,0,2025-10-09T06:42:23Z,2025-10-09T06:42:23Z,2026-09-19T00:23:12.527826+00:00,lebih baik vinfest atau ini minta saran hehe,,,,,Gemini-API,,,,
UgzKI9RbmJqOfvrgvPh4AaABAg,G_acqAJrRso,b97e850661deefd2380980b6bd014b2e37068000122a46773aa5b83a026a9155,Jadi inget jaman mocin banyak masuk di indonesia tahun 2000an. Sekarang hilang semua mocin. 😄😊😂😂,0,2025-11-14T23:05:50Z,2025-11-14T23:05:50Z,2026-09-18T04:38:32.144167+00:00,jadi inget jaman mocin banyak masuk di indonesia tahun 200an. sekarang hilang semua mocin. 😄😊😂😂,,,,,Gemini-API,,,,
Ugyoh5mLSpnUU7baM2Z4AaABAg,z1fWo8tYynA,576f011e43be97c66e58a4c066887d08ae9f1d5c65652a3b5ef640f7b5a060fc,12:36 semua laki laki mapan pernah setidaknya menjadi gadun,0,2025-09-18T04:44:08Z,2025-09-18T04:44:08Z,2026-09-19T00:23:11.766454+00:00,12:36 semua laki laki mapan pernah setidaknya menjadi gadun,,,,,Gemini-API,,,,
UgzAM9Si9lDic7yCkX94AaABAg,z1fWo8tYynA,af74203ece873751568b8435064dbb784314b821e5c8ac3d782abcb31dce7498,Habis olahraga di gbk spionnya ilang diambil orang timur bingung mau pulang gimana 😂 sensor nfcnya di spion,2,2025-12-29T07:51:38Z,2025-12-29T07:51:38Z,2026-09-19T00:23:12.527826+00:00,habis olahraga di gbk spionnya ilang diambil orang timur bingung mau pulang gimana 😂 sensor nfcnya di spion,,,,,Gemini-API,,,,
Ugyvg1nm5av2pFEO0sl4AaABAg,z1fWo8tYynA,cf5833b01170f7631ffee219138ace2c5ca1101a1dbb87f40137ccc2bf5fb6a2,om custom masker lagi itu udah pudar keliatan dekil,0,2025-09-18T05:46:50Z,2025-09-18T05:46:50Z,2026-09-19T00:23:12.527826+00:00,om custom masker lagi itu udah pudar keliatan dekil,,,,,Gemini-API,,,,
UgxHWCN3nWHKhR7478B4AaABAg,z1fWo8tYynA,12fee0b4d8d0bcfaf05bcbb72e92f5466bafe1cc84176f5ab329e38d9a5065a4,Baru aja pesen tpi belum nyaampe,0,2025-10-25T09:32:27Z,2025-10-25T09:32:27Z,2026-09-19T00:23:11.766454+00:00,baru aja pesen tpi belum nyaampe,,,,,Gemini-API,,,,
Ugxys6SMmLKuzadukKd4AaABAg,z1fWo8tYynA,c85fa0203819ef779aa747ef6a6da002176ae6eaf990d62b11d26827b635f626,*setelah min,0,2025-09-18T01:25:43Z,2025-09-18T01:25:43Z,2026-09-19T00:23:12.527826+00:00,*setelah min,,,,,Gemini-API,,,,
Ugz-XQaF7CgsAQsNdXZ4AaABAg,z1fWo8tYynA,eec369c8aef7354429cbba25af4cd8dfe3d0a8d8ace737ae0d3f9ba97de5f445,warna birunya knp ga dimasukin.,0,2025-09-18T02:15:14Z,2025-09-18T02:15:14Z,2026-09-19T00:23:12.527826+00:00,warna birunya knp tidak dimasukin.,,,,,Gemini-API,,,,
UgxyJJg-i956qMNyicN4AaABAg,z1fWo8tYynA,6811806ba0d04f023b878760b54d3a095537384eaba9c9332cc98f6f23cad727,"Om Motomobi, apa perbedaan fungsi tombol virtual ""Auto parking brake"" di monitor dengan tombol fisik ""Park"" yg ada disamping tuas ""shifter""?",0,2025-09-18T03:19:27Z,2025-09-18T03:19:27Z,2026-09-19T00:23:12.527826+00:00,"om motomobi, apa perbedaan fungsi tombol virtual ""auto parking brake"" di monitor dengan tombol fisik ""park"" yg ada disamping tuas ""shifter""?",,,,,Gemini-API,,,,
UgwHFv658uBY3PwCqPt4AaABAg,z1fWo8tYynA,bbfeb9057694e7e653c9b91c9cd926ce63161099655dd2ff12ef9a6feaf39e85,"gue heran knp om mobi, fitra eri dan ridwan gak pernah beli BYD",3,2025-09-18T00:19:58Z,2025-09-18T00:19:58Z,2026-09-19T00:23:12.527826+00:00,"gue heran knp om mobi, fitra eri dan ridwan tidak pernah beli byd",,,,,Gemini-API,,,,
UgwjsAyYjFApd7llZV54AaABAg,z1fWo8tYynA,c2a1358cf6d949d3e58e6e4379e6da72f645abf3f8034cc0d17b038f8f06422a,Amen,0,2026-04-09T18:11:55Z,2026-04-09T18:11:55Z,2026-09-19T00:23:12.527826+00:00,amen,,,,,Gemini-API,,,,
UgwD43fvy_vq10QPpwF4AaABAg,z1fWo8tYynA,45740dbc54c165dea43d55b8cb5f5e2febcc09a1b960e4d49f6203b1a0cbee9c,Om request coba bahas kekurangan dan kelebihan byd atto 1,0,2025-09-17T15:14:35Z,2025-09-17T15:14:35Z,2026-09-19T00:23:11.766454+00:00,om request coba bahas kekurangan dan kelebihan byd atto 1,,,,,Gemini-API,,,,
UgwJkN_iJIll5ahwYXx4AaABAg,z1fWo8tYynA,84f8256956bc237ce9f14bcdabe04b5bf63152ce164783c047855c5d05573dce,Mobil listrik buat kepuncak kuat nggak sih ya?,1,2026-03-25T04:39:59Z,2026-03-25T04:39:59Z,2026-09-19T00:23:12.527826+00:00,mobil listrik buat kepuncak kuat tidak sih ya?,,,,,Gemini-API,,,,
UgwpeYeyigl6vJ8LVBl4AaABAg,z1fWo8tYynA,9800100eb420ff3cd9911b0a1e250544951b3b3a354bbac91f44eb38ee4080bd,"Kekuatan untuk tanjakan bagaiman ya?
Kemiringan berapa yg mampu didaki?
Makasih",1,2025-12-14T11:56:35Z,2025-12-14T11:56:35Z,2026-09-19T00:23:12.527826+00:00,kekuatan untuk tanjakan bagaiman ya? kemiringan berapa yg mampu didaki? makasih,,,,,Gemini-API,,,,
UgzmLwsfjxORryjb4u14AaABAg,z1fWo8tYynA,3e82ab11b139f92dc683fda4d1a8c3f7822c26dfb41319b40cdd7a887ca5ddd1,"Om, baju nya baguss. 
boleh minta 1 atau itu di jual juga?",0,2025-09-18T10:35:50Z,2025-09-18T10:35:50Z,2026-09-19T00:23:12.527826+00:00,"om, baju nya baguss. boleh minta 1 atau itu di jual juga?",,,,,Gemini-API,,,,
Ugx8QhIzgHvIwJ-ZGex4AaABAg,z1fWo8tYynA,ff6253a35fd3f191bcd6672e6cd7399cec7c1506675b75908e973829d3bb4283,Om beli satu,0,2025-10-27T02:20:40Z,2025-10-27T02:20:40Z,2026-09-19T00:23:12.527826+00:00,om beli satu,,,,,Gemini-API,,,,
UgxpKsfVmMrb_EiebtN4AaABAg,z1fWo8tYynA,36aeee59d4014152b4b6d1d88bd9e4bd0f0b841183f4377cfc82441d97efc374,"Saya suka Liat nya 
Body ukuran standar gak Lebar kayak BYD SEALION...

duit sih jauh dari kata bisa beli ...boro boro buat saya 

Saya cuman Sebagai Pengemudi nya mobil BBM aja 😅",0,2025-11-11T05:26:39Z,2025-11-11T05:26:39Z,2026-09-19T00:23:12.527826+00:00,saya suka liat nya body ukuran standar tidak lebar kayak byd sealion.. duit sih jauh dari kata bisa beli ..boro boro buat saya saya cuman sebagai pengemudi nya mobil bbm aja 😅,,,,,Gemini-API,,,,
UgyaQthdRfKHUr-Gh6l4AaABAg,z1fWo8tYynA,72a6c3f71578012d9fc2fa24e3db08d11333bbd9e8753b8de8c6ed0e7086cf3f,Handle pintu belakang nya coba di tarok di atas pasti lebih ganteng,0,2025-09-17T14:54:05Z,2025-09-17T14:54:05Z,2026-09-19T00:23:12.527826+00:00,handle pintu belakang nya coba di tarok di atas pasti lebih ganteng,,,,,Gemini-API,,,,
UgxvOY5L7y-Vl_vsrBJ4AaABAg,z1fWo8tYynA,4606b98280554a6bf827539039140a6ad84d0eb891c664b141fcac0686a3e202,Kalo spion ilang masuknya gimana om 5:26,1,2025-10-06T04:19:09Z,2025-10-06T04:19:09Z,2026-09-19T00:23:12.527826+00:00,kalo spion ilang masuknya gimana om 5:26,,,,,Gemini-API,,,,
UgwbhzhyW94d25wgkaF4AaABAg,z1fWo8tYynA,a84e9dc25c042d97b22b9330cded868295e460f87340c44e67ba37bbf69104df,Mkin bnyak pbrik mobil apkah hrga mobil bakal trjangkau?semoga 🤲,0,2026-01-01T03:44:26Z,2026-01-01T03:44:26Z,2026-09-19T00:23:12.527826+00:00,mkin bnyak pbrik mobil apkah hrga mobil bakal trjangkau?semoga 🤲,,,,,Gemini-API,,,,
UgyXPdDfC_jX5pklR5F4AaABAg,G_acqAJrRso,baf67834a4dfde3a28318b516c1e328215129b280a12b17e7c935b5c3eb85d8a,J6 nya d ambil Chery 😂,0,2025-11-14T12:29:09Z,2025-11-14T12:29:09Z,2026-09-18T04:38:32.144167+00:00,j6 nya d ambil chery 😂,,,,,Gemini-API,,,,
Ugya8c4as9S7U2YLqG14AaABAg,z1fWo8tYynA,7726f9c65abe50914321696176edeca7d9f4937dc0417bd0796c564d0daeec22,tau nih posisi markas motomobi di deket tol apa wkwk,0,2025-09-21T02:56:09Z,2025-09-21T02:56:09Z,2026-09-19T00:23:12.527826+00:00,tau nih posisi markas motomobi di deket tol apa wkwk,,,,,Gemini-API,,,,
UgymXgTxY5MNJzx4MmZ4AaABAg,z1fWo8tYynA,53216898caf9a7b1e56609ca3f0a6e9ff29f3e1ae83a578d4344fc46a3e122b4,😊,0,2026-03-01T08:40:04Z,2026-03-01T08:40:04Z,2026-09-19T00:23:12.527826+00:00,😊,,,,,Gemini-API,,,,
UgwSUS0aN_CTkfXmLqt4AaABAg,G_acqAJrRso,abf4f64c3aa2bb2e317be83f748d03d76cba4184c3412137874084655a84fb25,"ngomongnya kecepatan, susah buat dicernanya, pelan pelan donk.",0,2026-01-28T07:37:44Z,2026-01-28T07:37:44Z,2026-09-18T04:38:32.144167+00:00,"ngomongnya kecepatan, susah buat dicernanya, pelan pelan donk.",,,,,Gemini-API,,,,
UgwrQH5oWUS7VdDSZTt4AaABAg,z1fWo8tYynA,76cb2813af0ed2b088f5f92abbf81812aaa3374838b27d370a4471638cbb051d,Alhamdulillah sdh 1 minggu ada digarasi.,0,2026-09-03T13:03:05Z,2026-09-03T13:03:05Z,2026-09-19T00:23:11.766454+00:00,alhamdulillah sudah 1 minggu ada digarasi.,,,,,Gemini-API,,,,
Ugxt95ZEKOW1H6MsEYZ4AaABAg,z1fWo8tYynA,011ba0af17160c630dce39c5ddb9a6a935b4a88f3390e517952576b2cdde8974,5:21 kalau NFC bisa dicopy ke hp gk ya?,0,2026-03-25T02:41:03Z,2026-03-25T02:41:03Z,2026-09-19T00:23:12.527826+00:00,5:21 kalau nfc bisa dicopy ke hp tidak ya?,,,,,Gemini-API,,,,
UgwRnTsXVItgkMmwyI94AaABAg,z1fWo8tYynA,dcc63bfdbe41f5580f33b1652ef23a85203ce457dfa5eb9276a9f4d2d4203657,Lebih ganteng dari agya,0,2025-09-22T03:47:06Z,2025-09-22T03:47:06Z,2026-09-19T00:23:13.239008+00:00,lebih ganteng dari agya,,,,,Gemini-API,,,,
UgzWvxTFb5ALyrroVMt4AaABAg,z1fWo8tYynA,c23f2257f23d376b7dce296c821dcb57700d58d5acb5346c232382776fd6867d,yoiii........,0,2025-11-02T10:04:48Z,2025-11-02T10:04:48Z,2026-09-19T00:23:11.766454+00:00,yoii..,,,,,Gemini-API,,,,
UgxqK7jW2G4W6LZAhxl4AaABAg,z1fWo8tYynA,6289bc1e6a217a8505fe194c42d0b2d3f82c919b2b78565889c1638c5db25e65,Dibawah zebra ya horse powernya bahkan yang 1.0 pun😂,0,2026-08-01T03:39:31Z,2026-08-01T03:39:31Z,2026-09-19T00:23:13.239008+00:00,dibawah zebra ya horse powernya bahkan yang 1.0 pun😂,,,,,Gemini-API,,,,
UgzFClSlZrf2pznX4gR4AaABAg,z1fWo8tYynA,e3fa8d353d977924154cf797cb30417b80f4319b82c77d088179a4f2f765dde7,Menurut gw mah lebih enak dibanding apansah terbaru wkwkwkw menurut kalian gmn?,0,2025-09-18T05:19:01Z,2025-09-18T05:19:01Z,2026-09-19T00:23:13.239008+00:00,menurut gw mah lebih enak dibanding apansah terbaru wkwkwkw menurut kalian gmn?,,,,,Gemini-API,,,,
UgzKV3u1BVvZjzwGqrR4AaABAg,z1fWo8tYynA,dcfc91cfa20dd6c5cd055c139d907e3d7b395a1f9e5e0d26c5595419017df0dc,"Saya suka ketika Om Mobi bilang watt bukan wott krn menurut saya pas saja mengingat om mobi bilang enam ribu enam ratus watt (bahasa Indonesia semua, nggak nyampur nyampur) 😊",0,2025-09-17T23:16:37Z,2025-09-17T23:17:46Z,2026-09-19T00:23:13.239008+00:00,"saya suka ketika om mobi bilang watt bukan wott karena menurut saya pas saja mengingat om mobi bilang enam ribu enam ratus watt (bahasa indonesia semua, tidak nyampur nyampur) 😊",,,,,Gemini-API,,,,
UgzWDBfXeqyDXct6z3B4AaABAg,z1fWo8tYynA,24b1dbd4982c4e504c5be2a2dc2064462f59f43e7546477f3d03cb69009d1a8d,Bismillah AllahummashollialasyadinaMuhammad,1,2025-09-25T15:45:16Z,2025-09-25T15:45:16Z,2026-09-19T00:23:13.239008+00:00,bismillah allahummashollialasyadinamuhammad,,,,,Gemini-API,,,,
Ugwpz5B63I76mfrTjVl4AaABAg,z1fWo8tYynA,02153c6ffb0c684597902a48e8d7612dec1a7b3b661c0252711587e514d6d2d3,"Sy udh beli. Motor 50kW aja dah mayan tarikan nya buat nganter anak sekolah rumah les. Ga kbayang atto 3 yg 150kW. Btw, speed max kok di 104km/h y?",0,2025-11-23T03:47:52Z,2025-11-23T03:47:52Z,2026-09-19T00:23:13.239008+00:00,"sy sudah beli. motor 50kw aja dah mayan tarikan nya buat nganter anak sekolah rumah les. tidak kbayang atto 3 yg 150kw. btw, speed max kok di 104km/h y?",,,,,Gemini-API,,,,
UgzGTTn_nNnssq0YGFp4AaABAg,z1fWo8tYynA,a4e5097f3de843ac37f3551ecbc72e170134eac1d6b4e4b95d512194223dd568,Mau beli tapi sayangnya listrik di rumah cuman 1300 Watt ...😅😅😅,0,2025-09-18T04:30:29Z,2025-09-18T04:30:29Z,2026-09-19T00:23:13.239008+00:00,mau beli tapi sayangnya listrik di rumah cuman 1300 watt ..😅😅,,,,,Gemini-API,,,,
UgwLJlcMZe78FgH_KON4AaABAg,z1fWo8tYynA,aecdfb3ef0c3c7369458689c1cc7f38590acd31cc6380a91934ebcbd2a9da79e,"berpa kali LCGC di sebut,,,ini pembulian LCGC wkwkwk",1,2025-09-17T23:08:08Z,2025-09-17T23:08:08Z,2026-09-19T00:23:11.766454+00:00,"berpa kali lcgc di sebut,,ini pembulian lcgc wkwkwk",,,,,Gemini-API,,,,
UgwTtdMxvrDMIoIeTvB4AaABAg,z1fWo8tYynA,be6bd119de821f688b66a52371703df3e0c5c1a2f96d4eef230f09356c4526d5,Listrik 900watt apakah bisa ngecharge mobil ini? 😂,0,2025-09-19T02:47:32Z,2025-09-19T02:47:32Z,2026-09-19T00:23:13.239008+00:00,listrik 900watt apakah bisa ngecharge mobil ini? 😂,,,,,Gemini-API,,,,
UgyF3-nIv5EzKh8f61N4AaABAg,z1fWo8tYynA,6039caca3185d73f2875746d1e20d8fa719012fff7b07640b2ac2cc8a9489476,ada gak sih mobil 15jt?,0,2025-09-19T14:44:28Z,2025-09-19T14:44:28Z,2026-09-19T00:23:13.239008+00:00,ada tidak sih mobil 15jt?,,,,,Gemini-API,,,,
UgwmhOUOBjcSKxwmZ5J4AaABAg,z1fWo8tYynA,6b361fb855f2404fe5ebbcd85e4915647aed8367cfc2f7ed934b9889a0454c44,wuih udh ada lampu,0,2025-09-19T04:56:26Z,2025-09-19T04:56:26Z,2026-09-19T00:23:11.766454+00:00,wuih sudah ada lampu,,,,,Gemini-API,,,,
UgwlU7hWeyv5dUbdcOd4AaABAg,G_acqAJrRso,a081f4ae1a1e65838956a84888dee0a8a7ba33b75c21b2a3a952c01d58cccb13,di closing ngomong apa sih wkwkw,0,2025-11-14T15:07:56Z,2025-11-14T15:07:56Z,2026-09-18T04:38:32.144167+00:00,di closing ngomong apa sih wkwkw,,,,,Gemini-API,,,,
Ugzim7mMAYVnkeXjzAJ4AaABAg,z1fWo8tYynA,c756b7ced2ca36766a2c4f36eba47b0d88d2332bce1f910d968e498ca3abde4c,Huracan Lite,0,2025-10-13T15:51:42Z,2025-10-13T15:51:42Z,2026-09-19T00:23:13.239008+00:00,huracan lite,,,,,Gemini-API,,,,
UgxG1v0EI8KcljbbU614AaABAg,G_acqAJrRso,75418d3ca11111495895599e6375ad69c1e7c6fc6eebfbc22d66cbf2969cff64,"Awal bulan dtg nihhh LG cari2 home charger yg bagus, krn charger jaecoo hrg nya mahal 15jt an 😅",0,2025-11-16T06:40:12Z,2025-11-16T06:40:12Z,2026-09-18T04:38:32.144167+00:00,"awal bulan dtg nihh lagi cari2 home charger yg bagus, karena charger jaecoo hrg nya mahal 15jt an 😅",,,,,Gemini-API,,,,
UgxYoaDwCDKN5xYeH014AaABAg,G_acqAJrRso,cf691c12ab69e6a36341733b93650dc015a6e3fdfb43e83d327ab5a7bdec4d84,tetep pilih brio karna saya ga suka mobil gede,0,2026-02-12T13:35:24Z,2026-02-12T13:35:24Z,2026-09-18T04:38:32.144167+00:00,tetep pilih brio karna saya tidak suka mobil gede,,,,,Gemini-API,,,,
UgyTefHyeqMTwFPzcT14AaABAg,z1fWo8tYynA,4d589cd891dcdac468930cfe61a2f41338b60df6d9f7c800a34f6b5aaf71ea0a,"Bagaimana jika banjir melebihi poros ban-nya, aman kah ?",0,2026-04-05T13:53:52Z,2026-04-05T13:53:52Z,2026-09-19T00:23:13.239008+00:00,"bagaimana jika banjir melebihi poros ban-nya, aman kah ?",,,,,Gemini-API,,,,
UgzkBpIXTAaq8RyL4eZ4AaABAg,z1fWo8tYynA,968a67565951820ead8570bc5e2733f3156fb23d844f098c77e1d09ae423afbb,"Jam 9,21 ada penampakan mercy classic , nggak tau mercy kebo ,batman atau pagoda😊",0,2025-11-13T01:59:23Z,2025-11-13T01:59:23Z,2026-09-19T00:23:11.766454+00:00,"jam 9,21 ada penampakan mercy classic , tidak tau mercy kebo ,batman atau pagoda😊",,,,,Gemini-API,,,,
UgxoTiHiQ5SsOxbb13d4AaABAg,z1fWo8tYynA,1f922eebfd4f8a1c4c008599e2d5e43fd56776a4b82e56361bf16e8e5b3589e3,"anjay, lamborghini urus listrik kelas rakyat",0,2025-09-20T13:10:57Z,2025-09-20T13:10:57Z,2026-09-19T00:23:11.766454+00:00,"anjay, lamborghini urus listrik kelas rakyat",,,,,Gemini-API,,,,
Ugz6bLp5s-7eM0hrE9J4AaABAg,z1fWo8tYynA,c85b281fa39ac13fa33a4b3809ed4f9ee369944a0db195c2a35beddf93a90416,Yang mau gantiin SPK saya boleh bangettt.. saya berubah pikiran dan jadi ngepush budget ke mobil listrik yang lebih tinggi nih 😅 reply aja oom2 sekaliaan,7,2025-09-18T13:31:01Z,2025-09-18T13:31:01Z,2026-09-19T00:23:11.766454+00:00,yang mau gantiin spk saya boleh bangett.. saya berubah pikiran dan jadi ngepush budget ke mobil listrik yang lebih tinggi nih 😅 reply aja oom2 sekaliaan,,,,,Gemini-API,,,,
Ugwgg8lSsaR2wtN2kNV4AaABAg,z1fWo8tYynA,919c4fccb1904e7bd7872e7208adbde28b58215b9d4a65a5e0b643056ec7c0cf,Parking brake di layar😂,0,2026-08-21T03:44:29Z,2026-08-21T03:44:29Z,2026-09-19T00:23:13.239008+00:00,parking brake di layar😂,,,,,Gemini-API,,,,
Ugx1lkOd5QXmMCb4F054AaABAg,z1fWo8tYynA,a70223536305791eb50eb85e4ef16ec9b141cc116de10543a3f3f81a015c2ab2,Tembok backroundnya kotor om sayang sekali😢,0,2025-09-17T14:39:22Z,2025-09-17T14:39:22Z,2026-09-19T00:23:11.766454+00:00,tembok backroundnya kotor om sayang sekali😢,,,,,Gemini-API,,,,
Ugy-pHKVMESol2UPJVN4AaABAg,G_acqAJrRso,57fb6925dbf57dd2532a0a914511b816f4ce79a944af5722baca3be8e1ce7e37,RANGE ROVER VOGUE,0,2025-12-01T18:12:34Z,2025-12-01T18:12:34Z,2026-09-18T04:38:32.144167+00:00,range rover vogue,,,,,Gemini-API,,,,
UgxHzBnWr3vNn7b7qjh4AaABAg,z1fWo8tYynA,6d537183d622f7b726dff59a3291387087441d4d51510c3a220e65dae115152a,jadi pengen jual Brio di ganti ama BYD atto 1  😅,0,2025-10-07T05:50:07Z,2025-10-07T05:50:07Z,2026-09-19T00:23:13.239008+00:00,jadi pengen jual brio di ganti ama byd atto 1 😅,,,,,Gemini-API,,,,
UgzrIXtjeZ27K4VMVGR4AaABAg,z1fWo8tYynA,970bc8c90cdd52248417bc695472472bf831549124c37f5fdfb8553ee771217a,"Semurah²nya mobil,tetep mahal buat yg gajinya umk,motor 20jtan msh kredit & rumah msh ngontrak 😢",1,2025-09-21T15:43:17Z,2025-09-21T15:43:17Z,2026-09-19T00:23:13.239008+00:00,"semurah²nya mobil,tetep mahal buat yg gajinya umk,motor 20jtan msh kredit & rumah msh ngontrak 😢",,,,,Gemini-API,,,,
UgwplmitaiK7Edum6yV4AaABAg,z1fWo8tYynA,f51e54b5e0cfbf4ae01cec0c99a8a3c4f1687122a47d71923c947cba27580f4a,Byr sudah bnyak laku di malaysia,0,2025-09-17T12:57:17Z,2025-09-17T12:57:17Z,2026-09-19T00:23:13.239008+00:00,byr sudah bnyak laku di malaysia,,,,,Gemini-API,,,,
Ugz5saALf_n5dCuHMc94AaABAg,z1fWo8tYynA,e0a7c265deab54f9bac50a0d144566e03c23e1d6366d0915e935c976548b7317,Vs wuling bingo dong omm,0,2025-09-17T12:56:24Z,2025-09-17T12:56:24Z,2026-09-19T00:23:11.766454+00:00,vs wuling bingo dong omm,,,,,Gemini-API,,,,
UgxiHhFDWDfybKYSuDN4AaABAg,z1fWo8tYynA,96f18a9b6e9c365c0b434268e40b3e3da01fbd76d6773aa5f3e161b21a8334d0,Muka di tutup why ?,0,2026-08-28T03:51:24Z,2026-08-28T03:51:24Z,2026-09-19T00:23:13.239008+00:00,muka di tutup why ?,,,,,Gemini-API,,,,
UgxpS0JbILwlSZ4Q69p4AaABAg,z1fWo8tYynA,5c3807e8ca80b03d16479178ae77d9f64fd5f80aa8d274da4fe1f9bf4462cf6f,Masih lebih suka manual tombol karena ga mesti nengok ke layar. Nanti aj tunggu BYD bikin plug in hybrid,0,2025-09-24T09:35:38Z,2025-09-24T09:35:38Z,2026-09-19T00:23:11.766454+00:00,masih lebih suka manual tombol karena tidak mesti nengok ke layar. nanti aj tunggu byd bikin plug in hybrid,,,,,Gemini-API,,,,
UgxQ4Gj98O2DlZcHby14AaABAg,z1fWo8tYynA,f07bdd2f671f83acfb04470a8917602e75713bb52ea2b2a85b893e0c76faa2df,belum pernah liat di jalanan Bandung sampai hari ini.. beneran ada ini mobil ?,0,2025-09-22T02:02:51Z,2025-09-22T02:02:51Z,2026-09-19T00:23:11.766454+00:00,belum pernah liat di jalanan bandung sampai hari ini.. beneran ada ini mobil ?,,,,,Gemini-API,,,,
UgznjSyH0zV9FlqvoCx4AaABAg,z1fWo8tYynA,6c332ae2c62de3147beaa3db8aeadc2e69a71727320c37aa87d5da27f71282c0,klo lht blkang aneh...,0,2025-09-19T00:18:09Z,2025-09-19T00:18:09Z,2026-09-19T00:23:13.239008+00:00,kalau lht blkang aneh..,,,,,Gemini-API,,,,
UgwzHa6BvzNdera-fpl4AaABAg,G_acqAJrRso,3b069db839149ecd0633912bc1eeebb5b94e3ee06c391b5a5afd9be0699872c6,Hahaha diakhir gak jelas ngomong apa sampe mau batuk lagi 😂,0,2025-11-15T01:58:24Z,2025-11-15T01:58:24Z,2026-09-18T04:38:32.144167+00:00,hahaha diakhir tidak jelas ngomong apa sampe mau batuk lagi 😂,,,,,Gemini-API,,,,
Ugwirpl8fIUnNcDIbOd4AaABAg,z1fWo8tYynA,cd824bd6f8090354a0b301007be62a446aeafe078a36f9df33b1a9151a401d45,itu klo ga salah rear fog lamp om,1,2025-09-18T16:39:17Z,2025-09-18T16:39:17Z,2026-09-19T00:23:11.766454+00:00,itu kalau tidak salah rear fog lamp om,,,,,Gemini-API,,,,
UgyF74sWF3SX6WZOnId4AaABAg,G_acqAJrRso,6c3457d425e8c79f9966e22021c3965e29cedc00ecfeae2513db6b38902dc3de,Speedometer kaya motor listrik 😂,0,2025-11-15T14:56:12Z,2025-11-15T14:56:12Z,2026-09-18T04:38:32.144167+00:00,speedometer kaya motor listrik 😂,,,,,Gemini-API,,,,
UgyfhszvR1i1wCR1erZ4AaABAg,z1fWo8tYynA,687848f43344a13f7d4ec81da1540cf8bf963d99f067b67b71a9b55445ac105d,Pengen tapi rumah listriknya cuma 2200,0,2025-09-19T21:30:51Z,2025-09-19T21:30:51Z,2026-09-19T00:23:13.239008+00:00,pengen tapi rumah listriknya cuma 2200,,,,,Gemini-API,,,,
UgyxtRlwatKNLkdJn7F4AaABAg,z1fWo8tYynA,11786e5916ca2f017f58c3917865051bc3e8fe98cb27b5f9523672d367ee78b9,Cakep,0,2026-01-23T12:35:07Z,2026-01-23T12:35:07Z,2026-09-19T00:23:11.766454+00:00,cakep,,,,,Gemini-API,,,,
UgwcmtSTkh9yBdxxrYV4AaABAg,z1fWo8tYynA,d09a17bdefe4148dc198504b1ae83a0eb2b8a31fbd1b8a2b173b3b93fd07c33d,nice,0,2025-09-23T10:46:14Z,2025-09-23T10:46:14Z,2026-09-19T00:23:11.766454+00:00,nice,,,,,Gemini-API,,,,
UgwXhrPvKQ5Eoc5P1gh4AaABAg,z1fWo8tYynA,b80dafc4cbd9a0f565ed971c6b6c7e91c5ff498a959d9ff3e13e05a537038713,"yg bikin turn off, spion lipet manual😢",0,2025-09-17T22:57:42Z,2025-09-17T22:57:42Z,2026-09-19T00:23:13.239008+00:00,"yg bikin turn off, spion lipet manual😢",,,,,Gemini-API,,,,
UgxjyZ6wvtXYXv0r4mh4AaABAg,z1fWo8tYynA,f9c99e8e6255252af92c1a71d0d53fe470e61d98086d4958a7562ff21cffafad,"12:37 ooooo, om mobi punya pacar skrg…",0,2025-09-18T06:40:51Z,2025-09-18T06:40:51Z,2026-09-19T00:23:11.766454+00:00,"12:37 oo, om mobi punya pacar skrg…",,,,,Gemini-API,,,,
Ugzdadqg14CVHgh97554AaABAg,z1fWo8tYynA,9bb0cb0bf08811d14a93f7f4013c72579ce086242385ec4950de41d008296008,Tidak keliatan maklum sfh tua,0,2025-09-18T07:48:14Z,2025-09-18T07:48:14Z,2026-09-19T00:23:13.239008+00:00,tidak keliatan maklum sfh tua,,,,,Gemini-API,,,,
UgwdMbhGjh2mLbzjLc94AaABAg,z1fWo8tYynA,05aa3f2e62eb18a74a039d147f5deaa4c218938d07a3843175f73949cf3f359f,Om salpox sama Xenia 8V nya kangen lama engga di bahas,0,2025-11-24T01:11:22Z,2025-11-24T01:11:22Z,2026-09-19T00:23:11.766454+00:00,om salpox sama xenia 8v nya kangen lama engga di bahas,,,,,Gemini-API,,,,
UgwJMPriQCZzRolOBz54AaABAg,z1fWo8tYynA,9943662bcc8c2eb503310fe3726c8a035b1c6bde39a24384613a7e2ac6497025,Baby Lambo,0,2025-09-17T12:16:40Z,2025-09-17T12:19:07Z,2026-09-19T00:23:13.239008+00:00,baby lambo,,,,,Gemini-API,,,,
UgyhPKkU6x9Uu_IKlO14AaABAg,G_acqAJrRso,2be3d9309d97e69f33cf5b1117535d14f9054552e2073d9780e82c17353054a3,"Kalau mobil listrik sudah berani main di angka 300 jutaan, rasanya pembeli mobil Hybrid sekelas Suzuki Fronx, Daihatsu Rocky eSmart Hybrid, Chery Tiggo Cross Hybrid menyesal beli mobil hybrid, termasuk saya yang punya Suzuki Fronx SGX Hybrid",9,2025-11-14T12:01:38Z,2025-11-14T12:01:38Z,2026-09-18T04:38:32.144167+00:00,"kalau mobil listrik sudah berani main di angka 300 jutaan, rasanya pembeli mobil hybrid sekelas suzuki fronx, daihatsu rocky esmart hybrid, chery tiggo cross hybrid menyesal beli mobil hybrid, termasuk saya yang punya suzuki fronx sgx hybrid",,,,,Gemini-API,,,,
UgxKeGEaOblN7G8oWxN4AaABAg,z1fWo8tYynA,5361566b8a9a6b703741754fdd66223ef2c0ff252d04ff1f6a5c5e6cefe99134,orang yg. bilang ini jelek org yang gak mampu beli 😂,0,2025-12-11T03:55:07Z,2025-12-11T03:55:07Z,2026-09-19T00:23:13.239008+00:00,orang yg. bilang ini jelek org yang tidak mampu beli 😂,,,,,Gemini-API,,,,
UgxBBsc8neRQaLj4REl4AaABAg,z1fWo8tYynA,18d8ca4f68ba34a42c0af91c770655398d3683f1dc3f03524b187e99919131dc,YANG DUKUNG MOBIL2 LOATRIK BELUM TAHU KELUHAN MOBIL LIATEIK DI CHINA SAINGAN 2 BYD SEMUA MAU NANGIS,0,2025-11-12T04:58:57Z,2025-11-12T04:58:57Z,2026-09-19T00:23:13.239008+00:00,yang dukung mobil2 loatrik belum tahu keluhan mobil liateik di china saingan 2 byd semua mau nangis,,,,,Gemini-API,,,,
UgxwaIL4I_Z1fh1WVmZ4AaABAg,z1fWo8tYynA,a84066680cb0f820c61391708e0da6e6dbcf604d7d02dd5d1e43120f25d01d37,Tiba tiba しばらくお待ちください,0,2025-09-18T20:01:47Z,2025-09-18T20:01:47Z,2026-09-19T00:23:11.766454+00:00,tiba tiba しばらくお待ちください,,,,,Gemini-API,,,,
UgyPy0r0rNIVRVyTs-R4AaABAg,z1fWo8tYynA,dd83fb65f65f1967a6ef44f0657bb024aaaf16c58a4ef1aec9c6f5e74142f164,Kami suka turbo di ganti kami suka listrik dong mang,1,2025-09-17T17:09:01Z,2025-09-17T17:09:01Z,2026-09-19T00:23:11.766454+00:00,kami suka turbo di ganti kami suka listrik dong mang,,,,,Gemini-API,,,,
UgwoyXvNWTiXLwC20cN4AaABAg,z1fWo8tYynA,5f05e8cce959091f7fadacae8ccdbc8113b795e45d9d6b1ab140b0e4cbf5c30b,"Seminggu sy beli brio mobil ini baru lounching di bsd, tau gitu sy beli ini😢",0,2025-09-20T04:49:35Z,2025-09-20T04:49:35Z,2026-09-19T00:23:11.766454+00:00,"seminggu sy beli brio mobil ini baru lounching di bsd, tau gitu sy beli ini😢",,,,,Gemini-API,,,,
UgwNV5TZmUyR_DVkqGV4AaABAg,G_acqAJrRso,b1da661479a5b175e1fe72bcb86be1ad1a0a5e51104fdfb1fde8394300098a59,nah kan 1000 pembeli pertama saja. Habis itu balik 400jt?,0,2025-11-14T13:56:57Z,2025-11-14T13:56:57Z,2026-09-18T04:38:32.144167+00:00,nah kan 100 pembeli pertama saja. habis itu balik 400jt?,,,,,Gemini-API,,,,
UgzCF4gj0lAVutHO_HF4AaABAg,z1fWo8tYynA,f5e2787cca653aca7b47a40640c8bd28381adc94fd985d02929f4cf87b5732ae,Bang itu pintu kebuka mana ac bs dingin,0,2026-03-17T08:15:07Z,2026-03-17T08:15:07Z,2026-09-19T00:23:12.527826+00:00,bang itu pintu kebuka mana ac bs dingin,,,,,Gemini-API,,,,
UgzkFED7iW-LbKiqF4h4AaABAg,z1fWo8tYynA,195f299924aa652dca628dcc099381b16ef5b9d9816fa83b962480a6eb99b5ae,"Kami suka ~turbo~❌

Kami suka DINAMO✅",0,2025-09-18T15:01:36Z,2025-09-18T15:01:36Z,2026-09-19T00:23:13.239008+00:00,kami suka ~turbo~❌ kami suka dinamo✅,,,,,Gemini-API,,,,
Ugx3UmS0a6rprJf1tHZ4AaABAg,z1fWo8tYynA,233de8a64262288d20bd6f264a0f47ff7e7b7b5bb5d173cb62749b0ec8a884c5,"Masa ""tiba2 adzan"" 😅",0,2025-09-18T00:18:10Z,2025-09-18T00:18:10Z,2026-09-19T00:23:13.239008+00:00,"masa ""tiba2 adzan"" 😅",,,,,Gemini-API,,,,
Ugy2Dbdfolfi4Gj4Hjd4AaABAg,z1fWo8tYynA,5f639c40d8bdc3efeb3602192ea675ecd0ca8c96c2921ac3c42153d69c98faba,Bagus tapo saya ga yakin akan bisa dipakai sampai 5 tahun 10 tahun 15 tahun kedepan,0,2025-09-21T01:03:57Z,2025-09-21T01:03:57Z,2026-09-19T00:23:11.766454+00:00,bagus tapo saya tidak yakin akan bisa dipakai sampai 5 tahun 10 tahun 15 tahun kedepan,,,,,Gemini-API,,,,
Ugw63VHAefy9vuJwYd94AaABAg,G_acqAJrRso,72465e3fc22fda46ff060968e983f09c5e0f43e3fb54596e2175bae234700955,Destinator kapan review lengkapnya om,0,2025-11-14T18:13:06Z,2025-11-14T18:13:06Z,2026-09-18T04:38:32.144167+00:00,destinator kapan review lengkapnya om,,,,,Gemini-API,,,,
UgwQLmkZHH0_NHvNSAt4AaABAg,z1fWo8tYynA,c8aa502f79a8f7d7ac54b5460850b39e4af8ec753a2cdb54efc6d74426353f60,apakah kendaraan yg laku sekali ini memiliki konsep yg sama dgn sepeda listrik ?,0,2025-09-22T05:23:19Z,2025-09-22T05:23:19Z,2026-09-19T00:23:13.239008+00:00,apakah kendaraan yg laku sekali ini memiliki konsep yg sama dengan sepeda listrik ?,,,,,Gemini-API,,,,
UgwrYXnm_9qV_oAa3ox4AaABAg,z1fWo8tYynA,bcbf460e5e8f456e3db545208f226d44aa4e4610ed407d0973a691616434a94a,Bang. Itu sensornya di spion. Mau tny. Seandainya spionnya patah apa ada cara lain? Untuk sensor buka tutup pintu mobilnya?,0,2025-11-18T05:58:14Z,2025-11-18T05:58:14Z,2026-09-19T00:23:13.239008+00:00,bang. itu sensornya di spion. mau tny. seandainya spionnya patah apa ada cara lain? untuk sensor buka tutup pintu mobilnya?,,,,,Gemini-API,,,,
UgxV2wtCpJXq1KYD8-94AaABAg,z1fWo8tYynA,162b94c9eee2ef957999252b0812ef4a1b44798f10b076b0626916c943d9e9f7,Ayah M6 Mamah Attowan,0,2025-09-24T07:58:48Z,2025-09-24T07:58:48Z,2026-09-19T00:23:13.239008+00:00,ayah m6 mamah attowan,,,,,Gemini-API,,,,
UgwuTwl7sNyr_rTTUuZ4AaABAg,z1fWo8tYynA,e69c0281832a4e0ea81105b40d6c8ed4e53964be913323fd45ca04d059020ec9,wow,0,2025-10-01T10:13:11Z,2025-10-01T10:13:11Z,2026-09-19T00:23:11.766454+00:00,wow,,,,,Gemini-API,,,,
UgyHSfTTI6m2pEKCwFB4AaABAg,z1fWo8tYynA,625806c5a3fc860c743a7db3c2df29ec62eded4a868a1c0c10c781ccabd5abe0,"Asa gampang bgtt 200jt 200jt,, 😮",0,2025-09-17T16:07:52Z,2025-09-17T16:07:52Z,2026-09-19T00:23:13.239008+00:00,"asa gampang bgtt 200jt 200jt,, 😮",,,,,Gemini-API,,,,
UgwIhle3W_tD6KfnxOR4AaABAg,z1fWo8tYynA,2dd46e2e2aa72aa25da560ad70d0159b536fff6e49f72081c9c5d5de617f8bc7,👍,0,2025-09-17T16:52:54Z,2025-09-17T16:52:54Z,2026-09-19T00:23:11.766454+00:00,👍,,,,,Gemini-API,,,,
Ugyr_K5hqyqI9Vxhqex4AaABAg,z1fWo8tYynA,bb507cf7816544dee9bf685883ab17fd8b94f462c468783f2d5c5db4b6fc0ad3,Kalau sepion nya ilang gmna om,0,2025-09-19T01:52:05Z,2025-09-19T01:52:05Z,2026-09-19T00:23:13.239008+00:00,kalau sepion nya ilang gmna om,,,,,Gemini-API,,,,
UgxWTjc3dou6Ec7WpRt4AaABAg,z1fWo8tYynA,317a335756f0801cbda18681ab9df454db9c4de5215726edee309f5a56d60fef,Kalo hpp nya brrapa kira kira ya ?,0,2025-09-18T18:01:37Z,2025-09-18T18:01:37Z,2026-09-19T00:23:13.239008+00:00,kalo hpp nya brrapa kira kira ya ?,,,,,Gemini-API,,,,
UgwTAMZJ_arv3u1EOSR4AaABAg,G_acqAJrRso,e068563ab5a7f2bd2628b1ce6a6900c49ec5d63fd014652b9ac84b1f85b4ed71,Veloz hybrid 😢,0,2025-11-18T17:43:09Z,2025-11-18T17:43:09Z,2026-09-18T04:38:32.144167+00:00,veloz hybrid 😢,,,,,Gemini-API,,,,
Ugx-xeilvynHNzoVUbF4AaABAg,z1fWo8tYynA,6d1c96840bfa2c7b7080e616dc33f5323d1a4c54f3f645a8d715dbc1e64916be,yang jadi rasa penasaran saya sejak lama knp mobil listrik ga ada yg bikin solar panel di atapnya ya..pemikiran saya yg awam di negara tropis indonesia kalau ada solar panel kan bisa nge charge waktu pagi sampai sore,1,2025-09-19T02:15:00Z,2025-09-19T02:15:00Z,2026-09-19T00:23:13.239008+00:00,yang jadi rasa penasaran saya sejak lama knp mobil listrik tidak ada yg bikin solar panel di atapnya ya..pemikiran saya yg awam di negara tropis indonesia kalau ada solar panel kan bisa nge charge waktu pagi sampai sore,,,,,Gemini-API,,,,
Ugw-9FbLB-_oZoKLibp4AaABAg,z1fWo8tYynA,56f3a38ebd53b9027775a72bfb707df33f3912c4b55519b0e8dedf00de9ffa8d,BYD harus berterimakasih ke gua karena org org kampung gua tau kepanjangan BYD dari gua.. BYD = Bang YaDi.,0,2026-02-23T02:59:31Z,2026-02-23T02:59:31Z,2026-09-19T00:23:13.239008+00:00,byd harus berterimakasih ke gua karena org org kampung gua tau kepanjangan byd dari gua.. byd = bang yadi.,,,,,Gemini-API,,,,
Ugy7bPDizuvb98NqfeZ4AaABAg,G_acqAJrRso,0a1b38ab89b5fecac8d4685ad2bc74e3a6541333cdc6a725daef7f845ca168cb,"Ngomong apa diakhir, kek sengaja wkwk",0,2025-11-16T16:52:44Z,2025-11-16T16:52:44Z,2026-09-18T04:38:32.144167+00:00,"ngomong apa diakhir, kek sengaja wkwk",,,,,Gemini-API,,,,
UgyTSIllVgcbqdn6nVF4AaABAg,z1fWo8tYynA,e0798b93c3220dfed22cead6309e4f93f05d4dad01bb2ea5a7e2279bf1c4eda2,"Masala nya di indo ini jalan nya banyak pendakian yg cukup exstrim, apa lagi jalan perovinsi, apa kah mobil listrik kuat buat di jln yg kayak itu??",0,2026-01-02T05:50:22Z,2026-01-02T05:50:22Z,2026-09-19T00:23:13.239008+00:00,"masala nya di indo ini jalan nya banyak pendakian yg cukup exstrim, apa lagi jalan perovinsi, apa kah mobil listrik kuat buat di jln yg kayak itu??",,,,,Gemini-API,,,,
UgzjuYhyXP0MrltTgsR4AaABAg,z1fWo8tYynA,19da742fc896757403e57758d46590e17462e731a3e90e3a68090b1d0830ad0f,"Bayangkan mobil ini mobile bensin 1000cc, bakal seberapa larisnya wkwkwkwk",0,2025-09-18T13:29:32Z,2025-09-18T13:29:32Z,2026-09-19T00:23:13.239008+00:00,"bayangkan mobil ini mobile bensin 100cc, bakal seberapa larisnya wkwkwkwk",,,,,Gemini-API,,,,
UgwZ0tXvlCdvA6QrZ6R4AaABAg,z1fWo8tYynA,0760df35f2ea2ca9536b85ce64fc3a69cda95b241a3a6b24cd12e4d72432a9ab,Mobil listrik gini bisa buat mudik ga ya,0,2025-11-29T17:20:51Z,2025-11-29T17:20:51Z,2026-09-19T00:23:13.239008+00:00,mobil listrik gini bisa buat mudik tidak ya,,,,,Gemini-API,,,,
UgyUvpSqy-cZJJF5uJF4AaABAg,z1fWo8tYynA,3e1b64088a57f3b607efb9df75a5eee7cdd9f86755a2abc8c94bef63b453dc12,NFC di Spion kalo patah / dicolong repot juga ya,0,2025-09-23T14:58:11Z,2025-09-23T14:58:11Z,2026-09-19T00:23:13.237523+00:00,nfc di spion kalo patah / dicolong repot juga ya,,,,,Gemini-API,,,,
UgxPHyr1QMPuqKbCmmx4AaABAg,z1fWo8tYynA,27d292bc082178f5a94a204fde7c5d96e34c71bdd033d95a3a78b00949777e8f,lampu nya terang ga sih klo mlm / saat hujan?,0,2025-09-18T07:12:22Z,2025-09-18T07:12:22Z,2026-09-19T00:23:13.237523+00:00,lampu nya terang tidak sih kalau mlm / saat hujan?,,,,,Gemini-API,,,,
UgzH1nzNq3LUjHKRMiV4AaABAg,z1fWo8tYynA,98a96615f7c6b64f473d5a674b67b63547d2180434331c23467a5785a6d4c069,Kira2 apakah akan berkembang pesat ya industri mobil listrik di indo? Hmm,0,2026-03-13T15:48:54Z,2026-03-13T15:48:54Z,2026-09-19T00:23:12.527826+00:00,kira2 apakah akan berkembang pesat ya industri mobil listrik di indo? hmm,,,,,Gemini-API,,,,
Ugw4hOX8QTugWme2xlF4AaABAg,z1fWo8tYynA,ae9dfe9aae17c0ea6cdb36e455ba89292aaad366ceefbfe8f364ce7d9876a56a,Buat tanjakan curam kuat gak ya?,0,2025-10-11T11:46:56Z,2025-10-11T11:46:56Z,2026-09-19T00:23:13.239008+00:00,buat tanjakan curam kuat tidak ya?,,,,,Gemini-API,,,,
UgznrfUy5IRX7NEiOTp4AaABAg,G_acqAJrRso,4df75ad5a61a7db22216ff36c2b1b7d4717165d984c7c4935ed5b64a21ebbeec,"Chery: brand baru ini diposisikan lebih premium dari Chery
(Lanjut meluncurkan produk yang harganya lebih murah dari produk2 Chery)

Mobil 300jt ini bahkan bisa mempermalukan produk terbaru Chery yaitu J6T soal range, kap mesin dengan hidrolik, dan frunk. Padahal sudah pasti J6T itu jauh lebih mahal dari J5 ini...iya kan Chery???",0,2025-11-15T21:44:04Z,2025-11-15T21:44:04Z,2026-09-18T04:38:32.144167+00:00,"chery: brand baru ini diposisikan lebih premium dari chery (lanjut meluncurkan produk yang harganya lebih murah dari produk2 chery) mobil 300jt ini bahkan bisa mempermalukan produk terbaru chery yaitu j6t soal range, kap mesin dengan hidrolik, dan frunk. padahal sudah pasti j6t itu jauh lebih mahal dari j5 ini..iya kan chery??",,,,,Gemini-API,,,,
UgzsID1UQijadmG57kB4AaABAg,z1fWo8tYynA,7536722ea3e2920efc64ccb585f74d705ed9452e0813513c485ec32f67343cb4,"Spion kanan hilang, gak bisa  masuk ke Mobil kalo ini.",0,2025-11-08T07:33:02Z,2025-11-08T07:34:08Z,2026-09-19T00:23:13.239008+00:00,"spion kanan hilang, tidak bisa masuk ke mobil kalo ini.",,,,,Gemini-API,,,,
UgzkiUAtPDyo0te6dXl4AaABAg,z1fWo8tYynA,e1227090edd5879e4c8bc11c1d94343f20cbe85734f7b9091071eec0f49606c1,sdh spk awal muncul,0,2025-09-17T19:01:47Z,2025-09-17T19:01:47Z,2026-09-19T00:23:11.766454+00:00,sudah spk awal muncul,,,,,Gemini-API,,,,
UgwcZGa-cxGyKvbV1s94AaABAg,z1fWo8tYynA,1b51f2a8672b5f89d1ea0d7449c29d40928e0a84d12279f618a7ac6f684dbd24,Lamborghini Jowo,0,2025-11-06T08:12:58Z,2025-11-06T08:12:58Z,2026-09-19T00:23:13.239008+00:00,lamborghini jowo,,,,,Gemini-API,,,,
Ugxy9IjVpe2gxCWwMNt4AaABAg,z1fWo8tYynA,5a2fc4848202a9effac694d7b4825e3ecdfdc681fc0e3b943346989c1325f9cc,Semua dipindah ke layar untuk mengurangi jumlah komponen di dalam mobil yang mengurangi biaya produksi,0,2025-09-18T06:31:09Z,2025-09-18T06:31:09Z,2026-09-19T00:23:13.239008+00:00,semua dipindah ke layar untuk mengurangi jumlah komponen di dalam mobil yang mengurangi biaya produksi,,,,,Gemini-API,,,,
Ugz9cJ-eA4nErXYZ30t4AaABAg,z1fWo8tYynA,2cd192fddbb8fedaf8b98aa9bf2349e59dd5a07091f5f0de64f41a68320e8745,Ga ada ban serep ? 🤔,0,2025-09-18T10:25:31Z,2025-09-18T10:25:31Z,2026-09-19T00:23:13.239008+00:00,tidak ada ban serep ? 🤔,,,,,Gemini-API,,,,
Ugx3zKXAPTS2ytPaJ8l4AaABAg,z1fWo8tYynA,737050ce866adea76d3452f5f1ec46b5576aac6209da9ba95085e6c4f404a010,"Bukak dong batrenya mau liat kalo cuma nengok yg sudah tampak, buat apa direview orang bisa liat dan baca brosur sendiri",0,2025-09-18T12:00:26Z,2025-09-18T12:00:26Z,2026-09-19T00:23:13.239008+00:00,"bukak dong batrenya mau liat kalo cuma nengok yg sudah tampak, buat apa direview orang bisa liat dan baca brosur sendiri",,,,,Gemini-API,,,,
UgxBzQ29-KqxCslXxul4AaABAg,z1fWo8tYynA,0e6e4ac894442dfd47fbf0985d8c8fe72d3016f05c3594bb446a58c9012c002c,Akselerasinya loyo bngt🤔. tidk seperti motor listrik biasanya.,0,2025-09-18T07:31:48Z,2025-09-18T07:31:48Z,2026-09-19T00:23:13.239008+00:00,akselerasinya loyo bngt🤔. tidk seperti motor listrik biasanya.,,,,,Gemini-API,,,,
UgzU4TwAVir8cqvMKbh4AaABAg,G_acqAJrRso,c3f1e95a8471fe429804129c798cf5bffbb106dd7ee925cecaa42368598f7b41,"Satu doang yang agak minus dari exteriornya mobil ini. Entah knp jadi cungkring looksnya krn gak ada plastic clading hitam melingkar di fender ban. Warna item sih agak ketolong, tp klo warna terang keliatan kurang pas, ada yg kurang. Coba deh jaeco revisi bagian itu, pasti lebih padet enak diliat kaki2nya.",5,2025-11-14T15:36:58Z,2025-11-14T15:36:58Z,2026-09-18T04:38:32.144167+00:00,"satu doang yang agak minus dari exteriornya mobil ini. entah knp jadi cungkring looksnya karena tidak ada plastic clading hitam melingkar di fender ban. warna item sih agak ketolong, tapi kalau warna terang keliatan kurang pas, ada yg kurang. coba deh jaeco revisi bagian itu, pasti lebih padet enak diliat kaki2nya.",,,,,Gemini-API,,,,
Ugygq2GsBUmXubi_UZV4AaABAg,z1fWo8tYynA,4c2a0fe76654d1ee380c77667a7556daff9d5d9145e8ae9b235e226d3ffaf624,Udah gak usah beli mobil lagi... Naek woooshhh aja.,1,2025-10-19T13:53:30Z,2025-10-19T13:53:30Z,2026-09-19T00:23:13.239008+00:00,udah tidak usah beli mobil lagi.. naek wooshh aja.,,,,,Gemini-API,,,,
Ugwfw-gjPNrrc6Eo8yB4AaABAg,z1fWo8tYynA,3eae7445e0e7cbe365d01add1e5c613a9e04481fb3e85f6fb68320ddc540bd89,"Keren byd atto 1 ini dan harganya seperti wuling air ev, wuling air ev belum ccs2 dan ban masih velg kaleng 12 inch lalu pintu hanya 2, wuling air ev kemahalan atau byd atto 1 kemurahan ya",8,2025-09-20T02:09:58Z,2025-09-20T02:09:58Z,2026-09-19T00:23:11.766454+00:00,"keren byd atto 1 ini dan harganya seperti wuling air ev, wuling air ev belum ccs2 dan ban masih velg kaleng 12 inch lalu pintu hanya 2, wuling air ev kemahalan atau byd atto 1 kemurahan ya",,,,,Gemini-API,,,,
Ugw014GewiWeCRwdJpR4AaABAg,z1fWo8tYynA,44bd9f5debb798db15dfdfe129be53c99018a60c4ff794e982ebbb6e6cc855fc,Bissmillah beli 1 kontainer,0,2025-09-18T04:32:47Z,2025-09-18T04:32:47Z,2026-09-19T00:23:11.766454+00:00,bissmillah beli 1 kontainer,,,,,Gemini-API,,,,
Ugy0_Q3U4Kc9G7NxEad4AaABAg,z1fWo8tYynA,260b073b550e430e37d8e786b0b8548b6f87b9b497c22be303ffc14bdcb18c05,Daya Listrik d rumah harus brp ?? 6600 ??,0,2025-10-09T02:39:13Z,2025-10-09T02:39:13Z,2026-09-19T00:23:13.239008+00:00,daya listrik d rumah harus brp ?? 6600 ??,,,,,Gemini-API,,,,
UgxPwa-izo9bZbySktF4AaABAg,z1fWo8tYynA,7c9557bebb06d303e04b26e2319e78dc6e6102c3f665bef1dc6ed8c7eb4e69e9,13:50 apa²an itu?,0,2025-12-15T11:28:47Z,2025-12-15T11:28:47Z,2026-09-19T00:23:13.239008+00:00,13:50 apa²an itu?,,,,,Gemini-API,,,,
Ugx4vfZs5a61RPPL1Kp4AaABAg,z1fWo8tYynA,429acd6c77fab8b42302ebb2b0894117ce8c425a9562101f2ac5028c89759ae8,❤❤,0,2025-09-21T02:05:03Z,2025-09-21T02:05:03Z,2026-09-19T00:23:11.766454+00:00,❤❤,,,,,Gemini-API,,,,
Ugx-XlWdiboJ_8w6hll4AaABAg,z1fWo8tYynA,71ea5ecafef3d0516a5d7a158452164163872ca06508f710cccd08e60ba1bbab,Beda level sama LCGC overprice,0,2025-10-01T00:50:41Z,2025-10-01T00:50:41Z,2026-09-19T00:23:13.239008+00:00,beda level sama lcgc overprice,,,,,Gemini-API,,,,
Ugy3Gi1RvpyQel2buIh4AaABAg,z1fWo8tYynA,ae14f67cca166fbe27d4c00a8cad721b6e0265391b15b134eb048b6acc76f45b,"Baru Atto 1, belum 2, 3... 9000 unit laris!! Desain Atto xtra futuristik cantik, membuat boil2 jepun terasa kuno klasik!! Jepun sangat2 luar biasa pelit ngeluarin model baru!! Model2 futuristisnya cuma dipamer2in dipajang2 doang!! Desainernya sudah sepuh kakek2, mandek !! Boil EV futuristik China sudah menjelajah dimana2. Effortnya sudah kalah jauh!! Ini mungkin titik balik !!",0,2025-11-24T13:58:36Z,2025-11-24T13:58:36Z,2026-09-19T00:23:13.239008+00:00,"baru atto 1, belum 2, 3.. 900 unit laris!! desain atto xtra futuristik cantik, membuat boil2 jepun terasa kuno klasik!! jepun sangat2 luar biasa pelit ngeluarin model baru!! model2 futuristisnya cuma dipamer2in dipajang2 doang!! desainernya sudah sepuh kakek2, mandek !! boil ev futuristik china sudah menjelajah dimana2. effortnya sudah kalah jauh!! ini mungkin titik balik !!",,,,,Gemini-API,,,,
UgyfnNI5aWyJvWhEHNl4AaABAg,z1fWo8tYynA,1c515e0065644673e4f7514a4da6fbbc91dae57a66f49adc49ff62edfacca801,Worth it ngak buat mobil pertama ?,0,2025-09-20T01:17:28Z,2025-09-20T01:17:28Z,2026-09-19T00:23:13.239008+00:00,layak it ngak buat mobil pertama ?,,,,,Gemini-API,,,,
UgzsHukugpg2Dg9vA414AaABAg,BFp1_jq3zVo,161c44cb1193f190ff0c259db5619a2a65060cd1005711ec7aa784cf1d1b8909,"Saya suka mobil ini dibanding atto 1, cuma ada bbrp kekurangan minor & agak penting yg harusnya ada tpi di mobil ini gak ada. Gak lengkap kekurangannya yg direview si kriwul ini. Spion retract gak ada, headrest tengah blkg gak ada, lampu cermin visor gak ada, lampu bagasi gak ada, wireless charger gak ada (penting gak penting tpi byd atto 1 ada), auto rain sensing wiper (uda auto headlight, nanggung klo gak auto wiper), colokan adaptor 5v, cover kolong motor listrik blkg (sangat penting utk melindungi motor listrik dari krikil, batu ataupun mentok saat di poldur / jalan rusak). Harusnya kau sbg reviewer bisa lebih lengkap dong bahasnya dripada aku yg hny penonton spy lebih informatif. Ya gak wul kriwul 😅😂",0,2026-06-28T20:41:03Z,2026-06-28T20:41:03Z,2026-09-19T00:23:14.379690+00:00,"saya suka mobil ini dibanding atto 1, cuma ada bbrp kekurangan minor & agak penting yg harusnya ada tpi di mobil ini tidak ada. tidak lengkap kekurangannya yg direview si kriwul ini. spion retract tidak ada, headrest tengah blkg tidak ada, lampu cermin visor tidak ada, lampu bagasi tidak ada, wireless charger tidak ada (penting tidak penting tpi byd atto 1 ada), auto rain sensing wiper (uda auto headlight, nanggung kalau tidak auto wiper), colokan adaptor 5v, cover kolong motor listrik blkg (sangat penting untuk melindungi motor listrik dari krikil, batu ataupun mentok saat di poldur / jalan rusak). harusnya kau sbg reviewer bisa lebih lengkap dong bahasnya dripada aku yg hny penonton spy lebih informatif. ya tidak wul kriwul 😅😂",,,,,Gemini-API,,,,
UgzLT2Tdwzeh3POARrp4AaABAg,z1fWo8tYynA,d3ea7a5de501234e5e3efd70080c523eb58c3af1dc4bd22591d0050e2c603a4e,setelah ini akan banyak Maxim pakai ini nih,0,2025-09-19T00:32:16Z,2025-09-19T00:32:16Z,2026-09-19T00:23:11.766454+00:00,setelah ini akan banyak maxim pakai ini nih,,,,,Gemini-API,,,,
UgzxANXlr4uWvB-FHn54AaABAg,z1fWo8tYynA,04287f88b31820fe24da3c2fe2afc12f48529de6e9df9055e061a244374bba67,Sudah pakai berapa bulan bang? Minusnya apa?,0,2025-11-05T08:15:53Z,2025-11-05T08:15:53Z,2026-09-19T00:23:13.239008+00:00,sudah pakai berapa bulan bang? minusnya apa?,,,,,Gemini-API,,,,
UgxqNQgzLphlizpmiQ94AaABAg,Bx-XDBdN7nA,87e45f627b308c67b67ff015141c5c64c982c620f090a7ced35466c64e1b9f83,"Hilaruis satrio review terbaik dr autonet menurut sy
Jelas lugas dan netral
Harus di naikin gajinya",47,2025-11-17T01:20:47Z,2025-11-17T01:20:47Z,2026-09-19T00:23:00.712565+00:00,hilaruis satrio review terbaik dari autonet menurut sy jelas lugas dan netral harus di naikin gajinya,,,,,Gemini-API,,,,
UgxJ1MRG0CR82PjXvxZ4AaABAg,z1fWo8tYynA,265cb903ed65c90e205d025f931aa52fe08866e92e82724fafd02b7908128c0c,"Bisa jadi alasan hapus LCGC dari  bumi dan bisa reduksi macet 60% ,menurut saya lho ya  bisa  dibilang hatters LCGC",0,2025-09-19T12:40:32Z,2025-09-19T12:40:32Z,2026-09-19T00:23:13.239008+00:00,"bisa jadi alasan hapus lcgc dari bumi dan bisa reduksi macet 60% ,menurut saya lho ya bisa dibilang hatters lcgc",,,,,Gemini-API,,,,
UgxIqPfmY4NXFPZ1fMB4AaABAg,z1fWo8tYynA,2871dc137a0ff1109ecb5265f141b331c52849ac8e9f6bed5e7e4bd633ba12f5,"Menarik tapi listrik rumah 900 VA, charger mobil ini make 2200 VA jadi minimal harus naik listrik ke 3500 VA kena biaya beban listrik 200k perbulan. ah sudahlah lcgc aja pake pertalite wkwkwk",0,2025-11-19T08:10:18Z,2025-11-19T08:10:18Z,2026-09-19T00:23:13.239008+00:00,"menarik tapi listrik rumah 900 va, charger mobil ini memakai 2200 va jadi minimal harus naik listrik ke 3500 va kena biaya beban listrik 200k perbulan. ah sudahlah lcgc aja pakai pertalite wkwkwk",,,,,Gemini-API,,,,
UgxUdNjB8o_xaIXjFtd4AaABAg,z1fWo8tYynA,d02ba5b48c455390bda912a792567ff30e42a1db1e18fe72d8bf2daceabfdb9e,Daripada beli innopah zenix atau portuner.. mending beli BYD atto 1 ☝️,1,2025-10-24T13:38:06Z,2025-10-24T13:38:06Z,2026-09-19T00:23:13.239008+00:00,daripada beli innopah zenix atau portuner.. lebih baik beli byd atto 1 ☝️,,,,,Gemini-API,,,,
Ugx5e-z_6GultpyPL7F4AaABAg,Vu0ayycGXbI,d19d42eb725fe06935b90057468d416383729616d4201c16b16814d8672c396b,Calon Tamia racing,0,2026-02-23T21:25:08Z,2026-02-23T21:25:08Z,2026-09-19T00:23:03.311589+00:00,calon tamia racing,,,,,Gemini-API,,,,
UgxXNA0ZzP__ok3gqjx4AaABAg,BFp1_jq3zVo,9d0143c1c90e4724b014ee1410d8e997ea32eac7bac6ffced5bf80bb51dda0a4,Speaker belakang gak ada. Deal breaker,1,2026-04-02T16:20:24Z,2026-04-02T16:20:24Z,2026-09-19T00:23:14.379690+00:00,speaker belakang tidak ada. deal breaker,,,,,Gemini-API,,,,
Ugwj_-bGKJkAYUNPsc54AaABAg,G_acqAJrRso,e8c618136156022487cba7b60a2d190f5709cc783ed8b371334eaaba27e2e3fd,"Di china, mobil buatan negara sendiri di subsidi. Jdi perusahaan pada semangat Produksi barang.

Di indonesia, boro boro di subsidi. Perusahaan Malah dipalak Dari warga, aparat, pemerintah.

Emang palaknesia",32,2025-11-14T23:51:32Z,2025-11-14T23:51:32Z,2026-09-18T04:38:30.738340+00:00,"di china, mobil buatan negara sendiri di subsidi. jdi perusahaan pada semangat produksi barang. di indonesia, boro boro di subsidi. perusahaan malah dipalak dari warga, aparat, pemerintah. emang palaknesia",,,,,Gemini-API,,,,
Ugx3yvWTwWkGF8eijuh4AaABAg,SQJwC-QLsRk,04510e6c5a0638f70a1f7e2a0c427fb35c6e3b72488aa3827f474f66f600f126,"Ini ngomongin mobil apa ngomongin tablet di dalam mobil sih,
Banyakan bahas head unit",0,2026-08-16T07:16:46Z,2026-08-16T07:16:46Z,2026-09-19T00:23:15.653310+00:00,"ini ngomongin mobil apa ngomongin tablet di dalam mobil sih, banyakan bahas head unit",,,,,Gemini-API,,,,
Ugx3m1jYkVT-pv9CdAh4AaABAg,SQJwC-QLsRk,d34ff30678ad717a28687e8e9363139280476dabc6874122d160f1fc54cad2f6,"Komparasinya kurang imbang nih, J5 levelnya udah beda jauh. Kalau mau dapet perbandingan yang objektif, mending EX2 sama Atto 1 nya aja",0,2026-05-12T13:03:18Z,2026-05-12T13:03:18Z,2026-09-19T00:23:15.653310+00:00,"komparasinya kurang imbang nih, j5 levelnya udah beda jauh. kalau mau dapet perbandingan yang objektif, lebih baik ex2 sama atto 1 nya aja",,,,,Gemini-API,,,,
UgwIOlQPVP4Hts0Rrdl4AaABAg,SQJwC-QLsRk,eef2888be2b8e4d9a0a4c7e3471fcf447c257eaa97797ba3c4cf2a810c78ba45,Dari body aja udah keliatan beda kelas wkwk,0,2026-05-12T11:40:47Z,2026-05-12T11:40:47Z,2026-09-19T00:23:15.653310+00:00,dari body aja udah keliatan beda kelas wkwk,,,,,Gemini-API,,,,
Ugzum2W9Bxpd4EA1t954AaABAg,G_acqAJrRso,b8b3d900892f7fb6e47b763b4467aaa579dc5e99b45d0ddde7141b3bcedabb66,"Keren banget, semoga segera kebeli",0,2025-12-15T15:20:04Z,2025-12-15T15:20:04Z,2026-09-18T04:38:30.738340+00:00,"keren banget, semoga segera kebeli",,,,,Gemini-API,,,,
Ugzme9mkW-AzWNLa-eV4AaABAg,SQJwC-QLsRk,84f3a07f2e439d3625649903166c2007bc0306b4fab850d1b64e08fde6781913,"fiqri dan kawan2 cintamobil emang big brainer, hanya lo dan temen2 lo yg punya otak compare 3 mobil ini secara full, gak ada reveiwer lain yg otaknya lebih jalan dari kalian",0,2026-05-04T00:50:58Z,2026-05-04T00:50:58Z,2026-09-19T00:23:15.653310+00:00,"fiqri dan kawan2 cintamobil emang big brainer, hanya lo dan temen2 lo yg punya otak compare 3 mobil ini secara full, tidak ada reveiwer lain yg otaknya lebih jalan dari kalian",,,,,Gemini-API,,,,
UgzLhf5zvqgUoUpWfiZ4AaABAg,SQJwC-QLsRk,d19b745e36f25c7295efe14bf182cd66fab83daf1d0540a96c06e0c35c074fc9,"Geely stil the best, cuz it's volvo",0,2026-04-27T02:42:11Z,2026-04-27T02:42:11Z,2026-09-19T00:23:15.653310+00:00,"geely stil the best, cuz it's volvo",,,,,Gemini-API,,,,
Ugz3s_RGRI5YfxK7yiV4AaABAg,SQJwC-QLsRk,a447a042e3ae7196cc6f31b2aad3c011040489b1d3b49df33481c2840359bca8,"J5 dipake di jalan sempit juga udah ribet, kebesaran bro 🤣 mending komparasinya Atto1 vs EX2 aja, itu baru masuk akal",0,2026-05-12T11:23:46Z,2026-05-12T11:23:46Z,2026-09-19T00:23:15.653310+00:00,"j5 dipake di jalan sempit juga udah ribet, kebesaran bro 🤣 lebih baik komparasinya atto1 vs ex2 aja, itu baru masuk akal",,,,,Gemini-API,,,,
UgxuT-tld93fgtUyiHp4AaABAg,SQJwC-QLsRk,0a7391afb394e4b4affb162c83f86ee051f302f4ea35fb807ca1d4a1c893d4d5,"Mohon komparasi mobil PHEV seperti Jaecoo J7, Gelly starray, lepas L8 dong min",1,2026-04-26T01:25:48Z,2026-04-26T04:26:13Z,2026-09-19T00:23:15.653310+00:00,"mohon komparasi mobil phev seperti jaecoo j7, gelly starray, lepas l8 dong min",,,,,Gemini-API,,,,
UgwNbERK1bWQPgg5KPl4AaABAg,SQJwC-QLsRk,a0c68658f62594628b5006d60354d5d78f529456620af6ba155e9b9f21a27fde,"Kalau saya suka mobil sedang, suka jaeco j5 tapi pilih geely Ex2 yg pas..",2,2026-04-25T09:38:14Z,2026-04-25T09:38:14Z,2026-09-19T00:23:15.653310+00:00,"kalau saya suka mobil sedang, suka jaeco j5 tapi pilih geely ex2 yg pas..",,,,,Gemini-API,,,,
UgxRtqlky4m9MpdYr5d4AaABAg,SQJwC-QLsRk,2490ce99bad1d60d4f2c2f48700fa3e1c197691771a8531261e54d062f43f82b,"Drag test, lambo mana lambo",1,2026-04-25T11:12:50Z,2026-04-25T11:12:50Z,2026-09-19T00:23:15.653310+00:00,"drag test, lambo mana lambo",,,,,Gemini-API,,,,
UgwuHlF1VLzyi2BHnLt4AaABAg,SQJwC-QLsRk,ec1148d56bf05d1ade84f67374283282d0d99d6b8c823f240cc7ecbb4e44f069,"jaecoo gak ada lawan, kalah jauh smua di kelasnya",0,2026-05-01T08:38:46Z,2026-05-01T08:38:46Z,2026-09-19T00:23:15.653310+00:00,"jaecoo tidak ada lawan, kalah jauh smua di kelasnya",,,,,Gemini-API,,,,
UgwQHVlr2eCsO3fbMUN4AaABAg,SQJwC-QLsRk,1ab9834f74ccbf0f10d78ef83821e64c1fb4975d8cd40ad045d4d6207bd8ab2b,Rwd,0,2026-04-25T12:57:39Z,2026-04-25T12:57:39Z,2026-09-19T00:23:15.653310+00:00,rwd,,,,,Gemini-API,,,,
Ugzb5SG9UQ97p5w5iJJ4AaABAg,SQJwC-QLsRk,386abb23ce454dc4b6b2108d83e9010095f0eec7c3b101d2bb3ac1c7ff8ac60d,Chery Q vs Geely EX2?,0,2026-09-13T07:39:45Z,2026-09-13T07:40:25Z,2026-09-19T00:23:15.653310+00:00,chery q vs geely ex2?,,,,,Gemini-API,,,,
UgzGyaHWeCcfS4ffveR4AaABAg,G_acqAJrRso,6edb418734396aae096a5090b004894cb45d7122a87d8eb0e0375217a62298ab,Alhamdulillah ada juga videonya dari channel favorit gua....😂,4,2025-11-14T11:56:40Z,2025-11-14T11:56:40Z,2026-09-18T04:38:30.738340+00:00,alhamdulillah ada juga videonya dari channel favorit gua..😂,,,,,Gemini-API,,,,
UgzRg_ow9lAnPFL4-AF4AaABAg,SQJwC-QLsRk,c38cbc2ffbe2ae9249ffe786380deb3cc3139309ccfd528566e9346583fa7f6a,"Kayaknya ada yang digiring nih wkwk, masa J5 disamain sama Atto1, beda segmen banget loh, jadi keliatan gak objektif",0,2026-05-12T11:17:25Z,2026-05-12T11:17:25Z,2026-09-19T00:23:15.652276+00:00,"kayaknya ada yang digiring nih wkwk, masa j5 disamain sama atto1, beda segmen banget loh, jadi keliatan tidak objektif",,,,,Gemini-API,,,,
Ugx4QVGWTL6kz7mF4f54AaABAg,G_acqAJrRso,a5b293c2841bb39d2c75dac9a490ca3616cb9f26231f3a8cc99056841df08710,keren review nya bang. detail banget,0,2025-12-30T09:27:57Z,2025-12-30T09:27:57Z,2026-09-18T04:38:30.738340+00:00,keren review nya bang. detail banget,,,,,Gemini-API,,,,
UgxhuCR1iXEW6S3A0QB4AaABAg,SQJwC-QLsRk,ffda02e65ea2ddf70b23ee4809c961597a0558add9179d58ccb8121eaa37e98c,ini atto 1 tahun 2025 apa 2026 bang?,0,2026-06-29T11:54:57Z,2026-06-29T11:54:57Z,2026-09-19T00:23:15.652276+00:00,ini atto 1 tahun 2025 apa 2026 bang?,,,,,Gemini-API,,,,
UgyhazwLSxPepEvD6Z54AaABAg,G_acqAJrRso,2429184c02d43043ea5d4725edc706efed82831e88ce38a84aafc90a6adb212b,Ini review versi terlengkap.. tinggal versi uji berkendra lagi.,0,2025-11-23T08:06:05Z,2025-11-23T08:06:05Z,2026-09-18T04:38:30.738340+00:00,ini review versi terlengkap.. tinggal versi uji berkendra lagi.,,,,,Gemini-API,,,,
Ugw825UqbcaYNfJd1vZ4AaABAg,SQJwC-QLsRk,83bc56893f2f7f688585460152d01ae2e68b4c5132fec7d190fcc1ce17a86b49,"Ini mah keliatan banget titipan brand, wong beda kelas masih dibandingin sama EX2 sama Atto 1😁",1,2026-05-12T11:37:49Z,2026-05-12T11:37:49Z,2026-09-19T00:23:15.652276+00:00,"ini mah keliatan banget titipan brand, wong beda kelas masih dibandingin sama ex2 sama atto 1😁",,,,,Gemini-API,,,,
Ugy8HBXLkN56C-h7p0F4AaABAg,SQJwC-QLsRk,a0d1caef741fd339126f50f77b9714eb2eb505c344256171db61e65fcb5cf25f,coba sekali2 pas lagi ngetes akomodasi si mike jangan di depan saran aja kwkwkwkw,0,2026-04-25T09:45:58Z,2026-04-25T09:45:58Z,2026-09-19T00:23:15.652276+00:00,coba sekali2 pas lagi ngetes akomodasi si mike jangan di depan saran aja kwkwkwkw,,,,,Gemini-API,,,,
UgzQ3zy6TRrTCEZRrAt4AaABAg,G_acqAJrRso,c677e27e5110218e7cf1d1a268fa5ba0aea9475ee9698435978d3d15392c14a0,Review terlengkap dan terbaik,0,2026-03-11T09:19:11Z,2026-03-11T09:19:11Z,2026-09-18T04:38:30.738340+00:00,review terlengkap dan terbaik,,,,,Gemini-API,,,,
Ugxb-gMxEaGJmll7Opx4AaABAg,SQJwC-QLsRk,efa66db696def1727d3806a97fac747915a6fc32ce205bc005da671e637b7b1a,"Mulai nglirik mobil EV krna pajaknya  murah, kalau ada rejeki bisa milih apa yg udah dipelajari +- nya.. Tpi peraturan pemerintah gk konsisten, pajaknya lebih mahal dari mobil bensin. Set dah, kebijakan yg gak bijak.",0,2026-04-26T09:16:28Z,2026-04-26T09:16:28Z,2026-09-19T00:23:15.652276+00:00,"mulai nglirik mobil ev krna pajaknya murah, kalau ada rejeki bisa milih apa yg udah dipelajari +- nya.. tpi peraturan pemerintah tidak konsisten, pajaknya lebih mahal dari mobil bensin. set dah, kebijakan yg tidak bijak.",,,,,Gemini-API,,,,
UgxBTkalxLbkJwzrJzl4AaABAg,SQJwC-QLsRk,01a181405b937dc6782d14987086beef8377dfaac4eca969208a10af3444cc83,Not apple to apple...,0,2026-04-26T13:55:30Z,2026-04-26T13:55:30Z,2026-09-19T00:23:15.652276+00:00,not apple to apple..,,,,,Gemini-API,,,,
UgxyGjliyQKIxltIvSt4AaABAg,SQJwC-QLsRk,2d465e4917c0acaf8b7117e978c697d2c21b939a00fdf02a75409bf66b6b971e,"meningan Jeaco, kemana2 laagh.
atto plaing kecil tampang lambo, tp paling lemot 😁",0,2026-04-28T06:04:23Z,2026-04-28T06:48:54Z,2026-09-19T00:23:15.652276+00:00,"meningan jeaco, kemana2 laagh. atto plaing kecil tampang lambo, tapi paling lemot 😁",,,,,Gemini-API,,,,
UgxdGNV4IR0Vg3yedAF4AaABAg,SQJwC-QLsRk,dd704a3bce2db4262258569b2f41315120e30a893ac73c2abbbca6c90af93f68,J5 EV sayangny FWD...,0,2026-05-01T05:28:40Z,2026-05-01T05:28:40Z,2026-09-19T00:23:15.652276+00:00,j5 ev sayangny fwd..,,,,,Gemini-API,,,,
UgyK5147EjdOZmHv-il4AaABAg,SQJwC-QLsRk,bad877719b52a117512f4dee700b7e9991a128492c30d84d95c3653be0baebca,"Prefer yg RWD sih.   Sayang nya gak ada Test Nanjak nya,   jadi gak keliatan keunggulannya di tanjakan.  😀",1,2026-04-25T11:53:24Z,2026-04-25T11:53:24Z,2026-09-19T00:23:15.653310+00:00,"prefer yg rwd sih. sayang nya tidak ada test nanjak nya, jadi tidak keliatan keunggulannya di tanjakan. 😀",,,,,Gemini-API,,,,
Ugz6H58fA6oIqBeyHbJ4AaABAg,G_acqAJrRso,9e2878f7ae7d227a252cfa1f9f6a61ef492ab363f70e2f2333ce832d904214bd,"video nya sangat berguna utk user J5 baru, terima kasih",0,2026-04-25T07:52:43Z,2026-04-25T07:52:43Z,2026-09-18T04:38:30.738340+00:00,"video nya sangat berguna untuk user j5 baru, terima kasih",,,,,Gemini-API,,,,
Ugy2Ti7XLzGrmyr10tF4AaABAg,SQJwC-QLsRk,3cd0fd51651b34e43149caf7d26f8a344007c03c19445266a43d8a6a28ae854d,"Lah J5 mah udah jelas di atas, ya pasti menang lah 😄 aneh aja kalo dibandingin sama yang lebih kecil, kayak gak apple to apple gitu",0,2026-05-12T11:23:21Z,2026-05-12T11:23:21Z,2026-09-19T00:23:15.653310+00:00,"lah j5 mah udah jelas di atas, ya pasti menang lah 😄 aneh aja kalo dibandingin sama yang lebih kecil, kayak tidak apple to apple gitu",,,,,Gemini-API,,,,
UgyZu2ggxgdhRiGs9A54AaABAg,G_acqAJrRso,d6639026b4b8fb046e5fbca9cf2a2055296f7d0991338f6853729fa4f27bf8d8,Review jaecoo J5 terbaik yg pernah saya tonton. Makasih tips2 detailnya,0,2026-02-04T15:45:30Z,2026-02-04T15:45:30Z,2026-09-18T04:38:30.738340+00:00,review jaecoo j5 terbaik yg pernah saya tonton. makasih tips2 detailnya,,,,,Gemini-API,,,,
UgwWxaSEYc8JZpnEmbx4AaABAg,ccgG2mpCIHM,14caad9f3fe2b795b825afed352d71b696daaa7ad12169cb83af7667aeee81af,Next e5 vs mgs 5 vs geely ex5 vs atto 3 vs aion v vs kona,7,2026-05-04T11:20:34Z,2026-05-04T11:20:34Z,2026-09-19T00:28:54.749870+00:00,next e5 vs mgs 5 vs geely ex5 vs atto 3 vs aion v vs kona,,,,,Gemini-API,,,,
UgzkCfEqAzLIKblWSUh4AaABAg,ccgG2mpCIHM,24689fa524e893220552ba0279fef9bc348d8b29cd7165f86b377f890654eaf5,J5 uda pernah dites 470km. Cuma moladin yang sering tes range EV,10,2026-05-03T18:49:51Z,2026-05-03T18:49:51Z,2026-09-19T00:28:54.749870+00:00,j5 uda pernah dites 470km. cuma moladin yang sering tes range ev,,,,,Gemini-API,,,,
UgyZ8NJUxIyQulsdiJx4AaABAg,SQJwC-QLsRk,7d71e198b26d798cc82b5447c038ca3ba16be3c1fcf3f317ffa0bce1184f5eb2,Beda kelas kok dipaksa dibandingin 😅 EX2 sama Atto 1 baru cocok buat dicompare head to head.,0,2026-05-12T12:28:41Z,2026-05-12T12:28:41Z,2026-09-19T00:23:15.653310+00:00,beda kelas kok dipaksa dibandingin 😅 ex2 sama atto 1 baru cocok buat dicompare head to head.,,,,,Gemini-API,,,,
UgxosMKTj5w0lGIZMdh4AaABAg,SQJwC-QLsRk,1a15c0df595649a367a23097913e84420cc36696285c80621af15520beaa6fab,"Kok jadi J5 lawan EX2 sih 🤔 kalau fair ya Atto1 vs EX2 dong, sama-sama sekelas. Jangan framing biar J5 keliatan unggul",0,2026-05-12T11:39:59Z,2026-05-12T11:39:59Z,2026-09-19T00:23:15.653310+00:00,"kok jadi j5 lawan ex2 sih 🤔 kalau fair ya atto1 vs ex2 dong, sama-sama sekelas. jangan framing biar j5 keliatan unggul",,,,,Gemini-API,,,,
Ugxct6VTgDqGUbIERqZ4AaABAg,SQJwC-QLsRk,79b2ad9f3ccb3e438e7504653b66ab1529a3a7054c58ba951a3ee67882538346,"Kalau J5 dimasukin jadi kurang fair sih, lebih cocok EX2 lawan Atto1 karena sama-sama city EV modern.",0,2026-05-12T11:19:10Z,2026-05-12T11:19:10Z,2026-09-19T00:23:15.653310+00:00,"kalau j5 dimasukin jadi kurang fair sih, lebih cocok ex2 lawan atto1 karena sama-sama city ev modern.",,,,,Gemini-API,,,,
Ugwq-kSGBFvBK-HJ1Sh4AaABAg,G_acqAJrRso,112aa3a475f72954de29b678753fdb4da09b99be064c2b33f24d1839b21fdcde,"Carmudi emang paling Toppppp reviewnya.. sementara yg lain sekedar feelang feeling doang.. Carmudi detil tapi penjelsannya praktis dan relevan.. yang njelasin klo pas Applecarplay dan androidauto berfungsi panel AC bisa ditarik aja dr bawah, hajya Carmudi yg tahu.. mantaaap..",0,2025-11-15T08:39:56Z,2025-11-15T08:39:56Z,2026-09-18T04:38:30.738340+00:00,"carmudi emang paling topp reviewnya.. sementara yg lain sekedar feelang feeling doang.. carmudi detil tapi penjelsannya praktis dan relevan.. yang njelasin kalau pas applecarplay dan androidauto berfungsi panel ac bisa ditarik aja dari bawah, hajya carmudi yg tahu.. mantaap..",,,,,Gemini-API,,,,
UgzBp6MDoxj2_3wH6_N4AaABAg,G_acqAJrRso,8f3e4efb55e105f7dc0976171cf13584b16044f76130c29b3e4fc626892e3696,Ini yg paling saya tunggu walaupun gk kebeli,0,2025-11-14T15:45:35Z,2025-11-14T15:45:35Z,2026-09-18T04:38:30.738340+00:00,ini yg paling saya tunggu walaupun tidak kebeli,,,,,Gemini-API,,,,
UgycsjsOC2_PPLw18v14AaABAg,SQJwC-QLsRk,ff49b2beeae7b5c3c7f7745e0e5a0bb2a33bdb4fa0883e771570124f2f128c40,Neta V-II mana bang?,0,2026-04-25T15:04:43Z,2026-04-25T15:04:43Z,2026-09-19T00:23:15.653310+00:00,neta v-ii mana bang?,,,,,Gemini-API,,,,
UgzlzLLQ6w4RbTZClqF4AaABAg,SQJwC-QLsRk,3f83c3da3ee2452b6b870938c069d8ceb9d21a3f5131138dc2507cf3e43b846b,Lagi nunggu Geely M 7 phev katanya sih Agustus masuk indo  yg setengki jaraktempuh sampe 1700an Km,1,2026-04-25T11:30:36Z,2026-04-25T11:31:45Z,2026-09-19T00:23:15.653310+00:00,lagi nunggu geely m 7 phev katanya sih agustus masuk indo yg setengki jaraktempuh sampe 1700an km,,,,,Gemini-API,,,,
UgxK5WulRY8ZDZYRPDN4AaABAg,SQJwC-QLsRk,c848c5c196f78c3f0a70daeccf3e729b85a9c06d38b90a622134ecaffe548b77,Bang saya tunggu moladin test veloz hybrid dengan 7 penumpang. Khususnya di tanjakan. Apa betul jauh beda dengan veloz sebelumnya. Ditunggu yaa 😂😂,0,2026-04-26T01:30:09Z,2026-04-26T01:30:09Z,2026-09-19T00:23:15.653310+00:00,bang saya tunggu moladin test veloz hybrid dengan 7 penumpang. khususnya di tanjakan. apa betul jauh beda dengan veloz sebelumnya. ditunggu yaa 😂😂,,,,,Gemini-API,,,,
UgzpVtThGN36Qesoi_R4AaABAg,SQJwC-QLsRk,f7820d5372641675aaef1154feb2652e79f5081c299be656e1c4b10d8059d887,sealion 7 kalo trade in ke jaecco j 5 kena brp tuh di moladin?,0,2026-05-05T07:56:18Z,2026-05-05T07:56:18Z,2026-09-19T00:23:15.653310+00:00,sealion 7 kalo trade in ke jaecco j 5 kena brp tuh di moladin?,,,,,Gemini-API,,,,
UgxvHEiXeYLiWiPuEAZ4AaABAg,G_acqAJrRso,eff27bcf811a75c40c3816135a3af2f75fd5635782bc184230843f291f3aba30,Thank review terlengkap 👍,2,2025-11-15T00:36:40Z,2025-11-15T00:36:40Z,2026-09-18T04:38:30.738340+00:00,thank review terlengkap 👍,,,,,Gemini-API,,,,
UgzJnfgWwYge1Wh_Z5R4AaABAg,G_acqAJrRso,c1b967b78d58a181f26d937a14287186e1ee4d86613b3bcaed3c0e5c2f4b3a0b,Keren review nya detail bgt. Jd pingin beli jaecoo j5 ❤,0,2026-03-22T06:47:23Z,2026-03-22T06:47:23Z,2026-09-18T04:38:30.738340+00:00,keren review nya detail bgt. jd pingin beli jaecoo j5 ❤,,,,,Gemini-API,,,,
UgyWRkRjfXDIh0_cYg14AaABAg,SQJwC-QLsRk,2bbdc116143728502d330a28134ac934f5aa4fbe45317e9d49634a9d9549ad17,Pilihan tepat sy memiliki j5,2,2026-04-25T23:01:10Z,2026-04-25T23:01:10Z,2026-09-19T00:23:15.653310+00:00,pilihan tepat sy memiliki j5,,,,,Gemini-API,,,,
UgwrhaxcQrzrm9eETWR4AaABAg,G_acqAJrRso,b8b282a08f8e6d273b5692987f6f765baa46371e0ff246b094e31847c9240b01,smoga tahun depan bisa kebeli chery tigo csh...,1,2025-11-14T22:58:08Z,2025-11-14T22:58:08Z,2026-09-18T04:38:30.738340+00:00,smoga tahun depan bisa kebeli chery tigo csh..,,,,,Gemini-API,,,,
Ugzbf6QILnOG4N46Yxd4AaABAg,SQJwC-QLsRk,a7f143b2ddec8585c72aa711a2448d6de1f712e024bd14101a1c2ca004706ee0,J5 minus nya baris kedua. Klo jalan jauh badan pegel krn sandaran punggung terlalu tegak. Busa penopang keras.,1,2026-04-25T11:41:52Z,2026-04-25T11:41:52Z,2026-09-19T00:23:15.653310+00:00,j5 minus nya baris kedua. kalau jalan jauh badan pegel karena sandaran punggung terlalu tegak. busa penopang keras.,,,,,Gemini-API,,,,
UgzakMU9MyHoHSDR4mB4AaABAg,SQJwC-QLsRk,53b7745e8350d292577e98514daa127a112949ab6d3b6ec39313d071bcb11c0c,Kalo aku carinya yg tinggi aja....maklum tinggal dikota kecil dan kadang banjir heheheh jadi jaecoo j5 deh,2,2026-04-25T11:15:09Z,2026-04-25T11:15:09Z,2026-09-19T00:23:15.653310+00:00,kalo aku carinya yg tinggi aja..maklum tinggal dikota kecil dan kadang banjir heheheh jadi jaecoo j5 deh,,,,,Gemini-API,,,,
Ugw5jBJ8p2XDI7t_6m94AaABAg,SQJwC-QLsRk,470b06aa3fce3f4327c6af619d5ddd2f7a151a4d50fd844b006925f994a5cf7b,Pantes mobil2 H tegak kurang laku ya skrng 😅😅,0,2026-04-25T10:17:47Z,2026-04-25T10:17:55Z,2026-09-19T00:23:15.653310+00:00,pantes mobil2 h tegak kurang laku ya skrng 😅😅,,,,,Gemini-API,,,,
UgxJwXOkiAazsOK0xCl4AaABAg,SQJwC-QLsRk,1d46577d75fe62d85ea94cd017f087684686c3000c2f179417d9fb65c477cb2f,"veloz hybrid min, review biasa boleh komparasi jg diterima dg senang hati
terima kasih",0,2026-04-25T21:46:35Z,2026-04-25T21:46:35Z,2026-09-19T00:23:15.653310+00:00,"veloz hybrid min, review biasa boleh komparasi jg diterima dg senang hati terima kasih",,,,,Gemini-API,,,,
UgxJZ6XqSywoID7GuEV4AaABAg,G_acqAJrRso,5525efaa84cf3caac6fdae13cbc3a9387bca7863148dabdd46ad5c7618c02f08,yang ditunggu2 akhirnya..,0,2025-11-15T00:45:35Z,2025-11-15T00:45:35Z,2026-09-18T04:38:30.738340+00:00,yang ditunggu2 akhirnya..,,,,,Gemini-API,,,,
UgxSjVdzJsLAhFQFEOJ4AaABAg,SQJwC-QLsRk,ce1d32ba8a32dd537d5025fe177ab7d53eea2dcf7e0a178d01d427c32c7e778b,Wuling binguo ev underrated bgt,0,2026-04-25T11:26:56Z,2026-04-25T11:26:56Z,2026-09-19T00:23:15.653310+00:00,wuling binguo ev underrated banget,,,,,Gemini-API,,,,
UgylytdH1rYIYobEQJx4AaABAg,SQJwC-QLsRk,3298920f7e990c74b576cf27263e33ad9fae6e95532e14b52f8ac4ac91ea3738,Jaeco masi susah showroom nya... Klo pilihannya mungkin atto 1 atau Ex2😂,1,2026-04-25T12:17:00Z,2026-04-25T12:29:58Z,2026-09-19T00:23:15.653310+00:00,jaeco masi susah showroom nya.. kalau pilihannya mungkin atto 1 atau ex2😂,,,,,Gemini-API,,,,
Ugzwp86TOB3ZDxYknDB4AaABAg,SQJwC-QLsRk,3a48c4910a26b0582f1613cf873896f4605cb21ecafdc43090547bc00308af0f,"CHERRY QQ BEV
CHANGAN LUMIN BEV 

GIMANA NASIB BEV SETELAH STNK TAHUNAN NYA DISAMAKAN DENGAN MOBIL ICE HIBRIDA HEV PHEV ER EV,
DAN PLAT NOMOR BIRU JUGA BERLAKU UNTUK MOBIL HIBRIDA DI ATAS,
BUKAN LAGI KHUSUS BEV
DAN 
BEBAS GANJIL GENAP DITIADAKAN",0,2026-04-26T17:15:19Z,2026-04-26T17:15:19Z,2026-09-19T00:23:15.653310+00:00,"cherry qq bev changan lumin bev gimana nasib bev setelah stnk tahunan nya disamakan dengan mobil ice hibrida hev phev er ev, dan plat nomor biru juga berlaku untuk mobil hibrida di atas, bukan lagi khusus bev dan bebas ganjil genap ditiadakan",,,,,Gemini-API,,,,
Ugy4GHX_g1Muq8ql4sF4AaABAg,SQJwC-QLsRk,26e741e1edb84971d2d9b9f2a304c2e88dd72773087a06abd223ec84eb36c3fe,"gua ambil Geely EX2 Pro,
org2 blg koq ga ambil Jaecoo fitur bnyk murah bgt, yg gua ambil irit nya, berat 1.2ton vs 1.7ton, tapak ban ga kelebaran, baterai lebih kecil klo misal ganti ga lebih mahal, aerodinamic best kaya sedan. intinya ambil yg lebih irit penggunaan nya. atto 1 tanggung kecil jadi serba limit.",1,2026-04-28T13:55:21Z,2026-04-28T13:55:21Z,2026-09-19T00:23:15.653310+00:00,"gua ambil geely ex2 pro, org2 blg koq tidak ambil jaecoo fitur bnyk murah bgt, yg gua ambil irit nya, berat 1.2ton vs 1.7ton, tapak ban tidak kelebaran, baterai lebih kecil kalau misal ganti tidak lebih mahal, aerodinamic best kaya sedan. intinya ambil yg lebih irit penggunaan nya. atto 1 tanggung kecil jadi serba limit.",,,,,Gemini-API,,,,
UgxIK7z9w9JkzQ3FTWR4AaABAg,SQJwC-QLsRk,ea1b4e3bd1785e4f17dcde3474eb767f0b693e726f96c011ce41c30190eb6a9c,"Ini sih keliatan banget dipaksain biar J5 keliatan unggul, padahal kelasnya aja udah beda jauh 😅 harusnya bandingin tuh yang selevel kayak Atto1 sama EX2 baru fair",0,2026-05-12T11:22:21Z,2026-05-12T11:22:21Z,2026-09-19T00:23:15.652276+00:00,"ini sih keliatan banget dipaksain biar j5 keliatan unggul, padahal kelasnya aja udah beda jauh 😅 harusnya bandingin tuh yang selevel kayak atto1 sama ex2 baru fair",,,,,Gemini-API,,,,
UgwlEmPhkbNTDMW9JJt4AaABAg,SQJwC-QLsRk,888f03c8c918ab2180d4f7325327d128093ac37e9fc5bf7d3f18df9b59d0dda8,mobil listrik ini boleh enggak ya di towing hook sama mobil depan sambil jalan?,0,2026-04-26T23:05:23Z,2026-04-26T23:05:23Z,2026-09-19T00:23:15.652276+00:00,mobil listrik ini boleh enggak ya di towing hook sama mobil depan sambil jalan?,,,,,Gemini-API,,,,
UgwrxwDrWWClP568pQF4AaABAg,SQJwC-QLsRk,0ca542a3d8761ef614ef3b2e802c8596c77b627ef043de3e9e4186d31447d17f,Pengguna Atto 1 Dynamic nyimak...,0,2026-05-02T18:22:24Z,2026-05-02T18:22:24Z,2026-09-19T00:23:15.005212+00:00,pengguna atto 1 dynamic nyimak..,,,,,Gemini-API,,,,
UgyZ4FQiWdyAw6xz8JF4AaABAg,SQJwC-QLsRk,15fbac369fc86cbfe2a5cfdc008db12f132dac101427722c552fb321c11a6a92,Kalau buat komparasi yang masuk akal ya Atto1 vs EX2 sama-sama masih sekelas dan cocok dibandingin,4,2026-05-12T11:12:26Z,2026-05-12T11:12:26Z,2026-09-19T00:23:15.652276+00:00,kalau buat komparasi yang masuk akal ya atto1 vs ex2 sama-sama masih sekelas dan cocok dibandingin,,,,,Gemini-API,,,,
Ugy7xgQfgKzHjuWe3FB4AaABAg,SQJwC-QLsRk,7de63b253e52b2305802c09a505bd7a3d3b54a9e9badac84342c191df6acf8ac,Ex2 yg paling realistis,12,2026-04-25T15:17:21Z,2026-04-25T15:17:21Z,2026-09-19T00:23:15.005212+00:00,ex2 yg paling realistis,,,,,Gemini-API,,,,
Ugw7mijbWMUUS8UeX194AaABAg,G_acqAJrRso,79941a735ae112f3fa8c443c17f07342a9920fe27df6c53660d1f170d3392965,Ok fix beli ini! 😂😂😂,1,2026-06-14T20:56:20Z,2026-06-14T20:56:20Z,2026-09-18T04:38:30.738340+00:00,ok fix beli ini! 😂😂,,,,,Gemini-API,,,,
UgxTnxCHgTz-m3QdlFp4AaABAg,G_acqAJrRso,3ee0d4ace9e480b8c0c7186918c8d65f092c5b1afa7f6b185e926ccb635911ff,Sdh spk ga sabar nunggu delivery unitnya❤,17,2025-11-14T17:43:30Z,2025-11-14T17:43:30Z,2026-09-18T04:38:30.738340+00:00,sudah spk tidak sabar nunggu delivery unitnya❤,,,,,Gemini-API,,,,
Ugyibm41KPFphimabn94AaABAg,SQJwC-QLsRk,45fbb900e5dac48d34a09f530c5ca9686e6bfaf6fe0c98e94e5e51341b8d04c3,Aion ut donk,0,2026-04-27T02:54:42Z,2026-04-27T02:54:42Z,2026-09-19T00:23:15.005212+00:00,aion ut donk,,,,,Gemini-API,,,,
UgyxGQI-Wd0gw2AhO2h4AaABAg,SQJwC-QLsRk,c7b61afbf7772d196e775ae1d7f5ca297e0df1100dd885ef17cb056c544b7566,Aion UT rasanya belum pernah di tes di tanjakan Moladin.,8,2026-04-25T13:04:02Z,2026-04-25T13:04:02Z,2026-09-19T00:23:15.005212+00:00,aion ut rasanya belum pernah di tes di tanjakan moladin.,,,,,Gemini-API,,,,
UgwZWUwAarZFNEvouAl4AaABAg,SQJwC-QLsRk,e451290a2a0d82baed33cc4144e0460ca6feb0c95dcd804f81ed27d72a7f2c88,soft selling J5-nya smoooothhh banget.... mantafff...,0,2026-04-28T07:00:51Z,2026-04-28T07:00:51Z,2026-09-19T00:23:15.005212+00:00,soft selling j5-nya smoothh banget.. mantaff..,,,,,Gemini-API,,,,
Ugz3QvWbttfPinEdhNd4AaABAg,G_acqAJrRso,02651a8599edc4e216e8bcf8379da0bded6ba04f4ea16f57e0fb014ff2cc70da,mobil yg pengen bgt dibeli. worth to the max. nunggu yg lama terjual dl br gasss aamiin,2,2025-11-16T09:28:13Z,2025-11-16T09:28:13Z,2026-09-18T04:38:30.738340+00:00,mobil yg pengen banget dibeli. layak to the max. nunggu yg lama terjual dl br gass aamiin,,,,,Gemini-API,,,,
UgyW28Sf9D6JKU83K3t4AaABAg,SQJwC-QLsRk,f3e12da3b40ec0747f1f5a6e0a14f816cffebb732833dc9443e19e0363b0d3b8,AKU CINTA MOLADIN #EX2user,1,2026-04-28T08:05:58Z,2026-04-28T08:05:58Z,2026-09-19T00:23:15.005212+00:00,aku cinta moladin #ex2user,,,,,Gemini-API,,,,
UgyKJx2QE_y3BTSvzYB4AaABAg,SQJwC-QLsRk,ce41ace3c60b8a4dfeaaa8b2102f8c2dbd5fe1af6793d7bf173cfa0050bc1a3b,"29:00 kameran iseng apa gmn, zoom banget buset",0,2026-05-16T18:06:57Z,2026-05-16T18:06:57Z,2026-09-19T00:23:15.005212+00:00,"29:00 kameran iseng apa gmn, zoom banget buset",,,,,Gemini-API,,,,
UgzMqrnUlVaFVrZDO1p4AaABAg,SQJwC-QLsRk,f52199634f84f42e23a010dff908f47f8297241d5186bf4a55e81f5da34f77a0,MG S5 Magnify nya mana bang,3,2026-04-25T12:08:17Z,2026-04-25T12:08:17Z,2026-09-19T00:23:15.005212+00:00,mg s5 magnify nya mana bang,,,,,Gemini-API,,,,
UgxKgtnmL3Go1VGKfUl4AaABAg,SQJwC-QLsRk,2317c202ed2d400cd9d0e3f7537a00a137c8e727a0f476219bcb74b2dea6c6a6,"Kota lama Semarang ini?
Kapan ke Semarang lagi moladin?",0,2026-04-25T10:13:47Z,2026-04-25T10:13:47Z,2026-09-19T00:23:15.005212+00:00,kota lama semarang ini? kapan ke semarang lagi moladin?,,,,,Gemini-API,,,,
UgxlZ3Wkv8XTs84bNPt4AaABAg,SQJwC-QLsRk,b1de85a666d3b290cc5945fdb387922e3c06f184d6ab2947aa6593a397849f57,usia 1-2 tahun j5 sama ex2 mesti sudah bnyk kerewelan2 kecil,0,2026-04-29T10:15:56Z,2026-04-29T10:15:56Z,2026-09-19T00:23:15.005212+00:00,usia 1-2 tahun j5 sama ex2 mesti sudah bnyk kerewelan2 kecil,,,,,Gemini-API,,,,
Ugxvx2l2Ra9zSmwOnNZ4AaABAg,SQJwC-QLsRk,33841c836efd252b7c888a901d5d6aa57009cd5c1f6a74d382ef6bf468d92207,Setir gak bisa tilt & telescopic. ( Maju mundur & Naik turun ) 😢😢😢,2,2026-04-25T09:40:31Z,2026-04-25T09:40:31Z,2026-09-19T00:23:15.005212+00:00,setir tidak bisa tilt & telescopic. ( maju mundur & naik turun ) 😢😢,,,,,Gemini-API,,,,
Ugw_0UVkPFQzuhTqYWF4AaABAg,SQJwC-QLsRk,c504441df67a6551a7f421a5a9eac96bfa75889dc25e4cad4d4cc2fd31564f92,Geely ex2 ma baby Lambo boleh juga tuh,0,2026-04-25T13:07:07Z,2026-04-25T13:07:07Z,2026-09-19T00:23:15.005212+00:00,geely ex2 ma baby lambo boleh juga tuh,,,,,Gemini-API,,,,
UgzyG6oVBXQYtUu7Vth4AaABAg,SQJwC-QLsRk,1a946bba66cc82b975de41e2118d09bdc0015a9567b9804e601e06bb47664b27,"Kalau mau fair mah EX2 vs Atto1 aja, soalnya lebih sebanding dikelasnya",0,2026-05-12T11:29:30Z,2026-05-12T11:29:30Z,2026-09-19T00:23:15.005212+00:00,"kalau mau fair mah ex2 vs atto1 aja, soalnya lebih sebanding dikelasnya",,,,,Gemini-API,,,,
UgwIMNbJutBbyNB4jRp4AaABAg,SQJwC-QLsRk,e1cc3fa3bbcf9240a96369db048d959c47d3c07e1b28c59fea176cb1e3e57a6c,Gilee si J5 COCOK BANGET BUAT BUDGET UNDER 300JUTA 😮,0,2026-04-28T04:38:00Z,2026-04-28T04:38:00Z,2026-09-19T00:23:15.005212+00:00,gilee si j5 cocok banget buat budget under 300juta 😮,,,,,Gemini-API,,,,
UgyXi4lh4lf4oeX3-P94AaABAg,SQJwC-QLsRk,a520c03ae006a29b1ea946d31262bf44acb7e43b75cc096bdf6f3df8f8463ab4,Mobil yg paling cocok untuk anda yaitu mobil yg beli nya tidak nyicil dan hutang😅,0,2026-04-26T14:05:29Z,2026-04-26T14:05:29Z,2026-09-19T00:23:15.005212+00:00,mobil yg paling cocok untuk anda yaitu mobil yg beli nya tidak nyicil dan hutang😅,,,,,Gemini-API,,,,
UgwqgXruEQgtSmJZ5-N4AaABAg,SQJwC-QLsRk,ec1148d56bf05d1ade84f67374283282d0d99d6b8c823f240cc7ecbb4e44f069,"awalnya gw ga pernah nyangka atto1 mobil imut begitu 200jtan, kirain bakal 100-150",0,2026-05-01T08:40:51Z,2026-05-01T08:40:51Z,2026-09-19T00:23:15.005212+00:00,"awalnya gw tidak pernah nyangka atto1 mobil imut begitu 200jtan, kirain bakal 100-150",,,,,Gemini-API,,,,
UgxvbxIgCvwhoDJlfNR4AaABAg,SQJwC-QLsRk,399a9d361172411e7fd11bc953ec2a18a1f01ce029a6ec59ab681f5fb1681423,Itu antena kurang panjang bang.... 😂,0,2026-04-25T12:46:24Z,2026-04-25T12:46:24Z,2026-09-19T00:23:15.005212+00:00,itu antena kurang panjang bang.. 😂,,,,,Gemini-API,,,,
Ugy0YG7ekuNEEfV8EBN4AaABAg,SQJwC-QLsRk,24689fa524e893220552ba0279fef9bc348d8b29cd7165f86b377f890654eaf5,Pilih yang sudah lengkap bawaan pabrik seperti auto retract mirror. Power back door. Karena kalau aftermarket hasilnya tidak bagus beda dengan dari pabrikan,0,2026-04-25T12:57:01Z,2026-04-25T12:57:01Z,2026-09-19T00:23:15.005212+00:00,pilih yang sudah lengkap bawaan pabrik seperti auto retract mirror. power back door. karena kalau aftermarket hasilnya tidak bagus beda dengan dari pabrikan,,,,,Gemini-API,,,,
Ugzv0JvNeontM3ofnwp4AaABAg,SQJwC-QLsRk,cc58441ab3585c6fc479980c897396b340ea70286647ac071c660207c4463536,Jaecoo j5 vs MG s5 doong,2,2026-06-05T10:50:19Z,2026-06-05T10:50:19Z,2026-09-19T00:23:15.005212+00:00,jaecoo j5 vs mg s5 doong,,,,,Gemini-API,,,,
UgxehHKhQFXKbZI-3c54AaABAg,SQJwC-QLsRk,0393f9bd9aaa1001284cc87bfdce9fce95add504d2a576fbaad093ce6902d36b,Compare range dong om,0,2026-04-25T17:27:44Z,2026-04-25T17:27:44Z,2026-09-19T00:23:15.005212+00:00,compare range dong om,,,,,Gemini-API,,,,
UgwPxQJu209EOTRffWV4AaABAg,SQJwC-QLsRk,e35fb1d1edf39548407c25772a3ed1a7fa567ae2abdf27aa3069a30fa8128910,kalo mau bikin sedan lagi tapi lampu Lamborghini depan dan belakang kalo di atto 1 nggak cocok bg,4,2026-04-25T09:25:21Z,2026-04-25T09:25:21Z,2026-09-19T00:23:15.005212+00:00,kalo mau bikin sedan lagi tapi lampu lamborghini depan dan belakang kalo di atto 1 tidak cocok bg,,,,,Gemini-API,,,,
UgyBhUSHpgwY9eKOiX94AaABAg,SQJwC-QLsRk,5588a0690663a23d1e95c2da34454880d41a5cb2b37bc495b395312fe654693f,Tolong review Omoda E5.,0,2026-04-27T09:49:03Z,2026-04-27T09:49:03Z,2026-09-19T00:23:15.005212+00:00,tolong review omoda e5.,,,,,Gemini-API,,,,
Ugw2Akh_rZ9yik2233h4AaABAg,SQJwC-QLsRk,4793b781f747d51b108acc42599b6dda96de339f45bdf7d58e8ca9e73bf2190b,untuk masalah kekedapan di road noise mungkin bisa diatasin dengan ganti ban khusus EV contohnya merk michelin,0,2026-04-25T10:12:17Z,2026-04-25T10:12:17Z,2026-09-19T00:23:15.005212+00:00,untuk masalah kekedapan di road noise mungkin bisa diatasin dengan ganti ban khusus ev contohnya merk michelin,,,,,Gemini-API,,,,
Ugxajwg6fq4me45l8IV4AaABAg,G_acqAJrRso,969b044105c86dc9afb6616591b5b3585af9cc953fd281636db2af74c0292a23,Tinggal tunggu aftersale aja klo bagus kemungkinan bakal laku bgt,0,2025-11-16T10:30:43Z,2025-11-16T10:30:43Z,2026-09-18T04:38:30.738340+00:00,tinggal tunggu aftersale aja kalau bagus kemungkinan bakal laku banget,,,,,Gemini-API,,,,
UgyWpQfH6INLQNOwfJp4AaABAg,SQJwC-QLsRk,fface85db9d8db88fbee3efc2be73c8f592a70c44546ed12c0a34eae05171e3a,Air ev atau Bingou kok gak diajak bang?,0,2026-04-29T01:25:09Z,2026-04-29T01:25:09Z,2026-09-19T00:23:15.005212+00:00,air ev atau bingou kok tidak diajak bang?,,,,,Gemini-API,,,,
UgwBGMTY1hnmq0ZOApJ4AaABAg,G_acqAJrRso,8890be773c109b372705ec4c6540dfa4f4df24df1749c244d08289ed9630a6c6,Nungguin banget review mobil sebelah Cortez Darion Ev EX & Phev nya 🦆🦆🦆,0,2025-11-23T13:51:26Z,2025-11-23T13:51:26Z,2026-09-18T04:38:30.738340+00:00,nungguin banget review mobil sebelah cortez darion ev ex & phev nya 🦆🦆,,,,,Gemini-API,,,,
Ugy0bjl61TTZUPp3qZd4AaABAg,SQJwC-QLsRk,e8314432937837ff5f3f29e59b9134ec67a35a573762ebc5544170c79e5db16e,mana si nanda?,0,2026-04-25T14:08:59Z,2026-04-25T14:08:59Z,2026-09-19T00:23:15.005212+00:00,mana si nanda?,,,,,Gemini-API,,,,
UgwX2Vvx2zvl8Eyslrl4AaABAg,SQJwC-QLsRk,d165d67cc8c32e22d96a2bac9eb11e4e4765f41d3c200367f54c0e3de9bb4cb0,Padahal EX2 lebih cocok lawan Atto1 dari sisi kelas dan target market,0,2026-05-12T11:24:15Z,2026-05-12T11:24:15Z,2026-09-19T00:23:15.652276+00:00,padahal ex2 lebih cocok lawan atto1 dari sisi kelas dan target market,,,,,Gemini-API,,,,
UgzoM9M42zfAu7dbrpB4AaABAg,SQJwC-QLsRk,cf4f6800adc6df687ee8e6ca92cb6e7c9dc4f9e6a09c3c93228b58487ab3fcef,"Tim Moladin Bikin Komparasi mgs5 maginify max vs jaecoo j5 donk, secara perbandingan batere setara. Kemarin jaecoo j5 menang lawan byd atto3. Coba nanti diadu sama mg s5 magnify max. Terima Kasih. Sukses Terus MOLADIN!! 😊",0,2026-05-04T23:13:39Z,2026-05-04T23:13:39Z,2026-09-19T00:23:15.652276+00:00,"tim moladin bikin komparasi mgs5 maginify max vs jaecoo j5 donk, secara perbandingan batere setara. kemarin jaecoo j5 menang lawan byd atto3. coba nanti diadu sama mg s5 magnify max. terima kasih. sukses terus moladin!! 😊",,,,,Gemini-API,,,,
UgxkzpxOn-yHlaq2Rat4AaABAg,G_acqAJrRso,8066b4cc883c074e3ff92475a7db5f7860f4c4900aeea8b9adc6e11ea35cfa54,"Best cars review👍
Nice!!",0,2025-12-06T15:43:29Z,2025-12-06T15:43:29Z,2026-09-18T04:38:30.738340+00:00,best cars review👍 nice!!,,,,,Gemini-API,,,,
Ugw25i-YwroBnzGGMxV4AaABAg,SQJwC-QLsRk,2754190fb8e7a2984f2cf67b1b867502c4829eade709532ff2367ed8a0bc808f,"Menurutku Geely EX2 lebih relevan dibandingin sama BYD Atto1 dibanding Jaecco J5, soalnya segmentasi dan ukuran mobilnya lebih sekelas.",0,2026-05-12T11:18:34Z,2026-05-12T11:18:34Z,2026-09-19T00:23:15.652276+00:00,"menurutku geely ex2 lebih relevan dibandingin sama byd atto1 dibanding jaecco j5, soalnya segmentasi dan ukuran mobilnya lebih sekelas.",,,,,Gemini-API,,,,
UgzLsGQAx9X4JPVljc54AaABAg,SQJwC-QLsRk,64fcccc2eda450343136cf5b95a71c149cb1c426e2b48064230a36bddc5ec076,Ada mg 4,0,2026-04-28T12:26:26Z,2026-04-28T12:26:26Z,2026-09-19T00:23:15.005212+00:00,ada mg 4,,,,,Gemini-API,,,,
Ugw5HVkYJJJhCLmEwnB4AaABAg,SQJwC-QLsRk,29cd11b28f300bb6ffe5522ac1f403c38698622631cc1f925208b62a827e8f1e,J5 minus nya duduk blkgnya aduh😅 parah bgt wkwk kalo buat gw si tp,0,2026-04-25T14:29:45Z,2026-04-25T14:29:53Z,2026-09-19T00:23:15.005212+00:00,j5 minus nya duduk blkgnya aduh😅 parah banget wkwk kalo buat gw si tapi,,,,,Gemini-API,,,,
UgzeKWxBsRqQXkOQOtp4AaABAg,SQJwC-QLsRk,627969ab00945c8568c4d49d18e501fd082d318e17a3a8c0756760d20583f585,"J5 donk, big batre, mesin pijit, mesin kopi, mesin cuci 😊",1,2026-04-25T11:33:32Z,2026-04-25T11:33:32Z,2026-09-19T00:23:15.005212+00:00,"j5 donk, big batre, mesin pijit, mesin kopi, mesin cuci 😊",,,,,Gemini-API,,,,
UgycZkz3_Bl6qmDXFal4AaABAg,G_acqAJrRso,97bd97e61c06cda340598f7df17edb11bd5a15b95c0bb34597c144a34a9489b5,manifesting punya ini bismillah,0,2026-05-24T14:02:25Z,2026-05-24T14:02:25Z,2026-09-18T04:38:30.738340+00:00,manifesting punya ini bismillah,,,,,Gemini-API,,,,
UgyekPWIkmyCZcEd5E14AaABAg,SQJwC-QLsRk,0a3a5120b316c74029be2aa6b3b4ed00d5cba87ae1765ce5b4f716617ce839fb,Bisa test banjir ga ya? Katanya ev lebih oke ketika lewatin jalan banjir..,1,2026-04-29T07:14:19Z,2026-04-29T07:14:19Z,2026-09-19T00:23:15.005212+00:00,bisa test banjir tidak ya? katanya ev lebih oke ketika lewatin jalan banjir..,,,,,Gemini-API,,,,
UgwNSXx-pMBIDPXCC5R4AaABAg,G_acqAJrRso,9c2991535cca5dcb2a2d01dd8bebbf8d4ff8a58aacfa9801be0c6d189ca14889,gokil lengkap bgt review nyaa,1,2026-02-16T16:15:07Z,2026-02-16T16:15:07Z,2026-09-18T04:38:30.738340+00:00,gokil lengkap banget review nyaa,,,,,Gemini-API,,,,
UgwDtto1r3iP_JdEr-V4AaABAg,SQJwC-QLsRk,a49c2d2942aa8347d279cb0ce48bfb22e871fcb7fa599283936b7a0056182b8b,maap klo salah tp klo gasalah geely ex2 bknnya gaada lane keeping assist ya? cuma adaptive cruise aja,0,2026-04-25T09:36:36Z,2026-04-25T09:36:36Z,2026-09-19T00:23:15.005212+00:00,maap kalau salah tapi kalau gasalah geely ex2 bknnya gaada lane keeping assist ya? cuma adaptive cruise aja,,,,,Gemini-API,,,,
UgzUI_BdGIJyh5dr39h4AaABAg,SQJwC-QLsRk,6bae2e870bbc35cc910bcecc41e49ca6d962105b7186e9f96cfca7a04158a174,J5 lah.... 🎉,6,2026-04-25T09:57:49Z,2026-04-25T09:57:49Z,2026-09-19T00:23:15.005212+00:00,j5 lah.. 🎉,,,,,Gemini-API,,,,
Ugwmy4EnbX4cSQpqJop4AaABAg,SQJwC-QLsRk,34a0eab85a8e3ddc2038da7f9bd76476e970c0c467d47ce5be93cedd07a8fa71,mana part 2 nya,0,2026-05-03T09:24:52Z,2026-05-03T09:24:52Z,2026-09-19T00:23:15.005212+00:00,mana part 2 nya,,,,,Gemini-API,,,,
UgwBWnervbs6rNlFCUR4AaABAg,SQJwC-QLsRk,0d30b8df1b81c80a0ffc4fade261f58133fc5fda850e0c426e94ac417d7b8516,"Bang..
Comparasi Changan Nevo QO5 Pro dan MG S5 ya. 
Sama teest , seberapa jauh  turun nya di shock belakang , bila terisi penuh penumpang.
Ditunggu Bang.
Terima kasih.",0,2026-08-29T10:41:00Z,2026-08-29T10:41:00Z,2026-09-19T00:23:15.005212+00:00,"bang.. comparasi changan nevo qo5 pro dan mg s5 ya. sama teest , seberapa jauh turun nya di shock belakang , jika terisi penuh penumpang. ditunggu bang. terima kasih.",,,,,Gemini-API,,,,
Ugyje0LiC3TF_4HcnTJ4AaABAg,SQJwC-QLsRk,2578ce5f1f35fe9ebe99f1b97a55c99d65cfe9718898decd2b450174276cfe85,3rd,0,2026-04-25T09:02:53Z,2026-04-25T09:02:53Z,2026-09-19T00:23:15.005212+00:00,3rd,,,,,Gemini-API,,,,
UgxF4BYeAo6I37FIv554AaABAg,SQJwC-QLsRk,ff49b2beeae7b5c3c7f7745e0e5a0bb2a33bdb4fa0883e771570124f2f128c40,Sama aion UT juga mana bang?,0,2026-04-25T15:05:18Z,2026-04-25T15:05:18Z,2026-09-19T00:23:15.005212+00:00,sama aion ut juga mana bang?,,,,,Gemini-API,,,,
Ugwo8eeF3BbraMYgQg94AaABAg,SQJwC-QLsRk,ecb785031108712412a85d143fd317f0dd6ebfd096400b6dfcebc0437d1bb96e,Wih semakin banyak yang kena PHP J5 ,0,2026-05-15T08:50:13Z,2026-05-15T08:50:13Z,2026-09-19T00:23:15.005212+00:00,wih semakin banyak yang kena php j5,,,,,Gemini-API,,,,
UgwSSZ8IZEkh2sF4ujF4AaABAg,G_acqAJrRso,839ea990bce45bc20d27f2a1e49610ce478194fd1b334c2aa3e0d6ca6bbdb39f,Sepertinya grup chery line up nya cukup lengkap dan saling melengkapi di masing-masing segmen,3,2025-11-14T22:03:46Z,2025-11-14T22:03:46Z,2026-09-18T04:38:30.738340+00:00,sepertinya grup chery line up nya cukup lengkap dan saling melengkapi di masing-masing segmen,,,,,Gemini-API,,,,
UgwpNyfATQcUeVSej014AaABAg,SQJwC-QLsRk,a0680b82efedd64fbc5b2e2a3603ca92a73c35ad7846ccc3d1942321ef552766,Mas purwandana kok gak keliatan akhir2 ini?🤔,0,2026-04-26T12:23:40Z,2026-04-26T12:23:40Z,2026-09-19T00:23:15.005212+00:00,mas purwandana kok tidak keliatan akhir2 ini?🤔,,,,,Gemini-API,,,,
UgzWJOGZP1ySSxUATHh4AaABAg,SQJwC-QLsRk,2496237d3e14a835a87fdf919035951f6b6a6cedfe0bcb77c0b246f3e69eeb19,Adu nanjak nya mana nih?,0,2026-04-26T13:16:33Z,2026-04-26T13:16:33Z,2026-09-19T00:23:15.005212+00:00,adu nanjak nya mana nih?,,,,,Gemini-API,,,,
UgyiOZx0R5NQvyzHYep4AaABAg,SQJwC-QLsRk,cf4298befdf0e39669db57b5ada91414aa39280d65a00b01bbb984276913f6bc,"Tapi di komparasi di video lainnya, jaeco ga bs nanjak kan?",1,2026-04-25T22:14:59Z,2026-04-25T22:14:59Z,2026-09-19T00:23:15.005212+00:00,"tapi di komparasi di video lainnya, jaeco tidak bs nanjak kan?",,,,,Gemini-API,,,,
UgzJWGhoR3NhRsbghtN4AaABAg,SQJwC-QLsRk,6e97fb187584827fe13deb4b6d94fb187bcee37ca5d062c922ac7257cd4ebde4,"Bang, gak ada bandingin sama brand yang dari Vietnam?",0,2026-04-26T07:04:39Z,2026-04-26T07:04:39Z,2026-09-19T00:23:15.005212+00:00,"bang, tidak ada bandingin sama brand yang dari vietnam?",,,,,Gemini-API,,,,
Ugz4wFI0d-w-j_qp8T14AaABAg,SQJwC-QLsRk,72189f668d24896fe4a2d6b9c12f945cd426d2aa60e3538f9032144cab8b489f,Mas nanda mana,0,2026-04-25T15:16:23Z,2026-04-25T15:16:23Z,2026-09-19T00:23:15.005212+00:00,mas nanda mana,,,,,Gemini-API,,,,
UgxKLyo7KAodhPDSldN4AaABAg,SQJwC-QLsRk,0f3e67823b3a28ebe62cd2a0386933c6880249e230adeed0cd417d8d5983a278,"J5 overkill, blm ada yg ngalahin apr 2026",7,2026-04-25T09:49:40Z,2026-04-25T09:49:40Z,2026-09-19T00:23:15.005212+00:00,"j5 overkill, belum ada yg ngalahin apr 2026",,,,,Gemini-API,,,,
UgxzbXEIiMXiTzTiYEt4AaABAg,G_acqAJrRso,20a80d939c6fdfb5b79a04c97d05c4ee62b62cf06a21a02458b8d2a318d08924,The most complete review of J5,0,2026-09-15T15:36:06Z,2026-09-15T15:36:06Z,2026-09-18T04:38:30.738340+00:00,the most complete review of j5,,,,,Gemini-API,,,,
UgylX-x0t1LxINkJg-94AaABAg,ccgG2mpCIHM,80e789b008cafeaef8f07a74dbff39b4a9e824a4434e68084c3489145c03e81d,Channel ngetest mobil paling asik 😂,1,2026-05-18T09:08:04Z,2026-05-18T09:08:04Z,2026-09-19T00:28:54.749870+00:00,channel ngetest mobil paling asik 😂,,,,,Gemini-API,,,,
UgzcQqiv-BU8cvemf-x4AaABAg,G_acqAJrRso,ba007b08961e2f5c83c9c8bd3c17a9d55974ff26c27e1d519076c67fa2dde900,"Ganteng parah, ini kalau diibaratkan Toyota Rush x Range Rover. Allahumma sholi ala Muhammad semoga bisa beli 😍",0,2026-02-13T17:13:40Z,2026-02-13T17:13:40Z,2026-09-18T04:38:30.738340+00:00,"ganteng parah, ini kalau diibaratkan toyota rush x range rover. allahumma sholi ala muhammad semoga bisa beli 😍",,,,,Gemini-API,,,,
UgwD_NI0mswk33eo0et4AaABAg,ccgG2mpCIHM,204a65e5296d650e093be76ee228687b1b2c94147e84b084a0cbc5368025bc6b,Moladin is the best 👍👍👍👏😁,6,2026-05-04T04:30:01Z,2026-05-04T04:30:01Z,2026-09-19T00:28:54.749870+00:00,moladin is the best 👍👍👏😁,,,,,Gemini-API,,,,
UgwWAm7raVUrGgWv5Il4AaABAg,G_acqAJrRso,d07b100378f35c9eebfac5ecb17a1478946864b7ce92e782e40df7e7715f1e93,carmudi selalu jd channel review mobil favorit. selalu kasi opini objektif dan masuk akal dan ga fanatik merk Jepang seperti channel lain terutama molad**,5,2025-11-20T12:01:50Z,2025-11-20T12:01:50Z,2026-09-18T04:38:30.738340+00:00,carmudi selalu jd channel review mobil favorit. selalu kasi opini objektif dan masuk akal dan tidak fanatik merk jepang seperti channel lain terutama molad**,,,,,Gemini-API,,,,
UgyEpr5ea8wQFBtZbh14AaABAg,G_acqAJrRso,515b4fe27c1e0b2649b60b164a892208cc16511f624fdfeaea51d1f1c200e322,Ga mau lihat review jaecoo sebelum keluar review nya carmudi,44,2025-11-14T12:35:36Z,2025-11-14T12:35:36Z,2026-09-18T04:38:30.738340+00:00,tidak mau lihat review jaecoo sebelum keluar review nya carmudi,,,,,Gemini-API,,,,
UgwwCTHNUkIf1R-W5a54AaABAg,G_acqAJrRso,b2cca57b9971346607076b3c8a50724f2ed10427846f6fd95c20a65b9b3e0b02,"Carmudi waarbiyasah.. Bahas detail, padet banget info-nya, klo nonton kadang kudu atur speed lbh lambat biar dapet smua infonya atau stop ulang bbrp kali.. Kereen, Txs Bro.. 👍",5,2025-11-15T03:34:51Z,2025-11-15T03:34:51Z,2026-09-18T04:38:30.738340+00:00,"carmudi waarbiyasah.. bahas detail, padet banget info-nya, kalau nonton kadang kudu atur speed lbh lambat biar dapet smua infonya atau stop ulang bbrp kali.. kereen, txs bro.. 👍",,,,,Gemini-API,,,,
Ugy-QrZ55M1hXkHq5g54AaABAg,ccgG2mpCIHM,53428a5b785006ec834d48893a42b4da90860d429deb072abf36d8cbe22cc3e0,"penggerak belakang sih cocok untuk didaerah, gak semua orang di kota besar dengan jalan bagus,",0,2026-07-09T12:39:03Z,2026-07-09T12:39:03Z,2026-09-19T00:28:55.390869+00:00,"penggerak belakang sih cocok untuk didaerah, tidak semua orang di kota besar dengan jalan bagus,",,,,,Gemini-API,,,,
UgyWKng1vXnH67tod9R4AaABAg,ccgG2mpCIHM,c0552e98b392d0dcc79b25faf106611f51d5b394823abc37f608136c05eba5c9,Test aion UT sampe habis dong.. sejauh ini blm ada yg real test... padahal peminat aion UT bnyk,0,2026-05-03T17:02:12Z,2026-05-03T17:02:12Z,2026-09-19T00:28:55.390869+00:00,test aion ut sampe habis dong.. sejauh ini belum ada yg real test.. padahal peminat aion ut bnyk,,,,,Gemini-API,,,,
UgzAmwI_jKq-QTfOq6p4AaABAg,ccgG2mpCIHM,c826b9ee29b12203834e4ba91fc1ac513574fbccc7759efb6bfe5acafc93cc1e,ini Testnya nyalain AC normal kan?,0,2026-06-18T04:07:31Z,2026-06-18T04:07:31Z,2026-09-19T00:28:55.390869+00:00,ini testnya nyalain ac normal kan?,,,,,Gemini-API,,,,
UgxHLe_qZp5ecQRazJt4AaABAg,ccgG2mpCIHM,6fb81077b9e1957a720662f8da21d6602a40f3fd5c7f46c2a8ee612a085caa16,"Knpa mobil listrik rangenya pasti gk jauh dr klaim, beda bngt ama motor listrik pasti klaimnya kyak di lebihin bngt 😂",0,2026-06-21T11:17:08Z,2026-06-21T11:17:08Z,2026-09-19T00:28:55.390869+00:00,"knpa mobil listrik rangenya pasti tidak jauh dari klaim, beda bngt ama motor listrik pasti klaimnya kyak di lebihin bngt 😂",,,,,Gemini-API,,,,
UgysVijTh7Mkjp6jQrR4AaABAg,ccgG2mpCIHM,2c32d84d9fac1f2d5fc60aa46484e7fad877ec5486c738156890a47dafb4df53,Kompernya maybe atto 1 vs gelly is ok tapi jaecoo j5 kan kategori SUV kah?,0,2026-07-28T14:36:30Z,2026-07-28T14:36:30Z,2026-09-19T00:28:55.390869+00:00,kompernya maybe atto 1 vs gelly is ok tapi jaecoo j5 kan kategori suv kah?,,,,,Gemini-API,,,,
Ugy0p0WZNVWURgDeI5Z4AaABAg,ccgG2mpCIHM,5a63594ea32f1a4b7137b7c4f90886a1ef36eb56932e85bcddffc1036bff0775,Sekali kali habisin mobil bensin phev dari full tank sampai mogok di Jawa Tengah dong,0,2026-05-04T13:28:07Z,2026-05-04T13:31:23Z,2026-09-19T00:28:55.390869+00:00,sekali kali habisin mobil bensin phev dari full tank sampai mogok di jawa tengah dong,,,,,Gemini-API,,,,
Ugy6No54oNchIX5ZNB94AaABAg,G_acqAJrRso,4997dd0d6bc9e28ec6c8e33326399b95cdd35647c9e1aab103d926e62eb3a001,"Akhirnya yg ditunggu2 keluar, review Jaecoo J5 dari Carmudi 😍",8,2025-11-14T13:42:45Z,2025-11-14T13:42:45Z,2026-09-18T04:38:30.738340+00:00,"akhirnya yg ditunggu2 keluar, review jaecoo j5 dari carmudi 😍",,,,,Gemini-API,,,,
UgxBZyqfmxCTcy6lhvt4AaABAg,ccgG2mpCIHM,e8dc0731a8eb33339ae1b8e2a968327ad1a301df450cb4637d4007c1f00ba723,Si kribooo pindah dr autofun ya...😂,0,2026-05-04T02:31:02Z,2026-05-04T02:31:02Z,2026-09-19T00:28:54.749870+00:00,si kriboo pindah dari autofun ya..😂,,,,,Gemini-API,,,,
UgxWMGsrP3Oif3CRFwt4AaABAg,ccgG2mpCIHM,bdea0e1db506f26caad60dac1d3372f464fb50672c4c46f45f13caea36caf24c,Masih nunggu rocky hybrid sama veloz hybrid,0,2026-05-03T20:33:55Z,2026-05-03T20:33:55Z,2026-09-19T00:28:54.749870+00:00,masih nunggu rocky hybrid sama veloz hybrid,,,,,Gemini-API,,,,
UgwB4xU3jZuPy3ACJKN4AaABAg,ccgG2mpCIHM,fed40b7b7db437c522d93ad37ee6812261c7c62e5656c615c9f2520dc2538ded,Kasihan chery omoda EV. Kalah sama sodaranya,4,2026-05-03T15:29:05Z,2026-05-03T15:29:05Z,2026-09-19T00:28:54.749870+00:00,kasihan chery omoda ev. kalah sama sodaranya,,,,,Gemini-API,,,,
Ugx6YH-Rn4ywl48dajx4AaABAg,ccgG2mpCIHM,001d7db4d96cd127f9aeb8b4f16eb2253e7ce930cc42e0fd999bec6819e8cf32,"Ga masuk kalau bandingin EX2 dan Atto 1 sama J5, mending adu EX2 sama Atto 1ajaa",2,2026-05-12T11:53:31Z,2026-05-12T11:53:31Z,2026-09-19T00:28:54.749870+00:00,"tidak masuk kalau bandingin ex2 dan atto 1 sama j5, lebih baik adu ex2 sama atto 1ajaa",,,,,Gemini-API,,,,
UgyTJr9KQ8NYYtwK5694AaABAg,ccgG2mpCIHM,453869487a558243ddfaafa8b88a286b03b47e86462ca5ee5e1f891c91584832,Jangan malam dong karena jika siang barerai lebih boros,4,2026-05-04T06:05:34Z,2026-05-04T06:05:34Z,2026-09-19T00:28:54.749870+00:00,jangan malam dong karena jika siang barerai lebih boros,,,,,Gemini-API,,,,
Ugyz96U5uj4yNCopUF94AaABAg,ccgG2mpCIHM,4ac885f19c5d9a7e7c92f9a885e0eb8bbbd5578204e8360cc41834c4c9eacd32,"Dari ukuran sama positioning aja udah keliatan beda pasar 😭, J5 mah saingannya bukan EX2 sm Atto 1",0,2026-05-12T12:22:53Z,2026-05-12T12:22:53Z,2026-09-19T00:28:54.749870+00:00,"dari ukuran sama positioning aja udah keliatan beda pasar 😭, j5 mah saingannya bukan ex2 sama atto 1",,,,,Gemini-API,,,,
Ugz8hMPMQgWMnSJZcit4AaABAg,ccgG2mpCIHM,8efe24550fadd5b01189d76ea4f6bc20de01e80c7a2c18dd44614eaf9702369b,"Ini catatan ane pake Etowan mode sport

23.1 km / 2.3 kwh 1o1a 1:10
17.3 km / 1.7 kwh 1o1a 1:10.2
23.3 km / 2.3 kwh 1o1a 1:10.1
17.5 km / 2.1 kwh 4o1a 1:8.3
23.3 km / 2.3 kwh 1o1a 1:10.1
17.5 km / 1.8 kwh  2o1a 1:9.7
6.4 km / 0.7 kwh 1o2a 1:9.1
12 km / 1.3 kwh 2o2a 1:9.2
11.8 km / 1.3 kwh 2o2a 1:9
23.3 km / 2.5 kwh 1o1a 1:9.3
17.6 km / 2 kwh 5o1a 1:8.8
19.2 km /2.2 kwh 1o1a 1:8.7
17.9 km /2.2 kwh 2o1a  1:81
17.5 km  / 1.9 kwh 1o1a 1:9.2
7.3 km / 0.8 kwh 3o2a 1:9.1
9.3 km / 1.1 kwh 3o2a  1:8.5
23.3 km / 2.4 kwh 1o1a 1:9.7
17.5 km / 2 kwh 3o1a 1:8.75
23.3 km / 2.6 kwh 1o1a 1:8.9
17.5 km / 1.8 kwh 1o1a 1:9.7
23.3 km / 24 kwh 1o1a 1:9.7
17.5 km / 1.8 kwh 1o1a 1:9.7
44 km / 4.2 kwh 2o1a  1:10.4
45.6 km / 4.6 kwh 3o1a  1:9.9
23.3 km / 2.7 kwh 1o1aLp 1:8.6
23.3 km / 2.5 kwh 1o1a 1:9:3
17.5 km / 2.0 kwh 3o1a 1:8.7
35.3 km / 4.2kwh 4o3a 1:8.4
32.7 km / 4 kwh 3o4a 1:8.17
23.3 km / 3.5 kwh 1o1a 1:9.3
17.5 lm / 1.9 kwh 1o1a 1:9.2
23.2 km / 2.6 kwh 1o1a 1:8.9
17.3 km / 1.9 kwh 4o1a 1:9.1
23.3 km / 2.4 kwh 1o1a 1:9.7
17.5 km / 2 kwh 2o1a 1:8.75
17.5 km / 1.8 kwh 2o1a 1:9.7
17.5 km / 1.9 kwh 2o1a 1:9.2
23.3 km / 2.5 kwh 1o1a 1:9.3
23.3 km / 2.5 kwh 1o1a 1:9.3
17.5 km / 1.9 kwh 1o1a 1:9.2
23.3 km / 2.3 kwh 1o1a 1:10.1
17.5 km / 1.9 kwh 1o1a 1:9.2
6.1 km / 0.6 kwh 1o1a 1:10.1
23.3 km / 3.1 kwh 1o1a 1:7.5 M
23.3 km / 2.4 kwh 1o1a 1:9.7
17.5 km / 2.0 kwh 2o1a 1:8.7
23.3 km / 2.4 kwh 1o1a 1.9.7 L
17.5 km / 1.8 kwh 1o1a 1:9.7
23.3 km / 2.3 kwh 1o1a 1:10.1
17.5 km / 1.8 kwh 1o1a 1:9.7
23.3 km / 3 kwh 1o1a M 1:7.7
17.5 km / 1.9 kwh 2o1a 1:9.3
23.3 km / 3 kwh 1o1a  1:7.7 M
17.6 km / 1.9 kwh 3o1a 1:9.2
17.6 km / 2 kwh 2o1a 1:8.8
19.5 km / 2 kwh 1o1a 1:9.75
13.9 km / 1.5 kwh 1o1a 1:9.26
6.9 km / 0.9 kwh 3o3a 1:7.6
23.2 km / 2.6 kwh 1o1a 1:8.96",0,2026-08-09T13:23:51Z,2026-08-09T13:23:51Z,2026-09-19T00:28:54.749870+00:00,ini catatan ane pakai etowan mode sport 23.1 km / 2.3 kwh 1o1a 1:10 17.3 km / 1.7 kwh 1o1a 1:10.2 23.3 km / 2.3 kwh 1o1a 1:10.1 17.5 km / 2.1 kwh 4o1a 1:8.3 23.3 km / 2.3 kwh 1o1a 1:10.1 17.5 km / 1.8 kwh 2o1a 1:9.7 6.4 km / 0.7 kwh 1o2a 1:9.1 12 km / 1.3 kwh 2o2a 1:9.2 11.8 km / 1.3 kwh 2o2a 1:9 23.3 km / 2.5 kwh 1o1a 1:9.3 17.6 km / 2 kwh 5o1a 1:8.8 19.2 km /2.2 kwh 1o1a 1:8.7 17.9 km /2.2 kwh 2o1a 1:81 17.5 km / 1.9 kwh 1o1a 1:9.2 7.3 km / 0.8 kwh 3o2a 1:9.1 9.3 km / 1.1 kwh 3o2a 1:8.5 23.3 km / 2.4 kwh 1o1a 1:9.7 17.5 km / 2 kwh 3o1a 1:8.75 23.3 km / 2.6 kwh 1o1a 1:8.9 17.5 km / 1.8 kwh 1o1a 1:9.7 23.3 km / 24 kwh 1o1a 1:9.7 17.5 km / 1.8 kwh 1o1a 1:9.7 44 km / 4.2 kwh 2o1a 1:10.4 45.6 km / 4.6 kwh 3o1a 1:9.9 23.3 km / 2.7 kwh 1o1alp 1:8.6 23.3 km / 2.5 kwh 1o1a 1:9:3 17.5 km / 2.0 kwh 3o1a 1:8.7 35.3 km / 4.2kwh 4o3a 1:8.4 32.7 km / 4 kwh 3o4a 1:8.17 23.3 km / 3.5 kwh 1o1a 1:9.3 17.5 lm / 1.9 kwh 1o1a 1:9.2 23.2 km / 2.6 kwh 1o1a 1:8.9 17.3 km / 1.9 kwh 4o1a 1:9.1 23.3 km / 2.4 kwh 1o1a 1:9.7 17.5 km / 2 kwh 2o1a 1:8.75 17.5 km / 1.8 kwh 2o1a 1:9.7 17.5 km / 1.9 kwh 2o1a 1:9.2 23.3 km / 2.5 kwh 1o1a 1:9.3 23.3 km / 2.5 kwh 1o1a 1:9.3 17.5 km / 1.9 kwh 1o1a 1:9.2 23.3 km / 2.3 kwh 1o1a 1:10.1 17.5 km / 1.9 kwh 1o1a 1:9.2 6.1 km / 0.6 kwh 1o1a 1:10.1 23.3 km / 3.1 kwh 1o1a 1:7.5 m 23.3 km / 2.4 kwh 1o1a 1:9.7 17.5 km / 2.0 kwh 2o1a 1:8.7 23.3 km / 2.4 kwh 1o1a 1.9.7 l 17.5 km / 1.8 kwh 1o1a 1:9.7 23.3 km / 2.3 kwh 1o1a 1:10.1 17.5 km / 1.8 kwh 1o1a 1:9.7 23.3 km / 3 kwh 1o1a m 1:7.7 17.5 km / 1.9 kwh 2o1a 1:9.3 23.3 km / 3 kwh 1o1a 1:7.7 m 17.6 km / 1.9 kwh 3o1a 1:9.2 17.6 km / 2 kwh 2o1a 1:8.8 19.5 km / 2 kwh 1o1a 1:9.75 13.9 km / 1.5 kwh 1o1a 1:9.26 6.9 km / 0.9 kwh 3o3a 1:7.6 23.2 km / 2.6 kwh 1o1a 1:8.96,,,,,Gemini-API,,,,
Ugy6JY2Scsyoh-BDObJ4AaABAg,ccgG2mpCIHM,39972707cf7d2dc078d3fcb96abdb952d2435c6f382c6ab58d2b661c616648a8,Jaecoo boros mungkinkrn paling berat. Jadi paling bener jika dimasukkan juga parameter berat.,3,2026-05-04T03:10:12Z,2026-05-04T03:10:12Z,2026-09-19T00:28:54.749870+00:00,jaecoo boros mungkinkrn paling berat. jadi paling bener jika dimasukkan juga parameter berat.,,,,,Gemini-API,,,,
UgyNMgC7QHTE45cMokR4AaABAg,ccgG2mpCIHM,93d7d0aea469213dabb0b3218967b672251cd4e4a4dd75145e8a63393e228dab,"Dari first look aja udah kelihatan beda kelas. J5 ga cocok di sini,  ga fair ini mah",0,2026-05-12T11:43:24Z,2026-05-12T11:43:24Z,2026-09-19T00:28:54.749870+00:00,"dari first look aja udah kelihatan beda kelas. j5 tidak cocok di sini, tidak fair ini mah",,,,,Gemini-API,,,,
Ugw_VPv8ioiwmEaXVqB4AaABAg,G_acqAJrRso,90f4d69ae294ed81bd9c224b7aafc6a6a497846f69f9c289675b4ed1fc46afb7,best car reviewer 🫡,6,2025-11-14T16:33:40Z,2025-11-14T16:33:40Z,2026-09-18T04:38:30.738340+00:00,best car reviewer 🫡,,,,,Gemini-API,,,,
UgyDz4gdyloyK_OWEuh4AaABAg,G_acqAJrRso,e88e63826f9c1806c9f186326a72c187a4224c45d3105d67e192c1375d2ee08a,Saran dari saya : next mungkin bs ditambahkan suara artificial waktu maju dan mundur untuk EV dan Hybrid cars.,2,2026-01-27T10:47:46Z,2026-02-08T14:33:13Z,2026-09-18T04:38:30.738340+00:00,saran dari saya : next mungkin bs ditambahkan suara artificial waktu maju dan mundur untuk ev dan hybrid cars.,,,,,Gemini-API,,,,
UgxA1jb5FNTzOwyNSv14AaABAg,ccgG2mpCIHM,906ce81cc0ee91fbf87654fc4f54eae3ab0de48766a6091060d2a0c9d4b896ea,Om.... Tolong disebutin dong keceoan rata rata nya,2,2026-05-04T00:35:08Z,2026-05-04T00:35:08Z,2026-09-19T00:28:54.749870+00:00,om.. tolong disebutin dong keceoan rata rata nya,,,,,Gemini-API,,,,
UgwzvCD9XDp10mLVxA54AaABAg,G_acqAJrRso,4954bf4cb4b8ba54dee48c31affa1bbf7b7719276eb0fb15c0f7a1c9a0a7c1ca,Terlengkap Carmudi. Lama bgt dicariin review mobil ini akhirnya keluar juga...,3,2025-11-14T22:45:45Z,2025-11-14T22:45:45Z,2026-09-18T04:38:30.738340+00:00,terlengkap carmudi. lama banget dicariin review mobil ini akhirnya keluar juga..,,,,,Gemini-API,,,,
UgySlu2xCx7T9pjo5Rd4AaABAg,G_acqAJrRso,5b6e443560b65e2f6a6030508a93b898d35e3c2518f84413541a1345e0a989d5,Carmudi klw sudah review emang manteeeplah..lengkap detail jelas,3,2025-11-15T12:02:23Z,2025-11-15T12:02:23Z,2026-09-18T04:38:30.738340+00:00,carmudi klw sudah review emang manteeplah..lengkap detail jelas,,,,,Gemini-API,,,,
UgzEu2IvgsgMSZS9YPJ4AaABAg,ccgG2mpCIHM,0da6c4b98c673f16802de8acbad5bc081ff2b15b5569e8c8c8a12e8e92e3ce00,Komparasi tuh enaknya apple to apple ya ga sih 😅 makanya EX2 lebih cocok dibandingin sama Atto 1 daripada model yang beda segmen,3,2026-05-12T11:38:17Z,2026-05-12T11:38:17Z,2026-09-19T00:28:54.749870+00:00,komparasi tuh enaknya apple to apple ya tidak sih 😅 makanya ex2 lebih cocok dibandingin sama atto 1 daripada model yang beda segmen,,,,,Gemini-API,,,,
Ugx3hGrTFl0KlmFEQJB4AaABAg,ccgG2mpCIHM,c084ca3e419522ba16e2fff8147d0ade16c2ea8a91c4adebf093988877e71f56,test veloz hybrid di tanjakan andalan situ dengan muat maksimal kapan?,2,2026-05-03T14:11:50Z,2026-05-03T14:11:50Z,2026-09-19T00:28:55.390869+00:00,test veloz hybrid di tanjakan andalan situ dengan muat maksimal kapan?,,,,,Gemini-API,,,,
UgyaDsu_b4h0VDPyLsx4AaABAg,ccgG2mpCIHM,be038438b14f0eacef422bfc241005f8a508132cc750b90e7adcdaf99474ff56,d grup j5 stirnya ada yg narik bwt belok sndri ke kiri..,4,2026-05-04T00:23:39Z,2026-05-04T00:23:39Z,2026-09-19T00:28:55.390869+00:00,d grup j5 stirnya ada yg narik bwt belok sndri ke kiri..,,,,,Gemini-API,,,,
UgxVWnymUzVAgA0ZMBx4AaABAg,ccgG2mpCIHM,940d1d806bd07cc796add9106ecf59b533d66a88208c1d68948d7f58f420b61c,Mas nanda kemana ya?,0,2026-05-05T00:22:23Z,2026-05-05T00:22:23Z,2026-09-19T00:28:55.390869+00:00,mas nanda kemana ya?,,,,,Gemini-API,,,,
Ugzx1W0lSMxR2_zq_tN4AaABAg,ccgG2mpCIHM,67b518b4312315b23c0849f866714057b4f6fe876cccb2b4c5b4cc02c75e29ce,"Coba sesekali aja
Lewat pantura pakai mobil listrik maupun bensin,
Bosen lewat tol meluluh,
Perbandingan berat sebelah jadinya
Semua orang juga tau kalo lewat tol lebih cepet tapi perbedaanya beda selisih jauh sama kilometernya.
Coba coba aja mulai dari start di rest area km 57
Abis itu keluar tol cikampek, telusur jalur pantura sehabis mana lokasi titik pengabisan mobil bensin ataupun listrik.",2,2026-05-03T14:14:05Z,2026-05-03T14:49:45Z,2026-09-19T00:28:55.390869+00:00,"coba sesekali aja lewat pantura pakai mobil listrik maupun bensin, bosen lewat tol meluluh, perbandingan berat sebelah jadinya semua orang juga tau kalo lewat tol lebih cepet tapi perbedaanya beda selisih jauh sama kilometernya. coba coba aja mulai dari start di rest area km 57 abis itu keluar tol cikampek, telusur jalur pantura sehabis mana lokasi titik pengabisan mobil bensin ataupun listrik.",,,,,Gemini-API,,,,
UgwA7AtFI5evryY2WSV4AaABAg,ccgG2mpCIHM,7d71e198b26d798cc82b5447c038ca3ba16be3c1fcf3f317ffa0bce1184f5eb2,"Bingung gue, kenapa J5 dimasukin sini? Udah pasti menang lah dia segala sisi ga sebanding sm Atto 1 sm EX2",1,2026-05-12T12:25:05Z,2026-05-12T12:25:05Z,2026-09-19T00:28:55.390869+00:00,"bingung gue, kenapa j5 dimasukin sini? udah pasti menang lah dia segala sisi tidak sebanding sama atto 1 sama ex2",,,,,Gemini-API,,,,
UgzG4_y5WnEXvzivAKR4AaABAg,ccgG2mpCIHM,8d3370d92cfa01ce9104be19201996a2623d3037213f4255d1a12c983b1d2557,"Kalau EX2 dibandingin sama Atto1 masih masuk akal sih, karena emang satu segmen jadi lebih fair buat lihat perbandingannya",0,2026-05-12T12:05:34Z,2026-05-12T12:05:34Z,2026-09-19T00:28:55.390869+00:00,"kalau ex2 dibandingin sama atto1 masih masuk akal sih, karena emang satu segmen jadi lebih fair buat lihat perbandingannya",,,,,Gemini-API,,,,
UgwVXyX5ECG4x7CTEot4AaABAg,ccgG2mpCIHM,43f45fb08f1f26e825d2cb34a3c9d89dd17f495580ba69b501acbaa75ea3d651,"EX2 keliatan lebih relevan kalau dibandingin sama Atto1, jadi pembahasannya juga lebih nyambung dan seimbang",0,2026-05-12T11:58:18Z,2026-05-12T11:58:18Z,2026-09-19T00:28:55.390869+00:00,"ex2 keliatan lebih relevan kalau dibandingin sama atto1, jadi pembahasannya juga lebih nyambung dan seimbang",,,,,Gemini-API,,,,
UgydbI5JgWTdSmHgIfp4AaABAg,ccgG2mpCIHM,4902f355bc301a6397b7dc50a1f495f295584941060f99f06be239efd8726566,PSTOTO99 tempat paling uhuy!,0,2026-05-03T19:30:19Z,2026-05-03T19:30:19Z,2026-09-19T00:28:55.390869+00:00,pstoto99 tempat paling uhuy!,,,,,Gemini-API,,,,
Ugw76MQnfmjWopRlKml4AaABAg,ccgG2mpCIHM,5592a0cfffa37d797d45f898bc88abd35cab789074961c25018a76c554f8a6ce,SETELAH BANYAK YANG MELIHAT VIDEO INI DI JAMIN PENJUALAN JAECOO J5EV LANGSUNG MELEDAK LAGI.. JAECOO J5EV BENAR2 MOBIL EV PALING WORTH IT DI ANTARA MOBIL2 LOW EV YANG DI JUAL DI INDONESIA.. TIDAK ADA RUGINYA,1,2026-05-04T01:39:05Z,2026-05-04T01:42:00Z,2026-09-19T00:28:55.390869+00:00,setelah banyak yang melihat video ini di jamin penjualan jaecoo j5ev langsung meledak lagi.. jaecoo j5ev benar2 mobil ev paling layak it di antara mobil2 low ev yang di jual di indonesia.. tidak ada ruginya,,,,,Gemini-API,,,,
UgyH87T6k0eU7do2jwN4AaABAg,ccgG2mpCIHM,8388b7350b5261d7c5be2dfea33dfe967be98eab7c8e1c95ee47cf178bda252d,"Range 474 km, power diatas 200hp
Jaecoo j5 standard Rp 250jt❤

Bang for the buck❤",2,2026-05-04T02:24:37Z,2026-05-04T02:24:37Z,2026-09-19T00:28:55.390869+00:00,"range 474 km, power diatas 200hp jaecoo j5 standard rp 250jt❤ bang for the buck❤",,,,,Gemini-API,,,,
Ugz7QRtoz_ZE2W_Jn9J4AaABAg,ccgG2mpCIHM,3ee0d4ace9e480b8c0c7186918c8d65f092c5b1afa7f6b185e926ccb635911ff,Jaecoo J5 The Winner🎉❤,3,2026-05-03T15:14:11Z,2026-05-03T15:14:11Z,2026-09-19T00:28:55.390869+00:00,jaecoo j5 the winner🎉❤,,,,,Gemini-API,,,,
UgxuYO7fKvfW5sTx1Ch4AaABAg,ccgG2mpCIHM,82b3403aaf2aa42e5ea9508bd2a8dae190e4e630c4cd5e60adf82d3949a3229e,Berarti tidak semua mobil listrik kalo mogok shifter dan ban nya terkunci dan masih bisa didorong manual ya ? takut seperti kejadian si ijo mogok ditempat darurat tidak bisa didorong manual,0,2026-05-03T15:58:50Z,2026-05-03T16:26:05Z,2026-09-19T00:28:55.390869+00:00,berarti tidak semua mobil listrik kalo mogok shifter dan ban nya terkunci dan masih bisa didorong manual ya ? takut seperti kejadian si ijo mogok ditempat darurat tidak bisa didorong manual,,,,,Gemini-API,,,,
UgxryykjgbxF5a7xnP14AaABAg,ccgG2mpCIHM,51613be77e1f108f6dcf1b9621a66885e8d3a79843edbd94c49f8e3d127030c9,"NEDC berarti akurat ya. bole jadi kesimpulan. coba mobil MPV apa masih betul atau cuma gimick? 

Aletra dan Darion dapet 540 CLTC > 521 NEDC, penasaran banget apa btul???",0,2026-05-03T15:26:18Z,2026-05-03T15:26:18Z,2026-09-19T00:28:55.390869+00:00,"nedc berarti akurat ya. bole jadi kesimpulan. coba mobil mpv apa masih betul atau cuma gimick? aletra dan darion dapet 540 cltc > 521 nedc, penasaran banget apa btul??",,,,,Gemini-API,,,,
UgzcdRoiI3QsfToC7tt4AaABAg,ccgG2mpCIHM,6b7cb6b85a9df4627eab9192ca350de712b34f9624e7d5264a1401b52a4c2859,"Kaya milih Presiden, ada 1 berlian di antara 3 pilihan, tapi lebih milih yg Joget2 oke gas oke gas. Ya begitu lah

😅😂😅😂",5,2026-05-04T02:56:01Z,2026-05-04T02:56:01Z,2026-09-19T00:28:55.390869+00:00,"kaya milih presiden, ada 1 berlian di antara 3 pilihan, tapi lebih milih yg joget2 oke gas oke gas. ya begitu lah 😅😂😅😂",,,,,Gemini-API,,,,
UgxZ5xKKR_upNBtwW2d4AaABAg,G_acqAJrRso,f8ce334270012b1fc72c0c5552383d782b7339667a7fc31331b14a49f3136dd6,I can tell carmudi put a lot of research and amount of time making this video. Great job being so thorough.,9,2025-11-15T10:18:53Z,2025-11-15T10:18:53Z,2026-09-18T04:38:30.738340+00:00,i can tell carmudi put a lot of research and amount of time making this video. great job being so thorough.,,,,,Gemini-API,,,,
UgwMs-QcvwKwZvlNB8B4AaABAg,ccgG2mpCIHM,885bd766a9ecf020be7a48f3e78ef417afebb857991f7669fbd13fcd25e1f460,kalo utk kebutuhan stop and go kemacetan jakarta pagi and sore lebih efisien mana ya ?,0,2026-05-05T15:15:22Z,2026-05-05T15:15:22Z,2026-09-19T00:28:55.390869+00:00,kalo untuk kebutuhan stop and go kemacetan jakarta pagi and sore lebih efisien mana ya ?,,,,,Gemini-API,,,,
UgywYMlzLCVbmpypvsJ4AaABAg,ccgG2mpCIHM,cbd48ec028535abc37be6d49e63b490a123d6da7014e220dee8fcce920057c9c,kecepatannya brp? cuma 70 kph?,0,2026-06-17T06:58:00Z,2026-06-17T06:58:00Z,2026-09-19T00:28:55.390869+00:00,kecepatannya brp? cuma 70 kph?,,,,,Gemini-API,,,,
UgyAKyk036sbdQ9o3M54AaABAg,ccgG2mpCIHM,6732feb2a3345da3f947d2d289c8ade87b0c9f2874b94d69e7bf549d48aaaece,"Kalo baterei sampai 0, aman ga ke kondisi baterei?",0,2026-05-05T09:50:03Z,2026-05-05T09:50:03Z,2026-09-19T00:28:55.390869+00:00,"kalo baterei sampai 0, aman tidak ke kondisi baterei?",,,,,Gemini-API,,,,
UgxplQjnET5k9pJV5lB4AaABAg,ccgG2mpCIHM,88c7115e583c659b779992614e89281c64d2f122fc28d1415fa565d9db72c00d,"Ngaco nih reviewnya, ini ibarat hrv dibandingkan dengan brio/agya/ayla",0,2026-06-20T01:41:04Z,2026-06-20T01:41:04Z,2026-09-19T00:28:55.390869+00:00,"ngaco nih reviewnya, ini ibarat hrv dibandingkan dengan brio/agya/ayla",,,,,Gemini-API,,,,
UgxCXXbM0whTDFzO4MR4AaABAg,G_acqAJrRso,0aee3f495343b9d21407e72037b8f41ae6e1e13fa84c1678abab744c0c1411d5,JAECOO = Jaguar - Chery Cooperation,14,2025-11-26T19:22:00Z,2025-11-26T19:22:00Z,2026-09-18T04:38:30.738340+00:00,jaecoo = jaguar - chery cooperation,,,,,Gemini-API,,,,
UgxFnjqS6iiQ5E6H8tJ4AaABAg,G_acqAJrRso,a10a09b1efb8328ab5e16510c35e86827305ea1df15e6278709b4b737789e277,"Paling suka review-nya Carmudi, sblm di bahas satu per satu dia terlebihdahulu ngasih tau ini merek dari mana,subrand apa dan asalnya😍😍😍 apa lagi kan ini merek mobil terbilang baru untuk pasar indonesia",51,2025-11-14T14:03:59Z,2025-11-14T14:03:59Z,2026-09-18T04:38:30.738340+00:00,"paling suka review-nya carmudi, sblm di bahas satu per satu dia terlebihdahulu ngasih tau ini merek dari mana,subrand apa dan asalnya😍😍 apa lagi kan ini merek mobil terbilang baru untuk pasar indonesia",,,,,Gemini-API,,,,
UgwNMS5SecGRZlxeFgp4AaABAg,ccgG2mpCIHM,a4653e00ad0bdc68b12cb84e803597187158e473745a0274f4c11ac38fbb2e19,Mantap..berarti NEDC bisa di bilang angka real juga ya (kalau make nya di hemat2in),4,2026-05-03T14:44:04Z,2026-05-03T14:44:04Z,2026-09-19T00:28:55.390869+00:00,mantap..berarti nedc bisa di bilang angka real juga ya (kalau memakai nya di hemat2in),,,,,Gemini-API,,,,
Ugx5BogWDy-frmCAkKt4AaABAg,ccgG2mpCIHM,8d270f24b522105e23d7e615f8aa47d6759cbde7f63fc71cb7520ee0df62df02,Test seberapa jauh jarak MG s5 ev kapan pak?,0,2026-05-03T15:53:27Z,2026-05-03T15:53:27Z,2026-09-19T00:28:55.390869+00:00,test seberapa jauh jarak mg s5 ev kapan pak?,,,,,Gemini-API,,,,
Ugxi6xNlz0h5WjV5pnN4AaABAg,ccgG2mpCIHM,770bd001fa368056c79ad84db917fba4a66935a4c3e50b366f026541c065abe1,Tapi di ajak ngebut parah borosnya Jaecoo J5,0,2026-05-04T14:47:12Z,2026-05-04T14:47:12Z,2026-09-19T00:28:55.390869+00:00,tapi di ajak ngebut parah borosnya jaecoo j5,,,,,Gemini-API,,,,
UgyTHfFxAzTqmTf_E_J4AaABAg,ccgG2mpCIHM,352d0d47dd37810ff41b1999ab47ac24cec75eb97c6aa75175870229c3aa136c,Kenapa byd selalu lebih payah jaraknya.. ampunn,3,2026-05-04T03:26:03Z,2026-05-04T03:26:03Z,2026-09-19T00:28:55.390869+00:00,kenapa byd selalu lebih payah jaraknya.. ampunn,,,,,Gemini-API,,,,
UgwHDvr7IH9H-SGnr7p4AaABAg,ccgG2mpCIHM,78ca6d24e194376a0bbfa2f1951f03fdb4dc229f9aeb7a452e8ce504713136b3,MG S5 EV gak di ajak..,0,2026-05-03T15:30:44Z,2026-05-03T15:30:44Z,2026-09-19T00:28:55.390869+00:00,mg s5 ev tidak di ajak..,,,,,Gemini-API,,,,
UgyFGSB0gCI5OWnOq-h4AaABAg,ccgG2mpCIHM,23d10b8019416fbb7e8930ae6f599dae53e65282b174cfc693fddfff12c7a46b,"Gue kira bakal pure battle EX2 vs Atto1, eh J5 malah ikutan nongol. Gak cocok lah perbandingannya",1,2026-05-12T11:17:19Z,2026-05-12T11:17:19Z,2026-09-19T00:28:55.390869+00:00,"gue kira bakal pure battle ex2 vs atto1, eh j5 malah ikutan nongol. tidak cocok lah perbandingannya",,,,,Gemini-API,,,,
UgxgO3KqK3yct1oH5J94AaABAg,ccgG2mpCIHM,961c6bccbf18458e663138714666dbb61376e8d374db15931ca1b72f238c0069,Beda kelas kok dipaksa dibandingin 😅 EX2 sama Atto 1 baru cocok buat dicompare head to head.,1,2026-05-12T12:21:41Z,2026-05-12T12:21:41Z,2026-09-19T00:28:55.390869+00:00,beda kelas kok dipaksa dibandingin 😅 ex2 sama atto 1 baru cocok buat dicompare head to head.,,,,,Gemini-API,,,,
UgzhK3CVTPbt9uDkfzt4AaABAg,ccgG2mpCIHM,796b7919a021b716cf793473cd54f5134f030bdcc96383ea888cade32ab9ccb1,"Ibarat mobil ice:
BYD : Agya 1000cc manual, titik efisien 60km/h

Ex2: Ayla 1200cc cvt titik efisien 80km/h

J5: Evoque 2000cc, efisien 100km/h TAPI, kena drag body bongsor,tapak ban lebar, keberatan, jd efisien km/l berkurang.",17,2026-05-04T09:23:40Z,2026-05-04T09:23:40Z,2026-09-19T00:28:54.749870+00:00,"ibarat mobil ice: byd : agya 100cc manual, titik efisien 60km/h ex2: ayla 1200cc cvt titik efisien 80km/h j5: evoque 200cc, efisien 100km/h tapi, kena drag body bongsor,tapak ban lebar, keberatan, jd efisien km/l berkurang.",,,,,Gemini-API,,,,
UgyTHn6wdUTCtFKBhkR4AaABAg,ccgG2mpCIHM,b4473f2bccd680b8c1217da30c6f841eae5fc1b8c477a4f5cb10921c57e97c80,"EX5 vs Atto1 masih masuk akal, sama-sama compact. J5 terlalu beda buat dibandingin.",3,2026-05-12T12:44:48Z,2026-05-12T12:44:48Z,2026-09-19T00:28:54.749870+00:00,"ex5 vs atto1 masih masuk akal, sama-sama compact. j5 terlalu beda buat dibandingin.",,,,,Gemini-API,,,,
UgyhlZpURlAUEvnpU7F4AaABAg,ccgG2mpCIHM,75da4dc451613e1eac1861e14d086b8a148c19dc2a656ab1326c78d444dbab72,Komparasinya nggak cocok mesti nya jaeco5 vs atto3 sama2 suv,1,2026-05-07T14:36:39Z,2026-05-07T14:36:39Z,2026-09-19T00:28:54.749870+00:00,komparasinya tidak cocok mesti nya jaeco5 vs atto3 sama2 suv,,,,,Gemini-API,,,,
Ugx6kdPQQP2XlGqEwbN4AaABAg,G_acqAJrRso,578fd2c7b46d0a0d7e6dd8e1191e3cad890cc1920b42aa0850428c2d6ecf0368,"Murah blm tentu dibeli
Mahal juga blm tentu dibeli",1,2025-11-15T08:43:11Z,2025-11-15T08:43:11Z,2026-09-18T04:38:30.738340+00:00,murah belum tentu dibeli mahal juga belum tentu dibeli,,,,,Gemini-API,,,,
UgzkHJbAA1XNHVsW6wx4AaABAg,ccgG2mpCIHM,130db8071d565cbeca694db3987feeb8e5a80e6be3f1b359dcee98b03253c378,akhirnya bisa ngeliat real mode atto1 keabisan batere 👍,0,2026-05-20T04:15:34Z,2026-05-20T04:15:34Z,2026-09-19T00:28:54.749870+00:00,akhirnya bisa ngeliat real mode atto1 keabisan batere 👍,,,,,Gemini-API,,,,
UgxuRsiWHKBbXxOSggR4AaABAg,ccgG2mpCIHM,9c276300998331c8d02064e51160537f1c8742b4d3a7b4eba3a3c5a05f00f531,wuling binguo ngga diajak ?,1,2026-06-07T14:29:59Z,2026-06-07T14:29:59Z,2026-09-19T00:28:54.749870+00:00,wuling binguo tidak diajak ?,,,,,Gemini-API,,,,
Ugwnrf7-UDcZPTpJAJB4AaABAg,G_acqAJrRso,4e601b37ef87e0c831ddfb891eab344d1256797ff5ff6cc150b21dc580d11069,Sepengen ini saya untuk mobil listrik pertama,1,2025-11-15T01:03:38Z,2025-11-15T01:03:38Z,2026-09-18T04:38:30.738340+00:00,sepengen ini saya untuk mobil listrik pertama,,,,,Gemini-API,,,,
UgwO4CnHQfXIPrSLIqB4AaABAg,ccgG2mpCIHM,8160319ab03bcc8997e8dae6ad1f3c8af13375adb02ad0743f6f1006c4794773,Ok Boss,2,2026-05-03T14:09:51Z,2026-05-03T14:09:51Z,2026-09-19T00:28:54.749870+00:00,ok boss,,,,,Gemini-API,,,,
Ugzxg5QXUdC5nSJ2eSB4AaABAg,ccgG2mpCIHM,996723425f6cc0e4a083d9dd564714200f526d5adaca49829c5429a9cac283f2,"ex2 itu kyknya pake standar miles ya, 402km itu pas sekitar 250miles.",5,2026-05-04T16:30:28Z,2026-05-04T16:30:28Z,2026-09-19T00:28:54.749870+00:00,"ex2 itu kyknya pakai standar miles ya, 402km itu pas sekitar 250miles.",,,,,Gemini-API,,,,
UgwcoNdpP5ok-uHjvyN4AaABAg,G_acqAJrRso,e01bd10de876d6e01d4e8323692fc08d4cfdac742ce809c35dccd9ce1f2f3232,"Selalu puas nonton di Carmudi, semoga bisa dapat yg gasoline 😀",0,2025-11-14T18:24:37Z,2025-11-14T18:24:37Z,2026-09-18T04:38:30.738340+00:00,"selalu puas nonton di carmudi, semoga bisa dapat yg gasoline 😀",,,,,Gemini-API,,,,
UgwKkmBVyFFOJ_qoMmt4AaABAg,ccgG2mpCIHM,023c12a71bfabd85d333875bd95fa003d466eeb5dcb80ed751ae42b1f0841159,"Terimaksih yaaaa, byd m6 DM dan felos hybrid ❤",0,2026-06-15T13:23:34Z,2026-06-15T13:23:34Z,2026-09-19T00:28:54.749870+00:00,"terimaksih yaa, byd m6 dm dan felos hybrid ❤",,,,,Gemini-API,,,,
UgxsdQUiH2mHJgfNDNZ4AaABAg,ccgG2mpCIHM,fdc6667d068a3722973a185ec36e72760a17c22dd19587716898e4e9b6d9b8e8,Mantap ni geely,5,2026-05-07T08:07:09Z,2026-05-07T08:07:09Z,2026-09-19T00:28:54.749870+00:00,bagus ni geely,,,,,Gemini-API,,,,
Ugx4ioe43kIvkNWbtoN4AaABAg,ccgG2mpCIHM,88c811ac00078b0c48905ab41c569a4e32d50a073fe47cc47d2da392f0476133,Bermanfaat,1,2026-05-03T22:57:27Z,2026-05-03T22:57:27Z,2026-09-19T00:28:54.749870+00:00,bermanfaat,,,,,Gemini-API,,,,
UgwAaaVN-pU-9Ec9jOZ4AaABAg,ccgG2mpCIHM,61aa721a556882e41a4ac8f82611b5e2be2fc505b391fa8ab389237f45d206c2,Ini kayak ngebandingin crossover medium sama city EV kecil,2,2026-05-12T11:26:51Z,2026-05-12T11:26:51Z,2026-09-19T00:28:54.749870+00:00,ini kayak ngebandingin crossover medium sama city ev kecil,,,,,Gemini-API,,,,
UgyRP7IArw_GMG1sYJh4AaABAg,ccgG2mpCIHM,87251951ac13ec19cd08c0d711a7c4cc14f042b893c96811c2d16669d8823468,"Menarik sih videonya, tapi menurutku EX2 bakal lebih kelihatan performanya kalau lawannya yang selevel kayak Atto1 aja. J5 kan kategorinya di atas itu, jadi agak kurang dapet poin bandinginnya",2,2026-05-12T11:52:53Z,2026-05-12T11:52:53Z,2026-09-19T00:28:54.749870+00:00,"menarik sih videonya, tapi menurutku ex2 bakal lebih kelihatan performanya kalau lawannya yang selevel kayak atto1 aja. j5 kan kategorinya di atas itu, jadi agak kurang dapet poin bandinginnya",,,,,Gemini-API,,,,
Ugw6b1tABBN9hYzU3BJ4AaABAg,ccgG2mpCIHM,8a9a88129bf010a0de5f6391cc34ca8d627a0aadacd50b0a349acab89d99ce0b,Joss..,3,2026-05-03T14:05:38Z,2026-05-03T14:05:38Z,2026-09-19T00:28:54.749870+00:00,joss..,,,,,Gemini-API,,,,
UgwYKCLZEIbTrO_SbAh4AaABAg,ccgG2mpCIHM,2d465e4917c0acaf8b7117e978c697d2c21b939a00fdf02a75409bf66b6b971e,Lebih plus jaeco J5 yah.,4,2026-05-04T06:39:59Z,2026-05-04T06:39:59Z,2026-09-19T00:28:54.749870+00:00,lebih plus jaeco j5 yah.,,,,,Gemini-API,,,,
UgydjFrVoCguPUW0dzp4AaABAg,ccgG2mpCIHM,1f4475775d943b6bf21ad44a906d63d8abd6ff5696e43363e55a6df0ebc39f00,Coba habis ini tes range darion vs m6 vs aletra,44,2026-05-03T14:24:03Z,2026-05-03T14:24:03Z,2026-09-19T00:28:54.749870+00:00,coba habis ini tes range darion vs m6 vs aletra,,,,,Gemini-API,,,,
UgyVQ9OUA4qZfIcTwm94AaABAg,ccgG2mpCIHM,c0903db5ded8e71af9685a0c1fa9cdac5ddc90487d846c349f94454fba67a99c,Mantap 🔥🔥,3,2026-05-03T14:06:24Z,2026-05-03T14:06:24Z,2026-09-19T00:28:54.749870+00:00,bagus 🔥🔥,,,,,Gemini-API,,,,
UgwPupDmwBkf2S7pz8h4AaABAg,ccgG2mpCIHM,0c1014da194599739d16447fcdc84375c1ff9109335b2065892ca8f18eb0b74d,Thanks for the english audio! Greatly appreciated.,0,2026-06-06T05:24:22Z,2026-06-06T05:24:22Z,2026-09-19T00:28:54.749870+00:00,thanks for the english audio! greatly appreciated.,,,,,Gemini-API,,,,
UgzRbPtb9wSLAa4VUxt4AaABAg,G_acqAJrRso,4aa390c1be03481a819f40a2468cfe9397b28e24dfd32d3771cb688adc313970,Akhirnyaa review yg ditunggu2,0,2025-11-14T15:05:50Z,2025-11-14T15:05:50Z,2026-09-18T04:38:30.738340+00:00,akhirnyaa review yg ditunggu2,,,,,Gemini-API,,,,
Ugz6f3hF7Ty7lP5YT-l4AaABAg,ccgG2mpCIHM,2a273a30fb6798eb05043cca513dcadb1a2669b271af73e87369bdd21a3860be,keren nih .. makasih moladin,1,2026-05-04T09:18:21Z,2026-05-04T09:18:21Z,2026-09-19T00:28:54.749870+00:00,keren nih .. makasih moladin,,,,,Gemini-API,,,,
UgwAIYJKkbpHiPP2E3p4AaABAg,ccgG2mpCIHM,7f3a903422a8dee9e0889fd790bd0225b2a06e873ce6c33ae675899b8dd1307b,"Moladin tumben nih bikin komparasi gak imbang gini, Atto 1 vs EX2 aja harusnya, J5 mah beda urusan",2,2026-05-12T11:33:19Z,2026-05-12T11:33:19Z,2026-09-19T00:28:54.749870+00:00,"moladin tumben nih bikin komparasi tidak imbang gini, atto 1 vs ex2 aja harusnya, j5 mah beda urusan",,,,,Gemini-API,,,,
UgwV9Pkn5yXndFgt-uh4AaABAg,ccgG2mpCIHM,9e2878f7ae7d227a252cfa1f9f6a61ef492ab363f70e2f2333ce832d904214bd,the best tim moladin,2,2026-05-04T01:29:47Z,2026-05-04T01:29:47Z,2026-09-19T00:28:54.749870+00:00,the best tim moladin,,,,,Gemini-API,,,,
Ugy1OJFrkSnFMdGFgOR4AaABAg,ccgG2mpCIHM,4ef06998b2ef1510ed1847913ec96405e15f10d576cca5b5b472cc3f7a82dbb7,Coba test kona electric yang klaimnya bisa 600km,9,2026-05-03T14:49:01Z,2026-05-03T14:49:01Z,2026-09-19T00:28:54.749870+00:00,coba test kona electric yang klaimnya bisa 600km,,,,,Gemini-API,,,,
UgzcDEdCNWjvEis11hJ4AaABAg,ccgG2mpCIHM,5f12ffead2bce1815834082e41f096a4e126e0a696865a1215358fee300f0f88,"Coba mobil ev lain seperti geely ex5, wuling darion, eksion, mg s5, dikomparasi jarak terjauhnya",4,2026-05-04T14:15:15Z,2026-05-04T14:15:15Z,2026-09-19T00:28:54.749870+00:00,"coba mobil ev lain seperti geely ex5, wuling darion, eksion, mg s5, dikomparasi jarak terjauhnya",,,,,Gemini-API,,,,
UgzIWF2IaUJxQUByfpN4AaABAg,G_acqAJrRso,faac2aa427872708124db6222e25b369800d1aaff44125a308a8aa76fd3b9796,video editornya layak untuk naik gaji ^^,0,2025-11-16T13:37:02Z,2025-11-16T13:37:02Z,2026-09-18T04:38:30.738340+00:00,video editornya layak untuk naik gaji ^^,,,,,Gemini-API,,,,
UgwksCtjL0D1hjInQd94AaABAg,G_acqAJrRso,954d922bf40dc829fd9ff5dbc295b41c5414d4b0a59c347e23e83a694675ddb1,Perang pasar otomotif menurutku paling sengit mulai pertengahan 2026 nanti,1,2025-11-15T03:10:04Z,2025-11-15T03:10:04Z,2026-09-18T04:38:30.738340+00:00,perang pasar otomotif menurutku paling sengit mulai pertengahan 2026 nanti,,,,,Gemini-API,,,,
Ugz5holy8txt-3qxnEF4AaABAg,ccgG2mpCIHM,7df98f5a4ac3f22f907a442e6937385114445c8268853285b5bb1e1e43cee725,kembang kol salut. keren,0,2026-05-23T06:33:51Z,2026-05-23T06:33:51Z,2026-09-19T00:28:54.749870+00:00,kembang kol salut. keren,,,,,Gemini-API,,,,
UgzJAy9uV4Szt24DrdV4AaABAg,G_acqAJrRso,2bfe01b1bb500aa64518f13085c65b862f65383b51691ce87af214f491d18b66,"Keren n worth to buy...thanks car mudi udah ngebahas, jadi makin yakin...",0,2025-11-23T23:48:55Z,2025-11-23T23:48:55Z,2026-09-18T04:38:30.738340+00:00,"keren n layak to buy..thanks car mudi udah ngebahas, jadi makin yakin..",,,,,Gemini-API,,,,
Ugydfp2lkvHNYmPMXPV4AaABAg,ccgG2mpCIHM,ba0bc8aea2da44340406cf674203fb558dbcdbe07bedfbea068dd3e3d2f76a7e,M6vc aletraxc darionvs eksion,0,2026-05-03T15:26:39Z,2026-05-03T15:26:39Z,2026-09-19T00:28:54.749870+00:00,m6vc aletraxc darionvs eksion,,,,,Gemini-API,,,,
UgzW0dSWuVPUNkIBA9B4AaABAg,ccgG2mpCIHM,3840f3597465e86624a44c40d895a955aaf92f4a5b58266d5810f7e10e8d56f9,Boleh info ini pakai mode apa & berapa rata2 kecepatan km/h? Mantap moladin👍,1,2026-05-10T04:39:31Z,2026-05-10T04:39:31Z,2026-09-19T00:28:54.749870+00:00,boleh info ini pakai mode apa & berapa rata2 kecepatan km/h? bagus moladin👍,,,,,Gemini-API,,,,
Ugzy-zYf26A3enYR0MV4AaABAg,G_acqAJrRso,24689fa524e893220552ba0279fef9bc348d8b29cd7165f86b377f890654eaf5,Sudah ditest range real 470km oleh Moladin🎉,16,2025-11-14T20:23:27Z,2025-11-14T20:23:27Z,2026-09-18T04:38:30.738340+00:00,sudah ditest range real 470km oleh moladin🎉,,,,,Gemini-API,,,,
UgxwcOkhZcVlUw3olKR4AaABAg,G_acqAJrRso,fb2b47fdef1a8c445857b04b8e598892c2bc2112138e8c1e940ba520278a74b1,Review J5 yang g tunggu2 dari kemarennn 🎉,2,2025-11-15T00:11:17Z,2025-11-15T00:11:17Z,2026-09-18T04:38:30.738340+00:00,review j5 yang g tunggu2 dari kemarenn 🎉,,,,,Gemini-API,,,,
UgzP9CkfnByMUm2onYR4AaABAg,ccgG2mpCIHM,ac3136e9479a0486a4d8900b4e1fd9dd74cecf8e7c221c4da1803d5002788196,"Gue malah penasaran kenapa bukan EX2 vs Atto1 full comparison aja 🤔, lebih relate buat budget 200-300 jutaan.",2,2026-05-12T12:23:34Z,2026-05-12T12:23:34Z,2026-09-19T00:28:54.749870+00:00,"gue malah penasaran kenapa bukan ex2 vs atto1 full comparison aja 🤔, lebih relate buat budget 200-300 jutaan.",,,,,Gemini-API,,,,
UgzTsA2mUqhF75cB0Vh4AaABAg,G_acqAJrRso,0c21ee171f8151b018604911ae3c052791fdfb7e0e3baedf6144d3bedb1e5270,Audio semakin membaik. Bicara dgn nafas tersengal sengal kayak mo sekarat udah minim kedengaran. Congrats 🎉,0,2025-11-19T14:46:24Z,2025-11-19T14:46:39Z,2026-09-18T04:38:30.738340+00:00,audio semakin membaik. bicara dengan nafas tersengal sengal kayak mo sekarat udah minim kedengaran. congrats 🎉,,,,,Gemini-API,,,,
UgwjgRiVBfqbgfYj3hh4AaABAg,ccgG2mpCIHM,6b4edb41395e97e8f5d7162bc64b03e2998c92ba4b6201a1eb3c790775aa5df2,"Komparasinya ga cocok, mestinya J5 disandingkan dengan Atto1 vs EX2",1,2026-05-12T11:48:51Z,2026-05-12T11:48:51Z,2026-09-19T00:28:54.749870+00:00,"komparasinya tidak cocok, mestinya j5 disandingkan dengan atto1 vs ex2",,,,,Gemini-API,,,,
UgxpuOkSzt86iWmTSQV4AaABAg,G_acqAJrRso,6ec3c304ac404026dc8b882e6ca9cdcc54044b9e34e501e61f2a2a34eabe9921,Menyesal nonton sampe akhirr. Sukses trs om gundul,1,2025-11-15T01:33:21Z,2025-11-15T01:33:21Z,2026-09-18T04:38:30.738340+00:00,menyesal nonton sampe akhirr. sukses trs om gundul,,,,,Gemini-API,,,,
UgzYcXZFdKTsClc6lTR4AaABAg,G_acqAJrRso,01f976c9e43ab343f1c1c82dbcae12eb008e0184bfe9b79f11906f309918b55b,Minta review wuling darion jug dong. Masih tunggu review dari carmudi😂😂,2,2025-11-14T18:00:13Z,2025-11-14T18:00:13Z,2026-09-18T04:38:30.738340+00:00,minta review wuling darion jug dong. masih tunggu review dari carmudi😂😂,,,,,Gemini-API,,,,
UgwixKw3LX4GuAAbn6R4AaABAg,ccgG2mpCIHM,f1142997f5fa0ac6c4d5c877ec287b1fcbdab5f5f120a97300dac2fa01d467d0,"kalo mau lihat hasilnya doank disini 29:52


sori ya, min.. kabooorrr...",1,2026-05-06T08:03:10Z,2026-05-06T08:03:10Z,2026-09-19T00:28:54.749870+00:00,"kalo mau lihat hasilnya doank disini 29:52 sori ya, min.. kaboorr..",,,,,Gemini-API,,,,
UgyXVgNrVfd9Y4vDACh4AaABAg,ccgG2mpCIHM,dfc1b0248cfd51c43582fac8ca3cac34fc3c32969ad7fb99e602b36996a827e7,test mobil diesel dong,4,2026-05-03T15:23:03Z,2026-05-03T15:23:03Z,2026-09-19T00:28:54.749870+00:00,test mobil diesel dong,,,,,Gemini-API,,,,
UgyfqQA_mF4u6pIX1bh4AaABAg,G_acqAJrRso,008837d14bbd749d42e563a6ebbafd812f39572b889486988aebebbe304ccb2b,Mantepp dah klo carmudi review mobil 🥳🥰,2,2025-11-15T00:38:16Z,2025-11-15T00:38:16Z,2026-09-18T04:38:30.738340+00:00,mantepp dah kalau carmudi review mobil 🥳🥰,,,,,Gemini-API,,,,
Ugw3IN8zxDrhtT7CKzZ4AaABAg,ccgG2mpCIHM,84f3a07f2e439d3625649903166c2007bc0306b4fab850d1b64e08fde6781913,"fiqri dan kawan2 cintamobil emang big brainer, hanya lo dan temen2 lo yg punya otak compare 3 mobil ini secara full, gak ada reveiwer lain yg otaknya lebih jalan dari kalian",15,2026-05-04T01:06:43Z,2026-05-04T01:06:43Z,2026-09-19T00:28:54.749870+00:00,"fiqri dan kawan2 cintamobil emang big brainer, hanya lo dan temen2 lo yg punya otak compare 3 mobil ini secara full, tidak ada reveiwer lain yg otaknya lebih jalan dari kalian",,,,,Gemini-API,,,,
UgyRYbBLtZQJgQE_JbZ4AaABAg,ccgG2mpCIHM,d2a002ee8971629b676cb2bed5f8a1a18b4e624f76cb8b8410a9a5bd3c44db55,Tes chery q dong,1,2026-08-08T17:13:55Z,2026-08-08T17:13:55Z,2026-09-19T00:28:54.749870+00:00,tes chery q dong,,,,,Gemini-API,,,,
UgzSthul8UUbHK5qmDp4AaABAg,ccgG2mpCIHM,74e8b6de5af66ef86f5b28a3aae4421dd96e2a3650884b430aa5b8042a536986,Tes jarak MG S5 dong moladin,2,2026-05-04T10:49:09Z,2026-05-04T10:49:09Z,2026-09-19T00:28:54.749870+00:00,tes jarak mg s5 dong moladin,,,,,Gemini-API,,,,
UgwvoFokHLQmd8AOQ654AaABAg,G_acqAJrRso,8066b4cc883c074e3ff92475a7db5f7860f4c4900aeea8b9adc6e11ea35cfa54,"""Nice yah""!!! 👍👍 Suka banget dgn cara jelasin nya. Singkat, padat dan berbobot👍👍",0,2025-12-06T15:42:15Z,2025-12-06T15:42:15Z,2026-09-18T04:38:30.738340+00:00,"""nice yah""!! 👍👍 suka banget dengan cara jelasin nya. singkat, padat dan berbobot👍👍",,,,,Gemini-API,,,,
UgySW4qtoIx-hUGukY14AaABAg,ccgG2mpCIHM,dee1395cf9a6eef6c03479578696d374ce79724fc07ee4285c7f708570446234,Ok. Si,1,2026-05-03T20:24:19Z,2026-05-03T20:24:19Z,2026-09-19T00:28:54.749870+00:00,ok. si,,,,,Gemini-API,,,,
Ugzvhgi9lIBPPKfDJuZ4AaABAg,ccgG2mpCIHM,78642a24c0001e5e6a51e7bc22ce4b12711505e3a4c15cbd83d06084c3c89221,"Nah kalau dibandinginnya sesama kelas baru fair sih 😁 menurutku EX2 sama Atto 1 masih masuk buat dikomparasi, soalnya segmentnya mirip",4,2026-05-12T11:35:06Z,2026-05-12T11:35:06Z,2026-09-19T00:28:54.749870+00:00,"nah kalau dibandinginnya sesama kelas baru fair sih 😁 menurutku ex2 sama atto 1 masih masuk buat dikomparasi, soalnya segmentnya mirip",,,,,Gemini-API,,,,
UgzLVvmMGJxhcF52a6x4AaABAg,ccgG2mpCIHM,d8c3ee33b7db8c1b0336263f88d406fcf023eae885231a55b1417163aeac3832,"bener sih, geely ex2 lampu depan nya dah lah, nunduk bgtttttt",1,2026-05-09T06:34:39Z,2026-05-09T06:34:39Z,2026-09-19T00:28:54.749870+00:00,"bener sih, geely ex2 lampu depan nya dah lah, nunduk bgtt",,,,,Gemini-API,,,,
UgwFiajEalbCJ6TCS494AaABAg,ccgG2mpCIHM,1671e8d3f3e110bb64379c7d51d206c8db5f27ff86ae433a0f9f39c6e38c4a25,itu mobil si mike seatbeltnya pendek bener...wkwk,2,2026-05-05T11:04:07Z,2026-05-05T11:04:07Z,2026-09-19T00:28:54.749870+00:00,itu mobil si mike seatbeltnya pendek bener..wkwk,,,,,Gemini-API,,,,
UgzRUt4o8RE9LYNl8bF4AaABAg,ccgG2mpCIHM,f3a1dadbebf8fea18a03004c416e9b9af3b28a1125efa93663094073965c9881,Test darion sampai habis battre donk,1,2026-05-03T15:57:37Z,2026-05-03T15:57:37Z,2026-09-19T00:28:54.749870+00:00,test darion sampai habis battre donk,,,,,Gemini-API,,,,
UgwsM0MapUSxmqrwZcl4AaABAg,ccgG2mpCIHM,8bf4655516f21b9895885b168057c178e98ccbf9a43736978c4a136460011ec5,👍👍👍,1,2026-05-04T01:49:52Z,2026-05-04T01:49:52Z,2026-09-19T00:28:54.749870+00:00,👍👍,,,,,Gemini-API,,,,
Ugw3fPUdv9OoIfPJv5t4AaABAg,ccgG2mpCIHM,f42005efbebbd1f63ce9880c60b7a900faad152bdfd69f26d0d5ef31b6a8a15f,"Coba test lagi ketiga mobil ini ,,,tapi di jalan pegunungan...bukan di tol....buat rekomendasi aja😅",0,2026-07-10T11:21:33Z,2026-07-10T11:21:33Z,2026-09-19T00:28:54.749870+00:00,"coba test lagi ketiga mobil ini ,,tapi di jalan pegunungan..bukan di tol..buat rekomendasi aja😅",,,,,Gemini-API,,,,
UgyJjFDkd7XhPUhslMh4AaABAg,ccgG2mpCIHM,d18607b283cdae68818f8b502f8cc0bf4e1c432c68c8676fafd5e577b185560c,tes MG S5EV donk tp varian yg paling rendah nya...pleaseeee,1,2026-05-03T15:37:27Z,2026-05-03T15:37:27Z,2026-09-19T00:28:54.749870+00:00,tes mg s5ev donk tapi varian yg paling rendah nya..pleasee,,,,,Gemini-API,,,,
Ugy7ehMtkF60jrgsHCd4AaABAg,G_acqAJrRso,957109152de5b7ac2c0f062494a13f889b578748cab78db4821b8fa5522cb9e3,"Yang ditunggu, dari channel ini",3,2025-11-14T11:59:37Z,2025-11-14T11:59:37Z,2026-09-18T04:38:30.738340+00:00,"yang ditunggu, dari channel ini",,,,,Gemini-API,,,,
Ugwm7fSIpDuR8fw0JzB4AaABAg,G_acqAJrRso,f834266328e4f66a25252fffe783f7870e52f70f1f14b580c5cff66ebe0098f6,emang kalo ngereview sedetail itu carmudi👍,0,2025-11-17T03:20:47Z,2025-11-17T03:20:47Z,2026-09-18T04:38:30.738340+00:00,emang kalo ngereview sedetail itu carmudi👍,,,,,Gemini-API,,,,
UgwqCkdXdK0dSm02KQp4AaABAg,SQJwC-QLsRk,a626dbd1f43d147e114d70adf2ddc2070156921a7dd2044597bcc8cf9480ff2c,reviewer TERNIAT moladin doang 🤣,0,2026-06-17T09:28:04Z,2026-06-17T09:28:04Z,2026-09-19T00:23:15.005212+00:00,reviewer terniat moladin doang 🤣,,,,,Gemini-API,,,,
UgyTQxxOdIXvtaxyqPB4AaABAg,SQJwC-QLsRk,24394c9a9614d8ae9144beda377ccf319b9f0322af8842b0724a045f8a04c1c1,"Gila ya, ev j5, hybrid tiggo cross, bener2 libas kompetitornya",0,2026-04-27T05:58:30Z,2026-04-27T05:58:30Z,2026-09-19T00:23:15.005212+00:00,"gila ya, ev j5, hybrid tiggo cross, bener2 libas kompetitornya",,,,,Gemini-API,,,,
UgyG-uWrwlHU499wn2h4AaABAg,BFp1_jq3zVo,3acef667b54c347ea607ad9ab4b1ca5ae170b2715d6dcccf4236885e16e8e857,omong belibet,1,2026-04-01T00:01:19Z,2026-04-01T00:01:19Z,2026-09-19T00:23:14.379690+00:00,omong belibet,,,,,Gemini-API,,,,
Ugy_iLPK1CwujKBUy_p4AaABAg,bC7X9DplrIc,54313ca4e269c4fffef89e93ed23b9a0a80422a11ecf97dee98369d77b7164f0,"yah banyak jg ya kekurangannya, mending aionUT kalo gt,, tadinya mo ambil ini.. akhirnya mutusin ambil vario..",1,2026-03-05T04:51:34Z,2026-03-05T04:51:34Z,2026-09-19T00:23:14.522723+00:00,"yah banyak jg ya kekurangannya, lebih baik aionut kalo gt,, tadinya mo ambil ini.. akhirnya mutusin ambil vario..",,,,,Gemini-API,,,,
Ugzi5MRJBrVHcEiZDmJ4AaABAg,w7zLKYpCozw,3179d2e7ba7075683a3859a307bf94af2e5e1a66ebb8d419ed0eb56f96db4d78,"Hadir om b channel, ❤❤❤",2,2025-12-18T20:42:27Z,2025-12-18T20:42:27Z,2026-09-19T00:23:14.691226+00:00,"hadir om b channel, ❤❤",,,,,Gemini-API,,,,
UgwJuG1cJMMCdRJ5yOR4AaABAg,w7zLKYpCozw,8a2703b1b1e1fd0d9951b4a4b4a66ffbef1448b59d2b15511525cb0456d3fc51,mantap bang,2,2025-12-18T15:01:20Z,2025-12-18T15:01:20Z,2026-09-19T00:23:14.691226+00:00,bagus bang,,,,,Gemini-API,,,,
UgwsuWkPo5YsHMqgn8t4AaABAg,w7zLKYpCozw,7d6d418950222cf4ec74b406225cd76698fc4997464f2d27891f627793014dca,mantap,2,2025-12-18T14:03:32Z,2025-12-18T14:03:32Z,2026-09-19T00:23:14.691226+00:00,bagus,,,,,Gemini-API,,,,
UgyLS2oBzszivn_mfrl4AaABAg,w7zLKYpCozw,b354e19593e36539ab855e1f3e3c48c47cc8b817d948898f496fb483c3051238,Mantul kali,4,2025-12-19T13:12:04Z,2025-12-19T13:12:04Z,2026-09-19T00:23:14.691226+00:00,mantap betul kali,,,,,Gemini-API,,,,
UgyORssT_4tdXNrQw9p4AaABAg,w7zLKYpCozw,c8077a465300efce74cf91d53e0f367b5baa849768ccf36b6d71e130b0fcbf19,Biar terlambat yg penting selalu hadir 👍,2,2025-12-18T14:33:52Z,2025-12-18T14:33:52Z,2026-09-19T00:23:14.691226+00:00,biar terlambat yg penting selalu hadir 👍,,,,,Gemini-API,,,,
UgybZ30fJa1eXTaZcQB4AaABAg,w7zLKYpCozw,5acd745fca17487529965e72afbb7144bf3d51676f64f52839181e6535259ddb,"Bg, next in depth tour Vinfast Limo Green",6,2025-12-19T11:08:20Z,2025-12-19T11:08:20Z,2026-09-19T00:23:14.691226+00:00,"bg, next in depth tour vinfast limo green",,,,,Gemini-API,,,,
UgzhF7CGdLdkLezywhJ4AaABAg,w7zLKYpCozw,3ce01469582bf0e68e6feac287803b6e6a307ef329569a3c47c1aff470dc7626,"Boleh juga nih Geely, design nya masuk dan lucu",6,2025-12-19T13:09:01Z,2025-12-19T13:09:01Z,2026-09-19T00:23:14.691226+00:00,"boleh juga nih geely, design nya masuk dan lucu",,,,,Gemini-API,,,,
UgxnOM2g6i-l6RPjoEZ4AaABAg,w7zLKYpCozw,00b53450c40e7e780a34debdad15d8522e70889beceead6adcc1d90457d87cbe,"Geely sound systemnya ga nahan, bak di dikonser.. mantab bingit",17,2025-12-19T06:04:12Z,2025-12-19T06:04:12Z,2026-09-19T00:23:14.691226+00:00,"geely sound systemnya tidak nahan, bak di dikonser.. mantab bingit",,,,,Gemini-API,,,,
UgywUDz4MOewTj0ucAB4AaABAg,w7zLKYpCozw,28e45bf92caf7d94c0174835640aa21200d4fee552c0bf0f88b3b3f5119fbb24,Dah liat aslinya barusan di mall material trim nya bagus bgt body juga tebal,11,2026-03-11T11:58:11Z,2026-03-11T11:58:11Z,2026-09-19T00:23:14.691226+00:00,dah liat aslinya barusan di mall material trim nya bagus banget body juga tebal,,,,,Gemini-API,,,,
UgwIqXX0SKOi_VWIXYZ4AaABAg,G_acqAJrRso,c8608a84c4ec7e96a3343c427883c4bd159a409a76f32d481027aa7bc8fe997c,"Nunggu jaecoo J2 prime
Harusnya under 100Jt 🎉🎉
Yuk bisa yuk mengingat lcgc aja dulu bisa under 100Jt",0,2025-11-25T13:05:33Z,2025-11-25T13:05:33Z,2026-09-18T04:38:31.419348+00:00,nunggu jaecoo j2 prime harusnya under 100jt 🎉🎉 yuk bisa yuk mengingat lcgc aja dulu bisa under 100jt,,,,,Gemini-API,,,,
UgwKVUY926pj5nMilb94AaABAg,G_acqAJrRso,9836037fbec4507c1c2f0144e2f91f5c1b2748683c7d83f1abe2aebefc509f4f,Hrus ada yang bensin juga dunk 😂,1,2025-11-15T13:43:34Z,2025-11-15T13:43:34Z,2026-09-18T04:38:31.419348+00:00,hrus ada yang bensin juga dunk 😂,,,,,Gemini-API,,,,
Ugw-TrCzR8pPobTnpIx4AaABAg,G_acqAJrRso,7008ea3f3300423b7c7d23481a3854bf8bc25a67ff91eac0782059c6d2f6041b,keren sih. biar orang2 pada pindah gitu dari mobil jepang....hehe,0,2025-12-25T16:28:58Z,2025-12-25T16:28:58Z,2026-09-18T04:38:31.419348+00:00,keren sih. biar orang2 pada pindah gitu dari mobil jepang..hehe,,,,,Gemini-API,,,,
Ugw_RieJvlUK7AHXT1x4AaABAg,bC7X9DplrIc,9171f782accf64a5de662ca3df69fe0be6d623fe74f9fb33188769ec487bdfef,"Di China ini mbl lbh murah dr mbl LCGC, kok disini jd mahal????",2,2026-03-04T16:23:53Z,2026-03-04T16:24:21Z,2026-09-19T00:23:14.522723+00:00,"di china ini mbl lbh murah dari mbl lcgc, kok disini jd mahal??",,,,,Gemini-API,,,,
Ugw-fM5CBv7rl8eg-Jx4AaABAg,bC7X9DplrIc,c3d71c1cadff2f5578f6dbe954959c991d667492881aad7dfb68ef44367df86e,"Ingat byd, ingat hilmi",1,2026-03-04T15:03:07Z,2026-03-04T15:03:07Z,2026-09-19T00:23:14.522723+00:00,"ingat byd, ingat hilmi",,,,,Gemini-API,,,,
UgxR6myWY8aI3QEhmTF4AaABAg,G_acqAJrRso,4ed60f986f44bc44eb2ae820f254811ea055c00fea53df594ae9ef6d07f9c842,udh beli atto 1 dan inden ini pula 😂,0,2025-11-15T16:57:37Z,2025-11-15T16:57:37Z,2026-09-18T04:38:31.419348+00:00,sudah beli atto 1 dan inden ini pula 😂,,,,,Gemini-API,,,,
Ugxo71g7243MqSkcmQt4AaABAg,bC7X9DplrIc,49423a82076c7a2b830d72fea86473ce9598c041ead21b1d0b587bd0d570b195,"utk kelemahan spion gk bsa lipat otomatis dan wiper belakang, apa bisa di custom ya?",0,2026-03-04T21:38:49Z,2026-03-04T21:51:27Z,2026-09-19T00:23:14.522723+00:00,"untuk kelemahan spion tidak bsa lipat otomatis dan wiper belakang, apa bisa di custom ya?",,,,,Gemini-API,,,,
UgwzwRA5kj6Y3d8yHt14AaABAg,bC7X9DplrIc,e5fe75db74a52a65a01b9b1d9220b71bda44ac2a317f503695097c435caa45d7,Loe review tapi cara ngomong jorokin!!!,0,2026-03-05T02:26:37Z,2026-03-05T02:26:37Z,2026-09-19T00:23:14.522723+00:00,loe review tapi cara ngomong jorokin!!,,,,,Gemini-API,,,,
Ugyn-nJ7uVpwN0OHi894AaABAg,bC7X9DplrIc,2e1eb66c47f81a091539eff2e2fd0d19f8498c381865333473e3628c4b44d6fb,Gransi batrei????,1,2026-03-04T22:17:33Z,2026-03-04T22:17:33Z,2026-09-19T00:23:14.522723+00:00,gransi batrei??,,,,,Gemini-API,,,,
Ugw34WjiQEU00C-T3c54AaABAg,G_acqAJrRso,bc6a06a682dc48c55f2249e200356ac9fd16b237bdcc484ae8e4e0ed12f67fd9,Dikasih band gede garang banget ni mobil,1,2026-07-19T01:36:06Z,2026-07-19T01:36:06Z,2026-09-18T04:38:31.419348+00:00,dikasih band gede garang banget ni mobil,,,,,Gemini-API,,,,
UgxVSy9bJzeP3v7bnGJ4AaABAg,bC7X9DplrIc,90e2948dc99b0879d4b016379392d9358d95864df012b610a281b063991bdef1,eittt kolong mana kolong,1,2026-03-06T08:07:25Z,2026-03-06T08:07:25Z,2026-09-19T00:23:14.522723+00:00,eitt kolong mana kolong,,,,,Gemini-API,,,,
Ugw2d3V_CEWUaeaVKvR4AaABAg,G_acqAJrRso,c9a2652526c5ca0e955af05c6248364b1c346056849d0c705fdcaf7b3702dafa,kapan bahas DARION kak?,0,2025-11-18T06:33:58Z,2025-11-18T06:33:58Z,2026-09-18T04:38:31.419348+00:00,kapan bahas darion kak?,,,,,Gemini-API,,,,
Ugw93Bi1pSH1LMZQXlB4AaABAg,bC7X9DplrIc,1d771f6d73af1999cfa120cc57d6fd0d0f0fbd0ab90b89490e70f7d3c40b1eb7,Padang emblem lurus aja ga bisa😂,0,2026-03-05T02:18:30Z,2026-03-05T02:18:30Z,2026-09-19T00:23:14.522723+00:00,padang emblem lurus aja tidak bisa😂,,,,,Gemini-API,,,,
Ugwij7dud6C626qWV_F4AaABAg,bC7X9DplrIc,eb55bfd2e21f549d6efd949d66047644786a281524e316fe6b5981f8dc6c16bd,Cover kolong bawah bisa beli dan pasang dimana ya,1,2026-03-06T12:16:53Z,2026-03-06T12:16:53Z,2026-09-19T00:23:14.522723+00:00,cover kolong bawah bisa beli dan pasang dimana ya,,,,,Gemini-API,,,,
Ugz3OAiPKXORK7Zc4414AaABAg,bC7X9DplrIc,e35fb1d1edf39548407c25772a3ed1a7fa567ae2abdf27aa3069a30fa8128910,kalo nggak salah binguo atau Otto 1 nggak wiper deh,2,2026-03-04T15:48:48Z,2026-03-04T15:48:48Z,2026-09-19T00:23:14.522723+00:00,kalo tidak salah binguo atau otto 1 tidak wiper deh,,,,,Gemini-API,,,,
UgyVdgwSsnx0a6FRx414AaABAg,bC7X9DplrIc,202603e5749b2374e9683a886de0e86c35858cc09389b70e5b8d633519cfdb60,mending jaecoo j5,1,2026-03-05T01:19:42Z,2026-03-05T01:19:42Z,2026-09-19T00:23:14.522723+00:00,lebih baik jaecoo j5,,,,,Gemini-API,,,,
UgzvDl6Ht6OVaXD-0Wh4AaABAg,w7zLKYpCozw,3179d2e7ba7075683a3859a307bf94af2e5e1a66ebb8d419ed0eb56f96db4d78,"Om b channel, Setelah Review Geely EX2 Max,
Next Review Vinfast Limo Green. Ya om b channel, ❤❤❤",3,2025-12-18T20:43:05Z,2025-12-18T20:43:05Z,2026-09-19T00:23:14.691226+00:00,"om b channel, setelah review geely ex2 max, next review vinfast limo green. ya om b channel, ❤❤",,,,,Gemini-API,,,,
Ugz-kb68k4iIZd9TOBd4AaABAg,w7zLKYpCozw,8bf4655516f21b9895885b168057c178e98ccbf9a43736978c4a136460011ec5,👍👍👍,2,2025-12-19T01:05:31Z,2025-12-19T01:05:31Z,2026-09-19T00:23:14.691226+00:00,👍👍,,,,,Gemini-API,,,,
Ugyy8z7EqHrn0H6YzKF4AaABAg,w7zLKYpCozw,c06627ddd324e84cf02f24fc77a4667b816f7f6901734c9d20bab6b02f983aac,Alhamdulillah kebeli juga,1,2026-07-13T16:09:26Z,2026-07-13T16:09:26Z,2026-09-19T00:23:14.691226+00:00,alhamdulillah kebeli juga,,,,,Gemini-API,,,,
UgyBgnKRd2iIZjswC-p4AaABAg,w7zLKYpCozw,7084a2191c9a46bb4f4bd4e14a2f6576704ed2b1c3a7e51ea3582bcdbfd89c53,4:13,0,2025-12-25T12:53:58Z,2025-12-25T12:53:58Z,2026-09-19T00:23:14.691226+00:00,4:13,,,,,Gemini-API,,,,
UgxlUOl1yP5unHBxQpV4AaABAg,G_acqAJrRso,0535612299e7872c73c213131c8ebdbf6bb6ce9303104f0fe9520544aa75efb8,nyesek bgt bisa lbh bagus sekaligus lbh murah drpd XL7 Alpha. kacau...,4,2025-11-14T23:38:01Z,2025-11-14T23:38:01Z,2026-09-18T04:38:31.419348+00:00,nyesek banget bisa lbh bagus sekaligus lbh murah drpd xl7 alpha. kacau..,,,,,Gemini-API,,,,
UgxWK0EsI3yINxUZd3x4AaABAg,w7zLKYpCozw,03990330e4345f67b5a397b6dbcde36b5a3f8c7a3e06c35ce0d5b9f01451eb35,Wau,2,2025-12-18T14:02:16Z,2025-12-18T14:02:16Z,2026-09-19T00:23:14.691226+00:00,wau,,,,,Gemini-API,,,,
UgzBpVT0RjpKix9r8gl4AaABAg,w7zLKYpCozw,fc50e82209ca737d0854aa6f1260983d53ecdc614929574d7022d2b29ba2a05e,Ih gelii😂,0,2026-06-04T07:15:33Z,2026-06-04T07:15:33Z,2026-09-19T00:23:14.691226+00:00,ih gelii😂,,,,,Gemini-API,,,,
Ugz8FZ0m6Lo2SwWC05F4AaABAg,w7zLKYpCozw,98d9f9185db18657ed741f3af628ddb874e6a2ffd3d96ce0e63678ed6c9ab0d2,Blm bisa carplay,0,2025-12-28T10:05:29Z,2025-12-28T10:05:29Z,2026-09-19T00:23:14.691226+00:00,belum bisa carplay,,,,,Gemini-API,,,,
UgwXQY5cpNiVUkBWr_Z4AaABAg,w7zLKYpCozw,87835acd2ffa998b04d75b20d4ea438e3bcd15e1206392a649d628e55e646d31,Blakang Kya strlet ya,0,2026-01-04T09:25:06Z,2026-01-04T09:25:06Z,2026-09-19T00:23:14.691226+00:00,blakang kya strlet ya,,,,,Gemini-API,,,,
UgzA7O9qCK8EFeqzGuB4AaABAg,w7zLKYpCozw,92d42c8afa6e7dc9dc5613cf338464b6de1e29d3fba81d4834b8261b304a9631,"ev paling bener neh, pakai RWD",2,2026-02-05T06:41:51Z,2026-02-05T06:41:51Z,2026-09-19T00:23:14.691226+00:00,"ev paling bener neh, pakai rwd",,,,,Gemini-API,,,,
Ugz2dzI9Wx8oj76fwcd4AaABAg,w7zLKYpCozw,2ed2d8db9cd765514a7d7c644ddd649bcffcf5ec40a1304d9edc5ea77ca6782a,Lebih worth yg pro atau max,1,2025-12-18T15:07:26Z,2025-12-18T15:07:26Z,2026-09-19T00:23:14.691226+00:00,lebih layak yg pro atau max,,,,,Gemini-API,,,,
UgzPuFfy0FGl_5xzCBd4AaABAg,w7zLKYpCozw,6db6dec787bca10d6e9553bc8deb67eb84e8ce6cc9d799261e8ad25597771fda,Mobil listrik pake peredam depan 😂?,1,2026-01-05T04:55:24Z,2026-01-05T04:55:24Z,2026-09-19T00:23:14.691226+00:00,mobil listrik pakai peredam depan 😂?,,,,,Gemini-API,,,,
Ugxumhsfbo2rYdeu2XJ4AaABAg,w7zLKYpCozw,ca1aa063d42695bd5108cbcf9cd0093bc8f48dc817f839acff325bbf51d7c200,Peredam bagasi depan buat apa juga 😂😂,0,2026-09-16T05:41:45Z,2026-09-16T05:41:45Z,2026-09-19T00:23:14.691226+00:00,peredam bagasi depan buat apa juga 😂😂,,,,,Gemini-API,,,,
UgyYpftbN0_xHFEZmw94AaABAg,w7zLKYpCozw,4c7d4bd7b8dd4ae74a2530c7a7db86d2bab155caabcd0fa0c7406eecae425c49,Om B Next IDT VinFast Limo Green di GJAW 😊,5,2025-12-19T06:12:01Z,2025-12-19T06:12:01Z,2026-09-19T00:23:14.691226+00:00,om b next idt vinfast limo green di gjaw 😊,,,,,Gemini-API,,,,
Ugwr_qCPebCcYsVPkQd4AaABAg,w7zLKYpCozw,ff5f60d8c2a24520cba359d9396710235da528dc2005165ec3a217c055ad77aa,Kenapa ga dikasi arm rest belakang ya. Tanggung semua.,0,2026-03-29T10:45:53Z,2026-03-29T10:45:53Z,2026-09-19T00:23:14.691226+00:00,kenapa tidak dikasi arm rest belakang ya. tanggung semua.,,,,,Gemini-API,,,,
Ugw5lZp73geNgmfH-5d4AaABAg,w7zLKYpCozw,f5715e0d97ae17c2d5068dcb1dc4f4ab9449ca4babbbb4ce217ad29c4769a052,Nanggung amat di Thailand udah dikasih wireless charger tengahnya,0,2026-03-31T04:19:17Z,2026-03-31T04:19:17Z,2026-09-19T00:23:14.691226+00:00,nanggung amat di thailand udah dikasih wireless charger tengahnya,,,,,Gemini-API,,,,
UgxUSYjAfvdxXZF6yhJ4AaABAg,w7zLKYpCozw,5814063772a3cec56b193afbf850ae2629efc6bd889ee706c850b609fd6464f9,Hadir,0,2025-12-22T11:26:25Z,2025-12-22T11:26:25Z,2026-09-19T00:23:14.691226+00:00,hadir,,,,,Gemini-API,,,,
UgyiqGBPY0DQkFSOGnN4AaABAg,w7zLKYpCozw,de8e7348b5df97f27e58218de5ef99e7d5a9e5428790758e5e00804b0996bb82,"Geely EX2 Max looks like a very solid EV package for the Indonesian market – price, features, and range seem well balanced.
Your detailed walkaround really helps viewers understand what they get for Rp 273 juta. Great review",5,2025-12-18T16:41:16Z,2025-12-18T16:41:16Z,2026-09-19T00:23:14.691226+00:00,"geely ex2 max looks like a very solid ev package for the indonesian market – price, features, and range seem well balanced. your detailed walkaround really helps viewers understand what they get for rp 273 juta. great review",,,,,Gemini-API,,,,
UgxXpPLT0J0ynXlwwfl4AaABAg,G_acqAJrRso,f22e4d7bb4779d6f126f7dd09d91de3d2461b3db54beaf6cba972a19ea55fe12,klo ngelibas banjir air ngendon/masuk ga di bagasi depan,0,2026-01-21T08:32:34Z,2026-01-21T08:32:34Z,2026-09-18T04:38:31.419348+00:00,kalau ngelibas banjir air ngendon/masuk tidak di bagasi depan,,,,,Gemini-API,,,,
UgxjjVb_Ia8QW4LpU5x4AaABAg,w7zLKYpCozw,2814de796d3745579d8f257212f7da7ffee49c004407cfa8dbdd70bbdb13a93c,Kekuatan volvo ada di geely,0,2026-05-24T03:47:53Z,2026-05-24T03:47:53Z,2026-09-19T00:23:14.691226+00:00,kekuatan volvo ada di geely,,,,,Gemini-API,,,,
UgxwELGShRg8FJcuZ0R4AaABAg,w7zLKYpCozw,1d55e2b15e42d1f10a880f617b58a3aabb8ef991ade888679da88d18dceb701f,Mirip wuling binguo,4,2025-12-18T19:12:22Z,2025-12-18T19:12:22Z,2026-09-19T00:23:14.691226+00:00,mirip wuling binguo,,,,,Gemini-API,,,,
Ugw1zNpdGvuVLlTJP494AaABAg,w7zLKYpCozw,3e91c6b67aca6b7feaa067006aaf7b2b8cabf4a7a24a531bbd5c73099ff63e2f,"Udah spk di gjaw yg lalu. Dari bbrp pilihan ini yg paling masuk selera dan kantong gw. Kalo masih kurang ini itu, ya namanya jg mobil 200 jt an  kalo mau yg gk banyak kurangnya cari aja yg di atas 500 jt an.😂",1,2026-01-08T12:32:04Z,2026-01-08T12:32:04Z,2026-09-19T00:23:14.691226+00:00,"udah spk di gjaw yg lalu. dari bbrp pilihan ini yg paling masuk selera dan kantong gw. kalo masih kurang ini itu, ya namanya jg mobil 200 jt an kalo mau yg tidak banyak kurangnya cari aja yg di atas 500 jt an.😂",,,,,Gemini-API,,,,
UgyiUy9R3UsfANUMeAx4AaABAg,w7zLKYpCozw,c0fc9b4f7669d6fb63a3c039e0f7f11ee65802ff28824f3889d55d8b7bdc0432,Mobil China EV Geely EX2 variant Max warna Quartz Rose metallic serta bumbung hitam untuk wanita tercantik,0,2026-08-19T09:23:42Z,2026-08-19T09:23:42Z,2026-09-19T00:23:14.691226+00:00,mobil china ev geely ex2 variant max warna quartz rose metallic serta bumbung hitam untuk wanita tercantik,,,,,Gemini-API,,,,
Ugy8PqeT0HuTW8wfEyp4AaABAg,w7zLKYpCozw,268c38e041f10332724d15c169db2d10fe7e4ddbb7cf4a1b543989fd3f0b55f4,Ketika ARGB LED dari PC nular ke Mobil.,1,2025-12-18T15:40:44Z,2025-12-18T15:40:44Z,2026-09-19T00:23:14.691226+00:00,ketika argb led dari pc nular ke mobil.,,,,,Gemini-API,,,,
UgzXyfiWLlKnUtyhNmJ4AaABAg,w7zLKYpCozw,4c7d4bd7b8dd4ae74a2530c7a7db86d2bab155caabcd0fa0c7406eecae425c49,"Om B Channel, Setelah IDT Geely EX2 Max, Next IDT VinFast Limo Green Ya Om B Thx Om B Channel 😊",4,2025-12-19T06:15:02Z,2025-12-19T06:15:02Z,2026-09-19T00:23:14.691226+00:00,"om b channel, setelah idt geely ex2 max, next idt vinfast limo green ya om b thx om b channel 😊",,,,,Gemini-API,,,,
UgwWeY2Vsc3OKiKDfXl4AaABAg,w7zLKYpCozw,59b7fd31325fe2c5616ae0fdca06c46faff11ceb3a46d1c53dfed1cb400a707c,hadir om b,2,2025-12-18T14:45:38Z,2025-12-18T14:45:38Z,2026-09-19T00:23:14.691226+00:00,hadir om b,,,,,Gemini-API,,,,
UgxVie9wLy7_MjnW32F4AaABAg,w7zLKYpCozw,ea2b30c50cdb6f438f0a6ea19dd1677e8a1a64257edfbcc7eb91a699dcff8e28,Atto1 auto ketar ketir ini🗿,5,2025-12-19T05:20:00Z,2025-12-19T05:20:00Z,2026-09-19T00:23:14.691226+00:00,atto1 auto ketar ketir ini🗿,,,,,Gemini-API,,,,
Ugy1prv0E2O6Y0VXI3d4AaABAg,w7zLKYpCozw,27bff17a18fe6c267d5fd0f2e8de2e4e66dfe73af4d5f3cdc0a22d2656b0f357,mobil lama kapan direview lagi om b? soalnya udah lama saya request idt suzuki grand escudo 2.0 predashlift 2002 sama mitsubishi maven gls predashlift 2006.,3,2025-12-18T19:54:00Z,2025-12-18T19:54:00Z,2026-09-19T00:23:14.691226+00:00,mobil lama kapan direview lagi om b? soalnya udah lama saya request idt suzuki grand escudo 2.0 predashlift 2002 sama mitsubishi maven gls predashlift 2006.,,,,,Gemini-API,,,,
Ugw7yX6GJicTMms5jwJ4AaABAg,G_acqAJrRso,77578dfed365ae6876b05bb9ed6efdb1e5542095ea7a25e011ed4fe1a24c2621,Yg versi bensinnya kapan masuk Indonesia,0,2025-12-14T02:26:21Z,2025-12-14T02:26:21Z,2026-09-18T04:38:31.419348+00:00,yg versi bensinnya kapan masuk indonesia,,,,,Gemini-API,,,,
UgwM3JigQHrw1Ky12394AaABAg,bC7X9DplrIc,4dee76dddcd5c7593174fc843f25085edbfe312f7650e5c5a309a964dc9466c6,"MINUS paling kacau adalah.. ijiiiin..
SPK dari Nov, sampe hr gini cuma dapat Janji palsu jadwal delivery 🕺",7,2026-03-04T21:22:01Z,2026-03-04T21:22:01Z,2026-09-19T00:23:14.522723+00:00,"minus paling kacau adalah.. ijiin.. spk dari nov, sampe hr gini cuma dapat janji palsu jadwal delivery 🕺",,,,,Gemini-API,,,,
UgyekYwTjjjphMIpc1N4AaABAg,G_acqAJrRso,33e0b2063aabccbb67785a52daad8c1dee643796bfa728d8db0ecdc651cc413f,Chery group terus merangsek pasar Indonesia. Masih nunggu Lepas 4 dan Chery C5 hybrid.,1,2025-11-14T22:31:45Z,2025-11-14T22:31:45Z,2026-09-18T04:38:30.738340+00:00,chery group terus merangsek pasar indonesia. masih nunggu lepas 4 dan chery c5 hybrid.,,,,,Gemini-API,,,,
UgwlfaOm_VSI4S6X4F54AaABAg,G_acqAJrRso,8580dc9e0d0229783fe1d5fd12616dad139d49ef64c12cab8192a9917fc66189,jadi pengen ganti jadi ini.,0,2026-04-09T03:02:18Z,2026-04-09T03:02:31Z,2026-09-18T04:38:31.419348+00:00,jadi pengen ganti jadi ini.,,,,,Gemini-API,,,,
UgxlbMNFeXFaUDJlnal4AaABAg,bC7X9DplrIc,dac5386c35848ff775427658e151455175bec17a51c7e6ad495249662b9acc5c,Hadeuh belum ada spion auto retractnya...,2,2026-03-14T03:53:40Z,2026-03-14T03:53:40Z,2026-09-19T00:23:14.522723+00:00,hadeuh belum ada spion auto retractnya..,,,,,Gemini-API,,,,
Ugx4Lsg-9HUgCg8LYbB4AaABAg,bC7X9DplrIc,147c597ae0a5e77ab3b1b257c5b20c5209c3191e4591d8fcb2929f9aad510492,Kalau 220jt good deal sih ini !,1,2026-03-29T05:01:51Z,2026-03-29T05:01:51Z,2026-09-19T00:23:14.522723+00:00,kalau 220jt good deal sih ini !,,,,,Gemini-API,,,,
UgySTC8qUX87Ap-QcGZ4AaABAg,bC7X9DplrIc,b353c08052620fcad320ff77d42a8d9d8593210e271cd3ac876241162cc98b4f,Terlaris ada waktunya. Klo lewat dari waktunya sptny amomentumnya keburu hilang. Bukti nyata atto 1 vs j5 yg katanya j5 laris manis tapi nyatanya atto 1 yg berhasil membukukan penjualan terbnyk. Yg lain brngnya msh susah,1,2026-03-05T06:38:24Z,2026-03-05T06:38:24Z,2026-09-19T00:23:14.522723+00:00,terlaris ada waktunya. kalau lewat dari waktunya sptny amomentumnya keburu hilang. bukti nyata atto 1 vs j5 yg katanya j5 laris manis tapi nyatanya atto 1 yg berhasil membukukan penjualan terbnyk. yg lain brngnya msh susah,,,,,Gemini-API,,,,
UgyrO1O59-0OLYqSg954AaABAg,bC7X9DplrIc,1df02e9a4e2767088d323565b2a2a218cd992d1e490ab7ce8f90659da65ddeae,Dan di April 2026 ada kemungkinan akan terlihat antrian panjang bbm,1,2026-03-07T06:08:58Z,2026-03-07T06:09:29Z,2026-09-19T00:23:14.522723+00:00,dan di april 2026 ada kemungkinan akan terlihat antrian panjang bbm,,,,,Gemini-API,,,,
UgxHuXsxAjMFQBHOudF4AaABAg,bC7X9DplrIc,c689089d75445e58bdadd55ce87815396167ec8d27a683a3ea28c53340fe960e,Kirain mau ngedrift beneran kyk fast furious,1,2026-03-05T14:27:47Z,2026-03-05T14:27:47Z,2026-09-19T00:23:14.522723+00:00,kirain mau ngedrift beneran kyk fast furious,,,,,Gemini-API,,,,
UgyWGx3XcHilvuzd2KZ4AaABAg,bC7X9DplrIc,6c41aa7140381c72bcdcb4046ae5a480e658ab5c22e87d6b5d7f807c79a45845,"Seandainya kebeli ni mobil, hal yang pertama kali gue ganti adalah velg nya. Velgnya cupu 😢",1,2026-03-09T13:48:38Z,2026-03-09T13:48:38Z,2026-09-19T00:23:14.522723+00:00,"seandainya kebeli ni mobil, hal yang pertama kali gue ganti adalah velg nya. velgnya cupu 😢",,,,,Gemini-API,,,,
Ugw30a7kIZcuFisEcaJ4AaABAg,G_acqAJrRso,49bdddd9c9f4d888f0d80aaedfffe65add3b86c8d39ccec0a19cad3b73c00620,Reborn ganti ini???,0,2025-11-17T06:58:57Z,2025-11-17T06:58:57Z,2026-09-18T04:38:31.419348+00:00,reborn ganti ini??,,,,,Gemini-API,,,,
UgyRceCk_mvkoh6976l4AaABAg,bC7X9DplrIc,1ad70d4bab7b7fadffaea4a224d2250c4fe05c4a17fb46a6dc9c1fbf8194432d,Di China favorit mobil ROLLS-ROYCE DAN MAYBACH.,1,2026-03-24T10:53:50Z,2026-03-24T10:53:50Z,2026-09-19T00:23:14.522723+00:00,di china favorit mobil rolls-royce dan maybach.,,,,,Gemini-API,,,,
UgwToBgHVg1Cd5rOjsl4AaABAg,G_acqAJrRso,b989fcf33b9263954ba64c640d042640397f60268f53eebc7946c36eb8f16929,Baru beli Atto1 jadi geleng2 kepala liat review J5 ini😵‍💫 ini launching setelah saya bayar Lunas atto1 😖 Jadi pengen TT dgn mobil saya lain🤤,2,2025-11-21T01:50:10Z,2025-11-21T01:50:10Z,2026-09-18T04:38:31.419348+00:00,baru beli atto1 jadi geleng2 kepala liat review j5 ini😵‍💫 ini launching setelah saya bayar lunas atto1 😖 jadi pengen tt dengan mobil saya lain🤤,,,,,Gemini-API,,,,
UgxWDzjiSHehrFCuQEt4AaABAg,bC7X9DplrIc,e926bd9dc64d837aa6f125d13c34927b8f8f93e30a7dea87d8e483a48410edaa,"Boleh juga nih Geely ex2, semoga makin banyak brand Mobil Listrik Buatan Indonesia",2,2026-03-09T05:10:12Z,2026-03-09T05:10:12Z,2026-09-19T00:23:14.522723+00:00,"boleh juga nih geely ex2, semoga makin banyak brand mobil listrik buatan indonesia",,,,,Gemini-API,,,,
UgzcvNT9AURiVIekXIh4AaABAg,G_acqAJrRso,85bbd37dcf803561b43a4aaea03792809d3aa99b9dd13031d3e4a36a85ff1172,Cortez lux 250an jt independen,1,2025-11-14T22:34:52Z,2025-11-14T22:34:52Z,2026-09-18T04:38:31.419348+00:00,cortez lux 250an jt independen,,,,,Gemini-API,,,,
UgwjVf8Htfet4mVdKCt4AaABAg,BFp1_jq3zVo,e2087eee620b47107f14ee33ccb9d49c7b1d4f62bae3fbaf493f891170df48bb,Pengen punya tpi kgk punya duit,2,2026-03-31T12:26:03Z,2026-03-31T12:26:03Z,2026-09-19T00:23:14.380689+00:00,pengen punya tpi kgk punya duit,,,,,Gemini-API,,,,
Ugwyg_eRACXfgUvW2hF4AaABAg,BFp1_jq3zVo,161c44cb1193f190ff0c259db5619a2a65060cd1005711ec7aa784cf1d1b8909,Dari dulu ngomong cengengesan & kumur2. Mmg gak ada perubahan yg lebih baik ni orang. Tpi mengapa masih dipertahankan?? Reviewer lain masih bnyk yg bagus walaupun bukan reviewer utama. Ada ciri khas & jelas artikulasinya. Serta tidak cengar cengir gaje spt si kriwul ini 😢😅😂,0,2026-06-28T20:18:53Z,2026-06-28T20:18:53Z,2026-09-19T00:23:14.380689+00:00,dari dulu ngomong cengengesan & kumur2. mmg tidak ada perubahan yg lebih baik ni orang. tpi mengapa masih dipertahankan?? reviewer lain masih bnyk yg bagus walaupun bukan reviewer utama. ada ciri khas & jelas artikulasinya. serta tidak cengar cengir gaje spt si kriwul ini 😢😅😂,,,,,Gemini-API,,,,
UgzobFQVVFLGS632Qet4AaABAg,G_acqAJrRso,6ebf3d783bde9db3fd743ee7eb9a079151b514265473adf54cc36fff58584dea,Sayang bgt tuh arm rest nya nanggung bgt agak2 melehoy terlalu kebawah 😭😭😭😭😭,0,2025-12-26T14:16:58Z,2025-12-26T14:16:58Z,2026-09-18T04:38:31.419348+00:00,sayang banget tuh arm rest nya nanggung banget agak2 melehoy terlalu kebawah 😭😭,,,,,Gemini-API,,,,
UgzZLHTbRR5Z_2-rXHp4AaABAg,BFp1_jq3zVo,35859975aadf9db2466c27a6b3af623f5ac0816a7c5de71fb285cdd696c3487b,"jadi kesimpulan nye ape ngeheee, ngemeng setengah jem kaga ada kesimpulan sesuai judul ente, cukimai juga",0,2026-04-19T04:16:18Z,2026-04-19T04:16:18Z,2026-09-19T00:23:14.380689+00:00,"jadi kesimpulan nye ape ngehee, ngemeng setengah jem kaga ada kesimpulan sesuai judul ente, cukimai juga",,,,,Gemini-API,,,,
Ugz5eBbZ-8dDIFdDaw94AaABAg,BFp1_jq3zVo,b7cd236693aaf4a1d5322d41cfcd0d706afda1fc5d757560e8865c413bc779ca,"Otak pintar penting, tapi teknik presentasi diri dan materi juga tak kalah penting. Sepertinya beliau ini masih kalah di area ini, dibanding koleganya yg lain",0,2026-03-31T12:31:00Z,2026-03-31T12:31:00Z,2026-09-19T00:23:14.380689+00:00,"otak pintar penting, tapi teknik presentasi diri dan materi juga tak kalah penting. sepertinya beliau ini masih kalah di area ini, dibanding koleganya yg lain",,,,,Gemini-API,,,,
UgyEy0ZLb1L5t_hqRel4AaABAg,G_acqAJrRso,34ffad4105c8e214b837c892643a550d75bf3f4bb35f896fab622e0321080db7,Wahhhhhh.... Tp inden lama yaaa,0,2026-05-20T08:33:43Z,2026-05-20T08:33:43Z,2026-09-18T04:38:31.419348+00:00,wahh.. tapi inden lama yaa,,,,,Gemini-API,,,,
Ugx4ORuTQiyOqkMgQix4AaABAg,G_acqAJrRso,49150436de11ac201e109b0265dd9ca9f3ba238a8debdfc523f05542087e85a8,41:18 wtf hahahaha,36,2025-11-15T01:04:33Z,2025-11-15T01:04:33Z,2026-09-18T04:38:31.419348+00:00,41:18 wtf hahahaha,,,,,Gemini-API,,,,
Ugwha5Q2LQic80_CF3d4AaABAg,BFp1_jq3zVo,e88e63826f9c1806c9f186326a72c187a4224c45d3105d67e192c1375d2ee08a,Pengen bgt EV tapi msh mikir klo dibw keluar kota yg daerah krn saya ga suka lewat tol... 😢,0,2026-03-31T19:14:54Z,2026-03-31T19:14:54Z,2026-09-19T00:23:14.379690+00:00,pengen banget ev tapi msh mikir kalau dibw keluar kota yg daerah karena saya tidak suka lewat tol.. 😢,,,,,Gemini-API,,,,
Ugy5rEvrel6YBfS6pHB4AaABAg,BFp1_jq3zVo,15244392b07395264cd482b7d1a17d02c4dfbabce1b214b30fa2d549a524f816,"Mas maaf neeh, tolong pas ngomong diatur nafasnya ia karna kadang terdengar seperti menggumam dan tolong santai aja jelasinnya.. maaf loch, soalnya klo pas voice over tuh lebih enak semua jelas dan ngga terkesan ngap-ngap.. pokoknya cuman masalah jam terbang aja sih yg pasti semangat Mase...",1,2026-04-05T05:43:13Z,2026-04-05T05:43:30Z,2026-09-19T00:23:14.379690+00:00,"mas maaf neeh, tolong pas ngomong diatur nafasnya ia karna kadang terdengar seperti menggumam dan tolong santai aja jelasinnya.. maaf loch, soalnya kalau pas voice over tuh lebih enak semua jelas dan tidak terkesan ngap-ngap.. pokoknya cuman masalah jam terbang aja sih yg pasti semangat mase..",,,,,Gemini-API,,,,
UgxnVXcT9Usk2scwsVZ4AaABAg,BFp1_jq3zVo,cb28f3874da80b7853b2b0d7698bc712e2524abeb6ec0963c074636cab7f751f,"Bukan bung FE, skip.",0,2026-04-03T03:24:43Z,2026-04-03T03:24:43Z,2026-09-19T00:23:14.379690+00:00,"bukan bung fe, skip.",,,,,Gemini-API,,,,
UgyU7ZVhKD8PAJkGNFx4AaABAg,BFp1_jq3zVo,ae14f67cca166fbe27d4c00a8cad721b6e0265391b15b134eb048b6acc76f45b,"Atto 1 jauh lebih keren modelnya, ini model retro, sorry gua gak suka !!",0,2026-04-11T00:47:58Z,2026-04-11T00:48:41Z,2026-09-19T00:23:14.379690+00:00,"atto 1 jauh lebih keren modelnya, ini model retro, sorry gua tidak suka !!",,,,,Gemini-API,,,,
UgxK9DJGU117rEy9URt4AaABAg,G_acqAJrRso,2705d85a07c39f5c7e46b97a5c22f4f9637f41155fae0f902a977fad542070af,"Di menit 1:07 dia ngomong, ""simak di uwurgehe...""😂😂😂",4,2025-11-14T17:39:35Z,2025-11-14T17:39:35Z,2026-09-18T04:38:31.419348+00:00,"di menit 1:07 dia ngomong, ""simak di uwurgehe..""😂😂",,,,,Gemini-API,,,,
UgxkqVdwM4SI27i0mK54AaABAg,G_acqAJrRso,1fe065b204438973d566624a7ba31ba777dbc7c2c5a2ffbc69ade53168785345,Apakah ini termasuk dalam kategori barang elektronik?😂,0,2025-11-17T04:27:24Z,2025-11-17T04:27:24Z,2026-09-18T04:38:31.419348+00:00,apakah ini termasuk dalam kategori barang elektronik?😂,,,,,Gemini-API,,,,
Ugxhn2lXEgftmGKWUAt4AaABAg,BFp1_jq3zVo,c3950409989dc021ca4888e2dd1980773b04b09b7d8a779f4dd2a3e81e61ebee,Sama aion ut fun to drivenya enakan  mana???,0,2026-04-01T01:29:20Z,2026-04-01T01:29:20Z,2026-09-19T00:23:14.379690+00:00,sama aion ut fun to drivenya enakan mana??,,,,,Gemini-API,,,,
Ugzs2UrzQn-jJtgiMAl4AaABAg,bC7X9DplrIc,2be3d9309d97e69f33cf5b1117535d14f9054552e2073d9780e82c17353054a3,"Kemarin aja baru handover 5.000 unit, setelah handover 5.000 unit di batch 1 katanya bulan depan handover lagi apakah nanti yang dapet bulan April jumlahnya bakalan lebih banyak dari 5.000 unit itu 🤔",1,2026-03-04T15:17:37Z,2026-03-04T15:20:11Z,2026-09-19T00:23:14.522723+00:00,"kemarin aja baru handover 5.00 unit, setelah handover 5.00 unit di batch 1 katanya bulan depan handover lagi apakah nanti yang dapet bulan april jumlahnya bakalan lebih banyak dari 5.00 unit itu 🤔",,,,,Gemini-API,,,,
UgzJTn9buMNbKQVOkJZ4AaABAg,bC7X9DplrIc,960f36b6a42836a17dd0ff82f87f58ea569bcd7b169ec64669abdf8fb6cb7173,"selain Mirror, dan minus wiper ada juga terkait keyless yang tidak ada di sisi pintu penumpang..",10,2026-03-05T00:29:14Z,2026-03-05T00:29:14Z,2026-09-19T00:23:14.522723+00:00,"selain mirror, dan minus wiper ada juga terkait keyless yang tidak ada di sisi pintu penumpang..",,,,,Gemini-API,,,,
UgxJRvKB9RQO-1V5lwN4AaABAg,G_acqAJrRso,faa999640526d3655c93bd8aed6685a37fa3dd1b2af6af8f3edbffaaf68f01bf,Review byd atto 3 dongg,0,2026-09-11T02:21:01Z,2026-09-11T02:21:01Z,2026-09-18T04:38:31.419348+00:00,review byd atto 3 dongg,,,,,Gemini-API,,,,
Ugww6kfPeJVr-P1E9u14AaABAg,G_acqAJrRso,5db6b33bb15a66e690eb12e7b5ed21f561d8f92a7a72c5a139436ad35c662584,nice,0,2025-11-14T22:56:30Z,2025-11-14T22:56:30Z,2026-09-18T04:38:31.419348+00:00,nice,,,,,Gemini-API,,,,
UgzT-RnYtdW0CetKId94AaABAg,G_acqAJrRso,33284f515bb254fcdb3d222baa36e70c8dd6a1accd2845d978873174b4d45c87,"BISMILLAAH

INSYA ALLAH KU MAU BELI 2 MOBIL INI

IBUKU PASTI SENANG SEKALI


ALHAMDULILLAAH


SEMOGA KALIAN SEMUA JUGA BISA MEMBELI 2 MOBIL INI

AAMIIN YAA ALLAH",3,2025-11-15T11:55:46Z,2025-11-15T11:55:46Z,2026-09-18T04:38:31.419348+00:00,bismillaah insya allah ku mau beli 2 mobil ini ibuku pasti senang sekali alhamdulillaah semoga kalian semua juga bisa membeli 2 mobil ini aamiin yaa allah,,,,,Gemini-API,,,,
UgyCxVyBpS9as9Mh-sl4AaABAg,bC7X9DplrIc,8aba671478d4c342a9269cfe0e33ce38042b3e2d564ba5527b5d068274ea6bd9,🫶🫴🩵🩷,1,2026-03-06T08:21:00Z,2026-03-06T08:21:00Z,2026-09-19T00:23:14.522723+00:00,🫶🫴🩵🩷,,,,,Gemini-API,,,,
UgzL6aEPjQb3l84AxbR4AaABAg,bC7X9DplrIc,5a2fc4848202a9effac694d7b4825e3ecdfdc681fc0e3b943346989c1325f9cc,Kok bisa ya ada kamera 540 tapi gak bisa retractable mirror?,28,2026-03-04T16:05:12Z,2026-03-04T16:05:12Z,2026-09-19T00:23:14.522723+00:00,kok bisa ya ada kamera 540 tapi tidak bisa retractable mirror?,,,,,Gemini-API,,,,
UgyfQdWkktuQiWyWfSB4AaABAg,bC7X9DplrIc,c18bcb68c6ccaa2f7eea8ba727e31f594b299e85a4464881dd9bee5d77bde5c7,"Dek kolong
Android auto / apple carplay

BIG MINUS NYA NIH 
sisanya mah ok lah",1,2026-03-16T01:05:59Z,2026-03-16T01:05:59Z,2026-09-19T00:23:14.522723+00:00,dek kolong android auto / apple carplay big minus nya nih sisanya mah ok lah,,,,,Gemini-API,,,,
Ugwq1kJAl1n9oxZo-0t4AaABAg,bC7X9DplrIc,a4653e00ad0bdc68b12cb84e803597187158e473745a0274f4c11ac38fbb2e19,Yg di jual masal dan yg udah di terima konsumen tidak ada cover bawah nya..jadi ngeri2 sedap,3,2026-03-04T20:59:13Z,2026-03-04T20:59:13Z,2026-09-19T00:23:14.522723+00:00,yg di jual masal dan yg udah di terima konsumen tidak ada cover bawah nya..jadi ngeri2 sedap,,,,,Gemini-API,,,,
UgwfE7ZBbvf1B1J9J2h4AaABAg,bC7X9DplrIc,a7de6631dcc899f9ed5bebd1aec7bc921d83814fdc42f24276a7994e5ef3c0b2,Minusnya buka PO desember sampai hari ini blm terima unitnya,34,2026-03-04T15:27:35Z,2026-03-04T15:27:35Z,2026-09-19T00:23:14.522723+00:00,minusnya buka po desember sampai hari ini belum terima unitnya,,,,,Gemini-API,,,,
UgwOhwJt8TWTTwGfv3N4AaABAg,bC7X9DplrIc,187ecde156eeb38bfd75b1ac1a042c8348c9badde89c7cc77be55d89df8d7d0d,"Ini mah keluyuran di BSD dan Serpong, hehehe....",0,2026-04-17T01:36:50Z,2026-04-17T01:36:50Z,2026-09-19T00:23:14.522723+00:00,"ini mah keluyuran di bsd dan serpong, hehehe..",,,,,Gemini-API,,,,
UgzMyRAZ0qu5ilb2yKx4AaABAg,bC7X9DplrIc,35a111824aca8cb3e211092fa2153d8a28ac777b935473b2a124dde91090247b,"to be honest lah, cuma byd dan wuling aja merk EV yang laris di Indo, selain dari itu gaakan laris walau spek sebagus apapun karena BRAND mereka semua masih lemah",3,2026-03-08T05:35:20Z,2026-03-08T05:35:20Z,2026-09-19T00:23:14.522723+00:00,"to be honest lah, cuma byd dan wuling aja merk ev yang laris di indo, selain dari itu gaakan laris walau spek sebagus apapun karena brand mereka semua masih lemah",,,,,Gemini-API,,,,
Ugw7W4Y_3mgttG4reuB4AaABAg,bC7X9DplrIc,2bfcc0b1f40473dcb049880c5938eadf11df6f8bc88734c204f3bd998a2da914,😎,1,2026-03-05T04:08:29Z,2026-03-05T04:08:29Z,2026-09-19T00:23:14.522723+00:00,😎,,,,,Gemini-API,,,,
UgxgXYen7GmPd98fkiZ4AaABAg,G_acqAJrRso,53b925f1252989dbb66774067366eaf0acbf146ca220480f41759e89045c2460,"editor om botak naik gaji,,,gokil",0,2025-11-16T23:49:46Z,2025-11-16T23:49:46Z,2026-09-18T04:38:31.419348+00:00,"editor om botak naik gaji,,gokil",,,,,Gemini-API,,,,
Ugz4SLS-1kGitr1kBWZ4AaABAg,G_acqAJrRso,1f8e081f9e447ec3c64e0aaf2cc8cd212ddfbb25ebc86ad5627c9946284185b2,Auto SPK nunggu dateng unit akhir bulan😊,6,2025-11-14T11:57:19Z,2025-11-14T11:57:19Z,2026-09-18T04:38:31.419348+00:00,auto spk nunggu dateng unit akhir bulan😊,,,,,Gemini-API,,,,
UgyaM6rc9V3uhvyu6Ix4AaABAg,bC7X9DplrIc,161c44cb1193f190ff0c259db5619a2a65060cd1005711ec7aa784cf1d1b8909,Tulisan miring di mobil test drive itu. Saya kmrn liat di pameran gara2 abis nonton video ini gak miring kok hahaha. Gak bener itu yg masang lagi miring kepalanya 😅😂,0,2026-06-12T10:20:03Z,2026-06-12T10:20:03Z,2026-09-19T00:23:14.522723+00:00,tulisan miring di mobil test drive itu. saya kmrn liat di pameran gara2 abis nonton video ini tidak miring kok hahaha. tidak bener itu yg masang lagi miring kepalanya 😅😂,,,,,Gemini-API,,,,
UgycWFWFHNRCaDHqbud4AaABAg,bC7X9DplrIc,cb1b87655539522a62f6160eedf7f9b067ab445c4f3d910f8bb523329bd131ce,"Satu lagi minusnya, katanya belum bisa parkir pararel",0,2026-04-04T09:24:24Z,2026-04-12T10:12:53Z,2026-09-19T00:23:14.522723+00:00,"satu lagi minusnya, katanya belum bisa parkir pararel",,,,,Gemini-API,,,,
Ugxq0Ke9z8I4FIxTmxZ4AaABAg,G_acqAJrRso,e667e41a12302eb010183112da8441fc9a8ffc156663c63ab490d3ec9f0fc57d,"Kurang ban serep aja sebetulnya mobil ini. Wajib ada di Indonesia, minimal yang temporary deh",2,2025-11-15T09:01:41Z,2025-11-15T09:01:41Z,2026-09-18T04:38:31.419348+00:00,"kurang ban serep aja sebetulnya mobil ini. wajib ada di indonesia, minimal yang temporary deh",,,,,Gemini-API,,,,
UgymoQ-OnHfPEXDoxuB4AaABAg,bC7X9DplrIc,3ef2082c9b7817d33067ec98b1637771d02c146cb0a7e7baee12fa607c541b4d,"Tikus curut namanya..yg suka makan kabel2,pakaian..semprot aja kolong mobil pakai Baygon apa hit..berdasarkan pengalaman..LC kami kabel2nya pernah di makan tikus..anjuran mekanik toyotanya..manjur..sampai saat ini garage sdh aman dari gerombolan tikus curut",3,2026-03-15T06:36:47Z,2026-03-15T06:36:47Z,2026-09-19T00:23:14.522723+00:00,"tikus curut namanya..yg suka makan kabel2,pakaian..semprot aja kolong mobil pakai baygon apa hit..berdasarkan pengalaman..lc kami kabel2nya pernah di makan tikus..anjuran mekanik toyotanya..manjur..sampai saat ini garage sudah aman dari gerombolan tikus curut",,,,,Gemini-API,,,,
UgwQdVweRtQXGaXZKZ94AaABAg,bC7X9DplrIc,35bba60cf43ea89055eb8b4dae36318e5a8a8312c2a21cec746e7967e453f75a,anehhh bgt ni merk,1,2026-03-04T17:58:38Z,2026-03-04T17:58:38Z,2026-09-19T00:23:14.522723+00:00,anehh banget ni merk,,,,,Gemini-API,,,,
Ugx72BonHuHIgjAo6KR4AaABAg,G_acqAJrRso,bb29f38b21787cbaecb147da859cb5818c90cdeee369fa866217c2ca5babba24,Kebayang ad 7 seaternya langsung jadi market leader 😍😍,1,2025-11-21T13:38:00Z,2025-11-21T13:38:00Z,2026-09-18T04:38:31.419348+00:00,kebayang ad 7 seaternya langsung jadi market leader 😍😍,,,,,Gemini-API,,,,
Ugxp9i6rhS3-oXwlf7V4AaABAg,G_acqAJrRso,5413922ca4643b45e5c8b91c143a5e47d51db5947f4b191d98e48d98fec6ead8,41:22 adalah bahasa review untuk alam lain😂,1,2025-11-24T05:01:02Z,2025-11-24T05:01:02Z,2026-09-18T04:38:31.419348+00:00,41:22 adalah bahasa review untuk alam lain😂,,,,,Gemini-API,,,,
UgxabN86Swc0X01uSi94AaABAg,bC7X9DplrIc,4109bca6298fbc3f32a5a13a83b294058512a00d254094c603d81f0a7040682f,Mobil kecil itu napin pemisah yg ditengah segede gaban.. Ngga guna 😂 bikin sempit,1,2026-03-27T11:17:07Z,2026-03-27T11:17:07Z,2026-09-19T00:23:14.522723+00:00,mobil kecil itu napin pemisah yg ditengah segede gaban.. tidak guna 😂 bikin sempit,,,,,Gemini-API,,,,
UgyTdBof4Y6ALsJASvR4AaABAg,bC7X9DplrIc,f811cd23aea5c885857579d473741a3ed402a2e9a7fe2ee7d4e981fe34234ce7,Selain hujan banyak 🐀🐀 mutant,1,2026-03-04T23:49:18Z,2026-03-04T23:49:18Z,2026-09-19T00:23:14.522723+00:00,selain hujan banyak 🐀🐀 mutant,,,,,Gemini-API,,,,
UgzFNL4ca-gOQCAo2MZ4AaABAg,z1fWo8tYynA,5036290cc2331f56a217751bff9af5b17feb0247e582e1186347d4edbbfe43a9,Pertamax👍🏻,0,2025-09-17T12:16:19Z,2025-09-17T12:16:19Z,2026-09-19T00:23:10.960426+00:00,pertamax👍🏻,,,,,Gemini-API,,,,
UgysKdaVsExr8WJFbWd4AaABAg,bC7X9DplrIc,b260c21491adb94f3eef6db38f1b709f54080398e348f6fea537433a436cfa90,Kembaran nya Dari Geely HX2 jika di Luar negeri saja walaupun bedanya sudah menggunakan mesin PHEV 🤯,2,2026-03-04T15:37:11Z,2026-03-04T15:37:11Z,2026-09-19T00:23:14.522723+00:00,kembaran nya dari geely hx2 jika di luar negeri saja walaupun bedanya sudah menggunakan mesin phev 🤯,,,,,Gemini-API,,,,
UgyaJohgEBrPbvJ_Qgh4AaABAg,G_acqAJrRso,52557b2ab2704ea2fcfb2503048b9574f9ad8e485ca08e0bb3b1ed5e241f8aa6,"4:30 ""the blutus dewais is lidi tuper""",0,2026-05-06T16:18:52Z,2026-05-06T16:18:52Z,2026-09-18T04:38:31.419348+00:00,"4:30 ""the blutus dewais is lidi tuper""",,,,,Gemini-API,,,,
UgzSS5NDMeRi0I8z4Gt4AaABAg,G_acqAJrRso,216aeb3a7549a291bc53571535b85ee0b00166caf6fe5720da0fe0f031caa88c,"gila sih ini 😂 seperti nya era energi mandiri di sini sdh dimulai, fix sy akan jual mosin beli EV sisanya bangun PLTS kecil2 an masih cukup uangnya walau tambah kredit dikit masih sangat worted bgt MERDEKAAA etanol!!!",1,2025-11-15T21:34:16Z,2025-11-15T21:34:16Z,2026-09-18T04:38:31.419348+00:00,"gila sih ini 😂 seperti nya era energi mandiri di sini sudah dimulai, fix sy akan jual mosin beli ev sisanya bangun plts kecil2 an masih cukup uangnya walau tambah kredit dikit masih sangat worted banget merdekaa etanol!!",,,,,Gemini-API,,,,
UgxLWU_bYtHRg-WZXQB4AaABAg,G_acqAJrRso,803a3d5e4c5c35e2b718dbf5d3bdbaf2ae7d67c9c0f2b42d04cafc1579db7556,ganti velg vossen palah 5 udah keren bgt ini 🥰😍,0,2025-11-15T16:00:01Z,2025-11-15T16:00:01Z,2026-09-18T04:38:31.419348+00:00,ganti velg vossen palah 5 udah keren banget ini 🥰😍,,,,,Gemini-API,,,,
UgyriHWC9K1CBBeYGnN4AaABAg,w7zLKYpCozw,577bbc419913f1c24bdc4f506daf3ac9e6506584ce4c3c0ef733f11e3085174b,"Kan ga perlu peredam bang, cover spy rangkanya ga kelihatan",0,2025-12-18T14:20:05Z,2025-12-18T14:20:05Z,2026-09-19T00:23:14.691226+00:00,"kan tidak perlu peredam bang, cover spy rangkanya tidak kelihatan",,,,,Gemini-API,,,,
UgzcQMo0ujtJGStxByJ4AaABAg,G_acqAJrRso,9ec4982c491fc0270a69074146e7b487af42177447966fbb83c888eb8692ab7c,Udah spk yg warna ijo 😅,2,2025-11-20T16:15:02Z,2025-11-20T16:15:02Z,2026-09-18T04:38:31.419348+00:00,udah spk yg warna ijo 😅,,,,,Gemini-API,,,,
Ugz5atE4hJCTVdoXrfB4AaABAg,w7zLKYpCozw,5fa9f7aa86e4ea3ce101f1c5ab2c58f32e8c2a6d481a2c8d645cd50c6ce9f1d8,Bagasi depan bisa diisi genset 2500watt.,0,2026-01-23T00:41:27Z,2026-01-23T00:41:27Z,2026-09-19T00:23:14.691226+00:00,bagasi depan bisa diisi genset 2500watt.,,,,,Gemini-API,,,,
UgyCYLizWWIh4899SO54AaABAg,dEJ4VEjH1AQ,e445abeb812948af991bdb017c24c88ab0773f82803875df069131cdf37bd54d,Mobil2 jepun akhirnya kalah dgn mobil2 china seperti hp nokia yg klh saing dngn samsung,0,2025-11-30T01:42:48Z,2025-11-30T01:42:48Z,2026-09-19T00:23:14.870779+00:00,mobil2 jepun akhirnya kalah dengan mobil2 china seperti hp nokia yg klh saing dngn samsung,,,,,Gemini-API,,,,
UgwR9qY3PPPDPWZ2AgR4AaABAg,dEJ4VEjH1AQ,0e7c792082131f06487ad9d6c5dd729a511cebb18dd911fa3462a12495da7b26,Om Audy kenapa memilih Hybrid ketimbang EV?,0,2025-11-24T15:17:27Z,2025-11-24T15:17:27Z,2026-09-19T00:23:14.870779+00:00,om audy kenapa memilih hybrid ketimbang ev?,,,,,Gemini-API,,,,
Ugw-skQSsB4_d6Q6tjN4AaABAg,G_acqAJrRso,cf1ef843564cf89b351fcc8b317420a6560cef4579f6e591cbae90263cb43a7a,Ada yg hitung berapa kali dia bilang “mobil 300 juta”,0,2025-11-16T12:56:45Z,2025-11-16T12:56:45Z,2026-09-18T04:38:30.738340+00:00,ada yg hitung berapa kali dia bilang “mobil 300 juta”,,,,,Gemini-API,,,,
UgyFO0tVMGkd4QYdJi14AaABAg,dEJ4VEjH1AQ,b32750fa5112d1295bb961239a6bd4eb73e4ed8e7c37b5e8f3c8c5463f8dc13b,velg parah,0,2025-12-13T14:40:17Z,2025-12-13T14:40:17Z,2026-09-19T00:23:14.870779+00:00,velg parah,,,,,Gemini-API,,,,
UgyIx_RopjZdeuqJia94AaABAg,dEJ4VEjH1AQ,c07520d0a189086e9961287165149395a52b7382fe8d1216d9565af46ddacd55,"Avanza 4,1m-an bisa 3 baris..",0,2025-11-24T14:12:27Z,2025-11-24T14:12:27Z,2026-09-19T00:23:14.870779+00:00,"avanza 4,1m-an bisa 3 baris..",,,,,Gemini-API,,,,
UgxiUVQVNfS3HHd3uuF4AaABAg,dEJ4VEjH1AQ,4b3ba53c9ee0a7d121512d574c53aac653ea7c5579eee3d6c470e8634e8fae9e,Beda kelas Ama Changan lumin,1,2025-11-24T12:29:44Z,2025-11-24T12:29:44Z,2026-09-19T00:23:14.870779+00:00,beda kelas ama changan lumin,,,,,Gemini-API,,,,
Ugxqo9bDJcCVnclxvat4AaABAg,dEJ4VEjH1AQ,b6db0c595d5cb6bf5ddd1d99762de7881c799295a31519b9bc04e86cb8af6751,siapa rivalnya di mobil ini?,3,2025-11-24T12:37:40Z,2025-11-24T12:37:40Z,2026-09-19T00:23:14.870779+00:00,siapa rivalnya di mobil ini?,,,,,Gemini-API,,,,
UgxhNNFmgTxOgn4XQ3t4AaABAg,G_acqAJrRso,230f75aafdedb60cab414f540f09c0c878daeb56f47095ec262d1a92e9fa2a14,gemetar yang lain,1,2025-11-15T12:33:58Z,2025-11-15T12:33:58Z,2026-09-18T04:38:30.738340+00:00,gemetar yang lain,,,,,Gemini-API,,,,
UgyVRpYriOV9xFrhR9x4AaABAg,dEJ4VEjH1AQ,ffadf431d9173ff9a24e2d0d8b2b9c55367be8e963572ca99a4d0676331f5afd,Geely ini yg satu grup sm volvo bukan? Yg iklannya ketiban truk macem volvo?,1,2025-11-25T11:34:07Z,2025-11-25T11:34:07Z,2026-09-19T00:23:14.870779+00:00,geely ini yg satu grup sama volvo bukan? yg iklannya ketiban truk macem volvo?,,,,,Gemini-API,,,,
Ugyu9q7OAfjewBw8KSJ4AaABAg,dEJ4VEjH1AQ,51e47ca0e673a85a2f9ebc8ab94db050bfa0efdf2adbf547a90d55a524d6ba8d,Kalah lah sama Atto 1 kan atto ada yang under 200,0,2025-11-27T15:54:23Z,2025-11-27T15:54:23Z,2026-09-19T00:23:14.870779+00:00,kalah lah sama atto 1 kan atto ada yang under 200,,,,,Gemini-API,,,,
UgyPKFrRItjRh3g7rG94AaABAg,dEJ4VEjH1AQ,1ffdd7b71d8b758ba2fda70c8489c5f6f1ac50efa1cd48b3043031f7decb71d5,"Beli yg varian Pro sudah sangat worth it, dari segi dimensi dan tenaga emang sedikit diatas Binguo dan Atto1 kelasnya

pilihannya antara Atto1 Dynamic atau Ex2 Pro aja, lupakan Binguo",1,2025-11-25T13:54:13Z,2025-11-25T13:54:13Z,2026-09-19T00:23:14.870779+00:00,"beli yg varian pro sudah sangat layak it, dari segi dimensi dan tenaga emang sedikit diatas binguo dan atto1 kelasnya pilihannya antara atto1 dynamic atau ex2 pro aja, lupakan binguo",,,,,Gemini-API,,,,
UgzoapC0r_1T_ZRQWiR4AaABAg,dEJ4VEjH1AQ,8ccc59ceb6b161c0ba8af17691aeaef090bff822334bd909af19e564ae2b67d1,jepang makin teriak panik,4,2025-11-25T16:36:06Z,2025-11-25T16:36:06Z,2026-09-19T00:23:14.870779+00:00,jepang makin teriak panik,,,,,Gemini-API,,,,
UgwPK2R33j3uk61etRl4AaABAg,dEJ4VEjH1AQ,db2d0c4b2409c282564727e540329659b36ce5653920eec9131c5e680b016b01,kenapa hobi banget ga pake wiper belakang ya😢,2,2025-11-25T10:42:51Z,2025-11-25T10:42:51Z,2026-09-19T00:23:14.870779+00:00,kenapa hobi banget tidak pakai wiper belakang ya😢,,,,,Gemini-API,,,,
UgxvCdrji5eH7TV3nE94AaABAg,dEJ4VEjH1AQ,e9f9021ba096cfc68dee484bd9347b0d72e70ccccfd1ede1072d74bfc8df1acf,Sayang sekali seinnya di kiri bukan kanan macam byd,1,2025-11-24T15:34:19Z,2025-11-24T15:34:19Z,2026-09-19T00:23:14.870779+00:00,sayang sekali seinnya di kiri bukan kanan macam byd,,,,,Gemini-API,,,,
Ugzp0MjSHFzpbJ9Ahv14AaABAg,G_acqAJrRso,f87d36fe924f672fe0bb0193491bd18629aeaff24ba9399d6eac3170a8dbc457,Pasti datang ke garasi rumah saya terima kasih ❤❤❤,0,2025-11-18T11:15:07Z,2025-11-18T11:15:07Z,2026-09-18T04:38:31.419348+00:00,pasti datang ke garasi rumah saya terima kasih ❤❤,,,,,Gemini-API,,,,
Ugxr0RWMHkqHWARsb_p4AaABAg,dEJ4VEjH1AQ,012f650105ac514c697dd2b128e9118ff2b7299efc832e7583a70dcccafbfc12,Persis atau percis???,0,2025-11-29T11:02:43Z,2025-11-29T11:02:43Z,2026-09-19T00:23:14.870779+00:00,persis atau percis??,,,,,Gemini-API,,,,
Ugz7hztkLTWzlydd6zd4AaABAg,G_acqAJrRso,ead8b75d399ab0a9a408abd1af61528b57a079d73b21ccdc93540da792621107,"Udah dicoba di moladin tembus 470km sampe battery nya habis
Gokil ini jaecoo good job!",0,2025-11-27T07:52:28Z,2025-11-27T07:52:28Z,2026-09-18T04:38:31.419348+00:00,udah dicoba di moladin tembus 470km sampe battery nya habis gokil ini jaecoo good job!,,,,,Gemini-API,,,,
UgycMHnF22-I7qbVx1F4AaABAg,dEJ4VEjH1AQ,b4e2119a88ce248adf4d1cbbbfa7fbc87aa61b96ad677416a81181ec9f2a5464,"Ex2 harusnya laku keras klw dealer sudah merata diberbagai daerah, tinggal komitmen sebaran dealer dan harusnya lifetime warranty utk bikin tenang konsumen yg beralih dari ICE.
Worth it harga sgitu mirip proton emas ga kemahalan utk kelasnya",3,2025-11-24T12:54:22Z,2025-11-24T12:54:22Z,2026-09-19T00:23:14.870779+00:00,"ex2 harusnya laku keras klw dealer sudah merata diberbagai daerah, tinggal komitmen sebaran dealer dan harusnya lifetime warranty untuk bikin tenang konsumen yg beralih dari ice. layak it harga sgitu mirip proton emas tidak kemahalan untuk kelasnya",,,,,Gemini-API,,,,
Ugw6aRouPWQ5QKPoDmR4AaABAg,dEJ4VEjH1AQ,8dd751ec0da85cf83abf0fe08cd2d876f77bb952d898e662bf1debcd35078f49,"PERSIS bang, bukan PERCIS....",1,2025-11-26T10:00:48Z,2025-11-26T10:00:48Z,2026-09-19T00:23:14.870779+00:00,"persis bang, bukan percis..",,,,,Gemini-API,,,,
UgwlRw97oWQ3N4tnzKF4AaABAg,G_acqAJrRso,2bbdc116143728502d330a28134ac934f5aa4fbe45317e9d49634a9d9549ad17,Lucu banget di akhir video 😂,1,2025-12-19T03:38:07Z,2025-12-19T03:38:07Z,2026-09-18T04:38:31.419348+00:00,lucu banget di akhir video 😂,,,,,Gemini-API,,,,
UgyuUqi56TfH_U35mvx4AaABAg,dEJ4VEjH1AQ,925b02190b33a8fe4f2351e1c1e9ade16c964660e81591a1d62b784c5c0f77e0,Ga sampe 9 detik 0-100km/h 👍,0,2026-01-14T11:29:52Z,2026-01-14T11:29:52Z,2026-09-19T00:23:14.870779+00:00,tidak sampe 9 detik 0-100km/h 👍,,,,,Gemini-API,,,,
UgxuIs7M7C1hfLMmvjV4AaABAg,dEJ4VEjH1AQ,44ee384c0adb84813413f869ecfc6a8e6d60c1f611d5580218ce47ae4179c558,Cakep ini drpd atto 1 😅,5,2025-11-24T12:44:39Z,2025-11-24T12:44:39Z,2026-09-19T00:23:14.870779+00:00,cakep ini drpd atto 1 😅,,,,,Gemini-API,,,,
UgwXIGLxcEhb4Asue3d4AaABAg,dEJ4VEjH1AQ,c55dda78b754c8ec7b04d065328fe3bdbea43a10a02fc783f8c5aa74edc02d59,Paling cakep dibanding pesain di kelasnya,0,2025-11-25T04:49:24Z,2025-11-25T04:49:24Z,2026-09-19T00:23:14.870779+00:00,paling cakep dibanding pesain di kelasnya,,,,,Gemini-API,,,,
UgxwR409LE0WHqtb6BJ4AaABAg,dEJ4VEjH1AQ,e9daee4ba5dcf2004d29dce8fdaa1227218f34d94b472ed4099d04477d3dc387,Ini mobil mini Mazda versi barby,0,2025-12-11T15:23:11Z,2025-12-11T15:23:11Z,2026-09-19T00:23:14.870779+00:00,ini mobil mini mazda versi barby,,,,,Gemini-API,,,,
Ugy9EIsj2H0Y7LQk75p4AaABAg,dEJ4VEjH1AQ,f66ef6789a2c19793798838e418dbdce4c4bea4e80ee94198744462838200eab,"Mending Atto 1, kursi electric, range 380, cruise control, ukuran lebih sat set buat perkotaan",6,2025-11-25T00:56:05Z,2025-11-25T00:56:05Z,2026-09-19T00:23:14.870779+00:00,"lebih baik atto 1, kursi electric, range 380, cruise control, ukuran lebih sat set buat perkotaan",,,,,Gemini-API,,,,
UgyYQR7SznB75FNybaF4AaABAg,dEJ4VEjH1AQ,e5fe3a3f23f3b70f7d1287c5638a6c559baa2af1ee39b0323f44d27ce1d1e276,Rwd kurang berguna di mobil listrik,0,2025-11-26T16:35:55Z,2025-11-26T16:35:55Z,2026-09-19T00:23:14.870779+00:00,rwd kurang berguna di mobil listrik,,,,,Gemini-API,,,,
UgyB1J8AXIc2YKbQGIV4AaABAg,G_acqAJrRso,e0397669813363aba0b984ef4563d268d951f4aea6595a60a2b6780dd7225eed,Habis nonton ini kok jadi tertarik dan kepengen beli ya...,3,2025-11-14T22:12:59Z,2025-11-14T22:12:59Z,2026-09-18T04:38:30.738340+00:00,habis nonton ini kok jadi tertarik dan kepengen beli ya..,,,,,Gemini-API,,,,
UgwTNNfiS74dqJgUSLp4AaABAg,G_acqAJrRso,584618a88c2a200c595af024b43416f2fb09acf68a38f2dcc5bbe792a20bc52e,"plis jeaco jadiin itu varian 5+2 karna rata"" orng indo slalu bareng keluarga kalau pake mobil",2,2025-11-17T02:50:58Z,2025-11-17T02:50:58Z,2026-09-18T04:38:30.738340+00:00,"plis jeaco jadiin itu varian 5+2 karna rata"" orng indo slalu bareng keluarga kalau pakai mobil",,,,,Gemini-API,,,,
UgydOKWBBMDDODLscNV4AaABAg,SQJwC-QLsRk,21469a46d156e29339bf8905fd53da02e8e17b5facbd031c018044e1d6dfce98,"Karena saya yang tinggal di daerah dengan jalan yang sering tergenang cukup dalam kalau hujan deras, maka Jaecoo J5 jadi pilihan terbaik saya. Dan setelah dipakai beberapa minggu..memang mantaaaaap, pilihan yang tepat. 😄👍🏻",25,2026-04-25T12:05:40Z,2026-04-25T12:05:40Z,2026-09-19T00:23:15.005212+00:00,"karena saya yang tinggal di daerah dengan jalan yang sering tergenang cukup dalam kalau hujan deras, maka jaecoo j5 jadi pilihan terbaik saya. dan setelah dipakai beberapa minggu..memang mantaap, pilihan yang tepat. 😄👍🏻",,,,,Gemini-API,,,,
UgxNCN4oTrWf5JroAcV4AaABAg,SQJwC-QLsRk,3ab269120bfb9bc1c475f2756d6685a4b7c8506f525dcf0806f7bdcb47de24fb,pengen sama Jaeco j5,3,2026-04-25T17:25:10Z,2026-04-25T17:25:10Z,2026-09-19T00:23:15.005212+00:00,pengen sama jaeco j5,,,,,Gemini-API,,,,
UgzF4aYU8IGOj5fhNx14AaABAg,G_acqAJrRso,cb5b501fbf32d3e456d7f8348d3f3b90e98d5536ab3e8279bcab2549a9433f25,"Review Wuling darion donk , om botak & Carmudi, please..",0,2025-12-22T23:42:54Z,2025-12-22T23:42:54Z,2026-09-18T04:38:30.738340+00:00,"review wuling darion donk , om botak & carmudi, please..",,,,,Gemini-API,,,,
UgxiOIRZeQ5Xccmnp1R4AaABAg,SQJwC-QLsRk,32b05d2f74c9dcf61b125bc5b25101ba88c06e52e94ca2cc299f2b449b73e644,Head Unit dan MID EX2 paling oke kayaknya. Terlihat mewah.,0,2026-04-25T19:41:04Z,2026-04-25T19:41:04Z,2026-09-19T00:23:15.005212+00:00,head unit dan mid ex2 paling oke kayaknya. terlihat mewah.,,,,,Gemini-API,,,,
UgwNbfZ6rN5-hc6In914AaABAg,SQJwC-QLsRk,055ef827986b7b84e9f8a455c16d327eaff214c4af54e8bbfac3e0a47ec5f447,ntaps,0,2026-04-25T19:23:32Z,2026-04-25T19:23:32Z,2026-09-19T00:23:15.005212+00:00,ntaps,,,,,Gemini-API,,,,
UgwgoSnYpMmhgR3bLrp4AaABAg,SQJwC-QLsRk,938e9f8f97b6b739e8e0c76fa3d0e5d4c042967646f79ff8e776ea151517167a,"Minggu depan J5 saya datang, gak sabarr",5,2026-04-25T11:51:46Z,2026-04-25T11:51:46Z,2026-09-19T00:23:15.005212+00:00,"minggu depan j5 saya datang, tidak sabarr",,,,,Gemini-API,,,,
UgyujX6IYQEZQH9a0Fp4AaABAg,G_acqAJrRso,204a65e5296d650e093be76ee228687b1b2c94147e84b084a0cbc5368025bc6b,"Tail gate Zenyx bisa bljr dr J5 ev 
😂😂😂",6,2025-11-15T00:11:41Z,2025-11-15T15:08:05Z,2026-09-18T04:38:30.738340+00:00,tail gate zenyx bisa bljr dari j5 ev 😂😂,,,,,Gemini-API,,,,
Ugz6L3QqMeF_ju4anYB4AaABAg,SQJwC-QLsRk,ad3b30e8d77ead8b88e3f1164213df9f9964b8208108273033c61f2d8f0ec76b,Compare Jaecoo J5 vs MG S5 ev dong pliss 🙏,5,2026-04-26T03:12:28Z,2026-04-26T03:12:28Z,2026-09-19T00:23:15.005212+00:00,compare jaecoo j5 vs mg s5 ev dong pliss 🙏,,,,,Gemini-API,,,,
UgzzhVtwi64KzT-uPeN4AaABAg,G_acqAJrRso,ae967ada4931a1fc0ff4eaa92ef6fd7093ae5964061a11438047497485827282,Review Paling lengkap emang cuma sama Saitama,5,2025-11-14T13:25:20Z,2025-11-14T13:25:20Z,2026-09-18T04:38:30.738340+00:00,review paling lengkap emang cuma sama saitama,,,,,Gemini-API,,,,
UgyuvvWVh4ikL2XiBJ14AaABAg,SQJwC-QLsRk,57e6d7c29ebfbcdf85318bd4dc0b4c170133cb51fc12ea99c7a5b87ebec35ac0,J5 mantap,8,2026-04-25T14:09:48Z,2026-04-25T14:09:48Z,2026-09-19T00:23:15.005212+00:00,j5 bagus,,,,,Gemini-API,,,,
Ugxs2m_N8VGHV4VGSsx4AaABAg,SQJwC-QLsRk,dcfc91cfa20dd6c5cd055c139d907e3d7b395a1f9e5e0d26c5595419017df0dc,Buat pulang pergi kantor saya cukup dg BYD Atto 1 😊,14,2026-04-26T02:17:18Z,2026-04-26T02:17:18Z,2026-09-19T00:23:15.005212+00:00,buat pulang pergi kantor saya cukup dg byd atto 1 😊,,,,,Gemini-API,,,,
Ugx0fWGS62Y7t_A0_wN4AaABAg,SQJwC-QLsRk,7d0f607dc972e3265c8f5ca371c1755cf23452a2318e1e1daa6ad596b7647d5d,Manthab,0,2026-04-25T12:37:03Z,2026-04-25T12:37:03Z,2026-09-19T00:23:15.005212+00:00,manthab,,,,,Gemini-API,,,,
Ugys6RGjMVp-6cghkcZ4AaABAg,SQJwC-QLsRk,064090cf8e8e906c4487849f8c50f5803cc3a6f9b082474e69257a012063714b,Can't wait episode selanjutnya apalagi adu nanjak yang jadi tayangan wajib moladin,17,2026-04-25T09:44:46Z,2026-04-25T13:26:36Z,2026-09-19T00:23:15.005212+00:00,can't wait episode selanjutnya apalagi adu nanjak yang jadi tayangan wajib moladin,,,,,Gemini-API,,,,
Ugz7SPkquraelJoCs2l4AaABAg,G_acqAJrRso,4954bf4cb4b8ba54dee48c31affa1bbf7b7719276eb0fb15c0f7a1c9a0a7c1ca,Makin g sabar nunggu delivery. Semoga dpt nik 2025,2,2025-11-14T22:48:55Z,2025-11-14T22:48:55Z,2026-09-18T04:38:30.738340+00:00,makin g sabar nunggu delivery. semoga dapat nik 2025,,,,,Gemini-API,,,,
Ugw5ptteP6co4bAEWjh4AaABAg,SQJwC-QLsRk,ce95c8f128042e0f234d3abb0ccc9a6ce6bd1ae509f83d91afb1b0cca24ef29d,MOLADIN THE BEST😂😂,0,2026-04-25T10:59:39Z,2026-04-25T10:59:39Z,2026-09-19T00:23:15.005212+00:00,moladin the best😂😂,,,,,Gemini-API,,,,
Ugzh5GGAOTW3M8V5uhx4AaABAg,SQJwC-QLsRk,c043d08ea7190877313b4ed4a82f379b9f17a4d8d90ded49c103d8da02284ea0,wah keren plus seru ini comaparasi nya apple to apple,0,2026-05-27T09:20:06Z,2026-05-27T09:20:06Z,2026-09-19T00:23:15.005212+00:00,wah keren plus seru ini comaparasi nya apple to apple,,,,,Gemini-API,,,,
Ugy1wmhBO2qfmCY3W9B4AaABAg,SQJwC-QLsRk,3282b52cb520bf66d105e85724e5fbad9abcf7b653bf0589a63c9036910fb75d,kelimax,1,2026-04-25T09:04:56Z,2026-04-25T09:04:56Z,2026-09-19T00:23:15.005212+00:00,kelimax,,,,,Gemini-API,,,,
Ugy7GUChVhUWicb2O8V4AaABAg,SQJwC-QLsRk,a89c88bebbd1b46baf654232d1d86b0d68b2e247aa57c7b328bce09f36e0a5ad,jos moladin,0,2026-04-25T09:02:02Z,2026-04-25T09:02:02Z,2026-09-19T00:23:15.005212+00:00,jos moladin,,,,,Gemini-API,,,,
UgxW_zPlkjHxuHZY0jJ4AaABAg,SQJwC-QLsRk,63ff1766bb00d70b8c3d24fcb65587a32da2fc921eaeda05920f894a0a223e75,Seneng kihat Om Karim ikut banyak komentaf. Dari dulu sebelum Moladin lucu kok Karim ini. Btw Mas Nanda kemana ya?,1,2026-04-25T13:52:46Z,2026-04-25T13:52:46Z,2026-09-19T00:23:15.005212+00:00,seneng kihat om karim ikut banyak komentaf. dari dulu sebelum moladin lucu kok karim ini. btw mas nanda kemana ya?,,,,,Gemini-API,,,,
UgzI2-Dd34UWF-RRoRR4AaABAg,SQJwC-QLsRk,511b6a05134ddf96da98da808ec5a26c1fae34ae37f383de6b88bb6f8646d19a,"Ternyata Part 1 Video Ini... 

Next, Part 2.",3,2026-04-25T10:26:06Z,2026-04-25T10:28:14Z,2026-09-19T00:23:15.005212+00:00,"ternyata part 1 video ini.. next, part 2.",,,,,Gemini-API,,,,
UgyiIIjue5MfWIGYhJd4AaABAg,SQJwC-QLsRk,3ee0d4ace9e480b8c0c7186918c8d65f092c5b1afa7f6b185e926ccb635911ff,J5 the winner🎉,16,2026-04-25T15:08:07Z,2026-04-25T15:08:07Z,2026-09-19T00:23:15.005212+00:00,j5 the winner🎉,,,,,Gemini-API,,,,
UgxsfgAR2lDvIDhnGcd4AaABAg,SQJwC-QLsRk,9c670002ab9841feb3e8be2f2e58a2ba043f9dd81f895408faf1c7f76ad41e70,Mantapp Moladin...ayo review MGS 5 EV donk..compare sm EV lain juga ditanjakan pastinya 😂,6,2026-05-04T03:08:03Z,2026-05-04T03:08:03Z,2026-09-19T00:23:15.005212+00:00,mantapp moladin..ayo review mgs 5 ev donk..compare sama ev lain juga ditanjakan pastinya 😂,,,,,Gemini-API,,,,
UgxJNBvaAEOTVQ6vBEp4AaABAg,SQJwC-QLsRk,c5f6309f02bcd2bf66cfb34c4e2f3c7b35a225df5e435a805be4b047952304a6,"Wah baru tau ada official subwoofer buat jaecoo, nice👍",4,2026-04-25T16:43:16Z,2026-04-25T16:43:16Z,2026-09-19T00:23:15.005212+00:00,"wah baru tau ada official subwoofer buat jaecoo, nice👍",,,,,Gemini-API,,,,
Ugw0ymvYlImNpSF8h_Z4AaABAg,SQJwC-QLsRk,cd431ba8d014123053b30f8e4d16c1d289ce2cc471b5a3be6dfb0591c5c57790,Asiik niih episode nya panjang sampe bersambung 🔥,3,2026-04-26T11:04:53Z,2026-04-26T11:04:53Z,2026-09-19T00:23:15.005212+00:00,asiik niih episode nya panjang sampe bersambung 🔥,,,,,Gemini-API,,,,
UgwUf2ktPviJ2EVln7J4AaABAg,SQJwC-QLsRk,3282b52cb520bf66d105e85724e5fbad9abcf7b653bf0589a63c9036910fb75d,Udah punya J5. overall gak ada kata menyesal. malah jadi keputusan paling tepat dalam hidup gw.,116,2026-04-25T09:23:26Z,2026-04-25T09:23:26Z,2026-09-19T00:23:15.005212+00:00,udah punya j5. overall tidak ada kata menyesal. malah jadi keputusan paling tepat dalam hidup gw.,,,,,Gemini-API,,,,
UgzGKZKFYQaGhLyHmBR4AaABAg,G_acqAJrRso,e9f9021ba096cfc68dee484bd9347b0d72e70ccccfd1ede1072d74bfc8df1acf,"Berharap aja setelah 1000 pembeli pertama kelar, panel speedometer di ganti dan dikembalikan seperti di inggris 25:04",0,2025-11-22T17:27:14Z,2025-11-22T17:27:14Z,2026-09-18T04:38:31.419348+00:00,"berharap aja setelah 100 pembeli pertama kelar, panel speedometer di ganti dan dikembalikan seperti di inggris 25:04",,,,,Gemini-API,,,,
Ugx9XLxz4RyszqvK7rN4AaABAg,dEJ4VEjH1AQ,649d28b36ac73fd37d75b5354e2b81884fec871636f025622d2b534827288e03,Lagi2,0,2025-11-25T01:57:13Z,2025-11-25T01:57:13Z,2026-09-19T00:23:14.870779+00:00,lagi2,,,,,Gemini-API,,,,
UgyyCqRk8bcp0M5E6-d4AaABAg,dEJ4VEjH1AQ,f4eeb28f35cc31cb95b5658675345afdeeacffc7123d600fe61695fd9693d5b7,Mantap ni yg pro lebih worthed daripada atto 1 versi termahalnya yg 235 jt,2,2025-11-25T01:23:28Z,2025-11-25T01:23:28Z,2026-09-19T00:23:14.870779+00:00,bagus ni yg pro lebih worthed daripada atto 1 versi termahalnya yg 235 jt,,,,,Gemini-API,,,,
UgyQxIv5zYEyuayJVnp4AaABAg,G_acqAJrRso,8e9be3c53d01e5beceb9dad880c58a4c892ae413c88ee67363ecccd6480105c5,sejauh ini. ini mobil listrik paling worth it bagi saya,0,2026-04-27T23:11:14Z,2026-04-27T23:11:14Z,2026-09-18T04:38:31.419348+00:00,sejauh ini. ini mobil listrik paling layak it bagi saya,,,,,Gemini-API,,,,
UgzQ7KXV3yS4oHsqZ3d4AaABAg,dEJ4VEjH1AQ,f3a1dadbebf8fea18a03004c416e9b9af3b28a1125efa93663094073965c9881,"Kelebihan ex2 : RWD, handal untuk tanjakan",14,2025-11-24T13:32:32Z,2025-11-24T13:32:32Z,2026-09-19T00:23:14.870779+00:00,"kelebihan ex2 : rwd, handal untuk tanjakan",,,,,Gemini-API,,,,
Ugy6PFUF7wx23kgDhgd4AaABAg,dEJ4VEjH1AQ,00f134f049cea3284739ef6e4f330c715e65a6a764642ee0831d9558c893774a,"Bagus ini
RWD
Volvo & Geelly spek & Tekhnologi nya saling Sharing  juga Krn Geelly juga pemilik Saham Volvo",26,2025-11-24T14:38:47Z,2025-11-24T14:38:47Z,2026-09-19T00:23:14.870779+00:00,bagus ini rwd volvo & geelly spek & tekhnologi nya saling sharing juga karena geelly juga pemilik saham volvo,,,,,Gemini-API,,,,
UgwvYPvtwqQ-0tXhYwZ4AaABAg,G_acqAJrRso,8207e5badcb998f71781482fd7ca7ad77de7f86be9eee61167498b5006fbe28c,Buat yg j8 shs ardis dong om,1,2025-11-14T14:12:37Z,2025-11-14T14:12:37Z,2026-09-18T04:38:31.419348+00:00,buat yg j8 shs ardis dong om,,,,,Gemini-API,,,,
UgyqkwtmW1Nvh1CT8GR4AaABAg,w7zLKYpCozw,5acd745fca17487529965e72afbb7144bf3d51676f64f52839181e6535259ddb,"Bg, next in depth tour Vinfast Minio Green",2,2025-12-19T11:09:48Z,2025-12-19T11:10:04Z,2026-09-19T00:23:14.691226+00:00,"bg, next in depth tour vinfast minio green",,,,,Gemini-API,,,,
Ugw6L1Pq7yNxW83R3jd4AaABAg,w7zLKYpCozw,5acd745fca17487529965e72afbb7144bf3d51676f64f52839181e6535259ddb,"Bg, next in depth tour Changan Avatr 012",2,2025-12-19T11:13:01Z,2025-12-19T11:13:01Z,2026-09-19T00:23:14.691226+00:00,"bg, next in depth tour changan avatr 012",,,,,Gemini-API,,,,
Ugws6cIu4Sk286fspPF4AaABAg,w7zLKYpCozw,121bd6439a9f6f6dcea10e5eb0870d6f2bcadf578fe73730046b6da83dad3d3c,"Mobil listrik buatan china itu menjijikan. HARGA BARU LUMAYAN MAHAL, NAMUN sekali di JUAL BALIK sperti JUALAN PERMEN RASA PAHIT. GAK LAKU kalau LAKU HARGA TERJUN BEBAS. 

BAGUS STOP AJA PASOK DARI NEGRRI TSBT. 

Tetap PRODUK JAPAN nomor 1. 
Mending datangkan kembali produk USA yakni pabrik FORD. 

Pokok nya pasti menyesal kalau kalian mebeli produk kendaraan R2 & R4.",0,2026-01-21T05:58:25Z,2026-01-21T05:58:25Z,2026-09-19T00:23:14.691226+00:00,"mobil listrik buatan china itu menjijikan. harga baru lumayan mahal, namun sekali di jual balik sperti jualan permen rasa pahit. tidak laku kalau laku harga terjun bebas. bagus stop aja pasok dari negrri tsbt. tetap produk japan nomor 1. lebih baik datangkan kembali produk usa yakni pabrik ford. pokok nya pasti menyesal kalau kalian mebeli produk kendaraan r2 & r4.",,,,,Gemini-API,,,,
UgzJcWtJItUdDruBQxN4AaABAg,w7zLKYpCozw,fd420d4097c440643623c23f196a1532efc36e49808b8e53376ef885f2eb096a,blm bs delivery smp feb thn depan😢,0,2025-12-19T06:06:41Z,2025-12-19T06:06:41Z,2026-09-19T00:23:14.691226+00:00,belum bs delivery smp feb thn depan😢,,,,,Gemini-API,,,,
UgzBjKGkuNuh2XoPmrd4AaABAg,w7zLKYpCozw,1ff5858d3c58ad7f7155b5b7fd503ca7d237b7265ef241ede38bc58a57b4a481,Klo mobil sedang jalan (persneling) “D” apa bisa aktifkan kamera 360 nya? 🙏🏻 boleh dijawab ya yang tahu hehe terima kasih,0,2026-02-20T07:46:05Z,2026-02-20T07:46:05Z,2026-09-19T00:23:14.691226+00:00,kalau mobil sedang jalan (persneling) “d” apa bisa aktifkan kamera 360 nya? 🙏🏻 boleh dijawab ya yang tahu hehe terima kasih,,,,,Gemini-API,,,,
Ugx71bP_I_9WvDTNmMR4AaABAg,w7zLKYpCozw,e88708f312b234a47437b9e635bccc9d82e4c03672be9321baea98cda2f30dab,"User interface HU nya pas di menu car setting aneh bgt.. backgroundnya mengganggu tulisan. Kayak gambar background error yg posisinya jadi aneh. Padahal sisi kiri layar kosong.
I just can't find enough justification to choose this over jaecoo J5. RWD alone is not enough to justify.",0,2025-12-18T14:17:36Z,2025-12-18T14:30:57Z,2026-09-19T00:23:14.691226+00:00,user interface hu nya pas di menu car setting aneh bgt.. backgroundnya mengganggu tulisan. kayak gambar background error yg posisinya jadi aneh. padahal sisi kiri layar kosong. i just can't find enough justification to choose this over jaecoo j5. rwd alone is not enough to justify.,,,,,Gemini-API,,,,
UgzH_Wy0-ishJHFv_7J4AaABAg,w7zLKYpCozw,9c3fd6fe1be964ccbc98994c1c8b7b44a7422da5856ba472c5f4835a030db50b,"Om B, belum ada peredam kap mesin, sepetinya gpp, setau saya kalau motor listrik kan senyap, nah saya rasa meskipun belum punya mobil listrik, tanpa peredam kap mesin saya rasa cukup senyap. Gak tau kalau kalau peredam suara luar/peredam kawasan ban supaya suara ban gak masuk. CMIIW. Trims",0,2025-12-19T06:08:00Z,2025-12-19T06:08:00Z,2026-09-19T00:23:14.691226+00:00,"om b, belum ada peredam kap mesin, sepetinya gpp, setau saya kalau motor listrik kan senyap, nah saya rasa meskipun belum punya mobil listrik, tanpa peredam kap mesin saya rasa cukup senyap. tidak tau kalau kalau peredam suara luar/peredam kawasan ban supaya suara ban tidak masuk. cmiiw. trims",,,,,Gemini-API,,,,
Ugx6zGYvh3u-HJ6Xvvd4AaABAg,w7zLKYpCozw,794465d768884680f1651ebfd6933e428f9fb582508875c884c9060c10dd4dfb,"om, ini dapet compartment dibawah jok belakang ga si?",0,2025-12-19T01:02:19Z,2025-12-19T01:02:19Z,2026-09-19T00:23:14.691226+00:00,"om, ini dapet compartment dibawah jok belakang tidak si?",,,,,Gemini-API,,,,
Ugx6P56Dvl7ifOnvMAJ4AaABAg,w7zLKYpCozw,6a7029a845ca6a0fde44ab4b0c44b587100e17b7e0c31aac3d4b2d0f23cf974d,masih cakep AION UT,1,2025-12-18T15:59:24Z,2025-12-18T15:59:24Z,2026-09-19T00:23:14.691226+00:00,masih cakep aion ut,,,,,Gemini-API,,,,
UgwkPk6Sq2po09xJZQF4AaABAg,G_acqAJrRso,e08ea7014d4d1b126efaf754af70a40f7d5bcc84783d258af9f85fd6fd0a45d6,Apakah aman ya seluruh control melalui tab nya😂 mending ditambahin tombol2 fisik ga sih biar lebih joss..,0,2025-12-03T06:56:23Z,2025-12-03T06:56:23Z,2026-09-18T04:38:31.419348+00:00,apakah aman ya seluruh control melalui tab nya😂 lebih baik ditambahin tombol2 fisik tidak sih biar lebih joss..,,,,,Gemini-API,,,,
Ugw0e45Ys_zxoyI4dm94AaABAg,w7zLKYpCozw,aa26a40d07cc63045707c7657e9612d935bae5d34f52886276e59419d9db19d2,"Om, ini spion udah electric retract belum ya",0,2026-01-02T13:49:41Z,2026-01-02T13:49:41Z,2026-09-19T00:23:14.691226+00:00,"om, ini spion udah electric retract belum ya",,,,,Gemini-API,,,,
UgyMpX73NUBO0tbSsYB4AaABAg,w7zLKYpCozw,554f5c2bba838e36731a81f49ecccbbcdbb05fc2abe31247411713e39a45f235,Bisa retrack ga sih spion nya??,0,2026-03-16T23:34:21Z,2026-03-16T23:34:21Z,2026-09-19T00:23:14.691226+00:00,bisa retrack tidak sih spion nya??,,,,,Gemini-API,,,,
UgxbSIY1GUyO8bQDIwB4AaABAg,w7zLKYpCozw,57259da7a80616f462c627840813895e521b01045f3c8b2c41f63d83a8a94178,EX2 Max support Android Auto/Apple Car dengan kabel atau wireless ya?,0,2026-03-05T14:40:02Z,2026-03-05T14:40:02Z,2026-09-19T00:23:14.691226+00:00,ex2 max support android auto/apple car dengan kabel atau wireless ya?,,,,,Gemini-API,,,,
UgzE1UWdLACA8Oj4AAB4AaABAg,w7zLKYpCozw,f90787d9a8033c9c4c2a010422db644d12813ac910b6aacf693dbc6bdc8c3aba,"pernah test drive, pedal gas sangat keras, akselerasi berasa kyk mobil bensin, sama atto 1 akselerasi nya jauh kalah, btw blm ada yg nandingin enaknya akselerasi MG ZS Ev",1,2025-12-19T13:35:31Z,2025-12-19T13:35:31Z,2026-09-19T00:23:14.691226+00:00,"pernah test drive, pedal gas sangat keras, akselerasi berasa kyk mobil bensin, sama atto 1 akselerasi nya jauh kalah, btw belum ada yg nandingin enaknya akselerasi mg zs ev",,,,,Gemini-API,,,,
UgzO0MzBU39LleESWAZ4AaABAg,w7zLKYpCozw,15388fe297218636fbbd49227443449e280c9559757b15b939d2bfad6b28ae38,"Menunya jelek amat. Tulisan atau hurufnya ada d dpn gambar background. Jd ada kalanya tulisan g jelas karena nyaru ama gambar backgroundnya. Udah semua diatur via layar, eh interfacenya bgtu. Cek sekitar menit 4:12.. Padahal sebelah kiri layar bnyk space kosong tp dia milih naro gambar background dikanan yg bnyk tulisan2 buat menunya 😪",2,2025-12-19T00:22:34Z,2025-12-19T00:25:16Z,2026-09-19T00:23:14.691226+00:00,"menunya jelek amat. tulisan atau hurufnya ada d dpn gambar background. jd ada kalanya tulisan g jelas karena nyaru ama gambar backgroundnya. udah semua diatur via layar, eh interfacenya bgtu. cek sekitar menit 4:12.. padahal sebelah kiri layar bnyk space kosong tapi dia milih naro gambar background dikanan yg bnyk tulisan2 buat menunya 😪",,,,,Gemini-API,,,,
UgzCpJPPFdcbYSVq3hd4AaABAg,w7zLKYpCozw,b8e4ddd3013e4de95f5d517435f158aa59abcb3c3e7ba174207da873c82421eb,0:46 peredam kap mobil listrik RWD fungsinya buat apa ya?,0,2025-12-18T15:23:47Z,2025-12-18T15:23:47Z,2026-09-19T00:23:14.691226+00:00,0:46 peredam kap mobil listrik rwd fungsinya buat apa ya?,,,,,Gemini-API,,,,
UgxBjo4KGMn5SE-ljz54AaABAg,w7zLKYpCozw,b17da40668983eba9e09faf9495b1de916ab0bc4560b79de189d370168ab7205,"kayaknya ngebug ya setting nya, gambar sama pilihan menu nya nyatu begitu",0,2025-12-19T06:22:59Z,2025-12-19T06:22:59Z,2026-09-19T00:23:14.691226+00:00,"kayaknya ngebug ya setting nya, gambar sama pilihan menu nya nyatu begitu",,,,,Gemini-API,,,,
UgxxuTuENmsCq1ofK7F4AaABAg,G_acqAJrRso,d745b5ddd30b1b6850c6e6b5ea4c088e72e5c574e6d6ea8e060b61c8fd2a2eef,bakal ada J3 ga ya?,0,2025-11-14T15:06:22Z,2025-11-14T15:06:22Z,2026-09-18T04:38:31.419348+00:00,bakal ada j3 tidak ya?,,,,,Gemini-API,,,,
Ugy8V3iY_2UHA8U7L9J4AaABAg,w7zLKYpCozw,2e47d48aa54e4cd52083bd9f5379a4a70e5b7e9ed98af39c4153a8b614557f36,"kak, kok ga ada tombol khusus EPB (elektrik parking breake)? EPB itu beda lho dengan tombol P.... biasanhya dia berkode (P) ada tanda kurung",0,2026-08-10T12:14:28Z,2026-08-10T12:14:28Z,2026-09-19T00:23:14.691226+00:00,"kak, kok tidak ada tombol khusus epb (elektrik parking breake)? epb itu beda lho dengan tombol p.. biasanhya dia berkode (p) ada tanda kurung",,,,,Gemini-API,,,,
Ugzbniq7NivuXWNbfRR4AaABAg,G_acqAJrRso,fbf4b71472d54ef4e06c4d99f9d42779a2258f2a4d201e613f08b4c5029fed6a,"Serius nanya; 

Kalau sudah punya Wuling Air EV dengan Wall Charger di rumah yang daya listriknya 11,000, pasang Wall Charger JAecoo J5 harus pasang meteran listrik baru ga ya? Ada yang bisa bantu jawab atau ada yang punya pengalaman sama?",0,2025-11-21T08:42:32Z,2025-11-21T08:42:32Z,2026-09-18T04:38:31.419348+00:00,"serius nanya; kalau sudah punya wuling air ev dengan wall charger di rumah yang daya listriknya 11,00, pasang wall charger jaecoo j5 harus pasang meteran listrik baru tidak ya? ada yang bisa bantu jawab atau ada yang punya pengalaman sama?",,,,,Gemini-API,,,,
Ugxa_EMQipvxWkBiIRV4AaABAg,w7zLKYpCozw,78da35be906be6b76b1217bbcf92c3f9a910b001e02e3977ed984a2c48e85fb0,"Spk di gjaw, sampe skrng blum ada kabar plunasan 😂, ghoib",1,2025-12-18T14:15:50Z,2025-12-18T14:15:50Z,2026-09-19T00:23:14.691226+00:00,"spk di gjaw, sampe skrng blum ada kabar plunasan 😂, ghoib",,,,,Gemini-API,,,,
UgzdSLwcwUV2T7KsT2l4AaABAg,dEJ4VEjH1AQ,f107dace758db3a751f7552a8a1d2066f907e547593633a79ff90b10b4886f9a,seneng aja liat perang mobcin😂😂...china awalnya dihina trus bangkit jadi ky gni skrg. salut👏👏👏,14,2025-11-25T08:36:38Z,2025-11-25T08:36:38Z,2026-09-19T00:23:14.870779+00:00,seneng aja liat perang mobcin😂😂..china awalnya dihina trus bangkit jadi ky gni skrg. salut👏👏,,,,,Gemini-API,,,,
UgwtHStJhWaNpPh325Z4AaABAg,dEJ4VEjH1AQ,c08776c9c0507fa39e25f3e8eacf845667b1dd154932802f171a3fc47658fe3e,Honda lakunya dibawah 500jt..dihajar merk tiongkok mantapp,6,2025-11-24T12:34:57Z,2025-11-24T12:34:57Z,2026-09-19T00:23:14.870779+00:00,honda lakunya dibawah 500jt..dihajar merk tiongkok mantapp,,,,,Gemini-API,,,,
UgwGN9DLB3j6ZmskDll4AaABAg,dEJ4VEjH1AQ,b643b3529c9238db61e130530b1abe9c8cde3ccc0b86e5e5f97fc303bb3fbb84,Sekilas gading marten versi tiongkok,0,2025-12-03T12:32:38Z,2025-12-03T12:32:38Z,2026-09-19T00:23:14.870779+00:00,sekilas gading marten versi tiongkok,,,,,Gemini-API,,,,
UgyUqgu6MfIToS8VPKx4AaABAg,dEJ4VEjH1AQ,8efe24550fadd5b01189d76ea4f6bc20de01e80c7a2c18dd44614eaf9702369b,Kalo ada yg warnanya merah bisa mirip karakter cars mini racers yg bernama *_Natalie Certain_*,2,2025-11-25T11:06:22Z,2025-11-25T11:06:22Z,2026-09-19T00:23:14.870779+00:00,kalo ada yg warnanya merah bisa mirip karakter cars mini racers yg bernama *_natalie certain_*,,,,,Gemini-API,,,,
UgyyhURUouta5mp4OMB4AaABAg,dEJ4VEjH1AQ,230f75aafdedb60cab414f540f09c0c878daeb56f47095ec262d1a92e9fa2a14,100 jutaan kecil gempar,2,2025-11-25T01:48:27Z,2025-11-25T01:48:27Z,2026-09-19T00:23:14.870779+00:00,100 jutaan kecil gempar,,,,,Gemini-API,,,,
Ugy2gdxCM8oBM13cbTJ4AaABAg,dEJ4VEjH1AQ,e641a2f8dce3e5d3eae04c540aa99d17b2e54148208e970cafc0b2c51573a760,"Enakan ini kayaknya dibanding Honda Beat gw deh, 🤔",10,2025-11-24T13:57:19Z,2025-11-24T13:57:19Z,2026-09-19T00:23:14.870779+00:00,"enakan ini kayaknya dibanding honda beat gw deh, 🤔",,,,,Gemini-API,,,,
UgztDN9peOeQRtOMxAp4AaABAg,dEJ4VEjH1AQ,fdc6667d068a3722973a185ec36e72760a17c22dd19587716898e4e9b6d9b8e8,Kayaknya lumayan gede ya body nya. Lebih lega dari atto 1,0,2025-11-24T23:22:01Z,2025-11-24T23:22:01Z,2026-09-19T00:23:14.870779+00:00,kayaknya lumayan gede ya body nya. lebih lega dari atto 1,,,,,Gemini-API,,,,
UgyZB8ccqT4KtEcjFHl4AaABAg,dEJ4VEjH1AQ,162b94c9eee2ef957999252b0812ef4a1b44798f10b076b0626916c943d9e9f7,Bye² Brio dkk di kelasnya,2,2025-11-24T13:19:41Z,2025-11-24T13:19:41Z,2026-09-19T00:23:14.870779+00:00,bye² brio dkk di kelasnya,,,,,Gemini-API,,,,
UgyzbBwqMgiFmfwzzAF4AaABAg,dEJ4VEjH1AQ,c08776c9c0507fa39e25f3e8eacf845667b1dd154932802f171a3fc47658fe3e,Brio ketar ketir dihajar tiongkok 200jtan byk pilihan,12,2025-11-24T12:32:26Z,2025-11-24T12:32:26Z,2026-09-19T00:23:14.870779+00:00,brio ketar ketir dihajar tiongkok 200jtan byk pilihan,,,,,Gemini-API,,,,
UgwXbDzrIlltOH1uIDt4AaABAg,G_acqAJrRso,16400ce26ce91ee302fb8225d82a3c525f0dc54233d283bf8eb5a136a8c95e6f,Bismillah,1,2025-11-15T01:04:18Z,2025-11-15T01:04:18Z,2026-09-18T04:38:31.419348+00:00,bismillah,,,,,Gemini-API,,,,
Ugx7Z2ob2DEhWdbj3-N4AaABAg,dEJ4VEjH1AQ,b1509744a73a01ef50e2afa30e077b6853fa87dd2c93fe4710d084f4f64f4dac,"cun sekali mobil 1 ini beneran,,, jepe di bukit888 langsung lunas pasti",40,2025-11-24T14:58:22Z,2025-11-24T14:58:22Z,2026-09-19T00:23:14.870779+00:00,"cun sekali mobil 1 ini beneran,, jepe di bukit88 langsung lunas pasti",,,,,Gemini-API,,,,
Ugztk-QDqBDy5swQHXp4AaABAg,dEJ4VEjH1AQ,9707cf6d3feeba94af87f7d0be4bf191904167a9f3942817ae5a88e724d7cd66,Tipe pro kalau dimodif ala2 rally look sekut banget👍👌,6,2025-11-24T13:37:19Z,2025-11-24T13:37:19Z,2026-09-19T00:23:14.870779+00:00,tipe pro kalau dimodif ala2 rally look sekut banget👍👌,,,,,Gemini-API,,,,
Ugwg81HUuhHxyXl2UCR4AaABAg,dEJ4VEjH1AQ,29a3560342a2d0c5c56d1bc8fc7054414ae6b13b988616aa71d8aba541a81fe9,EV cina sekarang desain nya cakep2,3,2025-11-25T12:09:33Z,2025-11-25T12:09:33Z,2026-09-19T00:23:14.870779+00:00,ev cina sekarang desain nya cakep2,,,,,Gemini-API,,,,
UgzCWNPKKVocuVE83ul4AaABAg,G_acqAJrRso,5d74f33ee34cd9fdd8a39c28ffd02983677a427848aa9b64cbc53a90d41cc6d1,apa2 kalo mau beli mobil liat review carmudi paling suka paling detail dan paling aneh logat nya😆,0,2026-05-30T08:00:49Z,2026-05-30T08:00:49Z,2026-09-18T04:38:31.419348+00:00,apa2 kalo mau beli mobil liat review carmudi paling suka paling detail dan paling aneh logat nya😆,,,,,Gemini-API,,,,
UgyfdDxZD5Lt7FGZSct4AaABAg,dEJ4VEjH1AQ,3c6431315fda29cc676ae90c2b4d3b02179aef449e1281e6d0d79acaa2f05a22,yg paling disuka dari mbl ini yaitu rwd,0,2026-01-30T09:56:48Z,2026-01-30T09:56:48Z,2026-09-19T00:23:14.870779+00:00,yg paling disuka dari mbl ini yaitu rwd,,,,,Gemini-API,,,,
Ugwc8w1JNSTrkzpnJGp4AaABAg,G_acqAJrRso,bdacac7b8d75fc93ad2ab3fbd044ede710bf97c0c025c104ae6a39bc43b2a6b1,Nunggu J5 phev 😁,0,2025-11-15T00:57:50Z,2025-11-15T00:57:50Z,2026-09-18T04:38:31.419348+00:00,nunggu j5 phev 😁,,,,,Gemini-API,,,,
Ugxk-pIuCCeuiijcsAR4AaABAg,G_acqAJrRso,993c426f0b152c3102e962265bf15e192873d119216232998577dd27cf2b4e02,Hadir,0,2025-11-14T11:56:24Z,2025-11-14T11:56:24Z,2026-09-18T04:38:31.419348+00:00,hadir,,,,,Gemini-API,,,,
UgybmOedO9jjpjgJhIB4AaABAg,dEJ4VEjH1AQ,8bf4655516f21b9895885b168057c178e98ccbf9a43736978c4a136460011ec5,👍👍👍,0,2025-11-25T01:00:41Z,2025-11-25T01:00:41Z,2026-09-19T00:23:14.870779+00:00,👍👍,,,,,Gemini-API,,,,
UgxKR05VfAm4oiGG0FJ4AaABAg,dEJ4VEjH1AQ,4c703b8be14d64611eddc866659c1b5f1552a740e71e06de37ddaadec6b03d57,Varian Max OTR Jakarta 242jt baru asyik,2,2025-11-25T11:18:06Z,2025-11-25T11:18:06Z,2026-09-19T00:23:14.870779+00:00,varian max otr jakarta 242jt baru asyik,,,,,Gemini-API,,,,
UgxS6GTT_t9jjcT7gBl4AaABAg,dEJ4VEjH1AQ,2a87572b2ae004aa119db4107d7e1eec55ecc3b25621d6827d78b80dfcf93e6c,"Review lo asik bang,,,
gampang di pahami ga sok²an pake bahasa yg ga harian gitu. sukses terus buat channel lo bang",0,2025-12-05T10:43:54Z,2025-12-05T10:43:54Z,2026-09-19T00:23:14.870779+00:00,"review lo asik bang,, gampang di pahami tidak sok²an pakai bahasa yg tidak harian gitu. sukses terus buat channel lo bang",,,,,Gemini-API,,,,
Ugz2Ac08C4_X4KB-9MF4AaABAg,dEJ4VEjH1AQ,8083f02e1cddd8013594b1cfa68ad4de28128454831c525f9e85bae76423cadc,Sayang ga ada sunroof,4,2025-11-26T02:07:24Z,2025-11-26T02:07:24Z,2026-09-19T00:23:14.870779+00:00,sayang tidak ada sunroof,,,,,Gemini-API,,,,
UgzmJfffPoZJHD6XTsN4AaABAg,dEJ4VEjH1AQ,de443175de6e1e72ee9e2275ee360868948011d9c82eed8f6a6c8b3e1ab5cf56,Mobil pehobi drifting dgn torsi ev,4,2025-11-24T14:12:57Z,2025-11-24T14:12:57Z,2026-09-19T00:23:14.870779+00:00,mobil pehobi drifting dengan torsi ev,,,,,Gemini-API,,,,
UgyTcDJVVh6MI3vNYKZ4AaABAg,G_acqAJrRso,147c597ae0a5e77ab3b1b257c5b20c5209c3191e4591d8fcb2929f9aad510492,mestinya sudah lebih dari 1000,1,2025-11-14T13:25:11Z,2025-11-14T13:25:11Z,2026-09-18T04:38:31.419348+00:00,mestinya sudah lebih dari 100,,,,,Gemini-API,,,,
Ugw2ShCy1zI7x8uVgxd4AaABAg,dEJ4VEjH1AQ,e39d4208bfe1cc5d3ef36f5e6772679c9111d2cd81c5fd50dfce549c9e6d4eb8,Waduh....jadi pengen.,1,2025-11-28T23:54:52Z,2025-11-28T23:54:52Z,2026-09-19T00:23:14.870779+00:00,waduh..jadi pengen.,,,,,Gemini-API,,,,
UgxwQI9I424gije5PxB4AaABAg,dEJ4VEjH1AQ,8d9de2de53cc25eabebed8222dce459e178a7aa2d0ebb6e0e159405af04e1ba6,kata rwd sangat menarik di konsumen indonesia,2,2025-11-26T21:45:12Z,2025-11-26T21:45:12Z,2026-09-19T00:23:14.870779+00:00,kata rwd sangat menarik di konsumen indonesia,,,,,Gemini-API,,,,
UgwhZh47jsQ6b1wexEB4AaABAg,dEJ4VEjH1AQ,012f650105ac514c697dd2b128e9118ff2b7299efc832e7583a70dcccafbfc12,Mantap nih,1,2025-11-27T04:50:14Z,2025-11-27T04:50:14Z,2026-09-19T00:23:14.870779+00:00,bagus nih,,,,,Gemini-API,,,,
UgwTJ2m0eDCvGmyPWzF4AaABAg,dEJ4VEjH1AQ,f916750c5f53942620d231bb2f4b4df979d451fbc7b01244902673779c64cba5,Mantap ini RWD  pasti laku di luar jawa,2,2025-11-26T06:33:12Z,2025-11-26T06:33:12Z,2026-09-19T00:23:14.870779+00:00,bagus ini rwd pasti laku di luar jawa,,,,,Gemini-API,,,,
UgxiMgXOfjR-iT70H3V4AaABAg,dEJ4VEjH1AQ,aa67a92b95d4301fa3d50e1ceafb02a5d9a57763984d3f0b56d8bae9c0583af3,"Keren, jadi pengen punya tapiiii 😮",1,2025-12-02T16:00:46Z,2025-12-02T16:00:46Z,2026-09-19T00:23:14.870779+00:00,"keren, jadi pengen punya tapii 😮",,,,,Gemini-API,,,,
Ugx4Ax1JtNqE536LKKt4AaABAg,z1fWo8tYynA,466562137539948e5496aea86fb119fe3747b9a22738a2dbaf226387d973fd40,"Sudah pakai dirumah
Tidak mengecewaakan beyond expectation 🎉",38,2025-09-17T15:20:24Z,2025-09-17T15:20:24Z,2026-09-19T00:23:10.960426+00:00,sudah pakai dirumah tidak mengecewaakan beyond expectation 🎉,,,,,Gemini-API,,,,
UgwTtjkn_X4wIWOEIfB4AaABAg,VEXJp_L57Nk,f8790eac833655c5b766c4fb56d28b309a16a2a3976cabe438cdc2133a689455,Kenapa y.. sampai hari ini saya belum tertarik sama yg namanya mobil listrik.. masih ragu..,0,2025-10-03T17:37:07Z,2025-10-03T17:37:07Z,2026-09-19T00:23:10.716076+00:00,kenapa y.. sampai hari ini saya belum tertarik sama yg namanya mobil listrik.. masih ragu..,,,,,Gemini-API,,,,
UgxSuKmmoDsWUkskRdp4AaABAg,z1fWo8tYynA,9f2e57e09d03f50183231e908bf46f28401dfa1ad029090731981461a405af0b,Smeoga cepat ada sistem nyetir sendiri😊❤,1,2025-09-19T19:50:27Z,2025-09-19T19:50:27Z,2026-09-19T00:23:10.960426+00:00,smeoga cepat ada sistem nyetir sendiri😊❤,,,,,Gemini-API,,,,
UgwXxVfbt00VrJAkfIl4AaABAg,j_6L3j7vrOc,7f5d9f3262ff04daa87f0e8d54008f4296315a22d00c3c1b2b5d4d9582a8f076,mirip range rover,1,2025-12-09T03:05:23Z,2025-12-09T03:05:23Z,2026-09-19T00:23:05.069705+00:00,mirip range rover,,,,,Gemini-API,,,,
UgzxG-fLRcZMrcWK5_h4AaABAg,Bx-XDBdN7nA,710181afedcc24027362095869c3501dcc356383faa970d6e8df22a506571f94,Tunggu BYD.. mereka ga akan diam ajaaaaa😂😂😂😂,0,2025-11-17T03:14:38Z,2025-11-17T03:14:38Z,2026-09-19T00:23:02.435533+00:00,tunggu byd.. mereka tidak akan diam ajaa😂😂,,,,,Gemini-API,,,,
UgxeUFCW1dLSiIc1k6B4AaABAg,j_6L3j7vrOc,e8c98be1364da78030dc2e41622a589107084dd49d6936f25ccac73ec5ae9997,Andaikan dpt wall charger pasti lbh mantap lagi.. sayangnya nggak dpt..,1,2025-11-16T10:19:40Z,2025-11-16T10:19:40Z,2026-09-19T00:23:05.069705+00:00,andaikan dapat wall charger pasti lbh bagus lagi.. sayangnya tidak dpt..,,,,,Gemini-API,,,,
UgzEdyPkTIL0xaiwNPh4AaABAg,j_6L3j7vrOc,fd8e15118bc2eecb232ae2561239e08d57a2b9844d03147d64f6409370bb76d9,Kalau pesan lewat mana Bos maklum saya tidak tahu dari Kalimantan Barat tolong dibantu.,2,2025-11-18T02:36:44Z,2025-11-18T02:36:44Z,2026-09-19T00:23:05.069705+00:00,kalau pesan lewat mana bos maklum saya tidak tahu dari kalimantan barat tolong dibantu.,,,,,Gemini-API,,,,
UgwWOIkaZCbI6rMRKll4AaABAg,Bx-XDBdN7nA,5b7bf91c91eff0a30e15b30722bffea9b347824a2b07175aba228663ca75f61b,"Ya kali BYD diem aja, ye kan?? Yang katanya pabrikan EV terbesar dan semua body part buat sendiri dari hulu ke hilir... :p",0,2025-11-16T17:30:32Z,2025-11-16T17:30:32Z,2026-09-19T00:23:02.435533+00:00,"ya kali byd diem aja, ye kan?? yang katanya pabrikan ev terbesar dan semua body part buat sendiri dari hulu ke hilir.. :p",,,,,Gemini-API,,,,
UgzK0WKL_xDrCz8kz914AaABAg,j_6L3j7vrOc,63c6b455a8930ceafb7072b20f1c75e6ce1e5f9a1cde5f941654be78d0a583d5,"Nunggu Jaecoo J5 SHS-H (hybrid 1.5 turbo) masuk Indo 😍

 https://www.youtube.com/watch?v=HJ8yOzq_AJk
https://www.youtube.com/watch?v=deTxw7kUNds",0,2025-11-17T00:48:49Z,2025-11-17T00:55:41Z,2026-09-19T00:23:05.069705+00:00,nunggu jaecoo j5 shs-h (hybrid 1.5 turbo) masuk indo 😍,,,,,Gemini-API,,,,
UgzvZ9pGwGii2zhzqSZ4AaABAg,j_6L3j7vrOc,060bd8cedd330178df8b4dcb6892cc709492223eb411cdb96f4264502a58be97,"Perbandingan J5 UK inggris dan Indo:
#Versi UK dapet ban continental, layar speedometer lcd, speaker sony
#Versi Indo down grade jadi ban giti, speedo kalkulator, speaker non brand

Padahal bagus jg tuh, bikin 1 varian lagi yg super lengkap seperti UK punya. Banyak yg mau saya yakin",2,2025-11-16T11:36:22Z,2025-11-16T11:36:22Z,2026-09-19T00:23:05.069705+00:00,"perbandingan j5 uk inggris dan indo: #versi uk dapet ban continental, layar speedometer lcd, speaker sony #versi indo down grade jadi ban giti, speedo kalkulator, speaker non brand padahal bagus jg tuh, bikin 1 varian lagi yg super lengkap seperti uk punya. banyak yg mau saya yakin",,,,,Gemini-API,,,,
UgxTNRHAQzWeklPCFzd4AaABAg,j_6L3j7vrOc,c0a5bfab90be807c14be09e56a1f6ca5455348752b04ea67bcef33211333ed42,OTO DRIVER GA SERU LAGI GA ADA BAPA FITRA,0,2025-11-16T10:05:45Z,2025-11-16T10:05:45Z,2026-09-19T00:23:05.069705+00:00,oto driver tidak seru lagi tidak ada bapa fitra,,,,,Gemini-API,,,,
UgwWXKcD4QdlCMeL6up4AaABAg,j_6L3j7vrOc,62992936652c180901d38967498fb5c9718878690f8bc52caa1c552e6eb9cf62,Mobil EV yang ingin.....digoreng-goreng....😂😂😂😂😂,0,2025-11-17T07:47:49Z,2025-11-17T07:47:49Z,2026-09-19T00:23:05.069705+00:00,mobil ev yang ingin..digoreng-goreng..😂😂,,,,,Gemini-API,,,,
Ugy4JIFZlIOXLVX2JNx4AaABAg,j_6L3j7vrOc,ba084fca5690f3e41d32e72d46af9f647a31271c4eb3a9cbd9141cddf29685b9,"Jadikan MOBIL SEJUTA UMAT !!!!
Mantap jaecoo",2,2025-11-16T13:56:27Z,2025-11-16T13:56:27Z,2026-09-19T00:23:05.069705+00:00,jadikan mobil sejuta umat !! bagus jaecoo,,,,,Gemini-API,,,,
UgznWNRQ5fO5e3I0w9p4AaABAg,Bx-XDBdN7nA,2454cd76f0a815c1fc2f62a92a326db59ad0cc82fb94476c2304e89fc2d1847d,kursi belakangnya ga bisa dimundurin lagi?,0,2025-11-23T01:35:26Z,2025-11-23T01:35:26Z,2026-09-19T00:23:02.435533+00:00,kursi belakangnya tidak bisa dimundurin lagi?,,,,,Gemini-API,,,,
Ugxg4y85W5Qn9xQONv94AaABAg,j_6L3j7vrOc,002f49b2eafc1be3639b2cb927b4c0094f9a5216632c463a8948eb9835efec5b,honda dan toyota produk lcgc nya jadi ketiban jauh :v,2,2025-11-16T12:19:09Z,2025-11-16T12:19:09Z,2026-09-19T00:23:05.069705+00:00,honda dan toyota produk lcgc nya jadi ketiban jauh :v,,,,,Gemini-API,,,,
UgyBQ_rouYroKRTx99F4AaABAg,j_6L3j7vrOc,7f6bf23002ae279fea45ce2714b94864787567e9bc7af219f4a7d12d3a12c299,"Aplikasi apa namanya Om ?
Dari HP iphone ke mobil jaecoo j5 ?",0,2026-05-08T12:21:55Z,2026-05-08T12:21:55Z,2026-09-19T00:23:05.069705+00:00,aplikasi apa namanya om ? dari hp iphone ke mobil jaecoo j5 ?,,,,,Gemini-API,,,,
Ugx11TYPnm9J06XZ_m94AaABAg,j_6L3j7vrOc,44ae013b4e40f021ce5d7c13cda98db920518b0129d12d25fdf2beb6e41eb568,Chery Omoda E5 saudaranya J5 jg ga laku,0,2025-11-17T03:26:49Z,2025-11-17T03:26:49Z,2026-09-19T00:23:05.069705+00:00,chery omoda e5 saudaranya j5 jg tidak laku,,,,,Gemini-API,,,,
UgzwbbmZTROwxNAo8_V4AaABAg,j_6L3j7vrOc,3f70d5432de8eb909850f939d4b75b14b4861a487ad6a9b6d2761b512ee41f97,Itu buat 1000 pembeli pertama gak sih,0,2025-11-20T00:40:33Z,2025-11-20T00:40:33Z,2026-09-19T00:23:05.069705+00:00,itu buat 100 pembeli pertama tidak sih,,,,,Gemini-API,,,,
UgzlLtHWkCk33Tk0ZOB4AaABAg,j_6L3j7vrOc,0c430c886933c4bb0ea7722bf5cfcd9352f9a25af1ab9c95030371578f67065b,NAHH,0,2025-11-23T03:42:45Z,2025-11-23T03:42:45Z,2026-09-19T00:23:05.069705+00:00,nahh,,,,,Gemini-API,,,,
Ugzq1IS9_D7aXp0e5Hx4AaABAg,j_6L3j7vrOc,75418d3ca11111495895599e6375ad69c1e7c6fc6eebfbc22d66cbf2969cff64,"Mau Tanya, home charger yg bagus buat jaecoo ini merk apa ya?",0,2025-11-16T12:58:06Z,2025-11-16T12:58:06Z,2026-09-19T00:23:05.069705+00:00,"mau tanya, home charger yg bagus buat jaecoo ini merk apa ya?",,,,,Gemini-API,,,,
Ugy5p7YNY-RxDdczzZZ4AaABAg,Bx-XDBdN7nA,b7fc8380c8377e6b5e161b3d5e0d2a3004dc2d96a0cc84119fb8c351af7c06a3,wkwkwwk tar tahun depan yg beli jaecoo nangis bombay karena BYD keluar model baru cuma 250jt long range,0,2025-11-16T08:13:01Z,2025-11-16T08:13:01Z,2026-09-19T00:23:02.435533+00:00,wkwkwwk tar tahun depan yg beli jaecoo nangis bombay karena byd keluar model baru cuma 250jt long range,,,,,Gemini-API,,,,
UgzcTHfKuheo-csT1Dp4AaABAg,j_6L3j7vrOc,c0a5bfab90be807c14be09e56a1f6ca5455348752b04ea67bcef33211333ed42,Bapak Fitra era ke mana ya,0,2025-11-16T10:02:17Z,2025-11-16T10:02:17Z,2026-09-19T00:23:05.069705+00:00,bapak fitra era ke mana ya,,,,,Gemini-API,,,,
UgyuVQMMNrgiUYcaK114AaABAg,j_6L3j7vrOc,f64d60402c24a2784fff04f50962d9fd3149fec4e1b2c3156595d2ae542bcfd3,Voice command-nya bisa diaktifkan dengan suara (tanpa tombol) juga kah ?,0,2025-11-21T12:47:58Z,2025-11-21T12:47:58Z,2026-09-19T00:23:05.069705+00:00,voice command-nya bisa diaktifkan dengan suara (tanpa tombol) juga kah ?,,,,,Gemini-API,,,,
UgzJOBiudt2KOSZpkul4AaABAg,j_6L3j7vrOc,0dfef2a1558839726a276ef41dcec476b4f0391cb2ac9d2dead8152376fe1e7d,Boleh tau nama aplikasi untuk smarth vhicle jaecoo untuk ios?,0,2025-11-18T04:23:55Z,2025-11-18T04:23:55Z,2026-09-19T00:23:05.069705+00:00,boleh tau nama aplikasi untuk smarth vhicle jaecoo untuk ios?,,,,,Gemini-API,,,,
UgzLLfROccezhLfuhR54AaABAg,j_6L3j7vrOc,354bda72e7fb5c7a47fbaa490a546e75474b8ef57d81266a05f3a709bd088595,gokilllllll,0,2025-11-17T10:34:06Z,2025-11-17T10:34:06Z,2026-09-19T00:23:05.069705+00:00,gokill,,,,,Gemini-API,,,,
UgyIAPB6Um9WkRpe7EF4AaABAg,j_6L3j7vrOc,518a5d9428a1075493e3ff06d09f5a8270517a25313a3ef01f675805c1ef1f08,"Front trunk? You mean a Frunk
?",0,2025-11-16T12:13:38Z,2025-11-16T12:13:38Z,2026-09-19T00:23:05.069705+00:00,front trunk? you mean a frunk ?,,,,,Gemini-API,,,,
UgyQOy_EZt_EfcCPcJF4AaABAg,j_6L3j7vrOc,9e04ae0eb6c11d413853382b0412f84c07f7d65ea49497dd0bcd0a7ebb3ce470,secondnya 2 thn lagi jd brp y.. menggjurkan..❤,0,2025-11-21T12:34:52Z,2025-11-21T12:34:52Z,2026-09-19T00:23:05.069705+00:00,secondnya 2 thn lagi jd brp y.. menggjurkan..❤,,,,,Gemini-API,,,,
Ugxg_9OB38IABpqdwZl4AaABAg,Bx-XDBdN7nA,537e9cea2bba9fe8658abf85dd3d9c9d96204a3408efd8cf12597d30a2c1212a,itu kalau regenerative brake di set high berasa kaya one pedal ngga ya?,0,2025-11-16T09:55:09Z,2025-11-16T09:55:09Z,2026-09-19T00:23:02.435533+00:00,itu kalau regenerative brake di set high berasa kaya one pedal tidak ya?,,,,,Gemini-API,,,,
UgzpFAt_5HkH0cN1ZIx4AaABAg,j_6L3j7vrOc,a93d47ef72ba2726222a59e97f84faf893e6ff1ec7308513e4ddbde7dc9017bb,kok saya mikirnya front trunk itu buat bawa durian. Jadi baunya ga masuk kabin,11,2025-11-16T12:03:25Z,2025-11-16T12:03:25Z,2026-09-19T00:23:05.069705+00:00,kok saya mikirnya front trunk itu buat bawa durian. jadi baunya tidak masuk kabin,,,,,Gemini-API,,,,
UgwlWdsnwKkMkTQoICt4AaABAg,j_6L3j7vrOc,63c6b455a8930ceafb7072b20f1c75e6ce1e5f9a1cde5f941654be78d0a583d5,"1:18 ""kami akan membahas kehebatan, kemudian kelebihannya dan juga apa saja hal yang tidak dimiliki oleh beberapa rivalnya"". 

Wow, mantap, no minus2 acan mobil ini 😀",2,2025-11-17T00:37:50Z,2025-11-17T00:40:27Z,2026-09-19T00:23:05.069705+00:00,"1:18 ""kami akan membahas kehebatan, kemudian kelebihannya dan juga apa saja hal yang tidak dimiliki oleh beberapa rivalnya"". wow, mantap, no minus2 acan mobil ini 😀",,,,,Gemini-API,,,,
Ugz7PAPSqIABGXox6eR4AaABAg,j_6L3j7vrOc,80cfa96fa707848a82b803d8f8184124fa0b40ac77d952bacf76d53860f0a5ab,"Tetap Jepang kita mah, bensin lah",0,2025-11-17T12:23:43Z,2025-11-17T12:23:43Z,2026-09-19T00:23:05.693202+00:00,"tetap jepang kita mah, bensin lah",,,,,Gemini-API,,,,
UgzK40idnDm3qacOF394AaABAg,j_6L3j7vrOc,35e4f054562cab44a6d886e08924462cd00ed9251db77d30e9a1ae8679b91228,"Minta argumentasinya dong, bagaimana dengan purna jualnya dan masa depan keberadaan pabriknya?",0,2025-11-17T04:44:42Z,2025-11-17T04:44:42Z,2026-09-19T00:23:05.693202+00:00,"minta argumentasinya dong, bagaimana dengan purna jualnya dan masa depan keberadaan pabriknya?",,,,,Gemini-API,,,,
UgwH93dBa4avzoYFKUt4AaABAg,Bx-XDBdN7nA,d02ba5b48c455390bda912a792567ff30e42a1db1e18fe72d8bf2daceabfdb9e,"Innova zenix Auto Gak Laku 
😂😂😂😂😂😂😂😂😂😂😂😂",2,2025-12-03T01:54:12Z,2025-12-03T01:54:12Z,2026-09-19T00:23:02.435533+00:00,innova zenix auto tidak laku 😂😂,,,,,Gemini-API,,,,
Ugy52nR8AG1_ST-PRL94AaABAg,wWoTrVO2Hk4,59b7fd31325fe2c5616ae0fdca06c46faff11ceb3a46d1c53dfed1cb400a707c,hadir om b,0,2026-04-22T22:07:46Z,2026-04-22T22:07:46Z,2026-09-19T00:23:05.982688+00:00,hadir om b,,,,,Gemini-API,,,,
UgwhaRnc-jMjWqDlDax4AaABAg,wWoTrVO2Hk4,32b05d2f74c9dcf61b125bc5b25101ba88c06e52e94ca2cc299f2b449b73e644,Insya Allah segwra meminang mobil ini meskipun ada sedikit kekurangan yg cukup mengganggu yaitu absennya acces smart entry.,0,2026-06-14T12:51:03Z,2026-06-14T12:51:03Z,2026-09-19T00:23:05.982688+00:00,insya allah segwra meminang mobil ini meskipun ada sedikit kekurangan yg cukup mengganggu yaitu absennya acces smart entry.,,,,,Gemini-API,,,,
Ugzd5Tls8rRbR5_6NLl4AaABAg,wWoTrVO2Hk4,fdbfb1550b052936129701a23d5718f1556c2b4f83f582870af678935c992e5c,"Mantap bang, mobil 200 jutaan vitur melimpah, sy beli 1 deh yg terbaru di bulan september 2026 ini buat istri sy antr jemput anak ke sekolah. Aamiin ya robbal alamiin",1,2026-09-13T03:31:57Z,2026-09-13T03:31:57Z,2026-09-19T00:23:05.982688+00:00,"bagus bang, mobil 200 jutaan vitur melimpah, sy beli 1 deh yg terbaru di bulan september 2026 ini buat istri sy antr jemput anak ke sekolah. aamiin ya robbal alamiin",,,,,Gemini-API,,,,
UgxO0s_jl0-rxD0_S_14AaABAg,wWoTrVO2Hk4,6d1901eab2b6d80f3600c175c21c6188dc8b0e83a5b3ccbdb318ac6fc1747048,Keren nih mobil,1,2026-07-12T12:10:27Z,2026-07-12T12:10:27Z,2026-09-19T00:23:05.982688+00:00,keren nih mobil,,,,,Gemini-API,,,,
Ugwn8Tf3aWJWniVQUUx4AaABAg,wWoTrVO2Hk4,20f1c23219ed6f17eaf3487108353bb72f7abf54c597e5b3c9705f6176e25854,"Ini mobil idaman keluarga saya om b, anehnya anak dan istri sy juga suka",1,2026-07-25T08:13:58Z,2026-07-25T08:13:58Z,2026-09-19T00:23:05.982688+00:00,"ini mobil idaman keluarga saya om b, anehnya anak dan istri sy juga suka",,,,,Gemini-API,,,,
UgwOwhr163BrNhoHlg54AaABAg,Bx-XDBdN7nA,b8d65476382760576c12a2caba23f4d888eaab85eaf0ec71f532da55335e68b6,bang ada mobil yang gak bikin mabok ga😭😭,0,2026-05-28T10:39:38Z,2026-05-28T10:39:38Z,2026-09-19T00:23:02.435533+00:00,bang ada mobil yang tidak bikin mabok ga😭😭,,,,,Gemini-API,,,,
UgxsQH_VvFJbtdAvCOR4AaABAg,wWoTrVO2Hk4,84280a569452537c6a964aa43339da7ca9eb30b059897f9c8a1935cc2a7182dd,Desain nya cakep om,1,2026-04-22T14:21:40Z,2026-04-22T14:21:40Z,2026-09-19T00:23:05.982688+00:00,desain nya cakep om,,,,,Gemini-API,,,,
UgxMphTXshjTakPUvs94AaABAg,wWoTrVO2Hk4,3179d2e7ba7075683a3859a307bf94af2e5e1a66ebb8d419ed0eb56f96db4d78,"Hadir om b channel, ❤❤❤",0,2026-04-22T21:20:15Z,2026-04-22T21:20:15Z,2026-09-19T00:23:05.982688+00:00,"hadir om b channel, ❤❤",,,,,Gemini-API,,,,
UgwcKgwUTT_DVqMLu9l4AaABAg,wWoTrVO2Hk4,7d6d418950222cf4ec74b406225cd76698fc4997464f2d27891f627793014dca,mantap,1,2026-04-22T14:01:08Z,2026-04-22T14:01:08Z,2026-09-19T00:23:05.982688+00:00,bagus,,,,,Gemini-API,,,,
UgyXB0p-q9VSyvh70SR4AaABAg,wWoTrVO2Hk4,b354e19593e36539ab855e1f3e3c48c47cc8b817d948898f496fb483c3051238,Mantul kali,1,2026-04-25T12:40:24Z,2026-04-25T12:40:24Z,2026-09-19T00:23:05.982688+00:00,mantap betul kali,,,,,Gemini-API,,,,
UgxSPq3bNFvRbqWpp2F4AaABAg,Bx-XDBdN7nA,17f3ac70b4eba47f99fe64f557796b68e16737d1caf25bf82368984821b497d0,Belum dipastikanlah sebleum 4 tahun beroperasi merk belum menjamin kalau ada yang mau beli silahkan jangan kemakan iklan😂😂😂😂😂,0,2025-11-29T13:39:25Z,2025-11-29T13:39:25Z,2026-09-19T00:23:02.435533+00:00,belum dipastikanlah sebleum 4 tahun beroperasi merk belum menjamin kalau ada yang mau beli silahkan jangan kemakan iklan😂😂,,,,,Gemini-API,,,,
UgwmlJzNEs5QOEhYPpR4AaABAg,wWoTrVO2Hk4,879e2f37570e16fe2c8716c77553c4e6801cf53aebcecf64f449c4102d8d11cc,"Sama sama, terima kasih sudah mengonten 😅",1,2026-05-06T23:42:28Z,2026-05-06T23:42:28Z,2026-09-19T00:23:05.982688+00:00,"sama sama, terima kasih sudah mengonten 😅",,,,,Gemini-API,,,,
Ugw01-F0EukGb9PlWpV4AaABAg,j_6L3j7vrOc,f03a096012355705f049f22b8e858db1f5a765b7eefb3b80b86915500fa88b3f,Jika presentasi bateray listrik nya tersisa dibawah 50% apakah power motornya msh stabil .. atau lemot 😊,1,2025-11-18T01:48:20Z,2025-11-18T01:48:20Z,2026-09-19T00:23:05.693202+00:00,jika presentasi bateray listrik nya tersisa dibawah 50% apakah power motornya msh stabil .. atau lemot 😊,,,,,Gemini-API,,,,
UgxNdd0gQEUDAo5a5dx4AaABAg,j_6L3j7vrOc,161c44cb1193f190ff0c259db5619a2a65060cd1005711ec7aa784cf1d1b8909,Si kriwul gagapan cengengesan 💩💩💩💩💩,0,2026-06-22T10:59:39Z,2026-06-22T10:59:39Z,2026-09-19T00:23:05.693202+00:00,si kriwul gagapan cengengesan 💩💩,,,,,Gemini-API,,,,
UgyX9y_WsmzJgo6PAfd4AaABAg,Bx-XDBdN7nA,162b94c9eee2ef957999252b0812ef4a1b44798f10b076b0626916c943d9e9f7,"Suami : J8
Istri     : J5",0,2025-12-17T03:27:13Z,2025-12-17T03:27:13Z,2026-09-19T00:23:02.435533+00:00,suami : j8 istri : j5,,,,,Gemini-API,,,,
UgwPSfiXKLqGRjshPQB4AaABAg,j_6L3j7vrOc,f558363e6c2acda41e35163863b5dc6f998609f447a34642547349b8e751b055,"apakah mobil listrik aman untuk di cuci steam dengan semprot kolong?
coz sy punya kebiasaan klo abis banjir2an, mobil ""wajib"" cuci kolong biar ga mudah karatan...",0,2025-12-05T03:16:54Z,2025-12-05T03:16:54Z,2026-09-19T00:23:05.693202+00:00,"apakah mobil listrik aman untuk di cuci steam dengan semprot kolong? coz sy punya kebiasaan kalau abis banjir2an, mobil ""wajib"" cuci kolong biar tidak mudah karatan..",,,,,Gemini-API,,,,
UgxFgMQXmjqtx-4HBuR4AaABAg,j_6L3j7vrOc,479e5a50926ec2b1b0866d7b682d1c2719b3f64f31ef42eb053dcc8149108c53,jok dpn kiri kanan ventilated..itu ada pendingin gak?,0,2025-11-16T13:30:37Z,2025-11-16T13:30:37Z,2026-09-19T00:23:05.693202+00:00,jok dpn kiri kanan ventilated..itu ada pendingin gak?,,,,,Gemini-API,,,,
Ugw2nlQyQ32KZaUoSSV4AaABAg,j_6L3j7vrOc,dfe9253363c74248620e304bf1710f5aabdea9453c778dc85f598f4586cec625,Durabiliti nya gmna ya kira2 perawatannya juga,0,2025-11-18T06:16:10Z,2025-11-18T06:16:10Z,2026-09-19T00:23:05.693202+00:00,durabiliti nya gmna ya kira2 perawatannya juga,,,,,Gemini-API,,,,
UgxXPERlH796Ytyw79p4AaABAg,Bx-XDBdN7nA,6b557ecac29b26bcfcd9e9864a7aff1af7f3a1c37edb4c3728dea1b0731f4188,Sunroof gitu di indo yang panas ini gampang bocor ga ya?,0,2025-11-20T12:40:57Z,2025-11-20T12:40:57Z,2026-09-19T00:23:02.435533+00:00,sunroof gitu di indo yang panas ini gampang bocor tidak ya?,,,,,Gemini-API,,,,
Ugzg1QHzND_VhvcB0VB4AaABAg,Bx-XDBdN7nA,3ac870f43c748b11db3f6ad5364b4a49cb073aae54072519dcf58531c67518f1,hebat ya dari bisnis donat lanjut ke mobil listrik wkwkwk.. 🤪🤪,0,2025-11-22T12:21:38Z,2025-11-22T12:21:38Z,2026-09-19T00:23:02.435533+00:00,hebat ya dari bisnis donat lanjut ke mobil listrik wkwkwk.. 🤪🤪,,,,,Gemini-API,,,,
UgwBZecloJZQibkuAHx4AaABAg,Bx-XDBdN7nA,622bbbae4174f4cf37ba1d250d30f3cd0ee43e5fa354e61e8cde1d592ffe1415,"Masih ragu dengan EV, masih pakai mobil Korea. Jangan² kayak dulu, hape Korea, switch ke hape cina sampai hari ini",1,2025-11-16T11:37:19Z,2025-11-16T11:37:19Z,2026-09-19T00:23:02.435533+00:00,"masih ragu dengan ev, masih pakai mobil korea. jangan² kayak dulu, hape korea, switch ke hape cina sampai hari ini",,,,,Gemini-API,,,,
UgwQh1oDjERLu6t_ptd4AaABAg,Bx-XDBdN7nA,d5eb388044927939472452b8041e45b151ace7f8f16ba0bf366d4c10c4ff84e6,"Kayak ya buat orang"" yang anti china ga bakal beli Mobil ini,pasti beli Mobil ya Dari Arab/yaman😂..... Gw sebagai WNI cindo bakal beli,karena gw china😂❤....",0,2025-11-19T03:35:24Z,2025-11-19T03:35:24Z,2026-09-19T00:23:02.435533+00:00,"kayak ya buat orang"" yang anti china tidak bakal beli mobil ini,pasti beli mobil ya dari arab/yaman😂.. gw sebagai wni cindo bakal beli,karena gw china😂❤..",,,,,Gemini-API,,,,
Ugz6V0pn-f88_xnLvJp4AaABAg,j_6L3j7vrOc,80cfa96fa707848a82b803d8f8184124fa0b40ac77d952bacf76d53860f0a5ab,Pakek 5 thn jd rongsokan😅,0,2025-11-17T12:23:24Z,2025-11-17T12:23:24Z,2026-09-19T00:23:05.693202+00:00,pakek 5 thn jd rongsokan😅,,,,,Gemini-API,,,,
UgzjeumWU4dM6Soj1qp4AaABAg,j_6L3j7vrOc,cd112a59567bbb6b084c32515ea35a86a18ca03c428034a966c5bf7d7a1ddd48,"Om mau tanya itu audio nya apa?(Kalau chery kan sony)apakah sama,??",0,2025-11-18T14:52:25Z,2025-11-18T14:52:25Z,2026-09-19T00:23:05.693202+00:00,"om mau tanya itu audio nya apa?(kalau chery kan sony)apakah sama,??",,,,,Gemini-API,,,,
Ugz0msiIsDCG2KWUH2l4AaABAg,j_6L3j7vrOc,20e4588d95ec7d52edb01dc7ff17fe0eb165757a251f1398ffc9bfa874c8cbc8,kenapa ga mirip Evoque sekalian ya?,0,2025-11-16T16:27:20Z,2025-11-16T16:27:20Z,2026-09-19T00:23:05.069705+00:00,kenapa tidak mirip evoque sekalian ya?,,,,,Gemini-API,,,,
UgwMRSboKjOyQI9SG494AaABAg,j_6L3j7vrOc,b6d3bd146efe777cb50004fed35567e193fa44a0f9794dc3356b11ca8c1c551b,"Kalo harga bakal naik ga termasuk murah lah, lagian apa2 yg masuk indo di jamin mahal.",0,2025-11-19T07:12:24Z,2025-11-19T07:12:24Z,2026-09-19T00:23:05.069705+00:00,"kalo harga bakal naik tidak termasuk murah lah, lagian apa2 yg masuk indo di jamin mahal.",,,,,Gemini-API,,,,
UgyVqpygfdHMVpUxpwx4AaABAg,wWoTrVO2Hk4,33d504a61572cbbc09421065aaccb5a5f08c676726c8d7da480f07378c8334b7,suara ganti² drive modenya ngingetin xbox 360🤣,1,2026-04-29T07:39:41Z,2026-04-29T07:39:41Z,2026-09-19T00:23:05.982688+00:00,suara ganti² drive modenya ngingetin xbox 360🤣,,,,,Gemini-API,,,,
Ugwh-oPwDaMxD6fRDhV4AaABAg,j_6L3j7vrOc,a520c03ae006a29b1ea946d31262bf44acb7e43b75cc096bdf6f3df8f8463ab4,"Kualitas kamera otodriver kok makin jelek ya, terlalu kontras",0,2025-11-16T13:22:46Z,2025-11-16T13:22:46Z,2026-09-19T00:23:05.069705+00:00,"kualitas kamera otodriver kok makin jelek ya, terlalu kontras",,,,,Gemini-API,,,,
Ugy6tMAf4iIq0Aa91F14AaABAg,Bx-XDBdN7nA,794465d768884680f1651ebfd6933e428f9fb582508875c884c9060c10dd4dfb,Jaecoo J5 baru atau Omoda E5 seken?,0,2025-11-16T07:05:07Z,2025-11-16T07:05:07Z,2026-09-19T00:23:02.435533+00:00,jaecoo j5 baru atau omoda e5 seken?,,,,,Gemini-API,,,,
Ugy123Rubmb0ple49F54AaABAg,j_6L3j7vrOc,19a5925cde1ee1a385ddd9874d421445eb4934a86cc6bc0064c321b1890abc95,Wahhh keren ada bagasi depan juga gak cuman mobil eropa bermesin belakang terkencang lainnya,2,2025-11-17T01:00:30Z,2025-11-17T01:00:30Z,2026-09-19T00:23:05.069705+00:00,wahh keren ada bagasi depan juga tidak cuman mobil eropa bermesin belakang terkencang lainnya,,,,,Gemini-API,,,,
UgxjD3RuDBCv9UWI6TN4AaABAg,j_6L3j7vrOc,7d6d418950222cf4ec74b406225cd76698fc4997464f2d27891f627793014dca,mantap,2,2025-11-16T09:45:03Z,2025-11-16T09:45:03Z,2026-09-19T00:23:05.069705+00:00,bagus,,,,,Gemini-API,,,,
UgyT9v64OC6qNUPV4vB4AaABAg,j_6L3j7vrOc,9b4a6255bc804487f6ef6f8cf0cccba25aeecf4595260bca53a682c5159879f2,kereeeeen......,4,2025-11-16T23:40:38Z,2025-11-16T23:40:38Z,2026-09-19T00:23:05.069705+00:00,kereen..,,,,,Gemini-API,,,,
UgxI9YjDnHoPkXE1g5J4AaABAg,j_6L3j7vrOc,44d26f6997307df92e676a3f79ac40b9d07a23373a81ce2d7b005a94cf224c80,Thanks reviewnya bang,1,2025-11-18T05:57:18Z,2025-11-18T05:57:18Z,2026-09-19T00:23:05.069705+00:00,thanks reviewnya bang,,,,,Gemini-API,,,,
Ugx1sbgo-8cETIqrKGJ4AaABAg,Bx-XDBdN7nA,5e7f05b51aa46e078a2130704e07a258d83b16b1d35ebf8efcbcee62b50a01dd,"yang bisa dipelajari dari j5 , sebenernya fitur2 kekinian ky bgitu itu murah, tapi ky mobil jepang korea, dibikin mahal, konsumen yg dirugikan    dann apakabar honda listrik taun depan ya ? 100jt ?300jt? 450jt ?",2,2025-11-17T01:18:16Z,2025-11-17T01:39:27Z,2026-09-19T00:23:02.435533+00:00,"yang bisa dipelajari dari j5 , sebenernya fitur2 kekinian ky bgitu itu murah, tapi ky mobil jepang korea, dibikin mahal, konsumen yg dirugikan dann apakabar honda listrik taun depan ya ? 100jt ?300jt? 450jt ?",,,,,Gemini-API,,,,
UgxhV13exwUVu7eqQ794AaABAg,Bx-XDBdN7nA,2d465e4917c0acaf8b7117e978c697d2c21b939a00fdf02a75409bf66b6b971e,"Jaecoo J5. sub merek dari pabrikan china (cherry)

gila gila, woow keren keren. atto1 sih lewat jauh sama ini maah
mendingan ini kamana2. cuma hrga naik dikits, lega lbh mewah, lebih gedean 😃
SUV yg mahal itu jga bisa kelibas / kelawan sama ini.
sudah masuk duduk di seat driper & duduk di baris 2nya.
Panorimac roofnya, mantap gede bener. sayangnya gk bisa kebuka.
yg bisa kebuka, Polytron G3+, hrga 339jt (tp sewa batery). hmmm naksir salah 1 nya

tp gw tggu bbrapa thn kedepan. mobil listrik makin murah.
pilihan makin banyak, pasti jenisnya bervariasi.
spklu makin banyak, ngecasnya makin cepat (info pabrikan lain dr china)

tp bgitu popupalsi makin bnyak, infrastruktur bnyak.
pajaknya dinaikin ............ hahahahahaha",1,2025-11-17T11:39:44Z,2025-11-30T16:32:57Z,2026-09-19T00:23:02.435533+00:00,"jaecoo j5. sub merek dari pabrikan china (cherry) gila gila, woow keren keren. atto1 sih lewat jauh sama ini maah mendingan ini kamana2. cuma hrga naik dikits, lega lbh mewah, lebih gedean 😃 suv yg mahal itu jga bisa kelibas / kelawan sama ini. sudah masuk duduk di seat driper & duduk di baris 2nya. panorimac roofnya, bagus gede bener. sayangnya tidak bisa kebuka. yg bisa kebuka, polytron g3+, hrga 339jt (tp sewa batery). hmm naksir salah 1 nya tapi gw tggu bbrapa thn kedepan. mobil listrik makin murah. pilihan makin banyak, pasti jenisnya bervariasi. stasiun pengisian kendaraan listrik umum makin banyak, ngecasnya makin cepat (info pabrikan lain dari china) tapi bgitu popupalsi makin bnyak, infrastruktur bnyak. pajaknya dinaikin .. hahahahahaha",,,,,Gemini-API,,,,
UgxX6O_5tx_M7kArthd4AaABAg,j_6L3j7vrOc,62992936652c180901d38967498fb5c9718878690f8bc52caa1c552e6eb9cf62,Semua akan EV pada waktunya.....😂😂😂😂😂,14,2025-11-17T07:38:45Z,2025-11-17T07:38:45Z,2026-09-19T00:23:05.069705+00:00,semua akan ev pada waktunya..😂😂,,,,,Gemini-API,,,,
UgyPsKFFuxrc9jDJx6Z4AaABAg,j_6L3j7vrOc,59c43c35ca93a19217058d20ca096ff28d577f40365d87dac9002ce07d5f62df,Calon mobil sejuta umat menggeser merek sebelah 👍,9,2025-11-17T16:00:05Z,2025-11-17T16:00:05Z,2026-09-19T00:23:05.069705+00:00,calon mobil sejuta umat menggeser merek sebelah 👍,,,,,Gemini-API,,,,
UgxI3NliKFgRjnZVsQ54AaABAg,j_6L3j7vrOc,e18a1691593bebca2940137da9797b8c6fd1d2e22593ba373a1d6da26e735a22,Keren Persaingan Pasar Dunia otomotif Terutama Mobil Listrik sudah seperti HP Smartphone 🎉,26,2025-11-16T09:05:01Z,2025-11-16T09:05:01Z,2026-09-19T00:23:05.069705+00:00,keren persaingan pasar dunia otomotif terutama mobil listrik sudah seperti hp smartphone 🎉,,,,,Gemini-API,,,,
UgyK-pkkrWE43ydS3F54AaABAg,Bx-XDBdN7nA,ecc37c53817006990eff066df429ada486ef63031ec9a451aeaa82415aa6f076,Kalau ada baris ke 3 maka avanza cs dalam bahaya,0,2025-11-16T09:53:31Z,2025-11-16T09:53:31Z,2026-09-19T00:23:02.435533+00:00,kalau ada baris ke 3 maka avanza cs dalam bahaya,,,,,Gemini-API,,,,
UgxMFO6bQC4RD24Y7Px4AaABAg,A9niV2791gs,d94dc67c3fe5942646298aa49989f7a0e8199be2fbe9a38613c61483e0b4dd9a,Mirip esemka 😂,0,2026-01-23T05:46:05Z,2026-01-23T05:46:05Z,2026-09-19T00:23:04.831717+00:00,mirip esemka 😂,,,,,Gemini-API,,,,
UgyO8mBxgaCJRrb9JHJ4AaABAg,A9niV2791gs,4112bec2df4a679988347a00b37294e8cf780e284a766c9ba9374f2c6c45c1df,"Ati2 kalau mau beli, terima uangnya iya, barangnya gk jelas dimana",0,2026-01-26T06:51:19Z,2026-01-26T06:51:19Z,2026-09-19T00:23:04.831717+00:00,"ati2 kalau mau beli, terima uangnya iya, barangnya tidak jelas dimana",,,,,Gemini-API,,,,
UgzUsexJHLwWDFiYFGx4AaABAg,A9niV2791gs,b87d8a2afa2001c6e3777a871f06fb94d3129a45e1556af7ab6f60408c3b1901,Kalo barangnya ghoib dan kagak ready mending jgn dijual lah kocak Jaecoo inii 😂,0,2026-01-25T14:14:48Z,2026-01-25T14:14:48Z,2026-09-19T00:23:04.831717+00:00,kalo barangnya ghoib dan kagak ready lebih baik jangan dijual lah kocak jaecoo inii 😂,,,,,Gemini-API,,,,
UgzEK_tEJcOEGgxFv_N4AaABAg,Bx-XDBdN7nA,cab9e6b62ae356e4153a3e813381914cfe13c7c4c4883fecc020fe33d56b0e61,Kenapa ya mobil jaman sekarang konsol tengahnya tinggi2? Jadi kurang enak kalo pengen duduk ngangkang gitu,1,2025-11-16T05:56:31Z,2025-11-16T05:56:31Z,2026-09-19T00:23:02.435533+00:00,kenapa ya mobil jaman sekarang konsol tengahnya tinggi2? jadi kurang enak kalo pengen duduk ngangkang gitu,,,,,Gemini-API,,,,
UgyNBBqNaWOEKd5HpWV4AaABAg,A9niV2791gs,1a2678e1f7929081132f58786a343fec0efe93020856c6b164075dbd6710a852,Sama geely ex2 worth it mana ya?,0,2026-01-23T12:55:29Z,2026-01-23T12:55:29Z,2026-09-19T00:23:04.831717+00:00,sama geely ex2 layak it mana ya?,,,,,Gemini-API,,,,
Ugyvl8eRXdI5cF7GCf94AaABAg,A9niV2791gs,8f280145a62cf81d15c6d74d67676ec899b8f4957640dc93fc5d64c85d8d0107,ini jaecoo promosi lagi di beberapa influencer apakah ada kemungkinan unitnya udah banyak yg selesai dirakit? mengingat banyaknya spk yg belum ada kabar 😅,2,2026-01-22T18:56:54Z,2026-01-22T18:56:54Z,2026-09-19T00:23:04.831717+00:00,ini jaecoo promosi lagi di beberapa influencer apakah ada kemungkinan unitnya udah banyak yg selesai dirakit? mengingat banyaknya spk yg belum ada kabar 😅,,,,,Gemini-API,,,,
UgzcyN24layZui8uGY94AaABAg,Bx-XDBdN7nA,2b98084381a412e72ffc2938c994ee944d8c35ef2f28d2ce2ec40d8127933d62,HYUNDAI KEMANA YA????,0,2025-11-16T14:22:39Z,2025-11-16T14:22:39Z,2026-09-19T00:23:02.435533+00:00,hyundai kemana ya??,,,,,Gemini-API,,,,
Ugwjj2r5eHPlTW1aw5d4AaABAg,A9niV2791gs,c9c45e437c10d3704874738d0b08b7b08b1dc9702328631d9530d1468d15806c,Molis klo dah tempuh 200 rb kilo baterenya mati ya?,0,2026-01-25T12:46:11Z,2026-01-25T12:46:11Z,2026-09-19T00:23:04.831717+00:00,molis kalau dah tempuh 200 rb kilo baterenya mati ya?,,,,,Gemini-API,,,,
UgyySvky8G5RBWK6ys94AaABAg,Bx-XDBdN7nA,e0e4b8612c625dd58529b0638e9e805fac5fb84d37a43b8c289605a64e92575e,Nyesel aku beli geely ex5 buru2..😢,0,2025-11-16T09:10:13Z,2025-11-16T09:10:13Z,2026-09-19T00:23:02.435533+00:00,nyesel aku beli geely ex5 buru2..😢,,,,,Gemini-API,,,,
UgwJBJg0u6W1FQJoHk14AaABAg,A9niV2791gs,3ee0d4ace9e480b8c0c7186918c8d65f092c5b1afa7f6b185e926ccb635911ff,Spk 8nov25 blm ad kbr,8,2026-01-22T17:47:17Z,2026-01-22T17:47:17Z,2026-09-19T00:23:04.831717+00:00,spk 8nov25 belum ad kbr,,,,,Gemini-API,,,,
UgxOZC6D1kGUEgnzC8F4AaABAg,A9niV2791gs,17003b2bdffadb13b12edd1c9f942957d3c637e2465da188378f416a9c4f948f,Saya sdh dapat unitnya seminggu yll,0,2026-01-23T00:51:18Z,2026-01-23T00:51:18Z,2026-09-19T00:23:04.831717+00:00,saya sudah dapat unitnya seminggu yll,,,,,Gemini-API,,,,
Ugysow5OP0NbngOZxIR4AaABAg,A9niV2791gs,503775f9879ca6728dd87164fc36fde5955578bf6ec996bce83be1031e7dd96f,Tunggu aja review stlh 5 tahun lagi yah .... ditunggu.,1,2026-01-24T12:48:41Z,2026-01-24T12:48:41Z,2026-09-19T00:23:04.831717+00:00,tunggu aja review stlh 5 tahun lagi yah .. ditunggu.,,,,,Gemini-API,,,,
UgxwHamyOugdU9ZLBPF4AaABAg,A9niV2791gs,90e2948dc99b0879d4b016379392d9358d95864df012b610a281b063991bdef1,J5 standart kayak esemka wakwakwkawak,2,2026-01-23T04:42:36Z,2026-01-23T04:42:36Z,2026-09-19T00:23:04.831717+00:00,j5 standart kayak esemka wakwakwkawak,,,,,Gemini-API,,,,
Ugw6X5rr66A99WYQSZx4AaABAg,A9niV2791gs,8958210cd4f1edfe6479fb9e9df6a303459c93d24671dcb5baae2928365c8868,Bentuknya membosankan,2,2026-01-23T02:05:54Z,2026-01-23T02:05:54Z,2026-09-19T00:23:04.831717+00:00,bentuknya membosankan,,,,,Gemini-API,,,,
UgxZeq-sU_6oz7AvNa94AaABAg,j_6L3j7vrOc,d58ee270fe45d400bce74947219210f11faaa0f871cece0250d5725c86c078ec,mantab banget nih,1,2025-11-16T13:12:48Z,2025-11-16T13:12:48Z,2026-09-19T00:23:05.069705+00:00,mantab banget nih,,,,,Gemini-API,,,,
UgwJ5dfT6Scsb4EExNB4AaABAg,j_6L3j7vrOc,9e082a9b0593d4146fece113a310e763940e6f5ff01be3a5e891344c42c7c07b,keren,2,2025-11-17T18:24:06Z,2025-11-17T18:24:06Z,2026-09-19T00:23:05.069705+00:00,keren,,,,,Gemini-API,,,,
Ugy38zW-dIocTHiSvJB4AaABAg,j_6L3j7vrOc,3ee0d4ace9e480b8c0c7186918c8d65f092c5b1afa7f6b185e926ccb635911ff,Sudah Test drive langsung jatuh hati dan langsung SPK ga sabar tunggu mobilnya delivery the best jaecoo ❤,33,2025-11-16T12:45:31Z,2025-11-16T12:45:31Z,2026-09-19T00:23:05.069705+00:00,sudah test drive langsung jatuh hati dan langsung spk tidak sabar tunggu mobilnya delivery the best jaecoo ❤,,,,,Gemini-API,,,,
UgzoQT33Q6LLofNF5OB4AaABAg,j_6L3j7vrOc,0f35e906525848106518dc21a8b8a998cdb3bcbf9e7a214054053ea728759ac1,👍,1,2025-11-16T19:53:22Z,2025-11-16T19:53:22Z,2026-09-19T00:23:05.069705+00:00,👍,,,,,Gemini-API,,,,
Ugw3_o1gq0B_p4L1RgV4AaABAg,j_6L3j7vrOc,15388fe297218636fbbd49227443449e280c9559757b15b939d2bfad6b28ae38,"Dulu yg dia blg 300jt cuma dpt moblis kutu kecil sempit g kuat nanjak, itu cuma 3 tahun yll 😅",6,2025-11-16T17:27:55Z,2025-11-16T17:27:55Z,2026-09-19T00:23:05.069705+00:00,"dulu yg dia blg 300jt cuma dapat moblis kutu kecil sempit g kuat nanjak, itu cuma 3 tahun yll 😅",,,,,Gemini-API,,,,
UgxSZmeaaX2celL2OXV4AaABAg,j_6L3j7vrOc,680bec45226f623bcbe050b3b6a62abc7fb7d58bf785f54df9c4a4d85561681d,Yang belum pernah saya lihat test dr reviewer ev car. Mobil Dlm keadaan diam. Tahan berapa lama misal ac dinyalakan 😂😂,0,2025-11-18T14:38:45Z,2025-11-18T14:38:45Z,2026-09-19T00:23:05.069705+00:00,yang belum pernah saya lihat test dari reviewer ev car. mobil dlm keadaan diam. tahan berapa lama misal ac dinyalakan 😂😂,,,,,Gemini-API,,,,
UgwPkbGMPFjq1re-pm54AaABAg,j_6L3j7vrOc,b9802e2063ca957fdee18c954883daf40cf468025b056194c6d011245660aafb,dream car grab driver 😅,1,2025-11-18T06:34:37Z,2025-11-18T06:34:37Z,2026-09-19T00:23:05.069705+00:00,dream car grab driver 😅,,,,,Gemini-API,,,,
UgxUN-rg_X1WzW0mK2F4AaABAg,Bx-XDBdN7nA,5653d17568167ed224cf1c742772c440084a067f5c1ce4e2dac8e68250d00f4d,Alhamdulillah berhasil spk sehari setelah launching pdhl hampir ambil aion V cm beda sehari doank dr hari launching J5 😂,0,2025-11-16T07:58:11Z,2025-11-16T07:58:11Z,2026-09-19T00:23:02.435533+00:00,alhamdulillah berhasil spk sehari setelah launching pdhl hampir ambil aion v cm beda sehari doank dari hari launching j5 😂,,,,,Gemini-API,,,,
UgzsrxOBoSNcV9YLrY54AaABAg,Bx-XDBdN7nA,e5b5832eb70386a8752699547e0f22a1592354da6ce3bdebea3100296d16a41b,Kreditnya kemana ini y,0,2025-12-08T04:35:09Z,2025-12-08T04:35:09Z,2026-09-19T00:23:02.435533+00:00,kreditnya kemana ini y,,,,,Gemini-API,,,,
Ugxe-ITvBIVuWiuLSUB4AaABAg,j_6L3j7vrOc,2a5b7c86dbc13a5d54ed634bc1205f6e57406ff7ec77b4ee59710db409dc6907,"Genangan airnya kurang dalam om, bajir di jakarta lbh dalam",0,2025-11-16T13:31:03Z,2025-11-16T13:31:03Z,2026-09-19T00:23:05.069705+00:00,"genangan airnya kurang dalam om, bajir di jakarta lbh dalam",,,,,Gemini-API,,,,
UgzHYeDgWiESEjbfu4J4AaABAg,j_6L3j7vrOc,e64bf73e4164de73e42f6cf777ee5eb7fbc27316ce22c89b6ee0f19fae2f5a7a,jir jadi gk sabar delivery nya,0,2025-11-16T10:19:13Z,2025-11-16T10:19:13Z,2026-09-19T00:23:05.069705+00:00,jir jadi tidak sabar delivery nya,,,,,Gemini-API,,,,
UgzB2Tg3GthXNyuTKL14AaABAg,j_6L3j7vrOc,41d9191d971abd8ce599d1d9b191a2e84bb91a16684d5d46553fd8faf506b9eb,Demen sama modelmya tiggo 7 csh di malaysia. Apakah bakal masuk indonesia?,2,2025-11-17T00:40:52Z,2025-11-17T00:40:52Z,2026-09-19T00:23:05.069705+00:00,demen sama modelmya tiggo 7 csh di malaysia. apakah bakal masuk indonesia?,,,,,Gemini-API,,,,
UgxHgNDDmMlyZh3gZBF4AaABAg,j_6L3j7vrOc,ce41ace3c60b8a4dfeaaa8b2102f8c2dbd5fe1af6793d7bf173cfa0050bc1a3b,"Udah waktunya ganti kamera nih otodriver. Gambarnya banyak yang overexposed/burning, atau jangan2 editornya lebay pas color correction.",0,2025-11-17T18:02:08Z,2025-11-17T18:02:08Z,2026-09-19T00:23:05.069705+00:00,"udah waktunya ganti kamera nih otodriver. gambarnya banyak yang overexposed/burning, atau jangan2 editornya lebay pas color correction.",,,,,Gemini-API,,,,
UgyJ-YFU3zBRDpbbH3R4AaABAg,j_6L3j7vrOc,8ce184480fc8cc4cad6426c5bae7ec059b628d3f4e219a2e050cb701589c2306,Kalau dilengkapi dng kursi pijat....wow...langsung SPK deh....hehehe...,1,2025-11-16T10:30:54Z,2025-11-16T10:30:54Z,2026-09-19T00:23:05.069705+00:00,kalau dilengkapi dng kursi pijat..wow..langsung spk deh..hehehe..,,,,,Gemini-API,,,,
UgxDd5gMlAEZGm5UXD14AaABAg,j_6L3j7vrOc,8bf4655516f21b9895885b168057c178e98ccbf9a43736978c4a136460011ec5,👍👍👍👍👍,1,2025-12-04T02:17:06Z,2025-12-04T02:17:06Z,2026-09-19T00:23:05.069705+00:00,👍👍,,,,,Gemini-API,,,,
UgwAWqs8fsrl_RTyWuR4AaABAg,j_6L3j7vrOc,811592dd6cb4a0968e71fc8419e8069631fbf836f47b2d55e87025c7beff6139,"Mantap, bebas BBM Pertamax turbo oplosan Aer 🙄😅😅",2,2025-11-17T00:26:03Z,2025-11-17T00:26:03Z,2026-09-19T00:23:05.069705+00:00,"mantap, bebas bbm pertamax turbo oplosan aer 🙄😅😅",,,,,Gemini-API,,,,
Ugys2JL_xJtz6gpQz_94AaABAg,j_6L3j7vrOc,eecaca5dfaf5f8cb32be9650e83db5eae02185a3796c115ee5665c70ec438c98,Mantaap,2,2025-11-17T00:18:32Z,2025-11-17T00:18:32Z,2026-09-19T00:23:05.069705+00:00,mantaap,,,,,Gemini-API,,,,
Ugxthpyj2wmJsL3LXvV4AaABAg,Bx-XDBdN7nA,8608d5e7a9dca0dff16b8db2bd9f36a041052bd745ce99ed4aa47905b96b6f41,After salenya gimana Bang?,0,2025-11-16T07:20:53Z,2025-11-16T07:20:53Z,2026-09-19T00:23:02.435533+00:00,after salenya gimana bang?,,,,,Gemini-API,,,,
UgwZaiM0s0Jfv1fDi2N4AaABAg,j_6L3j7vrOc,759580d13b47251042d69e67d3be9f37189feb9477c3fc91247d24975080a5dd,"Setelah saya tonton video ini, barulah saya paham kenapa Gubernur NTB bpk Lalu Muhammad Iqbal membuat keputusan yang sangat cerdas untuk menggunakan mobil listrik dan tidak lagi menggunakan mobil yg pakai bbm.",1,2026-03-24T23:51:03Z,2026-03-24T23:51:03Z,2026-09-19T00:23:05.069705+00:00,"setelah saya tonton video ini, barulah saya paham kenapa gubernur ntb bpk lalu muhammad iqbal membuat keputusan yang sangat cerdas untuk menggunakan mobil listrik dan tidak lagi menggunakan mobil yg pakai bbm.",,,,,Gemini-API,,,,
UgxoR48QFnzcUagr4Lp4AaABAg,j_6L3j7vrOc,40bcf3fc8abed3c1d30976926287fc0d6c63ac701b2c32e79f53e4baac7b54ca,Pertamax,0,2025-11-16T09:03:56Z,2025-11-16T09:03:56Z,2026-09-19T00:23:05.069705+00:00,pertamax,,,,,Gemini-API,,,,
Ugwkj3_pGeCZhrDao8B4AaABAg,Bx-XDBdN7nA,70af8bccc9f1d190de736a23d5cc756f393d41eafce4adb9fffa0e87a283c339,Perbedaan dari 250 sama 299 apa yah,0,2025-12-30T13:36:42Z,2025-12-30T13:36:42Z,2026-09-19T00:23:02.435533+00:00,perbedaan dari 250 sama 299 apa yah,,,,,Gemini-API,,,,
UgwfS71Qj-_Y6tDy2XZ4AaABAg,j_6L3j7vrOc,99ea59ec708f85ed6d4774ff53af70302f8c76d7f900fa6daddc90138908769e,Mobil ini meluncur di saat percobaan Cherry nanjak mau mengikuti Range Rover Sport generasi terkini yang dicoba beberapa tahun lalu di China di tempat yang sama.,0,2025-11-16T10:56:31Z,2025-11-16T10:56:31Z,2026-09-19T00:23:05.069705+00:00,mobil ini meluncur di saat percobaan cherry nanjak mau mengikuti range rover sport generasi terkini yang dicoba beberapa tahun lalu di china di tempat yang sama.,,,,,Gemini-API,,,,
Ugx2qKUqwlxKUF3r86d4AaABAg,j_6L3j7vrOc,62575bd8784209b49c3987bc6d7b2430322bd7074313994376e71d4279e20c37,"Gila sih kmrn tes drive akselerasinya ngeri bgt jambakannya, jd tkut ngbejek malah",2,2025-11-18T08:07:38Z,2025-11-18T08:07:38Z,2026-09-19T00:23:05.069705+00:00,"gila sih kmrn tes drive akselerasinya ngeri banget jambakannya, jd tkut ngbejek malah",,,,,Gemini-API,,,,
UgxmvGmDFlVVNLGDw3h4AaABAg,j_6L3j7vrOc,1f3cfe5161b4c9d7360b536080ba50fc94fa50262f5c3cbdbf4c979a4dad3b96,Keren !!!,0,2026-05-20T02:33:31Z,2026-05-20T02:33:31Z,2026-09-19T00:23:05.069705+00:00,keren !!,,,,,Gemini-API,,,,
UgzIXt4tmnMPl84v7iR4AaABAg,Bx-XDBdN7nA,c7c681b3f8d183d6742fdeae3ccf629f176e03cc2cbbb8c332f1c77df6e294b5,"itu pas tes kecepatan, pas di 50km wheelspin?",0,2025-11-17T08:55:52Z,2025-11-17T08:55:52Z,2026-09-19T00:23:02.435533+00:00,"itu pas tes kecepatan, pas di 50km wheelspin?",,,,,Gemini-API,,,,
UgyTGWtWFM7SzLlPqfR4AaABAg,j_6L3j7vrOc,a15bac3bf0fa2d603630f7478df099ccec506778d04ae04126bf7bf73c78b0e0,"Udah SPK, tinggal ganti ban yang lebih proper biar road noisenya berkurang, sama kasih bodykit yang agak keren dikit..",1,2025-11-30T14:51:41Z,2025-11-30T14:51:41Z,2026-09-19T00:23:05.069705+00:00,"udah spk, tinggal ganti ban yang lebih proper biar road noisenya berkurang, sama kasih bodykit yang agak keren dikit..",,,,,Gemini-API,,,,
UgwXEu9Ydp5zvZ_9LsB4AaABAg,Bx-XDBdN7nA,f7820d5372641675aaef1154feb2652e79f5081c299be656e1c4b10d8059d887,mau nanya dong kalo di pake naik turun pas di tempat parkir gimana tuh.. pas ke tempat parkir suka naik nanjak.. dan turunnya lmyn.. itu aman ga sih si j5 ini?,0,2026-05-28T06:25:39Z,2026-05-28T06:25:39Z,2026-09-19T00:23:02.435533+00:00,mau nanya dong kalo di pakai naik turun pas di tempat parkir gimana tuh.. pas ke tempat parkir suka naik nanjak.. dan turunnya lmyn.. itu aman tidak sih si j5 ini?,,,,,Gemini-API,,,,
Ugy2J1P11JJqXUoDyDd4AaABAg,j_6L3j7vrOc,54813454c3c85c16d11ff7a62b2ac1ab05ff0331fdd935c16d72a30c1fc6e530,"Jargonnya mobil china sebagai perusak pasar sama halnya dengan era handphone china. Dulunya dipandang sebelah mata namun kini bisa bersaing dengan HP produk negara lain yang sudah eksis di pasaran puluhan tahun. So tidak usah ragu lagi ntuk memiliki mobil china terutama yang evy karena teknologi baterai listrik semakin hari semakin pesat perkembangannya, dan bukan tidak mungkin akan semakin murah dan berkwalitas❤❤❤",1,2025-11-24T15:11:20Z,2025-11-24T15:11:20Z,2026-09-19T00:23:05.069705+00:00,"jargonnya mobil china sebagai perusak pasar sama halnya dengan era handphone china. dulunya dipandang sebelah mata namun kini bisa bersaing dengan hp produk negara lain yang sudah eksis di pasaran puluhan tahun. so tidak usah ragu lagi ntuk memiliki mobil china terutama yang evy karena teknologi baterai listrik semakin hari semakin pesat perkembangannya, dan bukan tidak mungkin akan semakin murah dan berkwalitas❤❤",,,,,Gemini-API,,,,
UgwkfX4_fQMuNo9k0yJ4AaABAg,Bx-XDBdN7nA,dd3dbf8272d4fc4a373697be768ab84ae4b14f6fb7629d8070ded49540a749e2,"Dashboard nya rendah, cocok buat yg matanya minus/rabun",0,2025-11-16T10:27:09Z,2025-11-16T10:27:09Z,2026-09-19T00:23:02.435533+00:00,"dashboard nya rendah, cocok buat yg matanya minus/rabun",,,,,Gemini-API,,,,
UgwGSgWUxfvK44joMYR4AaABAg,wWoTrVO2Hk4,c07cc12deadc3f82470a837a810d1158147bd1388f819d37ab90c02398a0828b,Nyimak aj,0,2026-04-23T03:54:08Z,2026-04-23T03:54:08Z,2026-09-19T00:23:05.982688+00:00,nyimak aj,,,,,Gemini-API,,,,
UgyzTQqrITkY_f_HwOF4AaABAg,A9niV2791gs,e8e3aa7188cbfdf32ee938c6b94aa1e55ec1509b26e03363cd0dc305addf2437,"Saya baru spk di iims 2026 kemarin, dapatnya mei😂😂😂. Jangan jangan maybe ga nyampe nyampe nih",1,2026-02-17T12:25:29Z,2026-02-17T12:25:29Z,2026-09-19T00:23:04.831717+00:00,"saya baru spk di iims 2026 kemarin, dapatnya mei😂😂. jangan jangan maybe tidak nyampe nyampe nih",,,,,Gemini-API,,,,
UgzX1F7xPBcFZ7tbkvV4AaABAg,fjWvVFT0vr0,bf3de2c4b8fa61e2d48d5fbfcba2d9e28585302fba684ebd60d3ece60ad3f1b9,dihantam iklan toyota gila-gilaan nih... mantap BYD,18,2025-07-26T13:01:29Z,2025-07-26T13:01:29Z,2026-09-19T00:23:06.549873+00:00,dihantam iklan toyota gila-gilaan nih.. bagus byd,,,,,Gemini-API,,,,
Ugz3lXt3NyR488nbSBx4AaABAg,fjWvVFT0vr0,05caae8d27df6ef78f8130dcbdd961a5ad7d40bed56a859dbc116597c757aee9,KEREN SEMOGA AJA KEBELI TAHUN INI ❤❤❤,0,2025-07-31T22:16:36Z,2025-07-31T22:16:36Z,2026-09-19T00:23:06.549873+00:00,keren semoga aja kebeli tahun ini ❤❤,,,,,Gemini-API,,,,
UgyJgWQ2UwHCIUpPEi14AaABAg,fjWvVFT0vr0,f500cb5425b99e305ff338bc58fa4fd1d09da6c95b8f867eafe3c6942b5a88f3,"ini kalo udah tesdrive byd atto1, masih mau beli lcgc si toyo sama si hon hon, bener-bener kebangetan.",18,2025-07-26T04:40:38Z,2025-07-26T04:40:38Z,2026-09-19T00:23:06.549873+00:00,"ini kalo udah tesdrive byd atto1, masih mau beli lcgc si toyo sama si hon hon, bener-bener kebangetan.",,,,,Gemini-API,,,,
UgxLTOjioTe7wM6lJMF4AaABAg,fjWvVFT0vr0,af3809ae9426eff888259d21e8ff66fd89d209412835e1dd66acaf40b9cfde78,"Sudut pandang konsumen, tentu ini sngat bagus, gak bela2 in mobcin atau mobpang, konsumen mau yg worth to buy, buat produsen yg mahal2 krn ambil margin besar, harus berhati hati.",1,2025-07-26T04:40:40Z,2025-07-26T04:40:40Z,2026-09-19T00:23:06.549873+00:00,"sudut pandang konsumen, tentu ini sngat bagus, tidak bela2 in mobcin atau mobpang, konsumen mau yg layak to buy, buat produsen yg mahal2 karena ambil margin besar, harus berhati hati.",,,,,Gemini-API,,,,
UgyfzjNZwrLwQtWPRpl4AaABAg,fjWvVFT0vr0,f600c8b80228bb72e42fa1214ef537a06f535e64dd71a49a07e51c52bd94ff0a,"Ya Allah, pengen banget.",1,2025-07-26T05:56:06Z,2025-07-26T05:56:06Z,2026-09-19T00:23:06.549873+00:00,"ya allah, pengen banget.",,,,,Gemini-API,,,,
Ugzm9w87Jixw_LtGonl4AaABAg,fjWvVFT0vr0,b7833a36ee1e3f17d9ec8020aae0d5b0f5ed923ec99ee608425cc427c936824b,"tiap liat youtube tentang mobil, iklannya toyota mulu. resah apa gmn nih toyota?😂",6,2025-07-26T03:26:58Z,2025-07-26T03:26:58Z,2026-09-19T00:23:06.549873+00:00,"tiap liat youtube tentang mobil, iklannya toyota mulu. resah apa gmn nih toyota?😂",,,,,Gemini-API,,,,
UgydObvYVISUCMpgG4N4AaABAg,fjWvVFT0vr0,579dc949b4a81dc049078fa2acf03d077d34e05d0cd6b1244e5bb74a2134d99d,Semoga jet tempur Tiongkok bisa masuk di Indonesia biar bisa diriview juga 😊😊,0,2025-07-26T05:30:05Z,2025-07-26T05:30:05Z,2026-09-19T00:23:06.549873+00:00,semoga jet tempur tiongkok bisa masuk di indonesia biar bisa diriview juga 😊😊,,,,,Gemini-API,,,,
UgyslL4aJukZMHe8ffF4AaABAg,fjWvVFT0vr0,3d37746e83a04448a67233a50036461143896b7d489ed2e9ff432b956a3ab58a,"taxi online pake ini.. low cost nih.. gak pake bensin, gak pake ganti oli.. :)",14,2025-07-26T04:52:12Z,2025-07-26T04:52:12Z,2026-09-19T00:23:06.549873+00:00,"taxi online pakai ini.. low cost nih.. tidak pakai bensin, tidak pakai ganti oli.. :)",,,,,Gemini-API,,,,
UgxtfZclesqjAMjC_-x4AaABAg,fjWvVFT0vr0,faaaadb32defb0183ae000a5e7b3ee590961dde3c1c9c2946e4dbb0df1286d41,Niat hati ambil Brio RS nanti Desember pas lihat ini ko😂😂😂😂 buat di kota mnding ini lahhh,14,2025-07-26T08:01:16Z,2025-07-26T08:01:16Z,2026-09-19T00:23:06.549873+00:00,niat hati ambil brio rs nanti desember pas lihat ini ko😂😂 buat di kota mnding ini lahh,,,,,Gemini-API,,,,
UgwJuGiSp137s2yKEaB4AaABAg,fjWvVFT0vr0,510d254a9a790e628af27ba40310ca9472836399a3899d1ff2846933fdc27143,Di sholawati dulu ❤,0,2025-08-22T11:16:18Z,2025-08-22T11:16:18Z,2026-09-19T00:23:06.549873+00:00,di sholawati dulu ❤,,,,,Gemini-API,,,,
Ugx2sZqj3j1T7kBaGCJ4AaABAg,fjWvVFT0vr0,1951ee978d6e12887a251d776c8a0366aff7754b7b31c44707b41c744f1cdd4b,Brio dan agya sudah sepantasnya lengser karena kualitas KALENG...  kalau pakai dalam kota maka atto1 sudah sangat pantas,5,2025-07-26T04:43:52Z,2025-07-26T04:43:52Z,2026-09-19T00:23:06.549873+00:00,brio dan agya sudah sepantasnya lengser karena kualitas kaleng.. kalau pakai dalam kota maka atto1 sudah sangat pantas,,,,,Gemini-API,,,,
UgzNpzrfCR2CQlUvwId4AaABAg,fjWvVFT0vr0,65ef50f7bc4b32d60e29355e7bbcca10c277b3ec4163bf40b6f26910ed513875,"masuk list wish list, bersama cortez darion, dan chery v23",2,2025-07-26T13:31:53Z,2025-07-26T13:31:53Z,2026-09-19T00:23:06.549873+00:00,"masuk list wish list, bersama cortez darion, dan chery v23",,,,,Gemini-API,,,,
UgzoaKry2yVMgi5yneV4AaABAg,Bx-XDBdN7nA,2c82551722c8eb26c4f650dcb9f842597bfb8f3ba17138a936434f60ad9b28c5,blom sempet test drive langsung spk di jeaco cihamplas bdung,3,2025-11-16T05:51:45Z,2025-11-16T05:51:45Z,2026-09-19T00:23:01.508913+00:00,blom sempet test drive langsung spk di jeaco cihamplas bdung,,,,,Gemini-API,,,,
UgxwW--NNVDWaXHRe154AaABAg,fjWvVFT0vr0,e930a636982defd2891245fccc48d2f4b045bb2fcd240fa3c1f6b19bdfb43496,"Habis Atto-1 keluar, gw pengen tau alasan org2 yg masih beli brio / agya / sejenisnya apa.",7,2025-07-26T05:36:04Z,2025-07-26T05:36:04Z,2026-09-19T00:23:06.549873+00:00,"habis atto-1 keluar, gw pengen tau alasan org2 yg masih beli brio / agya / sejenisnya apa.",,,,,Gemini-API,,,,
UgwT33EiCkcRNzf2Fnt4AaABAg,fjWvVFT0vr0,ac2770df61ca65e55fe8e4525cfe11d00bfd372001e1766ae2ac1fb90e23dbe4,"Ini menurut gue semua pabrikan mobil yg di indo wajib banget bayar carmudi sih, effort banget itu ngeditnya 😊",0,2025-08-09T08:18:44Z,2025-08-09T08:18:44Z,2026-09-19T00:23:06.549873+00:00,"ini menurut gue semua pabrikan mobil yg di indo wajib banget bayar carmudi sih, effort banget itu ngeditnya 😊",,,,,Gemini-API,,,,
UgxOkd78MFWu5Z0RqGx4AaABAg,fjWvVFT0vr0,9b3464b52423f0d044cf10f811bfd4b38d4b014fbeb1a924aaa4c09ccba6a23e,Selalu puas dg reviewer satu ini. Penyampaian selalu paling lengkap & jelas.. good job bro sano 👍🏽,0,2025-08-24T15:00:19Z,2025-08-24T15:00:19Z,2026-09-19T00:23:06.549873+00:00,selalu puas dg reviewer satu ini. penyampaian selalu paling lengkap & jelas.. good job bro sano 👍🏽,,,,,Gemini-API,,,,
UgzN8_GF9Rr4cct1OeN4AaABAg,fjWvVFT0vr0,1ad8ca370e933a1e050eb90ad3519d063fcab9109a2b21594105a2313adefad7,BYD ALTO 1 itu LCGC (Lambo Cost Green Car) 😂,5,2025-07-26T04:09:30Z,2025-07-26T04:09:30Z,2026-09-19T00:23:06.549873+00:00,byd alto 1 itu lcgc (lambo cost green car) 😂,,,,,Gemini-API,,,,
UgyU097XfUUufsOZ1Bl4AaABAg,Bx-XDBdN7nA,77790817db7c73a31a9e828b6e7f7ddffd477b7ab78d3150984072c40f576dc6,apa tanggapan Toyota soal ini?,1,2026-07-07T15:13:53Z,2026-07-07T15:13:53Z,2026-09-19T00:23:01.508913+00:00,apa tanggapan toyota soal ini?,,,,,Gemini-API,,,,
UgxTf4lL0d6kpYA4ZNp4AaABAg,fjWvVFT0vr0,e752aa09070eccbe190d7855781b68ce632f6697cfdd931c6853be9f253ee6c6,"Headlampnya terinspirasi lamorghini ya krn desainernya ex lambo 
Keren",2,2025-07-26T09:32:10Z,2025-07-26T09:32:10Z,2026-09-19T00:23:06.549873+00:00,headlampnya terinspirasi lamorghini ya karena desainernya ex lambo keren,,,,,Gemini-API,,,,
Ugyzuh1Lw0rqtmKGtjV4AaABAg,Bx-XDBdN7nA,31e43ec5485a8a98fc739ac62da629ff264ddede05e37b9d805acc013ba8b3db,Jco donut listrik,0,2025-11-17T06:32:29Z,2025-11-17T06:32:29Z,2026-09-19T00:23:01.508913+00:00,jco donut listrik,,,,,Gemini-API,,,,
Ugx62y1IEkzhl2T6Ms14AaABAg,fjWvVFT0vr0,f3d94d991830ae6d444a968deb00f1db29b7cd8be6d04a1fd6fe367cf2d08186,"Senang nonton carmudi. Review terlengkap, detail 🎉🎉",0,2025-07-29T05:24:47Z,2025-07-29T05:24:47Z,2026-09-19T00:23:06.549873+00:00,"senang nonton carmudi. review terlengkap, detail 🎉🎉",,,,,Gemini-API,,,,
Ugx7kVGlW9GKqLzY-s94AaABAg,fjWvVFT0vr0,ccc428f79fd8fe7d9abddedd36961dec85592a894e24b07b4f240bc058406ef0,Dan iklan Toyota keluar terus😅,7,2025-07-26T03:46:30Z,2025-07-26T03:46:30Z,2026-09-19T00:23:06.549873+00:00,dan iklan toyota keluar terus😅,,,,,Gemini-API,,,,
Ugx8HCWuVGlCBjyqsQh4AaABAg,fjWvVFT0vr0,0fa55d5d72e20f19c5be132d9aaf2caacf85949a89c2d90700a5a10259b0a1f0,THE REAL BUILD YOUR DREAM !!!!,1,2025-07-26T05:47:31Z,2025-07-26T05:47:31Z,2026-09-19T00:23:06.549873+00:00,the real build your dream !!,,,,,Gemini-API,,,,
Ugwh7luxGKjjEw3aGtJ4AaABAg,Bx-XDBdN7nA,e9f9021ba096cfc68dee484bd9347b0d72e70ccccfd1ede1072d74bfc8df1acf,Speedometer kek motor listrik 😅,1,2025-11-22T16:49:54Z,2025-11-22T16:49:54Z,2026-09-19T00:23:01.508913+00:00,speedometer kek motor listrik 😅,,,,,Gemini-API,,,,
UgxnCsIrdIXIMEa4eYJ4AaABAg,fjWvVFT0vr0,3e8bd8efe78c7b68daa2c8c56644186842565e312486581f94ff386b4830ecc7,Mau percaya atau nggak diGa ru da-Hoki gacor bgt boss😍,284,2025-07-26T05:39:29Z,2025-07-26T05:39:29Z,2026-09-19T00:23:06.549873+00:00,mau percaya atau tidak diga ru da-hoki sangat bagus banget boss😍,,,,,Gemini-API,,,,
UgwxxnFjAgawyp9U1bl4AaABAg,fjWvVFT0vr0,57f718d0058f87a5af215403acaa6b9865266939bc9854d73c7640af3db6e9d5,Bakal lihat banyak di jalanan mulai oktober,4,2025-07-26T08:13:35Z,2025-07-26T08:13:35Z,2026-09-19T00:23:06.549873+00:00,bakal lihat banyak di jalanan mulai oktober,,,,,Gemini-API,,,,
Ugyw_l24w9X4duMwUZx4AaABAg,fjWvVFT0vr0,1a495bcd73d09a990fc0af1d0d56e6a1ac48fb928142588f7053b552fde98ff1,"BYD ini bukan mobil kaleng2 woy, ini merk ternama dan mengalahkan pasar Eropa bahkan Tesla ketar ketir kalah omset karena mobilnya canggih2 dari BYD sih",33,2025-07-26T03:33:29Z,2025-07-26T03:33:29Z,2026-09-19T00:23:06.549873+00:00,"byd ini bukan mobil kaleng2 woy, ini merk ternama dan mengalahkan pasar eropa bahkan tesla ketar ketir kalah omset karena mobilnya canggih2 dari byd sih",,,,,Gemini-API,,,,
UgxajcW0KwgZ6jHryhV4AaABAg,fjWvVFT0vr0,559d31a79f607839e6ffe708031bbec9d767a5ee06c8c3175831b6773c0ad3f6,Bismillah kebeli mobil ATTO 1..Aamiin Ya Tuhan🤗🤲,0,2025-07-28T03:43:25Z,2025-07-28T03:43:25Z,2026-09-19T00:23:06.549873+00:00,bismillah kebeli mobil atto 1..aamiin ya tuhan🤗🤲,,,,,Gemini-API,,,,
Ugz4u6QZRuqFFz7SedR4AaABAg,Bx-XDBdN7nA,455cca24bfd9a51d4f4505c2cef7818ea858474a5577da56d87ebe6a7a29656b,kalau parkir paralel netralnya gmana ?,0,2026-03-26T14:18:16Z,2026-03-26T14:18:16Z,2026-09-19T00:23:01.508913+00:00,kalau parkir paralel netralnya gmana ?,,,,,Gemini-API,,,,
Ugw44K4DA8BXQ3rBtlN4AaABAg,fjWvVFT0vr0,43cf319c829185c455d169f745a11e57f55a8f3ea2b98bbd0289557c6ded0e3b,"Yg ripiuw bnr2 memuaskan detail,... .",0,2025-08-22T01:42:15Z,2025-08-22T01:42:15Z,2026-09-19T00:23:07.332434+00:00,"yg ripiuw bnr2 memuaskan detail,.. .",,,,,Gemini-API,,,,
UgylaNWo45x3WAqDY8l4AaABAg,Bx-XDBdN7nA,d1ab41dc248b623734b54eb7f24c548a922c2637a058ab38611ea65fc34c7efe,odong-odong di kasih tablet 😂,0,2026-01-01T07:10:15Z,2026-01-01T07:10:15Z,2026-09-19T00:23:01.508913+00:00,odong-odong di kasih tablet 😂,,,,,Gemini-API,,,,
UgwZTS_Y0YGCRR9-4A54AaABAg,fjWvVFT0vr0,0403615ab0fa4e600c923a71376e9fe6c6515e3010fea095865670d6434496ca,Review ter lengkap channel ini,0,2025-07-26T10:14:35Z,2025-07-26T10:14:35Z,2026-09-19T00:23:07.332434+00:00,review ter lengkap channel ini,,,,,Gemini-API,,,,
UgxtYoKRBS8hKEtUx6t4AaABAg,Bx-XDBdN7nA,5cbfc2c136ad5a07df199d1a6d46e788c6070fddcf01c3268b616e011b5d0056,klo buat jalan tanjakan gimana?,0,2026-04-02T04:51:36Z,2026-04-02T04:51:36Z,2026-09-19T00:23:01.508913+00:00,kalau buat jalan tanjakan gimana?,,,,,Gemini-API,,,,
UgwHCx5Hdes-l3ce1Z94AaABAg,fjWvVFT0vr0,f1034ee1b5f3eb5be002d788914f37ee578a6e9ab5f03e24ed7ec5228fd911f4,Bismillah.. semoga bs beli mobil ini.. amiin,0,2025-07-27T11:27:04Z,2025-07-27T11:27:04Z,2026-09-19T00:23:07.332434+00:00,bismillah.. semoga bs beli mobil ini.. amiin,,,,,Gemini-API,,,,
UgyZnN3OEJPz1IJfzs54AaABAg,fjWvVFT0vr0,a176bca3a7472fd1574f57c05fc657031218ac312bba6d501b9b914760074be1,"Aku sholawatin aja dulu bang,..bismillah😂",0,2025-11-16T17:43:30Z,2025-11-16T17:43:30Z,2026-09-19T00:23:07.332434+00:00,"aku sholawatin aja dulu bang,..bismillah😂",,,,,Gemini-API,,,,
UgzvdNtcUmY922Pue-94AaABAg,fjWvVFT0vr0,029060e916c4e605d573e63f7182e638e5cfe039bbb2f895d1f18c7079d68706,1-2 tahun lgi ni mobil jadi umum buat abang2 gocar,1,2025-07-26T14:27:19Z,2025-07-26T14:27:19Z,2026-09-19T00:23:07.332434+00:00,1-2 tahun lgi ni mobil jadi umum buat abang2 gocar,,,,,Gemini-API,,,,
UgwtJ8r_9P0eNhBp9BR4AaABAg,fjWvVFT0vr0,fa8cc181e344d01ca1ef1c2c7b11d170db2e7b0ff01286912e368e5808dbf8b8,wajib punya ini..bismillah,0,2025-08-13T00:23:09Z,2025-08-13T00:23:09Z,2026-09-19T00:23:07.332434+00:00,wajib punya ini..bismillah,,,,,Gemini-API,,,,
UgzlM6XM6gcpBfrLTPd4AaABAg,fjWvVFT0vr0,c5c517c5dc48a7722116e02486e411a7300a43ce15344d3385fc82c0bf46bed9,"harusnya bakal laku banyak.  dulu air ev aja laku banget.

malah bisa jadi fenomena kek brio.",1,2025-07-26T07:41:51Z,2025-07-26T07:41:51Z,2026-09-19T00:23:07.332434+00:00,harusnya bakal laku banyak. dulu air ev aja laku banget. malah bisa jadi fenomena kek brio.,,,,,Gemini-API,,,,
UgyKl113fSwhV-hztOh4AaABAg,fjWvVFT0vr0,44b24b0ac5e2568846985aff6a9c0b0d913dd58a45af7e4ee606382d0bb5c2c5,tidak ikut beli tapi ikut senang dengan hadirnya mobcin,0,2025-08-08T09:22:52Z,2025-08-08T09:22:52Z,2026-09-19T00:23:07.332434+00:00,tidak ikut beli tapi ikut senang dengan hadirnya mobcin,,,,,Gemini-API,,,,
Ugwxqni5qIolAZ-po5x4AaABAg,fjWvVFT0vr0,bd529be5d7100b7affef89c31447f375446f56b4f18d77fa9373049e0af265d8,Smga ada ibgkel resmi nya..mnimal d regional deh ..,0,2025-07-27T14:41:06Z,2025-07-27T14:41:06Z,2026-09-19T00:23:07.332434+00:00,smga ada ibgkel resmi nya..mnimal d regional deh ..,,,,,Gemini-API,,,,
Ugx_Y4jjR9ruUeBGII94AaABAg,fjWvVFT0vr0,7d04a103920da185fc74b5716991c329f7544c24c7f49f91a0ddfe22107684dd,Setiap zaman selalu ada inovasi dan masa,0,2025-08-16T02:43:12Z,2025-08-16T02:43:12Z,2026-09-19T00:23:07.332434+00:00,setiap zaman selalu ada inovasi dan masa,,,,,Gemini-API,,,,
UgwjtHpyn7MZhkw9UfJ4AaABAg,Bx-XDBdN7nA,9e2d2be51861cca2e17ba4299255c91b313948d247dc77dfeda49cc4fa9e5769,Di bagian fender belakang di atas roda belakang terlihat seperti ada plastik yang keluar dari bagian bodi fender agak ke belakang. Ini terlihat kurang rapi.,0,2026-08-22T10:37:36Z,2026-08-22T10:37:36Z,2026-09-19T00:23:01.508913+00:00,di bagian fender belakang di atas roda belakang terlihat seperti ada plastik yang keluar dari bagian bodi fender agak ke belakang. ini terlihat kurang rapi.,,,,,Gemini-API,,,,
UgxeEFd6c-jqEvJpUF14AaABAg,fjWvVFT0vr0,5746ad383eaa56ec98a776577d72aa9b522f73ec0f3888b8133c179e686f145d,"Sya gk nunggu mobilnya saya nunggu review nya carmudi , mantap 😂",0,2025-07-26T05:48:41Z,2025-07-26T05:48:41Z,2026-09-19T00:23:06.549873+00:00,"sya tidak nunggu mobilnya saya nunggu review nya carmudi , bagus 😂",,,,,Gemini-API,,,,
UgzS43_NNrWM0w7oV_t4AaABAg,Bx-XDBdN7nA,6e9ae32ac6c8f8552c8eaa7411823421f55458b68bd53849829579a8fe15422a,Plek ketiplek ini Range Rover versi kw sih wkwk,1,2025-11-18T11:08:15Z,2025-11-18T11:08:15Z,2026-09-19T00:23:01.508913+00:00,plek ketiplek ini range rover versi kw sih wkwk,,,,,Gemini-API,,,,
UgxIsyqKiVaOllKC_bh4AaABAg,fjWvVFT0vr0,88775dd162e0cbb263ec8c5889804e5dd6dbc8328114cb616b0ea824bbcba07e,Menarik.. sesuai dengan peruntukannya yaitu mobil dalam kota..,0,2025-07-26T13:09:20Z,2025-07-26T13:09:20Z,2026-09-19T00:23:06.549873+00:00,menarik.. sesuai dengan peruntukannya yaitu mobil dalam kota..,,,,,Gemini-API,,,,
UgzJeEY-ADOYA4AM7RB4AaABAg,fjWvVFT0vr0,42cb21e331a79e7613105ffc57e8f2b2940eb409a80477c005fc185c4485d497,Keren insya allah beli akhir bulan..aminn,0,2025-07-28T11:08:45Z,2025-07-28T11:08:45Z,2026-09-19T00:23:06.549873+00:00,keren insya allah beli akhir bulan..aminn,,,,,Gemini-API,,,,
UgyIICjFBTii7tUQMZp4AaABAg,fjWvVFT0vr0,fed0f694e67c52883abf72785acdc64e4d8cb865ecb1ac53638733cf9c4d0722,GA RU DA HO KI..member baru pasti jepe💛,0,2025-07-26T05:40:17Z,2025-07-26T05:40:17Z,2026-09-19T00:23:06.549873+00:00,tidak ru da ho ki..member baru pasti jepe💛,,,,,Gemini-API,,,,
UgxJKp2RqwIvZCEMSPJ4AaABAg,fjWvVFT0vr0,1b9d4740f72a715db6403e37bace4b8f0a15a768eb893c3ad847f7ebe3464c04,Cakep Uyee,1,2025-07-26T05:52:59Z,2025-07-26T05:52:59Z,2026-09-19T00:23:06.549873+00:00,cakep uyee,,,,,Gemini-API,,,,
UgwKz0KyQpvqNTQJcxl4AaABAg,fjWvVFT0vr0,07b794e1299674317ce97e26e1e4be6fdf0ebcc379bbc932f7a6c3bc4759950e,"Ayoo kita hitung bersama ada berapa banyak kata ""YAH"" 🤣di dalam video ini",1,2025-07-28T04:22:38Z,2025-07-28T04:22:38Z,2026-09-19T00:23:06.549873+00:00,"ayoo kita hitung bersama ada berapa banyak kata ""yah"" 🤣di dalam video ini",,,,,Gemini-API,,,,
Ugz1sh-jlRgoFOcBw9V4AaABAg,fjWvVFT0vr0,1053219b48e5f8451a530367f9f185bc2fa4ba44a4f9b00b34462ff52176a49b,"Kontennya bagus sekali, terimakasih.",0,2025-07-26T19:12:49Z,2025-07-26T19:12:49Z,2026-09-19T00:23:06.549873+00:00,"kontennya bagus sekali, terimakasih.",,,,,Gemini-API,,,,
UgxTEBYdlTXj4fc2HJN4AaABAg,fjWvVFT0vr0,51ef21b35ccc7eda5d7e16a997cd103ed68b15b8301380c4e24cbd84cf1031c2,I LOVE BYD❤❤ AND CHINA... THANKS bner2 melihat ras yg cukup2❤❤,0,2025-08-04T09:38:44Z,2025-08-04T09:38:44Z,2026-09-19T00:23:06.549873+00:00,i love byd❤❤ and china.. thanks bner2 melihat ras yg cukup2❤❤,,,,,Gemini-API,,,,
UgypECgG4_AvWygSXpt4AaABAg,Bx-XDBdN7nA,c86b833324c970bf47439436c8183fa7f41e5ac599270651f16687e100d94a65,punya pak jaecoowi kah?,0,2025-11-18T08:28:37Z,2025-11-18T08:28:37Z,2026-09-19T00:23:01.508913+00:00,punya pak jaecoowi kah?,,,,,Gemini-API,,,,
UgyodYT-pafkGGwjWXZ4AaABAg,fjWvVFT0vr0,2df606eb95ca586ba8bcd7714cb9a45a4329ccf9f0b591e81aaea0e8c1446588,Editor cinematic terbaik tetap carmudi,0,2025-07-26T05:15:08Z,2025-07-26T05:15:08Z,2026-09-19T00:23:06.549873+00:00,editor cinematic terbaik tetap carmudi,,,,,Gemini-API,,,,
Ugw3I96dpyFX0JfIp1N4AaABAg,Bx-XDBdN7nA,4950e91973fcac9dea3211335d2b5defae9f21fb86a7d7974cb31a63b342b577,Sampeyan arep jalok Opo maneh😅😅,0,2025-11-22T09:07:11Z,2025-11-22T09:07:11Z,2026-09-19T00:23:01.508913+00:00,sampeyan arep jalok opo maneh😅😅,,,,,Gemini-API,,,,
Ugx9oJCIor2DsFpNYJV4AaABAg,fjWvVFT0vr0,9a54b92036f308360941c17e15b0d01d7180b3d10c95add9a9bb490cdf1679ba,Desainnya keren. Sporty dan futuristik.,2,2025-07-26T12:15:35Z,2025-07-26T12:15:35Z,2026-09-19T00:23:06.549873+00:00,desainnya keren. sporty dan futuristik.,,,,,Gemini-API,,,,
UgyIR4Dk5JzjhkkNQa94AaABAg,fjWvVFT0vr0,c3d1029df06cb9d4289e8755dfb8d9a65aabb7811b7053d96e8a09120be29f4b,siap meramaikan kemacetan khususnya di jakarta dsk,3,2025-07-26T05:27:22Z,2025-07-26T05:27:22Z,2026-09-19T00:23:06.549873+00:00,siap meramaikan kemacetan khususnya di jakarta dsk,,,,,Gemini-API,,,,
UgyS_zEQpmrhMahUmB14AaABAg,wWoTrVO2Hk4,9f24bb9c196f8d839c47cf6d9dbea1250327401dc1fafddecba16e328b504078,Modelnya kayak range over,4,2026-05-14T09:11:03Z,2026-05-14T09:11:03Z,2026-09-19T00:23:05.982688+00:00,modelnya kayak range over,,,,,Gemini-API,,,,
UgwwVzaZBZqFDf2tgkh4AaABAg,fjWvVFT0vr0,47d0efb95ff20d199bf55749bd59b95061598148ac50fb821bcfc9c48024c0e1,"beli mobil dipake sampe rusak juga ga rugi,, ga rugi bensin. tampillannya lumayan keren bisa dimodif",5,2025-07-26T08:49:06Z,2025-07-26T08:50:13Z,2026-09-19T00:23:06.549873+00:00,"beli mobil dipake sampe rusak juga tidak rugi,, tidak rugi bensin. tampillannya lumayan keren bisa dimodif",,,,,Gemini-API,,,,
Ugz_o0DK3muT8zpAh1l4AaABAg,Bx-XDBdN7nA,d4c5830967c81209b8e2c49e5d180de258b0588b110970f3f63822326fe2f580,Bungkus 😅,2,2025-11-16T09:23:41Z,2025-11-16T09:23:41Z,2026-09-19T00:23:02.435533+00:00,bungkus 😅,,,,,Gemini-API,,,,
UgzCAb6qPXGRpVVFGoN4AaABAg,wWoTrVO2Hk4,37e34a1eefd603ba990a5b6ca1da4aaec7ddd8576049f6847f619d35fbdc6b8e,Petamax,0,2026-04-22T14:00:39Z,2026-04-22T14:00:39Z,2026-09-19T00:23:05.983222+00:00,petamax,,,,,Gemini-API,,,,
UgxpY_o3UBwMFVS1wDp4AaABAg,wWoTrVO2Hk4,5902645f44151823439b6a1c56b97489e0a1918e12aa57c059293329251c1c6c,Worth it ga mobil ini om?,0,2026-04-30T09:01:09Z,2026-04-30T09:01:09Z,2026-09-19T00:23:05.983222+00:00,layak it tidak mobil ini om?,,,,,Gemini-API,,,,
UgyV3ji80hFxpNd7Zk54AaABAg,wWoTrVO2Hk4,d84aaa00d58061568e8010b9ae3c0f0789a5acb1143cca6069e498c30895cf04,Dmna mas bero hrga 299.9,0,2026-04-24T00:18:34Z,2026-04-24T00:18:34Z,2026-09-19T00:23:05.983222+00:00,dmna mas bero hrga 299.9,,,,,Gemini-API,,,,
Ugz35Eq6JUob7tPlBLZ4AaABAg,Bx-XDBdN7nA,fbf4b71472d54ef4e06c4d99f9d42779a2258f2a4d201e613f08b4c5029fed6a,"Serius nanya; 

Kalau sudah punya Wuling Air EV dengan Wall Charger di rumah yang daya listriknya 11,000, pasang Wall Charger JAecoo J5 harus pasang meteran baru ga ya?",0,2025-11-21T08:40:38Z,2025-11-21T08:40:38Z,2026-09-19T00:23:02.435533+00:00,"serius nanya; kalau sudah punya wuling air ev dengan wall charger di rumah yang daya listriknya 11,00, pasang wall charger jaecoo j5 harus pasang meteran baru tidak ya?",,,,,Gemini-API,,,,
Ugwz_olSZIyGWhBTml54AaABAg,Bx-XDBdN7nA,2f7cddffefafed26dec46b933375f590f338e8fc6bc33387262eb35b0fd94b0d,Kondisi BSD bang bukan jakarta hehehe,0,2025-11-16T08:50:11Z,2025-11-16T08:50:11Z,2026-09-19T00:23:02.435533+00:00,kondisi bsd bang bukan jakarta hehehe,,,,,Gemini-API,,,,
Ugyz0Po4ixuPU8QZlep4AaABAg,Bx-XDBdN7nA,b9e7192b7577adb198857bd700c1faa73d117b62aeef149133eda894f19494a7,"Kalo ini dikasih emblem Range Rover EV, dijual 2 M, para penyembah akan bilang WOWWWW CANGGIH, KEREN, TAK TERTANDINGI, terus lanjut berangkat kerja dengan LCGC mereka... Padahal sekarang sudah TERJANGKAU experience mobil premium dengan harga LCGC tapi karena GENGSI maka ikutan menghujat... Itulah PARAHNYA penjajahan identitas legacy auto... WAKE UP MANNNN...",0,2025-11-25T12:35:46Z,2025-11-25T12:35:46Z,2026-09-19T00:23:02.435533+00:00,"kalo ini dikasih emblem range rover ev, dijual 2 m, para penyembah akan bilang woww canggih, keren, tak tertandingi, terus lanjut berangkat kerja dengan lcgc mereka.. padahal sekarang sudah terjangkau experience mobil premium dengan harga lcgc tapi karena gengsi maka ikutan menghujat.. itulah parahnya penjajahan identitas legacy auto.. wake up mann..",,,,,Gemini-API,,,,
UgwpQRwPqwSj287i4TV4AaABAg,wWoTrVO2Hk4,2db76379e9b1f715db764a344de429cd4b0a1fa5e51c1942b97743f541ef4d2e,Mama mertua saya baru terima unit nya. Sama kaya yang di video ini. Gila 309jt mobil begini. Ancur ancur pasaran 😂 yang saya paling demen dia pas unlock bisa set headlamp nyala kaya Mercedes 😂 bantingan juga mantap. Tapi yah saya bandingin sama GK5 2019 saya. Wajar aja jauh perbandingannya. Saya jadi pengin ganti ke J5.,1,2026-07-14T20:38:16Z,2026-07-14T20:38:16Z,2026-09-19T00:23:05.983222+00:00,mama mertua saya baru terima unit nya. sama kaya yang di video ini. gila 309jt mobil begini. ancur ancur pasaran 😂 yang saya paling demen dia pas unlock bisa set headlamp nyala kaya mercedes 😂 bantingan juga mantap. tapi yah saya bandingin sama gk5 2019 saya. wajar aja jauh perbandingannya. saya jadi pengin ganti ke j5.,,,,,Gemini-API,,,,
UgwcRHvQP_hVGVTqHrF4AaABAg,wWoTrVO2Hk4,b663983ac513a491134b6df4f09910a6d73db8bcf1408b3cc87cd06d26a56cdb,"Nama mobilnya jadi inget nama seri HP Samsung (jaman² J Series) - J5, J7 & J8 😜

*Ntar ada Jaecoo J1, J2, J3, J4, J6 🗿",0,2026-04-22T15:03:44Z,2026-04-22T15:03:44Z,2026-09-19T00:23:05.983222+00:00,"nama mobilnya jadi inget nama seri hp samsung (jaman² j series) - j5, j7 & j8 😜 *ntar ada jaecoo j1, j2, j3, j4, j6 🗿",,,,,Gemini-API,,,,
Ugw0Ivv92PY2gPbQ6v94AaABAg,wWoTrVO2Hk4,58eec629a81fb793a98247074c3d787b668faae5f12f4aa64f88083cf8073409,Distribusi nya emang banyak. Tapi penjualan beda ceritanya,0,2026-06-16T01:32:03Z,2026-06-16T01:32:03Z,2026-09-19T00:23:05.983222+00:00,distribusi nya emang banyak. tapi penjualan beda ceritanya,,,,,Gemini-API,,,,
UgzwblctAusdf7lzppB4AaABAg,wWoTrVO2Hk4,0d072f27fed8f876b3d84ff731ae6a7b229fa51c203e6c44b67b60e9427bd897,Udah 300jt an om b wkwkwk,2,2026-04-22T14:06:13Z,2026-04-22T14:06:13Z,2026-09-19T00:23:05.983222+00:00,udah 300jt an om b wkwkwk,,,,,Gemini-API,,,,
Ugzrkcnwx1heWCfCZOh4AaABAg,Bx-XDBdN7nA,5b7d8950540664fae4e4602ec63e44ec8ce28b04f065d92de5aee4a19d7c80f0,MBL benzin bikin kaya  org sigapura,0,2026-02-18T14:31:08Z,2026-02-18T14:31:08Z,2026-09-19T00:23:02.435533+00:00,mbl benzin bikin kaya org sigapura,,,,,Gemini-API,,,,
UgzK3mMd3iKsf7w_Opl4AaABAg,Bx-XDBdN7nA,a86bde41349d4b7547e2dfc1b2dc7567042e9ea3f5608a7bf5db24ebbac60345,Spec dewa tapi bentuk spt kulkas 😂,0,2025-11-24T09:09:05Z,2025-11-24T09:09:05Z,2026-09-19T00:23:02.435533+00:00,spec dewa tapi bentuk spt kulkas 😂,,,,,Gemini-API,,,,
UgywNO6ZAJ7mA9ZEYdl4AaABAg,wWoTrVO2Hk4,4ac294dba7313ae4fa1018c1b18b963ab0caecd32378653b527ed97b4ba8199b,"Final spek dan trim tertinggi msh ada dumy tombol, layar TFT dan ga ada tombol start stop sama kaya tipe standart😂",1,2026-07-27T05:40:49Z,2026-07-27T05:40:49Z,2026-09-19T00:23:05.983222+00:00,"final spek dan trim tertinggi msh ada dumy tombol, layar tft dan tidak ada tombol start stop sama kaya tipe standart😂",,,,,Gemini-API,,,,
UgxRwpdzEpgC3q0i9mp4AaABAg,Bx-XDBdN7nA,ad74d6f805e52f505a8329d6f422b338fc20b173232fd8a18292e3d37b9841f1,Temen kamu baru bayar hutang? Beli ini aja...,1,2025-11-16T07:14:20Z,2025-11-16T07:14:20Z,2026-09-19T00:23:02.435533+00:00,temen kamu baru bayar hutang? beli ini aja..,,,,,Gemini-API,,,,
UgxPl1wR8GYbxz8w1mp4AaABAg,wWoTrVO2Hk4,5375488738c3da338c939d7dba9ef2d6ba3d4aa4d7fb987a78f6a489f0676759,"299,9 JT . disebut nya 200jt an trus.. hadehhh",0,2026-04-27T18:18:49Z,2026-04-27T18:18:49Z,2026-09-19T00:23:05.983222+00:00,"299,9 jt . disebut nya 200jt an trus.. hadehh",,,,,Gemini-API,,,,
UgxP-AlmJ3WYFNWHt3l4AaABAg,wWoTrVO2Hk4,08871f5150ebccb321a483c53b1f811bfccb5c37d69a7f6dc0b2fc0d1e99eecb,"hal kecil yg cukup mengganggu: saat wiper depan diangkat, tangkainya mentok dg kap mesin.",1,2026-05-26T11:43:38Z,2026-05-26T11:43:38Z,2026-09-19T00:23:05.983222+00:00,"hal kecil yg cukup mengganggu: saat wiper depan diangkat, tangkainya mentok dg kap mesin.",,,,,Gemini-API,,,,
Ugx9QW45MSvNaUFrC4V4AaABAg,wWoTrVO2Hk4,3e97dcce886e37d536dc402870901e124c9bc1b68cbe93ca4e6f77920673f95c,"bagus banget mobil nya, sayang speedometernya kaya sepeda listrik",4,2026-04-23T22:36:12Z,2026-04-23T22:36:12Z,2026-09-19T00:23:05.983222+00:00,"bagus banget mobil nya, sayang speedometernya kaya sepeda listrik",,,,,Gemini-API,,,,
UgyV4H5E6YIwadm0c7J4AaABAg,wWoTrVO2Hk4,35e607936fb621b0484bff3db954bf323bd8ff962586388a9fe2ad2d52fe0a6e,Gmana ngk laku keras .. klo mobil nya lengkap kayak gini,1,2026-04-23T17:57:58Z,2026-04-23T17:57:58Z,2026-09-19T00:23:05.983222+00:00,gmana ngk laku keras .. kalau mobil nya lengkap kayak gini,,,,,Gemini-API,,,,
UgwMKfR0TLUo5GGouF14AaABAg,wWoTrVO2Hk4,ff282268cf1b9b7cfeef8aaf8295701175e5009a195b56c61ee1581e6af867f5,Jelas bagusan ini drpd eksion yg overpriced. Sayang tp ini ga 7 seat,3,2026-04-22T23:57:01Z,2026-04-22T23:57:01Z,2026-09-19T00:23:05.982688+00:00,jelas bagusan ini drpd eksion yg overpriced. sayang tapi ini tidak 7 seat,,,,,Gemini-API,,,,
Ugy0VhFo1Um-T2iJofh4AaABAg,wWoTrVO2Hk4,bbf212a8465c42f299e0fe66ef6ca9db519be5df92cc920d2eae943304c6c2e4,300 jutaan lah 😁 299,1,2026-05-21T13:38:45Z,2026-05-21T13:38:45Z,2026-09-19T00:23:05.982688+00:00,300 jutaan lah 😁 299,,,,,Gemini-API,,,,
UgzPfIzhnH_Md90pqHd4AaABAg,wWoTrVO2Hk4,2c123d28d72fa78df6d95ec391d506425939de8b2ef69f01b1d7ed2fcb4406f0,shooting di perumahan apa itu .. Om .. kayaknya pernah lewat ..,0,2026-04-25T09:01:18Z,2026-04-25T09:01:18Z,2026-09-19T00:23:05.982688+00:00,shooting di perumahan apa itu .. om .. kayaknya pernah lewat ..,,,,,Gemini-API,,,,
UgxhY9GDo_Fb5C-vmU54AaABAg,Bx-XDBdN7nA,e41e51fe6de464c72351010a6252a879af2a58e254ddf33a93ce09a863454f53,Jaecoo bagus cakep tapi sayangnya tidak berbahasa indonesia baiknya dijual kenegara malaydes,0,2026-04-26T06:23:19Z,2026-04-26T06:23:19Z,2026-09-19T00:23:02.435533+00:00,jaecoo bagus cakep tapi sayangnya tidak berbahasa indonesia baiknya dijual kenegara malaydes,,,,,Gemini-API,,,,
UgxMuqRDPZC0AY3BwLl4AaABAg,Bx-XDBdN7nA,8ae26104bb167d70fac6515985394834ef56a6cce90c7994f65e20ebccfcc017,Brp duit nich kereta ?,0,2026-03-25T10:30:24Z,2026-03-25T10:30:24Z,2026-09-19T00:23:02.435533+00:00,brp duit nich kereta ?,,,,,Gemini-API,,,,
Ugy1uAleMYuZe1wiI-14AaABAg,wWoTrVO2Hk4,4c7d4bd7b8dd4ae74a2530c7a7db86d2bab155caabcd0fa0c7406eecae425c49,Next IDT Linxys G050 di GIICOMVEC 2026 Ya Om B Channel 😊,1,2026-04-23T06:01:42Z,2026-04-23T06:01:42Z,2026-09-19T00:23:05.982688+00:00,next idt linxys g050 di giicomvec 2026 ya om b channel 😊,,,,,Gemini-API,,,,
UgyNeriDfEjAax8briB4AaABAg,fjWvVFT0vr0,819a46f57a42c2930c7916e313d52ae556d4596770d6263d1e0b0b82452a3753,"Tiap nonton review atto 1 iklannya selalu Toyota, langsung skip iklan 😂",74,2025-07-26T06:19:37Z,2025-07-26T06:19:37Z,2026-09-19T00:23:06.549873+00:00,"tiap nonton review atto 1 iklannya selalu toyota, langsung skip iklan 😂",,,,,Gemini-API,,,,
UgyDXw8ax1MVkua3E2p4AaABAg,fjWvVFT0vr0,aafbea55b1d155795ac5e0df63a6360a8e598e18e7692b51607544031173834e,"Sementara ampas kaleng rombeng LCGC pakai emblem RS, GR uda tembus 250 😂. Uda saatnya berontak dari romusha jepun. Merk tiongkok malah yang membantu konsumen Indonesia",784,2025-07-26T04:27:43Z,2025-07-26T04:27:43Z,2026-09-19T00:23:06.549873+00:00,"sementara ampas kaleng rombeng lcgc pakai emblem rs, gr uda tembus 250 😂. uda saatnya berontak dari romusha jepun. merk tiongkok malah yang membantu konsumen indonesia",,,,,Gemini-API,,,,
UgzT0zfCs90pzvcHrNN4AaABAg,fjWvVFT0vr0,4b4ebfbf144130b67a0f91569f36b715b9f970af3940a1e1c4ec86432b2f8f2b,Akhirnya Carmudi upload juga... Sengaja nggak nonton review channel lain karena kurang afdol aja kalo yang jelasin bukan abang botak satu ini 😊,43,2025-07-26T03:45:49Z,2025-07-26T03:45:49Z,2026-09-19T00:23:06.549873+00:00,akhirnya carmudi upload juga.. sengaja tidak nonton review channel lain karena kurang afdol aja kalo yang jelasin bukan abang botak satu ini 😊,,,,,Gemini-API,,,,
UgyarQEIH1VnxW9GWZd4AaABAg,fjWvVFT0vr0,410c15f4d7be122136a60ae4ce2f3b24007b38be74629da081d4fa6ce3d7b839,"Bagus sekali, semakin banyak mobil tiongkok masuk ke indonesia maka kita makin banyak pilihan dan MAKIN TERASA mobil brand jepang terlalu overpriced, termakan iklan melulu.....",309,2025-07-26T03:31:52Z,2025-07-26T03:31:52Z,2026-09-19T00:23:06.549873+00:00,"bagus sekali, semakin banyak mobil tiongkok masuk ke indonesia maka kita makin banyak pilihan dan makin terasa mobil brand jepang terlalu overpriced, termakan iklan melulu..",,,,,Gemini-API,,,,
UgxTqHnyHpdpPUD8Xct4AaABAg,fjWvVFT0vr0,09204ce9b7c00797a11d390793facfb74b7a4c49f25e64e13ae008e6b8ee7fb8,Akhirnya ada city car yg keren. Udah lama idamin mau ganti picanto lama ke picanto GT line terbaru tapi ga masuk2. Mobil baru kebanyakan SUV mulu. Ini masuk suamiku langsung minta beli ini aja daripada picanto yg ga ada kabar😂,11,2025-07-26T05:37:25Z,2025-07-26T05:41:14Z,2026-09-19T00:23:06.549873+00:00,akhirnya ada city car yg keren. udah lama idamin mau ganti picanto lama ke picanto gt line terbaru tapi tidak masuk2. mobil baru kebanyakan suv mulu. ini masuk suamiku langsung minta beli ini aja daripada picanto yg tidak ada kabar😂,,,,,Gemini-API,,,,
UgzYBotfJyL31me18054AaABAg,fjWvVFT0vr0,8436b1b10b5d74aa1241eb9b65fd95cd26fc6cf7cbd6f7dc7db2d04d64724659,"Beuh, ini tumben kantor kas istri Langsung bunyi ""Cetingggg"" gas setelah kmrn ditolak beli M6.. Eeh ternyata dapetnya sekitar Oktober - November 😄 nanti aja ah biar beli langsung bawa pulang.",4,2025-07-26T10:50:03Z,2025-07-26T10:50:03Z,2026-09-19T00:23:06.549873+00:00,"beuh, ini tumben kantor kas istri langsung bunyi ""cetingg"" gas setelah kmrn ditolak beli m6.. eeh ternyata dapetnya sekitar oktober - november 😄 nanti aja ah biar beli langsung bawa pulang.",,,,,Gemini-API,,,,
UgzfuTlYni_e59KRf7V4AaABAg,fjWvVFT0vr0,c0226fcb55b08f796a5097e179a8a840975105492b5bda285fc6197ba5105aea,Persaingan semakin ketat nih. Yang  paling mutakhir dan efisien lebih unggul.,3,2025-07-26T23:40:10Z,2025-07-26T23:40:10Z,2026-09-19T00:23:06.549873+00:00,persaingan semakin ketat nih. yang paling mutakhir dan efisien lebih unggul.,,,,,Gemini-API,,,,
Ugwg5vyzJjAcESSKerR4AaABAg,fjWvVFT0vr0,f3e4c9644fde0e82a286f5b242636e370e6d3069dd68c54d6471dc60607389ff,Saya aja orang astra malah pengen banget punya BYD ATTO 1 ini 😊👍🏻👍🏻👍🏻👍🏻👍🏻,37,2025-07-26T05:09:33Z,2025-07-26T05:09:33Z,2026-09-19T00:23:06.549873+00:00,saya aja orang astra malah pengen banget punya byd atto 1 ini 😊👍🏻👍🏻👍🏻👍🏻👍🏻,,,,,Gemini-API,,,,
Ugy0ul6rI0LYkEN7PgF4AaABAg,fjWvVFT0vr0,a520c03ae006a29b1ea946d31262bf44acb7e43b75cc096bdf6f3df8f8463ab4,The real LCGC,31,2025-07-26T03:13:07Z,2025-07-26T03:13:07Z,2026-09-19T00:23:06.549873+00:00,the real lcgc,,,,,Gemini-API,,,,
Ugxno5WaeMo3n-gSivZ4AaABAg,fjWvVFT0vr0,492dced913ffbb42065d2a8fd8c7afa7c3198496f3f272eb769304cef0ee4604,"5000 unit aja menggantikan mobil bensin, jakarta (jabotabek) makin seger udaranya, berkurang emisinya.
dan berkurang impor bbm nya..!",34,2025-07-26T06:00:50Z,2025-07-26T06:00:50Z,2026-09-19T00:23:06.549873+00:00,"500 unit aja menggantikan mobil bensin, jakarta (jabotabek) makin seger udaranya, berkurang emisinya. dan berkurang impor bbm nya..!",,,,,Gemini-API,,,,
UgxASPcfyzW8hvSlC4p4AaABAg,fjWvVFT0vr0,4ef70834a7b42fb8053069cfbb723cbf57f7c999c973ac342bbf5a5e229ea253,Ini baru cocok untuk nama LCGC (Low cost green car),23,2025-07-26T03:09:51Z,2025-07-26T03:09:51Z,2026-09-19T00:23:06.549873+00:00,ini baru cocok untuk nama lcgc (low cost green car),,,,,Gemini-API,,,,
Ugy7ruXv-3_yhQmBHGp4AaABAg,fjWvVFT0vr0,57b14cbd094c8ac5df081654cbb957291a7b580078095edd115ad500f75e3c62,Yang gw suka dari carmudi itu. Reviewnya tersistem. Jadi gak ada yang terlewat. Beda dengan reviewer lainnya. Yang sudah kelas atas juga gak bandingin pertipe. Jadi bingung bedanya apa aja. kalo carmudi gak ada yang terlewat. Nice.,1,2025-07-28T08:00:17Z,2025-07-28T08:00:17Z,2026-09-19T00:23:06.549873+00:00,yang gw suka dari carmudi itu. reviewnya tersistem. jadi tidak ada yang terlewat. beda dengan reviewer lainnya. yang sudah kelas atas juga tidak bandingin pertipe. jadi bingung bedanya apa aja. kalo carmudi tidak ada yang terlewat. nice.,,,,,Gemini-API,,,,
Ugz5yRLgvkPVXs78kVJ4AaABAg,fjWvVFT0vr0,f54ed57158798bd85db295b7d4ecde7de9d9d2778eb412a4abf165c10dd1b050,nungguin dr kemarin2 review atto 1 dr carmudi cz yg lain udah pada review....review terbaik emang,4,2025-07-26T04:23:20Z,2025-07-26T04:23:20Z,2026-09-19T00:23:06.549873+00:00,nungguin dari kemarin2 review atto 1 dari carmudi cz yg lain udah pada review..review terbaik emang,,,,,Gemini-API,,,,
UgyxCS-SciE3hNKggM54AaABAg,fjWvVFT0vr0,e4cd854621450e16251afb7331b618d4651bd8979d42ca1cb6d2a2c8153ec0d3,"Ya kali ini aku akui bahwa ini lebih keren daripada kelasnya, bahkan lebih keren daripada Suzuki espresso",3,2025-07-26T06:07:10Z,2025-07-26T06:07:10Z,2026-09-19T00:23:06.549873+00:00,"ya kali ini aku akui bahwa ini lebih keren daripada kelasnya, bahkan lebih keren daripada suzuki espresso",,,,,Gemini-API,,,,
UgxNz_FQvl59CTJb5XJ4AaABAg,fjWvVFT0vr0,1845508162fbac265dd6ede45c78a74eeb5cb5b47550ae18fd96ab7180e52ff3,"Duh jadi pingin, Bismillah semoga bisa ke beli BYD Atto 1 Dynamic, aamiin",8,2025-07-26T11:52:10Z,2025-07-26T11:52:58Z,2026-09-19T00:23:06.549873+00:00,"duh jadi pingin, bismillah semoga bisa ke beli byd atto 1 dynamic, aamiin",,,,,Gemini-API,,,,
UgylK4zVovCdKWiXXId4AaABAg,fjWvVFT0vr0,1b0dacb6a2de96fca0a8507f0e40d34993fb18a1d01fe6c68e228b0d74247ab2,"Paling suka kalo Carmudi yang bikin review , benar2 lengkap dan comprehensive mantep banget",3,2025-07-26T09:24:07Z,2025-07-26T09:24:07Z,2026-09-19T00:23:06.549873+00:00,"paling suka kalo carmudi yang bikin review , benar2 lengkap dan comprehensive mantep banget",,,,,Gemini-API,,,,
UgwjIj7Se1x050bjYVZ4AaABAg,fjWvVFT0vr0,c909c48516ea35565bdd9bd33d0dc3fc0872494c065510104bac8b85536f86e0,"Cuma Carmudi yg review mobil secara konsisten proper, detail dan lengkap. Ga pakai masukin gimmick² seperti overhyping, ngiklan atau terlalu fokus ke pembawa acara (termasuk itu tuh, youtuber reviewer 'the big 3' yg apa² selalu colab dan riya banget klo beli² baru buat istri, engkong, kantor, dll) 😂",6,2025-07-27T01:09:54Z,2025-07-27T01:09:54Z,2026-09-19T00:23:06.549873+00:00,"cuma carmudi yg review mobil secara konsisten proper, detail dan lengkap. tidak pakai masukin gimmick² seperti overhyping, ngiklan atau terlalu fokus ke pembawa acara (termasuk itu tuh, youtuber reviewer 'the big 3' yg apa² selalu colab dan riya banget kalau beli² baru buat istri, engkong, kantor, dll) 😂",,,,,Gemini-API,,,,
Ugw-PdtODTqD2ZFCuKZ4AaABAg,fjWvVFT0vr0,88c7115e583c659b779992614e89281c64d2f122fc28d1415fa565d9db72c00d,"Bismillah, Insya Allah pengen beli mobilnya. Semoga Allah kasih rezekinya. Aamiin Ya Allah",17,2025-07-26T03:33:36Z,2025-07-26T03:33:36Z,2026-09-19T00:23:06.549873+00:00,"bismillah, insya allah pengen beli mobilnya. semoga allah kasih rezekinya. aamiin ya allah",,,,,Gemini-API,,,,
UgyXs59Oc0IrECLCIqV4AaABAg,fjWvVFT0vr0,1dd04fab562e794c52b6ef9fc3b5f9423a45ea31b25cf5ef969bf1375b1c4a53,"Gua Selalu senang kalau Carmudi,
Pengambilan Videonya Selalu terbaik !",8,2025-07-26T05:29:07Z,2025-07-26T05:29:07Z,2026-09-19T00:23:06.549873+00:00,"gua selalu senang kalau carmudi, pengambilan videonya selalu terbaik !",,,,,Gemini-API,,,,
Ugzb9jq1RNBivvtrZat4AaABAg,fjWvVFT0vr0,fec606c3663ad469a6a0d300c0659aefd7a42afe303d99c40c3e66509e30f05a,Reviewer paling terniat carmudi... opening nya keren banget... isi nya selalu singkat dan padat... love carmudi,4,2025-07-26T14:40:00Z,2025-07-26T14:40:00Z,2026-09-19T00:23:06.549873+00:00,reviewer paling terniat carmudi.. opening nya keren banget.. isi nya selalu singkat dan padat.. love carmudi,,,,,Gemini-API,,,,
Ugy7c9CqqT2vOpMjDBN4AaABAg,fjWvVFT0vr0,19d1086de1b68447353fb345b455b39b2725bad5125df6ba78c03e69fccef7dc,Insya Allah mudah mudahan kita semua yg nonton ini video bisa membelinya May menjelang hari raya idul fitri thn 2026. AAMIIN YA ROBBAL AALAMIIN,37,2026-02-11T12:34:31Z,2026-02-11T12:34:31Z,2026-09-19T00:23:06.549873+00:00,insya allah mudah mudahan kita semua yg nonton ini video bisa membelinya may menjelang hari raya idul fitri thn 2026. aamiin ya robbal aalamiin,,,,,Gemini-API,,,,
UgxRxL8-VCZZmRFnfSp4AaABAg,Bx-XDBdN7nA,66313f0580ee57cb73034cc92c96c074b28c78c38f6c6ad384133314476e43a7,"jco donat enak✅
jco mobil enak✅",0,2025-11-29T06:04:28Z,2025-11-29T06:04:28Z,2026-09-19T00:23:02.435533+00:00,jco donat enak✅ jco mobil enak✅,,,,,Gemini-API,,,,
UgytkQ8_UCNFRkrT0Rh4AaABAg,Bx-XDBdN7nA,60ecd7b250457f9086eeb4aadc30ed029d12dbe360b22498c53c36f011ed32f9,Percuma juga yg dapat cuma 1000 pembelian pertama.. Dan itupun gua lihat2 yg udah SPK nggak tau dapat unitnya kapan😂,1,2025-11-16T13:18:17Z,2025-11-16T13:18:17Z,2026-09-19T00:23:02.435533+00:00,percuma juga yg dapat cuma 100 pembelian pertama.. dan itupun gua lihat2 yg udah spk tidak tau dapat unitnya kapan😂,,,,,Gemini-API,,,,
UgyQSoni0QtQO9kQhE54AaABAg,Bx-XDBdN7nA,baa9f5eac4259d1c1abee8ce1e5d1fd434422f5a6c069ea5b115392e6eb84ade,Instrumen cluster nggak dibahas bang,0,2025-11-16T11:12:33Z,2025-11-16T11:12:33Z,2026-09-19T00:23:02.435533+00:00,instrumen cluster tidak dibahas bang,,,,,Gemini-API,,,,
UgwJkhe2JkHfWTiD59t4AaABAg,Bx-XDBdN7nA,7d33eacfeab47a223321fe88c4ab049e65342440c8bbbc31fddc8a74c77c046e,"bentuk depan nya buat gw sih kurang menarik, ky maenan hehe",0,2025-11-19T13:36:25Z,2025-11-19T13:36:25Z,2026-09-19T00:23:02.435533+00:00,"bentuk depan nya buat gw sih kurang menarik, ky maenan hehe",,,,,Gemini-API,,,,
UgwpDCX7flI7z6-TTYR4AaABAg,fjWvVFT0vr0,5b66aabb08c67cc89454997d8fab19e98d7f997f28a42131291695780016e6ef,"Diluar video ini, semenjak ada even mobil, iklan youtube jadi toyota mulu😂",30,2025-07-26T03:45:33Z,2025-07-26T03:45:33Z,2026-09-19T00:23:06.549873+00:00,"diluar video ini, semenjak ada even mobil, iklan youtube jadi toyota mulu😂",,,,,Gemini-API,,,,
Ugz_lh3KBPM42F-Eked4AaABAg,Bx-XDBdN7nA,74750324db33afe07da59a567107dd036ff237f8514d957b5d990d46e6181b4c,Kalau parkirdi terik matahari gmn? Baterenya aman?,0,2026-03-15T00:09:35Z,2026-03-15T00:09:35Z,2026-09-19T00:23:02.435533+00:00,kalau parkirdi terik matahari gmn? baterenya aman?,,,,,Gemini-API,,,,
UgxyL3FVL0tzBa8JcaB4AaABAg,fjWvVFT0vr0,a5911eeebd5408b1b5e0fa6a762e16c9d05543e54d5066e960ab4c39f53dbd30,Keren ...cuma carmudi om botak reviewer mobil enak disimak..krn bikin skrip dulu gak lgsg ngomong ditempat....semoga yg pengen punya byd akan dimudahkan memilikinya dgn cara halal dan barokah...,35,2025-07-26T10:52:31Z,2025-07-26T10:52:31Z,2026-09-19T00:23:06.549873+00:00,keren ..cuma carmudi om botak reviewer mobil enak disimak..krn bikin skrip dulu tidak lgsg ngomong ditempat..semoga yg pengen punya byd akan dimudahkan memilikinya dengan cara halal dan barokah..,,,,,Gemini-API,,,,
UgxkkD6yhytbSD6OcV14AaABAg,A9niV2791gs,a1d1173f6b6e7223758d0fd91fff1cb83c6e6f53d1431de03f2a4f0a7d8ce4c2,Gk ada Unit woyyyyy,4,2026-01-22T22:47:02Z,2026-01-22T22:47:02Z,2026-09-19T00:23:04.831717+00:00,tidak ada unit woyy,,,,,Gemini-API,,,,
UgyfZSvrq6l4C5zafdJ4AaABAg,A9niV2791gs,9c9e2e1f12b54147244a9c5de0b0c710561ba9e04200f0e6adf166703e1aa0e7,"Hmmm terlihat seperti blek kaleng toples dari depan, rancu",1,2026-01-22T20:27:01Z,2026-01-22T20:27:01Z,2026-09-19T00:23:04.831717+00:00,"hmm terlihat seperti blek kaleng toples dari depan, rancu",,,,,Gemini-API,,,,
Ugzu-yoXZnEwwnTRLVB4AaABAg,Bx-XDBdN7nA,954d922bf40dc829fd9ff5dbc295b41c5414d4b0a59c347e23e83a694675ddb1,Yg beli wuling air ev apa kabar sekarang setelah liat mobil ini 😂,0,2025-11-19T07:14:28Z,2025-11-19T07:14:28Z,2026-09-19T00:23:01.508913+00:00,yg beli wuling air ev apa kabar sekarang setelah liat mobil ini 😂,,,,,Gemini-API,,,,
UgzA8YWO8KLbhh1vlGh4AaABAg,Vu0ayycGXbI,f2bb509a92c119c4babad4f6eeb6213d0c2b56e25335f9d71f826ca65eec6f05,Ngeri kalo pas macet di tanjakan ini mobil kyknya kalo gitu 😮,0,2026-02-23T22:34:21Z,2026-02-23T22:34:21Z,2026-09-19T00:23:03.312129+00:00,ngeri kalo pas macet di tanjakan ini mobil kyknya kalo gitu 😮,,,,,Gemini-API,,,,
UgzdgIjE9ovXuHGCqEx4AaABAg,Vu0ayycGXbI,6aa8585420a23a6e550e8ba2069e2c5f0b56befcef8f2dea1b297c4d4e8937aa,"ban bawaan giti p10 kacrut banget gripnya 
ganti Turanza 6 aja..bagaikan langit dan bumi",0,2026-04-11T16:11:08Z,2026-04-11T16:11:08Z,2026-09-19T00:23:04.026610+00:00,ban bawaan giti p10 kacrut banget gripnya ganti turanza 6 aja..bagaikan langit dan bumi,,,,,Gemini-API,,,,
Ugw8dSD6Ho7m1C0wbi54AaABAg,Vu0ayycGXbI,e667e41a12302eb010183112da8441fc9a8ffc156663c63ab490d3ec9f0fc57d,Ban nya mesti diganti sama yg lebih lengket lagi nih.,19,2026-02-23T20:22:11Z,2026-02-23T20:22:11Z,2026-09-19T00:23:03.311589+00:00,ban nya mesti diganti sama yg lebih lengket lagi nih.,,,,,Gemini-API,,,,
UgzyWbXRRvREQt2EeTx4AaABAg,Vu0ayycGXbI,c9542a34aa04f120b4c87cbc9b19382045a61c976170d7cae4e35a61889b7974,Klo RWD meski gak butuh pasti gw beli J5 ini.,0,2026-08-15T04:02:51Z,2026-08-15T04:02:51Z,2026-09-19T00:23:04.026610+00:00,kalau rwd meski tidak butuh pasti gw beli j5 ini.,,,,,Gemini-API,,,,
UgwoqNdreTfmbwvJOd94AaABAg,Vu0ayycGXbI,e926bd9dc64d837aa6f125d13c34927b8f8f93e30a7dea87d8e483a48410edaa,"Boleh juga nih jaecoo j5, semoga makin banyak brand Mobil Listrik Buatan Indonesia",1,2026-02-23T14:34:46Z,2026-02-23T14:34:46Z,2026-09-19T00:23:03.311589+00:00,"boleh juga nih jaecoo j5, semoga makin banyak brand mobil listrik buatan indonesia",,,,,Gemini-API,,,,
Ugz4ueMaPsPXhtILZCx4AaABAg,Vu0ayycGXbI,a64447d1819984d2f099599285f04012d49f051375f7901579cd651fd53792b3,"Dari awal, klo jalanan licin coba setir dikanan-kirikan",1,2026-02-23T11:51:20Z,2026-02-23T11:51:20Z,2026-09-19T00:23:04.026610+00:00,"dari awal, kalau jalanan licin coba setir dikanan-kirikan",,,,,Gemini-API,,,,
UgzCfKIJ5Ediu3oiRi94AaABAg,Vu0ayycGXbI,2af73afb4cf3590323d14a498fb5b58a60280487940e8b1a51c7679cc0ad00be,Lah kan klo licin emg hqrus zigzag malah lurus terus,0,2026-03-27T11:57:53Z,2026-03-27T11:57:53Z,2026-09-19T00:23:04.026610+00:00,lah kan kalau licin emg hqrus zigzag malah lurus terus,,,,,Gemini-API,,,,
UgzPVAgGprIQqYFELaN4AaABAg,Vu0ayycGXbI,c8a0b18b0cceb88bc9ed7299824a0fbc420a8fc1706b19df4f4cacd12249dbae,mobil apa pun kalau dinaikain gajah ngak nanjak bg,0,2026-03-09T11:13:30Z,2026-03-09T11:13:30Z,2026-09-19T00:23:04.026610+00:00,mobil apa pun kalau dinaikain gajah ngak nanjak bg,,,,,Gemini-API,,,,
UgwOg5Y6Tew3DwyPf9h4AaABAg,Vu0ayycGXbI,f42ecf865599b52a665a125c3d21445c362238baa33c8cf44bcc816b914fb1f0,sayangnya tampilan suv penggerak lcgc,0,2026-03-29T09:50:16Z,2026-03-29T09:50:16Z,2026-09-19T00:23:04.026610+00:00,sayangnya tampilan suv penggerak lcgc,,,,,Gemini-API,,,,
UgxIyV7xAD61BtE2mZh4AaABAg,Vu0ayycGXbI,efa5109595253a64f6c24ae2d1eea97c679d07776a8fce4afb0e6f745dd42874,Row 2nya kasian bnget apalg yg pas nanjak.,0,2026-02-23T11:02:18Z,2026-02-23T11:02:18Z,2026-09-19T00:23:04.026610+00:00,row 2nya kasian bnget apalg yg pas nanjak.,,,,,Gemini-API,,,,
UgyQFnLZkvgLGljS-z94AaABAg,Vu0ayycGXbI,9855983b18524f0fe49d9218984be5b4c7f632ca77cfae769285c6c93aa8b912,Roda depan kanan itu kenapa ya kaya ada palstik atau tulisannya?,0,2026-03-17T13:05:52Z,2026-03-17T13:05:52Z,2026-09-19T00:23:04.026610+00:00,roda depan kanan itu kenapa ya kaya ada palstik atau tulisannya?,,,,,Gemini-API,,,,
Ugw9hK5Vu-ijEzn63RB4AaABAg,Vu0ayycGXbI,f780fecda6b85cf174645b8223b06b455d0c4b27a6960fcdc7bf7b84c78c88a0,Ban nya ganti miselang kali ya… ato mending dikempesin dikit haha,0,2026-04-23T09:54:41Z,2026-04-23T09:54:41Z,2026-09-19T00:23:04.026610+00:00,ban nya ganti miselang kali ya… ato lebih baik dikempesin dikit haha,,,,,Gemini-API,,,,
Ugyzj820Z_wtLyX3eBZ4AaABAg,Vu0ayycGXbI,89cda5dfa553c25aa09d0c07fa0cac7f1ed756bc161f56ec3c75b5e478bcd7f9,MGS5 aja ah,0,2026-02-23T14:41:30Z,2026-02-23T14:41:30Z,2026-09-19T00:23:04.026610+00:00,mgs5 aja ah,,,,,Gemini-API,,,,
Ugy4Hyf3u0qygY4DnFV4AaABAg,Vu0ayycGXbI,054bf401ddd6ee978ee0d91ec6bffbd3d3d299a3bfd9e0bf52066c737af654d1,ga ada foglamp nya ya,0,2026-02-24T01:48:43Z,2026-02-24T01:48:43Z,2026-09-19T00:23:04.026610+00:00,tidak ada foglamp nya ya,,,,,Gemini-API,,,,
UgxGxCFoFsfvpETX1-V4AaABAg,Vu0ayycGXbI,9399c0ca562a29ac2c248235bbe3e9ffb0bc473c33eb8c84bf77e8f65b7d74ee,Menit 12 ban sebelah kanan kempis apa kenapa,0,2026-02-26T16:34:49Z,2026-02-26T16:34:49Z,2026-09-19T00:23:04.026610+00:00,menit 12 ban sebelah kanan kempis apa kenapa,,,,,Gemini-API,,,,
Ugza4zWGUf7wv1QXzJ94AaABAg,Vu0ayycGXbI,f811cd23aea5c885857579d473741a3ed402a2e9a7fe2ee7d4e981fe34234ce7,Wew gagal nanjak😅😅😅,4,2026-02-23T10:47:11Z,2026-02-23T10:47:11Z,2026-09-19T00:23:04.026610+00:00,wew gagal nanjak😅😅,,,,,Gemini-API,,,,
UgxjYTZq6iSK4izPYjV4AaABAg,Vu0ayycGXbI,d1cd274f7c41524420f63809622cb74536558a554ca3905a25c2e2d4ba25cefc,Untung udah ambil geely ex2…,0,2026-02-25T05:37:02Z,2026-02-25T05:37:02Z,2026-09-19T00:23:04.026610+00:00,untung udah ambil geely ex2…,,,,,Gemini-API,,,,
UgxLqArIQuo4WKO4hU54AaABAg,Vu0ayycGXbI,8958210cd4f1edfe6479fb9e9df6a303459c93d24671dcb5baae2928365c8868,Tak suka mukanya yg terlalu polos mesti dimodif pake after market biar agak ganteng,0,2026-02-23T13:59:15Z,2026-02-23T13:59:15Z,2026-09-19T00:23:04.026610+00:00,tak suka mukanya yg terlalu polos mesti dimodif pakai after market biar agak ganteng,,,,,Gemini-API,,,,
Ugz0CiLiSsU_D0mMdeJ4AaABAg,Vu0ayycGXbI,3d3f6b55a9892cc9646efda24bd38c6437c06dddea9951b562ca092808aeab9b,"Keren  juga, cuma jok dua baris sih",1,2026-02-24T14:22:30Z,2026-02-24T14:22:30Z,2026-09-19T00:23:04.026610+00:00,"keren juga, cuma jok dua baris sih",,,,,Gemini-API,,,,
Ugy4ZcCDcYl-AdQn3jZ4AaABAg,Vu0ayycGXbI,3f0bcc0524ea2285cd156880208ab5268679f921029f566a5e8795771a5cc248,Jaecoo DNA range rover evouge,0,2026-02-23T15:48:26Z,2026-02-23T15:48:26Z,2026-09-19T00:23:04.026610+00:00,jaecoo dna range rover evouge,,,,,Gemini-API,,,,
UgzgpeErpaKhd8YQdBF4AaABAg,Vu0ayycGXbI,078dfe735ab1ad284eae3a723c7a683a22e4badc9965526f394708bb2096240a,Depan kasih karung 200kg... kemungkinan aman buat nanjak. Kasihan power besar masalahnya FWD.... kalau RWD..... sempurna ini J5,0,2026-03-05T14:20:56Z,2026-03-05T14:20:56Z,2026-09-19T00:23:04.026610+00:00,depan kasih karung 200kg.. kemungkinan aman buat nanjak. kasihan power besar masalahnya fwd.. kalau rwd.. sempurna ini j5,,,,,Gemini-API,,,,
UgzLilILuKulWPghHnZ4AaABAg,Vu0ayycGXbI,24689fa524e893220552ba0279fef9bc348d8b29cd7165f86b377f890654eaf5,Road noise berasa karena terlalu sunyi di dalam mobil tidak ada mesin bensin. Solusinya ban yang hening atau peredam di bagian roda,1,2026-02-23T15:15:03Z,2026-02-23T15:15:03Z,2026-09-19T00:23:03.311589+00:00,road noise berasa karena terlalu sunyi di dalam mobil tidak ada mesin bensin. solusinya ban yang hening atau peredam di bagian roda,,,,,Gemini-API,,,,
UgyBcZXOCc4YG1_KVRh4AaABAg,Vu0ayycGXbI,3298920f7e990c74b576cf27263e33ad9fae6e95532e14b52f8ac4ac91ea3738,Susah nanjak y😂,0,2026-03-01T10:39:24Z,2026-03-01T10:39:24Z,2026-09-19T00:23:04.026610+00:00,susah nanjak y😂,,,,,Gemini-API,,,,
UgxtocYVRLZLhSrauj54AaABAg,Vu0ayycGXbI,007533e25abbd78314faea2a24651546574e82e3fe7c4c041cae01f7c27a7f5b,Ganti ban yang sesuai medan,0,2026-02-24T00:30:37Z,2026-02-24T00:30:37Z,2026-09-19T00:23:04.026610+00:00,ganti ban yang sesuai medan,,,,,Gemini-API,,,,
Ugz4lUZdZy4rvxcC4Lt4AaABAg,Vu0ayycGXbI,f780fecda6b85cf174645b8223b06b455d0c4b27a6960fcdc7bf7b84c78c88a0,Dah naek 10 juta skrg… tp menurutku masih worth it,1,2026-04-08T14:38:20Z,2026-04-08T14:38:20Z,2026-09-19T00:23:03.311589+00:00,dah naek 10 juta skrg… tapi menurutku masih layak it,,,,,Gemini-API,,,,
UgycNQw4hbgxREDpFHd4AaABAg,Vu0ayycGXbI,1b83ab5dd309eb48a3e3bf5de8c933ba0afb47b31ef4d50ec52be24724356f3b,Fix ban nya licin,0,2026-04-01T14:02:29Z,2026-04-01T14:02:29Z,2026-09-19T00:23:04.026610+00:00,fix ban nya licin,,,,,Gemini-API,,,,
Ugxg7HURIBP2uotHsUF4AaABAg,Vu0ayycGXbI,d2af0e563cfa4fc1a47c0c3f75e2fce926ef12bdbb9f08ec62c7c3acc4697969,"settingan bisa disimpan gak? mungkin kyk game gitu bisa bbrp profile
aku rasa ini penting klo mobil sharing atau buat pengaturan sesuai kondisi jalan",0,2026-04-05T10:19:05Z,2026-04-05T10:19:05Z,2026-09-19T00:23:04.026610+00:00,settingan bisa disimpan gak? mungkin kyk game gitu bisa bbrp profile aku rasa ini penting kalau mobil sharing atau buat pengaturan sesuai kondisi jalan,,,,,Gemini-API,,,,
UgyPqaQDK3dgIUzaQZ14AaABAg,Vu0ayycGXbI,f92cb15c7f0a57b28375b9792f7faa07e3ce4b42ccfe77c150b48b61b0e773b8,KAPAN MENTAL KITA SAMA ILMU KITA BISA KAYA CHINA. GERCEP DARI NGAK SEMPURNA SAMPAI NO KOMEN 👍🏻,0,2026-04-14T17:51:46Z,2026-04-14T17:51:46Z,2026-09-19T00:23:03.311589+00:00,kapan mental kita sama ilmu kita bisa kaya china. gercep dari ngak sempurna sampai no komen 👍🏻,,,,,Gemini-API,,,,
UgyjnfzntYR8y9VhD-R4AaABAg,Vu0ayycGXbI,085568ff147dedd483196e8af2e842226225f09d5180024675fde4bfc5ab9d19,lama lama mirip sidoel,0,2026-02-24T14:27:04Z,2026-02-24T14:27:04Z,2026-09-19T00:23:04.026610+00:00,lama lama mirip sidoel,,,,,Gemini-API,,,,
Ugwg_HDi0eRDYCLfT8R4AaABAg,Vu0ayycGXbI,2bbdc116143728502d330a28134ac934f5aa4fbe45317e9d49634a9d9549ad17,Setia menanti meski udah 3 bulan lebih. Mobil impiannnn,8,2026-02-23T15:20:32Z,2026-02-23T15:20:32Z,2026-09-19T00:23:03.311589+00:00,setia menanti meski udah 3 bulan lebih. mobil impiann,,,,,Gemini-API,,,,
Ugw-oYCfzljn_VhSF-94AaABAg,Vu0ayycGXbI,b30774b6233c9d1202833894cb7e46f6cde057e83e3a40963c7105a383ad7a54,Bandingin sm mgs 5 ev bang,2,2026-02-23T08:18:13Z,2026-02-23T08:18:13Z,2026-09-19T00:23:04.027191+00:00,bandingin sama mgs 5 ev bang,,,,,Gemini-API,,,,
UgxrogMj37EJJNalNJR4AaABAg,Vu0ayycGXbI,6aeb5b0bfee0ec824cc07cd6dd8d78a9ad5df2c1e5ad795ec6303ac9e1a225a1,"Hujan, power berlebih gk bakal naik😊😊 grip loss",2,2026-02-23T09:33:10Z,2026-02-23T09:33:10Z,2026-09-19T00:23:04.027191+00:00,"hujan, power berlebih tidak bakal naik😊😊 grip loss",,,,,Gemini-API,,,,
UgwWoQw8zcD3L9rkSrx4AaABAg,Vu0ayycGXbI,43ea259dcf7708c058910f8427749ce8f4b5b016d2862020832ee7753a4a1a88,Test kekedapan kabin tekanan ban juga ngaruh kayaknya,0,2026-02-23T09:04:08Z,2026-02-23T09:04:08Z,2026-09-19T00:23:04.027191+00:00,test kekedapan kabin tekanan ban juga ngaruh kayaknya,,,,,Gemini-API,,,,
Ugy8ZTOkUn4PMWiNFrt4AaABAg,Vu0ayycGXbI,ce16d2492c155e894bab3feb8b7cf8278ab78d38cce6ff3faa03f22f9ede61f7,"Selalu ada yg komen; bukan tidak kuat nanjak tapi ban licin/gak dapet traksi/ dll. Ya whatever lah  intinya FWD ada potensi sulit nanjak di kondisi tertentu. Masa harus ganti ban pas habis beli mobil? Atau jangan ke gunung pas habis hujan/ macet stop & go? Jadinya banyak batasan2 kondisi yg kita buat agar bisa nanjak (bukan kuat nanjak). 

Intinya jika mau peace of mind soal nanjak2, tetep RWD opsi terbaik.",1,2026-04-04T00:56:26Z,2026-04-04T00:56:26Z,2026-09-19T00:23:04.027191+00:00,"selalu ada yg komen; bukan tidak kuat nanjak tapi ban licin/gak dapet traksi/ dll. ya whatever lah intinya fwd ada potensi sulit nanjak di kondisi tertentu. masa harus ganti ban pas habis beli mobil? atau jangan ke gunung pas habis hujan/ macet stop & go? jadinya banyak batasan2 kondisi yg kita buat agar bisa nanjak (bukan kuat nanjak). intinya jika mau peace of mind soal nanjak2, tetep rwd opsi terbaik.",,,,,Gemini-API,,,,
UgwpnyWz5u2Wk_pXC8d4AaABAg,Vu0ayycGXbI,f9566c01715ad35ad4b5b8a602f2e9f5224550352d97801b8808acbe014ed90e,Di bali 330jt 😢,0,2026-05-23T07:55:57Z,2026-05-23T07:55:57Z,2026-09-19T00:23:04.027191+00:00,di bali 330jt 😢,,,,,Gemini-API,,,,
UgxixLYN9ef0RM6WJDV4AaABAg,Vu0ayycGXbI,f0cad63ac065ea9f66856b0d4f16b8198359e8f8a1cb99043df4be904e420f1a,mobil gede tapi fwd...ya kelaut aja kalo tanjakan cuy....,0,2026-09-02T15:54:52Z,2026-09-02T15:54:52Z,2026-09-19T00:23:04.027191+00:00,mobil gede tapi fwd..ya kelaut aja kalo tanjakan cuy..,,,,,Gemini-API,,,,
Ugw8Cx0cxMG611CmG5V4AaABAg,Vu0ayycGXbI,62fc80c4d605a2a2588bbb2e6574dec73892274b42fbba8e3eabe1ece789e1fb,ngga bisa nanjak jangan2 ngga ada traction controlnya nih,0,2026-06-10T02:43:55Z,2026-06-10T02:43:55Z,2026-09-19T00:23:04.027191+00:00,tidak bisa nanjak jangan2 tidak ada traction controlnya nih,,,,,Gemini-API,,,,
Ugzy3bQka_QnYrRayyd4AaABAg,Vu0ayycGXbI,3ee0d4ace9e480b8c0c7186918c8d65f092c5b1afa7f6b185e926ccb635911ff,Sudah 1 bulan pemakaian sangat puas dengan mobil ini terbaik jaecoo j5❤,30,2026-02-23T16:43:57Z,2026-02-23T16:43:57Z,2026-09-19T00:23:03.311589+00:00,sudah 1 bulan pemakaian sangat puas dengan mobil ini terbaik jaecoo j5❤,,,,,Gemini-API,,,,
UgyfKGJ1MxDxo65kH8Z4AaABAg,Vu0ayycGXbI,7eca2f05243b2a80db86a5ee1e62d0216dcea2b19e7530650f055c402c9b8047,Bantinganya lebih enak mana dibanding atto1?,0,2026-06-14T13:59:15Z,2026-06-14T13:59:15Z,2026-09-19T00:23:04.027191+00:00,bantinganya lebih enak mana dibanding atto1?,,,,,Gemini-API,,,,
UgweaTNzqlOnS14bKgN4AaABAg,Vu0ayycGXbI,ac7882046e9f24f392087d203c641c26bc4c6122fbbc79e21a563ce01cd9a788,"seandainya ini mobil awd atau rwd XD juara paling top..kalah semua...masak mobilkuat narik wkw..,gpp mobil saya obil lama asal ndorong..",0,2026-02-24T00:30:12Z,2026-02-24T00:30:12Z,2026-09-19T00:23:04.027191+00:00,"seandainya ini mobil awd atau rwd xd juara paling top..kalah semua..masak mobilkuat narik wkw..,gpp mobil saya obil lama asal ndorong..",,,,,Gemini-API,,,,
Ugw34g4iKCdcLJpRNrZ4AaABAg,Vu0ayycGXbI,2c8aceabae194635f786dade93bc13947a7fb14fff417de0b53b51ccf6cef808,Tinggal ganti ban yg ngegripnya bagusan kyknya oke tuh,1,2026-02-23T12:34:56Z,2026-02-23T12:34:56Z,2026-09-19T00:23:04.027191+00:00,tinggal ganti ban yg ngegripnya bagusan kyknya oke tuh,,,,,Gemini-API,,,,
UgwawB2OAGLMwxK5AS14AaABAg,Vu0ayycGXbI,569dccb3cf20039f4f8d24a000d404b3e0900cb6103ced43e4b636fd02c06807,"Mas, untuk kaca film bawaan J5 gimana?
Apakah bagus peredaman panasnya atau sebaiknya diupgrade lagi?
Makasih",0,2026-03-10T08:47:18Z,2026-03-10T08:47:18Z,2026-09-19T00:23:04.027191+00:00,"mas, untuk kaca film bawaan j5 gimana? apakah bagus peredaman panasnya atau sebaiknya diupgrade lagi? makasih",,,,,Gemini-API,,,,
UgwVjFYebO7z2NT84RN4AaABAg,Vu0ayycGXbI,43e27e1af0a7849000579fed76e823e7ce3692e2715cf9a584152ccf0bab7a9c,"Setuju bahwa handle pintunya kurang keren, tapi hidden door handle sudah dilarang pemerintah China karena alasan keselamatan.",1,2026-02-24T13:14:15Z,2026-02-24T13:14:15Z,2026-09-19T00:23:03.311589+00:00,"setuju bahwa handle pintunya kurang keren, tapi hidden door handle sudah dilarang pemerintah china karena alasan keselamatan.",,,,,Gemini-API,,,,
UgyS93PnMEe2pm_cjnx4AaABAg,Vu0ayycGXbI,f3a1dadbebf8fea18a03004c416e9b9af3b28a1125efa93663094073965c9881,Mendingan J5 atau MG 5 EV ?,0,2026-02-23T15:57:01Z,2026-02-23T15:57:01Z,2026-09-19T00:23:04.027191+00:00,mendingan j5 atau mg 5 ev ?,,,,,Gemini-API,,,,
UgwbTCPTti8nBtUZf-94AaABAg,Vu0ayycGXbI,34a0eab85a8e3ddc2038da7f9bd76476e970c0c467d47ce5be93cedd07a8fa71,geely ex2 dong,2,2026-02-23T12:43:53Z,2026-02-23T12:43:53Z,2026-09-19T00:23:04.027191+00:00,geely ex2 dong,,,,,Gemini-API,,,,
Ugzc1vx91nG8wF5XGIp4AaABAg,Vu0ayycGXbI,32b05d2f74c9dcf61b125bc5b25101ba88c06e52e94ca2cc299f2b449b73e644,Insya Allah akan jadi BEV pertama gw. Aamiin.,0,2026-06-17T06:59:38Z,2026-06-17T06:59:38Z,2026-09-19T00:23:03.311589+00:00,insya allah akan jadi bev pertama gw. aamiin.,,,,,Gemini-API,,,,
Ugy9kFXDm3voy-_s9BJ4AaABAg,Vu0ayycGXbI,f42ecf865599b52a665a125c3d21445c362238baa33c8cf44bcc816b914fb1f0,chanel mantep langsung test drive seneng gw sama chanel ini,1,2026-03-29T09:45:59Z,2026-03-29T09:45:59Z,2026-09-19T00:23:03.311589+00:00,chanel mantep langsung test drive seneng gw sama chanel ini,,,,,Gemini-API,,,,
Ugw94xvhmHXaf3SeQk14AaABAg,Vu0ayycGXbI,e09dfdc018d69be9e0aae1e6ed8242ad6ffb285e1c1122c88119b64301fc1455,Harus ganti Ban gak sih berarti kalau berdasarkan 5:02,0,2026-04-03T13:42:46Z,2026-04-03T13:42:46Z,2026-09-19T00:23:04.027191+00:00,harus ganti ban tidak sih berarti kalau berdasarkan 5:02,,,,,Gemini-API,,,,
Ugyw8QGXZ-8z8pi-BzR4AaABAg,Vu0ayycGXbI,33561c1bedc3e0394c47e496d4c4a6bbcc22984bf02e712400a529561d7f6764,"Itu salah banny bukan mobilny yakin gw, resiko ban tipis ya gtu kurang gigit pas nanjak",0,2026-02-23T11:39:59Z,2026-02-23T11:39:59Z,2026-09-19T00:23:04.027191+00:00,"itu salah banny bukan mobilny yakin gw, resiko ban tipis ya gtu kurang gigit pas nanjak",,,,,Gemini-API,,,,
UgyOFc_cWSOv6kk6vD94AaABAg,Vu0ayycGXbI,083f613bdb4f3ee6354a4ed20b1dbe2fd99e6f6cdbc75f0720a882215215dbb6,Memang ada yg standard?,0,2026-02-23T22:43:18Z,2026-02-23T22:43:18Z,2026-09-19T00:23:04.027191+00:00,memang ada yg standard?,,,,,Gemini-API,,,,
Ugz_gdtyBd_vMbxk1V14AaABAg,Vu0ayycGXbI,f40da77f625b3a0a17a8ccdd037ea518fe222c1a755ec3c0c6273a57018f29c9,"mantab, requestan gw di kabulin, ty moladin, masih nunggu wuling darion sama wuling eksion tes tanjaknya gmn 😁",0,2026-02-23T09:13:54Z,2026-02-23T09:13:54Z,2026-09-19T00:23:04.027191+00:00,"mantab, requestan gw di kabulin, ty moladin, masih nunggu wuling darion sama wuling eksion tes tanjaknya gmn 😁",,,,,Gemini-API,,,,
UgzQV3NuiqTgpW65NsB4AaABAg,Vu0ayycGXbI,7928630ff058f4cf9da1a8ea4c03df3434ee7b5cddf79960f2f718d658f0b943,Mobil terkini meminimalkan tombol short cut semua pindah ke layar konsol. Kapan nyetirnya kalo sering lihat monitor. Tak ubahnya pengendara motor sambil mainan hp. Sekarang jamannya nyetir mobil sambil mainan monitor gede di kabin 😢. Berbahaya di trafik Indonesia yg padat.,0,2026-05-01T19:11:42Z,2026-05-01T19:11:42Z,2026-09-19T00:23:04.027191+00:00,mobil terkini meminimalkan tombol short cut semua pindah ke layar konsol. kapan nyetirnya kalo sering lihat monitor. tak ubahnya pengendara motor sambil mainan hp. sekarang jamannya nyetir mobil sambil mainan monitor gede di kabin 😢. berbahaya di trafik indonesia yg padat.,,,,,Gemini-API,,,,
UgzNvV_QkhBdRMbnRZZ4AaABAg,Vu0ayycGXbI,80c77d26ab96eb6f188e7dcfb8065ca2bb57e6048565be691ad518897fbc1867,"kenapa ya mobil listrik tetap memakai penggerak depan, memang mungkin utk menghindari oversteer atau understeer ya, tapi kalau kekuatan nanjak dan manuver tetap lebih bagus penggerak belakang, kecuali utk mobil minyak ya, karna menghindari poros gardan",0,2026-04-12T16:59:01Z,2026-04-12T16:59:01Z,2026-09-19T00:23:04.026610+00:00,"kenapa ya mobil listrik tetap memakai penggerak depan, memang mungkin untuk menghindari oversteer atau understeer ya, tapi kalau kekuatan nanjak dan manuver tetap lebih bagus penggerak belakang, kecuali untuk mobil minyak ya, karna menghindari poros gardan",,,,,Gemini-API,,,,
Ugwu5FSdLHuHQMdOS_Z4AaABAg,Vu0ayycGXbI,64410d8dfee54e46cc3f670d63515b3e9c6643f0674909d3559c65e8f3d78c04,"Presentasi kalian bagus, good2 salam dari bandung",1,2026-03-24T15:40:35Z,2026-03-24T15:40:35Z,2026-09-19T00:23:03.311589+00:00,"presentasi kalian bagus, good2 salam dari bandung",,,,,Gemini-API,,,,
UgwhlWA8Jafb3hx_Ogx4AaABAg,Vu0ayycGXbI,2b29b00eb82bb60ef272efa7cc1889d785a343814a9b48b3146be3121f4fff18,"kalo bisa habis tes"" dikasih leaderboard dongg, biar keliatan diatas apa dibawah mobil apa gt",3,2026-02-23T13:52:29Z,2026-02-23T13:52:29Z,2026-09-19T00:23:03.312129+00:00,"kalo bisa habis tes"" dikasih leaderboard dongg, biar keliatan diatas apa dibawah mobil apa gt",,,,,Gemini-API,,,,
UgyEHXstk4v9PCVt3KV4AaABAg,Vu0ayycGXbI,8bebd5ff584b398baab0a83bbc0134d3aac4b0aeb2508089ccc50b22084d4db3,"Sepeda motor di kemiringan segitu dan jalan basah juga bakal sulit, malah jatuh pwngemudinya.",0,2026-03-03T03:49:39Z,2026-03-03T03:49:39Z,2026-09-19T00:23:03.312129+00:00,"sepeda motor di kemiringan segitu dan jalan basah juga bakal sulit, malah jatuh pwngemudinya.",,,,,Gemini-API,,,,
Ugyx7mtzeXFo0jWe-yx4AaABAg,Vu0ayycGXbI,ac3c6e98c71eb190f424afa1ee59341612fdcb9940a4e99000a56759cc978f19,Kalah di ban,0,2026-02-23T11:08:17Z,2026-02-23T11:08:17Z,2026-09-19T00:23:04.027191+00:00,kalah di ban,,,,,Gemini-API,,,,
UgyO7tI3ZgOiV04LAtB4AaABAg,Vu0ayycGXbI,6614c81a58f83dd5d3f6814bda28ddaece0f73db53c1ff9cf1a920c6f1421d7b,Biar ga licin gimana ya bang? Tips dunk kawan2,0,2026-02-28T07:36:37Z,2026-02-28T07:36:37Z,2026-09-19T00:23:03.312129+00:00,biar tidak licin gimana ya bang? tips dunk kawan2,,,,,Gemini-API,,,,
Ugw5zOmOmP6vyBnTgc54AaABAg,Vu0ayycGXbI,083f613bdb4f3ee6354a4ed20b1dbe2fd99e6f6cdbc75f0720a882215215dbb6,Khusus jalanan kering kalau naik J5,0,2026-02-23T22:48:43Z,2026-02-23T22:48:43Z,2026-09-19T00:23:03.311589+00:00,khusus jalanan kering kalau naik j5,,,,,Gemini-API,,,,
UgznCRnP9XxP-8cRL1B4AaABAg,Vu0ayycGXbI,a817b1b68bb81d018a744dc3da879f30a6ea00c324d945d887c028b86d620466,Akhirnya lama bet uplod,0,2026-02-23T10:43:44Z,2026-02-23T10:43:44Z,2026-09-19T00:23:03.311589+00:00,akhirnya lama bet uplod,,,,,Gemini-API,,,,
Ugxx5eaar_AYCxJx7kR4AaABAg,Vu0ayycGXbI,ca454d0a5bfd25875d58f5bf1bd0c86fce461ec0f0b11c267146a04109d79c0b,Jd gak nyesel ambil tiggo cross csh karena kuat nanjak😂.,0,2026-07-27T06:57:41Z,2026-07-27T06:57:41Z,2026-09-19T00:23:03.311589+00:00,jd tidak nyesel ambil tiggo cross csh karena kuat nanjak😂.,,,,,Gemini-API,,,,
UgwRzsUijIyHanwevvN4AaABAg,Vu0ayycGXbI,6b320b305d26a1414c586b107acab383a2944ce604e846e326257a956b479117,Nunggu sekenny jadi 100 juta br gw beli😂,0,2026-02-27T04:13:50Z,2026-02-27T04:13:50Z,2026-09-19T00:23:03.311589+00:00,nunggu sekenny jadi 100 juta br gw beli😂,,,,,Gemini-API,,,,
UgwU4BQbf0MEjGc_Qw94AaABAg,Vu0ayycGXbI,fabab0920f6b7249b81ecb3ad7c8c33bd6c103cc8bfc0bd8a7cb1d0ce47930be,"Moladin spesialis tanjakan... Btw, itu jalan tanjakan lokasinya dimana ya?",0,2026-04-14T16:47:10Z,2026-04-14T16:47:10Z,2026-09-19T00:23:03.311589+00:00,"moladin spesialis tanjakan.. btw, itu jalan tanjakan lokasinya dimana ya?",,,,,Gemini-API,,,,
UgyfGgniNOdzLOQzXzp4AaABAg,Vu0ayycGXbI,503e40da411fa244399341d1816ffd5677b33ff98d447c57802adb388e7caa73,"Sedih lah buat user user wuling awal2,wkwkwk",0,2026-04-03T09:50:52Z,2026-04-03T09:50:52Z,2026-09-19T00:23:03.311589+00:00,"sedih lah buat user user wuling awal2,wkwkwk",,,,,Gemini-API,,,,
UgyueLALD5kUrT0noXB4AaABAg,Vu0ayycGXbI,51c2b77dd277b7ec0c19ec89cd477e1628e9ccc6f5495bc34901eb6d865c21d2,"Ban bawaannya kek macam ban sabun, licin bgt 😂😂",0,2026-03-18T22:06:43Z,2026-03-18T22:06:43Z,2026-09-19T00:23:03.311589+00:00,"ban bawaannya kek macam ban sabun, licin banget 😂😂",,,,,Gemini-API,,,,
UgwOv2Zn0lF-ABBUuDR4AaABAg,Vu0ayycGXbI,30e3e51ceea24367918cdd1ce200ff3a2817685e0ec5d5a15e45424aee1f2ac6,buset warna item ganteng kali,0,2026-02-23T13:09:48Z,2026-02-23T13:09:48Z,2026-09-19T00:23:03.311589+00:00,buset warna item ganteng kali,,,,,Gemini-API,,,,
Ugww1b7-Xj0OQytay1p4AaABAg,Vu0ayycGXbI,bf1885230be9d35fe39bec5c7f12d305c05b5dd9f4019a4d05e9b80efacc0738,"wajar aja sih kalo FWD, ga kuat di tanjakan moladin kalo untuk stop and go, tapi turunan pasti joss ... 😂",7,2026-02-23T14:07:13Z,2026-02-23T14:07:13Z,2026-09-19T00:23:03.311589+00:00,"wajar aja sih kalo fwd, tidak kuat di tanjakan moladin kalo untuk stop and go, tapi turunan pasti joss .. 😂",,,,,Gemini-API,,,,
UgzjkGuqBDzPNdGwJ4B4AaABAg,Vu0ayycGXbI,5653d17568167ed224cf1c742772c440084a067f5c1ce4e2dac8e68250d00f4d,"Alhamdulillah spk 5 nov warna hijau baru dpt didelivery kmrn tgl 21 feb, gak sia2 nunggu 3 bulan lebih 😁",8,2026-02-23T16:57:29Z,2026-02-23T16:57:29Z,2026-09-19T00:23:03.311589+00:00,"alhamdulillah spk 5 nov warna hijau baru dapat didelivery kmrn tgl 21 feb, tidak sia2 nunggu 3 bulan lebih 😁",,,,,Gemini-API,,,,
UgxLAoFhj7l2FuI4Qe14AaABAg,Vu0ayycGXbI,84a8da1e5d8fafd4924af36c9ef0f5a1a9a3970c734a9e875cfd5426da93c68f,firstttt,2,2026-02-23T08:01:41Z,2026-02-23T08:01:41Z,2026-09-19T00:23:03.311589+00:00,firstt,,,,,Gemini-API,,,,
UgzQWvgvz1CNmrp_0TB4AaABAg,Vu0ayycGXbI,38613fb127b6eddb63eb544c5159f096f0d57231a553567911694a50f422f8dd,Suruuh lengkapin ban serepnya bang 😂😂😂,0,2026-03-31T21:16:23Z,2026-03-31T21:16:23Z,2026-09-19T00:23:03.311589+00:00,suruuh lengkapin ban serepnya bang 😂😂,,,,,Gemini-API,,,,
UgztiWGYtm7ofx5bkDp4AaABAg,Vu0ayycGXbI,8bebd5ff584b398baab0a83bbc0134d3aac4b0aeb2508089ccc50b22084d4db3,"Kasih pasir atuh atau datang waktu kering. 

Tes moladin utk tanjakan paling top.",0,2026-06-15T02:44:16Z,2026-06-15T02:44:16Z,2026-09-19T00:23:03.311589+00:00,kasih pasir atuh atau datang waktu kering. tes moladin untuk tanjakan paling top.,,,,,Gemini-API,,,,
Ugx7wEkcy_SwU_fIrBt4AaABAg,Vu0ayycGXbI,2984ca68728baab3a260b31d84ed30a37cc2c017ae730c7dc2d625d1b6fb7166,"cloud ev dnk bang, coba tes nanjak juga 👍",0,2026-02-24T22:57:05Z,2026-02-24T22:57:05Z,2026-09-19T00:23:03.311589+00:00,"cloud ev dnk bang, coba tes nanjak juga 👍",,,,,Gemini-API,,,,
Ugw8Vyt80tQ4U16bZrJ4AaABAg,Vu0ayycGXbI,0e5fd8e70f97c94fa3b8d10df58a1a45789fdfcce1eb1e51c050a11b6f9597d3,riview lx 700h bg,1,2026-03-02T17:40:57Z,2026-03-02T17:40:57Z,2026-09-19T00:23:03.311589+00:00,riview lx 700h bg,,,,,Gemini-API,,,,
UgzPciwBRyGiPTJuTzt4AaABAg,Vu0ayycGXbI,d19b745e36f25c7295efe14bf182cd66fab83daf1d0540a96c06e0c35c074fc9,"Bang tolong bikin komparasi CR-V, Tiguan All-space, X-trail dan Mazda CX-8 dong pls",0,2026-02-23T08:36:44Z,2026-02-23T08:36:44Z,2026-09-19T00:23:03.311589+00:00,"bang tolong bikin komparasi cr-v, tiguan all-space, x-trail dan mazda cx-8 dong pls",,,,,Gemini-API,,,,
Ugw7n8cHIMbxf2lpckh4AaABAg,Vu0ayycGXbI,c1cbd4092604f72ec7cd69abc19b1c6adfc05479dc1ec1d1142b47d6a83bc1f0,Tanjakan kering aja pasti slip apalagi basah. Ada ada aja moladin.🤣🤣,0,2026-02-27T09:51:17Z,2026-02-27T09:51:17Z,2026-09-19T00:23:03.311589+00:00,tanjakan kering aja pasti slip apalagi basah. ada ada aja moladin.🤣🤣,,,,,Gemini-API,,,,
Ugw3bQ4Q3TJt3-ib1EF4AaABAg,Vu0ayycGXbI,14dc7fa4ba8ee24287dcb5841f63aa0cb26341a9e863d1afcba0e87dc5e37021,nungguin tes nyebur jurang,0,2026-05-26T21:19:26Z,2026-05-26T21:19:26Z,2026-09-19T00:23:03.311589+00:00,nungguin tes nyebur jurang,,,,,Gemini-API,,,,
Ugy2SyG82tD9atGD1xt4AaABAg,Vu0ayycGXbI,59dc3e7e6b88c3ed81e660f922c68e8f5369708ea6a9c102c091becd6a730540,ADAKAH DISINI YANG NELEN LUDAH GARA GARA BELI WULING ALVEZ ATAU MEREK LAIN TERUS LIHAT INI ? WKWKWK,1,2026-03-02T01:45:22Z,2026-03-02T01:45:22Z,2026-09-19T00:23:03.311589+00:00,adakah disini yang nelen ludah gara gara beli wuling alvez atau merek lain terus lihat ini ? wkwkwk,,,,,Gemini-API,,,,
UgzsVdwo-_Qv_sJiZ7h4AaABAg,Vu0ayycGXbI,2f419551fcd0f1c76a343b5fcc5c633efdf73acd406a69042a5dda6f0f3a7919,riview full dong termasuk nanjak full tiggo 8 csh FWD,0,2026-02-24T13:21:17Z,2026-02-24T13:21:56Z,2026-09-19T00:23:03.311589+00:00,riview full dong termasuk nanjak full tiggo 8 csh fwd,,,,,Gemini-API,,,,
Ugz7WlFJxvq3zn1Yu7F4AaABAg,Vu0ayycGXbI,e35fb1d1edf39548407c25772a3ed1a7fa567ae2abdf27aa3069a30fa8128910,saya kirain itu range Rover Evoque taunya jaecco j5,1,2026-02-23T08:06:25Z,2026-02-23T08:06:25Z,2026-09-19T00:23:03.311589+00:00,saya kirain itu range rover evoque taunya jaecco j5,,,,,Gemini-API,,,,
UgwiTOnL4Gd1FE3P-yp4AaABAg,Vu0ayycGXbI,703ff2155148845bb4cabd39f142576e97d2c04fd98de4a4bb9e9d4061e5576b,D tunggu bnget review mobil MGS 5 ev bang,0,2026-04-30T15:33:17Z,2026-04-30T15:33:17Z,2026-09-19T00:23:03.311589+00:00,d tunggu bnget review mobil mgs 5 ev bang,,,,,Gemini-API,,,,
Ugw3-Mirywjtps1k7Kd4AaABAg,Vu0ayycGXbI,69a393578045780d0400821b5a3ec0bf3ece00b38fd50445f49e71275047a6df,"Ban standard bawaan nya, kurang mencengkram permukaan jalan beraspal.",2,2026-05-12T07:15:05Z,2026-05-12T07:15:05Z,2026-09-19T00:23:03.311589+00:00,"ban standard bawaan nya, kurang mencengkram permukaan jalan beraspal.",,,,,Gemini-API,,,,
UgzJ9NjBXTi5yFNiujt4AaABAg,Vu0ayycGXbI,642579504f34dfcd1659adb62acdeab69cbff7384ce6ff8acc0c6917684f460a,"Kalo mau fair, semua mobil yang di tes nanjak sama om aladin pada saat jalanan basah gini, karena kemungkinan kita terjebak macet di jalanan tanjakan kan memungkinkan banget",0,2026-02-23T13:35:11Z,2026-02-23T13:35:11Z,2026-09-19T00:23:03.311589+00:00,"kalo mau fair, semua mobil yang di tes nanjak sama om aladin pada saat jalanan basah gini, karena kemungkinan kita terjebak macet di jalanan tanjakan kan memungkinkan banget",,,,,Gemini-API,,,,
UgzaKSngGQixwE7jQhV4AaABAg,Vu0ayycGXbI,dca071b364d213082ebd68609cdf71cfe38253a1f8010e00d5e5c368246092f2,Sholawatin dulu aja insya Allah beli,0,2026-02-23T14:03:02Z,2026-02-23T14:03:02Z,2026-09-19T00:23:03.311589+00:00,sholawatin dulu aja insya allah beli,,,,,Gemini-API,,,,
UgwN-QaMB_uD2GPn7W54AaABAg,Vu0ayycGXbI,baf9119b6c00940578833343d06118eeaa0c24d53d32754c2c0dcc1138d7949a,4:19 itu licin ban..di ridwan hanif nanjak extreem kuat kok,12,2026-02-23T22:07:52Z,2026-02-23T22:07:52Z,2026-09-19T00:23:03.311589+00:00,4:19 itu licin ban..di ridwan hanif nanjak extreem kuat kok,,,,,Gemini-API,,,,
UgyzT9JVUcnkT7S2R8J4AaABAg,Vu0ayycGXbI,3452018c9dd36e65ab0e410ffbd9081ed04aed7a373a09e16cfb9307f5ae75e3,Next tes kia carens,0,2026-02-23T15:00:59Z,2026-02-23T15:00:59Z,2026-09-19T00:23:03.311589+00:00,next tes kia carens,,,,,Gemini-API,,,,
Ugyk_pFAvWIINR1mcCN4AaABAg,Vu0ayycGXbI,ee0937e665bae590cd83d68e8332b5ff234040552b2d2927845fa5dd79239268,Rame pasti ini,1,2026-02-23T11:02:58Z,2026-02-23T11:02:58Z,2026-09-19T00:23:03.311589+00:00,rame pasti ini,,,,,Gemini-API,,,,
UgwBmMujnx7_srVFLhp4AaABAg,Vu0ayycGXbI,0d55da8ef80a0ffd24d35727f1b2d4cbc48dc4cf86e914cba54bc49b5d12129d,"Bukan ga kuat nanjak, tapi ban selip. 5:09",5,2026-02-25T14:20:56Z,2026-02-25T14:20:56Z,2026-09-19T00:23:03.312129+00:00,"bukan tidak kuat nanjak, tapi ban selip. 5:09",,,,,Gemini-API,,,,
Ugxyg4OWqH7ht5PenCd4AaABAg,Vu0ayycGXbI,0e013f6e64ccd2ad26d8cd5db0f1de84cf3e16ae699225d5647f08c4aceb14d6,😂😂😂😂 bahya jg klw hujan,0,2026-04-26T02:27:45Z,2026-04-26T02:27:45Z,2026-09-19T00:23:03.312129+00:00,😂😂 bahya jg klw hujan,,,,,Gemini-API,,,,
Ugw-zGBlt_OfZpOPmxB4AaABAg,Vu0ayycGXbI,fab84586a03e4dd071d9c980ff8670a316adb26940caa274652460cac57b8df0,Sikat dlu itu lumutnya bang 😂,13,2026-02-23T11:07:51Z,2026-02-23T11:07:51Z,2026-09-19T00:23:03.312129+00:00,sikat dlu itu lumutnya bang 😂,,,,,Gemini-API,,,,
UgxuWQrY7pdjSL9C6gl4AaABAg,Vu0ayycGXbI,8051eb1c3c3f7c76cb6e4df46e937386683d448d6d4b4931b97cab59e939597d,Bang mobil merk JAElani ada kaga yak??😂,0,2026-04-14T12:38:03Z,2026-04-14T12:38:03Z,2026-09-19T00:23:03.312129+00:00,bang mobil merk jaelani ada kaga yak??😂,,,,,Gemini-API,,,,
UgywIPqpH-0xR48BJ7l4AaABAg,Vu0ayycGXbI,4ed60f986f44bc44eb2ae820f254811ea055c00fea53df594ae9ef6d07f9c842,"waduh kacau, masih mendingan atto 1 pas nanjak",1,2026-02-23T22:45:39Z,2026-02-23T22:45:39Z,2026-09-19T00:23:03.312129+00:00,"waduh kacau, masih mendingan atto 1 pas nanjak",,,,,Gemini-API,,,,
UgwkDKPBdnzkKa3vAzd4AaABAg,Vu0ayycGXbI,65f1efff7ddc97dd8b6d8edd291a0165cdc7c71a4bcf9323e3d654e6e22add07,Mesin Omoda E5 dipakein rangka ala2 range rover jadilah jeku j5🎉,1,2026-02-23T11:15:02Z,2026-02-23T11:15:02Z,2026-09-19T00:23:03.312129+00:00,mesin omoda e5 dipakein rangka ala2 range rover jadilah jeku j5🎉,,,,,Gemini-API,,,,
UgzoLPrem5lec6SIG454AaABAg,Vu0ayycGXbI,ad057c4de319be107967f312615602ed1081795fefd4bce9b46c606979b3028e,Fix bawa ini mobil cuma buat di kota aja + ga pake gmaps 😂,0,2026-02-23T17:08:50Z,2026-02-23T17:08:50Z,2026-09-19T00:23:03.312129+00:00,fix bawa ini mobil cuma buat di kota aja + tidak pakai gmaps 😂,,,,,Gemini-API,,,,
UgyxFYuPl3ZKq_g2WR54AaABAg,Vu0ayycGXbI,5363882a7d9976f262dc632bf5f1a2f683c470dd6a86e97a475c3f01226bb145,Nungguin Moladin test MG S5 EV yg baru launching dengan motor listrik di belakang alias RWD,32,2026-02-23T11:15:37Z,2026-02-23T11:15:37Z,2026-09-19T00:23:03.311589+00:00,nungguin moladin test mg s5 ev yg baru launching dengan motor listrik di belakang alias rwd,,,,,Gemini-API,,,,
Ugzx0sIIAeA5ErgiuOZ4AaABAg,Vu0ayycGXbI,33284f515bb254fcdb3d222baa36e70c8dd6a1accd2845d978873174b4d45c87,"Kok kayak patah patah video nya yah bang  ? 

Atau hp ku

Ehehhehhe


SEMOGA BISA BELI JAECOO J5 TAHUN INI YAA ALLAH

AAMIIN YAA ALLAH

DAN JUGA KALIAN SEMOGA JUGA BISA BELI TAHUN INI JAECOO J5 EV",0,2026-02-23T13:40:28Z,2026-02-23T13:40:28Z,2026-09-19T00:23:03.312129+00:00,kok kayak patah patah video nya yah bang ? atau hp ku ehehhehhe semoga bisa beli jaecoo j5 tahun ini yaa allah aamiin yaa allah dan juga kalian semoga juga bisa beli tahun ini jaecoo j5 ev,,,,,Gemini-API,,,,
UgwJbKjFLyJuxLblgUl4AaABAg,Vu0ayycGXbI,47e3f7e749a3096dc26b9612e6a9adc189c9f576292187c6611abb570ecc44d2,yahh apes tes waktu hujan 😂,3,2026-02-23T09:01:08Z,2026-02-23T09:01:08Z,2026-09-19T00:23:03.312129+00:00,yahh apes tes waktu hujan 😂,,,,,Gemini-API,,,,
Ugx5DtZnkHlavdgjr7F4AaABAg,Vu0ayycGXbI,cebfea725443fe619c77104ef25f8bebe7a6be0a6c162ee8180e78b91fa5f19b,ban nya bpjs,5,2026-02-23T13:30:07Z,2026-02-23T13:30:07Z,2026-09-19T00:23:03.312129+00:00,ban nya bpjs,,,,,Gemini-API,,,,
UgwYlnRmw2DKGejxy5l4AaABAg,Vu0ayycGXbI,7aec3d707436bbe75979a9f15dd2895f747d6ec32d70ab72826374602349181a,"Jalan licin, ban juga model keras, gimana mau dapat traksi 😂. untung aja traction controlnya canggih.",0,2026-03-30T13:01:23Z,2026-03-30T13:01:23Z,2026-09-19T00:23:03.312129+00:00,"jalan licin, ban juga model keras, gimana mau dapat traksi 😂. untung aja traction controlnya canggih.",,,,,Gemini-API,,,,
UgzqKiLnxm6gG-ISyIt4AaABAg,Vu0ayycGXbI,8ece713a550f073e9b52c67c76fce368f468b1cb00c6b3d900fc51e2bf050114,Gawat mundur bisa nabrak yg dibelakang,2,2026-04-11T18:07:47Z,2026-04-11T18:07:47Z,2026-09-19T00:23:03.312129+00:00,gawat mundur bisa nabrak yg dibelakang,,,,,Gemini-API,,,,
UgxXor-QiCG3HnGXjWt4AaABAg,Vu0ayycGXbI,ceee829c2d87c349e88892ef6e3babaa514179fe36c420020425331e15d03a43,"Powernya gila nih mobil, tapi traksinya yang kurang buat tanjakan ekstrim",0,2026-07-28T20:58:16Z,2026-07-28T20:58:16Z,2026-09-19T00:23:03.311589+00:00,"powernya gila nih mobil, tapi traksinya yang kurang buat tanjakan ekstrim",,,,,Gemini-API,,,,
UgywOFZ86LcYXwhkJaV4AaABAg,Vu0ayycGXbI,627969ab00945c8568c4d49d18e501fd082d318e17a3a8c0756760d20583f585,"299 JT, Big batre, kulkas, kasur, mesin kopi, magic jar, mesin cuci, 😊",0,2026-04-09T23:42:35Z,2026-04-09T23:42:35Z,2026-09-19T00:23:03.312129+00:00,"299 jt, big batre, kulkas, kasur, mesin kopi, magic jar, mesin cuci, 😊",,,,,Gemini-API,,,,
UgwJu_KC63wGVNo_oxF4AaABAg,Vu0ayycGXbI,ee0f54ef17e97471fa3bbc8bcfd63ee38a06199a0af91f82e08acc032fccae91,d gmap bakalan muncul tanjakan moladin,0,2026-04-05T07:11:58Z,2026-04-05T07:11:58Z,2026-09-19T00:23:03.312129+00:00,d gmap bakalan muncul tanjakan moladin,,,,,Gemini-API,,,,
UgxlrLn_wCI_ikxvd3h4AaABAg,Vu0ayycGXbI,b19a24e62a83d309a621d6c0eb3507c281ca911db0e9fffcaf8f66d85c03805e,Rekomen donk. Ganti ban apa y yg gripnya ok,0,2026-04-13T07:30:48Z,2026-04-13T07:30:48Z,2026-09-19T00:23:03.312129+00:00,rekomen donk. ganti ban apa y yg gripnya ok,,,,,Gemini-API,,,,
UgwKW0rDidm-zPF3TN54AaABAg,Vu0ayycGXbI,9c670002ab9841feb3e8be2f2e58a2ba043f9dd81f895408faf1c7f76ad41e70,Kerennnn..Moladin keren mksd gw😂..terbukti FWD nya EV ya begitulah 😅..coba berikutnya tes MGS 5 yg RWD jamin  beda banget hasilnya penasaran mau liat,0,2026-03-16T09:22:04Z,2026-03-16T09:22:04Z,2026-09-19T00:23:03.311589+00:00,kerenn..moladin keren mksd gw😂..terbukti fwd nya ev ya begitulah 😅..coba berikutnya tes mgs 5 yg rwd jamin beda banget hasilnya penasaran mau liat,,,,,Gemini-API,,,,
UgyhXQiZEd76kp4c8Ad4AaABAg,Vu0ayycGXbI,88545f6645d6c311034f8fba2b3beeecf0c700ad28ec95b2235c3fa5ff486f16,Masalah fwd yg normal sulit naik dari diam walau tenaga gaban,6,2026-02-23T12:31:29Z,2026-02-23T12:31:29Z,2026-09-19T00:23:03.311589+00:00,masalah fwd yg normal sulit naik dari diam walau tenaga gaban,,,,,Gemini-API,,,,
Ugx5aHKmcnwXz5kO9s14AaABAg,Vu0ayycGXbI,c2774b1b10bd5a25dac6676f95bfe97601e9c09fc2742646cb9d758ceddb0648,"Moladin coba test mobil citycar 2000an dong kek visto, Atoz,karimun kotak,starlet buat used car sama test konsumsi bbm",1,2026-02-24T13:02:12Z,2026-02-24T13:02:12Z,2026-09-19T00:23:03.311589+00:00,"moladin coba test mobil citycar 200an dong kek visto, atoz,karimun kotak,starlet buat used car sama test konsumsi bbm",,,,,Gemini-API,,,,
UgwfbutAiPcbMcQ7-WF4AaABAg,Vu0ayycGXbI,1b68fb5fc669bfd3b88b7c56bcc1dbfd75b5f08e6883695a4bd9183433c73723,"Masa karena hujan jadi ga bisa yakali ges, ini mobil bukan buat orang panikan",0,2026-02-24T04:07:01Z,2026-02-24T04:07:39Z,2026-09-19T00:23:03.311589+00:00,"masa karena hujan jadi tidak bisa yakali ges, ini mobil bukan buat orang panikan",,,,,Gemini-API,,,,
Ugw0miRIUCDwST8zS8N4AaABAg,Vu0ayycGXbI,44dec211f2ab2ac48c51e18d613e0f559186d5482f9b71ea19fbeef47f9339d9,Yg bikin atto1 ketar ketir😅😅😅,4,2026-02-23T10:13:09Z,2026-02-23T10:13:09Z,2026-09-19T00:23:03.311589+00:00,yg bikin atto1 ketar ketir😅😅,,,,,Gemini-API,,,,
Ugx-GrT2o7kpPf-1wD14AaABAg,Vu0ayycGXbI,acd76fcbcbf1c8a05bbe051a41adcf53facbcdb6326ddd86c300cdbcf0d47fbe,Fix cancel pesan jaeeco j5 EV due to FWD 😂,1,2026-04-22T03:45:53Z,2026-04-22T03:45:53Z,2026-09-19T00:23:03.311589+00:00,fix cancel pesan jaeeco j5 ev due to fwd 😂,,,,,Gemini-API,,,,
UgxTie0nsFl9a0pjZkB4AaABAg,Vu0ayycGXbI,1ad70d4bab7b7fadffaea4a224d2250c4fe05c4a17fb46a6dc9c1fbf8194432d,saat riview tes sound juga dong...,0,2026-03-06T06:34:38Z,2026-03-06T06:34:38Z,2026-09-19T00:23:03.311589+00:00,saat riview tes sound juga dong..,,,,,Gemini-API,,,,
UgwkWh_hPMYnDro942p4AaABAg,Vu0ayycGXbI,9a0d183c5fa22a0332c3431791705a05fa94e5c9acce45f26f5e119fca7804e4,"buat ulang dong, pas jalan kering",0,2026-05-25T05:01:23Z,2026-05-25T05:01:23Z,2026-09-19T00:23:03.311589+00:00,"buat ulang dong, pas jalan kering",,,,,Gemini-API,,,,
UgzxdC3wGrFyA__M96d4AaABAg,Vu0ayycGXbI,6b7667c5ae79ccc6cf190351f35023b2caf0be7310cc87d083249ea6304874bb,23:43 muncul penampakan diatas sunroof😂😂😂,19,2026-02-23T23:17:05Z,2026-02-23T23:17:05Z,2026-09-19T00:23:03.311589+00:00,23:43 muncul penampakan diatas sunroof😂😂,,,,,Gemini-API,,,,
Ugx_i6BuXiTp_-x1oFZ4AaABAg,Vu0ayycGXbI,645ba6c8643e5c347cf412dc563f8fb7935250b1bed0ccc04690611e85330a07,Masih gaib gak nih?,0,2026-02-25T18:15:41Z,2026-02-25T18:15:41Z,2026-09-19T00:23:04.027191+00:00,masih gaib tidak nih?,,,,,Gemini-API,,,,
UgxcJYjCqcUdHaq5j-t4AaABAg,A9niV2791gs,fcc29e1f3b1fbe1c4ff77c367d8753b03c9bb0bce0d97868f7afa96345cf77ec,Jaikuuu bulan jaekoo mase😂,0,2026-01-26T00:23:52Z,2026-01-26T00:23:52Z,2026-09-19T00:23:04.831717+00:00,jaikuu bulan jaekoo mase😂,,,,,Gemini-API,,,,
Ugz7ClD_WxX_Xq7guJF4AaABAg,Vu0ayycGXbI,b7abaa99989bcfa567357416407952f14dff009212f787183fb7069f077bcbc4,"Dipake diderah pegunungan aman ga bang?
Mo beli jadi mikir2 lagi kalo ky gitu, apalagi tempat ane sering ujan dan jalanan naik turun.",0,2026-02-23T08:56:59Z,2026-02-23T08:56:59Z,2026-09-19T00:23:04.671044+00:00,"dipake diderah pegunungan aman tidak bang? mo beli jadi mikir2 lagi kalo ky gitu, apalagi tempat ane sering ujan dan jalanan naik turun.",,,,,Gemini-API,,,,
UgzceHK9XewbWHi8kx94AaABAg,A9niV2791gs,26693b56d442f043add22de0025899d8cb706e00afa20fe4848cbfe95aea1b12,Bacanya Jaeku,2,2026-01-23T04:01:04Z,2026-01-23T04:01:04Z,2026-09-19T00:23:04.831083+00:00,bacanya jaeku,,,,,Gemini-API,,,,
Ugz5_GDf0rM_UtpJBmZ4AaABAg,A9niV2791gs,6674f0faa92fb9731a7052821ff9a2e5bd6ac7a7178a2d63de16f5a75d013a5b,Biar nggak nyundul² bisa di aktifin auto hold,0,2026-01-25T13:19:18Z,2026-01-25T13:19:18Z,2026-09-19T00:23:04.831083+00:00,biar tidak nyundul² bisa di aktifin auto hold,,,,,Gemini-API,,,,
Ugz8lapCE2D0d_75QxJ4AaABAg,A9niV2791gs,450546c0266e202c52622cfb751cd6cb6db22118afbadb08b832c8608d4cda14,Mobil Lustrik sejuta umat😂,0,2026-01-22T23:04:34Z,2026-01-22T23:04:34Z,2026-09-19T00:23:04.831083+00:00,mobil lustrik sejuta umat😂,,,,,Gemini-API,,,,
UgwgyVD02WbWKGYGfLR4AaABAg,Bx-XDBdN7nA,1a804fc6ba611194df2c902d69d90b5d2965b4bdb93f251a19ea031964460029,"Jalanan indonesia nanti jadi banyak mobil china deh,, bikin jalan buat cina kita",0,2025-11-16T07:07:38Z,2025-11-16T07:07:38Z,2026-09-19T00:23:03.105243+00:00,"jalanan indonesia nanti jadi banyak mobil china deh,, bikin jalan buat cina kita",,,,,Gemini-API,,,,
UgxOqGCPLsBqzUVPWZB4AaABAg,A9niV2791gs,ccc064a34a58c351a0eb8ec71ffacbddf603125b5864dc1ea4b2f2af9ec22da4,"dari channel besar otomotif d yutube ga ada yg bahas janji spk , lunas dl br antar unit.",1,2026-01-23T03:50:09Z,2026-01-23T03:50:09Z,2026-09-19T00:23:04.831083+00:00,"dari channel besar otomotif d yutube tidak ada yg bahas janji spk , lunas dl br antar unit.",,,,,Gemini-API,,,,
Ugy74NSXutZqPMKCGcR4AaABAg,Bx-XDBdN7nA,e947f0861c010a89eb6da54156b386e7c971d17ae9fe734b436b1e05c085b3c4,😂😂😂 mantap semua akan China pada Waktunya 🙃🙃🙃,0,2026-03-21T09:13:03Z,2026-03-21T09:13:03Z,2026-09-19T00:23:03.105243+00:00,😂😂 bagus semua akan china pada waktunya 🙃🙃,,,,,Gemini-API,,,,
UgxGWFYcFPrNi8Dnlmp4AaABAg,Bx-XDBdN7nA,e64bf73e4164de73e42f6cf777ee5eb7fbc27316ce22c89b6ee0f19fae2f5a7a,"mobil dobol, gk ada kejelasan, malah katanya mau ada kenaikan, akhirnya saya batalkan SPK saya",0,2025-12-13T15:04:44Z,2025-12-13T15:04:44Z,2026-09-19T00:23:03.105243+00:00,"mobil dobol, tidak ada kejelasan, malah katanya mau ada kenaikan, akhirnya saya batalkan spk saya",,,,,Gemini-API,,,,
UgxVIqFYXBj6-Bapb4t4AaABAg,A9niV2791gs,c7c681b3f8d183d6742fdeae3ccf629f176e03cc2cbbb8c332f1c77df6e294b5,"Setuju sama yang bagian layar instrumen, kena downgrade jadi layar kalkulator, padahal yg versi luar dapat full screen",0,2026-01-26T04:30:01Z,2026-01-26T04:30:01Z,2026-09-19T00:23:04.831083+00:00,"setuju sama yang bagian layar instrumen, kena downgrade jadi layar kalkulator, padahal yg versi luar dapat full screen",,,,,Gemini-API,,,,
UgyyovBHc5LywHGvD0R4AaABAg,A9niV2791gs,04ec6acfc115bb6566a451b103defe4b7acee59ac8d99ec63ac6670470fa85f8,12:55 torque steering lebih tepat.,0,2026-01-27T12:39:04Z,2026-01-27T12:39:04Z,2026-09-19T00:23:04.831083+00:00,12:55 torque steering lebih tepat.,,,,,Gemini-API,,,,
UgzpUjuadc7NN_SdDSV4AaABAg,A9niV2791gs,93d9d42006853e2d19dd6953eb6f7b4cfdc9328dc2ca8944c487b61ca41bb631,"Ada Plakat prasasti dinasty Ming ukuran 13"" di tengah .... 😮😮",3,2026-01-23T13:50:52Z,2026-01-23T13:50:52Z,2026-09-19T00:23:04.831083+00:00,"ada plakat prasasti dinasty ming ukuran 13"" di tengah .. 😮😮",,,,,Gemini-API,,,,
UgxegqXqz0zVUEh0uwZ4AaABAg,A9niV2791gs,d3ddb389a640c23657e07655bb39e9bbd79eeafc0c9f1c47e5569729efeef763,"Waah ini bisa jd ngeri jg ya torsi yg tinggi, terutama klo driver cewek atau emak-emak yg gk hati-hati, salah bejek bisa celaka😅",7,2026-01-24T08:50:00Z,2026-01-24T08:50:00Z,2026-09-19T00:23:04.831083+00:00,"waah ini bisa jd ngeri jg ya torsi yg tinggi, terutama kalau driver cewek atau emak-emak yg tidak hati-hati, salah bejek bisa celaka😅",,,,,Gemini-API,,,,
Ugzxz6jQSZxuVEVx-RB4AaABAg,A9niV2791gs,37771243e959aae40d50b0799babca9160fbe9d8f731fef76c9b22057eb6ae45,"Sabar nunggu seken nya, amin😊",1,2026-01-25T00:07:38Z,2026-01-25T00:07:38Z,2026-09-19T00:23:04.831083+00:00,"sabar nunggu seken nya, amin😊",,,,,Gemini-API,,,,
UgwvRz7x6piZ716CA0l4AaABAg,Bx-XDBdN7nA,6d4d219e503b9ff134a80301fb01c7a0d73652b60d932c3908c6e0b791110928,Mobil listrik si wajar  harganya murah. Bahkan semua bengkel bisa buat mobil listrik. Tinggal beli modul batterai dinamo penggerak ya suda jadi mobilnya. Sangat jau berbeda dgn mobil mesin yg dibuai dgn penggerak fosil yg rumit  dan mahal serta membutukan materilan dan industri canggi serta pengetahuan tinggi baru bisa buat mesin.,0,2025-11-17T14:11:13Z,2025-11-17T14:11:13Z,2026-09-19T00:23:03.105243+00:00,mobil listrik si wajar harganya murah. bahkan semua bengkel bisa buat mobil listrik. tinggal beli modul batterai dinamo penggerak ya suda jadi mobilnya. sangat jau berbeda dengan mobil mesin yg dibuai dengan penggerak fosil yg rumit dan mahal serta membutukan materilan dan industri canggi serta pengetahuan tinggi baru bisa buat mesin.,,,,,Gemini-API,,,,
UgwyCOKv2bM2-XlQsrZ4AaABAg,A9niV2791gs,dfe3d3c09719d843df67b707501b54865ebb083694d7b50884d6ec0e7e86e1e9,Bravo jeco vs byd,2,2026-01-23T13:00:55Z,2026-01-23T13:00:55Z,2026-09-19T00:23:04.831083+00:00,bravo jeco vs byd,,,,,Gemini-API,,,,
UgwoZxCk5mz18FpT3zh4AaABAg,A9niV2791gs,aee03aac215567aba86c10966a9f4f8a24eed31db550363223316f9011566c89,"Walau tunggu lama dikit, tapi worth it dari segi performa(over power utk berat mobilnya) , kenyamanan cukup baik. Utk mid sized suv sangat memuaskan kalau dibanding dgn kelas mid sized auv japan yg jauh boros dan mahal operadional. Saya tunggu hampir 2 bulan Barusan dapat. Kalau di pikirkan produsen mobil tidaklah gampang seperti bikin martabak. Keluarin model sampai siap jualan perlu biaya dan tenaga masif yg saling dukung sampai siap di rumah pembeli.",4,2026-01-23T01:38:07Z,2026-01-23T01:38:07Z,2026-09-19T00:23:04.831083+00:00,"walau tunggu lama dikit, tapi layak it dari segi performa(over power untuk berat mobilnya) , kenyamanan cukup baik. untuk mid sized suv sangat memuaskan kalau dibanding dengan kelas mid sized auv japan yg jauh boros dan mahal operadional. saya tunggu hampir 2 bulan barusan dapat. kalau di pikirkan produsen mobil tidaklah gampang seperti bikin martabak. keluarin model sampai siap jualan perlu biaya dan tenaga masif yg saling dukung sampai siap di rumah pembeli.",,,,,Gemini-API,,,,
UgwBl_NdpIssoIZ_spd4AaABAg,A9niV2791gs,7283276aee16937dd6bf20be284aff07a71e891edebb403723c0530a8552639c,Mkasih mocin biar mobil jepang sadar,4,2026-02-19T16:15:10Z,2026-02-19T16:15:28Z,2026-09-19T00:23:04.831083+00:00,mkasih mocin biar mobil jepang sadar,,,,,Gemini-API,,,,
UgxEGgtVBE3rQKoWBo94AaABAg,Bx-XDBdN7nA,9ed276475069348b0a7a36c8e984b04b17f2ab9667def697e727a521dbcec4b7,Kenapa ga di buat 3 baris... dari dimensi nya bisa,0,2025-11-16T06:47:16Z,2025-11-16T06:47:16Z,2026-09-19T00:23:03.105243+00:00,kenapa tidak di buat 3 baris.. dari dimensi nya bisa,,,,,Gemini-API,,,,
Ugzew9KFk8mI1ADk0Dd4AaABAg,A9niV2791gs,70f20a33e7fd5c5d04b8b1067362f7fc81799d90a6c06882cb9b9f68471db09f,Value for money,1,2026-01-23T09:22:08Z,2026-01-23T09:22:08Z,2026-09-19T00:23:04.831083+00:00,value for money,,,,,Gemini-API,,,,
UgyJP9L8BTz5Z6C1RHF4AaABAg,A9niV2791gs,0f3e67823b3a28ebe62cd2a0386933c6880249e230adeed0cd417d8d5983a278,Sangat sangat Menarique,0,2026-03-06T07:46:46Z,2026-03-06T07:46:46Z,2026-09-19T00:23:04.831083+00:00,sangat sangat menarique,,,,,Gemini-API,,,,
Ugw7ctJYxdo2RkCsHfl4AaABAg,A9niV2791gs,1515913cffc0a806b4071284c2ad83f6aa188eddc97cde43a4c391e2146ebeb1,"Asik memang mobil ini, yg belum dapat sabar aja ya...",8,2026-01-23T02:58:04Z,2026-01-23T02:58:04Z,2026-09-19T00:23:04.831083+00:00,"asik memang mobil ini, yg belum dapat sabar aja ya..",,,,,Gemini-API,,,,
UgzJCn_5xUhdzCT_GuF4AaABAg,A9niV2791gs,2ea00634333a9f27a56d95fa09648673bae6156d4d42815114c5d770add59c66,asli mobil ini keren... udah liat langsung d jalanan udah ada yg bawa,10,2026-01-23T06:55:39Z,2026-01-23T06:55:39Z,2026-09-19T00:23:04.831083+00:00,asli mobil ini keren.. udah liat langsung d jalanan udah ada yg bawa,,,,,Gemini-API,,,,
UgzlWpx5swYkSebxqWx4AaABAg,Bx-XDBdN7nA,9f801d896038b39c5c44c779ebf96674f212075322210cc99e270fd7548c5ec7,Semua akan China pada waktunya.,0,2025-11-21T17:56:36Z,2025-11-21T17:56:36Z,2026-09-19T00:23:03.105243+00:00,semua akan china pada waktunya.,,,,,Gemini-API,,,,
UgyP6KYQQZ6jfDuyX4F4AaABAg,Bx-XDBdN7nA,cd7cb6b387dbbf49d13b5a58e8b145692cb180009627155d9378c6638e7462a1,Di jual kembali paling sisa 100jt....,1,2025-11-16T05:44:58Z,2025-11-16T05:44:58Z,2026-09-19T00:23:03.105243+00:00,di jual kembali paling sisa 100jt..,,,,,Gemini-API,,,,
UgwfQywiSjWRWSybALp4AaABAg,Vu0ayycGXbI,78261613b01742d271fd566fa8edc9f4082b8fc8976a5f7d2bcb9203ed0eac75,cupu,0,2026-02-24T08:04:15Z,2026-02-24T08:04:15Z,2026-09-19T00:23:04.671044+00:00,cupu,,,,,Gemini-API,,,,
UgxvM8kr0bxSGqvBn_l4AaABAg,Vu0ayycGXbI,ae4ce6a823176617a00a0402843abbc02787f82af736427a83e0a4e4f49ff296,"gini nih kualitas reviewer lokal, di tiongkok dibuat rules untuk aman pake handle pintu yang normal malah duo huruf O ini pilih handle pintu yang pop out yang ga aman. dikasih bagus malah dibilang terlalu mewah, dungu banget",1,2026-02-23T12:41:49Z,2026-02-23T12:44:18Z,2026-09-19T00:23:04.671044+00:00,"gini nih kualitas reviewer lokal, di tiongkok dibuat rules untuk aman pakai handle pintu yang normal malah duo huruf o ini pilih handle pintu yang pop out yang tidak aman. dikasih bagus malah dibilang terlalu mewah, dungu banget",,,,,Gemini-API,,,,
UgxqcV6ll3QWvjYIf4p4AaABAg,A9niV2791gs,2216703923d69c6e1174533abb7ddc4a85327f8dd08990a81ab4c8d97c57f93d,Sodara saya sudah SPK ga Dateng Dateng 😅,1,2026-01-23T05:59:12Z,2026-01-23T05:59:12Z,2026-09-19T00:23:04.831083+00:00,sodara saya sudah spk tidak dateng dateng 😅,,,,,Gemini-API,,,,
UgxBYM6_unRsD8odZDt4AaABAg,Bx-XDBdN7nA,1b01d129fa6bc220c77a90d11153fe2edeb4e8be98e2c74a9767dd4bade92a8a,Semua akan China pada waktunya eaaa eaaaa,0,2025-11-20T05:06:25Z,2025-11-20T05:06:25Z,2026-09-19T00:23:03.105243+00:00,semua akan china pada waktunya eaa eaa,,,,,Gemini-API,,,,
UgxsL4PacQ5Y7zUF4Y54AaABAg,Bx-XDBdN7nA,90bbb69b97e789fcc02605ad48f1ecc2cdc7aad6356016b168be9255e5593329,Ini cod ato CBU ya?,0,2025-11-16T07:16:24Z,2025-11-16T07:16:24Z,2026-09-19T00:23:03.105243+00:00,ini cod ato cbu ya?,,,,,Gemini-API,,,,
UgwMc4lCgIPE3BknjjV4AaABAg,Bx-XDBdN7nA,c85c92da9e679d940cc0978d3a9ca040592ba0b8e2dc4b5a8a7461d7690fba0c,Semua akan china pada waktunya,1,2025-11-17T03:09:23Z,2025-11-17T03:09:23Z,2026-09-19T00:23:02.435533+00:00,semua akan china pada waktunya,,,,,Gemini-API,,,,
UgylvMfx6LyUB552C4l4AaABAg,A9niV2791gs,334c01d33b11201676293411e96ce521d589cee8dd2519ee0544499db1db41cc,kurang? tinggal beli powerbank,0,2026-03-27T00:17:15Z,2026-03-27T00:17:15Z,2026-09-19T00:23:04.831717+00:00,kurang? tinggal beli powerbank,,,,,Gemini-API,,,,
UgwoRhF7iBxUyscYrCd4AaABAg,A9niV2791gs,c0552e98b392d0dcc79b25faf106611f51d5b394823abc37f608136c05eba5c9,Makin kesini makin mirip sama esemka... hampir ghoib,7,2026-01-22T18:21:14Z,2026-01-22T18:21:14Z,2026-09-19T00:23:04.831717+00:00,makin kesini makin mirip sama esemka.. hampir ghoib,,,,,Gemini-API,,,,
UgzPY2yoTb3S7F0XAdR4AaABAg,A9niV2791gs,5c5a9967fecc5a59e51bada38c8dd3101e05f8f311d539866eb0ae5ab061236c,"Kirain cuma hp china aja yang bisa ghoib, ternyata mobil china juga bisa ghoib. Dimainin sama tengkulak kah?? 😂",0,2026-01-27T05:06:59Z,2026-01-27T05:06:59Z,2026-09-19T00:23:04.831717+00:00,"kirain cuma hp china aja yang bisa ghoib, ternyata mobil china juga bisa ghoib. dimainin sama tengkulak kah?? 😂",,,,,Gemini-API,,,,
UgzAVdSaH7kizLywRIx4AaABAg,A9niV2791gs,c8b5d97a87513c208d788f02dbc78881ec2893ca727f0e7e6dfa28715e78b04b,"Mobil antrian membludak, rakitan jadi kewalahan sampe dirakit di pabrik Mercedes. Siap2 early batch banyak cacat pabrikan karena buru2. Segitu worth kah?",0,2026-01-24T07:53:19Z,2026-01-24T07:53:19Z,2026-09-19T00:23:04.831717+00:00,"mobil antrian membludak, rakitan jadi kewalahan sampe dirakit di pabrik mercedes. siap2 early batch banyak cacat pabrikan karena buru2. segitu layak kah?",,,,,Gemini-API,,,,
Ugw9WCDpH43_byYlxCJ4AaABAg,A9niV2791gs,21f4fa40575d60a8b8067f9f4765e42cd57630321eb90e93d4595b5436d0b8fd,"Saya tertarik dg unit J5.
Dimana saya bisa membeli.",2,2026-01-23T03:21:01Z,2026-01-23T03:21:01Z,2026-09-19T00:23:04.831717+00:00,saya tertarik dg unit j5. dimana saya bisa membeli.,,,,,Gemini-API,,,,
UgwijxNH_sXSy8dF2oN4AaABAg,Bx-XDBdN7nA,4f1e42ab88930de423c7b9ec1f7973cfb83741d94488e3a818d434b3e8eeb08b,Dapet wal carger ga ya ?,0,2025-11-16T16:29:02Z,2025-11-16T16:29:02Z,2026-09-19T00:23:02.435533+00:00,dapet wal carger tidak ya ?,,,,,Gemini-API,,,,
Ugyn7pmn4ebhvsu9pqR4AaABAg,Bx-XDBdN7nA,18fdcb176acfa3e73cc09890c3e1a4a4883c6d67bfd2d3e9165126c991159007,"Liat layar speedonya jadi agak off, ga dapet yg full colour kaya versi UK atau Aussie.",0,2025-11-16T11:09:44Z,2025-11-16T11:09:44Z,2026-09-19T00:23:02.435533+00:00,"liat layar speedonya jadi agak off, tidak dapet yg full colour kaya versi uk atau aussie.",,,,,Gemini-API,,,,
UgzJO0wiX4Fr76ad2V14AaABAg,A9niV2791gs,dbcb359d26f3f25d02ec1a060111e3537969779ec59e0a432b752d0af550d360,Ga worth buat ditunggu lebih dari 3 minggu 🙈,0,2026-01-23T14:03:06Z,2026-01-23T14:03:06Z,2026-09-19T00:23:04.831083+00:00,tidak layak buat ditunggu lebih dari 3 minggu 🙈,,,,,Gemini-API,,,,
Ugx1ulu2rv0Xl6v7HaR4AaABAg,A9niV2791gs,8fd7064e3f72689ce4d581f00781ec81ba38848926086c01df9d75eacdf033e3,300jt kurang 100rb😂😂😂,0,2026-01-23T06:02:57Z,2026-01-23T06:02:57Z,2026-09-19T00:23:04.831083+00:00,300jt kurang 100rb😂😂,,,,,Gemini-API,,,,
UgyY_9YzA5rAVzfGAPZ4AaABAg,A9niV2791gs,6c18ba560a7fc297c3709719d362db36e1643bdc728bbf47864f84240a7e88c1,SEANDAINYA ADA YG VERSI 3 BARIS/7 SEATERS PASTI LEBIH LAKU LAGI.........,4,2026-01-24T11:14:39Z,2026-01-24T11:14:39Z,2026-09-19T00:23:04.831083+00:00,seandainya ada yg versi 3 baris/7 seaters pasti lebih laku lagi..,,,,,Gemini-API,,,,
UgyanTblHgwk9jb0nCB4AaABAg,A9niV2791gs,8a7a914698f7478c9a1feec83a293ce3ff1951a7b09dcdc1835f68eacfa375d6,audionya kira kira perlu di upgrade tidak?,0,2026-02-22T04:24:06Z,2026-02-22T04:24:06Z,2026-09-19T00:23:04.831083+00:00,audionya kira kira perlu di upgrade tidak?,,,,,Gemini-API,,,,
UgzFJhIDEGAeUPXH1Jt4AaABAg,Bx-XDBdN7nA,f9566c01715ad35ad4b5b8a602f2e9f5224550352d97801b8808acbe014ed90e,"Kalau beli honda dapet brio rs
Kalau beli toyota daoet agya gr 
🤣🤣🤣",0,2026-04-24T10:22:56Z,2026-04-24T10:22:56Z,2026-09-19T00:23:02.435533+00:00,kalau beli honda dapet brio rs kalau beli toyota daoet agya gr 🤣🤣,,,,,Gemini-API,,,,
UgxSmta1SuRbuCEmk094AaABAg,Bx-XDBdN7nA,5a366b503ec35408df6b8ad82911f5e369806b6e43c90f32b6e31d4a2a19f9db,"God created the world,
everything else is made in china 😂😂😂",1,2025-11-16T10:27:19Z,2025-11-16T10:27:19Z,2026-09-19T00:23:03.098248+00:00,"god created the world, everything else is made in china 😂😂",,,,,Gemini-API,,,,
UgwJFjEvRM0hSlM3ETp4AaABAg,A9niV2791gs,bf6fe33b3cffdb6607ff8abf27356123ae92ffa8f128b2c74906069f19a5120b,3 baris lebih enak,0,2026-01-23T10:26:47Z,2026-01-23T10:26:47Z,2026-09-19T00:23:04.831083+00:00,3 baris lebih enak,,,,,Gemini-API,,,,
UgzUeMSFjabS0tLPoC14AaABAg,A9niV2791gs,b317fcb7f581444251bba105f4e909b353d4c9e6f2eb0f5e9e48f72ea3f88798,mirip dfsk 560,0,2026-02-16T03:57:28Z,2026-02-16T03:57:28Z,2026-09-19T00:23:04.831083+00:00,mirip dfsk 560,,,,,Gemini-API,,,,
Ugx1UuzM8e8rgbjhT1B4AaABAg,A9niV2791gs,962f6b2b53457c23303c750318f6e7e8a650d065a573df7b2e3d0446d9608b9f,Kaki2 dan racksteer gmn y? Smg ada ulasannya 6 bulan lg,0,2026-02-16T08:53:03Z,2026-02-16T08:53:03Z,2026-09-19T00:23:04.831083+00:00,kaki2 dan racksteer gmn y? smg ada ulasannya 6 bulan lagi,,,,,Gemini-API,,,,
UgyhJzHGDE88bZChfKB4AaABAg,A9niV2791gs,2a8555ac765e8e6bf92181b3640b96e731749ca77974a2930c7e09208412e848,Konsumsi listrik sy liat mayan jg ya,0,2026-03-25T03:27:13Z,2026-03-25T03:27:13Z,2026-09-19T00:23:04.831083+00:00,konsumsi listrik sy liat mayan jg ya,,,,,Gemini-API,,,,
Ugw92UFnuqgYf53I9RZ4AaABAg,Bx-XDBdN7nA,5daa4165a1a8551626bbabc06c11c997f7997390b3646323266cd08fa81e0738,Sudah telat belum? diskonnya sudah habiskah 😢,0,2025-11-16T06:40:25Z,2025-11-16T06:40:25Z,2026-09-19T00:23:02.435533+00:00,sudah telat belum? diskonnya sudah habiskah 😢,,,,,Gemini-API,,,,
UgzZgHnWHfDTLmKIS7V4AaABAg,A9niV2791gs,ed1e59792f8458324c05a039808811ee01f1ae44da57ecdce7b6ddc819e6c4ac,Set ganti ke eco mode saja. Jadi lbh gak loncat pas lepas gas?,1,2026-01-31T04:40:14Z,2026-01-31T04:40:14Z,2026-09-19T00:23:04.831083+00:00,set ganti ke eco mode saja. jadi lbh tidak loncat pas lepas gas?,,,,,Gemini-API,,,,
UgzoNJmd9wLQoFoKZVF4AaABAg,A9niV2791gs,3ba12baa8311270bc8ae5b998e27ccb2f7bd71c57a72bf50ff220697e6ebbc6c,bang coba di challenge bawa dari jakarta ke palembang bang,0,2026-01-25T17:23:10Z,2026-01-25T17:23:10Z,2026-09-19T00:23:04.831083+00:00,bang coba di challenge bawa dari jakarta ke palembang bang,,,,,Gemini-API,,,,
UgzbXTS1cVpeNMHtxG14AaABAg,A9niV2791gs,369559d5ce01f1f624c6b77f13ca81889918080e875f1b9075524f86cb870c15,"sedikit info, layar instrument (MID) J5 indonesia itu beda dgn yg versi eropa, jadi kayak spec down, bandingin aja dgn review2 J5 UK",0,2026-01-26T09:05:42Z,2026-01-26T09:05:42Z,2026-09-19T00:23:04.831083+00:00,"sedikit info, layar instrument (mid) j5 indonesia itu beda dengan yg versi eropa, jadi kayak spec down, bandingin aja dengan review2 j5 uk",,,,,Gemini-API,,,,
UgxdkBWlMK0K8-5DlyZ4AaABAg,A9niV2791gs,8bbdb5828e75519de82d753f00222d443c3b5e0ff90a25d6657a2a514d604cd4,Jaecoo dibacanya bukan jaeko tapi JAEKU om hehehe,2,2026-01-23T01:58:41Z,2026-01-23T01:58:41Z,2026-09-19T00:23:04.831083+00:00,jaecoo dibacanya bukan jaeko tapi jaeku om hehehe,,,,,Gemini-API,,,,
UgzkB02dKspVFJp9cmB4AaABAg,A9niV2791gs,823e602f8d6ef0b38e3314446af80c8a3791a36c6783d6ebb5fa95b2d3ab5e87,Minusnya cuma satu : ga sampai sampai mobilnya 😂,68,2026-01-22T15:17:45Z,2026-01-22T15:17:45Z,2026-09-19T00:23:04.831083+00:00,minusnya cuma satu : tidak sampai sampai mobilnya 😂,,,,,Gemini-API,,,,
Ugz6krmKZ2_ibpdhP5h4AaABAg,A9niV2791gs,294f75ac43e9ffd588c5916490ea8d60e2e87202561575f435f593befa11d3f5,Yg jelas2 ready stock ya merk Chery j5,0,2026-02-01T05:42:12Z,2026-02-01T05:42:12Z,2026-09-19T00:23:04.831083+00:00,yg jelas2 ready stock ya merk chery j5,,,,,Gemini-API,,,,
UgzOlDr1hi7AE4f9TJh4AaABAg,Vu0ayycGXbI,2cb065b4b36b10a647c5a1148b58fde60757f7c494fa45a8f3f5bd5b4b066421,Yg beli atto1 dan binguo cuma bengong aja😂😂 itulah resiko mochin,0,2026-02-23T10:31:31Z,2026-02-23T10:31:31Z,2026-09-19T00:23:04.671044+00:00,yg beli atto1 dan binguo cuma bengong aja😂😂 itulah resiko mochin,,,,,Gemini-API,,,,
Ugy0lMAoQh_jPsDGrq94AaABAg,Vu0ayycGXbI,905be429b0ff74c18f663bb07130dedfeae5d3752f9bf70c187cbc5b92c155ae,Knp sulit nanjak?,1,2026-02-23T08:17:26Z,2026-02-23T08:17:26Z,2026-09-19T00:23:04.671044+00:00,knp sulit nanjak?,,,,,Gemini-API,,,,
UgwyLKB2M40bRlABDO14AaABAg,Vu0ayycGXbI,431ca6809545477b6cb22bb86b87d7614c037b2154aeaddfb9289419e23b0b74,Ban harus ganti,2,2026-02-23T10:34:48Z,2026-02-23T10:34:48Z,2026-09-19T00:23:04.027191+00:00,ban harus ganti,,,,,Gemini-API,,,,
Ugzz3mBhHmRuQkuq6mB4AaABAg,Vu0ayycGXbI,cdcf43d5e13f1c7e436c1635ccf678480f763d27965862ffb6791d6b29fb38b6,Bagus mana sama mgs5?,1,2026-02-23T08:24:06Z,2026-02-23T08:24:06Z,2026-09-19T00:23:04.671044+00:00,bagus mana sama mgs5?,,,,,Gemini-API,,,,
Ugz4jULS0Jnu10zTj7Z4AaABAg,Bx-XDBdN7nA,a8ada60f818c25df5397ca9cf82d257fb7953f8dbf4100bdaa410541bf071f62,"Desain mobilnya jelek, memang toyota lebih bagus desainnya",0,2025-11-16T05:51:38Z,2025-11-16T05:51:38Z,2026-09-19T00:23:03.106249+00:00,"desain mobilnya jelek, memang toyota lebih bagus desainnya",,,,,Gemini-API,,,,
UgxoMz3qErUrTF74wxN4AaABAg,Vu0ayycGXbI,7e6f777e46b1e8ffd177ce9df235ca2a8e1a761bd5900314aec6e0320040571e,Untung gak jadi SPK mobil ini..,0,2026-02-25T20:55:38Z,2026-02-25T20:55:38Z,2026-09-19T00:23:04.671044+00:00,untung tidak jadi spk mobil ini..,,,,,Gemini-API,,,,
Ugz4UMjrUVT_2jv2y9Z4AaABAg,Vu0ayycGXbI,7c261ffb15a0fbffc45a21c3b3a8e76ef423c457894b3201537310e86cbc8774,sayang belum ada mobil ev yang awd depan motor inruner belakang pakai dual hub motor itu akan berguna buat nanjak dan jalan tanah berlumpur,0,2026-04-05T08:10:08Z,2026-04-05T08:11:17Z,2026-09-19T00:23:04.671044+00:00,sayang belum ada mobil ev yang awd depan motor inruner belakang pakai dual hub motor itu akan berguna buat nanjak dan jalan tanah berlumpur,,,,,Gemini-API,,,,
UgyXd-9TNjtIhXAZvBt4AaABAg,Vu0ayycGXbI,4b851f69f0b7408520c549df6d79cb7239fb05f2e156e9ff6713d3ed50722e00,Handle Pintu pop up kalo ga salah udah ga dibolehin di China sejak 2026. Perhatiin aja mbil China yang baru2 juga dah ga pake model pop up. CMIWW,0,2026-05-04T06:17:12Z,2026-05-04T06:17:12Z,2026-09-19T00:23:04.671044+00:00,handle pintu pop up kalo tidak salah udah tidak dibolehin di china sejak 2026. perhatiin aja mbil china yang baru2 juga dah tidak pakai model pop up. cmiww,,,,,Gemini-API,,,,
UgzuFuhY58QSpLbVdft4AaABAg,Vu0ayycGXbI,89cc2b385a1b0239c66ff0d9be899288180801b7ed2582ebcfcf5adf3ec85c9e,"Ac mau di atur dingin atau ga nya ga ga ngaruh, itu ev😂. Kecuali pake mesin iya😅",10,2026-02-23T09:20:13Z,2026-02-23T13:09:10Z,2026-09-19T00:23:04.671044+00:00,"ac mau di atur dingin atau tidak nya tidak tidak ngaruh, itu ev😂. kecuali pakai mesin iya😅",,,,,Gemini-API,,,,
UgxEimquKqSljPmZzaZ4AaABAg,Vu0ayycGXbI,f5b63d21a680257b8a9401ad2d3cbc6da4f4590a855f0d61c2735fb5181a6ef4,Malu sama geely ex2,2,2026-02-23T12:25:52Z,2026-02-23T12:25:52Z,2026-09-19T00:23:04.671044+00:00,malu sama geely ex2,,,,,Gemini-API,,,,
UgyERpAzYUpmjOCdUEB4AaABAg,Vu0ayycGXbI,5d67abaacc731eff8bb0189406c41ae50583ac29e312443a91d02a970bf36a65,"Diet broo, diettt",0,2026-04-07T05:16:41Z,2026-04-07T05:16:41Z,2026-09-19T00:23:04.027753+00:00,"diet broo, diett",,,,,Gemini-API,,,,
UgxFOLtIlgQOYavSZqd4AaABAg,Vu0ayycGXbI,f32c68d1d0cca500728564a8f5a662422f837448e8e08bbc8795dbf3fdaad81e,"Mobil fwd ngak usah tes nanjak dari diam di saat jalanan basah om. Sudah pasti hasilnya jelek semua. Kalo tetap tes, hasilnya ngak objektif",1,2026-02-28T05:00:22Z,2026-02-28T05:00:22Z,2026-09-19T00:23:04.027753+00:00,"mobil fwd ngak usah tes nanjak dari diam di saat jalanan basah om. sudah pasti hasilnya jelek semua. kalo tetap tes, hasilnya ngak objektif",,,,,Gemini-API,,,,
UgxK_eXiWzNOjo49U3d4AaABAg,Vu0ayycGXbI,c08776c9c0507fa39e25f3e8eacf845667b1dd154932802f171a3fc47658fe3e,Di ganjal batu dulu,9,2026-02-23T08:44:24Z,2026-02-23T08:44:24Z,2026-09-19T00:23:04.027753+00:00,di ganjal batu dulu,,,,,Gemini-API,,,,
UgyF6VlY1Dt_ckSTZvh4AaABAg,Vu0ayycGXbI,408d0c8d485e04dd8f020d2abcd9f9dfe518b4b7f0b5224406a3d2eee3212e6a,300 gak kuat nanjak bjir🤣 mending geely ex2,0,2026-02-25T01:43:41Z,2026-02-25T01:43:41Z,2026-09-19T00:23:04.027753+00:00,300 tidak kuat nanjak bjir🤣 lebih baik geely ex2,,,,,Gemini-API,,,,
UgxhcSK9KNY4xDsr_Jd4AaABAg,Vu0ayycGXbI,5af5d8a75ea40a2f46147cfd784062664f429c6bd13aa1e2f14a5788e3b0752a,"coba diversus Omoda E5 dong, speknya mirip2 kan ya",0,2026-02-23T09:31:11Z,2026-02-23T09:31:11Z,2026-09-19T00:23:04.027753+00:00,"coba diversus omoda e5 dong, speknya mirip2 kan ya",,,,,Gemini-API,,,,
UgyKW5lZmuacn_MPcf94AaABAg,Vu0ayycGXbI,cfa559fa0364ea534b9cc0e5832ba00ee554e48e5658fa4a71236c5f5251bf0f,Kemaren udh pernah dites moladin ditanjakan sini nanjak kok cek aj videonya.. tp kondisi kering.. ini sih licin bgt sama ky kondisi pas ngtes honda stepwagon jg susah nanjak harus 2x nyoba,0,2026-02-24T09:34:00Z,2026-02-24T09:35:22Z,2026-09-19T00:23:04.027753+00:00,kemaren sudah pernah dites moladin ditanjakan sini nanjak kok cek aj videonya.. tapi kondisi kering.. ini sih licin banget sama ky kondisi pas ngtes honda stepwagon jg susah nanjak harus 2x nyoba,,,,,Gemini-API,,,,
UgxmfVGxZWB_BwHoqFN4AaABAg,Vu0ayycGXbI,6a9ec12716e37d3f002c77f2a38799e1b91db99a2bafb822f1f619a16fb3b2d4,"ganti ban-nya... jelek itu ban-nya, bukan mobilnya ",2,2026-02-23T08:56:55Z,2026-02-23T08:56:55Z,2026-09-19T00:23:04.027753+00:00,"ganti ban-nya.. jelek itu ban-nya, bukan mobilnya",,,,,Gemini-API,,,,
UgxPlkdYZxXKxyHC_Rx4AaABAg,Vu0ayycGXbI,8580dc9e0d0229783fe1d5fd12616dad139d49ef64c12cab8192a9917fc66189,"jadi pengen ganti ini,
Mobil listrik ga ada yang di buat RWD ya.., 
Mengingat jalanan blusukan di indonesia banyak naik turun dan kadang gerimis/hujan.",0,2026-04-09T03:51:32Z,2026-04-09T03:51:32Z,2026-09-19T00:23:04.027753+00:00,"jadi pengen ganti ini, mobil listrik tidak ada yang di buat rwd ya.., mengingat jalanan blusukan di indonesia banyak naik turun dan kadang gerimis/hujan.",,,,,Gemini-API,,,,
UgyxvJlimkKRKrEw0HB4AaABAg,Vu0ayycGXbI,c8fce1074c5443365d2006f3052b07a5650e85978a8a11d56909b4676cce0678,Kalau traksi hilang coba stir diputar belok,0,2026-03-24T01:14:28Z,2026-03-24T01:14:28Z,2026-09-19T00:23:04.027753+00:00,kalau traksi hilang coba stir diputar belok,,,,,Gemini-API,,,,
Ugwt4JE9kvblJBz8QyZ4AaABAg,Vu0ayycGXbI,1d1e1ffd5d6010d7d291df3ca8ebab6790c2c258d455bda5cea6a783f919d8b2,Anda membeli mobil listrik berarti memilih tidak terpengaruh gonjang ganjing minyak dunia akibat perang di timur Tengah dan negara Latin,0,2026-03-04T16:03:36Z,2026-03-04T16:03:36Z,2026-09-19T00:23:04.027753+00:00,anda membeli mobil listrik berarti memilih tidak terpengaruh gonjang ganjing minyak dunia akibat perang di timur tengah dan negara latin,,,,,Gemini-API,,,,
UgyrFI4KiYA9AjEMfJ94AaABAg,Vu0ayycGXbI,ce95c8f128042e0f234d3abb0ccc9a6ce6bd1ae509f83d91afb1b0cca24ef29d,Geely ex2 vs Jaeeco J5,2,2026-02-23T10:38:17Z,2026-02-23T10:38:17Z,2026-09-19T00:23:04.027753+00:00,geely ex2 vs jaeeco j5,,,,,Gemini-API,,,,
UgymLTj1flAGrZZqQdB4AaABAg,Vu0ayycGXbI,c54e3fdbcb437fec032b2633b4710fc7f1c5fe46f6f1f740ee848561a0ce8bed,ban nya merk giti p10 memang rada licin sih di jalan basah,28,2026-02-23T10:21:13Z,2026-02-23T10:21:13Z,2026-09-19T00:23:04.027753+00:00,ban nya merk giti p10 memang rada licin sih di jalan basah,,,,,Gemini-API,,,,
Ugyl9vVUqvw1sqNEi_Z4AaABAg,Vu0ayycGXbI,37c2a28f81258ff96c81aa7bb447625216d9bf50f5edbc1840ad91f15dc22c2d,"kalau tes tanjakan, saya pasti mampir ke Moladin ehehee
channel mainstream soalnya ga ngadain tes ginian, heran.

good job moladin team, selalu istiqomah",39,2026-02-25T01:39:28Z,2026-02-25T01:39:28Z,2026-09-19T00:23:03.311589+00:00,"kalau tes tanjakan, saya pasti mampir ke moladin ehehee channel mainstream soalnya tidak ngadain tes ginian, heran. good job moladin team, selalu istiqomah",,,,,Gemini-API,,,,
Ugzda4OUpzzRzA_ixRZ4AaABAg,Vu0ayycGXbI,6c65d2e110d521bb658e7e55b978e673901f60f153abdf13d396b576b5e40f0c,Kalau mobil bensin atau diesel SUV biasa yg bukan 4wd apa akan slip juga? Di kondisi yg sama?,0,2026-07-18T11:33:10Z,2026-07-18T11:33:10Z,2026-09-19T00:23:04.027753+00:00,kalau mobil bensin atau diesel suv biasa yg bukan 4wd apa akan slip juga? di kondisi yg sama?,,,,,Gemini-API,,,,
UgyNz8bNvJglzwdFYll4AaABAg,Vu0ayycGXbI,5c550ccae7e9148c57e8b2ef8795e544ebc1e41c9ca056bda2dd335b90c0326b,299jt masih harus bayar laen laen lagi. Trus blom dapet wall charger. Barang ghoib. Ya emang kudu sabar2 yg beli ini.,0,2026-03-04T00:03:14Z,2026-03-04T00:03:14Z,2026-09-19T00:23:04.027753+00:00,299jt masih harus bayar laen laen lagi. trus blom dapet wall charger. barang ghoib. ya emang kudu sabar2 yg beli ini.,,,,,Gemini-API,,,,
UgwrTlVtD7829eUXn2h4AaABAg,Vu0ayycGXbI,22e659b65c97f731d92e560e25f3dddb8eec2f798732b2445deb38d01310bcaa,Ban nya terlalu cupu 😂,0,2026-02-26T11:09:54Z,2026-02-26T11:09:54Z,2026-09-19T00:23:04.027753+00:00,ban nya terlalu cupu 😂,,,,,Gemini-API,,,,
UgzfXd_MPY_iNXy6F1h4AaABAg,Vu0ayycGXbI,2bfcc0b1f40473dcb049880c5938eadf11df6f8bc88734c204f3bd998a2da914,"kameramen depan di suruh turun dulu deh , berat juga itu bobotnya 😂",0,2026-02-23T12:06:57Z,2026-02-23T12:06:57Z,2026-09-19T00:23:04.027753+00:00,"kameramen depan di suruh turun dulu deh , berat juga itu bobotnya 😂",,,,,Gemini-API,,,,
Ugzz_vjZW4L6LSO88vx4AaABAg,Vu0ayycGXbI,7d672168adfbf60af76bd2e6378e4975a86b4b4f22d8209d119a9e151adc6a7a,gw udah pesen avanza hybrid jadi nyesel liat ini. jauh bgt bedanya 😢,0,2026-02-26T09:31:32Z,2026-02-26T09:31:32Z,2026-09-19T00:23:04.027753+00:00,gw udah pesen avanza hybrid jadi nyesel liat ini. jauh banget bedanya 😢,,,,,Gemini-API,,,,
Ugxhf7sHNC1XK_O82n14AaABAg,Vu0ayycGXbI,5209858d79b03e4dc0fcee3cf3f104043d9cd2d3b02a69148c175449a155dd98,324jt.. masih okelah,0,2026-09-17T04:19:17Z,2026-09-17T04:19:17Z,2026-09-19T00:23:04.027191+00:00,324jt.. masih okelah,,,,,Gemini-API,,,,
Ugx1YA0TAictmCCJIBN4AaABAg,Vu0ayycGXbI,5b7bf91c91eff0a30e15b30722bffea9b347824a2b07175aba228663ca75f61b,"wajib ganti ban sih itu, bannya nggak mampu dapet grip dengan power sebesar itu",1,2026-02-23T09:40:40Z,2026-02-23T09:40:40Z,2026-09-19T00:23:04.671044+00:00,"wajib ganti ban sih itu, bannya tidak mampu dapet grip dengan power sebesar itu",,,,,Gemini-API,,,,
UgxlioLzKeRveE9X1Dx4AaABAg,Vu0ayycGXbI,3fa9ac1e6fff75e4e49265c43d800d5b68c4617b9514cf9e498960be2f4b585a,Harus dikempesin ban nya,3,2026-02-23T13:16:38Z,2026-02-23T13:16:38Z,2026-09-19T00:23:04.671044+00:00,harus dikempesin ban nya,,,,,Gemini-API,,,,
UgwF6MLTUf2Bg2mNEg54AaABAg,Vu0ayycGXbI,53b7745e8350d292577e98514daa127a112949ab6d3b6ec39313d071bcb11c0c,Mau dapat barangnya?? DP sekarang dapatnya juni😂😅😂😅😂😅😂,1,2026-02-23T12:18:43Z,2026-02-23T12:18:43Z,2026-09-19T00:23:04.671044+00:00,mau dapat barangnya?? dp sekarang dapatnya juni😂😅😂😅😂😅😂,,,,,Gemini-API,,,,
UgyAcXg7Rg2fseMGwet4AaABAg,Vu0ayycGXbI,b353c08052620fcad320ff77d42a8d9d8593210e271cd3ac876241162cc98b4f,Padahal sdh pake ban GitiControl p10 khusus traksi,0,2026-02-23T09:47:18Z,2026-02-23T09:47:18Z,2026-09-19T00:23:04.671044+00:00,padahal sudah pakai ban giticontrol p10 khusus traksi,,,,,Gemini-API,,,,
UgzS6j3qQtidwz-qeqR4AaABAg,Vu0ayycGXbI,836d36526a2a37657698bcb9222d952169960cc8e20deb02306d990759d46caa,"PR pertama berarti, ganti ban",1,2026-02-23T08:32:19Z,2026-02-23T08:32:19Z,2026-09-19T00:23:04.671044+00:00,"pr pertama berarti, ganti ban",,,,,Gemini-API,,,,
UgyJYi8ZByc99ulHcoF4AaABAg,Vu0ayycGXbI,3649c1265252cecc5a920639d05d8cb0424a3835f3d734cb581f94162900c119,"mantab, mobil impian, bisa nanjak. tinggal pasang jok belakang tambahan. maklum orang indo, 7 seat lebih baik walaupun nda kepake. hahaha. power najaknya dapet, tinggal kempesin ban",0,2026-02-24T02:12:45Z,2026-02-24T02:12:45Z,2026-09-19T00:23:04.671044+00:00,"mantab, mobil impian, bisa nanjak. tinggal pasang jok belakang tambahan. maklum orang indo, 7 seat lebih baik walaupun nda kepake. hahaha. power najaknya dapet, tinggal kempesin ban",,,,,Gemini-API,,,,
UgwvQH8TmWPULv0cutl4AaABAg,Bx-XDBdN7nA,41221edaf4bede4636db451c88bfc2760b2b790856443745552c9fe0e1186552,Mobil paling edan tahun ini 👍,0,2025-11-22T06:16:23Z,2025-11-22T06:16:23Z,2026-09-19T00:23:03.106249+00:00,mobil paling edan tahun ini 👍,,,,,Gemini-API,,,,
Ugz4xnsxCnr6pkNJx7t4AaABAg,Vu0ayycGXbI,f58ff386a5ca6dbbaa6578812f30d664d4428b277888316ff8509bc2bbe11742,Ban nya jelek kah?,1,2026-02-23T08:12:33Z,2026-02-23T08:12:33Z,2026-09-19T00:23:04.671044+00:00,ban nya jelek kah?,,,,,Gemini-API,,,,
UgxCB_uVL-7RsbN6y3t4AaABAg,Vu0ayycGXbI,363fbb7646533eac7d5b8a8e6bc1d9bbedea25f0d9a8cb3e51510d948b756be7,"sengaja dipakein normal, kenapa ga pakai sport ? 😯",0,2026-02-23T10:04:17Z,2026-02-23T10:04:17Z,2026-09-19T00:23:04.671044+00:00,"sengaja dipakein normal, kenapa tidak pakai sport ? 😯",,,,,Gemini-API,,,,
Ugx0vjUFDzTtTC-IdsJ4AaABAg,Vu0ayycGXbI,a520c03ae006a29b1ea946d31262bf44acb7e43b75cc096bdf6f3df8f8463ab4,Looh kok kalah nanjak sama Geely ex2,0,2026-02-23T13:43:16Z,2026-02-23T13:43:16Z,2026-09-19T00:23:04.671044+00:00,looh kok kalah nanjak sama geely ex2,,,,,Gemini-API,,,,
UgyGS-5PB8tQMTbzrgF4AaABAg,Vu0ayycGXbI,f79f9b92178c52f1d549fc83619f21060a25936a310015092c378f06b2647061,Udh paling bener beli mobil AWD d kondisi jalan indo apa lg ada beberapa mode lebih bagus,0,2026-02-23T15:17:47Z,2026-02-23T15:17:47Z,2026-09-19T00:23:04.671044+00:00,sudah paling bener beli mobil awd d kondisi jalan indo apa lagi ada beberapa mode lebih bagus,,,,,Gemini-API,,,,
UgySAqwG-ZtxrASnH-94AaABAg,Vu0ayycGXbI,7279d56554652ad72efc3f72b322cb57e1ff33283f3ac66e4fd2502daa985d6a,"Membuktikan video amatir j5 kesulitan nanjak waktu itu gara gara ban spin, herannya kenapa TC nya ga intervensi mindahin power ke ban satunya ya, kaya di destinator yg kalau ban kiri spin, akan langsung pindah ke ban kanan",0,2026-02-23T09:25:55Z,2026-02-23T09:29:08Z,2026-09-19T00:23:04.671044+00:00,"membuktikan video amatir j5 kesulitan nanjak waktu itu gara gara ban spin, herannya kenapa tc nya tidak intervensi mindahin power ke ban satunya ya, kaya di destinator yg kalau ban kiri spin, akan langsung pindah ke ban kanan",,,,,Gemini-API,,,,
UgxdkD3kjSkmuhWf-Tl4AaABAg,Vu0ayycGXbI,b79de67a20c1c80343b046b0d2247abbf7980a69f2b09c2457b4e6484fdfba99,Cara biar ban ga slip gimna ya???ada tombol yg harus di pencet ga??,0,2026-05-14T12:11:16Z,2026-05-14T12:11:16Z,2026-09-19T00:23:04.671044+00:00,cara biar ban tidak slip gimna ya??ada tombol yg harus di pencet ga??,,,,,Gemini-API,,,,
UgxTFua-3Dk7iuzarZJ4AaABAg,Vu0ayycGXbI,39fa4ba0317db6f78f77c58fa07b42f659909d5ed9f1d63d73eef1c38189e589,"Jalannya basah dan licin  banget, ban gak punya grup, dan susah naik...",0,2026-02-23T09:45:05Z,2026-02-23T09:45:05Z,2026-09-19T00:23:04.671044+00:00,"jalannya basah dan licin banget, ban tidak punya grup, dan susah naik..",,,,,Gemini-API,,,,
Ugz4RAkaI7F3bH-8wqt4AaABAg,Vu0ayycGXbI,ead8b75d399ab0a9a408abd1af61528b57a079d73b21ccdc93540da792621107,FWD kan....?? Jelas akan spin ditanjakanlah,1,2026-02-23T08:23:19Z,2026-02-23T08:23:19Z,2026-09-19T00:23:04.671044+00:00,fwd kan..?? jelas akan spin ditanjakanlah,,,,,Gemini-API,,,,
Ugx2czGDcnXBXd8_6wF4AaABAg,Bx-XDBdN7nA,158909f339ba01008c1169608d010efaa0a7940424793cba0202da8b4380af9a,"Mending nambah dikit daprt hyundai Kona, jauh lebih proper dan bukan mobcin. Jauh lebih berkelas dan terlihat mewah .",1,2025-11-16T04:46:19Z,2025-11-16T04:46:19Z,2026-09-19T00:23:03.106249+00:00,"lebih baik nambah dikit daprt hyundai kona, jauh lebih proper dan bukan mobcin. jauh lebih berkelas dan terlihat mewah .",,,,,Gemini-API,,,,
UgxjRZbcNFD1mF1m-9V4AaABAg,Vu0ayycGXbI,24dbb4fdc3ff5f6f8212c457a6d059ec69282cf88e24fe472224a21fd6f3691f,"Mobil ini keluar setelah beli tanah sebelah rumah karena punya sodara sendiri. Andaikan kemaren gak ngebeli tanah. Pasti bulan nov kemaren udah spk, mobilnya bulan ini sampe rumah 😢😢.",0,2026-02-23T15:09:57Z,2026-02-23T15:09:57Z,2026-09-19T00:23:04.671044+00:00,"mobil ini keluar setelah beli tanah sebelah rumah karena punya sodara sendiri. andaikan kemaren tidak ngebeli tanah. pasti bulan nov kemaren udah spk, mobilnya bulan ini sampe rumah 😢😢.",,,,,Gemini-API,,,,
UgzeaE0BcXNKk9ODunl4AaABAg,Bx-XDBdN7nA,c9ba0309bf1bf5466e88c145cb207c4470dc2b767e0bfb421a959363ec2595cb,Next DFSK 🤣🤣🤣.... Kalau smart tetap pilih mobil jepang paling aman sampai kiamat .,1,2025-11-16T06:08:24Z,2025-11-16T06:08:24Z,2026-09-19T00:23:03.106249+00:00,next dfsk 🤣🤣.. kalau smart tetap pilih mobil jepang paling aman sampai kiamat .,,,,,Gemini-API,,,,
Ugx5unWz2bHA05Rlavt4AaABAg,Vu0ayycGXbI,606af24870e16f10fe5810c2e0fb7b5720666caf69d369a4cbf523b97460b3cd,cuma 1 model depannya datar banget kayak kehabisan ide 😅😅😅,0,2026-02-23T11:27:19Z,2026-02-23T11:27:19Z,2026-09-19T00:23:04.671044+00:00,cuma 1 model depannya datar banget kayak kehabisan ide 😅😅,,,,,Gemini-API,,,,
UgwPSriPeUNvwf_Gm114AaABAg,Vu0ayycGXbI,b2ca2d91acb944cdbb7d3cfd3df293514f5df9d84e4b6a698b8417eaec4f3ded,"Nambah 50jt MG S5 penggerak belakang, tombol fisik msh ada, sunroof/panoramic, dan rasa nyetir spt sedan. Kalian pilih mana S5 atau J5 ???",1,2026-02-23T12:03:21Z,2026-02-23T12:03:21Z,2026-09-19T00:23:04.671044+00:00,"nambah 50jt mg s5 penggerak belakang, tombol fisik msh ada, sunroof/panoramic, dan rasa nyetir spt sedan. kalian pilih mana s5 atau j5 ??",,,,,Gemini-API,,,,
UgydBCBUsK76-Y3p4Yh4AaABAg,Vu0ayycGXbI,cb5b501fbf32d3e456d7f8348d3f3b90e98d5536ab3e8279bcab2549a9433f25,"Entar lah wait and see dulu 2-3 taon ke depan ini barang2 china , gimana2 urusan nya ...",0,2026-02-24T06:28:58Z,2026-02-24T06:28:58Z,2026-09-19T00:23:04.671044+00:00,"entar lah wait and see dulu 2-3 taon ke depan ini barang2 china , gimana2 urusan nya ..",,,,,Gemini-API,,,,
UgxpdBSM2GN-TZ2sQe94AaABAg,Vu0ayycGXbI,1376fcd32d9dd6a0862bb37654c086b932788e84b3c71940158242fd37f21161,Apakah gak ada traction control ny jaeco ini ya?,0,2026-03-27T02:48:23Z,2026-03-27T02:48:23Z,2026-09-19T00:23:04.671044+00:00,apakah tidak ada traction control ny jaeco ini ya?,,,,,Gemini-API,,,,
UgwiY-C-yUJkUr18SuJ4AaABAg,Vu0ayycGXbI,ea6ee72884296895576af98f397af03b56eeba0190cd813a14185ce63aa30ddc,Berarti intinya nih mobil gk boleh dipake nanjak pas ujan .. gtu kan intinya?,1,2026-02-23T10:36:14Z,2026-02-23T10:36:14Z,2026-09-19T00:23:04.671044+00:00,berarti intinya nih mobil tidak boleh dipake nanjak pas ujan .. gtu kan intinya?,,,,,Gemini-API,,,,
UgwqAuYEivAdQBmXor14AaABAg,Vu0ayycGXbI,2f10ed6d260319cd9fe221b659bfeb9e73c1f526d18412d3e08db3331842e568,Berarti depannya hrs ada beban... Biar ada traksinya... 🤔,1,2026-02-23T10:26:27Z,2026-02-23T10:27:22Z,2026-09-19T00:23:04.671044+00:00,berarti depannya hrs ada beban.. biar ada traksinya.. 🤔,,,,,Gemini-API,,,,
UgwNoryZlRYY9iXgP-54AaABAg,Bx-XDBdN7nA,3d333cdfdf964c21cb2ba0189421a61692e119b4a340cc948a3540cffc068096,"Harusnya Gak perlu pakai motor buat kotak cas gitu, resiko rusak. Terlalu banyak gimmick malah takut rewel. Pengalaman pakai mobil banyak elektrik rusak lumayan mahal benerin nya. Kebetulan suka pakai mobil dari baru di jual diatas 7 tahun",0,2025-11-16T14:57:57Z,2025-11-16T14:57:57Z,2026-09-19T00:23:03.106249+00:00,"harusnya tidak perlu pakai motor buat kotak isi daya gitu, resiko rusak. terlalu banyak gimmick malah takut rewel. pengalaman pakai mobil banyak elektrik rusak lumayan mahal benerin nya. kebetulan suka pakai mobil dari baru di jual diatas 7 tahun",,,,,Gemini-API,,,,
Ugyj_YVIHAl5V0SrgBp4AaABAg,Vu0ayycGXbI,cc03ff010e9d91f33609028170d1a82f7793f98226791419a4b3a0e5181934a5,kalau di jalan umum yg ada lalulintas mana bisa jalan zig zag🤣🤣🤣,0,2026-02-24T17:21:24Z,2026-02-24T17:21:24Z,2026-09-19T00:23:04.671044+00:00,kalau di jalan umum yg ada lalulintas mana bisa jalan zig zag🤣🤣,,,,,Gemini-API,,,,
UgwezKZmcWgomn5ENBV4AaABAg,Vu0ayycGXbI,2256460efa1ec0cbdc7eb93f2e0455538288dd35007c7c0060521bbad8d6e9bb,Ganti ban Michelin atau pirelli,0,2026-03-05T11:12:27Z,2026-03-05T11:12:27Z,2026-09-19T00:23:04.671044+00:00,ganti ban michelin atau pirelli,,,,,Gemini-API,,,,
Ugxs09Q_YzH6yQkryvV4AaABAg,Vu0ayycGXbI,be3a1c49f13b18ce122c45bde3182ebb5570f7b6df1d759a9bf196cea869d0f6,"andai ada phev lebih laku keras,
puyeng mobil jepang",0,2026-02-23T22:49:55Z,2026-02-23T22:49:55Z,2026-09-19T00:23:04.671044+00:00,"andai ada phev lebih laku keras, puyeng mobil jepang",,,,,Gemini-API,,,,
UgwrGPJV-swUJRsGTz54AaABAg,fjWvVFT0vr0,390647b50d6e171570dfcd4bce50287575d85c433acf6265a30e11aeb120f6ad,Siap menjadi mobil sejuta umat,0,2025-08-14T05:25:56Z,2025-08-14T05:25:56Z,2026-09-19T00:23:07.332434+00:00,siap menjadi mobil sejuta umat,,,,,Gemini-API,,,,
UgwQt_Gg0xt1kZQTqp54AaABAg,fjWvVFT0vr0,87cc57e4328ef22d048127f2ef6913e1703de8bbe8d101c0662c3fe01d596245,"design keren, cocok nih buat taksol😊",0,2025-07-28T22:57:01Z,2025-07-28T22:57:01Z,2026-09-19T00:23:07.332434+00:00,"design keren, cocok nih buat taksol😊",,,,,Gemini-API,,,,
Ugw6_0JHZLHaIo080_N4AaABAg,z1fWo8tYynA,c909c48516ea35565bdd9bd33d0dc3fc0872494c065510104bac8b85536f86e0,Gw malah salfok sama kijang super kotak dibelakang. Mulus banget cuy. Ngiler gw,0,2025-12-03T13:55:12Z,2025-12-03T13:55:12Z,2026-09-19T00:23:10.960426+00:00,gw malah salfok sama kijang super kotak dibelakang. mulus banget cuy. ngiler gw,,,,,Gemini-API,,,,
Ugwr12sJMXICsLrWnOB4AaABAg,fjWvVFT0vr0,73855e0665762ea99bceaa2c6c2b6f7f39ac2f67f2bb72feafddf783ddd43e63,"Kalau bukan listrik kayanya lebih laku , mobil listrik masih kecil peminat di Indo .",0,2025-07-26T18:18:45Z,2025-07-26T18:18:45Z,2026-09-19T00:23:09.886682+00:00,"kalau bukan listrik kayanya lebih laku , mobil listrik masih kecil peminat di indo .",,,,,Gemini-API,,,,
UgxR-fS875HghsEQYMt4AaABAg,J00aDzfK8WQ,eb229e506076fea37e65dfcebb93ef2053f8f97d9da6368ead1658061e41926e,hadir om,1,2026-05-25T14:02:59Z,2026-05-25T14:02:59Z,2026-09-19T00:23:10.549263+00:00,hadir om,,,,,Gemini-API,,,,
UgxL4zsrcBKMh901_gN4AaABAg,J00aDzfK8WQ,fa50db167f28567ebf0f52e39c8717ea1702dfa99d298bfec9e2fd3b41d2e7f1,Brio menangis di pojokan kalo gini 😂,3,2026-06-02T07:24:07Z,2026-06-02T07:24:07Z,2026-09-19T00:23:10.549263+00:00,brio menangis di pojokan kalo gini 😂,,,,,Gemini-API,,,,
Ugwi5CyXuFVICWbcnCx4AaABAg,J00aDzfK8WQ,7d6d418950222cf4ec74b406225cd76698fc4997464f2d27891f627793014dca,mantap,1,2026-05-25T14:03:28Z,2026-05-25T14:03:28Z,2026-09-19T00:23:10.549263+00:00,bagus,,,,,Gemini-API,,,,
UgyIttfcKP6ftlwUMgd4AaABAg,J00aDzfK8WQ,2b9d911781ae8994086e96bd9c5341cc209fe7fae90a40836fb437e850bbddd4,Hadir om b,3,2026-05-25T14:07:32Z,2026-05-25T14:07:32Z,2026-09-19T00:23:10.549263+00:00,hadir om b,,,,,Gemini-API,,,,
UgxHTG7xBIaGZZ4fs9t4AaABAg,Bx-XDBdN7nA,d19df752c73fa82430811995e64b4e20cf18cf4f0227ecbf69697c97dbf78ca9,Gokil emang 😂,0,2025-11-16T07:43:47Z,2025-11-16T07:43:47Z,2026-09-19T00:23:00.712565+00:00,gokil emang 😂,,,,,Gemini-API,,,,
UgwTyNXSFrkAWoHxN_54AaABAg,J00aDzfK8WQ,59b7fd31325fe2c5616ae0fdca06c46faff11ceb3a46d1c53dfed1cb400a707c,hadir om b,3,2026-05-26T01:42:39Z,2026-05-26T01:42:39Z,2026-09-19T00:23:10.549263+00:00,hadir om b,,,,,Gemini-API,,,,
Ugz1SyWr5u4kjvTP7w14AaABAg,J00aDzfK8WQ,b354e19593e36539ab855e1f3e3c48c47cc8b817d948898f496fb483c3051238,Mantul kali,1,2026-06-03T12:41:15Z,2026-06-03T12:41:15Z,2026-09-19T00:23:10.549263+00:00,mantap betul kali,,,,,Gemini-API,,,,
Ugz794I5VPeaP_Hmrgh4AaABAg,J00aDzfK8WQ,84280a569452537c6a964aa43339da7ca9eb30b059897f9c8a1935cc2a7182dd,"Hadir 
Keren om",5,2026-05-25T14:29:42Z,2026-05-25T14:29:42Z,2026-09-19T00:23:10.549263+00:00,hadir keren om,,,,,Gemini-API,,,,
Ugx_dbc-RahFSREFlwh4AaABAg,J00aDzfK8WQ,0369e1520a3dc9b07914c4043f3db616f10ede11b8e7d812ddeb08f35890e790,Ditunggu review versi fleetnya (standard) 😊,3,2026-05-25T15:07:32Z,2026-05-25T15:07:32Z,2026-09-19T00:23:10.549263+00:00,ditunggu review versi fleetnya (standard) 😊,,,,,Gemini-API,,,,
UgzjSh4yI-dEVa7Btnt4AaABAg,J00aDzfK8WQ,3179d2e7ba7075683a3859a307bf94af2e5e1a66ebb8d419ed0eb56f96db4d78,"Hadir om b channel, ❤❤❤",2,2026-05-25T21:10:42Z,2026-05-25T21:10:42Z,2026-09-19T00:23:10.549263+00:00,"hadir om b channel, ❤❤",,,,,Gemini-API,,,,
Ugx6QQekpyGyRQh2XlF4AaABAg,J00aDzfK8WQ,d98d36a5d06ba308e8b42cbd904888c925afd400ac3547fb8ab822cbb1dbfb06,"Ckd udah good,sayangny ada beberapa yg hilang,next review volvo ex90 om b",4,2026-05-26T10:41:16Z,2026-05-26T10:42:10Z,2026-09-19T00:23:10.549263+00:00,"ckd udah good,sayangny ada beberapa yg hilang,next review volvo ex90 om b",,,,,Gemini-API,,,,
Ugzf6RosAw_a54BFBBV4AaABAg,J00aDzfK8WQ,5acd745fca17487529965e72afbb7144bf3d51676f64f52839181e6535259ddb,"Bg, next in depth tour Volvo EX90",3,2026-05-25T23:39:57Z,2026-05-25T23:39:57Z,2026-09-19T00:23:10.549263+00:00,"bg, next in depth tour volvo ex90",,,,,Gemini-API,,,,
UgxbXtLVJQ3g4VMb9F94AaABAg,J00aDzfK8WQ,4c7d4bd7b8dd4ae74a2530c7a7db86d2bab155caabcd0fa0c7406eecae425c49,"Om B Channel, Next IDT BYD Atto 1 STD Improvement 2026 Ya Om B Channel 😊",9,2026-05-25T14:07:30Z,2026-05-25T14:07:30Z,2026-09-19T00:23:10.549263+00:00,"om b channel, next idt byd atto 1 std improvement 2026 ya om b channel 😊",,,,,Gemini-API,,,,
UgyzsuxJ_BkVzs2KrAF4AaABAg,J00aDzfK8WQ,f780fecda6b85cf174645b8223b06b455d0c4b27a6960fcdc7bf7b84c78c88a0,"Semenjak pake transmisi d tuas kanan setir, rasanya maju mudur jd simple banget 😅 enak dipake pas parkir 🎉",3,2026-06-28T12:51:25Z,2026-06-28T12:51:25Z,2026-09-19T00:23:10.549263+00:00,"semenjak pakai transmisi d tuas kanan setir, rasanya maju mudur jd simple banget 😅 enak dipake pas parkir 🎉",,,,,Gemini-API,,,,
UgxvlAZB8CbUAnA89TF4AaABAg,J00aDzfK8WQ,5acd745fca17487529965e72afbb7144bf3d51676f64f52839181e6535259ddb,"Bg, next in depth tour GWM Tank 500 Diesel ""BLACK WARRIOR EDITION""",7,2026-05-25T23:42:11Z,2026-05-25T23:42:11Z,2026-09-19T00:23:10.549263+00:00,"bg, next in depth tour gwm tank 500 diesel ""black warrior edition""",,,,,Gemini-API,,,,
UgxUSkKMdMn24PgFL4x4AaABAg,J00aDzfK8WQ,d0554a24c8681f2d0eda142f7909410d234c12c155a5038ae704072ab2cf5d98,Udh pke yg versi 2025 dynamic emg enak dipakenya ini mobil. Utk retract blm terlalu penting,10,2026-05-25T14:17:56Z,2026-05-25T14:17:56Z,2026-09-19T00:23:10.549263+00:00,sudah pke yg versi 2025 dynamic emg enak dipakenya ini mobil. untuk retract belum terlalu penting,,,,,Gemini-API,,,,
Ugz1UV1IleoPP-D7nht4AaABAg,J00aDzfK8WQ,f779dd6ad10f68bd439ea0a5d17fcb8e73dc618dfc906b485f31a58e4caf92ef,Om next in depth tour Toyota Hilux 2012,6,2026-05-26T14:09:10Z,2026-05-26T14:09:10Z,2026-09-19T00:23:10.549263+00:00,om next in depth tour toyota hilux 2012,,,,,Gemini-API,,,,
UgwYgLNzPY-K3x0LUT94AaABAg,J00aDzfK8WQ,e9f9021ba096cfc68dee484bd9347b0d72e70ccccfd1ede1072d74bfc8df1acf,"Paling terasa bedanya
- Tuas sein jadi 1 dengan wiper
- Transmisi pindah ke tuas kanan
- Layar lebih besar
- 360 kamera
Yang hilang
- Rear defogger
- Slippery mode",63,2026-05-25T15:04:28Z,2026-05-25T15:04:28Z,2026-09-19T00:23:10.549263+00:00,paling terasa bedanya - tuas sein jadi 1 dengan wiper - transmisi pindah ke tuas kanan - layar lebih besar - 360 kamera yang hilang - rear defogger - slippery mode,,,,,Gemini-API,,,,
UgwNxMbNaQQVKe8ujIJ4AaABAg,fjWvVFT0vr0,1641dd2c8d091b13c741f22be256497afbd8aef794fc9cf073bbd2498d123389,"Ground clearance rendah banget kayanya.. ngga cocok buat jalanan dlm kota, banyak polisi bobo",0,2025-08-03T13:30:05Z,2025-08-03T13:30:05Z,2026-09-19T00:23:09.886682+00:00,"ground clearance rendah banget kayanya.. tidak cocok buat jalanan dlm kota, banyak polisi bobo",,,,,Gemini-API,,,,
UgxVvOHgXokag25fPgp4AaABAg,Bx-XDBdN7nA,a9d9b182edaa908fe31e358bc70c4861e16981500f1c27b441b4c092fb95cedc,"Diawal ngenyek yg terlanjur beli guling, eh wuling😂",2,2025-11-16T09:59:27Z,2025-11-16T09:59:27Z,2026-09-19T00:23:00.712565+00:00,"diawal ngenyek yg terlanjur beli guling, eh wuling😂",,,,,Gemini-API,,,,
Ugy77q73uS8cuvdVwmx4AaABAg,fjWvVFT0vr0,3eb394b09801621d0a9b469f8f967442fdabe9411b996cb0b5837f28749e3eeb,"Cocok ni, buat bini antar bocil sekolah",0,2025-08-04T20:01:59Z,2025-08-04T20:01:59Z,2026-09-19T00:23:09.886682+00:00,"cocok ni, buat bini antar bocil sekolah",,,,,Gemini-API,,,,
UgwUJbCk2ryR-5d7T1p4AaABAg,fjWvVFT0vr0,b97b7c9422d8c03a8ba19a9fb9052be9abf55ef0648a06ad4a4c222ca96fa5f5,tpi tetep beda sensasi mobil konvensional atau listrik,0,2025-09-10T23:41:52Z,2025-09-10T23:41:52Z,2026-09-19T00:23:09.886682+00:00,tpi tetep beda sensasi mobil konvensional atau listrik,,,,,Gemini-API,,,,
UgwoJty9hHFPJP_xWat4AaABAg,fjWvVFT0vr0,6bf79a3d277af71fd14d1c7964cdad650fbf1a5ba5195571c13a0ad6446219a4,Mirip lambo tuh mata,0,2025-07-27T11:33:30Z,2025-07-27T11:33:30Z,2026-09-19T00:23:09.886682+00:00,mirip lambo tuh mata,,,,,Gemini-API,,,,
Ugwmcz9yMGh5k_PFAVF4AaABAg,fjWvVFT0vr0,ee817290fef517289f736c0b71b2cd1f5bd82061e253aa061ed40d9e3a424290,Sayang mobil listrik untuk jangka panjang di pake masih blm ada yg membuktikan mobil listrik buat jangka panjang,0,2025-08-10T10:03:07Z,2025-08-10T10:03:07Z,2026-09-19T00:23:09.886682+00:00,sayang mobil listrik untuk jangka panjang di pakai masih belum ada yg membuktikan mobil listrik buat jangka panjang,,,,,Gemini-API,,,,
Ugy0EEKQ4Vt2s50-kO14AaABAg,Bx-XDBdN7nA,341aac902f9429bbe71da7a3f4de47847a5b5e858e9373f01a67849eb4cbf822,tumben ga roasting,1,2025-11-16T12:07:10Z,2025-11-16T12:07:10Z,2026-09-19T00:23:00.712565+00:00,tumben tidak roasting,,,,,Gemini-API,,,,
Ugw2deDmoSpCNoesjb94AaABAg,J00aDzfK8WQ,8bf4655516f21b9895885b168057c178e98ccbf9a43736978c4a136460011ec5,👍👍👍,2,2026-05-26T00:47:46Z,2026-05-26T00:47:46Z,2026-09-19T00:23:10.549263+00:00,👍👍,,,,,Gemini-API,,,,
UgzjKdRk4MGkoKpNdlN4AaABAg,J00aDzfK8WQ,585f7154ffc15aa73b6330a48c788c5517bb55461de236337c1b0166ecc493f4,Yang varian type Dynamic improvement nya jangan lupa membuat video In Depth Tour Nya ya Om B.,1,2026-07-03T10:44:40Z,2026-07-03T10:44:40Z,2026-09-19T00:23:10.549263+00:00,yang varian type dynamic improvement nya jangan lupa membuat video in depth tour nya ya om b.,,,,,Gemini-API,,,,
UgzrZbyIP_QjNn1Lq814AaABAg,J00aDzfK8WQ,b6e9e8a3f298fd5230873ae78f19688e1482e4d5f9cb9f707caea6ceb6901cef,Wih udh ckd,3,2026-05-25T23:58:30Z,2026-05-25T23:58:30Z,2026-09-19T00:23:10.549263+00:00,wih sudah ckd,,,,,Gemini-API,,,,
UgyuC4A5kkrMZJFg_fR4AaABAg,J00aDzfK8WQ,ce3e0167bd0206cf8c00f25858e95be99f0e9d33824d03f35d53f62af630b7be,Review juga yang Tipe Standard apa bedanya,0,2026-06-23T04:55:16Z,2026-06-23T04:55:16Z,2026-09-19T00:23:10.549263+00:00,review juga yang tipe standard apa bedanya,,,,,Gemini-API,,,,
UgxNwP5lH8f5zNnB1Fh4AaABAg,J00aDzfK8WQ,1ffdd7b71d8b758ba2fda70c8489c5f6f1ac50efa1cd48b3043031f7decb71d5,Yang sangat disayangkan Airbag dikurang 2,0,2026-05-26T03:15:40Z,2026-05-26T03:15:40Z,2026-09-19T00:23:10.549263+00:00,yang sangat disayangkan airbag dikurang 2,,,,,Gemini-API,,,,
UgxcJTvKRjDtchfrx_x4AaABAg,J00aDzfK8WQ,6e3a435bbe5484c9284c94f18699ba259e0cd3d193db8b8c2cef64a96818b6dc,ambil ini ato nti aj ambil wuling aira ya? ane soal sukany keicar2 gni,0,2026-06-15T09:34:31Z,2026-06-15T09:34:31Z,2026-09-19T00:23:10.549263+00:00,ambil ini ato nti aj ambil wuling aira ya? ane soal sukany keicar2 gni,,,,,Gemini-API,,,,
UgwYthz0LXVQvHnTA-x4AaABAg,J00aDzfK8WQ,87313c73817e9af48cc54ec523538acd3b68652d90eb9b7c87fec56726ce7ccd,"Kenapa sih banyak EV yg gak dibuat kayak mobil ICE biasa aja? Transmisi di konsol tengah, tuas sein di kanan dan wiper di kiri (sebaliknya untuk mobil eropa). Kalo pindah-pindah kayak gini bikin kagok dan malah rawan celaka karena muscle memory yg perlu di adjust lagi.",5,2026-05-25T23:06:03Z,2026-05-25T23:06:03Z,2026-09-19T00:23:10.549263+00:00,"kenapa sih banyak ev yg tidak dibuat kayak mobil ice biasa aja? transmisi di konsol tengah, tuas sein di kanan dan wiper di kiri (sebaliknya untuk mobil eropa). kalo pindah-pindah kayak gini bikin kagok dan malah rawan celaka karena muscle memory yg perlu di adjust lagi.",,,,,Gemini-API,,,,
UgwoUKKOJ1IbnLMU3_N4AaABAg,Bx-XDBdN7nA,3d57e254d3c57d61007b15f824d4df13481a92e46e77d107d078c6e6e5c54c5d,14:49 sepatu siapa itu baangg??,4,2025-11-16T07:21:48Z,2025-11-16T07:21:48Z,2026-09-19T00:23:00.712565+00:00,14:49 sepatu siapa itu baangg??,,,,,Gemini-API,,,,
UgwHeqAw3tXgB0Y2B0t4AaABAg,J00aDzfK8WQ,4c7d4bd7b8dd4ae74a2530c7a7db86d2bab155caabcd0fa0c7406eecae425c49,"Om B Channel, Next IDT GWM Tank 500 Diesel Black Warrior Ya Om B Channel 😊",2,2026-05-26T03:58:34Z,2026-05-26T03:58:34Z,2026-09-19T00:23:10.549263+00:00,"om b channel, next idt gwm tank 500 diesel black warrior ya om b channel 😊",,,,,Gemini-API,,,,
UgyYnWJf-wm7WyiNxPR4AaABAg,Bx-XDBdN7nA,1594912041072264f7bb413e8b431c40a289afbe914edc80d86a99f64d98170f,Good job. Namun banyak yg diomongin tapi sayang kadang tidak dispotlightkan.,0,2025-11-23T22:12:28Z,2025-11-23T22:12:28Z,2026-09-19T00:23:00.712565+00:00,good job. namun banyak yg diomongin tapi sayang kadang tidak dispotlightkan.,,,,,Gemini-API,,,,
UgxDqIZFLt0UtP4oC9B4AaABAg,J00aDzfK8WQ,9dd5aed89cfa95097c968baa3dc2160d599c3a096738721e347361424abed1e9,"belakang gak ada defoger, gak ada wiper, siap2 gak keliatan belakang kalo ujan",3,2026-05-26T01:17:22Z,2026-05-26T01:17:22Z,2026-09-19T00:23:10.549263+00:00,"belakang tidak ada defoger, tidak ada wiper, siap2 tidak keliatan belakang kalo ujan",,,,,Gemini-API,,,,
UgzE_KIJBtw0QFWFNGJ4AaABAg,J00aDzfK8WQ,4c7d4bd7b8dd4ae74a2530c7a7db86d2bab155caabcd0fa0c7406eecae425c49,"Om B Channel, Next IDT Toyota Alphard XE Gasoline Ya Om B Channel 😊",2,2026-05-26T04:02:53Z,2026-05-26T04:02:53Z,2026-09-19T00:23:10.549263+00:00,"om b channel, next idt toyota alphard xe gasoline ya om b channel 😊",,,,,Gemini-API,,,,
Ugy3fobfc9ZrU1K9nX94AaABAg,J00aDzfK8WQ,4c7d4bd7b8dd4ae74a2530c7a7db86d2bab155caabcd0fa0c7406eecae425c49,"Om B Channel, Next IDT BYD Atto 1 Standard Improvement 2026 dan IDT BYD Atto 1 Dynamic Improvement 2026 Ya Om B Channel 😊",2,2026-05-26T03:59:52Z,2026-05-26T03:59:52Z,2026-09-19T00:23:10.549263+00:00,"om b channel, next idt byd atto 1 standard improvement 2026 dan idt byd atto 1 dynamic improvement 2026 ya om b channel 😊",,,,,Gemini-API,,,,
UgwfsjTB-5cq3Q7S7zB4AaABAg,Bx-XDBdN7nA,d2738f897c5f80bd503ec37031824cae543392bf23fe4f69f0ae4bdb718bb399,Kalau ada j5 phv bru keren nih,0,2025-11-16T10:45:46Z,2025-11-16T10:45:46Z,2026-09-19T00:23:00.712565+00:00,kalau ada j5 phv bru keren nih,,,,,Gemini-API,,,,
UgxSu2vhzenb8PGoczx4AaABAg,J00aDzfK8WQ,be038438b14f0eacef422bfc241005f8a508132cc750b90e7adcdaf99474ff56,"transmisi knpa pindahnya di kanan ya, pdhal kaya eksion aja,,, hmm",1,2026-05-26T23:39:55Z,2026-05-26T23:39:55Z,2026-09-19T00:23:10.549263+00:00,"transmisi knpa pindahnya di kanan ya, pdhal kaya eksion aja,, hmm",,,,,Gemini-API,,,,
Ugze67aBE5ifrCgawGh4AaABAg,J00aDzfK8WQ,7da8300ae51054ff93c3442a73377146d9bfb2f09d6a83daae17b9d4cfe187e7,Bikin juga dong byd atto 1 versi DM-i nya kayak nya menarik 1200cc DM-i,4,2026-05-25T14:48:03Z,2026-05-25T14:48:03Z,2026-09-19T00:23:10.549263+00:00,bikin juga dong byd atto 1 versi dm-i nya kayak nya menarik 1200cc dm-i,,,,,Gemini-API,,,,
UgzlsweZsd8bFnz2X8J4AaABAg,J00aDzfK8WQ,c07cc12deadc3f82470a837a810d1158147bd1388f819d37ab90c02398a0828b,Nyimak aj,4,2026-05-26T03:13:06Z,2026-05-26T03:13:06Z,2026-09-19T00:23:10.549263+00:00,nyimak aj,,,,,Gemini-API,,,,
UgxB1hANnxj8Z0xDfax4AaABAg,J00aDzfK8WQ,bbfeb9057694e7e653c9b91c9cd926ce63161099655dd2ff12ef9a6feaf39e85,"BYD udah CKD gaes, dan lu masih beli Toyota 😂",10,2026-05-26T00:04:58Z,2026-05-26T00:04:58Z,2026-09-19T00:23:10.549263+00:00,"byd udah ckd gaes, dan lu masih beli toyota 😂",,,,,Gemini-API,,,,
UgzAb2t7Q82TXgfuTmt4AaABAg,Bx-XDBdN7nA,49f6dcf5dc675b267821edafcf758689f2a854dc1655d87926f93739aedc5dd1,gile gile gileeeee,0,2025-11-19T12:48:30Z,2025-11-19T12:48:30Z,2026-09-19T00:23:00.712565+00:00,gile gile gilee,,,,,Gemini-API,,,,
UgwaDcJ1kyCLlmQThHB4AaABAg,Bx-XDBdN7nA,d377e34ba03f7c6459a409fad23f95d9a32f380522f8af118cb24254ddeb0977,Kerennn.. segera buatin yg kaya gini 7 seater fong jaecoo.. Kacang Goreng 😂😂,13,2025-11-16T23:19:07Z,2025-11-16T23:19:07Z,2026-09-19T00:23:00.712565+00:00,kerenn.. segera buatin yg kaya gini 7 seater fong jaecoo.. kacang goreng 😂😂,,,,,Gemini-API,,,,
UgzZtZNL1EdAK-xLx054AaABAg,Bx-XDBdN7nA,12b1456ee513b1c5628b772a2602b4523c91bae1d4180ce0abc6f59220d55b62,mantap bang mobil nya😂😂😂,1,2025-11-16T04:35:15Z,2025-11-16T04:35:15Z,2026-09-19T00:23:00.712565+00:00,bagus bang mobil nya😂😂,,,,,Gemini-API,,,,
UgxHaVx2CkIA4eqkiP54AaABAg,J00aDzfK8WQ,15eb51b492ca0eba948ca82e6cd2db0486831079748b10e2396b508f69c32bfe,Baru ini operator lampu kurang briefing wkwkwk,0,2026-05-26T01:16:24Z,2026-05-26T01:16:24Z,2026-09-19T00:23:10.549263+00:00,baru ini operator lampu kurang briefing wkwkwk,,,,,Gemini-API,,,,
UgzQyTF_wzvb1Wkv5254AaABAg,J00aDzfK8WQ,f12b892625dc5ec2b2a1908b12f150797c838ca5533bd99c53b39f58a2690c45,Msh penasaran sm yg lampu halogen 😂 199jt itu,1,2026-05-25T15:16:51Z,2026-05-25T15:16:51Z,2026-09-19T00:23:10.549263+00:00,msh penasaran sama yg lampu halogen 😂 199jt itu,,,,,Gemini-API,,,,
Ugz5ImOiiKrHX26FyeN4AaABAg,J00aDzfK8WQ,d7dc142325c0b13cf132e0226d76dd87d7a4bb795ed949f74de0948ac0834e05,Mobil BYD ATTO 1 motornya OMOWAY X,2,2026-06-11T12:49:21Z,2026-06-11T12:49:21Z,2026-09-19T00:23:10.549263+00:00,mobil byd atto 1 motornya omoway x,,,,,Gemini-API,,,,
UgzaZxyqPBSWZipbY594AaABAg,J00aDzfK8WQ,0cc9101a2bf59de4bbc34a48f4763bdd3242f2f1973fc6b1a587e26bbc26a6a2,ada mirip2 sm lambo urus modelnya,1,2026-05-28T08:54:38Z,2026-05-28T08:54:38Z,2026-09-19T00:23:10.549263+00:00,ada mirip2 sama lambo urus modelnya,,,,,Gemini-API,,,,
UgwgAhUHe5B_LtJahoZ4AaABAg,J00aDzfK8WQ,87de508c170257b2c4850de83a55ab7d8db7afa60ca3c32db615245c09066743,Next review atto 1 tipe std,3,2026-05-25T23:27:26Z,2026-05-25T23:27:26Z,2026-09-19T00:23:10.549263+00:00,next review atto 1 tipe std,,,,,Gemini-API,,,,
UgywELO2kjgiWuL-Qo14AaABAg,Bx-XDBdN7nA,b74ad2a0cbb1e4bc7d285fd8d82b319d73ae18d5c7d2a1619bb7c08ae8c38eb6,Bagus yah,0,2025-11-28T08:28:48Z,2025-11-28T08:28:48Z,2026-09-19T00:23:00.712565+00:00,bagus yah,,,,,Gemini-API,,,,
Ugz1tlAcEsTLF1gvZtt4AaABAg,J00aDzfK8WQ,494f92087b9075368877a0328ffe4a9a659553fcca9dfb7553a3ad1e17bb6e3e,Tinggal tipe Standard & Dynamic sekalian,2,2026-05-25T14:09:19Z,2026-05-25T14:09:19Z,2026-09-19T00:23:10.549263+00:00,tinggal tipe standard & dynamic sekalian,,,,,Gemini-API,,,,
Ugx8YngQlsY2LIGhYjF4AaABAg,Bx-XDBdN7nA,bb697d6ad48c9a6534b5918e79d2fbea0d62dd460fe55dcfd1f1123eec17510c,15:08 confero berkumis 😂,0,2025-11-16T13:29:14Z,2025-11-16T13:29:38Z,2026-09-19T00:23:00.712565+00:00,15:08 confero berkumis 😂,,,,,Gemini-API,,,,
UgwZnEidc1jmh2Yw3f94AaABAg,fjWvVFT0vr0,7cbfef69c16c0e18a7a0c15ede88159eb6f0e2656f70d779319d530232524e87,Itu Ban Serepnya dimana Om...?,0,2026-01-27T05:17:21Z,2026-01-27T05:17:21Z,2026-09-19T00:23:09.886682+00:00,itu ban serepnya dimana om..?,,,,,Gemini-API,,,,
UgyCwpYLwtN8k4sOeRZ4AaABAg,J00aDzfK8WQ,adafbcd76742ad7cf2a783d11cf50a3aaaa3e1cf76c01b6ff0f14969eb0b67b5,"Ada yang aku perhatiin yang banyak ngga di bahas reviewer, Heaternya hilang :(

Pemanas kabin, di bandung pas hujan kepake bgt, apalagi de-fogger depan jadi beneran kepake, 

ngga cuman dinginin kaca :(",24,2026-05-25T14:39:51Z,2026-05-25T14:39:51Z,2026-09-19T00:23:10.549263+00:00,"ada yang aku perhatiin yang banyak tidak di bahas reviewer, heaternya hilang :( pemanas kabin, di bandung pas hujan kepake bgt, apalagi de-fogger depan jadi beneran kepake, tidak cuman dinginin kaca :(",,,,,Gemini-API,,,,
UgwhOiJ2MW8RNSBe5nx4AaABAg,fjWvVFT0vr0,0bc5f13807f5794f95023bbfe59c05a49cafddce4dc908d1de1920579bd8acba,Ban cadangan😢....kenapa ya gak di kasih ban cadangan. Hal penting bagi  gw 😢karena wilayah senen ranjau nya luar biasa,0,2026-01-13T06:47:24Z,2026-01-13T06:49:27Z,2026-09-19T00:23:09.886682+00:00,ban cadangan😢..kenapa ya tidak di kasih ban cadangan. hal penting bagi gw 😢karena wilayah senen ranjau nya luar biasa,,,,,Gemini-API,,,,
Ugz2ap5cyzsdq6uu6yJ4AaABAg,fjWvVFT0vr0,2bb35b4d4b52dc65f2dc8e41e7729e212a9d033c379263fcb7fff1ce2a3813af,Masih awal keluaran memang begtu pasti d puja2. 😂,0,2025-07-28T16:40:23Z,2025-07-28T16:40:23Z,2026-09-19T00:23:09.885658+00:00,masih awal keluaran memang begtu pasti d puja2. 😂,,,,,Gemini-API,,,,
Ugwm3hH6XVwPsbdXYJZ4AaABAg,fjWvVFT0vr0,1553a8e11e8e6075adff11e3aeacf7ca1d6f4c60f95f3bfe6c14f69fb86f113d,wkwkwk bagus sih sayang bgtu liat kolongny kok zonk tnp cover 😂😂😂,0,2025-08-11T10:19:14Z,2025-08-11T10:19:14Z,2026-09-19T00:23:09.885658+00:00,wkwkwk bagus sih sayang bgtu liat kolongny kok zonk tnp cover 😂😂,,,,,Gemini-API,,,,
UgxS_-7OFoHiSPYluHx4AaABAg,fjWvVFT0vr0,a46ce76b018a140f80ce222bd1c4dc0e7491f518527893347bff4dabef83cba4,Sayang di jatim jadi 209jt selisih 14jt dr otr jakarta,0,2025-07-27T09:07:25Z,2025-07-27T09:07:25Z,2026-09-19T00:23:09.885658+00:00,sayang di jatim jadi 209jt selisih 14jt dari otr jakarta,,,,,Gemini-API,,,,
UgwCkfive8NVs5ABF494AaABAg,fjWvVFT0vr0,6b5b2ca5dba392f2d08e01587bf39d79ec320bc23dae47ce1da8034a0ebdf47c,Gigit jari sma byd dah,0,2025-08-14T08:37:54Z,2025-08-14T08:37:54Z,2026-09-19T00:23:09.885658+00:00,gigit jari sma byd dah,,,,,Gemini-API,,,,
UgwuKrmxOGfscc2yEV14AaABAg,fjWvVFT0vr0,fa6d4f162663304d30e2376ddaafa73ee8da3b758175c1ca15a325722d5a89c4,2:01 kok bisa beda panjang sampe 24cm gitu?,0,2025-07-26T13:31:30Z,2025-07-26T13:31:30Z,2026-09-19T00:23:09.885658+00:00,2:01 kok bisa beda panjang sampe 24cm gitu?,,,,,Gemini-API,,,,
UgzMtSlDwL8jV6CVYoZ4AaABAg,fjWvVFT0vr0,a98e2af3f757b09e6bb59efa06b53c8302b1fb95bae0526b41c7247df49da25f,Yang penting punya mobil biar kalau. Bawa anak anak jalam tidak kepanasan dan kehujanan lagi 😢😢😢,0,2025-10-31T08:40:29Z,2025-10-31T08:40:29Z,2026-09-19T00:23:09.885658+00:00,yang penting punya mobil biar kalau. bawa anak anak jalam tidak kepanasan dan kehujanan lagi 😢😢,,,,,Gemini-API,,,,
UgyHhD96WGc9A_NQO0J4AaABAg,fjWvVFT0vr0,c8a31a2066d15b3e3866b529202e9e0b976ebae667011cbe7760898bbaabce85,"Bang, Ban Serep nya di Taroh dimana? 
Tolong jawab, Besok Gw Mau BELI",0,2025-07-26T09:11:39Z,2025-07-26T09:11:39Z,2026-09-19T00:23:09.885658+00:00,"bang, ban serep nya di taroh dimana? tolong jawab, besok gw mau beli",,,,,Gemini-API,,,,
UgwXwtTyj7YmgkUWkd54AaABAg,fjWvVFT0vr0,7b52204ef7a85cf7a36e78e040517121ff3cd5472077ee8fda72dd1bcef5cc89,"mmg sih harus nya LCGC kek brio n agya udh habis, krna di ev kenak atto1, di ice kenak fronx",0,2025-08-20T05:59:10Z,2025-08-20T05:59:32Z,2026-09-19T00:23:09.885658+00:00,"mmg sih harus nya lcgc kek brio n agya sudah habis, krna di ev kenak atto1, di ice kenak fronx",,,,,Gemini-API,,,,
UgwX5fLR28W9o-KV6414AaABAg,fjWvVFT0vr0,28c637dacf46fbdea68ee6ad7a90fba80707f02e3d8a8a299f47dc3e85d5f11f,saingan wuling air ev kah ?,0,2025-07-27T04:53:56Z,2025-07-27T04:53:56Z,2026-09-19T00:23:09.885658+00:00,saingan wuling air ev kah ?,,,,,Gemini-API,,,,
UgzHh71idD4oPOrxCfJ4AaABAg,fjWvVFT0vr0,defd3b5c352e8cc11e7ffe47272b2c724aef4ceff904bd6a9f9e09b545181236,Layarnya kayak slow resp gitu ya,0,2025-09-06T02:26:20Z,2025-09-06T02:26:20Z,2026-09-19T00:23:09.885658+00:00,layarnya kayak slow resp gitu ya,,,,,Gemini-API,,,,
UgwdNrjnIk3PDk0No7V4AaABAg,fjWvVFT0vr0,6e568e176f7a202ce8138c4891d21af41864d0b3f19c74b4101e6f34a37113e0,Pemilik brio kaleng kerupuk pada masuk goaa😂😂😂,1,2025-07-26T04:41:13Z,2025-07-26T04:41:13Z,2026-09-19T00:23:09.885658+00:00,pemilik brio kaleng kerupuk pada masuk goaa😂😂,,,,,Gemini-API,,,,
UgzKE2102TK0Q5JEq1l4AaABAg,fjWvVFT0vr0,c8cf23744a80b487d40dc44238c1470d5f5f1c4ebaf08af509bbd9683e769444,klo dari Depan mirip kumis mas Adam grab 7rb,0,2025-07-27T04:12:50Z,2025-07-27T04:12:50Z,2026-09-19T00:23:09.885658+00:00,kalau dari depan mirip kumis mas adam grab 7rb,,,,,Gemini-API,,,,
UgxQ9Si09OLAzrCNJlB4AaABAg,fjWvVFT0vr0,3d8777f747d8092e0a9707ea175f3db38561e768fbe59667aa01570efa415554,Om mendingan atto 1 / bingou ev,0,2025-07-31T16:11:32Z,2025-07-31T16:11:32Z,2026-09-19T00:23:09.885658+00:00,om mendingan atto 1 / bingou ev,,,,,Gemini-API,,,,
Ugx3D4-ac6a3roZPyPt4AaABAg,fjWvVFT0vr0,0ca636e5043b580369af7d8ed41ea5e93414f966d513d0ab9beccceace476d98,Head lamp nya mirip Lamborgini,0,2025-07-27T13:21:55Z,2025-07-27T13:22:26Z,2026-09-19T00:23:09.885658+00:00,head lamp nya mirip lamborgini,,,,,Gemini-API,,,,
UgxYvcazd-tVlIVumtd4AaABAg,Bx-XDBdN7nA,2bd8ece49019acc1859a342c02a86ee52673cffc142efb2bba0e1b00bafd5218,28:49,1,2025-11-16T14:58:19Z,2025-11-16T14:58:19Z,2026-09-19T00:23:00.712565+00:00,28:49,,,,,Gemini-API,,,,
UgyO7CWPWJ-qt4btSht4AaABAg,Bx-XDBdN7nA,230f75aafdedb60cab414f540f09c0c878daeb56f47095ec262d1a92e9fa2a14,gemetar yang lain,0,2025-11-16T09:37:40Z,2025-11-16T09:37:40Z,2026-09-19T00:23:00.712565+00:00,gemetar yang lain,,,,,Gemini-API,,,,
UgyQ2YjVcQZfZq3DRN94AaABAg,fjWvVFT0vr0,f81439dac9038f081d6101f17876f130a595aa0f0d518e6b6f3bf7db1265db8b,Kalo punya uang pengen spk ini unit 😂😂😂,0,2025-08-04T15:15:36Z,2025-08-04T15:15:36Z,2026-09-19T00:23:09.885658+00:00,kalo punya uang pengen spk ini unit 😂😂,,,,,Gemini-API,,,,
UgzOLgYpMSq8LGuECTl4AaABAg,Bx-XDBdN7nA,8b20587d46707e3428d176bbfad76f54305f3a5c8e5dd045dc77b0f6c8681ae3,"""Tidak akan klotak klotok klotak klotok"" 😂 org sudana sigana mah ini reviewernya",1,2025-11-22T12:08:38Z,2025-11-22T12:08:38Z,2026-09-19T00:23:00.712565+00:00,"""tidak akan klotak klotok klotak klotok"" 😂 org sudana sigana mah ini reviewernya",,,,,Gemini-API,,,,
Ugy_rys_huO-gsZtN1t4AaABAg,fjWvVFT0vr0,2b0a3ec53dcefb9d000c714ee6bbe5751449aac4fe620bb6c8c8e811142d205b,Sayang sekali tak ada pakai BBM dan baru sebatas listrik.sebab gimanapun yg namanya listrik ya bgtulah,0,2025-09-09T16:13:14Z,2025-09-09T16:13:14Z,2026-09-19T00:23:09.885658+00:00,sayang sekali tak ada pakai bbm dan baru sebatas listrik.sebab gimanapun yg namanya listrik ya bgtulah,,,,,Gemini-API,,,,
UgxyqRu-bKJg_To939p4AaABAg,fjWvVFT0vr0,5af9e6051804d7feb304e3aeb79eebe2e667a18691b3947ef3c1af13a31513c2,Exterior belakang nya kurang sporty dikit nggak sih..... tail light nya gede an dikit udah ganteng banget pasti,0,2026-01-17T12:48:59Z,2026-01-17T12:48:59Z,2026-09-19T00:23:09.885658+00:00,exterior belakang nya kurang sporty dikit tidak sih.. tail light nya gede an dikit udah ganteng banget pasti,,,,,Gemini-API,,,,
UgwoBjK05g4TAEW_C2R4AaABAg,fjWvVFT0vr0,96b4554049aff1a0c16e2175ad649f119a4994f068f40f9c3707f3dc89b27465,Saya baru SPK baru aj d giias,0,2025-07-26T11:56:50Z,2025-07-26T11:56:50Z,2026-09-19T00:23:09.885658+00:00,saya baru spk baru aj d giias,,,,,Gemini-API,,,,
Ugwo_qetOUlf7Gak0Ml4AaABAg,Bx-XDBdN7nA,ae615754561024ce5eafa1f5af97f2cdd3e0ad06c528a8d5f9208f06cae4b531,Wah sy udah ada pengalaman sama jialing😂,0,2025-11-21T14:01:03Z,2025-11-21T14:01:03Z,2026-09-19T00:23:00.712565+00:00,wah sy udah ada pengalaman sama jialing😂,,,,,Gemini-API,,,,
Ugz8PY-JsjMiNpFQWzN4AaABAg,fjWvVFT0vr0,aebaae9179df1ed52e52099d9fdfd6e656f55a4ffb070c7fa9ca33c362a7e0e1,Ani ani auto ganti model 🙉,0,2025-07-27T08:36:09Z,2025-07-27T08:36:09Z,2026-09-19T00:23:09.885658+00:00,ani ani auto ganti model 🙉,,,,,Gemini-API,,,,
Ugyxk30lY7VMqYRSapx4AaABAg,fjWvVFT0vr0,d896eed813fc313c41f85117cda1c18947854388c85adfd96ec9a044e903d5f3,Ini yg dipurwakarta bukan pabriknya?,0,2026-04-13T05:46:01Z,2026-04-13T05:46:01Z,2026-09-19T00:23:09.885658+00:00,ini yg dipurwakarta bukan pabriknya?,,,,,Gemini-API,,,,
Ugzd0OP5K4KwJG7yaxt4AaABAg,fjWvVFT0vr0,5cb56e7d1dfc0743b95368e294ea87f0305df0511963ef4ac825651f5760bcb0,Sebener'a carmudi kalo review mobil detail bgt cuma sayang'a kalo ngomong dibikin ngegas kalo dengerin pake headset kadang kaget njir..😂,0,2025-07-30T12:47:48Z,2025-07-30T12:47:48Z,2026-09-19T00:23:09.885658+00:00,sebener'a carmudi kalo review mobil detail banget cuma sayang'a kalo ngomong dibikin ngegas kalo dengerin pakai headset kadang kaget njir..😂,,,,,Gemini-API,,,,
Ugwpv6qHUV-hFecUPMB4AaABAg,fjWvVFT0vr0,a7bface28ff7ee4d3fb98dd90986d627af67fcfafd18e8cf413594be01939311,"Jenis honda itu udah banyak yg merasakan, BYD itu pendatang baru, belum banyak yg tahu kwalitasnya",0,2026-05-26T11:07:49Z,2026-05-26T11:07:49Z,2026-09-19T00:23:09.885658+00:00,"jenis honda itu udah banyak yg merasakan, byd itu pendatang baru, belum banyak yg tahu kwalitasnya",,,,,Gemini-API,,,,
UgwUkYwzztHgwkcUwV94AaABAg,Bx-XDBdN7nA,9b043894d19095aabbaba0f816c5c7265527061426ffbcb1873dee8fee2f20da,Wulinng jd menangis liat ini..😂,3,2025-11-16T09:40:14Z,2025-11-16T09:40:14Z,2026-09-19T00:23:00.712565+00:00,wulinng jd menangis liat ini..😂,,,,,Gemini-API,,,,
UgxEYYID14ZktzMToYl4AaABAg,fjWvVFT0vr0,087aaf30ccc64e1caf1e540c95a82041c481a447258336c50446f0f5add089db,Honda sama Toyota kalo gak niat bikin mobil under 200jt sih bakal gak laku kalo udah ada kompetitor yg kaya gini,0,2025-07-26T07:31:31Z,2025-07-26T07:31:31Z,2026-09-19T00:23:09.886682+00:00,honda sama toyota kalo tidak niat bikin mobil under 200jt sih bakal tidak laku kalo udah ada kompetitor yg kaya gini,,,,,Gemini-API,,,,
Ugyc9tkgunN0Jr7LRdx4AaABAg,fjWvVFT0vr0,64a00590363f95dc30ad399f3149deafe35be70a9a1540fff52116b0564b2169,Berkaitan bagasi apakah bisa untuk golf bag 18 hole atau 32 hole?,0,2025-07-26T09:54:45Z,2025-07-26T09:54:45Z,2026-09-19T00:23:09.886682+00:00,berkaitan bagasi apakah bisa untuk golf bag 18 hole atau 32 hole?,,,,,Gemini-API,,,,
Ugycm2jewW5EVKS-t5F4AaABAg,Bx-XDBdN7nA,5414692f8803000f3755fc39590fc70c985e1946a6f3d2ed582b0eacdffc5432,"kemarin saya lihat nih mobil di pameran mall, rame bgt yg lihat jaecoo j5 sama byd atto 1 kebetulan boothnya sebelahan 3-4 meter doang😂",4,2025-11-16T07:45:17Z,2025-11-16T07:45:17Z,2026-09-19T00:23:00.712565+00:00,"kemarin saya lihat nih mobil di pameran mall, rame banget yg lihat jaecoo j5 sama byd atto 1 kebetulan boothnya sebelahan 3-4 meter doang😂",,,,,Gemini-API,,,,
UgwyoU1J_fZrnBoC7z54AaABAg,Bx-XDBdN7nA,9df6d8c9acd7b0978a53bfac20043c374743e4d94e1bb06274a01fcb6bea7ced,👍👍,0,2025-11-16T10:27:15Z,2025-11-16T10:27:15Z,2026-09-19T00:23:00.712565+00:00,👍👍,,,,,Gemini-API,,,,
Ugwobd3QQ1lOWDQl1AV4AaABAg,fjWvVFT0vr0,a9d0b63dc4b7bdaa3f737671e7b4554a2dcda0acecbeda718b9a53121d51af1a,Pabrik di subang mulai produksi awal 2026,0,2025-08-22T00:23:27Z,2025-08-22T00:23:27Z,2026-09-19T00:23:09.886682+00:00,pabrik di subang mulai produksi awal 2026,,,,,Gemini-API,,,,
Ugz1483G18tEL9QBkHN4AaABAg,fjWvVFT0vr0,86f1dbab248e41476a3a3a04b3dbdb3ebaef9ae4864b738e33d902f96d7e5bd8,Ban cadangan mna bos ko gk ada y,0,2025-07-26T20:22:59Z,2025-07-26T20:22:59Z,2026-09-19T00:23:09.886682+00:00,ban cadangan mna bos ko tidak ada y,,,,,Gemini-API,,,,
Ugxml1bUOlS3ynGfQgd4AaABAg,fjWvVFT0vr0,39732c4dc9416290a1708744a0078933ccfaaa38ef319db5831ebd59f81f41d5,Adakah warna lain pak?,0,2025-12-27T07:50:19Z,2025-12-27T07:50:19Z,2026-09-19T00:23:09.886682+00:00,adakah warna lain pak?,,,,,Gemini-API,,,,
UgyMKXZ9tg7K8KxN4DJ4AaABAg,fjWvVFT0vr0,f2f2df90b06c87952dec5742141ef794b1961c59d145270bab88ff11362c23c7,"kata-kata hari ini: ""NAES YA!""",0,2025-08-24T04:18:18Z,2025-08-24T04:18:18Z,2026-09-19T00:23:09.886682+00:00,"kata-kata hari ini: ""naes ya!""",,,,,Gemini-API,,,,
Ugz1tPCHrhVRb2FCcs14AaABAg,fjWvVFT0vr0,41f641774c9969ea03d6bdf4fcae68f05f6e35594dcbf5ee93a5f062fa87a485,Pintunya sampe bawah ya...ngga ada pembatas bawahnya,0,2025-07-26T12:41:48Z,2025-07-26T12:41:48Z,2026-09-19T00:23:09.886682+00:00,pintunya sampe bawah ya..ngga ada pembatas bawahnya,,,,,Gemini-API,,,,
UgzedHstLE-OBmfQcVh4AaABAg,fjWvVFT0vr0,ee5d9caece986e46f2524add1306a7b2c3e9a12ce4da7bd36b590637c3fecb8a,👍,0,2025-08-03T16:23:37Z,2025-08-03T16:23:37Z,2026-09-19T00:23:09.886682+00:00,👍,,,,,Gemini-API,,,,
UgzrJdrlectF0JBOzQZ4AaABAg,fjWvVFT0vr0,0bf155102cc1720d4b82696e0fa9c53a8eb156b8bb5dd55acd52f99ab0afbf5d,"buat antar ank sklah sma blja dipasar ccok sih ini.,",0,2026-04-11T08:13:27Z,2026-04-11T08:13:27Z,2026-09-19T00:23:09.886682+00:00,"buat antar ank sklah sma blja dipasar ccok sih ini.,",,,,,Gemini-API,,,,
Ugx7qdbrXNyO5_9xgPF4AaABAg,fjWvVFT0vr0,c1ce7868d2f6aa5db563a0e9d9fedbffb1e4ecc84deec489f4bf399999cbbf06,Bukan untuk willayah sumatra,0,2025-08-08T10:02:54Z,2025-08-08T10:03:08Z,2026-09-19T00:23:09.886682+00:00,bukan untuk willayah sumatra,,,,,Gemini-API,,,,
Ugxx8OZ0wzddZG59Vmd4AaABAg,Bx-XDBdN7nA,d8baa7f0a9dbc80e87e315086aadb21552e3515e8f447e407ffe3c2636c56f1e,Penjualan terbanyak bulan maret 2026 dilawan😎,2,2026-04-17T03:32:49Z,2026-04-17T03:32:49Z,2026-09-19T00:23:00.712565+00:00,penjualan terbanyak bulan maret 2026 dilawan😎,,,,,Gemini-API,,,,
UgxUdLBQf9XjshujoyV4AaABAg,fjWvVFT0vr0,eb0dd8de2bf56e1684bb1a0fa40468a807c0c6e362e29c9414727c7ac655fc99,Habis,0,2025-07-26T12:44:48Z,2025-07-26T12:44:48Z,2026-09-19T00:23:09.886682+00:00,habis,,,,,Gemini-API,,,,
UgyjhATrcaYoy3Z0-mB4AaABAg,fjWvVFT0vr0,5f0adf374bc10d7a51022e4d244624c1d33658175f43c3312fe18129cacddedb,❤,0,2026-02-26T03:47:50Z,2026-02-26T03:47:50Z,2026-09-19T00:23:09.886682+00:00,❤,,,,,Gemini-API,,,,
UgzFiMfOwCv16DZeMXR4AaABAg,fjWvVFT0vr0,91fa12f95efcfd1d8085f8edea4090e70758c489fac44fbb5e1799318610b962,msh blum brni pake mobil listrik banyak beredar video di X byd di parkir tiba2 berasap dan terbakar....,0,2025-07-28T18:54:22Z,2025-07-28T18:54:46Z,2026-09-19T00:23:09.886682+00:00,msh blum brni pakai mobil listrik banyak beredar video di x byd di parkir tiba2 berasap dan terbakar..,,,,,Gemini-API,,,,
Ugwh5nGcKrn2QdqZf0F4AaABAg,fjWvVFT0vr0,2f3a4600e28a5041ce25a5a016a9b66ed9499385cf79dc2fe5b5528aad30e71a,Sedikit masukan bang kasih tau tinggi abang yg nyobain brpa jadi kita bisa ngira2 klo kita lbh pendek apa lebih tinggi bang,0,2025-08-23T05:54:47Z,2025-08-23T05:54:47Z,2026-09-19T00:23:09.886682+00:00,sedikit masukan bang kasih tau tinggi abang yg nyobain brpa jadi kita bisa ngira2 kalau kita lbh pendek apa lebih tinggi bang,,,,,Gemini-API,,,,
Ugxu8hoZJWsx30onex14AaABAg,fjWvVFT0vr0,aebcebe0444df708ec5d85495be18fa9bc53e35fa292986c0ef4e781b6d9ed06,LCGC siap2 tutup pabrik kayaknya,0,2025-07-27T14:22:55Z,2025-07-27T14:22:55Z,2026-09-19T00:23:09.886682+00:00,lcgc siap2 tutup pabrik kayaknya,,,,,Gemini-API,,,,
UgypZ3wQroMs5rD7tzJ4AaABAg,fjWvVFT0vr0,a8bc4372c4fabaf8a1d6d69f318651497fdf8f225c9a579d9c6bb8a71915f967,Duh gantengnya ini si Atto. Andai gw bisa merayu suami gue buat beliin. Bosen pake Honda atau toyota nih gue bosen bosen bosen,0,2025-08-16T07:38:19Z,2025-08-16T07:38:19Z,2026-09-19T00:23:09.886682+00:00,duh gantengnya ini si atto. andai gw bisa merayu suami gue buat beliin. bosen pakai honda atau toyota nih gue bosen bosen bosen,,,,,Gemini-API,,,,
UgwVImJV9rf8dVCZXwR4AaABAg,fjWvVFT0vr0,3ee0d4ace9e480b8c0c7186918c8d65f092c5b1afa7f6b185e926ccb635911ff,Brio Agya Ayla Nasibmu Kini,1,2025-07-26T04:37:15Z,2025-07-26T04:37:15Z,2026-09-19T00:23:09.886682+00:00,brio agya ayla nasibmu kini,,,,,Gemini-API,,,,
UgyCoB2h719PkDZC2Mx4AaABAg,fjWvVFT0vr0,db549cb591174bf45137b3e0510f156ffa6ba317bc52187dde98ebc6288efa4d,Cocok gak untuk mobil pertama yang baru belajar nyetir?,1,2025-12-15T13:44:42Z,2025-12-15T13:44:42Z,2026-09-19T00:23:09.886682+00:00,cocok tidak untuk mobil pertama yang baru belajar nyetir?,,,,,Gemini-API,,,,
UgwAIT2ws2KsGEPaAyh4AaABAg,fjWvVFT0vr0,b0eb7ef14412a982800375812160133ca6211b575849b143a3732a2721f9883b,Ganjilgenap makin kusut dahhh😅,0,2025-07-26T09:16:18Z,2025-07-26T09:16:18Z,2026-09-19T00:23:09.886682+00:00,ganjilgenap makin kusut dahh😅,,,,,Gemini-API,,,,
UgxlveNuAOFEXJkbvNp4AaABAg,fjWvVFT0vr0,b0a395bbf33f853cfef25a1791ff440edde792e4f39846740e6e7314fab3cef5,"Beda lah, bensin sama listrik, justru malah yang ke ganggu air ev",0,2025-07-26T08:15:08Z,2025-07-26T08:15:08Z,2026-09-19T00:23:09.886682+00:00,"beda lah, bensin sama listrik, justru malah yang ke ganggu air ev",,,,,Gemini-API,,,,
UgyvOsem1DBBGFomQp14AaABAg,fjWvVFT0vr0,a849f923194a2982854d5c2f2abbb8ff55106427d7282d4e95c49a51ad5dbc62,Mending mobil yg berbahan bakar bang dri pada listrik. Law bagi saya. Krn UD terbukti tahan dan GK mati pasaran,0,2025-08-19T12:57:18Z,2025-08-19T12:57:18Z,2026-09-19T00:23:09.886682+00:00,lebih baik mobil yg berbahan bakar bang dri pada listrik. law bagi saya. karena ud terbukti tahan dan tidak mati pasaran,,,,,Gemini-API,,,,
Ugyk4JjzkEosLhSo0f94AaABAg,fjWvVFT0vr0,1c381c1b3d4de84d45282002a12f925cc5f6942a5011521fd28eadcf411951d7,Medan tanjakan pegunungan gacor gak ya bang?,0,2025-12-02T01:40:01Z,2025-12-02T01:40:01Z,2026-09-19T00:23:09.886682+00:00,medan tanjakan pegunungan sangat bagus tidak ya bang?,,,,,Gemini-API,,,,
UgzVbm8oA3Qg_ycJ1UF4AaABAg,Bx-XDBdN7nA,ea8017a490d3982b6cafe842ce4a78c0092764e727bc75f0ad0d3f4303f45011,beli ah,0,2025-11-18T09:01:49Z,2025-11-18T09:01:49Z,2026-09-19T00:23:00.712565+00:00,beli ah,,,,,Gemini-API,,,,
Ugw640-92pa6D8KEgtF4AaABAg,J00aDzfK8WQ,42efae8ba36e1818fad84872271ddf37e4a0a233f5e610de148fd8c9c895b168,Penasaran yg dynamic om.. krn yg downgrade cuma defog blkg 😂,13,2026-05-26T02:15:49Z,2026-05-26T02:15:49Z,2026-09-19T00:23:10.549263+00:00,penasaran yg dynamic om.. karena yg downgrade cuma defog blkg 😂,,,,,Gemini-API,,,,
UgxsleFTyS5WYUhh_Lx4AaABAg,J00aDzfK8WQ,aafbea55b1d155795ac5e0df63a6360a8e598e18e7692b51607544031173834e,Kenapa sih uda CKD warna gak ditambahin? Padahal di negara lain banyak warna. Pilihan warna di sini cuma 3. Pasang stiker wrapping gak kelihatan bagus,3,2026-05-29T16:07:19Z,2026-05-29T16:07:19Z,2026-09-19T00:23:10.549263+00:00,kenapa sih uda ckd warna tidak ditambahin? padahal di negara lain banyak warna. pilihan warna di sini cuma 3. pasang stiker wrapping tidak kelihatan bagus,,,,,Gemini-API,,,,
UgwT8jwvYM685S78By14AaABAg,fjWvVFT0vr0,f5a4b98a21b5eecdec542ddec0383c8d250ec5c07b32046a6b5d0bfc9f230fec,Suara reviewernya nge-gas2 bikin kaget,0,2025-07-28T07:12:46Z,2025-07-28T07:12:46Z,2026-09-19T00:23:09.885658+00:00,suara reviewernya nge-gas2 bikin kaget,,,,,Gemini-API,,,,
UgwEFfpRHr1-0t8M9eV4AaABAg,VEXJp_L57Nk,4ed60f986f44bc44eb2ae820f254811ea055c00fea53df594ae9ef6d07f9c842,bentukan mirip gr yaris malah,4,2025-10-03T14:42:48Z,2025-10-03T14:42:48Z,2026-09-19T00:23:10.716076+00:00,bentukan mirip gr yaris malah,,,,,Gemini-API,,,,
UgxJMhY6U45euxuz5c54AaABAg,Bx-XDBdN7nA,2bd8cfc323aee17b405f14b206cde6ed8ffd7f5602ee370883692a0386ec74a9,Mantap sudah waktunya pakai mobil dan motor listrik semoga sukses selalu amin amin ya rabbal alamin ❤❤❤❤❤❤❤❤,0,2026-07-16T23:18:46Z,2026-07-16T23:18:46Z,2026-09-19T00:23:00.712565+00:00,bagus sudah waktunya pakai mobil dan motor listrik semoga sukses selalu amin amin ya rabbal alamin ❤❤,,,,,Gemini-API,,,,
Ugyz0bgPydYh0_ftbl14AaABAg,Bx-XDBdN7nA,f0872bd766eb75ef744fe2992ce8b1487dac4dce0b9c89828a6077c977869a83,Kereeennnn,0,2026-04-01T07:59:10Z,2026-04-01T07:59:10Z,2026-09-19T00:23:00.712565+00:00,kereenn,,,,,Gemini-API,,,,
Ugw7jI2DKnxQXkO1gWd4AaABAg,z1fWo8tYynA,ec6469afd1347d2038dd93818b0225d46b7e7d11267ff73ae02d44215b40514e,Bakal jadi mobil sejuta umat nih,107,2025-09-17T16:19:39Z,2025-09-17T16:19:39Z,2026-09-19T00:23:10.960426+00:00,bakal jadi mobil sejuta umat nih,,,,,Gemini-API,,,,
Ugza6BoRg3Us2i8WF3Z4AaABAg,z1fWo8tYynA,2fae44c58fde4d6d4e4ae1bd11d4aee9fb65ad9fc30ef15719898bed12862098,"Udah lihat aslinya di jalan kemarin,ternyata aslinya lebih ganteng gaess BYD atto 1 ini❤",30,2025-09-19T13:17:47Z,2025-09-19T13:17:47Z,2026-09-19T00:23:10.960426+00:00,"udah lihat aslinya di jalan kemarin,ternyata aslinya lebih ganteng gaess byd atto 1 ini❤",,,,,Gemini-API,,,,
UgwB6iuuwOtSAxQSn9F4AaABAg,z1fWo8tYynA,a5911eeebd5408b1b5e0fa6a762e16c9d05543e54d5066e960ab4c39f53dbd30,Yg sdh ngiler dgn byd atto semoga segera memilikinya di parkiran rumahnya...,399,2025-09-17T13:53:00Z,2025-09-17T13:53:00Z,2026-09-19T00:23:10.960426+00:00,yg sudah ngiler dengan byd atto semoga segera memilikinya di parkiran rumahnya..,,,,,Gemini-API,,,,
Ugy7PDu1VTMs4f9oQph4AaABAg,VEXJp_L57Nk,2fc2ff8cf2355ce7519d055f3324a49ab29477fe0a907e76a04c438459569c30,Saya msh ragu beli mbl listrik perasaan takut koslet,0,2025-10-03T12:15:23Z,2025-10-03T12:15:23Z,2026-09-19T00:23:10.716076+00:00,saya msh ragu beli mbl listrik perasaan takut koslet,,,,,Gemini-API,,,,
UgwtIzgWHJoWyqEDjDR4AaABAg,VEXJp_L57Nk,2cf86459c19a79d1864c997b2972bb1cdd4220dceb8ba3fe1be82ee3265e6dc5,"setuju siksoal design .. depan keren, samping cakeep bgt, belakang yg kureng",2,2025-10-05T08:27:00Z,2025-10-05T08:27:00Z,2026-09-19T00:23:10.716076+00:00,"setuju siksoal design .. depan keren, samping cakeep bgt, belakang yg kureng",,,,,Gemini-API,,,,
UgyTmOiikj86XTEjXyN4AaABAg,Vu0ayycGXbI,9c909500a960ca969ce9f00315bd031a44b4183e95c5d5fe5c46213e78928f85,"Keren bgt review nya terbaik sih ini review nya, MG S5 donk bang sama Xpeng G6 belom test nanjak, sehat selalu smuanya tim nanjak nya ya",0,2026-02-23T13:29:22Z,2026-02-23T13:29:22Z,2026-09-19T00:23:03.311589+00:00,"keren banget review nya terbaik sih ini review nya, mg s5 donk bang sama xpeng g6 belom test nanjak, sehat selalu smuanya tim nanjak nya ya",,,,,Gemini-API,,,,
Ugwor9NxnPqKnMLbg9x4AaABAg,VEXJp_L57Nk,f6d7627828067bf7a1b2cca19d9f0963bf69facfb9dc91c3f625a1598f1bae89,"Tadi di info SPK siang tadi bisa serah terima unit November karena ada stok free 3 unit.
Tqpi jujur aja pas liat langsung agak kurang sreg, mamng di banding LCGC terasa lebih bagus, tapi kalau di banding binguo, BQ menurut saya bagus binguo.",1,2025-10-03T14:10:47Z,2025-10-03T14:10:47Z,2026-09-19T00:23:10.716076+00:00,"tadi di info spk siang tadi bisa serah terima unit november karena ada stok free 3 unit. tqpi jujur aja pas liat langsung agak kurang sreg, mamng di banding lcgc terasa lebih bagus, tapi kalau di banding binguo, bq menurut saya bagus binguo.",,,,,Gemini-API,,,,
UgyD1nbsMs53FF6D7iV4AaABAg,VEXJp_L57Nk,ced9a3f33a8d8fdc4289c3c10f502f4bdf85d162dd91cfe3bf2c28b3646bc9ee,"Mau beli, masih khawatir pom listrik nya. Gak semua ada sih.",0,2025-10-03T23:51:50Z,2025-10-03T23:51:50Z,2026-09-19T00:23:10.716076+00:00,"mau beli, masih khawatir pom listrik nya. tidak semua ada sih.",,,,,Gemini-API,,,,
UgzZsVu950hQBQXxgUZ4AaABAg,VEXJp_L57Nk,3c092641817d887625c580500c1b92f08f117df155250a728ff641acd8b8c188,ga ada warna abu !!  payah !,1,2025-10-03T15:26:02Z,2025-10-03T15:26:02Z,2026-09-19T00:23:10.716076+00:00,tidak ada warna abu !! payah !,,,,,Gemini-API,,,,
UgxudsdwimRqPzM6FUh4AaABAg,VEXJp_L57Nk,6a4bfe5d1e588f1975b1c658363ddf865581066c315c9150ee7ee81accac6df7,ngga ada ban cadangan yaa,0,2025-10-03T23:52:46Z,2025-10-03T23:52:46Z,2026-09-19T00:23:10.716076+00:00,tidak ada ban cadangan yaa,,,,,Gemini-API,,,,
Ugy4dpclte94z3SXsKJ4AaABAg,VEXJp_L57Nk,c583867950fde1a95d33846c534336dfb0193474e1a4557ccd2dee86add6663c,Jadi konsumsi per kwh g sesuai claim dong ya kalau dibawa sesuai pengetesan ini,1,2025-10-04T08:34:49Z,2025-10-04T08:34:49Z,2026-09-19T00:23:10.716076+00:00,jadi konsumsi per kwh g sesuai claim dong ya kalau dibawa sesuai pengetesan ini,,,,,Gemini-API,,,,
UgzBUoPSDGrg2tJQHk54AaABAg,VEXJp_L57Nk,f2bb509a92c119c4babad4f6eeb6213d0c2b56e25335f9d71f826ca65eec6f05,Kok w keliling jkt saban hari blm pernah liat atto 1 wara wiri ya 🤔,1,2025-10-03T19:26:07Z,2025-10-03T19:26:07Z,2026-09-19T00:23:10.716076+00:00,kok w keliling jkt saban hari belum pernah liat atto 1 wara wiri ya 🤔,,,,,Gemini-API,,,,
Ugw82G0HvoEeX4Gujkh4AaABAg,VEXJp_L57Nk,1ffdd7b71d8b758ba2fda70c8489c5f6f1ac50efa1cd48b3043031f7decb71d5,"2:40 Pilihan warna cuma 3 jelas sangat tidak cukup, mengingat ini mobil kecil dan akan jd EV sejuta umat

Apalagi model2 BYD yg lebih besar bs ksh banyak warna bahkan Denza D9 pun pilihan warnanya lebih byk dr Atto1",1,2025-10-03T14:24:50Z,2025-10-03T14:24:50Z,2026-09-19T00:23:10.716076+00:00,"2:40 pilihan warna cuma 3 jelas sangat tidak cukup, mengingat ini mobil kecil dan akan jd ev sejuta umat apalagi model2 byd yg lebih besar bs ksh banyak warna bahkan denza d9 pun pilihan warnanya lebih byk dari atto1",,,,,Gemini-API,,,,
UgwBg3YogmdttxcQWnl4AaABAg,VEXJp_L57Nk,d7f5050292ee21fd5513e5b94362515a31caafe2d1d5b7701cbc18333c99410f,"Pakai m6 bisa 1:7 mpe 1:8...
Atto 1 sudah spk, klo dlm kota aku coba bisa koq 1:10 lebih",0,2025-10-03T23:58:31Z,2025-10-03T23:58:31Z,2026-09-19T00:23:10.716076+00:00,"pakai m6 bisa 1:7 mpe 1:8.. atto 1 sudah spk, kalau dlm kota aku coba bisa koq 1:10 lebih",,,,,Gemini-API,,,,
UgxN4wxrepmK3cQMof94AaABAg,Bx-XDBdN7nA,84b8902f0cd5776c7a25ad32cad48e1280bced67ac692dcd7946f2d85ae6d4d1,"Chery grup produkny selalu ""gila""  😂 🎉🎉👏👏",3,2025-11-16T13:17:50Z,2025-11-16T13:17:50Z,2026-09-19T00:23:00.712565+00:00,"chery grup produkny selalu ""gila"" 😂 🎉🎉👏👏",,,,,Gemini-API,,,,
UgwPlP0fnvFiHSG_5pN4AaABAg,VEXJp_L57Nk,7cf01ee4c6f0b20a925dcd45e1143b3abc2014c2d838fe159e535825bf656c60,Spion atto1 udah bisa lipet otomatis ga sih bang?,0,2025-10-09T03:28:39Z,2025-10-09T03:28:39Z,2026-09-19T00:23:10.716076+00:00,spion atto1 udah bisa lipet otomatis tidak sih bang?,,,,,Gemini-API,,,,
UgzrvkVG-_mBCtkegBl4AaABAg,Bx-XDBdN7nA,02db833624825b4e72deee7b6b019f0a802ccfaf65577775b73765fac931ee94,"Mantab ••••••••> be
     Mantab Lagi Bisa Produk
            Asli ------> Indonesia
Kwalitas yang Hampir Sama ........",1,2025-11-21T14:09:03Z,2025-11-21T14:09:03Z,2026-09-19T00:23:00.712565+00:00,mantab ••> be mantab lagi bisa produk asli --> indonesia kwalitas yang hampir sama ..,,,,,Gemini-API,,,,
UgyRNYtgV8_ER-iQNBB4AaABAg,VEXJp_L57Nk,774010dba01e649a17a8c62f913386a362af827d839cb0bf0883c27709101d72,apakah bijak menjadi kan mobil listrik sebagai mobil pertama?,0,2025-12-03T05:54:33Z,2025-12-03T05:54:33Z,2026-09-19T00:23:10.716076+00:00,apakah bijak menjadi kan mobil listrik sebagai mobil pertama?,,,,,Gemini-API,,,,
Ugx8s2k0_Rx5PtoqMPV4AaABAg,VEXJp_L57Nk,54289342a4f6558b765a75862acd8a9fc181e5a3aafb5c8f6e29adf6e97f9045,Dari giias masih belum muncul ni. Mobil di jalan 🙄,0,2025-10-03T22:11:01Z,2025-10-03T22:11:01Z,2026-09-19T00:23:10.716076+00:00,dari giias masih belum muncul ni. mobil di jalan 🙄,,,,,Gemini-API,,,,
Ugx3YjrLFbNG9MI5Mbh4AaABAg,Bx-XDBdN7nA,ced9a3f33a8d8fdc4289c3c10f502f4bdf85d162dd91cfe3bf2c28b3646bc9ee,Fantastik,0,2025-11-16T08:05:15Z,2025-11-16T08:05:15Z,2026-09-19T00:23:00.712565+00:00,fantastik,,,,,Gemini-API,,,,
Ugz_vzKwDdD19KE2FuZ4AaABAg,VEXJp_L57Nk,9654b3cb89ee269b676607f275a9177b065629d4a6b568a131d467353b22603b,"10 tahun pakai pajero sport dakar 4x4 dan 4x2 ultimate, ganti atto 1 spk Agustus 😂😂 moga2 Oktober ini deliver",0,2025-10-12T11:34:49Z,2025-10-12T11:35:50Z,2026-09-19T00:23:10.716076+00:00,"10 tahun pakai pajero sport dakar 4x4 dan 4x2 ultimate, ganti atto 1 spk agustus 😂😂 moga2 oktober ini deliver",,,,,Gemini-API,,,,
UgwjaTxVuY_0G64nizt4AaABAg,Bx-XDBdN7nA,c23228984efc16f5531bdfd70e031aafe451cc2bb3cbfd90f88d9951fb017ca5,Pengen beli....🎉🎉🎉🎉,1,2025-11-17T14:04:17Z,2025-11-17T14:04:17Z,2026-09-19T00:23:00.712565+00:00,pengen beli..🎉🎉,,,,,Gemini-API,,,,
UgzE7fwydWcAbkXHDoZ4AaABAg,VEXJp_L57Nk,80c77d26ab96eb6f188e7dcfb8065ca2bb57e6048565be691ad518897fbc1867,"beyede atto satu, seharusnya pihak pemerintah diwajibkan kembali utk brand berbahasa asing membuat brand khusus utk indonesia agar mudah di eja dan diucapkan oleh orang indonesia, jangan lagi memajang plang nama toko atau swalayan serta nama produk yg di eja dengan ejaan non fonetik semacam inggris, cina atau prancis, kalaupun tidak lansung berbahasa indonesia seenggaknya pakai kata yang di eja persis seperti pengucapan orang indonesia, semacam bahasa latin, spanyol atau romawi, seperti wuling yang bikin almaz, toyota dengan agya, avanza, honda dengan brio, merek merek seperti raize dibaca rez, atau hrv dibaca eij ar vi, akan menyulitkan orang awam dalam membacanya, dimana di sumatra mobil fortuner dibaca porcun",0,2025-11-01T21:09:38Z,2025-11-01T21:09:38Z,2026-09-19T00:23:10.716076+00:00,"beyede atto satu, seharusnya pihak pemerintah diwajibkan kembali untuk brand berbahasa asing membuat brand khusus untuk indonesia agar mudah di eja dan diucapkan oleh orang indonesia, jangan lagi memajang plang nama toko atau swalayan serta nama produk yg di eja dengan ejaan non fonetik semacam inggris, cina atau prancis, kalaupun tidak lansung berbahasa indonesia seenggaknya pakai kata yang di eja persis seperti pengucapan orang indonesia, semacam bahasa latin, spanyol atau romawi, seperti wuling yang bikin almaz, toyota dengan agya, avanza, honda dengan brio, merek merek seperti raize dibaca rez, atau hrv dibaca eij ar vi, akan menyulitkan orang awam dalam membacanya, dimana di sumatra mobil fortuner dibaca porcun",,,,,Gemini-API,,,,
UgycjPb457L5KVb9zcR4AaABAg,z1fWo8tYynA,0f9dc2eefbb11af73c2a077ebce62535c21fd60f8fd9aaefd003cb94f0a025f4,"edukasi dong bang ... bikin garasi sebelum beli mobilnya.
karena bakal jadi mobil sejuta umat nih.",6,2025-11-17T04:22:43Z,2025-11-17T04:22:43Z,2026-09-19T00:23:10.960426+00:00,edukasi dong bang .. bikin garasi sebelum beli mobilnya. karena bakal jadi mobil sejuta umat nih.,,,,,Gemini-API,,,,
UgyXeEs-xDXaLV4setZ4AaABAg,z1fWo8tYynA,b9f2b9fe1723c08e558df41c55e279587eb48c27461422e4e113bd7b282e054f,Yang Atto1 nya udah pada sampe rumah angkat tangan semuaaaa setelah lama nunggu heheee,4,2025-11-05T16:25:30Z,2025-11-05T16:25:30Z,2026-09-19T00:23:10.960426+00:00,yang atto1 nya udah pada sampe rumah angkat tangan semuaa setelah lama nunggu hehee,,,,,Gemini-API,,,,
Ugz66QmIRO8wzgqkT6N4AaABAg,Bx-XDBdN7nA,80e789b008cafeaef8f07a74dbff39b4a9e824a4434e68084c3489145c03e81d,Uda ngikutin hilsat udah lama. Ini salah satu mobil yang dia excited nge reviewnya 😂,0,2026-05-18T08:39:51Z,2026-05-18T19:00:35Z,2026-09-19T00:23:00.712565+00:00,uda ngikutin hilsat udah lama. ini salah satu mobil yang dia excited nge reviewnya 😂,,,,,Gemini-API,,,,
Ugw0gZz3aZ1yip6bWYh4AaABAg,z1fWo8tYynA,15004c0544e467cffaa7d56edd37ddb6636f232809d863ac819190765ccb823d,"Buat yang beli mobil ini saya mohon kalo parkir jangan terlalu mundur yaaaaa, biar keliatan dari jauh kalo parkirannya occupied 

Bismillah yang pengen punya mobil ini disegerakan bisa punya 
🙏",1,2025-09-19T18:14:03Z,2025-09-19T18:14:03Z,2026-09-19T00:23:10.960426+00:00,"buat yang beli mobil ini saya mohon kalo parkir jangan terlalu mundur yaa, biar keliatan dari jauh kalo parkirannya occupied bismillah yang pengen punya mobil ini disegerakan bisa punya 🙏",,,,,Gemini-API,,,,
UgxgL41QkBbsJp1Wpm54AaABAg,z1fWo8tYynA,08810d6cbb37e965e413297ab75198d83a53eeeb63272e7fd21e39f1bbe5862b,Saking buru² upload sampe typo judul : SETALAH 😂,10,2025-09-17T13:23:16Z,2025-09-17T13:23:16Z,2026-09-19T00:23:10.960426+00:00,saking buru² upload sampe typo judul : setalah 😂,,,,,Gemini-API,,,,
UgxZTOUmpSVGewDe9m94AaABAg,z1fWo8tYynA,da9f371964ba73d262b9ca2977a582125c429a5ef99deda094e547434db7628e,"Udah test drive mobil ini , gilakkk joss pokoknya❤",0,2025-10-25T17:14:43Z,2025-10-25T17:14:43Z,2026-09-19T00:23:10.960426+00:00,"udah test drive mobil ini , gilakk joss pokoknya❤",,,,,Gemini-API,,,,
Ugz4Mlx2bO2fGUfM2YF4AaABAg,z1fWo8tYynA,b17886b6756ec3928530b0f7de8154200bc4f17f291a3f86706d06a51bd5d81d,keren banget Atto... seger,0,2025-09-17T12:22:34Z,2025-09-17T12:22:34Z,2026-09-19T00:23:10.960426+00:00,keren banget atto.. seger,,,,,Gemini-API,,,,
Ugzm4U6IknrQO3Wu-414AaABAg,z1fWo8tYynA,80de8516a773436b42e73356da0fadfc264afb0972008f031ca33dd57de8ffa9,6:48 lebih bagus lagi kalo handle pintu belakang di taro di samping kaca (kyk hrv/juke) jadi lebih clean look nya. Terus handle depan nya terlalu ke bawah bgt posisinya andai agak ke atas dikit lebih oke look nya,1,2025-10-02T03:50:06Z,2025-10-02T03:50:06Z,2026-09-19T00:23:10.960426+00:00,6:48 lebih bagus lagi kalo handle pintu belakang di taro di samping kaca (kyk hrv/juke) jadi lebih clean look nya. terus handle depan nya terlalu ke bawah banget posisinya andai agak ke atas dikit lebih oke look nya,,,,,Gemini-API,,,,
UgwACPjWG6IWjwBDHT54AaABAg,z1fWo8tYynA,57d325eb2e5ca1d8a8ec78e9dd28e368c0f70a9e8e85af0ff843ff93cd5f33f5,Om mobi gemukan lg nih..,1,2025-09-17T23:02:36Z,2025-09-17T23:02:36Z,2026-09-19T00:23:10.960426+00:00,om mobi gemukan lagi nih..,,,,,Gemini-API,,,,
Ugz8RozHjQ1Inrz7pZh4AaABAg,z1fWo8tYynA,e4fcf4878ee34d7d7ddcf21435f33618e7c08e66c1e273f893c0aff9d3ca3c08,mantab sukses selalu om.,1,2025-11-02T16:33:44Z,2025-11-02T16:33:44Z,2026-09-19T00:23:10.960426+00:00,mantab sukses selalu om.,,,,,Gemini-API,,,,
Ugzpg-XCMLFYxu6PMIF4AaABAg,Bx-XDBdN7nA,8cf30eb9434a50262ebef0b743e2099ff4e77fa2d953d1769605d1e1da522446,top banget nih mobil... semoga bisa kebeli,3,2025-11-16T11:00:35Z,2025-11-16T11:00:35Z,2026-09-19T00:23:00.712565+00:00,top banget nih mobil.. semoga bisa kebeli,,,,,Gemini-API,,,,
Ugy1fPAOTCGYy9t3L3d4AaABAg,Bx-XDBdN7nA,e1a764b77ab553e1a60002618b5e00a9231119b78402c934bb776524a7f55f41,Honda Brio ku mulai kawatir..,12,2025-11-16T09:57:02Z,2025-11-16T09:57:02Z,2026-09-19T00:23:00.712565+00:00,honda brio ku mulai kawatir..,,,,,Gemini-API,,,,
Ugyis7Awk1l6JI_YrFp4AaABAg,Bx-XDBdN7nA,fa0e98455d2f6fbff873ec933bb6dc60dfc7c880550bd65ebca89aa297568ea7,Inden yuk...tq reviewnya,4,2025-11-17T01:50:09Z,2025-11-17T01:50:09Z,2026-09-19T00:23:00.712565+00:00,inden yuk..tq reviewnya,,,,,Gemini-API,,,,
UgwqHJzfR1kd1FK1asR4AaABAg,z1fWo8tYynA,d7ad7f8bbf76fa23b33475c58e1f8c89df8828a0f2215355cb737aaab313197f,Selagi nunggu unit dateng.. nonton ini dulu…,0,2025-09-17T14:17:59Z,2025-09-17T14:17:59Z,2026-09-19T00:23:10.960426+00:00,selagi nunggu unit dateng.. nonton ini dulu…,,,,,Gemini-API,,,,
UgwPUi6Fx9GJH8_q86p4AaABAg,Bx-XDBdN7nA,5cf11bdb9470c9a1ef93e9f1fa6c6980f4c424fd76ffe85d5050eb96a567c772,Keren review Nya 👍👍👍,2,2025-11-17T09:32:44Z,2025-11-17T09:32:44Z,2026-09-19T00:23:00.712565+00:00,keren review nya 👍👍,,,,,Gemini-API,,,,
UgxX0V4Vsqmr3BU7tnt4AaABAg,Bx-XDBdN7nA,66a69093932e7ebae710c012e28de683fe48de92ef776fe029578d4cabbef706,Well done Jaecoo 👍👍,2,2025-11-17T16:52:46Z,2025-11-17T16:52:46Z,2026-09-19T00:23:00.712565+00:00,well done jaecoo 👍👍,,,,,Gemini-API,,,,
Ugxx4n0UP2LHulSyU3x4AaABAg,Bx-XDBdN7nA,a43b9534b1d38da95e345c6a73ff5a293213471b0dcbdbdfbcfafc076e8776a8,Gilaa ini. Awalnya no EV..jadi pengin. Andaikan ada versi HEV nya mau langsung beli deh 🔥,1,2025-11-20T14:48:57Z,2025-11-20T14:48:57Z,2026-09-19T00:23:00.712565+00:00,gilaa ini. awalnya no ev..jadi pengin. andaikan ada versi hev nya mau langsung beli deh 🔥,,,,,Gemini-API,,,,
Ugyv4wux0W7eGXr5As14AaABAg,z1fWo8tYynA,6e23d22c89ce84aa32829376f6a0760207b9830d00f7a8a22db77abc5bec1501,Handle pintu belakang di umpetin kayak Nissan juke cakep tuh dari samping kyk 2 pintu,2,2025-11-06T04:12:49Z,2025-11-06T04:12:49Z,2026-09-19T00:23:10.960426+00:00,handle pintu belakang di umpetin kayak nissan juke cakep tuh dari samping kyk 2 pintu,,,,,Gemini-API,,,,
Ugwm69hkSsxHXy31J-x4AaABAg,Bx-XDBdN7nA,16538e4fd925fee6784e0e670b598f5c09c90b356ae0b1ae082e010673f618ab,Waw slfok 16:40 sama mg cyberster keren juga ya,1,2025-12-17T14:07:05Z,2025-12-17T14:07:05Z,2026-09-19T00:23:00.712565+00:00,waw slfok 16:40 sama mg cyberster keren juga ya,,,,,Gemini-API,,,,
UgxQIOBsGpRefNOaRAh4AaABAg,z1fWo8tYynA,3473da9ad43621b5034924f81d776b55ad2329c4d1db560751a46a9e9dad5bdb,"bentuknya lambo banget
ternyata yg desain emang desainer Lambo wkwkwk",13,2025-09-18T01:06:11Z,2025-09-18T01:06:11Z,2026-09-19T00:23:10.960426+00:00,bentuknya lambo banget ternyata yg desain emang desainer lambo wkwkwk,,,,,Gemini-API,,,,
Ugw5r0aDR-o_RK5snDJ4AaABAg,Bx-XDBdN7nA,7e05acff39b4b5aa5ef266333de9ca16ea168c40ec74adc8b69dd03926ef29c7,Bebas. ALL IN.,0,2025-11-16T07:49:07Z,2025-11-16T07:49:07Z,2026-09-19T00:23:00.712565+00:00,bebas. all in.,,,,,Gemini-API,,,,
UgxRrw44oL6YGGntgB14AaABAg,z1fWo8tYynA,c1b44ab1c63c173efc984b37ec4189889b3a242ccb269f9b6a9dd4f5cef10f20,Semoga Allah memudahkan untuk beli BYD amin ya rabbal alamiin,0,2025-10-04T07:15:49Z,2025-10-04T07:15:49Z,2026-09-19T00:23:10.960426+00:00,semoga allah memudahkan untuk beli byd amin ya rabbal alamiin,,,,,Gemini-API,,,,
UgwOS1sgebD7XUHcGN54AaABAg,z1fWo8tYynA,9dfbc5a1d456af01f79f3aed6eaef79b9cd2ac14465263b383dbc5008507f523,pertama kali test drive ini rasanya sangat solid disetirnya untuk mobil 200jt. impressive,1,2026-01-15T06:34:44Z,2026-01-15T06:34:44Z,2026-09-19T00:23:10.960426+00:00,pertama kali test drive ini rasanya sangat solid disetirnya untuk mobil 200jt. impressive,,,,,Gemini-API,,,,
UgznKUV0mk-zuQoOS114AaABAg,Bx-XDBdN7nA,e76387dc83c4a0b2915904b683b7068fed398e918c621348a0894f111533b695,Sumpah pingin nagis gw liat mobil ini 😭😭,2,2025-11-17T10:02:51Z,2025-11-17T10:02:51Z,2026-09-19T00:23:00.712565+00:00,sumpah pingin nagis gw liat mobil ini 😭😭,,,,,Gemini-API,,,,
Ugx2NipmdqwFp9IMWzx4AaABAg,Bx-XDBdN7nA,763aabfa144e6f45206260ecd40c04d478163876d480ec317c325e676fef183d,Boengkoes...👌,1,2026-04-06T06:02:21Z,2026-04-06T06:02:21Z,2026-09-19T00:23:00.712565+00:00,boengkoes..👌,,,,,Gemini-API,,,,
UgyFCgTZOkYG9ewqg854AaABAg,z1fWo8tYynA,b8016d707442afafd049ce9a1baa7a2d7348b3d4fdb8807e3840d34f57c96ce3,TERIMAKASIH INFOLENGKAPNYAA OM MOBI👍🏼,1,2025-09-18T13:25:26Z,2025-09-18T13:25:26Z,2026-09-19T00:23:10.960426+00:00,terimakasih infolengkapnyaa om mobi👍🏼,,,,,Gemini-API,,,,
Ugz_XYgDvIMDu6RPZtJ4AaABAg,z1fWo8tYynA,f3befd64f95c8a9a3f66da2d4e8dacfca7e4963b95ab9dde7882ba2a048a804f,Di Riau sudah mulai banyak konsumen BYD berseliweran dijalan.,3,2025-09-19T13:17:45Z,2025-09-19T13:17:45Z,2026-09-19T00:23:10.960426+00:00,di riau sudah mulai banyak konsumen byd berseliweran dijalan.,,,,,Gemini-API,,,,
Ugx4XxL9vEN7zX189Fl4AaABAg,Bx-XDBdN7nA,79839e2674090b0aa548ac9b49e5e3ddbcb622bbf6917d6620a55ba728531c41,Waduh mantap nih jadi mau beli,1,2025-12-08T14:34:14Z,2025-12-08T14:34:14Z,2026-09-19T00:23:00.712565+00:00,waduh bagus nih jadi mau beli,,,,,Gemini-API,,,,
Ugx7Q02VgXNi4wD-x3V4AaABAg,VEXJp_L57Nk,6312c472016597b94dba650316487982d972c5b08fd9df61529a6ecfe8ecdec4,Ni mobil makan 2 segmen yaitu lcgc dan hatchback ya notabenenya mobil city car semua,2,2025-10-04T02:57:00Z,2025-10-04T02:57:00Z,2026-09-19T00:23:10.716076+00:00,ni mobil makan 2 segmen yaitu lcgc dan hatchback ya notabenenya mobil city car semua,,,,,Gemini-API,,,,
Ugxc4Zb7SSLxk3cchBl4AaABAg,VEXJp_L57Nk,6ada23edf49755e10e979b454dcc96a0ad02e59ee2ce73366e9f6626f018a21e,gak ada yang bahas kolongnya yang tanpa pengaman ya,6,2025-10-08T03:10:16Z,2025-10-08T03:10:16Z,2026-09-19T00:23:10.716076+00:00,tidak ada yang bahas kolongnya yang tanpa pengaman ya,,,,,Gemini-API,,,,
UgyQYgW3_nf-oUTcvh94AaABAg,Bx-XDBdN7nA,4d52f1b82705eea1a689f19deeb9b95d7ab46adf98aa9ca095963f5fc2b4bee4,"tuas sein kiri kanan di sisi kiri setir. utk pengendara yg biasa bawa mobil jepang, terbiasa tuas sein di kanan, malah jd mengaktifkan transmisi P/R/D.... bahaya",1,2025-11-20T02:43:04Z,2025-11-20T02:43:04Z,2026-09-19T00:23:00.712565+00:00,"tuas sein kiri kanan di sisi kiri setir. untuk pengendara yg biasa bawa mobil jepang, terbiasa tuas sein di kanan, malah jd mengaktifkan transmisi p/r/d.. bahaya",,,,,Gemini-API,,,,
UgwPiByCYrpksE3PRqR4AaABAg,VEXJp_L57Nk,a007c18a79efc678a201e897afe09db4e81df11156c276476046ec2082379a1e,"Mending bensin, biar bahlil bisa joget2 depan spbu",1,2025-10-04T03:30:05Z,2025-10-04T03:30:05Z,2026-09-19T00:23:10.716076+00:00,"lebih baik bensin, biar bahlil bisa joget2 depan spbu",,,,,Gemini-API,,,,
UgzYBs13lFIxOASDJ-p4AaABAg,J00aDzfK8WQ,b469d74beb393bdcdd77677310ce364cf18cd7aaf2eb11d975ad09c6d61fa54c,Itu di mana om?,0,2026-06-01T18:03:18Z,2026-06-01T18:03:18Z,2026-09-19T00:23:10.549263+00:00,itu di mana om?,,,,,Gemini-API,,,,
UgxoBgpyVkU3kkn7EDx4AaABAg,J00aDzfK8WQ,e7ccc0f407a89cd214500f8196ef44b0cf1136964d8839426ed6057c04493ecc,Dynamic ckd vs build up beda nya apa ya?,0,2026-06-22T15:23:08Z,2026-06-22T15:23:08Z,2026-09-19T00:23:10.549263+00:00,dynamic ckd vs build up beda nya apa ya?,,,,,Gemini-API,,,,
UgwuvgCaO788IWqzcPt4AaABAg,J00aDzfK8WQ,773496c0fe63d812268988ed60cfd3103163b79eb04306d89424aa4bd424e364,Apa bisa di charger dirumah om?,0,2026-07-11T00:43:37Z,2026-07-11T00:43:37Z,2026-09-19T00:23:10.549263+00:00,apa bisa di charger dirumah om?,,,,,Gemini-API,,,,
UgzdcY0fMW9Rf0HymWN4AaABAg,J00aDzfK8WQ,e2ac2a42f0461419e1bc66bb1ffb6744c95086da626de9dd85ae0bcf92cf710e,Katanya 100jtan om?😢,0,2026-05-27T11:31:35Z,2026-05-27T11:31:35Z,2026-09-19T00:23:10.549263+00:00,katanya 100jtan om?😢,,,,,Gemini-API,,,,
UgzAso0EI2NqzQMZsDZ4AaABAg,Bx-XDBdN7nA,ff50b7c5e2f1a1168b9e42ee420651585039b55886e07a478d403e6ba758df23,Cb ad jaecoo yg ky gini model  bensin hrga dibawah avanza dikit pasti seru 😅,1,2025-11-17T11:24:25Z,2025-11-17T11:24:25Z,2026-09-19T00:23:00.712565+00:00,cb ad jaecoo yg ky gini model bensin hrga dibawah avanza dikit pasti seru 😅,,,,,Gemini-API,,,,
UgzRsvUN5TjxmWrcDRB4AaABAg,J00aDzfK8WQ,819756395d5ec33daa34d199c13ac44fb4b298581b70dcb720ca4b8878a22651,Built qualitynya gimna om? Lebih bagus atau kurang dibandingkan cbu,0,2026-06-15T22:07:12Z,2026-06-15T22:07:12Z,2026-09-19T00:23:10.549263+00:00,built qualitynya gimna om? lebih bagus atau kurang dibandingkan cbu,,,,,Gemini-API,,,,
Ugw5q8VojfgUMxuF_TJ4AaABAg,J00aDzfK8WQ,9434cb3611f8e085c56814ab29d4eb1ca5ef7567a94192c3e9e256eba6cab423,Kapan ready di pasaran yg ckd ini om?,0,2026-05-26T14:07:11Z,2026-05-26T14:07:11Z,2026-09-19T00:23:10.549263+00:00,kapan ready di pasaran yg ckd ini om?,,,,,Gemini-API,,,,
UgxY814LuidwWbRSWYx4AaABAg,J00aDzfK8WQ,2a37b3583a03fcedd84c81e734ae4a34976e4d4e771237c4623e671cdc5302bd,Opsi warnanya masih sama kah? 🤔,1,2026-05-26T01:46:51Z,2026-05-26T01:46:51Z,2026-09-19T00:23:10.549263+00:00,opsi warnanya masih sama kah? 🤔,,,,,Gemini-API,,,,
UgzZSIl9quRMgqjFNIp4AaABAg,J00aDzfK8WQ,077d14fa8a79f31fd015ccf08750575cd0157f1aaa382eeabdc300b8635498ef,"Info awal, kaca spion jadi hitam, gak sewarna body mobil... keliatannya gak jadi ya?",0,2026-05-26T05:36:34Z,2026-05-26T05:36:34Z,2026-09-19T00:23:10.549263+00:00,"info awal, kaca spion jadi hitam, tidak sewarna body mobil.. keliatannya tidak jadi ya?",,,,,Gemini-API,,,,
UgzLKHBDP1_V5AnhSdd4AaABAg,J00aDzfK8WQ,a5e4d4854d80a8fdeee36b7e0fd9dacabd080fb15b935edab7be3b18854e7f59,layar nya makin gede ya? beda berapa inch dari yg sebelum nya?,0,2026-05-28T03:24:08Z,2026-05-28T03:24:08Z,2026-09-19T00:23:10.549263+00:00,layar nya makin gede ya? beda berapa inch dari yg sebelum nya?,,,,,Gemini-API,,,,
Ugw4MGXNjJ_jrfIZgfV4AaABAg,J00aDzfK8WQ,db057e460cb0b30b25af7a26161de86ea9e7d432ac52b585915a94cf81915468,Tombol star stop menurut saya kurang bagus di situ krn klo ada anak kecil yg nakal gak bisa diam takutnya pas di jalan ke pencet🙏🏻🙏🏻,0,2026-05-26T00:10:27Z,2026-05-26T00:10:27Z,2026-09-19T00:23:10.549263+00:00,tombol star stop menurut saya kurang bagus di situ karena kalau ada anak kecil yg nakal tidak bisa diam takutnya pas di jalan ke pencet🙏🏻🙏🏻,,,,,Gemini-API,,,,
UgxO20YxES_YU5Mc1d94AaABAg,J00aDzfK8WQ,f298c18fb675d85c1f532059722b84e03786de7ea592033ca6e90de32d4fda51,"yang kurang kebanyakan yang nggak bisa ditambahin sendiri ya, airbag di kursi sama pilar a-c, heater ac, defogger...",0,2026-06-08T02:33:14Z,2026-06-08T02:33:14Z,2026-09-19T00:23:10.549263+00:00,"yang kurang kebanyakan yang tidak bisa ditambahin sendiri ya, airbag di kursi sama pilar a-c, heater ac, defogger..",,,,,Gemini-API,,,,
Ugw_CXL0mcMkvp_qiA14AaABAg,J00aDzfK8WQ,f9c1de32e0c930dcd9b992d8d06132eec52402a6fd6746ab857ff9c6c333e57d,Bulatan diatas plafon depan sun visor itu apa ya? Yang dulu ga ada,0,2026-05-26T04:25:04Z,2026-05-26T04:25:04Z,2026-09-19T00:23:10.549263+00:00,bulatan diatas plafon depan sun visor itu apa ya? yang dulu tidak ada,,,,,Gemini-API,,,,
UgzMuRy1SIh1c2xxZ3V4AaABAg,Bx-XDBdN7nA,a54130a6f78ca93f0e171698951aeb94d268576b445cd22cc38a7a7a40a2d8f0,jadi pingin,0,2025-11-20T10:32:30Z,2025-11-20T10:32:30Z,2026-09-19T00:23:00.712565+00:00,jadi pingin,,,,,Gemini-API,,,,
Ugzxjcsxc_1fuP8VeRV4AaABAg,J00aDzfK8WQ,f600c8b80228bb72e42fa1214ef537a06f535e64dd71a49a07e51c52bd94ff0a,Yang disuruh nyalain lampu lampu gak konek gitu om.,0,2026-05-25T15:08:48Z,2026-05-25T15:08:48Z,2026-09-19T00:23:10.549263+00:00,yang disuruh nyalain lampu lampu tidak konek gitu om.,,,,,Gemini-API,,,,
Ugz6-Yr5T4tZgvYhBuR4AaABAg,J00aDzfK8WQ,00f134f049cea3284739ef6e4f330c715e65a6a764642ee0831d9558c893774a,"Ckd malah naik hrg nya😅
Kebiasaan Indo😅",7,2026-05-25T15:20:06Z,2026-05-25T15:20:06Z,2026-09-19T00:23:10.549263+00:00,ckd malah naik hrg nya😅 kebiasaan indo😅,,,,,Gemini-API,,,,
UgyHa02-Q1_scCO4zcx4AaABAg,Bx-XDBdN7nA,cd9f36de6b3bd9d54dcaf3415000645d4f0ebb7832d88bbb182496472052c36e,Bagasi depan klo beli duren aman baunya gk nyebar kedalam kabin,7,2025-11-17T03:56:58Z,2025-11-17T03:56:58Z,2026-09-19T00:23:00.712565+00:00,bagasi depan kalau beli duren aman baunya tidak nyebar kedalam kabin,,,,,Gemini-API,,,,
Ugwm8JTu5REvl_mybmV4AaABAg,Bx-XDBdN7nA,b4870621051677b5e6f43114820ca3251805c1b3b4b1bd24f40ddb01a7dfe2be,Semoga ada hp (baca mobil ev) dibawah 150 juta..,1,2025-11-27T02:02:10Z,2025-11-27T02:02:10Z,2026-09-19T00:23:00.712565+00:00,semoga ada hp (baca mobil ev) dibawah 150 juta..,,,,,Gemini-API,,,,
UgyaZ-xOK_jHXO0v5nJ4AaABAg,Bx-XDBdN7nA,a2f08eeb5a827307fc29ac655f8e0bdf861ce91ba8212de71d7653b25b3a22dc,To good to be true ini lah yang bikin saya susah bgt percaya sama brand mobil china yang baru2 😶😶😶,1,2025-11-23T00:13:59Z,2025-11-23T00:13:59Z,2026-09-19T00:23:00.712565+00:00,to good to be true ini lah yang bikin saya susah banget percaya sama brand mobil china yang baru2 😶😶,,,,,Gemini-API,,,,
UgxS-wrJl8uyJPrEqSJ4AaABAg,Bx-XDBdN7nA,5a1eaddc9b8ba8b414b751598ee1192842dfafb8aa65835a41a3162b0700bf59,"Jaecoo J5 akan menjadi rival dari BYD Atto 2 yang akan launching di akhir tahun ini. SUV Compact seukuran Jaecoo J5, HRV. BYD Atto 2 sudah launching di Eropa, Australia dan Malaysia. NJKB (Nilai Jual Kendaraan Bermotor) Badan Pendapatan Daerah Pemerintah Provinsi DKI Jakarta untuk BYD Atto 2 adalah sekitar Rp245 juta (varian standar) dan Rp281 juta (varian top-end).",9,2025-11-16T07:54:45Z,2025-11-16T07:54:45Z,2026-09-19T00:23:00.712565+00:00,"jaecoo j5 akan menjadi rival dari byd atto 2 yang akan launching di akhir tahun ini. suv compact seukuran jaecoo j5, hrv. byd atto 2 sudah launching di eropa, australia dan malaysia. njkb (nilai jual kendaraan bermotor) badan pendapatan daerah pemerintah provinsi dki jakarta untuk byd atto 2 adalah sekitar rp245 juta (varian standar) dan rp281 juta (varian top-end).",,,,,Gemini-API,,,,
Ugyww6NPU_aPQRv4-Yx4AaABAg,J00aDzfK8WQ,16e73561aebdb0e3ab4ee96778c9fd72c9210bc9c67944ec3137fc49f4444186,Semoga aman dan tidak meledak.,0,2026-05-26T06:17:44Z,2026-05-26T06:17:44Z,2026-09-19T00:23:10.549263+00:00,semoga aman dan tidak meledak.,,,,,Gemini-API,,,,
UgxzRZ_Tc7XU5XsJ6OZ4AaABAg,J00aDzfK8WQ,8ef158996a1edad39c6599307d6fceef2cc84d87aec81b1b5182b77b44fa3608,itu di headunit Youtubenya bisa play video sambil mobil jalan?,4,2026-05-25T16:09:50Z,2026-05-25T16:10:08Z,2026-09-19T00:23:10.549263+00:00,itu di headunit youtubenya bisa play video sambil mobil jalan?,,,,,Gemini-API,,,,
UgzqyLxY4N9f56pOcpZ4AaABAg,J00aDzfK8WQ,238c6338dcaa93d40e43eaaa9f52bd5296c9ba39591745803634b02dc9f56259,Kalo facelift yang 2026 ini versi dynamic udah pindah juga belom bang gigi nya ke kanan ?,1,2026-06-11T14:15:25Z,2026-06-11T14:15:25Z,2026-09-19T00:23:10.549263+00:00,kalo facelift yang 2026 ini versi dynamic udah pindah juga belom bang gigi nya ke kanan ?,,,,,Gemini-API,,,,
UgwnNEWVyLv2yiTFEdh4AaABAg,J00aDzfK8WQ,fbab17f4f89a28563028c131edc217360675873b23cec57810dcd7167a794d3e,"Ane pikir tadinya item ini bakal punya range 505 km N punya LIDAR, coz di 🇨🇳 katanya sih gitu untuk atto 1 yang 2026 ini 🙄🤔",2,2026-05-25T14:18:17Z,2026-05-25T14:18:17Z,2026-09-19T00:23:10.549263+00:00,"ane pikir tadinya item ini bakal punya range 505 km n punya lidar, coz di 🇨🇳 katanya sih gitu untuk atto 1 yang 2026 ini 🙄🤔",,,,,Gemini-API,,,,
Ugw28q9tu4xBXKSWGX14AaABAg,Bx-XDBdN7nA,1ffdd7b71d8b758ba2fda70c8489c5f6f1ac50efa1cd48b3043031f7decb71d5,Gila memang Chery group selalu for money,1,2025-11-17T03:51:21Z,2025-11-17T03:51:21Z,2026-09-19T00:23:00.712565+00:00,gila memang chery group selalu for money,,,,,Gemini-API,,,,
UgyvUKERKrKWeJH18Hh4AaABAg,J00aDzfK8WQ,54289342a4f6558b765a75862acd8a9fc181e5a3aafb5c8f6e29adf6e97f9045,Kumis nya masi aja tebel,0,2026-05-25T15:34:50Z,2026-05-25T15:34:50Z,2026-09-19T00:23:10.549263+00:00,kumis nya masi aja tebel,,,,,Gemini-API,,,,
UgzkSaMHz0Ru41Y6abp4AaABAg,Bx-XDBdN7nA,2bfe01b1bb500aa64518f13085c65b862f65383b51691ce87af214f491d18b66,Memang keren sih jaecoo...di tunggu surprise berikutnya ya...siapa tau di gjaw ada kelanjutan nya,2,2025-11-16T10:05:33Z,2025-11-16T10:05:33Z,2026-09-19T00:23:00.712565+00:00,memang keren sih jaecoo..di tunggu surprise berikutnya ya..siapa tau di gjaw ada kelanjutan nya,,,,,Gemini-API,,,,
UgzCj0VbcXOVIquQ8jt4AaABAg,VEXJp_L57Nk,d7ad7f8bbf76fa23b33475c58e1f8c89df8828a0f2215355cb737aaab313197f,Udah oktober nih.. semoga unit nya cepet serah terima… dah ga sabar BERPALING ke BEV biar ga capek sama drama kualitas BBM🥹🥹🥹,74,2025-10-03T13:32:09Z,2025-10-03T13:34:08Z,2026-09-19T00:23:10.716076+00:00,udah oktober nih.. semoga unit nya cepet serah terima… dah tidak sabar berpaling ke bev biar tidak capek sama drama kualitas bbm🥹🥹,,,,,Gemini-API,,,,
Ugy3-Vb3Shfkp6PCKZZ4AaABAg,VEXJp_L57Nk,a0da0cdc87e5fac6a2692ef5759b1c9fc3a93e81edca0eca37e7a200b734bc5b,"Bang, tolong compare Byd atto 1 sama Lamborghini Huracan. Please",8,2025-10-04T01:13:09Z,2025-10-04T01:13:09Z,2026-09-19T00:23:10.716076+00:00,"bang, tolong compare byd atto 1 sama lamborghini huracan. please",,,,,Gemini-API,,,,
Ugx8RBfwXrWiW3SCW_t4AaABAg,VEXJp_L57Nk,99606b51af021c69f07f0444c7b2ffba7c90ad2132dc9eeb76a2e5d2a948a729,Acnya adem gk bang?,0,2025-10-20T06:03:59Z,2025-10-20T06:03:59Z,2026-09-19T00:23:10.716076+00:00,acnya adem tidak bang?,,,,,Gemini-API,,,,
UgxqDgfE8Isstxu1mPt4AaABAg,VEXJp_L57Nk,e58c08bcd75accaa435cb3036a736e88886a5c27fd133ea8f66a156d8f2eb0a8,Apakah wuling cherry dll akan diam saja? Tentu tidak! Jangan beli dulu!,0,2025-10-08T14:22:42Z,2025-10-08T14:22:42Z,2026-09-19T00:23:10.716076+00:00,apakah wuling cherry dll akan diam saja? tentu tidak! jangan beli dulu!,,,,,Gemini-API,,,,
UgzU-gu5y-cwq7cgrMR4AaABAg,VEXJp_L57Nk,268c38e041f10332724d15c169db2d10fe7e4ddbb7cf4a1b543989fd3f0b55f4,"Cocok buat dalam kota, kalau keluar kota juga ga masalah asal matang hitung jarak dan perkiraan charging.
Keluar kota bagusnya charging saat sisa 30% sampai ke 80% atau lebih dikit, karena ini rentang charging paling cepat daripada memaksakan sampai 100%. Di atas itu proses charger akan melambat.",4,2025-10-04T02:39:48Z,2025-10-04T02:39:48Z,2026-09-19T00:23:10.716076+00:00,"cocok buat dalam kota, kalau keluar kota juga tidak masalah asal matang hitung jarak dan perkiraan charging. keluar kota bagusnya charging saat sisa 30% sampai ke 80% atau lebih dikit, karena ini rentang charging paling cepat daripada memaksakan sampai 100%. di atas itu proses charger akan melambat.",,,,,Gemini-API,,,,
UgyrDxskT_KtHJ-fqHN4AaABAg,VEXJp_L57Nk,b06988baf326bfe72727eb8bfa5df06a897d16a2cb469b63d4b59deb5dbc74dc,Sayang yg warna silvernya ga dimasukin pdhl cakep bgt,0,2025-10-03T14:46:17Z,2025-10-03T14:46:17Z,2026-09-19T00:23:10.716076+00:00,sayang yg warna silvernya tidak dimasukin pdhl cakep banget,,,,,Gemini-API,,,,
Ugz02kzWrz7gTtFWnXV4AaABAg,VEXJp_L57Nk,e48c6a924e447fe3c57653eafb3c01839c41ce5b7d7b3125966cad0030b84edc,Tes dref banjir gimana ?,1,2025-12-12T23:02:09Z,2025-12-12T23:02:09Z,2026-09-19T00:23:10.716076+00:00,tes dref banjir gimana ?,,,,,Gemini-API,,,,
UgxcVCq9y3vHYtU2Urh4AaABAg,VEXJp_L57Nk,60db0c4827a0224993323afed97af545d1f59133383740952084b5cfb5be44c8,Kira2 bagasinya muat kursi roda gak sih...?  Buat ngantar ortu terapi😅,0,2025-11-18T10:42:40Z,2025-11-18T10:42:40Z,2026-09-19T00:23:10.716076+00:00,kira2 bagasinya muat kursi roda tidak sih..? buat ngantar ortu terapi😅,,,,,Gemini-API,,,,
UgwXKOLiF6613Wq0vfl4AaABAg,VEXJp_L57Nk,31e76f1adf362b594205af75e1199787526078e165bece9264cc81c6a3305871,Klw sm Spresso mending mana?,0,2025-10-08T05:23:34Z,2025-10-08T05:23:34Z,2026-09-19T00:23:10.716076+00:00,klw sama spresso lebih baik mana?,,,,,Gemini-API,,,,
Ugygihjq876ZgvZd85d4AaABAg,VEXJp_L57Nk,b10bc9438287c5f4189e37b5bb08491bb4f584b0337f952bb800e2e4859d959e,"ah tambah 5jt, 240jt dapet Baleno Vin 24.",1,2025-11-04T13:14:00Z,2025-11-04T13:14:00Z,2026-09-19T00:23:10.716076+00:00,"ah tambah 5jt, 240jt dapet baleno vin 24.",,,,,Gemini-API,,,,
UgyR-LDzdwZgpckvwoJ4AaABAg,VEXJp_L57Nk,aad85f5299cf586746c4fef47e4b7a9806b5f701f1dd863e1720ce31766a890b,"Berubah pikiran dari mobil ice gegara ulah si monopoli minyak oplos, lagi lirik2 mobil listrik",6,2025-10-04T14:41:02Z,2025-10-04T14:41:02Z,2026-09-19T00:23:10.716076+00:00,"berubah pikiran dari mobil ice gegara ulah si monopoli minyak oplos, lagi lirik2 mobil listrik",,,,,Gemini-API,,,,
UgwhxeykH3oSfyWa3MZ4AaABAg,VEXJp_L57Nk,65d3eb33205d454041aee379f9107f74f8b952d4025a949724b1b0b28cd29eb0,"Mas bowo,srkng jadi sendiri atau emang bang aries nya udah ga di grid oto?",0,2025-10-03T13:04:57Z,2025-10-03T13:04:57Z,2026-09-19T00:23:10.716076+00:00,"mas bowo,srkng jadi sendiri atau emang bang aries nya udah tidak di grid oto?",,,,,Gemini-API,,,,
Ugz0_hlt9lowteMY4K94AaABAg,VEXJp_L57Nk,2f9bca84446a87ceb6c92f9e206210884ea7f2a8a43120f9979425bf823564b2,bagaimana bila ditambah solar panel diatasnya.. lumayan wkt parkir,2,2025-10-05T00:13:34Z,2025-10-05T00:13:34Z,2026-09-19T00:23:10.716076+00:00,bagaimana jika ditambah solar panel diatasnya.. lumayan wkt parkir,,,,,Gemini-API,,,,
Ugyx3wudu-ZlRoHUI9R4AaABAg,Bx-XDBdN7nA,adafb1df4984ea5939b9ecb1eb0beee2238d4ef1fe158e4d52f770e501398ed4,I like the style,0,2025-11-16T16:31:58Z,2025-11-16T16:31:58Z,2026-09-19T00:23:00.712565+00:00,i like the style,,,,,Gemini-API,,,,
Ugzi5AFuN83YNh23jLN4AaABAg,VEXJp_L57Nk,a7f1ac9cd2741a9b01110ff8d7bced35c1f627c224951e53843a95fcdef2973a,Gepengin aja terus jadi lamborgihini😅,4,2025-12-21T05:53:34Z,2025-12-21T05:53:34Z,2026-09-19T00:23:10.716076+00:00,gepengin aja terus jadi lamborgihini😅,,,,,Gemini-API,,,,
UgwpHEPsVKGWDrOwAWt4AaABAg,VEXJp_L57Nk,47ed531ce8ed9a92cc8cce8bf7b15e0df51761b4fdb7fd1cef7468a49e694e99,"Tergantung loo pakainya,, jgn nyinyir tong",1,2025-12-01T19:05:36Z,2025-12-01T19:05:36Z,2026-09-19T00:23:10.716076+00:00,"tergantung loo pakainya,, jangan nyinyir tong",,,,,Gemini-API,,,,
UgzMndmFiQVOE7wFWQZ4AaABAg,VEXJp_L57Nk,40b663450226c2f74812ddaac00a34d5868c6a6a259d2d3b20c492881f9b2ac6,Ternyata begitu ya😂,1,2025-10-09T03:06:51Z,2025-10-09T03:06:51Z,2026-09-19T00:23:10.716076+00:00,ternyata begitu ya😂,,,,,Gemini-API,,,,
UgxqYgFGuPjY16YWUcN4AaABAg,VEXJp_L57Nk,aafbea55b1d155795ac5e0df63a6360a8e598e18e7692b51607544031173834e,Lah belum pernah review ini? Ketinggalan lama,3,2025-10-04T05:17:56Z,2025-10-04T05:17:56Z,2026-09-19T00:23:10.716076+00:00,lah belum pernah review ini? ketinggalan lama,,,,,Gemini-API,,,,
UgxndqWWxCsjGuEWkVJ4AaABAg,VEXJp_L57Nk,f40da77f625b3a0a17a8ccdd037ea518fe222c1a755ec3c0c6273a57018f29c9,"next, tes nanjak stop and go plis",0,2025-10-04T03:41:38Z,2025-10-04T03:41:38Z,2026-09-19T00:23:10.716076+00:00,"next, tes nanjak stop and go plis",,,,,Gemini-API,,,,
UgySuF2ve8OThuNGS3l4AaABAg,VEXJp_L57Nk,5a3b6ad371656a61a1e86dcc78c67bce633d5a7b5b9d9a43c37b0637b1ae1530,Coba warnanya merah maron kek yaris GR jadinya kwwkwkwk,4,2025-10-08T11:10:36Z,2025-10-08T11:10:36Z,2026-09-19T00:23:10.716076+00:00,coba warnanya merah maron kek yaris gr jadinya kwwkwkwk,,,,,Gemini-API,,,,
UgzRYBk3A1i1d4vIuRl4AaABAg,VEXJp_L57Nk,26ccbc3e8db03f74a82ab7b66305c483d6aebfb71a11ea48d0694187a2906162,👌👌👌👌😍😍😍😍,1,2025-10-04T16:04:44Z,2025-10-04T16:04:44Z,2026-09-19T00:23:10.716076+00:00,👌👌😍😍,,,,,Gemini-API,,,,
UgwFNJAw9OECuU1XIQZ4AaABAg,VEXJp_L57Nk,8bf4655516f21b9895885b168057c178e98ccbf9a43736978c4a136460011ec5,👍👍👍,1,2025-10-04T02:06:12Z,2025-10-04T02:06:12Z,2026-09-19T00:23:10.716076+00:00,👍👍,,,,,Gemini-API,,,,
UgyZcCC-qMmSiUOjYEF4AaABAg,VEXJp_L57Nk,bb9dda2a9619413487423d914986a86634c5eee6f8f9ce434d34e7eb57245954,Harusnya ada warna merah biru atau silver ya...,4,2025-12-31T10:12:18Z,2025-12-31T10:12:18Z,2026-09-19T00:23:10.716076+00:00,harusnya ada warna merah biru atau silver ya..,,,,,Gemini-API,,,,
UgwgPIKYGCnUzyluws94AaABAg,VEXJp_L57Nk,429acd6c77fab8b42302ebb2b0894117ce8c425a9562101f2ac5028c89759ae8,❤❤,1,2025-10-05T01:36:05Z,2025-10-05T01:36:05Z,2026-09-19T00:23:10.716076+00:00,❤❤,,,,,Gemini-API,,,,
UgyjXVI14B-UyDIst7J4AaABAg,VEXJp_L57Nk,6b5c5284471e8049bf1e6b4a7d0b95af58be914e51523d53197a9d5795943f77,"Video ini membahas tentang BYD Atto 1, mobil listrik termurah dari BYD di Indonesia. Berikut adalah rangkuman dari video tersebut:
Desain
 * Tampilan depan dan samping BYD Atto 1 sangat menarik dan eksotis, mirip dengan Lamborghini Huracan [02:08].
 * Bagian belakangnya mungkin tidak seoke bagian depan dan samping, namun desain adalah masalah selera [03:02].
 * Pilihan warna terbatas (tiga), tetapi sudah cukup untuk menonjolkan lekuk bodi [02:43].
Akomodasi
 * Ukuran interior sebanding dengan mobil seperti Toyota Agya, Honda Brio, atau Daihatsu Ayla [04:02].
 * Legroom dan headroom cukup memadai, tidak sempit [04:14].
 * Posisi duduk rendah dan sandaran jok depan yang tinggi membuat pandangan ke depan agak terhalang, kecuali jika duduk di tengah [05:01].
 * Kapasitas bagasi cukup untuk dua koper kabin size dan dapat dilipat untuk kargo ekstra [06:09].
Fitur
 * Varian premium ini memiliki fitur lebih lengkap dibandingkan varian di bawahnya [07:00].
 * Setir dapat diatur naik-turun dan maju-mundur (teleskopik) [07:08].
 * Pengaturan posisi pengemudi secara elektris [07:15].
 * Dilengkapi dengan wireless charging, USB Type A, dan Type C [07:44].
 * Baterai lebih besar dan daya lebih besar, sehingga jarak tempuh lebih jauh [08:02].
 * Fitur keselamatan lengkap, termasuk airbag [08:18].
 * Memiliki mode berkendara Eco, Normal, dan Sport [09:56].
 * Build quality interior sangat baik, terasa solid dan tidak kopong [10:25].
 * Mekanisme transmisi menggunakan knop geser [10:04].
 * Kekurangan dalam kepraktisan, kompartemen tertutup terbatas dan tidak ada USB di baris belakang [09:03].
Rasa Berkendara
 * Kualitas berkendara lebih baik dibandingkan mobil sekelasnya seperti Brio atau Agya [11:07].
 * Insulasi kabin dan suspensi memberikan kesan yang lebih bagus, mampu meredam guncangan dengan baik [11:30].
 * Setir nyaman digenggam, bobotnya terasa dan memberikan koneksi yang baik antara pengemudi dan mobil [12:28].
 * Suspensi lincah untuk perkotaan, enak untuk bermanuver cepat dan zigzag, namun tetap nyaman dan tidak terlalu keras [13:23].
 * Akselerasi di kecepatan perkotaan (0-50/60 km/jam) cukup cepat (sekitar 5 detik), namun akselerasi 0-100 km/jam lambat (15 detik) karena tenaga yang lebih kecil dibandingkan rival ICE [14:35].
 * Efisiensi energi di rute dalam kota 8.8 km/kWh, rute tol 6.1 km/kWh, dan rute kombinasi 7.4 km/kWh [15:58].
 * Jarak tempuh sebenarnya sekitar 340 km, tidak sesuai klaim 380 km [16:57].
Kesimpulan
 * Harga BYD Atto 1 sangat menarik, berkisar antara Rp 195 juta hingga Rp 235 juta, menjadikannya kompetitif di kelasnya dan bahkan bisa bersaing dengan mobil ICE seperti Brio, Agya, dan Ayla [18:00].
 * Menawarkan value yang tinggi dengan fitur lengkap dan build quality yang bagus [19:57].
 * Sangat cocok sebagai mobil listrik pertama bagi mereka yang sudah memiliki mobil ICE dan mencari mobil untuk penggunaan di perkotaan [19:38].
 * Meskipun demikian, ada kekhawatiran jika dijadikan mobil satu-satunya karena keterbatasan infrastruktur pengisian daya di luar kota [20:15].",29,2025-10-03T21:20:48Z,2025-10-03T21:20:48Z,2026-09-19T00:23:10.716076+00:00,"video ini membahas tentang byd atto 1, mobil listrik termurah dari byd di indonesia. berikut adalah rangkuman dari video tersebut: desain * tampilan depan dan samping byd atto 1 sangat menarik dan eksotis, mirip dengan lamborghini huracan [02:08]. * bagian belakangnya mungkin tidak seoke bagian depan dan samping, namun desain adalah masalah selera [03:02]. * pilihan warna terbatas (tiga), tetapi sudah cukup untuk menonjolkan lekuk bodi [02:43]. akomodasi * ukuran interior sebanding dengan mobil seperti toyota agya, honda brio, atau daihatsu ayla [04:02]. * legroom dan headroom cukup memadai, tidak sempit [04:14]. * posisi duduk rendah dan sandaran jok depan yang tinggi membuat pandangan ke depan agak terhalang, kecuali jika duduk di tengah [05:01]. * kapasitas bagasi cukup untuk dua koper kabin size dan dapat dilipat untuk kargo ekstra [06:09]. fitur * varian premium ini memiliki fitur lebih lengkap dibandingkan varian di bawahnya [07:00]. * setir dapat diatur naik-turun dan maju-mundur (teleskopik) [07:08]. * pengaturan posisi pengemudi secara elektris [07:15]. * dilengkapi dengan wireless charging, usb type a, dan type c [07:44]. * baterai lebih besar dan daya lebih besar, sehingga jarak tempuh lebih jauh [08:02]. * fitur keselamatan lengkap, termasuk airbag [08:18]. * memiliki mode berkendara eco, normal, dan sport [09:56]. * build quality interior sangat baik, terasa solid dan tidak kopong [10:25]. * mekanisme transmisi menggunakan knop geser [10:04]. * kekurangan dalam kepraktisan, kompartemen tertutup terbatas dan tidak ada usb di baris belakang [09:03]. rasa berkendara * kualitas berkendara lebih baik dibandingkan mobil sekelasnya seperti brio atau agya [11:07]. * insulasi kabin dan suspensi memberikan kesan yang lebih bagus, mampu meredam guncangan dengan baik [11:30]. * setir nyaman digenggam, bobotnya terasa dan memberikan koneksi yang baik antara pengemudi dan mobil [12:28]. * suspensi lincah untuk perkotaan, enak untuk bermanuver cepat dan zigzag, namun tetap nyaman dan tidak terlalu keras [13:23]. * akselerasi di kecepatan perkotaan (0-50/60 km/jam) cukup cepat (sekitar 5 detik), namun akselerasi 0-100 km/jam lambat (15 detik) karena tenaga yang lebih kecil dibandingkan rival ice [14:35]. * efisiensi energi di rute dalam kota 8.8 km/kwh, rute tol 6.1 km/kwh, dan rute kombinasi 7.4 km/kwh [15:58]. * jarak tempuh sebenarnya sekitar 340 km, tidak sesuai klaim 380 km [16:57]. kesimpulan * harga byd atto 1 sangat menarik, berkisar antara rp 195 juta hingga rp 235 juta, menjadikannya kompetitif di kelasnya dan bahkan bisa bersaing dengan mobil ice seperti brio, agya, dan ayla [18:00]. * menawarkan value yang tinggi dengan fitur lengkap dan build quality yang bagus [19:57]. * sangat cocok sebagai mobil listrik pertama bagi mereka yang sudah memiliki mobil ice dan mencari mobil untuk penggunaan di perkotaan [19:38]. * meskipun demikian, ada kekhawatiran jika dijadikan mobil satu-satunya karena keterbatasan infrastruktur pengisian daya di luar kota [20:15].",,,,,Gemini-API,,,,
Ugwoh-4ynesJhpTQnd94AaABAg,VEXJp_L57Nk,9dfbc5a1d456af01f79f3aed6eaef79b9cd2ac14465263b383dbc5008507f523,"setelah coba test drive bbrp wkt lalu, ini kyknya lbh cocok dibilang sekelas Yaris gen 1 dan Jazz, kualitas dan kelasnya jelas diatas LCGC small MPV yg ada di pasaran skrg.",4,2026-01-15T13:41:19Z,2026-01-15T13:41:19Z,2026-09-19T00:23:10.716076+00:00,"setelah coba test drive bbrp wkt lalu, ini kyknya lbh cocok dibilang sekelas yaris gen 1 dan jazz, kualitas dan kelasnya jelas diatas lcgc small mpv yg ada di pasaran skrg.",,,,,Gemini-API,,,,
Ugz8-exN58wZ6GW2DTV4AaABAg,fjWvVFT0vr0,21918b460a87cd1142662eebea735620f51b998541fa84b3eeefd2395f267361,16:05 manual toh,0,2025-10-22T06:01:23Z,2025-10-22T06:01:23Z,2026-09-19T00:23:09.885658+00:00,16:05 manual toh,,,,,Gemini-API,,,,
UgzpLSIq2M0jjOzCXxF4AaABAg,Bx-XDBdN7nA,b23be8fb9647a49af90a786b8045816d877acb6a2b546d8f08821944b9d19bcc,Audy kmn ya? Kangen liat reviewan bro Audy...,0,2025-11-19T11:37:59Z,2025-11-19T11:37:59Z,2026-09-19T00:23:01.508913+00:00,audy kmn ya? kangen liat reviewan bro audy..,,,,,Gemini-API,,,,
UgxWCHXViJPxkvZI7EF4AaABAg,fjWvVFT0vr0,d9d7fd8408c4d75af9ece1f6fe5aafb300fe41daba71e80240f628b092004565,Gilakkkkkkk sleek and exquisite banget ❤❤❤❤❤❤❤ gasssss,0,2025-08-10T02:22:42Z,2025-08-10T02:22:42Z,2026-09-19T00:23:07.332434+00:00,gilakk sleek and exquisite banget ❤❤ gass,,,,,Gemini-API,,,,
Ugz7xqpry0uzq8sO5St4AaABAg,fjWvVFT0vr0,a05af3945f2da92a747563aa88a5b88dabda410c216a314a5d36935ab76b3454,wah...jadi ingat isuzu deseo...😊,0,2025-09-16T16:56:13Z,2025-09-16T16:56:13Z,2026-09-19T00:23:07.333419+00:00,wah..jadi ingat isuzu deseo..😊,,,,,Gemini-API,,,,
Ugz-r8eKF4oXugwTdbN4AaABAg,fjWvVFT0vr0,d3de530ec275a60feff948c7beb12ab09559ec3daeab7e614bf75bf92ab90350,Keren byd,0,2025-07-30T22:03:45Z,2025-07-30T22:03:45Z,2026-09-19T00:23:08.164869+00:00,keren byd,,,,,Gemini-API,,,,
Ugxl9395pQ2hdVzlIz14AaABAg,Bx-XDBdN7nA,b2d6c70d520c12b3029076c3a625451c585b1abf2bab99ed3931e75091791868,"Datang dan pergi satu persatu, 😂",1,2025-11-16T05:57:41Z,2025-11-16T05:57:41Z,2026-09-19T00:23:01.508913+00:00,"datang dan pergi satu persatu, 😂",,,,,Gemini-API,,,,
Ugxq3rSHrMJWfbs3AkV4AaABAg,Bx-XDBdN7nA,de71a800bbe759316f7a62c77e7f5fd36b16722436aadc51ead8b45df3f01522,Kira2 bakal ada varian AWD yg tenaganya lebih gede ga yah. Mantep jg nehh EV,0,2025-11-24T17:23:11Z,2025-11-24T17:23:11Z,2026-09-19T00:23:01.508913+00:00,kira2 bakal ada varian awd yg tenaganya lebih gede tidak yah. mantep jg nehh ev,,,,,Gemini-API,,,,
UgyO0lhhM0c_PP7sBYJ4AaABAg,fjWvVFT0vr0,50ce0dd1223ec62bc580df929f80f87c017790264217bfc6e271c482b392b7df,Cakep nih mobil,0,2025-11-13T12:39:21Z,2025-11-13T12:39:21Z,2026-09-19T00:23:08.164869+00:00,cakep nih mobil,,,,,Gemini-API,,,,
UgztdHaRpAdEtNoXm294AaABAg,fjWvVFT0vr0,7bc122b12ba9cccb46957628f70a33d829532abace0c7e87d964548e3ec71c61,Luar biasa mudah2an kebeli 😢😢😢,0,2025-08-02T16:51:58Z,2025-08-02T16:51:58Z,2026-09-19T00:23:08.164869+00:00,luar biasa mudah2an kebeli 😢😢,,,,,Gemini-API,,,,
UgzR4Ysd9Y8xtb9Ytt14AaABAg,Bx-XDBdN7nA,a03f0107ce667810653def612d5f8a2210d45f7090c83db12566e8b25c02843f,kurang suka dengan desin layar monitor;,0,2026-04-01T14:39:14Z,2026-04-01T14:39:14Z,2026-09-19T00:23:01.508913+00:00,kurang suka dengan desin layar monitor;,,,,,Gemini-API,,,,
Ugy14BbQlVVYJqZ3SoV4AaABAg,fjWvVFT0vr0,abb3456c3378ab5a50b991f589c64d7eb950c5c336cba1fb37335ef66d82b289,"Taun depan laah yaa, kalo ada duit 😅 masih nontonin dulu aja",0,2025-11-03T23:16:54Z,2025-11-03T23:16:54Z,2026-09-19T00:23:08.164869+00:00,"taun depan laah yaa, kalo ada duit 😅 masih nontonin dulu aja",,,,,Gemini-API,,,,
UgzdwnGjc9v97R-o3Mx4AaABAg,fjWvVFT0vr0,bf48e74d9862db7f2fc3d3a7812a3d13ec83eb64eeedb96aeb717a6869ce1611,Padet reviewx😊,0,2025-07-27T06:01:46Z,2025-07-27T06:01:46Z,2026-09-19T00:23:08.164869+00:00,padet reviewx😊,,,,,Gemini-API,,,,
UgzpnRA7SVk_aIOV2Hh4AaABAg,fjWvVFT0vr0,fb0178945f0b53fc9faeb1df65ee4d49b39c5be3fa8a85b8e1e8b64d8b48aec3,Aku masih setia pakek city sama sania,0,2025-08-06T05:57:14Z,2025-08-06T05:57:14Z,2026-09-19T00:23:08.164869+00:00,aku masih setia pakek city sama sania,,,,,Gemini-API,,,,
UgxUeMJGz6obAeHM6Op4AaABAg,Bx-XDBdN7nA,8efe24550fadd5b01189d76ea4f6bc20de01e80c7a2c18dd44614eaf9702369b,Openingnya suuuuu 😂😂😂😂😂😂,0,2025-11-16T05:07:39Z,2025-11-16T05:07:39Z,2026-09-19T00:23:01.508913+00:00,openingnya suu 😂😂,,,,,Gemini-API,,,,
UgyI_gIlhj3ll0BWOPt4AaABAg,fjWvVFT0vr0,fba1b8f6b3a18787467124be79f6b1c5142e3f941b8c029d245ede4b510601ea,"Bakal banyak banget Komunitasnya nih
Belum di Modif aja udah kaya lambo",0,2025-07-27T14:44:07Z,2025-07-27T14:44:07Z,2026-09-19T00:23:08.164869+00:00,bakal banyak banget komunitasnya nih belum di modif aja udah kaya lambo,,,,,Gemini-API,,,,
Ugxrgk2mc0hFIWEihY54AaABAg,fjWvVFT0vr0,f8790eac833655c5b766c4fb56d28b309a16a2a3976cabe438cdc2133a689455,Ini keren..,0,2026-02-02T08:18:14Z,2026-02-02T08:18:14Z,2026-09-19T00:23:08.164869+00:00,ini keren..,,,,,Gemini-API,,,,
UgxrIQVD7aT1VXSR1Zd4AaABAg,Bx-XDBdN7nA,8b8f80f85bf7416d394fbdafa89c588ab49b2da18b1211d402bb6430ad80ce6a,Pengen om minta satu om. Aq siap menerima dengan ikhlas,0,2025-11-20T01:40:06Z,2025-11-20T01:40:06Z,2026-09-19T00:23:01.508913+00:00,pengen om minta satu om. aq siap menerima dengan ikhlas,,,,,Gemini-API,,,,
UgxBsKUix7p7A8g3o8h4AaABAg,fjWvVFT0vr0,b89781dd540f4b417c4dd0fff2fb84478392815408868df955fcef7065e6ab0c,"Ini iklan TOYOTA yang ngasi ide placement di youtube pas konten lagi bahas mobil merk lain siapa si? bukannya bikin tertarik malah bikin malesin. Iklan lu udah kaya brand desperate aja, tolong lah.",2,2025-07-27T14:49:15Z,2025-07-27T14:51:57Z,2026-09-19T00:23:08.164869+00:00,"ini iklan toyota yang ngasi ide placement di youtube pas konten lagi bahas mobil merk lain siapa si? bukannya bikin tertarik malah bikin malesin. iklan lu udah kaya brand desperate aja, tolong lah.",,,,,Gemini-API,,,,
UgyWICqgTlREg0yzh894AaABAg,fjWvVFT0vr0,152ec699e52640cdbcae9305c6f9c01e0094c46ac4e238fd75571ea3aad96b0a,Jauh dong kalau brio sejenisnya kalai sama ini...😂😂 jomplang bgt,0,2025-08-04T05:17:11Z,2025-08-04T05:17:11Z,2026-09-19T00:23:08.164869+00:00,jauh dong kalau brio sejenisnya kalai sama ini..😂😂 jomplang banget,,,,,Gemini-API,,,,
Ugw4rTtpIT3Wu0tu5314AaABAg,fjWvVFT0vr0,e97c5ba2ecb29217a6bd6fbe892b1b753a581fd9fcf5e60f4e0ee023b5549d04,Apakabar wuling??,1,2025-07-28T12:05:18Z,2025-07-28T12:05:18Z,2026-09-19T00:23:08.164869+00:00,apakabar wuling??,,,,,Gemini-API,,,,
UgwiHDzrr9iy3tT13r14AaABAg,fjWvVFT0vr0,aabb334b21a5b78979e44088fc0d72d8a3c55e51bf932708d3ca0a767061ec0e,"jok udah kulit mewah
 langsung dari pabrik, agak laen emang china made😄",0,2026-03-17T02:57:50Z,2026-03-17T02:57:50Z,2026-09-19T00:23:08.164869+00:00,"jok udah kulit mewah langsung dari pabrik, agak laen emang china made😄",,,,,Gemini-API,,,,
UgwbnR_8aidHDg6yIEl4AaABAg,Bx-XDBdN7nA,5edadb4b0ff7e098c3fd105a97e7be59d727e1ab7898b34b93e6e59da52ed5f9,Panoramic roofnya gak bisa ditutup bang? Panas ih,0,2025-12-06T11:54:12Z,2025-12-06T11:54:12Z,2026-09-19T00:23:01.508913+00:00,panoramic roofnya tidak bisa ditutup bang? panas ih,,,,,Gemini-API,,,,
Ugzp4z8hBD68EZibZ094AaABAg,fjWvVFT0vr0,26f04314ccd3587000469178a52ac36fa9e2f63c2d57f112080506e436e18978,3YD Atto 1 yg ke 2 kayanya sempurna nanti bagasinya kayanya,0,2025-08-06T11:03:19Z,2025-08-06T11:03:19Z,2026-09-19T00:23:08.164869+00:00,3yd atto 1 yg ke 2 kayanya sempurna nanti bagasinya kayanya,,,,,Gemini-API,,,,
UgxG2X_Wy3AZHUEglbJ4AaABAg,fjWvVFT0vr0,9255e63b6f5cf6193a0c56d09f5b35b3a453ed8952bfaef4b8fc0fe413f2132f,Cocok kayanya buat narik gocar ini,1,2025-07-27T15:25:18Z,2025-07-27T15:25:18Z,2026-09-19T00:23:08.164869+00:00,cocok kayanya buat narik gocar ini,,,,,Gemini-API,,,,
UgzEnF5BNlcPUqNzTJ54AaABAg,fjWvVFT0vr0,b5877dbe58fc1b12515f07773030f20db4194a0ff5df782cef38e4ff4a3a8a95,"Coba ada yg bensinnya ya,mau banget 😍",0,2025-11-27T02:49:28Z,2025-11-27T02:49:28Z,2026-09-19T00:23:07.333419+00:00,"coba ada yg bensinnya ya,mau banget 😍",,,,,Gemini-API,,,,
UgwRWSp2L2cVb4wQr5l4AaABAg,fjWvVFT0vr0,7a792638e67cdbc91145227ef72cf8aa077539f8eb6e23e140c269a8bb11b157,Ini keren,0,2025-07-27T03:21:22Z,2025-07-27T03:21:22Z,2026-09-19T00:23:07.333419+00:00,ini keren,,,,,Gemini-API,,,,
UgzyjQw_ut2fY0aSA694AaABAg,fjWvVFT0vr0,c807aeb8d9b62c6fc79e5c86587a8843950234e8f458e7ed237c0bca018a14a9,"Bagus, Harus ada pesaing",0,2025-07-26T09:24:37Z,2025-07-26T09:24:37Z,2026-09-19T00:23:07.333419+00:00,"bagus, harus ada pesaing",,,,,Gemini-API,,,,
Ugz_mumdqwFvvQ5MeBR4AaABAg,fjWvVFT0vr0,c86b833324c970bf47439436c8183fa7f41e5ac599270651f16687e100d94a65,"video intro carmudi biasanya keren-keren. baru kali ini ""B"" aja",0,2025-07-26T13:08:56Z,2025-07-26T13:08:56Z,2026-09-19T00:23:07.333419+00:00,"video intro carmudi biasanya keren-keren. baru kali ini ""b"" aja",,,,,Gemini-API,,,,
UgzF8x9bCeUQjY8JaNJ4AaABAg,fjWvVFT0vr0,d579c035eead689d55cc3dbb275814277b230d21ac272e246e4aa951c54c0fcf,Alhamdulillah di syukuri walau kemampuan cuma bisa lcgc😅,0,2025-07-27T13:42:48Z,2025-07-27T13:42:48Z,2026-09-19T00:23:07.333419+00:00,alhamdulillah di syukuri walau kemampuan cuma bisa lcgc😅,,,,,Gemini-API,,,,
Ugz4KAO3zAJ_KcVVIgZ4AaABAg,fjWvVFT0vr0,bf6ad9a8d54e433e8306eb813b497f41de3fa56a564f4758caafef5f05a4576e,lambo keren nih,0,2025-07-30T01:33:40Z,2025-07-30T01:33:40Z,2026-09-19T00:23:08.164869+00:00,lambo keren nih,,,,,Gemini-API,,,,
UgwpytZOzAE1OCqOZld4AaABAg,fjWvVFT0vr0,a532650d8283c2994ee7d1f45795e6cb21c67f4c3c06511059b258f598539759,Kalau bisa nambah beli kendaraan lagi aku pilih beli mobil ini mudah mudahan...,0,2025-08-02T22:31:57Z,2025-08-02T22:31:57Z,2026-09-19T00:23:08.164869+00:00,kalau bisa nambah beli kendaraan lagi aku pilih beli mobil ini mudah mudahan..,,,,,Gemini-API,,,,
UgwYVyi0aXEkYkCnzm14AaABAg,fjWvVFT0vr0,2e1ffdbda05e94751c8f0676ee8afa80967edf593086f7c5c66c8ecd30b2dcc5,"Bagus , semoga warga +62 khususnya yang berkependudukan Jakarta nantinya dengan munculnya BYD Atto 1 kendaraan Listrik di Jakarta lebih dominan dari pada kendaraan berbahan bakar.",0,2025-07-28T02:51:51Z,2025-07-28T02:51:51Z,2026-09-19T00:23:08.164869+00:00,"bagus , semoga warga +62 khususnya yang berkependudukan jakarta nantinya dengan munculnya byd atto 1 kendaraan listrik di jakarta lebih dominan dari pada kendaraan berbahan bakar.",,,,,Gemini-API,,,,
UgyKuoWzfpKK4d4Ej-14AaABAg,fjWvVFT0vr0,c23f2257f23d376b7dce296c821dcb57700d58d5acb5346c232382776fd6867d,wowwww......,0,2025-11-02T10:49:57Z,2025-11-02T10:49:57Z,2026-09-19T00:23:08.164869+00:00,wow,,,,,Gemini-API,,,,
UgzEl7q6xbqmjDGhYUp4AaABAg,fjWvVFT0vr0,8efe24550fadd5b01189d76ea4f6bc20de01e80c7a2c18dd44614eaf9702369b,Ntar punya ane tak namain Pak Raden atau Mas Adam kyknya 😂😂😂,0,2025-07-26T05:54:09Z,2025-07-26T05:54:09Z,2026-09-19T00:23:08.164869+00:00,ntar punya ane tak namain pak raden atau mas adam kyknya 😂😂,,,,,Gemini-API,,,,
UgzfB62n325BBQWf-Up4AaABAg,fjWvVFT0vr0,0a8eb86b6e0a5cef5d126d719220211d7bb9d7d47da8ce7f37e69d1c65d518c4,Otw byd,0,2025-08-06T15:49:41Z,2025-08-06T15:49:41Z,2026-09-19T00:23:08.164869+00:00,otw byd,,,,,Gemini-API,,,,
Ugyen6Hy6Qy_MXSMgKR4AaABAg,fjWvVFT0vr0,8d299378c35014955ac40c62cdcee75bd5eb4d912e440b68f00c7c2f89b90649,atto dalang...ke.,0,2026-04-02T11:01:38Z,2026-04-02T11:01:38Z,2026-09-19T00:23:08.164869+00:00,atto dalang..ke.,,,,,Gemini-API,,,,
UgxQjlsZsGMbxyMmPlh4AaABAg,Bx-XDBdN7nA,9876bb1d10231500ccee8d1258f13a5fa755bff875d446a38977af132ef4e737,Sudah 300jt aja blm kebeli 😅😅,0,2025-11-16T07:27:23Z,2025-11-16T07:27:23Z,2026-09-19T00:23:01.508913+00:00,sudah 300jt aja belum kebeli 😅😅,,,,,Gemini-API,,,,
Ugx6MRNFOHz-hC1zDV54AaABAg,Bx-XDBdN7nA,7844d84b1274673fb65314f160f5fc271d1c2eec0415dc8b67999d243460136b,"gegara mobil cina masuk, kita udah jarang ngelirik mobil mahal jepang dan eropa yang dimana hampir semua fiturnya sudah lengkap di mobil cina yang murah tapi gak murahan.",2,2025-11-17T13:27:00Z,2025-11-17T13:27:00Z,2026-09-19T00:23:01.508913+00:00,"gegara mobil cina masuk, kita udah jarang ngelirik mobil mahal jepang dan eropa yang dimana hampir semua fiturnya sudah lengkap di mobil cina yang murah tapi tidak murahan.",,,,,Gemini-API,,,,
UgzsoOOI_HxcAhVtTNh4AaABAg,fjWvVFT0vr0,0a7c59d8f942087bfb609c25d37d99ec0e87864cb0d6275b9a7d9a4cb8441a92,Review xpeng dong,0,2025-07-29T00:37:43Z,2025-07-29T00:37:43Z,2026-09-19T00:23:08.164869+00:00,review xpeng dong,,,,,Gemini-API,,,,
UgwUCzqoKvLw80Geg5N4AaABAg,fjWvVFT0vr0,171182075de1cdb9420ca9612b948672b03278ffae1905743ffd34c4a680e994,"Kalo bukan molis, auto jadi primadona ini mobil.. 😅😅",0,2025-07-28T16:16:08Z,2025-07-28T16:16:08Z,2026-09-19T00:23:08.164869+00:00,"kalo bukan molis, auto jadi primadona ini mobil.. 😅😅",,,,,Gemini-API,,,,
UgwriwPufXPtnDADqrx4AaABAg,fjWvVFT0vr0,c2084b14ff53c169659cc872f23b59a80e3d50ad1b31967b1bd78d25ed5ed059,Depannya mirip lambo ❤❤,0,2025-07-28T00:06:00Z,2025-07-28T00:06:00Z,2026-09-19T00:23:08.164869+00:00,depannya mirip lambo ❤❤,,,,,Gemini-API,,,,
UgwLFPEf-knLG-50Mnh4AaABAg,fjWvVFT0vr0,8fb3e6a2826a494e6988c6c513cd00c64f4c34c42c627e2341b3af1d808ae386,Kelihatannya akan bali  ALTO 1 ini kalau ekosistemnya di Medan sudah mulai berbenah,0,2025-07-26T11:19:39Z,2025-07-26T11:19:39Z,2026-09-19T00:23:08.164869+00:00,kelihatannya akan bali alto 1 ini kalau ekosistemnya di medan sudah mulai berbenah,,,,,Gemini-API,,,,
Ugza87dups3H6BSpo1N4AaABAg,fjWvVFT0vr0,9c3f1e519c2ba52e53b17c615060ab1906037d1544647b959ceeee96d7b5b46e,"User Brio agya calya sigra ,mupeng liat unit ini😂😂",0,2025-11-18T16:18:29Z,2025-11-18T16:18:29Z,2026-09-19T00:23:08.164869+00:00,"user brio agya calya sigra ,mupeng liat unit ini😂😂",,,,,Gemini-API,,,,
UgzTHxcoadFBJVIEMhR4AaABAg,fjWvVFT0vr0,94f417e6a8c2ddb1b7b007865be66ae9dbb957f33378a0c64e959ca1d6b18287,Coba sebutin uda berapa kali muncul iklan toyota,0,2025-07-26T04:58:58Z,2025-07-26T04:58:58Z,2026-09-19T00:23:08.164869+00:00,coba sebutin uda berapa kali muncul iklan toyota,,,,,Gemini-API,,,,
Ugwin5OXs7sGaLpGjAh4AaABAg,fjWvVFT0vr0,5e787bd1501765efa88138df3f56832d797626f8298beffa1e987d2d109801eb,"BYD cakep2 desainnya, uda mulai era-nya kendaraan listrik, makin modis, daya tempuh jauh, ngecharge makin cepat.",0,2025-08-16T16:13:22Z,2025-08-16T16:13:22Z,2026-09-19T00:23:08.164869+00:00,"byd cakep2 desainnya, uda mulai era-nya kendaraan listrik, makin modis, daya tempuh jauh, ngecharge makin cepat.",,,,,Gemini-API,,,,
UgxlSPyQzMR67rC-S514AaABAg,fjWvVFT0vr0,3d4d22a9195f6ff41c15cc6129dcf00d64d1916f488f9743f80ed4049c69f087,Mulai tergoda dgn mobil listrik gegara mobil ini,0,2025-07-26T06:04:50Z,2025-07-26T06:04:50Z,2026-09-19T00:23:08.164869+00:00,mulai tergoda dengan mobil listrik gegara mobil ini,,,,,Gemini-API,,,,
Ugyvdm3DcQGUs2XL8V14AaABAg,fjWvVFT0vr0,6a0d3efe9b75b90dd2b4dd93aaba301eab409a2aba27d344ce399270d3380a6e,Lg asik nonton byd ini malah iklan toyota  muncul teruss,0,2026-03-29T06:54:24Z,2026-03-29T06:54:24Z,2026-09-19T00:23:08.164869+00:00,lagi asik nonton byd ini malah iklan toyota muncul teruss,,,,,Gemini-API,,,,
UgzDKhiPCCsL5qY1aJ14AaABAg,fjWvVFT0vr0,281591fed6d855226a8aefd2a5dcb767d369712ae1f56836bbdb8db69d9d0364,Gass beli warna ijo stabilo,0,2025-07-27T13:00:09Z,2025-07-27T13:00:09Z,2026-09-19T00:23:08.164869+00:00,gass beli warna ijo stabilo,,,,,Gemini-API,,,,
UgyRm9vTLYbndx6eEyR4AaABAg,fjWvVFT0vr0,05f7d54bf641e31b0df91f9eeb155b1da218087e0dcd7ec7421ece1bebc3d3aa,"pabrikan jepang seperti toyota langsung melawan dengan meluncurkan iklan terus terusan di semua channel yang ngebahas mobil, creator auto cuan banyak dari adsen 😁",0,2025-07-31T01:56:47Z,2025-07-31T01:56:47Z,2026-09-19T00:23:08.164869+00:00,"pabrikan jepang seperti toyota langsung melawan dengan meluncurkan iklan terus terusan di semua channel yang ngebahas mobil, creator auto cuan banyak dari adsen 😁",,,,,Gemini-API,,,,
UgwNBUFvhDVNjL0AK8p4AaABAg,fjWvVFT0vr0,c91df62a60908ca3ffa3b30517ecd7d53590c9258c82688eb8e230de6345e918,BYD ga pernah gagal sial design....💥💥💥,0,2025-08-03T23:50:12Z,2025-08-03T23:50:12Z,2026-09-19T00:23:08.164869+00:00,byd tidak pernah gagal sial design..💥💥,,,,,Gemini-API,,,,
UgxhSkySbo7OIiPheQN4AaABAg,fjWvVFT0vr0,424c599721e2e8406c527d418bc25129e09c387b10eadc299ef6326a566ecb61,Gokil,0,2025-07-28T11:17:44Z,2025-07-28T11:17:44Z,2026-09-19T00:23:08.164869+00:00,gokil,,,,,Gemini-API,,,,
UgyE9nHQxYKZzvgts0t4AaABAg,fjWvVFT0vr0,46c6879d8ed4be56f5e4f7195afda613adc2bbb21e608ae5026963a41e27caf7,Mobil jepan sd mulai di senggol ni.,0,2025-11-05T14:36:10Z,2025-11-05T14:36:10Z,2026-09-19T00:23:08.164869+00:00,mobil jepan sd mulai di senggol ni.,,,,,Gemini-API,,,,
UgyJ1rtnoAsaTC54gLl4AaABAg,fjWvVFT0vr0,e94ab4531dfb13e12858bf56234618963c25cce46a72d8a2706d5e4b6f32c3fe,Keren❤❤❤lampunya mirip lambo😅😅,0,2025-08-03T08:01:38Z,2025-08-03T08:01:38Z,2026-09-19T00:23:08.164869+00:00,keren❤❤lampunya mirip lambo😅😅,,,,,Gemini-API,,,,
UgxlJGHPZHgiGVO4MZR4AaABAg,fjWvVFT0vr0,1b2e7dd7d4625be75bbed1592343cf3e1ab79706e9e79a29ee1ffe68a6487762,Bagus mobil nya,0,2025-07-30T12:38:07Z,2025-07-30T12:38:07Z,2026-09-19T00:23:08.164869+00:00,bagus mobil nya,,,,,Gemini-API,,,,
UgwElvcEbdThvHC2JQF4AaABAg,fjWvVFT0vr0,4c2723a3fd2783d74667e1b1a27b5f7376dce675e8e51b3fcbc8a582b4cbbcd7,"Hehehe masuk gajrukan body bawah penyok...
Battery end😮",0,2025-10-01T15:36:14Z,2025-10-01T15:36:14Z,2026-09-19T00:23:08.164869+00:00,hehehe masuk gajrukan body bawah penyok.. battery end😮,,,,,Gemini-API,,,,
UgzUb-i6MQa3lzpHs754AaABAg,fjWvVFT0vr0,b668974890c8ff5b5579b8c949bdd0b358d7b82e8a17ffe65da44b12eede5d1a,Sedang menuju senja kala mobil-mobil Jepang di Indonesia….,0,2025-07-26T07:08:36Z,2025-07-26T07:08:36Z,2026-09-19T00:23:08.164869+00:00,sedang menuju senja kala mobil-mobil jepang di indonesia….,,,,,Gemini-API,,,,
Ugy_4traFw2qTt8sk354AaABAg,fjWvVFT0vr0,29e61937f884c27ae15314afb859cc6563c3a5e3cde0b06eecd928a14da27159,"Next BYD ATTO1 gen 2 ,,layar lebih gede ,spion bisa tutup elektrik,jok belakang  40/60 ,USB buat penumpang belakang",0,2025-07-26T09:17:00Z,2025-07-26T09:17:31Z,2026-09-19T00:23:08.164869+00:00,"next byd atto1 gen 2 ,,layar lebih gede ,spion bisa tutup elektrik,jok belakang 40/60 ,usb buat penumpang belakang",,,,,Gemini-API,,,,
UgxLz3GEV6PdkPrOryV4AaABAg,fjWvVFT0vr0,2f3d730f40c4d90610b032bebd973f38a7b606f8120f5b78163c1cc7615446e7,Lebih elegan juga dan PD mobil Jepang,0,2026-03-03T13:32:29Z,2026-03-03T13:32:29Z,2026-09-19T00:23:07.333419+00:00,lebih elegan juga dan pd mobil jepang,,,,,Gemini-API,,,,
UgxW5LEjKVwXMv9WaR94AaABAg,fjWvVFT0vr0,bfd1ecda8d3e8faaa610d4cf1efc7815c8b31435f9fbbefd9765ac405d5fbe8c,cakep banget sih lekukannya...,0,2025-08-12T08:04:50Z,2025-08-12T08:04:50Z,2026-09-19T00:23:07.333419+00:00,cakep banget sih lekukannya..,,,,,Gemini-API,,,,
UgyzASQWGxipr1Xq3fB4AaABAg,fjWvVFT0vr0,9c1431279a1ab67e43538070320366d47ee8ac85f6e836cdeadf6eba1f113d09,"Allohuma shalli 'ala Sayyidina Muhammad, shalawatin dulu 🤲",0,2025-07-27T03:28:34Z,2025-07-27T03:28:34Z,2026-09-19T00:23:08.164869+00:00,"allohuma shalli 'ala sayyidina muhammad, shalawatin dulu 🤲",,,,,Gemini-API,,,,
UgxTAtfAhEV2-AVl_0t4AaABAg,fjWvVFT0vr0,29a81e62ad895a9db8abecf165be9d8cc04fc13542d460cbff98afc9ac4fc726,Semoga aja motornya seera menyusul,0,2025-11-21T13:09:12Z,2025-11-21T13:09:12Z,2026-09-19T00:23:07.333419+00:00,semoga aja motornya seera menyusul,,,,,Gemini-API,,,,
Ugzsy9fTnzeAwciNDDV4AaABAg,fjWvVFT0vr0,aba2c19d5f879ed4c7ce30978a1a70421b6efd163542d2fc9798bffa4a93b7d1,Semoga segera kebeli,0,2025-07-27T12:07:58Z,2025-07-27T12:07:58Z,2026-09-19T00:23:07.332434+00:00,semoga segera kebeli,,,,,Gemini-API,,,,
UgzQpVK16rDuudzzRxh4AaABAg,fjWvVFT0vr0,c2f678700df8c3043017c948d22e076da50636a8d5001c0dd1c512ff18195966,Keren bang botak,0,2025-07-26T07:55:06Z,2025-07-26T07:55:06Z,2026-09-19T00:23:07.332434+00:00,keren bang botak,,,,,Gemini-API,,,,
Ugy8Nsg1CYuIGzo7JKR4AaABAg,fjWvVFT0vr0,83a51dddd8b04228003313ccdef1da9e17243d9ed39062a6f60775a8897c15d5,BRollnya ga kaleng kaleng. kelas kameramen,0,2025-08-03T12:16:09Z,2025-08-03T12:16:09Z,2026-09-19T00:23:07.332434+00:00,brollnya tidak kaleng kaleng. kelas kameramen,,,,,Gemini-API,,,,
UgxHA5o-Ib3VyRNx0hx4AaABAg,fjWvVFT0vr0,550a1d4654fc31a28cbed2a563449e5f44d263f8ce8fb9f1794efe51c4f585ca,desainnya asli keren seger,0,2025-07-31T11:59:35Z,2025-07-31T11:59:35Z,2026-09-19T00:23:07.332434+00:00,desainnya asli keren seger,,,,,Gemini-API,,,,
UgxLF9iSPbM0xsUGrC54AaABAg,fjWvVFT0vr0,fcc538c862b2ff12e876394926ab4f272efd5909fa0533601a4467ef10a40fb3,Naisss.....!!!,0,2025-07-27T01:39:31Z,2025-07-27T01:39:31Z,2026-09-19T00:23:07.332434+00:00,naiss..!!,,,,,Gemini-API,,,,
UgyTfXE8RL_mNs5Eow54AaABAg,fjWvVFT0vr0,6073afdd0e3fef705485f0a4710b4bdc8a50af5836526c1d9890940613efc865,Dari segi desain aja udah ngalahin kemana2 ini 😮❤,0,2025-08-07T23:45:50Z,2025-08-07T23:45:50Z,2026-09-19T00:23:07.332434+00:00,dari segi desain aja udah ngalahin kemana2 ini 😮❤,,,,,Gemini-API,,,,
UgxWSMZjrCWRBG7Fi6R4AaABAg,fjWvVFT0vr0,1387998e2d589c1dc5e1071c2929e6312525ada9949c7b9a62ac878eb6370a09,Dari depan mirip Lamborghini.. keren bangett 🎉🎉🎉🎉,0,2025-07-30T11:56:23Z,2025-07-30T11:56:23Z,2026-09-19T00:23:07.332434+00:00,dari depan mirip lamborghini.. keren bangett 🎉🎉,,,,,Gemini-API,,,,
UgzgRtifSSxXePZuOuF4AaABAg,fjWvVFT0vr0,b2148e4a6d8af982fb19c1663fbbfffb8eec1170cddf07114e88c01f65214981,"Tiap buka chanel byd muncul iklan Toyota juara hybrid , seperti nya mereka ketar ketir. Hahahaha",0,2025-07-28T13:44:05Z,2025-07-28T13:44:05Z,2026-09-19T00:23:07.332434+00:00,"tiap buka chanel byd muncul iklan toyota juara hybrid , seperti nya mereka ketar ketir. hahahaha",,,,,Gemini-API,,,,
UgzyG1_Qs3cU2KCj7GR4AaABAg,fjWvVFT0vr0,556b516cb9425d9e3d08e0efa0d419c053dd77dd8edc0ab285bb954372ac65a9,Tolong dong gua kejebak depo DiGa-ruda Ho-ki jd candu bgt🙈,0,2025-07-26T05:39:29Z,2025-07-26T05:39:29Z,2026-09-19T00:23:07.332434+00:00,tolong dong gua kejebak depo diga-ruda ho-ki jd candu bgt🙈,,,,,Gemini-API,,,,
Ugw9yj2u-aVeXfAkSPx4AaABAg,fjWvVFT0vr0,a2ff4a4a5e0d97814ada9780cefd9f5919b38cbd69ba5a56aed9a497afb61df2,Allahumasolialla syaidinna muhammaddd.....😍,0,2025-07-31T13:58:33Z,2025-07-31T13:58:33Z,2026-09-19T00:23:07.332434+00:00,allahumasolialla syaidinna muhammadd..😍,,,,,Gemini-API,,,,
UgyfyE8e_iyRJIsiEyV4AaABAg,fjWvVFT0vr0,566b7fc96e2b84492eb17f8c902acd537142d32b144dc424435706db428dffa7,Sangat menarik,0,2026-02-10T03:23:30Z,2026-02-10T03:23:30Z,2026-09-19T00:23:07.332434+00:00,sangat menarik,,,,,Gemini-API,,,,
UgzQ9DulhRfRqwZnI6B4AaABAg,Bx-XDBdN7nA,570d4a6e74c647db6d71e91333f13e76c6173862e9c3536299bfc95a6f432ee5,Ini yg di Riview tipe tinggi ya ??,0,2025-11-27T08:49:38Z,2025-11-27T08:49:38Z,2026-09-19T00:23:01.508913+00:00,ini yg di riview tipe tinggi ya ??,,,,,Gemini-API,,,,
UgwcsyJVw8JN5R-uZyF4AaABAg,fjWvVFT0vr0,016cb9cfcbab95c83c6185eb71bea0d461f7025743ee52c5f8935151947b007d,Mantap 🎉🎉🎉,0,2025-08-02T13:37:29Z,2025-08-02T13:37:29Z,2026-09-19T00:23:07.332434+00:00,bagus 🎉🎉,,,,,Gemini-API,,,,
Ugw--gM7XZuHsdqp-XB4AaABAg,fjWvVFT0vr0,707663c67a13bbd2689955b48aa5cfb793003f0ace83251b3ed8d8d481856830,Headlamp nya kyk lambo🎉,1,2025-07-26T07:15:31Z,2025-07-26T07:15:31Z,2026-09-19T00:23:07.332434+00:00,headlamp nya kyk lambo🎉,,,,,Gemini-API,,,,
UgxJpJ440Jcgczf7g714AaABAg,fjWvVFT0vr0,dadcc8773a1b34af76a691b651e561bdec1cad83e1d227bbd117854b1af4c6de,Kerenlah kapan Konoha bisa buat mobil sendiri ya,0,2025-11-15T01:20:23Z,2025-11-15T01:20:23Z,2026-09-19T00:23:07.332434+00:00,kerenlah kapan konoha bisa buat mobil sendiri ya,,,,,Gemini-API,,,,
UgxwgxKDlHjSdww5Xgl4AaABAg,fjWvVFT0vr0,2daa686992faad511f9800918f2ee2a05b06ab7d1174005b5b645de85591bfcf,Keren ini.. Cocok buat mobil listrik pertama,0,2025-07-29T01:27:55Z,2025-07-29T01:27:55Z,2026-09-19T00:23:07.332434+00:00,keren ini.. cocok buat mobil listrik pertama,,,,,Gemini-API,,,,
UgyulYiS8Z78avX11Gl4AaABAg,fjWvVFT0vr0,e2c2e531ef8140b7f6f7f676bc3a5ddeacfb85c527dcf50b3ea95612f6a1fbde,"Kalau mesin ,saya minat",0,2026-03-31T00:37:15Z,2026-03-31T00:37:15Z,2026-09-19T00:23:07.332434+00:00,"kalau mesin ,saya minat",,,,,Gemini-API,,,,
UgzyRXMTQco3_V8algp4AaABAg,fjWvVFT0vr0,d622ca2dcdaeb9a2227ea2ed76a7e49bf5e4482c7ae982acac66ef9f95d0071a,Udah ada slot buat radar dibawah plat nomor depan 😁 keliatannya buat next facelift,0,2025-07-27T00:54:07Z,2025-07-27T00:54:07Z,2026-09-19T00:23:07.332434+00:00,udah ada slot buat radar dibawah plat nomor depan 😁 keliatannya buat next facelift,,,,,Gemini-API,,,,
UgyDUPOyNEhL0yUcIRx4AaABAg,Bx-XDBdN7nA,e64bf73e4164de73e42f6cf777ee5eb7fbc27316ce22c89b6ee0f19fae2f5a7a,SPK tgl 8nov dijanjikan des-jan 😅,2,2025-11-16T06:15:13Z,2025-11-16T06:15:13Z,2026-09-19T00:23:01.508913+00:00,spk tgl 8nov dijanjikan des-jan 😅,,,,,Gemini-API,,,,
UgxxMV9VX5VjnV6vsil4AaABAg,fjWvVFT0vr0,2347f9915a9fb3259d509d12d4aad36e1edbf0f9dd4808fc2f3a10e355e47bcc,Indonesian kapan bikin ginian.,0,2026-03-08T08:07:54Z,2026-03-08T08:07:54Z,2026-09-19T00:23:07.332434+00:00,indonesian kapan bikin ginian.,,,,,Gemini-API,,,,
UgwZpedoxRwt5YGZMzx4AaABAg,fjWvVFT0vr0,032acc09d6b58bc6addd40d9ef6af26b94a4a7a6796e69c0b8c6a5b8e38b5f5f,Model nya cakep banget.. Ini walaupun bukan mobil listrik.. Pasti tetap laku banget... 😊😊😊,0,2025-07-28T09:17:03Z,2025-07-28T09:17:03Z,2026-09-19T00:23:07.332434+00:00,model nya cakep banget.. ini walaupun bukan mobil listrik.. pasti tetap laku banget.. 😊😊,,,,,Gemini-API,,,,
Ugw163TH_gomDGGrhxl4AaABAg,fjWvVFT0vr0,5cd2df75134f9215c24ca38d5df36ec5cce3815dd82e91cddb55118cf97159b3,Auto beli ni mah😅,1,2025-07-26T05:34:44Z,2025-07-26T05:34:44Z,2026-09-19T00:23:07.332434+00:00,auto beli ni mah😅,,,,,Gemini-API,,,,
UgylTQ67Tbt_ilgsqi14AaABAg,fjWvVFT0vr0,870971e55a5efcd726560178fad72e9c20a23d927c8e693e5fd857ae6180b5c3,sumpah.. pengambilan gambarnya luar biasa.. kaya iklan BYD,0,2025-10-13T15:09:55Z,2025-10-13T15:09:55Z,2026-09-19T00:23:07.332434+00:00,sumpah.. pengambilan gambarnya luar biasa.. kaya iklan byd,,,,,Gemini-API,,,,
UgxpA5OgLgyTMSiiBVZ4AaABAg,fjWvVFT0vr0,1e48a75840ff1590c46aacc1529a10eaeee6ed0b26eed06b985bf66b0278230b,Semoga bisa beli mobil ini benar-benar keren ni mobil,0,2025-07-26T14:36:32Z,2025-07-26T14:36:32Z,2026-09-19T00:23:07.332434+00:00,semoga bisa beli mobil ini benar-benar keren ni mobil,,,,,Gemini-API,,,,
UgyItBNdZ2WwcERViQB4AaABAg,fjWvVFT0vr0,be7db6930c8faa226a2adba70e6c724813c9fabb1fdd0c72216c28d9a758b1f1,Biwadi sangat worth it,1,2025-07-26T08:48:14Z,2025-07-26T08:48:14Z,2026-09-19T00:23:07.332434+00:00,biwadi sangat layak it,,,,,Gemini-API,,,,
UgyaO0cv53L5UZ9xHY94AaABAg,fjWvVFT0vr0,127b63e63e43b8a9713e808ac6cc97c915bc66ff69cee41166ddd157e8bd93c1,Untuk mobil taksol cocok bgt sih ini,0,2025-07-27T04:58:06Z,2025-07-27T04:58:06Z,2026-09-19T00:23:07.332434+00:00,untuk mobil taksol cocok banget sih ini,,,,,Gemini-API,,,,
UgzUqrgG3LCItLF-Jid4AaABAg,fjWvVFT0vr0,93c72814aef0686558bf894d9943388549e7186597f16e7a32ba9bc4443fdeec,kalo sudah CKD dalamnegeri bakal 150 jutaaan otomatis lebih banyak pilihan nih soal mobil EV,0,2025-07-27T01:39:52Z,2025-07-27T01:39:52Z,2026-09-19T00:23:07.332434+00:00,kalo sudah ckd dalamnegeri bakal 150 jutaan otomatis lebih banyak pilihan nih soal mobil ev,,,,,Gemini-API,,,,
UgyZ-vrfYPlgXemtQS14AaABAg,fjWvVFT0vr0,f135b22e768ef84f7fdf409fda33406286faa7548a7588a7389b945774d1888b,ROMUSHA JEPANG akhirnya berakhir 😅,1,2025-07-26T05:39:38Z,2025-07-26T05:39:38Z,2026-09-19T00:23:07.333419+00:00,romusha jepang akhirnya berakhir 😅,,,,,Gemini-API,,,,
UgwgEqUsxOBwE-et5uR4AaABAg,fjWvVFT0vr0,598cc2c108089dfe51bf1544e95090dfe0c669e671bb23dea7689dc193c47fab,"makin besar fee sponsor semakin bagus reviewnya, sampai2 sebut merk lain., insiden2 BYD malah seperti dilupakan..",0,2025-11-04T19:26:57Z,2025-11-04T19:26:57Z,2026-09-19T00:23:07.333419+00:00,"makin besar fee sponsor semakin bagus reviewnya, sampai2 sebut merk lain., insiden2 byd malah seperti dilupakan..",,,,,Gemini-API,,,,
UgywAcsbuP3ykVVLMOJ4AaABAg,Bx-XDBdN7nA,fe09acedcbd2af2e592ea2b60940f0dbfc23b08f0089503d16f46e343f0283dd,"Mines jeacoo J5 pas nanjak di belokan..ada bunyi2 di bagian bawah kanan,sangat mengganggu..",0,2026-04-14T16:06:05Z,2026-04-14T16:06:05Z,2026-09-19T00:23:01.508913+00:00,"mines jeacoo j5 pas nanjak di belokan..ada bunyi2 di bagian bawah kanan,sangat mengganggu..",,,,,Gemini-API,,,,
UgzRYUZzTjiR-yAL57V4AaABAg,Bx-XDBdN7nA,cc685d4b3b7116cabb6e83ef35ec18bfedc7e3265eee633d19dbddf3d8790818,Semoga tahun depan Bisa kebeli yg standar aja'. Yg 249.,1,2025-11-16T23:26:34Z,2025-11-16T23:26:34Z,2026-09-19T00:23:01.508913+00:00,semoga tahun depan bisa kebeli yg standar aja'. yg 249.,,,,,Gemini-API,,,,
Ugza2YbTeHag50_wBcF4AaABAg,fjWvVFT0vr0,9bed08a91a51e9b22f548d2d5d16a3a87fc503902d290bc216b77fc138745f64,"Gw salfok sama Closing Video nya, nge rap gitu 🤣",0,2025-07-26T07:09:23Z,2025-07-26T07:09:23Z,2026-09-19T00:23:07.333419+00:00,"gw salfok sama closing video nya, nge rap gitu 🤣",,,,,Gemini-API,,,,
UgzViO0eCeJYPFT01TV4AaABAg,fjWvVFT0vr0,d9cac76e657f470d884d63d175da6caaa179accb01c882fa43efcbbd9e030c3e,Keren bener,0,2025-07-27T00:43:34Z,2025-07-27T00:43:34Z,2026-09-19T00:23:07.333419+00:00,keren bener,,,,,Gemini-API,,,,
Ugy2OaIBTf9YYknEvBt4AaABAg,fjWvVFT0vr0,b69becdca1b5d1685e311bf780b4e717febb7db0d9ae61d9797245c6b954cc64,Mobil keren nih,0,2025-07-26T04:28:01Z,2025-07-26T04:28:01Z,2026-09-19T00:23:07.333419+00:00,mobil keren nih,,,,,Gemini-API,,,,
UgxnEzLRv2FNWT7qD2p4AaABAg,fjWvVFT0vr0,045b1506c19a33a20be83e122bcd95a3d5e212a26468301f515631792290374b,Makin panas persaingan pasar otomotif Indonesia,0,2025-09-03T02:50:39Z,2025-09-03T02:50:39Z,2026-09-19T00:23:07.333419+00:00,makin panas persaingan pasar otomotif indonesia,,,,,Gemini-API,,,,
UgyGkakNEOqscV92cIR4AaABAg,fjWvVFT0vr0,36b9eecf441eabddc23c98716447c2eacf62e85d877358cd413d3e89edce2afa,Keren cukkkk,0,2025-07-26T09:34:40Z,2025-07-26T09:34:40Z,2026-09-19T00:23:07.333419+00:00,keren cukk,,,,,Gemini-API,,,,
UgxZzyYNMOWJ0PQUXT14AaABAg,fjWvVFT0vr0,9eba4b9ab0ce7f12b5a9f7cfb31df17eeecdd7dc7b5f91b2fa38e8413333feae,Desain BYD semuanya keren,0,2026-02-06T13:37:17Z,2026-02-06T13:37:17Z,2026-09-19T00:23:07.333419+00:00,desain byd semuanya keren,,,,,Gemini-API,,,,
UgxzKN67MqdBpTWHEEV4AaABAg,fjWvVFT0vr0,676f1c9ec319b680af53daf193d30e550e4ca3d9dd3e572499e71c7f02ce20ee,Menarik,0,2026-04-10T15:51:34Z,2026-04-10T15:51:34Z,2026-09-19T00:23:07.333419+00:00,menarik,,,,,Gemini-API,,,,
UgxkWk6s2ZHRdQ4ETEJ4AaABAg,Bx-XDBdN7nA,809e737ec01c67bce225939bfbe5b37db208ed8eb5dfcd6cbffa8c7480cc8640,OMG...Raize TSS Turbo ku yg 300jt an ketinggalan 2 dekade 😂...,0,2025-11-30T02:50:32Z,2025-11-30T02:50:32Z,2026-09-19T00:23:01.508913+00:00,omg..raize tss turbo ku yg 300jt an ketinggalan 2 dekade 😂..,,,,,Gemini-API,,,,
UgynBw-4oHDqyn3iIxZ4AaABAg,fjWvVFT0vr0,66a07b43751aa16a91767a2128ca4d79dae66fe8bff7b2bfd5a0b3867a63c37c,"ni satu2ny gebrakan yg palong waw di industri otomotif tahun 2025 yg hypeny bner2 tinggi abis, bahkan bner2 guncang pasar hahaha,",0,2026-01-26T12:59:52Z,2026-01-26T12:59:52Z,2026-09-19T00:23:07.333419+00:00,"ni satu2ny gebrakan yg palong waw di industri otomotif tahun 2025 yg hypeny bner2 tinggi abis, bahkan bner2 guncang pasar hahaha,",,,,,Gemini-API,,,,
UgxhPhFZAh3mCy6KwUB4AaABAg,fjWvVFT0vr0,aafbea55b1d155795ac5e0df63a6360a8e598e18e7692b51607544031173834e,Skillz editor carmudi masih di atas channel lain nya,0,2025-07-26T06:01:16Z,2025-07-26T06:01:16Z,2026-09-19T00:23:07.333419+00:00,skillz editor carmudi masih di atas channel lain nya,,,,,Gemini-API,,,,
UgziX4p2RvVyhzCqoWN4AaABAg,fjWvVFT0vr0,7269a35b36a5eaa1f86e68826925a08f8c1cd32471e22a9c9f44cf0db8c4ed67,Build your dreams,0,2025-07-26T04:40:18Z,2025-07-26T04:40:18Z,2026-09-19T00:23:07.333419+00:00,build your dreams,,,,,Gemini-API,,,,
UgxiQ6idM9jAgNX9Jqh4AaABAg,fjWvVFT0vr0,edee4ba2a6db3180aebcf0eedb3fbb428a6688a38114c711c1f31592e6e324e4,Cepet banget om ngomong e....weleh weleh,0,2025-07-26T15:26:51Z,2025-07-26T15:26:51Z,2026-09-19T00:23:07.333419+00:00,cepet banget om ngomong e..weleh weleh,,,,,Gemini-API,,,,
UgzZAN6Yz-YJSRSLhtN4AaABAg,fjWvVFT0vr0,4d2d4c779c086d09feca96d0a6e58a65c63d98d90a9ceb2dd62212aef0e67540,"Yakin bakal bnyk dijalan2 nih,.",0,2025-08-08T09:56:57Z,2025-08-08T09:56:57Z,2026-09-19T00:23:07.333419+00:00,"yakin bakal bnyk dijalan2 nih,.",,,,,Gemini-API,,,,
Ugwv7sDW7uNZ-RM5R3d4AaABAg,fjWvVFT0vr0,c500d51750b799880616122b784be39210ecbb67c0db152780affa412c171b78,Semoga bisa beli mobil yaallah ❤❤❤,0,2025-08-05T01:10:24Z,2025-08-05T01:10:24Z,2026-09-19T00:23:07.333419+00:00,semoga bisa beli mobil yaallah ❤❤,,,,,Gemini-API,,,,
UgwZRE4GEBTu--V284t4AaABAg,fjWvVFT0vr0,52da47f7d6d24152b45405f17c5e423a79f32711fa376262143e3d21f8fc023f,"yaaeeelaahhh,, jadi pengen tuker yg sekarang. :(",0,2025-07-26T12:30:47Z,2025-07-26T12:30:47Z,2026-09-19T00:23:07.333419+00:00,"yaaeelaahh,, jadi pengen tuker yg sekarang. :(",,,,,Gemini-API,,,,
Ugwkt049KWr9baAbxf14AaABAg,Bx-XDBdN7nA,17506a61a20a12b44262890b5b20cbacfe59c22972445b77ee6554aa28d79675,"Negara yang paling penguasa pasar global dunia adalah China, China sekarang ambisi untuk membuat teknologi yang negara lain gak bisa bikin, dan hampir semua otomotif di impor dari china",1,2025-11-18T15:36:19Z,2025-11-18T15:36:19Z,2026-09-19T00:23:01.508913+00:00,"negara yang paling penguasa pasar global dunia adalah china, china sekarang ambisi untuk membuat teknologi yang negara lain tidak bisa bikin, dan hampir semua otomotif di impor dari china",,,,,Gemini-API,,,,
UgxkXEwL8fcfd7WClhN4AaABAg,fjWvVFT0vr0,d4b13b5e4bfb43df840d38fd707e7c6882d954b6fcfc46678907997b68be23d9,"Makin banyak pilihan sekarang, tinggal konsumen pilih sesuai selera. Mau mobil jepang, eropa, china, korea. Pada dasarnya mobil itu sama saja, tinggal sesuaikan budget dan kebutuhan. Yg penting gak maksain beli kalo belum mampu",0,2025-07-27T10:10:38Z,2025-07-27T10:10:38Z,2026-09-19T00:23:07.333419+00:00,"makin banyak pilihan sekarang, tinggal konsumen pilih sesuai selera. mau mobil jepang, eropa, china, korea. pada dasarnya mobil itu sama saja, tinggal sesuaikan budget dan kebutuhan. yg penting tidak maksain beli kalo belum mampu",,,,,Gemini-API,,,,
Ugz3AWJ4r17AUyno86V4AaABAg,fjWvVFT0vr0,472e3c66369255a0ba328b468f01b8049e9c630a7abd18aec5b5f775200c98ad,25:06 pelan2 bang ngomongnya,1,2025-08-07T01:34:41Z,2025-08-07T01:34:41Z,2026-09-19T00:23:07.333419+00:00,25:06 pelan2 bang ngomongnya,,,,,Gemini-API,,,,
Ugwc_nnjIgH6OQypFLF4AaABAg,fjWvVFT0vr0,88aa51f44ec9a3c13a4460b3e43ae707c28fe14c904d9cfb769d17c34d49648d,Tahun depan beli ahh...,0,2025-07-26T13:17:43Z,2025-07-26T13:17:43Z,2026-09-19T00:23:07.333419+00:00,tahun depan beli ahh..,,,,,Gemini-API,,,,
UgxTYMNCjPq-5Il5zQt4AaABAg,Bx-XDBdN7nA,3005d17a8c811048c958b9995e44e61341a64dded84cba95e669df0d0420406e,Apalagi kalo di bikin 7 seater nih mobil kaya kacang goreng 😂,1,2025-11-16T10:41:37Z,2025-11-16T10:41:37Z,2026-09-19T00:23:01.508913+00:00,apalagi kalo di bikin 7 seater nih mobil kaya kacang goreng 😂,,,,,Gemini-API,,,,
UgzmtHLljwvCFATI8Xd4AaABAg,fjWvVFT0vr0,b809d8170bf80636cd77959e252ce4cd6a7e255de42b6a3a211c8c1f0571549e,jadi keinget mobil Selo nya pak Dahlan iskan😅,0,2025-07-28T06:52:28Z,2025-07-28T06:52:28Z,2026-09-19T00:23:07.333419+00:00,jadi keinget mobil selo nya pak dahlan iskan😅,,,,,Gemini-API,,,,
UgwHaHcFTn2aQkviU4Z4AaABAg,fjWvVFT0vr0,14d259fc55e23811014d8fc436f60c8a36babb32ddec3e7a7b8148f1e60a9f30,Mukanya kek mobil sport 🔥,0,2026-03-30T05:08:36Z,2026-03-30T05:08:36Z,2026-09-19T00:23:07.333419+00:00,mukanya kek mobil sport 🔥,,,,,Gemini-API,,,,
UgwEwnTzlWeE3DTXGe54AaABAg,fjWvVFT0vr0,bb3f3d8aed99e2fa8d8296c91ccb0d7283e7b125b4dcb82a792f1de6cfd30a88,Lamborghini banget keren,0,2025-07-29T08:38:55Z,2025-07-29T08:38:55Z,2026-09-19T00:23:08.164869+00:00,lamborghini banget keren,,,,,Gemini-API,,,,
UgzygMzArmwVlcrwLWV4AaABAg,fjWvVFT0vr0,c9fe085ae157ad01dfc57fbbbe7b4de57ef2f2c4d5af15fdb51b084b60c90c1b,Kayaknya satu hal yang kurang dibicarakan tapi sangat diapresiasi itu lampu sen nya ada di sisi kanan setir :v,0,2025-07-26T07:48:32Z,2025-07-26T07:48:32Z,2026-09-19T00:23:08.164869+00:00,kayaknya satu hal yang kurang dibicarakan tapi sangat diapresiasi itu lampu sen nya ada di sisi kanan setir :v,,,,,Gemini-API,,,,
Ugy2gix2D4jNk2Xd76d4AaABAg,fjWvVFT0vr0,14f05991e9733a28cc2ae96f3a2cb2bd013a34e7ba9f69a30a5b682a02dff7bb,Aanjiirrrr ada huracan city car 😂,0,2025-07-27T01:24:38Z,2025-07-27T01:24:38Z,2026-09-19T00:23:09.885658+00:00,aanjiirr ada huracan city car 😂,,,,,Gemini-API,,,,
UgxVnLHF3y8o86ZQZJB4AaABAg,fjWvVFT0vr0,c415e31ba01b5742dbdbcc8f2057855aa220ec0baa6005a0f5aea432d8d05aa8,Ganteng bgt,0,2025-07-27T03:18:10Z,2025-07-27T03:18:10Z,2026-09-19T00:23:08.935049+00:00,ganteng banget,,,,,Gemini-API,,,,
UgyowNHxNFablMGe8yd4AaABAg,fjWvVFT0vr0,61405623f089f9b7c209d98dad7c70e2f0dc0f94dd23aecdb0a6019de881620d,Ekonomi sekrng lg sulit gk mikirin mobil,0,2025-07-29T13:17:15Z,2025-07-29T13:17:15Z,2026-09-19T00:23:08.935049+00:00,ekonomi sekrng lagi sulit tidak mikirin mobil,,,,,Gemini-API,,,,
UgyoS7qDQ9t6FU06HT54AaABAg,fjWvVFT0vr0,5e17dab45ace1664e54417344d49bd988aee9e461692899687ad4159fe471fd6,Lamborghini urus versi mini,0,2025-08-03T01:41:02Z,2025-08-03T01:41:18Z,2026-09-19T00:23:08.935049+00:00,lamborghini urus versi mini,,,,,Gemini-API,,,,
Ugyf8GNr0A5TSmFnViB4AaABAg,fjWvVFT0vr0,2b013a394c7cd06e1328e0bf766d2c648ee0385cb7cfa5e2108e10478a08d7fd,Depannya mirip lambo urus,0,2025-07-26T09:35:49Z,2025-07-26T09:35:49Z,2026-09-19T00:23:08.935049+00:00,depannya mirip lambo urus,,,,,Gemini-API,,,,
Ugx6Kz6t09bFXUYhu0p4AaABAg,fjWvVFT0vr0,74b8c131726d00c8386a2a67a646374a956445b2a39ff6f8bdacb38f8f5b1754,Sayang sekali pintu belakang ga ada speaker dan jok belakang masih bench,0,2025-07-27T10:29:28Z,2025-07-27T10:29:28Z,2026-09-19T00:23:08.935049+00:00,sayang sekali pintu belakang tidak ada speaker dan jok belakang masih bench,,,,,Gemini-API,,,,
UgxPvJk3oTy8-0gcXDd4AaABAg,fjWvVFT0vr0,1fb2d9cdbd9c4341e94228a2919fdb31ca346237e2c21c5774c964334100d1e5,mobil lambo versi hatchback,0,2025-08-09T08:24:40Z,2025-08-09T08:24:40Z,2026-09-19T00:23:08.935049+00:00,mobil lambo versi hatchback,,,,,Gemini-API,,,,
UgxeEDjyn5yYUfRLj7F4AaABAg,fjWvVFT0vr0,03b6b5b8c9f6edca34ff8988c051ea7f8077300b10d310a0e25083eed02fcd93,Bau² konsep lambo ya,0,2025-07-29T11:46:33Z,2025-07-29T11:46:33Z,2026-09-19T00:23:08.935049+00:00,bau² konsep lambo ya,,,,,Gemini-API,,,,
UgwqrqBAv6T5OEVAswJ4AaABAg,fjWvVFT0vr0,ad70427b6ad432cb0d65a4e2e2df83e26e49b25d2496c9c958894f1f43c634ab,Politron ketar ketir😅,0,2025-07-27T03:12:26Z,2025-07-27T03:12:26Z,2026-09-19T00:23:08.935049+00:00,politron ketar ketir😅,,,,,Gemini-API,,,,
UgwEcq-ePLiobMElI2h4AaABAg,fjWvVFT0vr0,b45c484a1b55db61515f2d65bb515fd88cf38decf452e5ab1ae8817651f836ee,Gua diGaru da-Hoki Gapake pola tetep aja jp juga🔥🙊,0,2025-07-26T05:40:17Z,2025-07-26T05:40:17Z,2026-09-19T00:23:08.935049+00:00,gua digaru da-hoki gapake pola tetep aja jp juga🔥🙊,,,,,Gemini-API,,,,
Ugwk7d-_PH7n_35qdr14AaABAg,fjWvVFT0vr0,5ea5de99aee2d4c89670d12de5fbb299af062c3a880da3225f4b5fbdba0dcf21,Lampu depan nya lamborghini bgt,0,2025-07-26T17:30:15Z,2025-07-26T17:30:15Z,2026-09-19T00:23:08.935049+00:00,lampu depan nya lamborghini banget,,,,,Gemini-API,,,,
UgyTN68dCgfw_8Sjwkp4AaABAg,Bx-XDBdN7nA,d303646cfe57ac98994b39f01363fd6e33f1b3b8c0a72d39849574d58a00c206,Saatnya pindah ke listrik drpd isi bensin resiko dpt oplosan terus,0,2026-01-16T01:02:14Z,2026-01-16T01:02:14Z,2026-09-19T00:23:01.508913+00:00,saatnya pindah ke listrik drpd isi bensin resiko dapat oplosan terus,,,,,Gemini-API,,,,
Ugy4CjKZZ3HZiiIIlZ54AaABAg,fjWvVFT0vr0,4ed60f986f44bc44eb2ae820f254811ea055c00fea53df594ae9ef6d07f9c842,"Gada ban serep adalah kekurangan mbl ini, user indo masih asing dan ga PD tanpa ban serep",2,2025-07-26T09:32:59Z,2025-07-26T09:32:59Z,2026-09-19T00:23:08.935049+00:00,"gada ban serep adalah kekurangan mbl ini, user indo masih asing dan tidak pd tanpa ban serep",,,,,Gemini-API,,,,
UgzDGkMSq2056vQKBtB4AaABAg,Bx-XDBdN7nA,41994dad25832f5a8a6a9ac0a8ffe0b275ce922f1df815ead979dacb574dad16,"Perbedaan dengan tipe STANDARD ? 
Minta, review yang model standard donk kak 🙏",0,2025-11-25T13:45:39Z,2025-11-25T13:45:39Z,2026-09-19T00:23:01.508913+00:00,"perbedaan dengan tipe standard ? minta, review yang model standard donk kak 🙏",,,,,Gemini-API,,,,
UgydO-KFgYkr4rSH-Vl4AaABAg,fjWvVFT0vr0,903b5c268a2859a1f4e21590e34c0319196c093ec1a7f4f006fd8998f51931f4,Anjirrr cakep banget ni mobil👍👍👍,0,2025-08-10T13:20:50Z,2025-08-10T13:20:50Z,2026-09-19T00:23:08.935049+00:00,anjirr cakep banget ni mobil👍👍,,,,,Gemini-API,,,,
UgzvFXxAkIfD0C6qUqt4AaABAg,fjWvVFT0vr0,bd451f1b1305047905206fe32dcd3163c9ee4802f3b469dfcd86241b4cf5d377,"Perusak pasar LCGC, mantap",0,2025-11-11T06:37:09Z,2025-11-11T06:37:09Z,2026-09-19T00:23:08.935049+00:00,"perusak pasar lcgc, bagus",,,,,Gemini-API,,,,
Ugz_yfWtZuo5qmFnUs14AaABAg,fjWvVFT0vr0,8df7f568782d17fcc3eb61ffabca8c8e261cd8a0ac1821d1cec9b49eff30f4d0,"Sy yang tiap nonton video BYD trus muncul iklan toyota be like:

Dih ini apaan sih aki2 gangguin mulu 😂",1,2025-07-27T14:03:56Z,2025-07-27T14:03:56Z,2026-09-19T00:23:08.935049+00:00,sy yang tiap nonton video byd trus muncul iklan toyota be like: dih ini apaan sih aki2 gangguin mulu 😂,,,,,Gemini-API,,,,
UgyCQEWIA5EhA100fPt4AaABAg,fjWvVFT0vr0,ebba7763794a78e82e055917e292a2eb52609f5fdebd5046606596b0b058eba4,Masih itu. Ada yg kursi cuma 2 lebih cakep lagi,0,2025-08-23T23:43:40Z,2025-08-23T23:43:40Z,2026-09-19T00:23:08.935049+00:00,masih itu. ada yg kursi cuma 2 lebih cakep lagi,,,,,Gemini-API,,,,
UgztVCUKiU9a3wmTWSh4AaABAg,fjWvVFT0vr0,105405003fd172b8f484a90bb8d552fb6e09b9f1fde155eb5f78d18a6d4c3134,Pasti selalu ada iklan toyota hybrid...,0,2025-07-26T06:34:27Z,2025-07-26T06:34:27Z,2026-09-19T00:23:08.935049+00:00,pasti selalu ada iklan toyota hybrid..,,,,,Gemini-API,,,,
UgwTWO6yKN3FXmSVzsN4AaABAg,G_acqAJrRso,ac60c02d0d2d6cc6ba16e903ed3fccb2855d42a75966540879e80b1d91c443c1,"carmudi ini jagatreview nya otomotif, detail bgt👍",62,2025-11-14T15:05:42Z,2025-11-14T15:05:42Z,2026-09-18T04:38:30.738340+00:00,"carmudi ini jagatreview nya otomotif, detail bgt👍",,,,,Gemini-API,,,,
Ugw7iB1kcjEgveoj1EJ4AaABAg,fjWvVFT0vr0,111469a6ddb76d5c628926c1a9ef31711cc50f17a1820dc46caf10b68596a75b,Ga heran kalo editor carmudi digaji 30jt ampe 45jt tiap bulan.. Hasilnya editannya edannnnnn..,0,2025-07-26T07:08:52Z,2025-07-26T07:09:05Z,2026-09-19T00:23:08.935049+00:00,tidak heran kalo editor carmudi digaji 30jt ampe 45jt tiap bulan.. hasilnya editannya edann..,,,,,Gemini-API,,,,
Ugzczto6USJ2lpY-CU14AaABAg,fjWvVFT0vr0,3429d51aadd4d5495fc0a758fd11fc03aa038748c3ccfc2685062a83d6ccfbbc,"LCGC terbaru bakal rontok oleh BYD model keren, tapi aq masih punya kRimun tetep aq pertahanin karena terkendala isi dompet. Kpn bisa punya ya mobil ini.. 👍👍",0,2026-04-07T22:16:34Z,2026-04-07T22:16:34Z,2026-09-19T00:23:08.935049+00:00,"lcgc terbaru bakal rontok oleh byd model keren, tapi aq masih punya krimun tetep aq pertahanin karena terkendala isi dompet. kpn bisa punya ya mobil ini.. 👍👍",,,,,Gemini-API,,,,
Ugy9FDEuzPZo5FqZ9z54AaABAg,fjWvVFT0vr0,35ec62c2679402688f16473765c22977d37dc42ad03f552102ce88931777ad27,"Klo ngomong jgn kecepetan om kesan'a Mala kaya blibet gitu, nyante aja om jadi enak denger'a...",0,2025-07-28T11:39:15Z,2025-07-28T11:39:15Z,2026-09-19T00:23:08.935049+00:00,"kalau ngomong jangan kecepetan om kesan'a mala kaya blibet gitu, nyante aja om jadi enak denger'a..",,,,,Gemini-API,,,,
UgySsb-42sJfWFPqblJ4AaABAg,Bx-XDBdN7nA,7009781f265e2c46cbea6501ea88f3a3e3cd7319a806856148225d3348836be8,"Menurut saya, saat ini kalo masih ada yg beli brio RS aga aneh sih, subtitusinya ada J5 ini, kalo mau mesin ICE ada Chery Tiggo Cross, Fronx, Ertiga GL, ini pendapat saya sebagai user Brio yg nilai modifannya hampir 50 juta.",7,2025-11-17T05:14:45Z,2025-11-17T05:14:45Z,2026-09-19T00:23:01.508913+00:00,"menurut saya, saat ini kalo masih ada yg beli brio rs aga aneh sih, subtitusinya ada j5 ini, kalo mau mesin ice ada chery tiggo cross, fronx, ertiga gl, ini pendapat saya sebagai user brio yg nilai modifannya hampir 50 juta.",,,,,Gemini-API,,,,
UgwsWQOBCsvGZNgZ2OZ4AaABAg,fjWvVFT0vr0,eea7666d7a8861d52a9baabc0de139e7bb779c8923f87d53687d61b1cbe0fe9f,"belum tentu.....otang indonesia gak mudah bemgkok prinsipnya kalo r
urusan mobil....",0,2025-08-04T13:01:57Z,2025-08-04T13:01:57Z,2026-09-19T00:23:08.935049+00:00,belum tentu..otang indonesia tidak mudah bemgkok prinsipnya kalo r urusan mobil..,,,,,Gemini-API,,,,
UgzskEDZilKG5X9alnJ4AaABAg,fjWvVFT0vr0,6f2627af98772cdd90bcff874f021717dbfdb528395e6a741301f53b72e2790d,"Mobil yg susah di charge, sama di indo belum merata untuk pengisianya, jadi hanya bisa dalam kota",0,2025-08-09T03:33:10Z,2025-08-09T03:33:10Z,2026-09-19T00:23:08.935049+00:00,"mobil yg susah di charge, sama di indo belum merata untuk pengisianya, jadi hanya bisa dalam kota",,,,,Gemini-API,,,,
Ugwxu4kNa6MF1YjOEFR4AaABAg,fjWvVFT0vr0,031f9a52c7243c49cfec59f53d83034f7b549336fd4163075ee3883f6df85f69,Sayang nya gk ad wiper belakang  klo  hujan kecil udh pasti pandangan ke belakang pasti buram,0,2025-11-01T15:17:16Z,2025-11-01T15:17:16Z,2026-09-19T00:23:08.935049+00:00,sayang nya tidak ad wiper belakang kalau hujan kecil sudah pasti pandangan ke belakang pasti buram,,,,,Gemini-API,,,,
Ugzm3RJIWeVymqo9FkN4AaABAg,Bx-XDBdN7nA,24394c9a9614d8ae9144beda377ccf319b9f0322af8842b0724a045f8a04c1c1,Jaecoo j5 sama chery tiggo cross csh ni sama2 gila in a good way wes,0,2026-03-26T09:46:20Z,2026-03-26T09:46:20Z,2026-09-19T00:23:01.508913+00:00,jaecoo j5 sama chery tiggo cross csh ni sama2 gila in a good way wes,,,,,Gemini-API,,,,
Ugxxc_Q9qcn9psAE7XN4AaABAg,Bx-XDBdN7nA,f72805af6e783f17d51710035c4d1e11934ac01c358d3914ba0dfc89262f91ad,Kebanyakan mangap euuy nonton nya plus mata melotot wkwkwk,0,2025-11-16T09:37:04Z,2025-11-16T09:37:04Z,2026-09-19T00:23:01.508913+00:00,kebanyakan mangap euuy nonton nya plus mata melotot wkwkwk,,,,,Gemini-API,,,,
Ugzf3IgGb25lsBI6MnB4AaABAg,fjWvVFT0vr0,35bdb6c423a7d3be2d5ca1a5ddeb4c6bb89372294610f30752cefe4e169b85f9,Abis tuh lcgc😂,0,2025-08-18T17:55:31Z,2025-08-18T17:55:31Z,2026-09-19T00:23:08.935049+00:00,abis tuh lcgc😂,,,,,Gemini-API,,,,
UgzIdp1sWahmmEWExel4AaABAg,fjWvVFT0vr0,ba65da61327316af1ecd43e667f22491daedeb3da6cd4593f25fdbc7cb348052,Japun ketar ketir😂,0,2025-08-05T12:25:11Z,2025-08-05T12:25:11Z,2026-09-19T00:23:08.935049+00:00,japun ketar ketir😂,,,,,Gemini-API,,,,
UgxKOx5igLFJzOauXOx4AaABAg,fjWvVFT0vr0,38bb6760cf857ac47c0111f44c996a9a6f9605741f03dd27830be9e6cd1f4ec4,DP 30 kayanya masuk tuh,0,2025-08-10T03:37:35Z,2025-08-10T03:37:35Z,2026-09-19T00:23:09.885658+00:00,dp 30 kayanya masuk tuh,,,,,Gemini-API,,,,
UgznRjcNPiRG77Nll454AaABAg,fjWvVFT0vr0,6a1f32f53e57cb2088f780715c8b03fc06d7b4cca2c7faf8d1257a9b06996a1c,Spbu pertamina auto tutup kolapsss😅😅,1,2025-07-27T15:48:58Z,2025-07-27T15:48:58Z,2026-09-19T00:23:09.885658+00:00,spbu pertamina auto tutup kolapss😅😅,,,,,Gemini-API,,,,
Ugzj4BvxuRW6m-qBvK14AaABAg,fjWvVFT0vr0,a3d4c3d15ad79bb5c7c73ee81fd9d1dbbde46c071af04065d7c07b89d5c934fb,Headlamp nya ala huracan ya,0,2025-07-26T06:14:25Z,2025-07-26T06:14:25Z,2026-09-19T00:23:09.885658+00:00,headlamp nya ala huracan ya,,,,,Gemini-API,,,,
UgzV8ZtKxLPxa6sEQt54AaABAg,fjWvVFT0vr0,dcd89775b6658385bab63b9e5658eff727543e98cc6153f973a7b0e754f7fcd9,"gw pribadi lbh suka plafon hitam, biar gak mudah kliatan kotor... dan Atto 1 so far bagi gw the best design micro ev",0,2026-02-16T15:10:17Z,2026-02-16T15:10:17Z,2026-09-19T00:23:09.885658+00:00,"gw pribadi lbh suka plafon hitam, biar tidak mudah kliatan kotor.. dan atto 1 so far bagi gw the best design micro ev",,,,,Gemini-API,,,,
UgwGRRjZI175fs6x0354AaABAg,fjWvVFT0vr0,5991e9a4f2b45ccdcb404a17e8ebaf5d0c51705101bdffd95e605517699a4f26,apakah cocok buat ngegrab/gocar?,1,2025-07-26T06:14:04Z,2025-07-26T06:14:04Z,2026-09-19T00:23:09.885658+00:00,apakah cocok buat ngegrab/gocar?,,,,,Gemini-API,,,,
UgxPFpZRcGj36pHtoT14AaABAg,Bx-XDBdN7nA,c4ff3218c5107c1cef1806deff18c0cc5551f4d1d318ce2834941bf2bcf0368e,"Alhamdulillah sudah test drive kemarin di gias makassar, 
Sekarang kebayang bayang terus 😅",2,2025-11-16T21:51:11Z,2025-11-16T21:51:11Z,2026-09-19T00:23:01.508913+00:00,"alhamdulillah sudah test drive kemarin di gias makassar, sekarang kebayang bayang terus 😅",,,,,Gemini-API,,,,
UgzLCubVeiRvaddjFPF4AaABAg,Bx-XDBdN7nA,5fc74f81e0b3c0b440633a479433bfae78a07915e1ad7289c727d6b0e7e63dd9,"Padahal saudara tua yang pertama kali masuk punya mobil 60 juta,tapi ga dibawa masuk,lebih milih yang % marginnya gede,sungguh astra sekali cara berpikirnya😂😂😂",0,2025-11-18T05:39:04Z,2025-11-18T05:39:04Z,2026-09-19T00:23:01.508913+00:00,"padahal saudara tua yang pertama kali masuk punya mobil 60 juta,tapi tidak dibawa masuk,lebih milih yang % marginnya gede,sungguh astra sekali cara berpikirnya😂😂",,,,,Gemini-API,,,,
UgwkvPBYDPfxQ3XJr0d4AaABAg,Bx-XDBdN7nA,c2271b0541a21000332cd65294fb9decd6e51753ae00ad81b7a67bd104e131b1,"Tumben nadanya banyak yang positif.
Hehehehe",0,2025-11-17T04:05:52Z,2025-11-17T04:05:52Z,2026-09-19T00:23:01.508913+00:00,tumben nadanya banyak yang positif. hehehehe,,,,,Gemini-API,,,,
UgzFbuydPttClTEOSfl4AaABAg,fjWvVFT0vr0,00ac3b6d373fb929e90bbd07b07e849952923937aaaf06929b2727bcff31fcc2,Mobil listrik yang mirip c@lya sigr@ ada nggak?,0,2025-08-12T07:59:50Z,2025-08-12T07:59:50Z,2026-09-19T00:23:08.935049+00:00,mobil listrik yang mirip c sigr@ ada nggak?,,,,,Gemini-API,,,,
UgwgfNiTPQTbMWavMSB4AaABAg,fjWvVFT0vr0,9375670c2b63abacd082dd5cc97a48f0a45c766fb92cf8c27e83fcbc1b6b9097,Agya ku pasti ku jual ini sebelum Atto 1 meluber dipasaran,0,2025-07-26T06:53:49Z,2025-07-26T06:53:49Z,2026-09-19T00:23:08.935049+00:00,agya ku pasti ku jual ini sebelum atto 1 meluber dipasaran,,,,,Gemini-API,,,,
UgxGqPdnbNoLYm5l8nl4AaABAg,fjWvVFT0vr0,7101b5c0fa9635d1113d0ffbd377867512a432a1ce26ccd572113105a089ee71,bjir lampu depan Lamborghini urus,0,2025-07-29T13:29:53Z,2025-07-29T13:29:53Z,2026-09-19T00:23:08.935049+00:00,bjir lampu depan lamborghini urus,,,,,Gemini-API,,,,
UgyGT8EWboKkFnuuq5d4AaABAg,fjWvVFT0vr0,1dafebaa35f8f3582bfec160d580c5b0709d61aec1be660eb59067190da88ec5,"tetep cakep honda dengan wrv nya , suzuki dengan Swift nya",0,2025-08-13T22:14:35Z,2025-08-13T22:14:35Z,2026-09-19T00:23:08.935049+00:00,"tetep cakep honda dengan wrv nya , suzuki dengan swift nya",,,,,Gemini-API,,,,
UgzgETChq6s_g6LlL_94AaABAg,Bx-XDBdN7nA,a27ad99c0ebfa1976795dcdd85d88f83a41ed1a746d3b8927ce6c847a1c091f0,"Kalau wuling air ev  100jtan kayaknya saya minat,😅",0,2025-11-18T13:22:32Z,2025-11-18T13:22:32Z,2026-09-19T00:23:01.508913+00:00,"kalau wuling air ev 100jtan kayaknya saya minat,😅",,,,,Gemini-API,,,,
UgwHMHs8-FrhgJ_KfjB4AaABAg,fjWvVFT0vr0,bf48e74d9862db7f2fc3d3a7812a3d13ec83eb64eeedb96aeb717a6869ce1611,Adakah di papua ini brg nanti?,0,2025-07-27T06:03:22Z,2025-07-27T06:03:22Z,2026-09-19T00:23:08.935049+00:00,adakah di papua ini brg nanti?,,,,,Gemini-API,,,,
UgxnXebrMzcnqMvaVgp4AaABAg,fjWvVFT0vr0,5fec7cdbcbb4070cf54f28c1a2dd92bc60d9a0d5c6c70666de4e46082c05f2bb,VO nya kurang clear. Terlalu cepat,0,2025-08-11T01:21:18Z,2025-08-11T01:21:18Z,2026-09-19T00:23:08.935049+00:00,vo nya kurang clear. terlalu cepat,,,,,Gemini-API,,,,
UgzIQNxS-hFgaHHcfKF4AaABAg,Bx-XDBdN7nA,5c8300e326f2f515ece1a83944a370a16f3f28754857a8449e67f6589daa8d61,Menurut saya paling bagus warna hitam,3,2025-11-16T06:54:17Z,2025-11-16T06:54:17Z,2026-09-19T00:23:01.508913+00:00,menurut saya paling bagus warna hitam,,,,,Gemini-API,,,,
UgzpQ_c9vdkrfPG8tcx4AaABAg,fjWvVFT0vr0,a9794a036bd9e579a9102d2e31445b2373b413cd35f2f2e138ba9ec0adb5ac1d,Liat aja nanti jangka panjang nya😅,0,2025-07-27T00:16:36Z,2025-07-27T00:16:36Z,2026-09-19T00:23:08.935049+00:00,liat aja nanti jangka panjang nya😅,,,,,Gemini-API,,,,
UgwdSxhMcD-DZFMiTWB4AaABAg,fjWvVFT0vr0,251c42182f8b86512a1592d6077b51d6cdafcf510f8728ec3ebe6d2ba5d0c190,Kirain saya saja yang iklannya Toyota 😂,0,2025-07-27T06:11:03Z,2025-07-27T06:11:03Z,2026-09-19T00:23:08.935049+00:00,kirain saya saja yang iklannya toyota 😂,,,,,Gemini-API,,,,
UgzCsqvSZrx1aQkoLeh4AaABAg,fjWvVFT0vr0,a1cc537f64eb47d23e2cc1dca34d7e52b21f6e5452a2fef5dc6ad9d47862b07c,"Anjay,lampunya kayak lambo",0,2025-07-29T10:15:39Z,2025-07-29T10:15:39Z,2026-09-19T00:23:08.935049+00:00,"anjay,lampunya kayak lambo",,,,,Gemini-API,,,,
Ugyko6Tt91FyiN60k5R4AaABAg,fjWvVFT0vr0,9ec319f3964682f0c3f5a6dcc191945b6489d378d39bc1d26b3d3c657cfc432f,Saya tertawa sambil nahan sakit perut😂,0,2025-08-10T04:25:37Z,2025-08-10T04:25:37Z,2026-09-19T00:23:08.935049+00:00,saya tertawa sambil nahan sakit perut😂,,,,,Gemini-API,,,,
Ugz5yplfJNpVEtQ1eIt4AaABAg,fjWvVFT0vr0,afed85107796ac3fd4f512bd6c6e2945449e4d87ea6c5a6283cb9f3f9a60f02c,"tetangga gw punya BYD seal, uda pke setahun, kaki2 mulai ga nyaman, ga ada tmpat servis dan partnya susah, tmbah lg ada sebagian batrenya uda bengkak jg, skrg pusing mau beli batrenya, bs dpat avanza second, dan parahnya, susah mau modifikasi, krn dari diler blg klo ada mau nambah sound system dll, garansi hangus",1,2025-07-29T13:02:33Z,2025-07-29T13:03:06Z,2026-09-19T00:23:08.935049+00:00,"tetangga gw punya byd seal, uda pke setahun, kaki2 mulai tidak nyaman, tidak ada tmpat servis dan partnya susah, tmbah lagi ada sebagian batrenya uda bengkak jg, skrg pusing mau beli batrenya, bs dpat avanza second, dan parahnya, susah mau modifikasi, karena dari diler blg kalau ada mau nambah sound system dll, garansi hangus",,,,,Gemini-API,,,,
Ugwp2Xsc-XstbJ-rZ094AaABAg,fjWvVFT0vr0,a9a48b51301a1bd181ce589a39b1f2a130dc30de11e6d79d7c3444bf23ce42eb,Good 5:18,0,2025-07-28T12:50:04Z,2025-07-28T12:50:04Z,2026-09-19T00:23:08.935049+00:00,good 5:18,,,,,Gemini-API,,,,
UgzvqQ_vJwbwzskAi5x4AaABAg,fjWvVFT0vr0,483c705ef5002416a7c606a7a43a61f40ffdf2993ed53038f2dab56eed4197f4,Sekilas keinget kayak Lamborghini gak sih lampunya?,0,2025-07-27T11:11:06Z,2025-07-27T11:11:06Z,2026-09-19T00:23:08.935049+00:00,sekilas keinget kayak lamborghini tidak sih lampunya?,,,,,Gemini-API,,,,
UgwTkn3zPbhvQu76z9F4AaABAg,fjWvVFT0vr0,71967e961f0f153ec8d1028f4ceb26229cb0fa02d3f657c7d3b1b73d22ed287a,"cocok buat taxi online, bebas biaya perawatan dan isi bbm,",0,2025-07-29T07:32:34Z,2025-07-29T07:32:34Z,2026-09-19T00:23:08.935049+00:00,"cocok buat taxi online, bebas biaya perawatan dan isi bbm,",,,,,Gemini-API,,,,
UgzR5VC7E-SW25VUpg14AaABAg,fjWvVFT0vr0,afe31f67c904cf9a6ec70d583a4e5928d621354b83d2025a3e83ef53e2b1cee3,Bang botak KLO ngomong pnutupan CPT bner 😂,0,2025-07-27T12:29:14Z,2025-07-27T12:29:14Z,2026-09-19T00:23:08.935049+00:00,bang botak kalau ngomong pnutupan cpt bner 😂,,,,,Gemini-API,,,,
UgxjEn6JZ9KXK1M4b2J4AaABAg,Bx-XDBdN7nA,1fe1f4e65e532d0e8f8d603dc8c425950164ba8a2820260b26ba3f847d157be2,Untung gw ga jadi ambil xL7 😂,1,2025-11-16T07:20:04Z,2025-11-16T07:20:04Z,2026-09-19T00:23:01.508913+00:00,untung gw tidak jadi ambil xl7 😂,,,,,Gemini-API,,,,
UgyeHrChupP597f9gTd4AaABAg,fjWvVFT0vr0,a2586ccc3237d887011228ceb5d5c4f82231d529a2eb6574cb2098084eb2c13c,Klo bs dikeluarkan versi mesin bensin+hybrid pasti makin laku,0,2025-08-07T14:05:04Z,2025-08-07T14:05:04Z,2026-09-19T00:23:08.164869+00:00,kalau bs dikeluarkan versi mesin bensin+hybrid pasti makin laku,,,,,Gemini-API,,,,
UgygojhULcKF7umcqxh4AaABAg,fjWvVFT0vr0,65ef50f7bc4b32d60e29355e7bbcca10c277b3ec4163bf40b6f26910ed513875,barusan skip lg iklan 'toyota hybrid',0,2025-07-26T13:39:21Z,2025-07-26T13:39:21Z,2026-09-19T00:23:08.935049+00:00,barusan skip lagi iklan 'toyota hybrid',,,,,Gemini-API,,,,
UgwrghQG6sjr8ibJGCJ4AaABAg,Bx-XDBdN7nA,147c597ae0a5e77ab3b1b257c5b20c5209c3191e4591d8fcb2929f9aad510492,Karena bensin ada sampah ethanol....langsung ane SPK Jaecoo EV,4,2025-11-16T05:46:34Z,2025-11-16T05:46:46Z,2026-09-19T00:23:01.508913+00:00,karena bensin ada sampah ethanol..langsung ane spk jaecoo ev,,,,,Gemini-API,,,,
Ugxf00XBnFgcaXDwTL14AaABAg,fjWvVFT0vr0,44a8aae06990416d911910a68188adfcac52f11bc29b34e4c143759471f2927b,Canggih mobil,0,2026-01-18T23:33:07Z,2026-01-18T23:33:07Z,2026-09-19T00:23:08.164869+00:00,canggih mobil,,,,,Gemini-API,,,,
Ugw8v3t2vKHeGGl7zuF4AaABAg,fjWvVFT0vr0,43ea259dcf7708c058910f8427749ce8f4b5b016d2862020832ee7753a4a1a88,Rela nonton iklan toyota yang juarannya hybrid 3 dekade🥲 demi nonton BYD,0,2025-07-29T07:59:39Z,2025-07-29T07:59:39Z,2026-09-19T00:23:08.164869+00:00,rela nonton iklan toyota yang juarannya hybrid 3 dekade🥲 demi nonton byd,,,,,Gemini-API,,,,
UgxKcgeyChRLjx7QsoR4AaABAg,fjWvVFT0vr0,41b1463baa687404ca1c72d19dd4415a17476fbaff336af637efdd0dbb0b93b1,"Klo mau bersaing di pasaran indonesia,hrsnya ada yg versi bensin,klo ev aja susah bro...😂",0,2025-08-10T05:37:56Z,2025-08-10T05:37:56Z,2026-09-19T00:23:08.164869+00:00,"kalau mau bersaing di pasaran indonesia,hrsnya ada yg versi bensin,klo ev aja susah bro..😂",,,,,Gemini-API,,,,
UgxXQT7Dem9s6uQdlW94AaABAg,Bx-XDBdN7nA,18a33a24021370b7430c67fb226f2c5ebe4142b21e2fe96824762dd103ec9d0c,"Minat bgt punya jaeco kalo gak Wuling darion nunggu punya duitnya..
Ah entah kapan.. mimpi aja dulu",5,2025-11-16T08:37:33Z,2025-11-16T08:37:33Z,2026-09-19T00:23:01.508913+00:00,minat banget punya jaeco kalo tidak wuling darion nunggu punya duitnya.. ah entah kapan.. mimpi aja dulu,,,,,Gemini-API,,,,
UgxMFAShwwPW3xa9zKZ4AaABAg,fjWvVFT0vr0,894f0b9673746bf8b19098b77c6c11e5c7d2bf21737ec5dbff41c74f6b70f978,14:55 screenshot,0,2025-07-26T07:41:50Z,2025-07-26T07:41:50Z,2026-09-19T00:23:08.164869+00:00,14:55 screenshot,,,,,Gemini-API,,,,
UgzMdo0M5nd3qd2L20J4AaABAg,fjWvVFT0vr0,57fcb587ed64466a2ac2aa9b96c86e03380e0af8916384dbb5bf9eb332d04d31,part yg ditunggu 25:05,0,2025-07-28T08:41:07Z,2025-07-28T08:41:07Z,2026-09-19T00:23:08.164869+00:00,part yg ditunggu 25:05,,,,,Gemini-API,,,,
UgwdwVLqKa32QB8xK_B4AaABAg,fjWvVFT0vr0,bd400641aa297ddf3698fa284ca997a11dc539344aeb902fd4069785510b5a79,"3 bulan yg lalu Pernah parkir bareng di Rawamangun pinggir kali depan depanan BYD Atto 1, belum launching, mungkin sedang test jalan 

Mobilnya warna biru dongker",0,2025-08-02T10:11:01Z,2025-08-02T10:11:01Z,2026-09-19T00:23:08.164869+00:00,"3 bulan yg lalu pernah parkir bareng di rawamangun pinggir kali depan depanan byd atto 1, belum launching, mungkin sedang test jalan mobilnya warna biru dongker",,,,,Gemini-API,,,,
UgyT759bA7oxiSGl09F4AaABAg,fjWvVFT0vr0,fd28c8cf2662d1a1183f52f08958f65b543dfa386d696c6cb0f301cc27fa512d,Lamborgitu 🥰😁,0,2025-07-26T10:37:05Z,2025-07-26T10:37:05Z,2026-09-19T00:23:08.164869+00:00,lamborgitu 🥰😁,,,,,Gemini-API,,,,
Ugz2mPl9xm5L9PJFt6N4AaABAg,fjWvVFT0vr0,9a8771d548814689dab88da4a40d7385b61106dee92405dba85647ea7fde21b7,Jos,0,2026-06-24T18:30:20Z,2026-06-24T18:30:20Z,2026-09-19T00:23:08.164869+00:00,jos,,,,,Gemini-API,,,,
Ugw2-DpLPEBCGqnrO6t4AaABAg,fjWvVFT0vr0,ef2dd7a19f0499b9f9a5752466391d5f820164b30910a9f004f1e93a29a93216,"Anjay ala lambo depannya,velgnya",0,2025-07-28T15:38:46Z,2025-07-28T15:38:46Z,2026-09-19T00:23:08.164869+00:00,"anjay ala lambo depannya,velgnya",,,,,Gemini-API,,,,
Ugwrboj0T2NaPwH5ENF4AaABAg,fjWvVFT0vr0,867513511fdee778a883a6d062d6b37c41981aa5ca42446e6cb1632ebf6ba19f,Bentuk lebih bagus,0,2026-03-25T03:28:44Z,2026-03-25T03:28:44Z,2026-09-19T00:23:08.164869+00:00,bentuk lebih bagus,,,,,Gemini-API,,,,
UgyNjJJhzq-_fEsdEHd4AaABAg,Bx-XDBdN7nA,d2f13e96ea1ebd78e1f57e9f9b525d9164acbe244df568309ef309664f8ffcbf,Nga ada di makassar kah?,0,2025-11-23T02:40:17Z,2025-11-23T02:40:17Z,2026-09-19T00:23:01.508913+00:00,nga ada di makassar kah?,,,,,Gemini-API,,,,
UgxQN3P5jF-Ts7mHpcN4AaABAg,Bx-XDBdN7nA,b1b0fd41c342ba52de9617450a361bb11c186f740f2f3e701813edfc5e85a659,Mau beli tapi desain belakangnya kurang suka,0,2025-11-20T15:22:21Z,2025-11-20T15:22:21Z,2026-09-19T00:23:01.508913+00:00,mau beli tapi desain belakangnya kurang suka,,,,,Gemini-API,,,,
Ugy0SWuqup1Cb4D0tht4AaABAg,fjWvVFT0vr0,d2a12f690b341fcdf259ea8a7f5d259260c776f88d5aca19dfac1d73a46a1c9e,Ok nich kayanya,0,2026-04-29T10:49:30Z,2026-04-29T10:49:30Z,2026-09-19T00:23:08.164869+00:00,ok nich kayanya,,,,,Gemini-API,,,,
UgxfqoZ7iP6w9eCR0PF4AaABAg,fjWvVFT0vr0,f8b7fd3849c448c89f69d3dad6f0cf0490af17b1d81ec5daa768f6ea122a6071,"Pakai hybrid dong, meski 1000cc",0,2025-07-26T05:02:08Z,2025-07-26T05:02:08Z,2026-09-19T00:23:08.164869+00:00,"pakai hybrid dong, meski 100cc",,,,,Gemini-API,,,,
UgykGPZcnJKedlBc_bd4AaABAg,fjWvVFT0vr0,f03f919e0d9f752be9c4024f7bd3b44aee9db6568bbc74fb21d1d54f470d1c07,Depannya mirip lambo❤,0,2026-05-29T08:54:37Z,2026-05-29T08:54:37Z,2026-09-19T00:23:08.164869+00:00,depannya mirip lambo❤,,,,,Gemini-API,,,,
Ugx4OWshp8acLK4JA_F4AaABAg,Bx-XDBdN7nA,1b9a1ee0d3fcb0e4b0211822c492f0e5fdf024836338f03e27d1caa0990cf676,Setelah nonton ini ane beli JCo donut,0,2025-11-19T10:30:07Z,2025-11-19T10:30:19Z,2026-09-19T00:23:01.508913+00:00,setelah nonton ini ane beli jco donut,,,,,Gemini-API,,,,
UgyI3Oi6MTW39TUQnR14AaABAg,fjWvVFT0vr0,22fea917ff964219e0e4ea8f8eb9d3777961c516727636966adb839034d31166,"setelah sekian lama nonton baru sadar gw,,, ngapain juga nonton ginian, ga mampu beli juga. tapi semoga suatu hari mampu beli sebuah mobil yang layak untuk kebutuhan keluarga. Amin.",0,2026-06-11T14:53:24Z,2026-06-11T14:53:24Z,2026-09-19T00:23:08.164869+00:00,"setelah sekian lama nonton baru sadar gw,, ngapain juga nonton ginian, tidak mampu beli juga. tapi semoga suatu hari mampu beli sebuah mobil yang layak untuk kebutuhan keluarga. amin.",,,,,Gemini-API,,,,
UgwH8svRCN-mpVHsa1d4AaABAg,fjWvVFT0vr0,9e0dd594c4f6864a2ed685666fa45772d1cb136c5ad3ea8333bde6ec430daa7b,Sayang ga ada retract spion. Krn mobil ini termasuk lebar.,0,2025-07-26T06:59:31Z,2025-07-26T06:59:31Z,2026-09-19T00:23:08.164869+00:00,sayang tidak ada retract spion. karena mobil ini termasuk lebar.,,,,,Gemini-API,,,,
UgxLDcMQXvCIyanNjnB4AaABAg,fjWvVFT0vr0,730e51dedefab3401f093091b7b889d8f8e0205b32b06b9516c7fa186c697e86,Joozzzz….,0,2025-07-27T08:05:26Z,2025-07-27T08:05:26Z,2026-09-19T00:23:08.164869+00:00,joozz….,,,,,Gemini-API,,,,
Ugx1Ic2gswHXHvIX4Ap4AaABAg,fjWvVFT0vr0,1d669092271fd8bb3bcf181221fc2d1fa60c2c3955b99eaebfe2fd4a33a5f5be,nice,0,2025-07-26T05:16:58Z,2025-07-26T05:16:58Z,2026-09-19T00:23:08.164869+00:00,nice,,,,,Gemini-API,,,,
UgwrW1Hl0H0iCdrne414AaABAg,fjWvVFT0vr0,67ce08af6b81d20eee44f3fab289af2a4be0adfc299817344b84225acf71b0ee,keren bangtt bentuknya. cuman belakang g ada wiper. lampu depan led. kalo daerah berkabut ga keliatan. sampingnya ga ada lampu sen nya.dibagian sopir ga ada pegangan di atas.,0,2025-07-27T04:36:52Z,2025-07-27T04:36:52Z,2026-09-19T00:23:08.164869+00:00,keren bangtt bentuknya. cuman belakang g ada wiper. lampu depan led. kalo daerah berkabut tidak keliatan. sampingnya tidak ada lampu sen nya.dibagian sopir tidak ada pegangan di atas.,,,,,Gemini-API,,,,
UgwSITtoPYZAMJ5hwVV4AaABAg,fjWvVFT0vr0,e88f26c31aabf35b0344781b8e130df2ad8e3e29ac6914a3e90e54ef9e4f279b,video nya bahas BYD dpt iklannya kok si toyota mulu sihh WKWKWKW 😂😅,0,2026-01-18T14:46:23Z,2026-01-18T14:46:23Z,2026-09-19T00:23:08.164869+00:00,video nya bahas byd dapat iklannya kok si toyota mulu sihh wkwkwkw 😂😅,,,,,Gemini-API,,,,
UgzA-ugVGPlXGjKxjjl4AaABAg,fjWvVFT0vr0,d2ac27f22ec123954150324ec197a9bf81499a9e7e2702b1fec6448ba93ca3bd,Mantaappp,0,2025-11-04T23:50:21Z,2025-11-04T23:50:21Z,2026-09-19T00:23:08.164869+00:00,mantaapp,,,,,Gemini-API,,,,
UgyV-VDQ61Pym2-5k3J4AaABAg,fjWvVFT0vr0,0b6b8866174f8cf63693fb1a31e3f11b24016e048e8fb5b1af41e4b1de4f7ec1,klo duit ada auto beli saya ini,0,2025-07-29T18:48:02Z,2025-07-29T18:48:02Z,2026-09-19T00:23:08.164869+00:00,kalau duit ada auto beli saya ini,,,,,Gemini-API,,,,
UgwY-WUAvPilCindF7l4AaABAg,fjWvVFT0vr0,da05854faba1f53a027d4250d19ce774bde60a954f1917c577b7ebeba4c6a082,pernah liat di jalan ganteng bangt..,0,2025-11-19T10:46:07Z,2025-11-19T10:46:07Z,2026-09-19T00:23:08.164869+00:00,pernah liat di jalan ganteng bangt..,,,,,Gemini-API,,,,
Ugy1bGiudntC8cP-8cN4AaABAg,fjWvVFT0vr0,ba515ca03e258007a3f3e7ed8162ed1197050feb414574ad4c82e1f58b6557cb,bagus makin sesak jalanan jakarta.....ayo bikin dong pengisian2 di seluruh indonesia secara merata.....biar bisa dipake jauh2 bahkan ke pelosok,0,2025-07-29T01:06:24Z,2025-07-29T01:06:24Z,2026-09-19T00:23:08.935049+00:00,bagus makin sesak jalanan jakarta..ayo bikin dong pengisian2 di seluruh indonesia secara merata..biar bisa dipake jauh2 bahkan ke pelosok,,,,,Gemini-API,,,,
UgzWDxOi2uX0BqbIiQt4AaABAg,fjWvVFT0vr0,cd57c4e7a42849e32d1965f84dfa1b6b8edad21da705d157e6e056025e5d15b3,Time to cook - BYD,0,2025-07-26T05:28:47Z,2025-07-26T05:28:47Z,2026-09-19T00:23:08.935049+00:00,time to cook - byd,,,,,Gemini-API,,,,
Ugy9hWcKRSJ9hHRUDqF4AaABAg,fjWvVFT0vr0,ba3bf57798bb045d65b36bc74b1587eb5648f4530a9ad8a6bd44561cb9522a44,Desain mata nya sekilas mirip lambo.,0,2025-07-26T12:56:10Z,2025-07-26T12:56:10Z,2026-09-19T00:23:08.935049+00:00,desain mata nya sekilas mirip lambo.,,,,,Gemini-API,,,,
Ugy7FkE_Rjomr_SmmYJ4AaABAg,fjWvVFT0vr0,068e7f39b07de8f0980e4c8f05495e805a1a8c4538c6bc97133d0cb54882d15e,"Coba aja ada yg Hybrid, pasti gw usahakan beli, sayangnya adanya listrik doang.. 😩",0,2025-08-13T16:00:26Z,2025-08-13T16:00:26Z,2026-09-19T00:23:08.935049+00:00,"coba aja ada yg hybrid, pasti gw usahakan beli, sayangnya adanya listrik doang.. 😩",,,,,Gemini-API,,,,
UgxtiubVdeapoWA-E8t4AaABAg,fjWvVFT0vr0,d17dd87186b19c6c5edea3ac140cbb0218a4376f890d548114a5eb3ac1e6e82d,ini sbnrnya utk pasar malay sklian ke indo krn “Atto oo atto” tampangnya kyk pake kumis mas adam,0,2025-07-26T12:39:25Z,2025-07-26T12:42:19Z,2026-09-19T00:23:08.935049+00:00,ini sbnrnya untuk pasar malay sklian ke indo karena “atto oo atto” tampangnya kyk pakai kumis mas adam,,,,,Gemini-API,,,,
UgzTGUgNdaJzYfPw71F4AaABAg,fjWvVFT0vr0,1f661c6723db357f93632bbcae3d9ecf1efbcf4a3133bfe6bf8208390db84030,Coba kalo ada ynk bensin pasli laku klo di p desaan kya sini,0,2025-07-29T11:09:18Z,2025-07-29T11:09:18Z,2026-09-19T00:23:08.935049+00:00,coba kalo ada ynk bensin pasli laku kalau di p desaan kya sini,,,,,Gemini-API,,,,
UgzRVegkPMoJhV2tn4t4AaABAg,fjWvVFT0vr0,3d34024582c19d4f1f0f1c00d1272f8d42ca1c0fcde279c412d45f57743089cc,depan list hitam kyak kumis mas adam 😄,0,2025-07-31T03:07:03Z,2025-07-31T03:07:20Z,2026-09-19T00:23:08.935049+00:00,depan list hitam kyak kumis mas adam 😄,,,,,Gemini-API,,,,
UgxalrbQxwpqYKeO2Oh4AaABAg,fjWvVFT0vr0,bf393226bc3f7849fa7bf69cba5fd81dbe86a0acbbaaad5f44efa077360299e6,"Hampir semua chanel riview mobil skrng iklanny toyota hibryd terus, fenomena apakah ini????",1,2025-07-26T05:48:39Z,2025-07-26T05:48:39Z,2026-09-19T00:23:08.935049+00:00,"hampir semua chanel riview mobil skrng iklanny toyota hibryd terus, fenomena apakah ini??",,,,,Gemini-API,,,,
UgzHH5BHLTMp8LIAaH94AaABAg,fjWvVFT0vr0,0db9a4d97129fc828e3a33894ff342681b862a2116d476974eb6ba993687da8c,"Resolusi layar head unit nya jg kayanya dibawah dolphin ya,….kaya garis2 gt",0,2025-07-26T07:14:51Z,2025-07-26T07:14:51Z,2026-09-19T00:23:08.935049+00:00,"resolusi layar head unit nya jg kayanya dibawah dolphin ya,….kaya garis2 gt",,,,,Gemini-API,,,,
UgyGTFuGV_2F0Qk2IJB4AaABAg,Bx-XDBdN7nA,0cc70a8382c54b0c718e1afa5cda3cb2bfefacb5cbe2b880871d43ee195bdd08,fisik luar agak mirip2 landRover Anyway bisa jadi buat refrensi jadi mobil k3 nih,0,2025-11-20T08:10:19Z,2025-11-20T08:10:19Z,2026-09-19T00:23:01.508913+00:00,fisik luar agak mirip2 landrover anyway bisa jadi buat refrensi jadi mobil k3 nih,,,,,Gemini-API,,,,
UgzOWPTgA5I7uImQPiV4AaABAg,fjWvVFT0vr0,c2ccfa3cc2c060e724542d13fe9c0878b8731b3fcccdae163fe7347809ec6603,Sepertinya lebih Manusiawi ini dibanding LCGC merek Jepang.,0,2025-07-26T07:05:27Z,2025-07-26T07:05:27Z,2026-09-19T00:23:08.935049+00:00,sepertinya lebih manusiawi ini dibanding lcgc merek jepang.,,,,,Gemini-API,,,,
Ugxw5UP-Tk3kfI4EL1x4AaABAg,fjWvVFT0vr0,3f4ba08626f62a4d20f9299dcf9ecb535cbcf3fc853fd565c2784b5628cbf2e2,Depan nya mirip Lambo Urus,0,2025-07-26T04:57:56Z,2025-07-26T04:57:56Z,2026-09-19T00:23:08.935049+00:00,depan nya mirip lambo urus,,,,,Gemini-API,,,,
UgwEQsMUY854rV28RNR4AaABAg,fjWvVFT0vr0,be7db6930c8faa226a2adba70e6c724813c9fabb1fdd0c72216c28d9a758b1f1,I like biyadi,0,2025-07-26T08:46:23Z,2025-07-26T08:46:23Z,2026-09-19T00:23:08.935049+00:00,i like biyadi,,,,,Gemini-API,,,,
UgxKO8erqBTRhu9sNTl4AaABAg,fjWvVFT0vr0,c78b621574a1b7b3e9eb86d9ef55aa95b26286afc65a60c6bf6f6ddc863143d3,Netta makin bangkrut deh.,0,2025-07-26T05:23:46Z,2025-07-26T05:23:46Z,2026-09-19T00:23:08.935049+00:00,netta makin bangkrut deh.,,,,,Gemini-API,,,,
UgxY7kxgSHockJbrnMd4AaABAg,fjWvVFT0vr0,1b4e2767204414ee378b31b3a669f893420ced5c594fc05e82488ed269d647ba,Lampu depan sekilas lambo punya 😂 dn warnanya hampir sama klo di zoom,0,2025-08-09T06:21:35Z,2025-08-09T06:21:35Z,2026-09-19T00:23:08.935049+00:00,lampu depan sekilas lambo punya 😂 dn warnanya hampir sama kalau di zoom,,,,,Gemini-API,,,,
UgzcQO26maqTV-4eG1R4AaABAg,fjWvVFT0vr0,13df04cfd3ae9a82ab0c75ffe2e778306f289d20b9e932965c59b557f95d72b8,"25:05 sudah dilambatin playback nya, tetep gak ngerti apa yg diomongin. 🤣",0,2026-02-16T15:42:25Z,2026-02-16T15:42:25Z,2026-09-19T00:23:08.935049+00:00,"25:05 sudah dilambatin playback nya, tetep tidak ngerti apa yg diomongin. 🤣",,,,,Gemini-API,,,,
UgxlwZA0eH4giEz_oc14AaABAg,fjWvVFT0vr0,3384000eb16c9ebcc118c7ae3848eba06050cf45b2e5491b4bfd3bf48a3f5f9e,Baby Huracan...❤,0,2025-07-29T02:38:03Z,2025-07-29T02:38:03Z,2026-09-19T00:23:08.935049+00:00,baby huracan..❤,,,,,Gemini-API,,,,
UgySePiFhKX_FV1c_Nx4AaABAg,fjWvVFT0vr0,51b00aedf707251c6e9693d67486a7c85307656272b5dea6f87b559ab441c1ad,Mobil jepang ga boleh sombong sekarang,0,2025-07-30T10:46:26Z,2025-07-30T10:46:26Z,2026-09-19T00:23:08.935049+00:00,mobil jepang tidak boleh sombong sekarang,,,,,Gemini-API,,,,
Ugyn_vb4KrOv-pFaQAV4AaABAg,fjWvVFT0vr0,841abe1eb1142ed99365eec9997a15eed6de4157b85a382392ea6f13347d476b,beli nya di mana,0,2026-04-02T05:56:34Z,2026-04-02T05:56:34Z,2026-09-19T00:23:08.935049+00:00,beli nya di mana,,,,,Gemini-API,,,,
UgyWoZS88Rt6hK9XU0p4AaABAg,fjWvVFT0vr0,1a8fb7fac78a748460c5c2fd5d9da5b8c56ad9a6c452c4b7f982d0bd8f79bc5a,Kuasa membeli pengguna membimbangkan.,0,2025-07-27T08:06:51Z,2025-07-27T08:06:51Z,2026-09-19T00:23:08.935049+00:00,kuasa membeli pengguna membimbangkan.,,,,,Gemini-API,,,,
UgxI7x6HauN93xWq7XR4AaABAg,fjWvVFT0vr0,8e16c10d94750858a118c7f49ca2a39f58d449a55f0bd55afc1e1efdd25958f2,Allohumma ini as aluka byd 🤲,0,2026-09-11T12:45:44Z,2026-09-11T12:45:44Z,2026-09-19T00:23:08.935049+00:00,allohumma ini as aluka byd 🤲,,,,,Gemini-API,,,,
UgxidTfEKYYNXX8WJzl4AaABAg,fjWvVFT0vr0,509bd2d8ca59277d44ca0899de94e25b709f1264dfc584bbdafd65c153d3392c,Bagus klo namamya SURF,0,2025-07-27T02:02:33Z,2025-07-27T02:02:33Z,2026-09-19T00:23:08.935049+00:00,bagus kalau namamya surf,,,,,Gemini-API,,,,
UgxPtG1mtrW8dNQ_22t4AaABAg,fjWvVFT0vr0,ab9bbce248c7873586ba50d156169d15d57587cf4815c5687e2ce09c3a0cbceb,Endingnya ..... 😀😀,0,2025-09-05T05:30:32Z,2025-09-05T05:30:32Z,2026-09-19T00:23:08.935049+00:00,endingnya .. 😀😀,,,,,Gemini-API,,,,
UgznD64Jl8EuikZNqZF4AaABAg,fjWvVFT0vr0,3c26cf51ae465396e28f0e6c8c559566c4ef6a6d6b2d70ebc09042d4cc63dd90,Enak kek nya untuk ke kantor.,0,2025-08-03T13:14:06Z,2025-08-03T13:14:06Z,2026-09-19T00:23:08.935049+00:00,enak kek nya untuk ke kantor.,,,,,Gemini-API,,,,
UgznqccI34OS0ZG-dqN4AaABAg,Bx-XDBdN7nA,131e14f1a78310c9d7191dd1c7f938277ed976b3e0596efc0c0af5372e224f33,Gimmick 250 jtan.  Pas di order promo terbatas dan udah abis...😂😂😂,1,2025-11-20T02:59:19Z,2025-11-20T02:59:19Z,2026-09-19T00:23:01.508913+00:00,gimmick 250 jtan. pas di order promo terbatas dan udah abis..😂😂,,,,,Gemini-API,,,,
UgwCXBWPSnOuvux_KDB4AaABAg,fjWvVFT0vr0,b9c44792360fbe781f507f4cbdd6e0cbc32c0cd0a0f5fd29e67308c5d6cd2313,ngerii byd,0,2025-07-28T11:48:13Z,2025-07-28T11:48:13Z,2026-09-19T00:23:08.935049+00:00,ngerii byd,,,,,Gemini-API,,,,
UgyR10Pit3MKWBKNQ6N4AaABAg,fjWvVFT0vr0,93ec00dd26927dd337e4dffadd4a3476455cd97b4102196c0c7e997739636e8f,iya bang iyaa,0,2025-08-15T05:54:45Z,2025-08-15T05:54:45Z,2026-09-19T00:23:08.935049+00:00,iya bang iyaa,,,,,Gemini-API,,,,
