comment_id,video_id,user_id_hash,text_original,like_count,published_at,updated_at,extracted_at
Ugy1Dgas4bSmQqzE6I14AaABAg,jL5p1zZMNEM,c2752596d4e34dd351662b8f917668620e233b0e85a4656badc94eab5898d613,"paling suka sama mereka kalau lagi review, komparasi ataupun challenge. sukses terus buat moladin dan trio kwek kwekk wkwkk 😂😅",115,2024-09-19T04:20:47Z,2024-09-19T04:20:47Z,2026-09-27T14:02:09.410241+00:00
UgyxqZnJRSENj4zu-z94AaABAg,jL5p1zZMNEM,4cbc398582a32e88e8df636614e6c6f71fd9056e762c825f5effbb3a5d3b277a,"Sejauh ini yg paling konsisten ttg jarak tempuh adalah CHERRY OMODA E5, most valuable EV menurut sy",56,2024-09-21T18:07:46Z,2024-09-21T18:07:46Z,2026-09-27T14:02:09.410241+00:00
Ugzdru07TuoDec3dca54AaABAg,jL5p1zZMNEM,17866c4217184e3a34821fcda558777d6c76c659cf58faf77f9dc100b155f179,Trio gila... Dalam test sampai baterai habis. Bikin jantung deg-degan tapi ini demi klaim jarak tempuh dibandingkan dgn realitas nya. Mantabb Team Moladin ❤,3,2025-02-16T00:33:25Z,2025-02-16T00:33:25Z,2026-09-27T14:02:09.410241+00:00
UgzCm5nv2qmjdQ4FZyZ4AaABAg,jL5p1zZMNEM,f58ff386a5ca6dbbaa6578812f30d664d4428b277888316ff8509bc2bbe11742,Editornya bagus nih ...... Keren euy 👍👍👍,8,2024-09-19T05:49:34Z,2024-09-19T05:49:34Z,2026-09-27T14:02:09.410241+00:00
UgyGmiJpVu82fuCdZDx4AaABAg,jL5p1zZMNEM,fb9dd697985770a24d12e5bc5be25075121a909a9502211a49ea21e18fc87c83,"Editor moladin keren banget ! Editannya bikin Enjoy bgt nonton videonya 🎉
Thank you tim moladin ❤",0,2025-12-02T02:36:44Z,2025-12-02T02:36:44Z,2026-09-27T14:02:09.410241+00:00
UgwSBsiGBEsIYcRGxYJ4AaABAg,jL5p1zZMNEM,1ec7a6bc66801e865956fbb79f5b63de5e81b9b3457f0b73c1481313a3c72171,"paling suka riview mobil di moladin,editing vidionya keren,skenarionya juga keren,hostnya kocak2,pokonya paling suka chanel ini❤❤❤❤❤❤❤❤❤❤❤❤❤❤❤❤❤❤❤❤❤❤",4,2024-09-30T12:25:25Z,2024-09-30T12:25:25Z,2026-09-27T14:02:09.410241+00:00
Ugzhgy3PryrxAs4wX_t4AaABAg,jL5p1zZMNEM,2ea7c7335b36f494d099a4430e40538145df544bc6663791a1c1ce1b7f36fe8e,"Pengetesan yang sangat niat, mantap walaupun agak ribet buat kontennya, sy sangat menikmati chanelnya, jadi bisa tau kalau mobil listrik habis baterai total bagai mana akhirnya",4,2024-09-20T16:00:39Z,2024-09-20T16:00:39Z,2026-09-27T14:02:09.410241+00:00
UgwClACvPYmq3fA5hkp4AaABAg,jL5p1zZMNEM,efb6a1f5351ebea2bbf2749c59e6c140fd13a2a6af4a53ea260413819b3abb5f,"tim nyimak dl keseruan ini krn blm mampu beli mobil :)

Effort ngetesnya sebegitunya. hebat, salut!",0,2024-12-05T02:31:19Z,2024-12-05T02:42:32Z,2026-09-27T14:02:09.410241+00:00
UgxDnmneDAveWmavvp14AaABAg,jL5p1zZMNEM,4954bf4cb4b8ba54dee48c31affa1bbf7b7719276eb0fb15c0f7a1c9a0a7c1ca,Sebagai owner omoda. Mantap!!!,3,2024-09-21T12:48:44Z,2024-09-21T12:48:44Z,2026-09-27T14:02:09.410241+00:00
Ugy-JuRrbXMJR1YxOQV4AaABAg,jL5p1zZMNEM,7f66d7afc4ed1f6ec87f03348d1d83fc9c537f37d6873f41b394f4c03dcb9167,"Ayoo temen2 bantu mereka dengan like, share atau subscribe,soalnya effort banget bikin konten kyk gini dengan resiko yang bisa tak terduga 😊🙏🏼🙏🏼🙏🏼. Skrg saya bisa paham mana pilihan mobil listrik saya kedepannya berkat video inu",0,2025-04-03T07:01:44Z,2025-04-03T07:01:44Z,2026-09-27T14:02:09.410241+00:00
UgyfiWVHVUpOGMxfOB94AaABAg,jL5p1zZMNEM,2f7ceebb71c927d6605f90cf8e290061f1f3b53c61f11ab2870d18cc6b3c1296,"Keren nih real test, ampe batery abis beneran, thx u teamnya kompak dan keren🎉",2,2024-11-20T16:13:23Z,2024-11-20T16:13:23Z,2026-09-27T14:02:09.410241+00:00
Ugz7KEaadEIbwdLX4xN4AaABAg,jL5p1zZMNEM,5a59c8660065de429cb1136563f7edcc7e1ee5da50d0f41cdf18526242f43e0b,"gacorr king, meluncurr nonton",1,2024-09-19T04:05:03Z,2024-09-19T04:05:03Z,2026-09-27T14:02:09.410241+00:00
UgxV1gqj5vP4CJZ2Ut54AaABAg,jL5p1zZMNEM,cfa559fa0364ea534b9cc0e5832ba00ee554e48e5658fa4a71236c5f5251bf0f,Kalau liat wuling cloud dijalan tuh gemess bgt.. gemoy bentuknya..,17,2024-09-20T16:34:50Z,2024-09-20T16:34:50Z,2026-09-27T14:02:09.410241+00:00
UgxDlhMnMJWptvWw3Qt4AaABAg,jL5p1zZMNEM,d82204f85de33baba6cbc94e6a1af2925a0211f31e0157c5c9719093f7ca6363,"Bermanfaat banget untuk  pengetahun ttg mobil listrik, Terima kasih Abang abang yg hebat2  n jelas banget",1,2025-01-11T23:52:37Z,2025-01-11T23:52:37Z,2026-09-27T14:02:09.410241+00:00
Ugwp4z-EJzcmvbDRCQ14AaABAg,jL5p1zZMNEM,2a87572b2ae004aa119db4107d7e1eec55ecc3b25621d6827d78b80dfcf93e6c,"Yoi, thank you edukasinya buat kalian ber#3",0,2024-09-19T07:12:53Z,2024-09-19T07:12:53Z,2026-09-27T14:02:09.410241+00:00
UgwY2Ui2t0xnAawDX9p4AaABAg,jL5p1zZMNEM,e25a93b9c938861fc3ac8a08a5e4caf9ff5ecec64655b7a03a39241d53270df8,Fans setia trio ini 🙏,0,2024-09-19T04:13:42Z,2024-09-19T04:13:42Z,2026-09-27T14:02:09.410241+00:00
UgyvkKhKtgb8Ral7x-d4AaABAg,jL5p1zZMNEM,bba3551424caa7e6ee0044bf7f7d97ee6c50b97e2e19e812cfb3d45916c91c2e,Yang di tunggu,0,2024-09-19T04:05:56Z,2024-09-19T04:05:56Z,2026-09-27T14:02:09.410241+00:00
UgwY9zKlNMPiuecGFih4AaABAg,jL5p1zZMNEM,3fe5969e34ea407f65a54c3b947fd39cd9bbdfccb199776ed59afb37f6eff87d,3 Reviewer otomotif terbaik,0,2024-11-01T04:41:46Z,2024-11-01T04:41:46Z,2026-09-27T14:02:09.410241+00:00
UgySQzzLNawJHYFKfdN4AaABAg,jL5p1zZMNEM,24689fa524e893220552ba0279fef9bc348d8b29cd7165f86b377f890654eaf5,Nah mantap sekaligus 3 mobil. Omoda e5 value terbaik🎉,2,2024-09-20T04:26:08Z,2024-09-20T04:26:08Z,2026-09-27T14:02:09.410241+00:00
UgzDxqdIFvXz2v3YEj54AaABAg,jL5p1zZMNEM,7264a5e2c7758ca8cbbee837a6cc4718d946197c3df074f1828dbb1ccbb5c6f8,Omoda e5 ini keren bgt sih😍,5,2024-09-20T05:39:40Z,2024-09-20T05:39:40Z,2026-09-27T14:02:09.410241+00:00
UgwtHKdS9NkmgY7Bw_54AaABAg,jL5p1zZMNEM,119c936605b7f86af063464b5d5021bb9f3201cf5d12cce6721987f327af29f1,Seru kalau Moladin review mobil👍,0,2024-09-19T05:10:03Z,2024-09-19T05:10:03Z,2026-09-27T14:02:09.410241+00:00
Ugx75Tdz-RA17NtOLz14AaABAg,jL5p1zZMNEM,204a65e5296d650e093be76ee228687b1b2c94147e84b084a0cbc5368025bc6b,"Tim Moladin selalu memberikan yg terbaik & out of the box.
Sukses selalu Tim Moladin yg keren, informatif & lucu.
Saya baru akan nonton, moga2 kali ini ada info Ground clearance 🙏🙏

Strategi Omoda Pure sangat tepat, yg dikurangi gimmick bukan kap baterai (jarak) tdk semua butuh gimmick 👍👍",2,2024-09-19T07:46:52Z,2024-09-20T01:39:02Z,2026-09-27T14:02:09.410241+00:00
UgzINGpf0wz_bEIiR6d4AaABAg,jL5p1zZMNEM,4618fd44996bf66f4c14cdb5308d8499a96665df0ec45770621627173facb772,Kereenn sangat sukaaa🎉🎉🎉,0,2024-09-19T12:04:14Z,2024-09-19T12:04:14Z,2026-09-27T14:02:09.410241+00:00
UgxdwKnrWRQvgISR_j54AaABAg,jL5p1zZMNEM,eecc79e701e2de59d24e9b7bf9b44d75302a666157ad5b8e183fd4c60baf10dd,"wah bagus juga nih, kaya carwow tp pakai mobil2 EV di indonesia.",0,2024-10-21T10:24:38Z,2024-10-21T10:24:38Z,2026-09-27T14:02:09.410241+00:00
Ugyx0dXxixkpbv8GKyF4AaABAg,jL5p1zZMNEM,29dc49d46da3f6fce82358ff800c87389dabaa82d227f706339546b0ae58d041,Channel de best 👍👍,0,2024-12-09T06:49:40Z,2024-12-09T06:49:40Z,2026-09-27T14:02:09.410241+00:00
UgyBuGyw1xfp7sT_C9x4AaABAg,jL5p1zZMNEM,63c0eace88b02499665b6d13ac9060c5fbdd43b32dc032437d0cda5263b0e441,"Selalu puas kalo nonton channel Youtub ini, karna pembahasa kontennya selalu real aku suka sebagai pecinta dunia otomotif terutama mobil😊💙",0,2024-09-19T11:44:51Z,2024-09-19T11:44:51Z,2026-09-27T14:02:09.410241+00:00
Ugx2VOMA8vB4j90FBnF4AaABAg,jL5p1zZMNEM,49a97f8b5bf274617e986b48ce544a9020e98fc2b801cd9e2e815dc4afe0a479,Keren cherry omoda.. 🎉🎉🎉,3,2024-09-19T12:46:06Z,2024-09-19T12:46:06Z,2026-09-27T14:02:09.410241+00:00
UgzzSORyXbmi0kuNPbB4AaABAg,jL5p1zZMNEM,992656b072506991dd138ba35eb819699ef9ba071f226bcc6596a7410fe2a161,"Alhamdulillah terimakasih atas  review nya, Akhirnya saya mantap pilih Cherry Omoda",0,2024-10-07T13:36:55Z,2024-10-07T13:36:55Z,2026-09-27T14:02:09.410241+00:00
Ugyn1wrHoituasH2ljJ4AaABAg,jL5p1zZMNEM,b5e18184d861587ea9613c9f1684300f42bc11508d432ce9044a9b19225a6e4d,"Urusan test mengetest moladin is the best 👍👍, sekses selalu unt channelnya",0,2024-09-20T12:07:07Z,2024-09-20T12:07:07Z,2026-09-27T14:02:09.410241+00:00
UgywmaLdXki4lwaxGnp4AaABAg,jL5p1zZMNEM,0762ca9ac22759af1a84b9cb0f15c0becefdcf3035683b3e1bd7c57d1a472f87,nah akhirnya ada komparasi lagi 😄,1,2024-09-19T06:40:08Z,2024-09-19T06:40:08Z,2026-09-27T14:02:09.410241+00:00
Ugz7wEmMmHAjxNbINt54AaABAg,jL5p1zZMNEM,7279d56554652ad72efc3f72b322cb57e1ff33283f3ac66e4fd2502daa985d6a,"Nextnya dibikin mengemudi normal kaya mobil bensin dong, jalan di speed 100-120 kpj, biar bisa bandingin dengan mobil bensin kira2 kalau dipakai jauh gmn",1,2024-10-23T14:13:38Z,2024-10-23T14:13:38Z,2026-09-27T14:02:09.410241+00:00
UgzZFWPjh-Tqf0mcf3t4AaABAg,jL5p1zZMNEM,1dad322d8c19fe118fb18693cd7df36970e2fe272374e595981b1e1ae0870931,Reviewer terbaik di indo,0,2024-09-19T11:03:10Z,2024-09-19T11:03:10Z,2026-09-27T14:02:09.410241+00:00
UgxNIkjzLnRtnj6OjUh4AaABAg,jL5p1zZMNEM,80c77d26ab96eb6f188e7dcfb8065ca2bb57e6048565be691ad518897fbc1867,"semoga nanti ada yg ngeluarin mobil listrik kebutuhan standar, nggak usah ada gimmick2 otomatis electronik apapun di sistem nya, tapi drive train tetap sama jadi harga bisa turun lagi",0,2024-10-19T05:59:03Z,2024-10-19T05:59:03Z,2026-09-27T14:02:09.410241+00:00
UgybGny8qIuxw6MNmqd4AaABAg,jL5p1zZMNEM,dc3737b299bc967c808434c76739bfe903a1f0991279cbe86dfa4e32c0996e3c,"Ini konten niat bgt sih, mudal duit juga ngga sedikit",0,2025-01-14T16:09:00Z,2025-01-14T16:09:00Z,2026-09-27T14:02:09.410241+00:00
Ugxi-ycaVPHHzKhiKgt4AaABAg,jL5p1zZMNEM,68e1646890e92bcf1a61160c83b5204e0dd5c67b880140848a120a06ff23ca29,Ganteng amat ini OMODA E5 warna dark grey !!,2,2024-09-25T16:01:49Z,2024-09-25T16:01:49Z,2026-09-27T14:02:09.410241+00:00
UgzQU9TrVH7xnb6T2WJ4AaABAg,jL5p1zZMNEM,e01d5808e5e6452c6bce8b053fb17a9aa37554c0d604f8e46c25b36eae3277c0,#bengkeltomoprobolinggo spesialis #mobilhybrid dan #mobillistrik hadir,1,2026-04-15T18:30:11Z,2026-04-15T18:30:11Z,2026-09-27T14:02:09.410241+00:00
UgxbjOvfnrsX6s4yCXJ4AaABAg,jL5p1zZMNEM,e613e1ee4eeff397f7c1d2f58a416cfb281a1abd148620182930d951e70c6da5,Review yg sangat obyektif..❤,0,2024-09-19T12:51:43Z,2024-09-19T12:51:43Z,2026-09-27T14:02:09.410241+00:00
Ugx7tL9q-zct_vmQs6F4AaABAg,jL5p1zZMNEM,5355d4f35a00fdd6d4d2193a3d0577a53386bcf77da4726cada9d62ac81b8167,Moooladin hebat👍 berguna,0,2024-09-19T09:08:52Z,2024-09-19T09:08:52Z,2026-09-27T14:02:09.410241+00:00
Ugw--9jadn-cVYfCGD14AaABAg,jL5p1zZMNEM,62260c9d7556bcb400c1efd01c4cc3e471d7b85fe04e52094cce79848853442f,"Seru..
Bakal sering2 nih.. kan ada banyak merk mobil EV.. semangat..",0,2024-09-19T09:30:40Z,2024-09-19T09:30:40Z,2026-09-27T14:02:09.410241+00:00
Ugy0RZEKxV6xyrjs--x4AaABAg,jL5p1zZMNEM,1af71291defad8dccd892994b7ad610d789c51691ca15ba3ff76e700cba05d3c,Seru bgt coy kontennya moladin. Trus editannya jg lucu pas fikri blg mas nanda mati duluan... mobilnya,1,2025-01-04T02:26:47Z,2025-01-04T02:26:47Z,2026-09-27T14:02:09.410241+00:00
UgyqRy4UWhVje--0Bl94AaABAg,jL5p1zZMNEM,fbd8f2be86d3facf81d1ea539cf29360e5ec6e46160823ad4f952ce41fa467ed,"Nah tes tuh begini, bukan pake itung2an diatas kertas yg ga bisa akurat hasilnya.",2,2024-09-19T08:55:40Z,2024-09-19T08:55:40Z,2026-09-27T14:02:09.410241+00:00
Ugw7OAeLPzw4-INn6K14AaABAg,jL5p1zZMNEM,17c96fedbaae8d8d3bc0411a2ae4d039c2470c4bbec2ed7926d1a07eda70949d,menarik ini....,0,2024-09-19T04:53:51Z,2024-09-19T04:53:51Z,2026-09-27T14:02:09.410241+00:00
UgwWWMpBTA0hrREXFHJ4AaABAg,jL5p1zZMNEM,7bfadb311feab7260dfe292cdfa45a9f17bd216c84a41a36d160877e3a718aaf,Keren parah moladin🔥,0,2024-09-19T23:20:18Z,2024-09-19T23:20:18Z,2026-09-27T14:02:09.410241+00:00
UgzhwtAmyYqZl2i_xLF4AaABAg,jL5p1zZMNEM,94a6a130f9c5aa433f6e70f3679d75b0670c37eabb5c8822e50a0f770872952a,Akhirnya setelah sekian purnama,0,2024-09-19T05:28:41Z,2024-09-19T05:28:41Z,2026-09-27T14:02:09.410241+00:00
Ugww1qGRsX4eAK1BBwl4AaABAg,jL5p1zZMNEM,065fa7313b21c4a42657106671b02c67c0e312ada03bffe1913c7bae4d186a5c,Gokill cokk🎉👏👏,0,2024-11-26T18:57:01Z,2024-11-26T18:57:01Z,2026-09-27T14:02:09.410241+00:00
UgycFVziNWcq1eYtsDZ4AaABAg,jL5p1zZMNEM,e66511b564127329c1eb6d5bd50cb55f253e238aa690ef3a63369085aa52caf8,"Kerennn gwa apresiet perjuangan dan semangatnya,goodjob moladin....",0,2024-09-19T05:56:53Z,2024-09-19T05:56:53Z,2026-09-27T14:02:09.410241+00:00
UgwUJ2eqbeEVv1tpvkh4AaABAg,jL5p1zZMNEM,55060413c3b7c6e815d8e094039380dcebefabebfc60af9cf9457dd466ac5ed7,Keren review perbandingannya. Bisa buat tentang mobil listrik yang regeneratif braking yang paling baik tuh om.,0,2024-12-04T04:01:52Z,2024-12-04T04:01:52Z,2026-09-27T14:02:09.410241+00:00
UgxUh1kmY49sfE0NtG94AaABAg,jL5p1zZMNEM,5296c8aca126a248d87bc0da246235f9f5de3ff0a1ae34ea01faf2d5bbd20184,"Terimakasih kepada moladin atas perjuangannya, pengorbanannya dalam menjalankan percobaan ini.",13,2024-09-19T10:29:38Z,2024-09-19T10:29:38Z,2026-09-27T14:02:09.410241+00:00
UgxYn8boSBavDUcUH4d4AaABAg,jL5p1zZMNEM,d66c135b358d181aa84bd6a26ee7f18f09c0d74d9cf218fc1aafa508fa13910c,Keren videonya🎉🔥🙏,0,2024-09-20T04:15:10Z,2024-09-20T04:15:10Z,2026-09-27T14:02:09.410241+00:00
UgwIo0ZP1BrDwa7XCPN4AaABAg,jL5p1zZMNEM,a20b5cbca07343d59b0fd13612870f7b2242fad586f0ecb154783d8bd8a69fb3,"M6 byd paling worthed 430jt
Jaraka 500km 3 baris",2,2024-09-22T08:32:19Z,2024-09-22T08:32:19Z,2026-09-27T14:02:09.410241+00:00
Ugy9wubH1ub560GvxaJ4AaABAg,jL5p1zZMNEM,3ee0d4ace9e480b8c0c7186918c8d65f092c5b1afa7f6b185e926ccb635911ff,Skr omoda e5 pure udh turun harga jd 360an menang d harga dan menang d jarak tempuh gokil chery the best,1,2025-10-25T06:01:32Z,2025-10-25T06:01:32Z,2026-09-27T14:02:09.410241+00:00
UgwQJhWUb1AoQohdhG94AaABAg,jL5p1zZMNEM,7a410d7dddbb6a93c56645d01936420371ef6d83d8d31a706ec529be144a5918,Mantaaps Bang,0,2024-09-19T06:30:54Z,2024-09-19T06:30:54Z,2026-09-27T14:02:09.410241+00:00
Ugx4rlAwypxUImb6iGB4AaABAg,jL5p1zZMNEM,9675afab02430262285e62454a86a549af10638e43bc0a953699cace960ab129,Saat ini efektifnya mobil IC buat super jauh EV buat dalam kota/antar kabupaten lahh,0,2025-02-04T01:16:39Z,2025-02-04T01:16:39Z,2026-09-27T14:02:09.410241+00:00
UgzRLk5JvjqGpxvV5yl4AaABAg,jL5p1zZMNEM,b5206e00519191d7a397c251793503ec713ddea531a031a310f7e64c5155c185,Sip,0,2024-09-19T04:15:32Z,2024-09-19T04:15:32Z,2026-09-27T14:02:09.410241+00:00
Ugz_mOr3TU1f4VvLcdh4AaABAg,jL5p1zZMNEM,652d64aead83088698e7c10845bd4d13c452b0d6b08ea3af3b439599fc311c89,"Ditunggu reviewnya lagi di tahun ini dengan model² EV yang akan diluncurkan tahun ini. Xpeng, Byd dan dll",0,2025-01-26T03:30:21Z,2025-01-26T03:30:21Z,2026-09-27T14:02:09.410241+00:00
UgwCrkl1BdacD2g0sTJ4AaABAg,jL5p1zZMNEM,2e33857a479c33ed69889e8c6e67eb0e5be1a6eb4124fecd632cdf0eab42aecb,"Saya user mg4ev om, awalnya selalu was-was batre habis. tapi nyatanya dalam pemakaian hari² belum pernah kejadian mepet² habis btre. Biasanya batre10-15% sudah dicas. Faktanya setelah pakai ternyata enak juga kok, gak lagi was-was malah isi token 500rb 3bulan masih belum habis juga.",51,2024-09-19T06:37:15Z,2024-09-25T04:03:56Z,2026-09-27T14:02:09.410241+00:00
UgxnNHsA2uHW2TQIquF4AaABAg,jL5p1zZMNEM,5128fd0c494273da325450bcd6f74084a1b1bf2bdc85c266b2fbaf2ee8fca192,"Last but not least, plat nomor kendaraan juga harus didesain lebih keren dari yg ada sekarang. Dan pemilik bisa request nomor dan huruf cantik sesuai keinginan mereka tanpa ada biaya tambahan seperti mobil ICE. 
Dan diperuntukkan bagi 1 juta pertama mobil EV.
Sistem harus transparan, supaya tidak dimanfaatkan oknum berseragam.",0,2025-03-20T03:15:06Z,2025-03-20T03:15:06Z,2026-09-27T14:02:09.410241+00:00
Ugwv1C8Uyu1whUE5SBl4AaABAg,jL5p1zZMNEM,78c2d7364b2a8c2c1376d97bc89f6efbaaf555ae6fd089aac36f942d515673d8,Niat bgt reviewnya 😭👍🏻,0,2025-03-25T15:15:34Z,2025-03-25T15:15:34Z,2026-09-27T14:02:09.410241+00:00
UgwrS5BaI9EaHjftwWF4AaABAg,jL5p1zZMNEM,be2ad53c44635a889dcfef4eeb291e03cab57550f78213e717ebb15735d7b94c,"Berharap ""beban biaya"" yg dikenakan sejak ORBA bisa dihilangkan, sehingga harga barang/kendaraan bisa normal seperti di negara lain yg ⅓ harga di Indonesia...",0,2025-04-01T12:17:57Z,2025-04-01T12:17:57Z,2026-09-27T14:02:09.410241+00:00
Ugw-9KFRqjF0b5FlxDN4AaABAg,jL5p1zZMNEM,2cda381fa0f529c9177f5e1bfe267a279a4041a461d71d0b7aea2561a5d3a4b3,"Ayo Moladin, ini udah 1/2 tahun yang lalu, udah banyak mobil listrik baru. Test ulang Geely EX5, Aion V, sama  Chery J6 atau Neta X atau BYD Atto 3 yang kemarin belom sempet ikutan.

Masukan test kemarin agak kurang imbang, Cloud sama MG4 battery-nya cuman 50-an Kwh, Omoda udah di 60-an. Dengan batree yang 20% lebih gede memang Omoda jelas lebih besar kemungkinan buat jalan lebih jauh.",0,2025-04-17T07:10:54Z,2025-04-17T07:10:54Z,2026-09-27T14:02:09.410241+00:00
UgwQg3lf5poAELa1DLt4AaABAg,jL5p1zZMNEM,7ea7ff999d42729251856e1cd6d0308c33db36a5c4e28dd4a0d0959c5247b232,Salut buat effort nya,0,2025-09-13T14:13:35Z,2025-09-13T14:13:35Z,2026-09-27T14:02:09.410241+00:00
UgzoeUHloJPxiuIUkO14AaABAg,jL5p1zZMNEM,07480c69a9131ba27d4c03df510ab840b93b8d1760830fa3e560b2cb9b3b6b2e,"Nahh gini dong gokil min kontennya , ev war yg kelas sama min suv vs suv",14,2024-09-19T04:26:45Z,2024-09-19T04:26:45Z,2026-09-27T14:02:09.410241+00:00
Ugzg6xrnGYTyTChwjgJ4AaABAg,jL5p1zZMNEM,9ed276475069348b0a7a36c8e984b04b17f2ab9667def697e727a521dbcec4b7,Ev meresahkan 🔥,0,2024-09-19T11:31:53Z,2024-09-19T11:31:53Z,2026-09-27T14:02:09.410241+00:00
UgyKHdv4uJ2YqQj8l3R4AaABAg,jL5p1zZMNEM,3eab8947e3406bc0f0c75e86e34bb7e690f02f89329586ad596f88197c4f25f8,"Keren komparasinya..
Sayang Kurang dolphin..",2,2024-09-19T04:28:55Z,2024-09-19T04:28:55Z,2026-09-27T14:02:09.410241+00:00
UgwYvbHZgNXUK0hXcc14AaABAg,jL5p1zZMNEM,a38322001b2e647969038e051a9b9bd32a8090fe0da0aeb71228af6059ced687,"keren reviewnya, tapi jadi  sedih karena langsung  ingat pulau sulawesi",0,2024-09-22T06:13:24Z,2024-09-22T06:13:24Z,2026-09-27T14:02:09.410241+00:00
UgzscOgnwUYGz9rRW854AaABAg,jL5p1zZMNEM,416112d182add00d5251f5c57ed2f3f800b7db56324e0345d773e453bb2f5551,Next masukin neta vii dunk,3,2024-09-19T07:46:54Z,2024-09-19T07:46:54Z,2026-09-27T14:02:09.410241+00:00
UgwayU_CEPL42798hwl4AaABAg,jL5p1zZMNEM,8069f366aa32f82e9022d1ccc149782f8aa0342891adef59a872fb1c57438f72,"Menunggu komparasi elektrik byd,kona,dan e5",0,2024-09-19T12:48:17Z,2024-09-19T12:48:37Z,2026-09-27T14:02:09.410241+00:00
UgyDe1sfOx60S2sy3Ud4AaABAg,jL5p1zZMNEM,e667e41a12302eb010183112da8441fc9a8ffc156663c63ab490d3ec9f0fc57d,"Keren moladin 👍🏼
Ga bawa genset cadangan ya? Kalo bawa lebih praktis",0,2024-09-22T09:39:07Z,2024-09-22T09:39:07Z,2026-09-27T14:02:09.410241+00:00
Ugy3b-F1oHoF8z8Fr0d4AaABAg,jL5p1zZMNEM,27d37a894f1977ff1f569f49f887a350a42df7810f9fbd126ce227c5f6640059,👌,0,2024-10-17T08:38:17Z,2024-10-17T08:38:17Z,2026-09-27T14:02:09.410241+00:00
Ugzuwtv0cAZPWSWNQ-94AaABAg,jL5p1zZMNEM,586a88ea233be12e557485fd941c538227fcd31fe1763b6d8c90cd625326f73d,coba ngetes mobil listrik yg range nya lbh jauh ky mercy/byd seal nembus klaim 600km. penasaran ajaa smpe ga ke sby/mentok2 daerah jombang?,0,2024-09-24T05:38:38Z,2024-09-24T05:38:38Z,2026-09-27T14:02:09.410241+00:00
UgzBOqYg26yMKoZUUD94AaABAg,jL5p1zZMNEM,5fef3c0cf2d681e9d6d5ca99c592b1c050e19ba3333b03855f197a0d42872567,"Mobil e sopo gawe tes iki.
Remek

Baterai kalau sampai nol, itu bisa ngaruh di kesehatan baterai",0,2025-03-16T09:21:09Z,2025-03-16T09:21:09Z,2026-09-27T14:02:09.410241+00:00
UgxL0exNHAehDE22Y3Z4AaABAg,jL5p1zZMNEM,4cec59e4ebc507491264be171277ea693e6a59358337a4c15234aab43fe86734,Berat Penumpang berat  Mobil dan berat barang bawaan juga mempengaruhi efisiensi  Battrey,0,2024-10-01T00:58:27Z,2024-10-01T00:58:27Z,2026-09-27T14:02:09.410241+00:00
UgwSalKZwhyH0rhQXQJ4AaABAg,jL5p1zZMNEM,dc62930726d53d2a223e01151c7c17380e3e46d9118b104e75e6de0b91b1f6b9,"Sekali2 compare dengan TESLA, mau liat juga perbandingannya 😊",0,2024-09-21T00:18:36Z,2024-09-21T00:18:36Z,2026-09-27T14:02:09.410241+00:00
UgxOVSAzsPwyRRlcH_t4AaABAg,jL5p1zZMNEM,e0d63698713b8c2ab1b7c088914f2b56a2d626cd8f1658d45a51c2caa0a39c22,Ada yang nonton iklan suzuki...?,1,2024-10-23T09:26:51Z,2024-10-23T09:26:51Z,2026-09-27T14:02:09.410241+00:00
Ugy5qM_em4abb0D8eNR4AaABAg,jL5p1zZMNEM,142c8337f06606c3b6ce6f327fb87d40cdbff4340563445b53893f7286ed2438,Mantap bang jadi tau kelebihan range sm harganya wort it pa ganya,0,2024-09-19T09:45:14Z,2024-09-19T09:45:14Z,2026-09-27T14:02:09.410241+00:00
Ugz1RxoqmXogzpTJ2Hd4AaABAg,jL5p1zZMNEM,dafe145c798fdabd361edd34484bfdbb48c654590baab3f247e2160238700bbf,Next fortuner facelift 4x4 vs pajero facelift 4x4,1,2024-09-19T07:30:09Z,2024-09-19T07:30:09Z,2026-09-27T14:02:09.410241+00:00
UgwEP98I9N0vDS2fG4t4AaABAg,jL5p1zZMNEM,327265c7de360c82dac9c8fb2cc9acef64597a6e815ca13984d205e19b06bdc7,"Jarak tempuh rata2 kayak lmpv avanza, expander, mobilio, jadi tinggal dihitung saja murah mana",0,2024-09-19T10:53:37Z,2024-09-19T10:53:37Z,2026-09-27T14:02:09.410241+00:00
UgzQLgcvVECdYz3u1M94AaABAg,jL5p1zZMNEM,15676f7b435fd33e5f32f19ff9b5f2ad63224234f51f7dc323ee0e9b4262a3e0,Warranty wuling wow,0,2024-09-21T00:34:13Z,2024-09-21T00:34:13Z,2026-09-27T14:02:09.410241+00:00
UgwJ1EB6jL93tQ9S5p54AaABAg,jL5p1zZMNEM,2db81306a7e13c624f8c519e76aa4d3c79c91e5289d4958e5f5fd1c46c0c04a9,"bikin challenge apa gitu, moladin vs trio bapak2 (Fitra eri, om mobi, ridwan)",16,2024-09-19T05:22:02Z,2024-09-19T05:22:02Z,2026-09-27T14:02:09.410241+00:00
Ugzt9lkk6yR0l-1CaiZ4AaABAg,jL5p1zZMNEM,83f78fc66adc473170d3e4e32fc14a09dc1f33c9d97e34abf887316a4c267bf5,Next cobak Wuling almaz hybrid vs zenix hybrid bang,0,2024-09-19T12:09:19Z,2024-09-19T12:09:19Z,2026-09-27T14:02:09.410241+00:00
UgyhFL13D-CVlUPhpZ54AaABAg,jL5p1zZMNEM,2984ca68728baab3a260b31d84ed30a37cc2c017ae730c7dc2d625d1b6fb7166,"nah ini yang sy tinggu2,, moladin mantap.
btw cloud ev yg pling repot saat khbisan btre krna hrs cari BGT, atau bawa converter 😁",19,2024-09-19T05:21:49Z,2024-09-19T06:32:42Z,2026-09-27T14:02:09.410241+00:00
UgzUjckeQPpY30dKhLJ4AaABAg,jL5p1zZMNEM,c9c8a220ac0c9729da0429ba094cb53b37948594725abaf95f2e4b0f96f42b6d,"Om, apakah gk berenti utk  buang air kecil,,,?
Atau makn ?
Apakah gk masuk perhitungan nya dlm tess ini??

Makasih om",0,2024-09-28T05:16:15Z,2024-09-28T05:16:15Z,2026-09-27T14:02:09.410241+00:00
UgzdBOQ3I1ph29rBA0R4AaABAg,jL5p1zZMNEM,39562ff666a507eddce340b07a59f207d443174b00eea4763aa2037b8d83e0de,Masih nunggu review BYD M6 drain test,0,2024-09-29T19:47:38Z,2024-09-29T19:47:38Z,2026-09-27T14:02:09.410241+00:00
UgzuorodGGRsTXH4cR14AaABAg,jL5p1zZMNEM,033173ebb58ccffe83b35f8073cd1ac2e7578d2a02019a9ce4722a5eff38cb87,Harusnya selagi udah menjadi 0% tampilin juga waktu cas real 0-100% nya bang,0,2024-09-21T09:58:15Z,2024-09-21T09:58:15Z,2026-09-27T14:02:09.410241+00:00
Ugz1t8V8ys4OvRJfSPF4AaABAg,jL5p1zZMNEM,1f0302d253f6ac4f0b7e4448aef8dbbb97bc8bc1303e7260cb34d9b289338ce4,mantap kontennya... kurang beyede 😁,1,2024-09-19T08:01:04Z,2024-09-19T08:01:04Z,2026-09-27T14:02:09.410241+00:00
UgxdJirKHZ2lnOI1eCV4AaABAg,jL5p1zZMNEM,b3638f3c2a03c995330b75c77e666bb4f05cd657b1829483c0cd1135fecc4167,okey 13 m2nit yg lalu 💨,0,2024-09-19T04:14:29Z,2024-09-19T04:14:29Z,2026-09-27T14:02:09.410241+00:00
Ugxyflykq8h_vTqtVi14AaABAg,jL5p1zZMNEM,da5dd1e9dbc8ec137077be210d39560bf573880a079eff8831d11ce8b8ca3a1a,Duel Triple Mocin EV.,0,2024-09-30T00:23:38Z,2024-09-30T00:23:38Z,2026-09-27T14:02:09.410241+00:00
UgxpOeFsdNL8g31RqsZ4AaABAg,jL5p1zZMNEM,b1c0e4a1e2de84099c4d0e929d9e0cd510a1618a6072b5de9cb729de3b41836e,Ioniq 5 SLR vs Kona EV 2024 Signature dong,0,2024-10-16T05:40:18Z,2024-10-16T05:40:18Z,2026-09-27T14:02:09.410241+00:00
UgwY4H5zP21sLuel_-F4AaABAg,jL5p1zZMNEM,b958bcbbadcb94c1b3098a3fb280c61d885aff5ce81d4e812d79767f721c600a,Test jarak mobil listrik yg lain juga gan,0,2025-01-05T03:28:47Z,2025-01-05T03:28:47Z,2026-09-27T14:02:09.410241+00:00
UgyYhhSP64GrsCSACX94AaABAg,jL5p1zZMNEM,8958210cd4f1edfe6479fb9e9df6a303459c93d24671dcb5baae2928365c8868,Cloud Ev langsung gw blacklist dari berandai andai 😁,1,2024-09-19T13:01:05Z,2024-09-19T13:01:05Z,2026-09-27T14:02:09.410241+00:00
UgzTZilzHySJUc_XrqF4AaABAg,jL5p1zZMNEM,370a6b7695ec683342771801301f75bf6304802e704a09b002fa1684072efb6b,Omoda E5 versus Aion Y Plus dong kak,0,2024-11-11T15:50:07Z,2024-11-11T15:50:07Z,2026-09-27T14:02:09.410241+00:00
Ugw5QLCDM1vqALkAcFh4AaABAg,jL5p1zZMNEM,bf3ee8c7ebe23e788dc9a56788726cb394639afe67019a3d8d284a8c74522cd9,"Dari banyak EV hingga 2026 bahkan dibanding ioniq 5 kalau urusan nyetir dalam kota, pegunungan, zig-zag Lika liku rata rata reviewer sepakat mg4 terbaik, tak heran banyak dapat penghargaan scra global awal kemunculan nya, sy sebagai user mazda CX-5 sangat setuju alhamdulillah sdh Long trip jauh ke daerah bersama MG4 + keluarga kecil ku, nyetir dan kenyamanan melebihi ekspektasi! 

Bagi yg takut GC nya tenang aja gak serendah itu asal tetap hati hati insya allah 99% aman",0,2026-09-23T02:47:34Z,2026-09-23T02:49:41Z,2026-09-27T14:02:09.410241+00:00
UgzF8JgZ1NakCMViDNR4AaABAg,jL5p1zZMNEM,24689fa524e893220552ba0279fef9bc348d8b29cd7165f86b377f890654eaf5,Benar itu 80 max speed kalau mau hemat pakai ev,0,2024-09-20T04:33:46Z,2024-09-20T04:33:46Z,2026-09-27T14:02:09.410241+00:00
UgxjVPAQOYbVuNgPfMt4AaABAg,jL5p1zZMNEM,7a1cf2c57092c39b7305a8dd3fdaead65f0faff84c1ef4b139222bdc3a38131f,"Yg OMODA SOC-nya sudah 78% om, makanya boros krn performa batrenya sdh turun 22%",0,2025-04-14T01:25:47Z,2025-04-14T01:25:47Z,2026-09-27T14:02:09.410241+00:00
Ugxcn8cAELywTVxvn2l4AaABAg,jL5p1zZMNEM,f0f85df66fa49c301b0c917e97b44b2386c55ac3f5e2e8c7dfcf1bcc95d47eb5,Bang kapan bahas fortuner facelift ke nya seru di adu sama pajero nih,0,2024-09-19T05:26:01Z,2024-09-19T05:26:01Z,2026-09-27T14:02:09.410241+00:00
UgzN3dG1gzBSQArn1KV4AaABAg,jL5p1zZMNEM,cc03ff010e9d91f33609028170d1a82f7793f98226791419a4b3a0e5181934a5,coba di-test jarak jangkau Aion V yaa,0,2025-01-03T03:11:16Z,2025-01-03T03:11:16Z,2026-09-27T14:02:09.410241+00:00
Ugwry0deiJpoAdgOnNN4AaABAg,jL5p1zZMNEM,bb51c7b1a275a00af586cbfe0266895d8711f61cdc9b363abda448b63c13eb09,masih ngirit stargazer ya bang😁🤭,0,2024-09-19T11:45:23Z,2024-09-19T11:45:23Z,2026-09-27T14:02:09.410241+00:00
UgwWVZStq5f6N7FnsG54AaABAg,jL5p1zZMNEM,37d52b2793e4fae067989d96095c5630e9053bac986918de254c05b6db9bc945,utk mg4ev garansi batery nya life time juga om..,1,2024-09-19T05:02:15Z,2024-09-19T05:02:15Z,2026-09-27T14:02:09.410241+00:00
UgxTKrbCAGN_X6qy4-N4AaABAg,jL5p1zZMNEM,c9d47126f6daa3574fd1a0cb56c2a018f713caa13475108691b7c82000c9445e,Pemenangnya tetap... Mobil towing...,0,2024-10-21T06:03:19Z,2024-10-21T06:03:19Z,2026-09-27T14:02:09.410241+00:00
UgymoDqvac34iU_XVHB4AaABAg,jL5p1zZMNEM,5d41706e1428cceb5ea87e95cee9132d76321c0c32ffa1050d925eaf5743918d,Gokil 🔥🔥🔥,0,2024-09-19T05:31:20Z,2024-09-19T05:31:20Z,2026-09-27T14:02:09.410241+00:00
Ugw7Q8gHcR8al2iSj8t4AaABAg,jL5p1zZMNEM,973d41cf6c264e7ce6fc29518353ccc2b9b4971110bb92c6ce5347463c0cbe5b,buat ke puncak di weekend aman nggak,0,2024-09-24T03:30:56Z,2024-09-24T03:30:56Z,2026-09-27T14:02:11.247480+00:00
UgydliZpu5gKGxSP-yl4AaABAg,jL5p1zZMNEM,a828cad074651d1741082508d95ae2fc3a2acff500577bf48b2e384a596f3d12,AC nya gmn itu 3 mobil ? pakai power saving mode semua.. apa ac nya layak utk cuaca negara kita… ?,0,2024-09-20T00:53:02Z,2024-09-20T00:53:02Z,2026-09-27T14:02:11.247480+00:00
UgzZzbDguBAtIQy5ADx4AaABAg,jL5p1zZMNEM,8ebd4220a858569ad9cc3efe48bb55dbf375562e93d830a03eb7ea9f12364e65,masing-masing mobil udah dipake jalan berapa km sebelum test? bukan mobil tes yang masih baru kan?,0,2024-09-19T07:18:13Z,2024-09-19T07:18:13Z,2026-09-27T14:02:11.247480+00:00
UgwkJ86OtDvKFNeNatN4AaABAg,jL5p1zZMNEM,e337b62f40f2c6b37a2e88dcdc6da5ae5c1915044a30472e82e15c154075b57d,"Untuk pemgecasan baterai ke 3 mobil tsb, apakah dibuatkan vidionya/ada datanya 0-100% , type charger yang digunakan, kecepatan charging, kepraktisan charging?",1,2024-09-29T13:38:27Z,2024-09-29T13:38:27Z,2026-09-27T14:02:11.247480+00:00
Ugwr8_FdJf_PsK26tjN4AaABAg,jL5p1zZMNEM,3582b546cd32a392f90287cf5cbe735a318b7846721f52652f6a7aca10253d2a,"Hallo moladin. 
Gak ada rencana mencoba brp persen batrai mobil terpakai di tanjakan TELE di pinggiran Danau Toba??? 
Tp jumlah orang di dalam mobil harus disesuaikan dengan jumlah kursinya.",0,2024-09-25T00:26:48Z,2024-09-25T00:26:48Z,2026-09-27T14:02:11.247480+00:00
UgzMLXnUJAw15QZYsTl4AaABAg,jL5p1zZMNEM,a755bf9f7d004696f3f66a67d276515a887853425a9fefb133ab3de672b796c6,"Kalau ada korslet, baterai kebakar gm tuh? Garansi ga?",0,2024-10-16T07:03:49Z,2024-10-16T07:03:49Z,2026-09-27T14:02:11.247480+00:00
UgwqZt6MT98hOpnAfs54AaABAg,jL5p1zZMNEM,07658ff67ad56c50b44bfb0575692fef9e5b0007eacbfe26884aa5c6ae3a2a15,Bang kalo Kona EV sudah ada video uji coba jarak jauhnya belum?,0,2024-10-16T05:08:01Z,2024-10-16T05:08:20Z,2026-09-27T14:02:11.247480+00:00
UgzOHjQBWN7GmzFkHxR4AaABAg,jL5p1zZMNEM,e667e41a12302eb010183112da8441fc9a8ffc156663c63ab490d3ec9f0fc57d,"Next nya test maks range aion V nih. 
Apa bisa sampe 600km? Harusnya sampe jogja nih klo bisa 600km dr klaim range aion V",0,2025-02-02T10:37:09Z,2025-02-02T10:37:09Z,2026-09-27T14:02:11.247480+00:00
UgxHJJl9aOsWfrxdept4AaABAg,jL5p1zZMNEM,7264a5e2c7758ca8cbbee837a6cc4718d946197c3df074f1828dbb1ccbb5c6f8,Kapan tes nanjak tiggo 8 & tiggo 8 promax awd,0,2024-09-19T12:46:46Z,2024-09-19T12:46:46Z,2026-09-27T14:02:11.247480+00:00
Ugz5gz-RiHOOti-XzTt4AaABAg,jL5p1zZMNEM,cce7a3121f4d9f0417e833a9258a8ce6e603887c42a00c8990d0065d98dbb1b3,"Kalo byd dolphin sama neta v ii apa beda segmen ya ? Justru 2 itu yg menarik , selain mgev",0,2024-09-19T11:30:59Z,2024-09-19T11:30:59Z,2026-09-27T14:02:11.247480+00:00
UgyLP_JHgMypqbZuvRx4AaABAg,jL5p1zZMNEM,cf73db91b981df09fcdbbeb2ddd2820675fae0b3a571bfc2796f467b034806de,Harusnya komparasi abis brp duit/kwh sampe semarang jd tau yg mana yg irit,0,2025-04-23T17:58:50Z,2025-04-23T17:58:50Z,2026-09-27T14:02:11.247480+00:00
UgzMschiqF7N32vs5WN4AaABAg,jL5p1zZMNEM,820d69bd25d647474d1aad8565f4666404202cfc74a5886ee212f42f43b09c11,Adain lg dong bang coba adu dengan mobil ev lain,0,2025-01-08T01:30:56Z,2025-01-08T01:30:56Z,2026-09-27T14:02:11.247480+00:00
UgyP3TB7KncL1m9_unF4AaABAg,jL5p1zZMNEM,b362082a7bc91f05e957861d8a50a184e0df9bd9872087555fea25e3dd797879,moladin tolong sekalian review sistem radarnya di tol,0,2024-09-19T10:20:38Z,2024-09-19T10:20:38Z,2026-09-27T14:02:11.247480+00:00
UgwEBAqPzMZ7S8Nj84N4AaABAg,jL5p1zZMNEM,df8c4ceb353a3657d1ed6baf7716628828aaad9b09454891ea7cc1c6c25153cb,Test byd juga dong,0,2024-09-19T10:28:21Z,2024-09-19T10:28:21Z,2026-09-27T14:02:11.247480+00:00
Ugwayy7FNiyhjsTrJ_B4AaABAg,jL5p1zZMNEM,182e419ca22a9f2cdaf5d101f3350e7b28456b3337ed458e1b334e48fd5aa1e2,"kenapa gak pake VtL aja agan2, lumayan daripada cari2 towing...",0,2024-09-19T09:08:13Z,2024-09-19T09:08:13Z,2026-09-27T14:02:11.247480+00:00
UgyVjv10Y9x1axgXM0l4AaABAg,jL5p1zZMNEM,2103590b15f291d0f32185b087fde518fd7e7fbce0c9f43f270c0426948ff1a5,Please tes jarak BYD M6 yg lagi heboh,0,2024-09-24T05:34:24Z,2024-09-24T05:34:24Z,2026-09-27T14:02:11.247480+00:00
UgxpJujUyGW8R1HJIWZ4AaABAg,jL5p1zZMNEM,3f46ba447071438776172fda9006cfe68f243a0db66aaa1ff5372f9101019705,"Mantap infonya, kasian amat mas Nanda di 30:23, sampai ada peringatannya.",0,2024-09-19T05:44:55Z,2024-09-19T05:44:55Z,2026-09-27T14:02:11.247480+00:00
UgzIP3vtFs8sIJaA8rp4AaABAg,jL5p1zZMNEM,bcc700c8620d3999a86f5a7dc60957f75f9d78c89fa24079aba74c29c8238df5,"Omoda pure bedanya 1 lagi garansi tidak lifetime, pure hanya 8th",1,2024-09-22T04:31:57Z,2024-09-22T04:31:57Z,2026-09-27T14:02:11.247480+00:00
Ugx7cajfaZN8z53N3kt4AaABAg,jL5p1zZMNEM,39972707cf7d2dc078d3fcb96abdb952d2435c6f382c6ab58d2b661c616648a8,"Omoda pakai baterai byd.

Trus klo wuling sama mg pakai baterai buatan siapa? Soalnya beberapa user air ev kok baterainya drop kesehatannya lbh cepat drpd baterai byd",0,2024-09-20T11:00:20Z,2024-09-20T11:00:20Z,2026-09-27T14:02:11.247480+00:00
UgyKPRJy0uNBVOS-myd4AaABAg,jL5p1zZMNEM,f8d882769d76b760e8ef13a5bbb933c8db43b134039d7303c80bc0b78e18be35,Di harga ini bukannya juga ada byd m6 ya?,3,2024-09-19T13:29:53Z,2024-09-19T13:29:53Z,2026-09-27T14:02:11.247480+00:00
Ugx6SsXWRZU8-41K4YN4AaABAg,jL5p1zZMNEM,9e0dd594c4f6864a2ed685666fa45772d1cb136c5ad3ea8333bde6ec430daa7b,Byd m6 ada video test jarak tempuh sampai baterai habis?,0,2025-07-13T08:53:34Z,2025-07-13T08:53:34Z,2026-09-27T14:02:11.247480+00:00
UgxdXlhLrwFNJ_6_A814AaABAg,jL5p1zZMNEM,c5a63a1201a870c9285c5410dfcfbcb6cddd98b70815c059e59c2a8d6458f858,Edukasi atau buat candaan video ttg org parkir di tempat charge😅,0,2024-09-19T10:48:10Z,2024-09-19T10:48:10Z,2026-09-27T14:02:11.247480+00:00
Ugzc1fsL6qx00t1ZnYN4AaABAg,jL5p1zZMNEM,cece9f95b92ad43a8278b3c91d7444afae930e4ef63d51d3d64de3205bb0cd54,Moladi lum review byd m6 ya.. ???,0,2024-11-07T14:32:19Z,2024-11-07T14:32:19Z,2026-09-27T14:02:11.247480+00:00
UgyGg5j98mAeTH_XwbJ4AaABAg,jL5p1zZMNEM,38d0c7569d63afbe10b810fa8273de8eeab6c1f4a3d51343615bac879d5a4b21,"tes BYD seal dong min, range nya sampai berapa KM",0,2024-11-10T00:14:17Z,2024-11-10T00:14:17Z,2026-09-27T14:02:11.247480+00:00
UgxngMcMJ0t-XDDLIr54AaABAg,jL5p1zZMNEM,8bf77a830e34b8f8b7ce0c0ee37c09cb34ae484981dd15d960cd59e2397b6e11,Mungkin yang paka aku bisa lebih jauh sbb ada triknya......injak gas dan rem,0,2024-09-27T09:24:28Z,2024-09-27T09:24:28Z,2026-09-27T14:02:11.247480+00:00
Ugw53fELcLHEEkNQ5u94AaABAg,jL5p1zZMNEM,0bfa15791cb2e2240b75e5421354cf80fe88352738224281e69e7e415b8de144,Kurang AION Y Plus yg bawah Om,0,2024-09-19T08:23:48Z,2024-09-19T08:23:48Z,2026-09-27T14:02:11.247480+00:00
Ugw_naQ8aV2k3QI5u8p4AaABAg,jL5p1zZMNEM,39cc3d45fde213ba9fa579dc668debd376930465c481dfd1c27504cf0fd43ce0,sikurus dijepit oleh duo gemuk...xixixixixi,0,2024-09-19T09:23:08Z,2024-09-19T09:23:24Z,2026-09-27T14:02:11.247480+00:00
Ugx0uoXe8XedVrW1xz14AaABAg,jL5p1zZMNEM,8aef6efd5097771409f0717384cf1aed90952cbf0c259b5159d5a0f3d4a82a41,Kalau BYD gimana test drive jg bang,0,2024-09-20T15:08:10Z,2024-09-20T15:08:10Z,2026-09-27T14:02:11.247480+00:00
UgxyI8vHB2zpbwEOkYp4AaABAg,jL5p1zZMNEM,2999315dfab3a2158cd3878e4141b70698532c32ee8f4341458dfe792ad420e5,Test Gac Aion donk,0,2024-09-19T10:46:54Z,2024-09-19T10:46:54Z,2026-09-27T14:02:11.247480+00:00
Ugyifir1OvnsATWrSj94AaABAg,jL5p1zZMNEM,c2b881ad0ab4592ae4294235cfc72c45e768e353932c2cf1efa846de87c6218f,Mau tanya bang itu jalan kecepatan brapa km perjam rata tatanya bang   Apa kalau di bawa ngebut di atas 120 km akan kebih boros       Nanya serius bang,0,2025-12-08T11:09:18Z,2025-12-08T11:09:18Z,2026-09-27T14:02:11.247480+00:00
Ugwh3fwo9LHxLAv6j9F4AaABAg,jL5p1zZMNEM,e36c1508057cff0cf114bb64394f9acbdf735b8586fa073743f5040f8007d63d,Cb review BYD M6 bang,0,2024-09-21T16:03:57Z,2024-09-21T16:03:57Z,2026-09-27T14:02:11.247480+00:00
UgwhRAcIyFdobtaDgBd4AaABAg,jL5p1zZMNEM,5116aca587d2680b329c16a79f158bbc1c7df3128b3c11a2779f1bec7cffeeb9,Kapan nih Hyundai Kona full review,6,2024-09-19T08:05:34Z,2024-09-19T08:05:34Z,2026-09-27T14:02:11.247480+00:00
UgweANU3GN9lbDPQWyp4AaABAg,jL5p1zZMNEM,81e1fc84f5db6f2844ab11c1124dce6ff378e0a73fb48c34cb2922a6c4455dd7,bayudi engga ikut?,0,2024-09-19T06:56:26Z,2024-09-19T06:56:26Z,2026-09-27T14:02:11.247480+00:00
UgyZXwkQKPbvh9fSR7F4AaABAg,jL5p1zZMNEM,2e3d84c2a8f21dade2d195eb491060f7855fe498eb6f73892e05f5821d57cf90,6:31 itu Kijang Innova Heritage Edition ya?,0,2024-09-19T13:19:21Z,2024-09-19T13:19:21Z,2026-09-27T14:02:11.247480+00:00
UgykzYpZz_zsSIoE2D94AaABAg,jL5p1zZMNEM,8db47682d493cdf23c57f456a3e1f2518a2c944a1fe8bffdbfadad31c208d232,average speed ke Semarang nya d angka brp y?,0,2024-09-23T06:22:34Z,2024-09-23T06:22:34Z,2026-09-27T14:02:11.247480+00:00
UgwQa7q4Gj-VepKBxO14AaABAg,jL5p1zZMNEM,d409f3bd814cba735b3fd720085ceeedacce357f7a92205d68d61a10636977ff,Coba byd dong bang,0,2024-09-19T05:43:12Z,2024-09-19T05:43:12Z,2026-09-27T14:02:11.247480+00:00
Ugz7bot-x0P0jU8AmFx4AaABAg,jL5p1zZMNEM,f70d200b119af8afb400dfd1f36e149ca7c83e022475ee1ae40eb114e31e7834,omoda desain nya gokil sih,3,2024-09-19T06:04:42Z,2024-09-19T06:04:42Z,2026-09-27T14:02:11.247480+00:00
UgwgPfos0M_U2EzOf214AaABAg,jL5p1zZMNEM,d1f22a27202d1dc2fd68b4f87952697121ebf2ad012638622d9de7904135245c,Wuling ling klem ngablu....😅,1,2024-09-20T00:28:00Z,2024-09-20T00:28:00Z,2026-09-27T14:02:11.247480+00:00
Ugyow4as88rMAFqeckN4AaABAg,jL5p1zZMNEM,bcd72619b7fbbd03c1ae43f3cb07060af8dae4c96bb389b312c9da291e57e4f0,"Sales mg 4 ev bilangnya life time waranty, yg bener mana nihh?",0,2025-02-03T21:39:52Z,2025-02-03T21:39:52Z,2026-09-27T14:02:11.247480+00:00
UgyvRJyti9HGoqdydaJ4AaABAg,jL5p1zZMNEM,955adb43df883bd8687a792e68b34c590f247cac89b1f4822a9911270de05385,Waduh volvo nga diajak😂😂😂...,0,2025-04-29T15:17:40Z,2025-04-29T15:17:40Z,2026-09-27T14:02:11.247480+00:00
Ugxfx-9VE2LeaDHjYih4AaABAg,jL5p1zZMNEM,5270309fce005987c47c168e61a25b769ec3dceb8b760643d380d8863d8e0ba7,"Sukses trs buat trio ini selagi trio ini yang muncul saya tonton, sebelum nya kan di channel sebelah trs pindah sini ya ikutan pindah tetep trio terkeren yah Ridwan Hanif, om mobi dan Fitra eri dong pastinya",1,2024-09-19T15:48:57Z,2024-09-19T15:48:57Z,2026-09-27T14:02:11.247480+00:00
UgwMd1BAjHGMDNaSzkh4AaABAg,jL5p1zZMNEM,9eda046f74e349069b2a0841e8c0acc5d34f068291b3fa3a15138862eb03b04a,Tes baterai neta v 2 sampai habis dong bang,0,2025-01-24T05:28:19Z,2025-01-24T05:28:19Z,2026-09-27T14:02:11.248425+00:00
Ugw0s5F0fxk6hkBYeMN4AaABAg,jL5p1zZMNEM,00536f2cfe20d0e255707fbc4b5d9736a844066355e8956173b7fecdf62ec4f7,menit 30:40 mas nanda mati dluan??😮😮😮..oh mobilnuaa...aduh 😅😅😅..,0,2024-09-25T06:26:22Z,2024-09-25T06:26:43Z,2026-09-27T14:02:11.248425+00:00
UgxSFJZmWEdBIfrD6uR4AaABAg,jL5p1zZMNEM,509303c362435181f8736a6e46ed8bca12b632f14476de1244fa300f339ce733,Byd donk yg m6 abisnya diberapa...,0,2024-09-19T07:00:37Z,2024-09-19T07:00:37Z,2026-09-27T14:02:11.248425+00:00
UgywC169RChUEKdhIYR4AaABAg,jL5p1zZMNEM,ea775a79c7e6a4ef34897a96225891a56cba6a710e04b662e09a92048b9fda15,naaaaa ini dia....,0,2024-09-19T04:33:36Z,2024-09-19T04:33:36Z,2026-09-27T14:02:11.248425+00:00
Ugw07j5tre98KqnHIrV4AaABAg,jL5p1zZMNEM,744a9e9a48b1b121d225946222e22fef0b46a434c5b1074bca11627a5a6dc33c,Tumben plat nomornya di sensor.,1,2024-09-19T10:32:27Z,2024-09-19T10:32:27Z,2026-09-27T14:02:11.248425+00:00
UgwtuRe6WNyTerI58Kh4AaABAg,jL5p1zZMNEM,f0f28c3791a66d44158bd2f5931466256a541b920326c4a8c17bcdf98dc8e09b,bang tes mobil Teslanya mana bang?,1,2024-09-19T09:42:44Z,2024-09-19T09:42:44Z,2026-09-27T14:02:11.248425+00:00
UgxqPUXZDfEvV9d3Rop4AaABAg,jL5p1zZMNEM,83dcb0f767b65c5652d19248fe2ffe861c5180fe4452a5d64683fac41530c4e0,Sayang tidak bisa di download,0,2024-09-19T23:57:53Z,2024-09-19T23:57:53Z,2026-09-27T14:02:11.248425+00:00
UgyC1Kzi-gYMHjiOhDp4AaABAg,jL5p1zZMNEM,4a713f6490f86aeaf0c5e647dcbfb854483f4e313e3435d79f52fba15c497979,pada menit ke 8:32 ada motor jalannya bisa mundur. mobil juga jalannya mundur,0,2024-09-26T11:52:50Z,2024-09-26T11:52:50Z,2026-09-27T14:02:11.248425+00:00
UgyJASxFGIB5S5N2Yrt4AaABAg,jL5p1zZMNEM,57296fbbe793e0e906c63acb3a777c8769b44a98b6201ec48e3c5a7bc7ede15c,Next Hyundai Kona new,0,2024-09-19T08:30:12Z,2024-09-19T08:30:12Z,2026-09-27T14:02:11.248425+00:00
Ugw-_D95uVd4ElNf8x94AaABAg,jL5p1zZMNEM,8241d5d09d108e0823354f8a45e980ff098d3e9990b2d103a440e6822b594128,Byd m6 sama atto 3 mana nih..,0,2024-09-20T09:53:06Z,2024-09-20T09:53:06Z,2026-09-27T14:02:11.248425+00:00
Ugx2Jb5R1cM-xSfh-J14AaABAg,jL5p1zZMNEM,22f609c96c2b0bdb0376278f6422a9c1c2cc1bbe2ed66e26afc403749e9eea11,mau beli mobil elektrik tapi tolong jelasin gue dong mobil EV ibaratin ke hape biar paham,0,2024-11-30T14:20:26Z,2024-11-30T14:20:26Z,2026-09-27T14:02:11.248425+00:00
Ugw6r5S-iOm8sRIkAd14AaABAg,jL5p1zZMNEM,c86b833324c970bf47439436c8183fa7f41e5ac599270651f16687e100d94a65,kayaknya tetap naik beat buat kerja sehari2 & pke kebo arrowgan kalau bawa keluarga,1,2024-09-19T05:42:16Z,2024-09-19T05:42:16Z,2026-09-27T14:02:11.248425+00:00
UgwpumZce7U2ymJ9UW94AaABAg,jL5p1zZMNEM,e8cc0773b5caf5042388ced43ca67d81f9882b376596047d7b0738080482b33a,"Hybrid dlu dah para anak"" mobil ya kali langsung loncat ke mobil listtik🥲",0,2024-12-23T07:37:12Z,2024-12-23T07:37:12Z,2026-09-27T14:02:11.248425+00:00
Ugwh-j_35gJ4JCnYpc54AaABAg,jL5p1zZMNEM,ca41b772ba0c42a7d9687b1f2eaf99525a7b276dfd87d4d9f80629123a51536b,Untuk cloud ev..untuk tol recovery energy brakingnya baiknya di stell di weak..itu sangat membantu memperlambat baterai habis..karena gliding mobil lebih jauh..berbeda kalo rute dalam kota..mode standar atau strong sebaiknya dipake..dg seperti itu..jarak tempuh 460 km bisa didapatkan..ini pengalaman pake setelah 4 bulan pakai,17,2024-09-23T14:08:01Z,2024-09-23T14:08:01Z,2026-09-27T14:02:11.248425+00:00
Ugy-C7JVHGK5O1Pe5AV4AaABAg,jL5p1zZMNEM,2077c55965f45a020b79ff1dee66f207c3843b2098a8adce105738262aca38b7,Menarik ini dari tiga produsen baterai yang berbeda .. Dan pemenangnya byd baterai yg terpasang di omoda e5,8,2024-09-20T13:10:56Z,2024-09-20T13:10:56Z,2026-09-27T14:02:11.248425+00:00
UgytIwJlDkeBFQkBdeN4AaABAg,jL5p1zZMNEM,6aa010501803e160bc00777cd2c875a7bec21b633ce93d5493af12028d164728,YES!!! Wuling emang overclaim. Binguo premium gw ga pernah tuh bs capai 350 km malah.. Efek FOMO sih.. 😅,9,2024-09-19T09:03:28Z,2024-09-19T09:03:28Z,2026-09-27T14:02:11.248425+00:00
UgwG0Rh1egAWajqmQPN4AaABAg,jL5p1zZMNEM,0ba15ff0af5eb0bf91e94dcb6353f91d05eb2ed96760129c2b75234bacd92352,"Wuling charger DC nya gak standard, harus pake converter, dan mahal pula harga nya",0,2024-12-28T02:35:51Z,2024-12-28T02:35:51Z,2026-09-27T14:02:11.248425+00:00
UgyiDa0QVUEyLI4clGN4AaABAg,jL5p1zZMNEM,9a425f067128e1d321dc114c6fd25439dca6eaf12e78e3120421fd7528d3f5f8,Cloud ev info nya belum sunroff ya,0,2025-02-10T08:36:18Z,2025-02-10T08:36:18Z,2026-09-27T14:02:11.248425+00:00
UgwYjmTYZoJ0nmEZ2ql4AaABAg,jL5p1zZMNEM,e71e771dc569a2828a9772a5163dffba65edc5b02efd2a92d1d7fb831764f74a,"Omoda E5 jelas paling unggul harganya lebih mahal hampir 490 jutaan, lebih prefer MG4EV sih karena RWD liat konten lain moladin ngetes MG4EV di tanjakan fix pilih MG",3,2025-01-23T04:22:04Z,2025-01-23T04:22:04Z,2026-09-27T14:02:11.248425+00:00
UgxBLC9Q4Pk8s98h1JZ4AaABAg,jL5p1zZMNEM,f18a4b17ad6c7d3c3d4940a75b60eea29860abfb7ff4dc15478f49a91667b359,awokawok keknya Nanda masih ga Terima 😂,0,2024-09-20T15:01:00Z,2024-09-20T15:01:00Z,2026-09-27T14:02:11.248425+00:00
UgxO7zxuq7fCnsbctzl4AaABAg,jL5p1zZMNEM,a321de3aa8fd74e516639e86820da5901efc5dae1a6bd4d34ed1d872a0e21122,sayang wuling ini port chargernya agak lain 🤣😂,0,2024-09-19T07:32:07Z,2024-09-19T07:32:07Z,2026-09-27T14:02:11.248425+00:00
UgzGxaqMPOcD-0UmE314AaABAg,jL5p1zZMNEM,1ffdd7b71d8b758ba2fda70c8489c5f6f1ac50efa1cd48b3043031f7decb71d5,"Wuling ini bener2 blunder, nyusahin konsumen dan mereka sendiri🤦🏻‍♂️ 

Dari janji 100 SPKLU DC GBT yg dijanjikan baru 16 SPKLU yang terealisasi, artinya mereka pun sangat kesulitan untuk menepati janji mereka.

Padahal kl mereka pake CCS2 seperti ""Wuling Cloud"" di India gak akan kejadian mbl nginep semalaman seperti ini

Cloud batre 50kwh jd percuma gak bisa dipake jalan2 jauh🤦🏻‍♂️",29,2024-09-19T05:09:55Z,2024-09-19T05:09:55Z,2026-09-27T14:02:11.248425+00:00
UgzUVrcCFp6vixE96kt4AaABAg,jL5p1zZMNEM,f2815886249d301057d85e946196046e71c34cbe8c9719e11a173622e6a884ac,BYD harusnya ikut,0,2024-09-19T09:27:17Z,2024-09-19T09:27:17Z,2026-09-27T14:02:11.248425+00:00
UgxyUazAlionSOwAhnl4AaABAg,jL5p1zZMNEM,a55ebae88b80a221e8e79047d79c798859d8d50d0ccb4c513228b89e2bb7aae6,"Real sih ini, sy user wuling cloud. Penggunaan dalam kota klaimnya sesuai sih, tp cobalah main ke luar kota, speeding dikit2, dr charge full di km 207, sampe km 379 sisa 42%. Means 58% untuk jarak tempuh 172km aja 😂. Buat saya no issue sih karena power yg d keluarin tentu juga lebih besar untuk speeding. GBT juga no issue sih, tinggal beli converter beres. Pilih wuling cloud karena nyaman dan handling nya yg pas.",4,2024-09-19T07:42:22Z,2024-09-19T07:42:22Z,2026-09-27T14:02:11.248425+00:00
Ugy7XlcP-ZvJcRhNpiB4AaABAg,jL5p1zZMNEM,9d5ab3940b48922f81b2359e0f9cc49c5de13b326ad5f9bc2949a73ef0611598,"Hasil tes sampai baterai habis
Menit 42:51

CloudEv = 414,7 km
MG 4 Ev = 430,9 km
Omoda E5 = 467,9 km",28,2024-10-01T13:16:04Z,2024-10-01T13:16:04Z,2026-09-27T14:02:11.248425+00:00
Ugz5FFcsOj2tIJpFidR4AaABAg,jL5p1zZMNEM,49d5a000c0616f5770b23688b64926593f33999d003fed6921437616eb36307e,"Kalo memungkinkan, next coba pakai mode standard dgn kecepatan rata2 di tol 70 - 100 km seperti pemakaian normal pada umum nya.
Jadi bener2 mencerminkan kondisi pemakaian normal 🙏🏻",6,2024-09-19T15:37:26Z,2024-09-19T15:37:26Z,2026-09-27T14:02:11.248425+00:00
UgwHdIPncXDj7TeoYSV4AaABAg,jL5p1zZMNEM,a81ab3274f44cf321a285e8d7e2cf2da5749a70a2fba9944340ec0459ad50d5d,"Semua Reviewer mobil sudah nyoba tol Jawa,...Coba test mobil listrik di tol Sumatera. Baru ini yg namanya challenge bangett",4,2024-09-19T06:52:28Z,2024-09-19T07:10:44Z,2026-09-27T14:02:11.248425+00:00
UgzuYxiuaqLimKN4e8F4AaABAg,jL5p1zZMNEM,2e95e0bbcf8fba363bd464a21eb6031cb764e316aa2b51fe0dc95813bdb7064e,udah tes drive semua hasilnya MG4 EV the best,2,2024-09-19T11:19:21Z,2024-09-19T11:19:21Z,2026-09-27T14:02:11.248425+00:00
UgwqbkmrOlW28zlxmjF4AaABAg,jL5p1zZMNEM,7564d7df770fed9052d2c31e1f7669301d81039c25c1078e2a7c89b8e06de663,ko pure ada warna grey?,0,2024-10-17T04:06:23Z,2024-10-17T04:06:23Z,2026-09-27T14:02:11.248425+00:00
UgzFnb3pzTeuQCW4lU94AaABAg,jL5p1zZMNEM,9b5d27cd3bc22165c8418d0c11c08c285db4d87e37717894e0bbe2dde3e07e79,Seharusnya di rotate dua kali. Berat badan beda,0,2024-09-26T10:51:52Z,2024-09-26T10:51:52Z,2026-09-27T14:02:11.248425+00:00
UgwoNDIW3BjjGs5QZOV4AaABAg,jL5p1zZMNEM,74c408069c7c70af1426460a731af108c9d08cd0cee3ba3fc82a644ca28fc3bb,semoga nanti semua spbu ada spklu,1,2024-11-08T09:46:14Z,2024-11-08T09:46:14Z,2026-09-27T14:02:11.248425+00:00
Ugw7s6ibGlFCkbGE7t54AaABAg,jL5p1zZMNEM,ffdef580065c35972126269ee25627234d2d44e8977a952876410603d137b0a0,"Ambil unit MG4EV di GIASS 2024 lalu buat anak setelah nyoba produk2 pesaing di harga yg kurleb sama, sejauh yg saya coba mobil ini ""worth to buy"". 

Yg sangat impresif ya handling-nya, berasa bawa mercedes suspensi-nya, kuat dan gak ada bunyi kriyet2 dari dashboard atau bodi macam merk mobil yg sdh lama exist di Indo, harga gak murah tp tetap saja ada cacatnya.",0,2024-10-16T08:25:54Z,2024-10-16T08:25:54Z,2026-09-27T14:02:11.248425+00:00
Ugwohf4WwWxbwwcd0fl4AaABAg,jL5p1zZMNEM,a95b7296b13937657f94506c7c61af76d71a4b4f6048fb8287f013b0fb3a1aa8,Kalo everage speed 100 kmh paling cuma 350 km range nya,0,2026-02-17T10:58:04Z,2026-02-17T10:58:04Z,2026-09-27T14:02:11.248425+00:00
UgzkXb8JvRHCyJJ5Sz94AaABAg,jL5p1zZMNEM,f8c2848f9e5b00f8730d25d1bb4d718c3313b58048e752a40658c133ddf67dc3,Wuling garansi lifetime tp harga mobilnya overpriced. Berasa dikibulin krn ternyata biaya ganti baterenya dibayar di depan 😅,23,2024-09-19T06:28:57Z,2024-09-19T06:28:57Z,2026-09-27T14:02:11.248425+00:00
UgxFInfuXuLmlbg2OI14AaABAg,jL5p1zZMNEM,dc5f14dd18d720b3f9bd98332571854f80695c2d97f5ce3c5836654b15642e95,Kurang byd dolphin,0,2024-09-19T04:49:59Z,2024-09-19T04:49:59Z,2026-09-27T14:02:11.248425+00:00
Ugw2jpjnx5c6G3MhJVd4AaABAg,jL5p1zZMNEM,12c6013e1bb33d61b893fa79ca0ae5d1c484b11e497de2f3248c27d8b9f72135,Jadi penasaran Omoda E5 vs Atto3 vs M6.... Mobil kelas berat semua...,0,2024-09-30T11:07:47Z,2024-09-30T11:07:47Z,2026-09-27T14:02:11.248425+00:00
Ugya-O6OtJ-rVXoIGnZ4AaABAg,jL5p1zZMNEM,4cbc398582a32e88e8df636614e6c6f71fd9056e762c825f5effbb3a5d3b277a,"Harusnya tesnya jgn 3 mobil mulu, kan byk mobil EV ada NETA ada BYD ada SERES ada ZEEKR, biar kolosal gitu.. Pasti viral",2,2024-09-21T18:04:39Z,2024-09-21T18:04:39Z,2026-09-27T14:02:11.248425+00:00
UgwUA-iCZhpuX5D8jPd4AaABAg,jL5p1zZMNEM,c504441df67a6551a7f421a5a9eac96bfa75889dc25e4cad4d4cc2fd31564f92,Omoda Emang kuat Batrenya.,0,2024-09-19T04:45:55Z,2024-09-19T04:45:55Z,2026-09-27T14:02:11.248425+00:00
Ugwaqx6At5fXms3YGeh4AaABAg,jL5p1zZMNEM,eb1846e798714b5fe6702cdfb856bd41a203e81d1960111c7be002ba6636e7f1,Sewa towing berapa tuh?,0,2024-10-16T08:04:52Z,2024-10-16T08:04:52Z,2026-09-27T14:02:11.248425+00:00
UgxMJB3sPWV_DVuIdch4AaABAg,jL5p1zZMNEM,c57b8a83e74be3f95cd61ea8809038a3b4fb923dc64233aeb9365f9c76dc8f1f,carwow indonesia,0,2025-04-30T06:14:33Z,2025-04-30T06:14:33Z,2026-09-27T14:02:11.248425+00:00
UgxZHhCFJIrCh-3DBoR4AaABAg,jL5p1zZMNEM,4c3cea527598808a80567dae7824f4cf0215250d5828db036bb0a9b95cb92a4f,Untung walkie talkienya ga meledug 😂,0,2024-09-20T11:38:50Z,2024-09-20T11:38:50Z,2026-09-27T14:02:11.248425+00:00
Ugz_KFapBG2KykuOrkx4AaABAg,jL5p1zZMNEM,d25fab6f4d6ed51bdcb795332b66d8d62ea5aa801eb9f48a2ffc1424bd0445fb,"teman wuling ev pemakaian godean sd kota jogja. diluar itu misal keluar provinsi pakai mobil bbm. dan saking jarangnya pergi jauh, sekarang jadi super hemat. memang baiknya punya 2 jenis mobil. bbm sma ev",9,2024-09-20T06:15:23Z,2024-09-20T06:15:23Z,2026-09-27T14:02:11.248425+00:00
UgzqaQmA7s-fo7GP_b54AaABAg,jL5p1zZMNEM,36d4c02cb96350eed3a79ff79bd89bf872cc57d3a0466a861c67a1d34a3d5a3a,"Kalo nguji itu jgn irit2an tp pemakaian normal aja, kalo sepi ya ngebut",0,2025-01-10T09:05:21Z,2025-01-10T09:05:21Z,2026-09-27T14:02:11.248425+00:00
UgwxPGQZkmajSpa0App4AaABAg,jL5p1zZMNEM,e66511b564127329c1eb6d5bd50cb55f253e238aa690ef3a63369085aa52caf8,Byd kok g ikut bro...,0,2024-09-19T05:34:49Z,2024-09-19T05:34:49Z,2026-09-27T14:02:11.248425+00:00
UgzIEYEl5GZBczQ3JvZ4AaABAg,jL5p1zZMNEM,bcc7950f0dfc1518f7061edefafcd4839497a38ed6d48cf6d5dea1d1890d83c6,"Coba mobil towing nya ada fasilitas isi daya nya juga, jadi sambil gerak diangkut, sambil isi tenaga",0,2024-10-05T04:10:19Z,2024-10-05T04:10:19Z,2026-09-27T14:02:11.248425+00:00
UgwGdZZpC0ePuvG9fIx4AaABAg,jL5p1zZMNEM,39972707cf7d2dc078d3fcb96abdb952d2435c6f382c6ab58d2b661c616648a8,"Nice test. Tapi test yg paling susah adalah TEST Penurunan Prosentase kesehatan baterai setelah sekian ribu km. Justru ini yang sangat penting. Ibarat ini umur mobil sesungguhnya. Btw sy masih percaya baterai produksi byd masih terbaik.

Btw katanya omoda pakai baterai buatan byd. Betul gak sih?",2,2024-09-19T10:43:37Z,2024-09-19T10:43:37Z,2026-09-27T14:02:11.248425+00:00
UgzDz839OEtixaHjpBZ4AaABAg,jL5p1zZMNEM,b67cf8d47212a46fddf83c7d68ee3afc7cdf2e5cb9cc37f4291932b562d7a071,2 SGMW group vs 1 Chery group,2,2024-09-19T14:32:40Z,2024-09-19T14:32:40Z,2026-09-27T14:02:11.248425+00:00
UgxMrqAPqNXPwCpawP94AaABAg,jL5p1zZMNEM,9ae6d99261c72ec08b37db6ad4ce4cfcb2d353b709aa2d49738b17ecaaadf8d6,"Terima kasih moladin untuk komparasinya 🎉 👏😊
Dengan ini jadi yakin ga akan pilih wuling sama sekali mau Air, Binguo, sama Cloud pun 🫡

Alesan paling pertama dari chargeran nya GBT ga bisa di SPKLU PLN.
Yg kedua semua settingan mobil udah pindah dilayar tengah, ga ada tombol fisik lagi.
Yg ketiga bikin khawatir dibawa keluar kota karena di video tes ini aja hanya 2 orang di dalem mobil + barang tapi abis batere duluan, gimana kondisi real konsumen yg pake bawa keluarga full... Dan balik lagi karena chargeran nya GBT jadi ga bisa charge di SPKLU kalo emergency 😩🤣",12,2024-09-19T09:06:07Z,2024-09-19T09:06:07Z,2026-09-27T14:02:11.248425+00:00
UgzVgkcLo1c0NoFUBUt4AaABAg,jL5p1zZMNEM,1200efe4f7482f2754eeb7881f92f7fba4f10004211bf831e76103ebcb2bab99,review EV setelah 2 tahun dong. battery health sisa berapa?,0,2024-09-20T09:49:43Z,2024-09-20T09:49:43Z,2026-09-27T14:02:11.248425+00:00
UgzSl_VXtNtBk02EPCN4AaABAg,jL5p1zZMNEM,c432f92df137f8235e04f38e84d1c94f7a1612ba669a1d41188826ef681c1ea2,Kok gak ada BYD,0,2024-09-19T08:30:53Z,2024-09-19T08:30:53Z,2026-09-27T14:02:11.248425+00:00
UgygZNs6Z8YyTsnw-ul4AaABAg,jL5p1zZMNEM,32cad8017a2fa44548034e21a84144335ba540bd8c18564a3cc8c4d16214e433,Kalau mobil listrik mesti dipikirkan istilahnya bukan di gas sih... Ayo diapa coba komen....,0,2025-04-08T18:31:12Z,2025-04-08T18:31:12Z,2026-09-27T14:02:11.248425+00:00
UgzKlChvZrvZi0hyCu94AaABAg,jL5p1zZMNEM,af1a8e82f466a0b576e54db102c1fa0f294ef45cd97c3124131db005f0f6afeb,"Bikin perbandingan EV murah dong under 300jt Air EV, Vinfast sama Neta",0,2024-09-19T15:53:42Z,2024-09-19T15:53:42Z,2026-09-27T14:02:11.248425+00:00
UgyacyckQS1_nv0rSNh4AaABAg,jL5p1zZMNEM,f124949f30f28e5a8635663863653862942a561490d8d034eecc8eb820f765db,Pernah baca2 jg bedanya omoda Electric varian atas dengan yang pure termasuk kacanya yang varian atas double glass ya. Betul kah?,3,2024-09-20T12:15:30Z,2024-09-20T12:15:30Z,2026-09-27T14:02:11.248425+00:00
UgySDPudTxmN0oJPYaR4AaABAg,jL5p1zZMNEM,e15c5fd7a4fe3367694ac0dbdbba0cdd52c0d4b95c874e01c20c3bdf4d2ce37e,9:45 plat nomer melayang 😂,0,2024-09-19T07:32:35Z,2024-09-19T07:32:35Z,2026-09-27T14:02:11.248425+00:00
UgzjEtyc7lJx4f8BWWN4AaABAg,jL5p1zZMNEM,caeaf51ce740997637d73d27bc3c38e055f78ab606997792d755fe352320e299,"09:15 beberapa mobil cina memang ga linear bang persentase nya

Ada yang 100 ke 50% nya lamaaa tapi dari 50 ke 0% nya kenceng 
Ada yang kebalikannya 

Mau ga mau punya molis cina antara main aman dengan ngecas sebelum batre nya nyampe 25% 
atau jadi pakar matematika buat offset persentase batre yg ga linear turun nya",1,2024-09-19T06:55:27Z,2024-09-19T06:55:27Z,2026-09-27T14:02:11.248425+00:00
Ugz53YnHTTqWL0p7NtJ4AaABAg,jL5p1zZMNEM,75da4dc451613e1eac1861e14d086b8a148c19dc2a656ab1326c78d444dbab72,Tes byd seal bang,0,2024-10-27T05:35:14Z,2024-10-27T05:35:14Z,2026-09-27T14:02:11.248425+00:00
Ugx7zBBhgvhmOOvwWA54AaABAg,jL5p1zZMNEM,9963c5407d21ad0b6fe93b379de835553b321a8381404a8012ebdd2b8df76a1f,2:30 wkwk bengong,0,2024-09-19T04:28:25Z,2024-09-19T04:28:25Z,2026-09-27T14:02:11.248425+00:00
UgwXIyzqXLiBZqYYf_94AaABAg,jL5p1zZMNEM,f96bf6e63326cb3a45526d4a2f5a99582d35650a799e0dcfa59e9e46acbed5cd,"Detik 31:55 , ternyata jakarta - semarang irit2an cuma makan waktu 3.5 jam ya.. normal juga (malah tergolong cepet itu jakarta - semarang 3.5 jam) nice test 👍🏾👍🏾👍🏾",0,2024-09-19T10:42:34Z,2024-09-19T10:42:34Z,2026-09-27T14:02:11.248425+00:00
UgyJjFyTrEHgGjFdj1F4AaABAg,jL5p1zZMNEM,6a3dbe69576017b1f2bfce0d81f5cc50a223b0ded23ea55bea38f9fee687967d,Woke ,0,2024-09-19T04:01:02Z,2024-09-19T04:01:02Z,2026-09-27T14:02:11.248425+00:00
UgyrjkcrGzsXiVIAa6R4AaABAg,jL5p1zZMNEM,4ba604813bcda836354b9c1231401d55f41c21c1dabbb5061aeec45d09d26072,"42:48
mg4ev 431km
omoda e5 468km
cloud ev 415km",6,2024-09-22T11:39:10Z,2024-09-22T11:39:10Z,2026-09-27T14:02:12.351850+00:00
UgyWZayrwx3-_5Xv2gt4AaABAg,jL5p1zZMNEM,9d921b662cc9414aed0d6b490c4dd0ab315297fcd8becd993d7aa17c94635cd9,"Sy udh ckup puas make cloud ev...
Nyaman...
Kl.soal jarak mmang sy plingan dpet real cmn 420an...
Sy bawa dari bandar lampung waykanan yg jrak nya 190an km,
Berangkat dgn batere 90% jarak sisa 410km nympe tjuan sisa 44% dgn jarak 207an...",10,2024-09-19T08:23:25Z,2024-09-19T08:23:25Z,2026-09-27T14:02:12.351850+00:00
UgxbauMaftif2ojIDlV4AaABAg,jL5p1zZMNEM,8490b900e82861b7343b4d2ea651e509a0f9e03e581dee4d0f0d2917c2391a00,"Perlu tes mobil listrik bgini di sulawesi dari makassar sampe Manado, atau dari Kendari sampe Manado, supaya pemerintah setempat dan PT. PLN Menyediakan infrastrutur yg proper juga untuk mobil listrik kayak di jawa, kita yg orang sulawesi msh mikir berkali kali utk beli mobil listrik krn pertama infrastruktur sepanjang jalan trans sulawesi gak ada charger atau informasi tempat charger yang proper kyk di jawa! Mungkin 10 tahun lagi klo pemerintahan support pembangunan infrastrur listrik masif di sulawesi dan daerah2 luar jawa lainnya, karena potensi besar sebenarnya utk luar jawa karena costumer mementingkan efisiensi dan realible dlm pembelian kendaraan mrrk, jd ayo donk pemerintah bangun infrasturnya dan promosikan daerah mana saja yg siap ada chargernya gitu min",1,2024-09-20T01:07:31Z,2024-09-20T01:10:00Z,2026-09-27T14:02:12.351850+00:00
UgwZq9PL6dxgd0tRYoh4AaABAg,jL5p1zZMNEM,55d7ebceedc58c3379fa0bd0913ef589469c237901c7c8448b946ed7d7f3fa88,"Pilih wuling cloud karena mmg 1 1 nya dgn dimensi yg luas dgn bagasi super dan kabin nyaman sih (terutama baris ke 2).
Tinggal sedia converter (13jtan) dan pnp utk android auto uda no issue.
Apalagi selisih 100jtan dibanding yg mepet2 dimensi nya",1,2024-09-19T18:19:06Z,2024-09-19T18:19:06Z,2026-09-27T14:02:12.351850+00:00
Ugx_MHBh2dBlno6iAD94AaABAg,jL5p1zZMNEM,3cfbb249df5961fd54a8c7afebee437bd77b37a6a8b481820f39988963f87221,"Sy pengguna mg4 ev posisi mengemudi agak sport nyaman dan penggerak rwd jd gak msalah di tanjakan, g.c  jga gak masalah dan ternyata msh diatas gc sedan  dan jga baterai garansi lifetime juga.",2,2024-10-06T13:27:38Z,2024-10-06T13:27:38Z,2026-09-27T14:02:12.351850+00:00
UgxVVZdI8_BtKJ1djcR4AaABAg,jL5p1zZMNEM,0b1f02466445d36cec0972c7f530411339f7617b571438b8297b315ff788eaa8,Kemungkinan faktor umur ev mempengaruhi ketahanan/kesehatan baterai juga walau sama-sama di kondisi 100%,0,2024-09-19T04:13:19Z,2024-09-19T04:13:19Z,2026-09-27T14:02:12.351850+00:00
UgxKuLrySvNZ5CBsbHx4AaABAg,jL5p1zZMNEM,fda34d5bb9a8eee311ad0b624c8ec7842e0cec6943895d3ddf340e5b834f7232,Sekali kali ngajak berkendaranya dari jakarta ke sumatera. Jangan tol trans jawa terus. Refresh bos,0,2024-09-19T08:58:30Z,2024-09-19T08:58:30Z,2026-09-27T14:02:12.351850+00:00
UgxSCXXD9jcF0XS8ez94AaABAg,jL5p1zZMNEM,82994e4065b621cab3c3cbf9c2ea26310f72458eb67bcf0fd26053a68354e37e,😂😂😂😂😂,0,2024-09-19T04:05:14Z,2024-09-19T04:05:14Z,2026-09-27T14:02:12.351850+00:00
Ugy-qZtkuJqlPEQIIkR4AaABAg,jL5p1zZMNEM,7d581fb48878dd19e08b3e11977fb53cd2ed300aa1f31e117ecc91a753bb2b13,37:12 drama menjelang exit tol. Apakah mike bisa lolos?,0,2026-05-28T04:55:35Z,2026-05-28T04:55:35Z,2026-09-27T14:02:12.351850+00:00
UgwHJxKojIiEoRYw9fF4AaABAg,jL5p1zZMNEM,b491de7d6a2d6e3ca2cf19759240c95ca5182c43e65660fdd810a65a302c19f8,Binguo apa cloud,0,2024-09-19T14:06:20Z,2024-09-19T14:06:20Z,2026-09-27T14:02:12.351850+00:00
UgyLIUhjNTteocoEXQd4AaABAg,jL5p1zZMNEM,1f6741f500064281c1f1d66c9d7114fee04e559002a89cd891269c2ba5829eda,komparasi lcgc donk hahaha,0,2024-09-19T11:06:51Z,2024-09-19T11:06:51Z,2026-09-27T14:02:12.351850+00:00
UgymQOjR7W_NS_qvOJd4AaABAg,jL5p1zZMNEM,960a9c9eca0988b91b6caf4a944dcdde5aac083971dbe80c386aaa2aaff33ed3,Wuling juara garansi seumur hidup,0,2024-09-19T05:53:28Z,2024-09-19T05:53:28Z,2026-09-27T14:02:12.351850+00:00
UgxP9V2tEkftYv691a54AaABAg,jL5p1zZMNEM,5128fd0c494273da325450bcd6f74084a1b1bf2bdc85c266b2fbaf2ee8fca192,"Saya apresiasi video ini serta semua ev yg ditest, maupun semua ev yg dipasarkan di Indonesia.
Tapi harusnya ada propaganda tipis2, agar orang2 yg katanya berduit merasa .... bila ingin membeli mobil EV.
Karena skema pajak nya sungguh tidak berkeadilan sosial.
Disatu sisi pengendara mobil ev ingin terlihat prestisius, tapi PPnBM, PKB mereka bahkan lebih murah dari yg dibayarkan kendaraan ICE, misalnya pick up.
Padahal selama ini hingga kini pun, berbagai pajak PPnBM , PKB dan PBBKB tiap tetes BBM kendaraan ICE salah satu penyumbang perkembangan infrastruktur.
Apakah kemudahan bebas genap ganjil belum cukup? Ya, pemerintah bisa menginstruksikan semua hotel, plaza, bandara, rumah ibadah, universitas, kementrian dll.dsb.membuat tempat parkir ekslusif yg terlihat, sehingga kaum berduit itu bisa show off akan kendaraan mereka.
Terima kasih",0,2025-03-20T03:11:26Z,2025-03-20T03:11:26Z,2026-09-27T14:02:12.351850+00:00
UgzTjr6wB9Lxn-hFfmh4AaABAg,jL5p1zZMNEM,1a8e82c63f9a188510dec06b484a4a3c48d4ce73ccc38acb39889efb6f7491f3,"Untuk luar jawa paling pas untuk saat ini pakai plugin hybrid. Kalaupun gak ada spklu, pasti masih jumpa sama SPBU.",3,2024-09-19T23:33:24Z,2024-09-19T23:33:24Z,2026-09-27T14:02:12.351850+00:00
UgxFruSwEdJWR6KJ53p4AaABAg,jL5p1zZMNEM,60f44222e04b9ed5d5028fc95764448b2333989f3253a80f879e360223041e61,"Kurang fair sih. Omoda dapet 467,9km tapi ingat baterenya 61kWh, dibanding rival2nya yg cuma 50kWh dan 51kWh. Coba kita samakan aja, sama2 50kWh. Omoda 467,9km untuk batere 61kWh, artinya 1 kWh dapat 7,67km (467,9km / 61), nah jika omoda sama2 berkapasitas batere 50kWh artinya dalam pengujian ini omoda dapat hanya 383,52 km (7,67 x 50). Masih lebih irit mg4ev dan cloud ev yang baterenya 50kWh. Bukan begitu? Coba dikoreksi, siapa tahu saya salah 🙏☺️.
But btw awesome review... Layak dapat jempol, karna effortnya 👍👍👍",3,2024-11-25T17:27:44Z,2024-11-25T17:31:28Z,2026-09-27T14:02:12.351850+00:00
Ugx5Y1DPMW5aDwHhCOF4AaABAg,jL5p1zZMNEM,6baf86c3a05f1be1d8becff0ab43fc27692893954ba998a7c2cf28fb25b603f7,Cuma dapat 200km kalah sama Panther,0,2024-10-24T03:42:43Z,2024-10-24T03:42:43Z,2026-09-27T14:02:12.351850+00:00
Ugx7iW5tJn-Qjf6_hnt4AaABAg,jL5p1zZMNEM,3bb7cf5c8fcbd20a6af5eededcf71c88706209c84cc942ed4f215c8fbbf5056b,Byd m6 knapa gk ikut,0,2024-11-06T06:53:19Z,2024-11-06T06:53:19Z,2026-09-27T14:02:12.351850+00:00
UgyDKmAOL6Bj_T38c1B4AaABAg,jL5p1zZMNEM,8737d5f341f74f88636d150711c163a185e774887d27af04f704a39ad743fcb8,Bang tolong komparasikan omoda e5 sama hyundai ioniq 5,1,2024-10-10T06:44:53Z,2024-10-10T06:44:53Z,2026-09-27T14:02:12.351850+00:00
UgwLlRunzjHUkWn20Cx4AaABAg,jL5p1zZMNEM,15d60796557f06666bbe8b9ea9b39c8454bb43b693eef87e137743690b19d618,"Berharap challengenya di sumatra, kalimantan, atau sulawesi biar lebih seru dan menantang, soalnya sudah ada youtuber yang pengguna molis di kalimantan dan sulawesi",0,2024-09-19T12:01:49Z,2024-09-19T12:01:49Z,2026-09-27T14:02:12.351850+00:00
UgyMT5q8OGbbBERn3CB4AaABAg,jL5p1zZMNEM,def341777cc57c91b25a932afb2a75c720f89cd87cfb7d37f33097a05c6c9806,Btw E 5 pure lagi diskon jadi 405an… 😁😁,0,2024-12-12T05:46:32Z,2024-12-12T05:46:32Z,2026-09-27T14:02:12.351850+00:00
UgzGsysG__H-R4SThtZ4AaABAg,jL5p1zZMNEM,669c29170fee82a481168443ecb37bb53dcd815c9953a01ebfd3bcdb96a194a6,"gw tuh heran orang udah tau spklu masih sedikit, cm ccs2 jg...ditambah udah banyak dibilang mobil listrik cm buat dalam kota untuk saat ini, masih aja review mobil dipake buat jarak jauh....g sesuai peruntukan ya pasti kecewa lah, ini kan sama kayak hp smartphone awal, yg harga mahal gila, cm sinyal 2G, internetnya lemot bgt, di kota kecil/desa g ada sinyal, sms harga 350 per pesan, mobil listrik lagi pada tahap ini jadi ya sesuaikan aja ekspektasinya bahwa ini bukan mobil buat mudik jarak jauh ato mobil touring",0,2024-09-21T13:09:02Z,2024-09-21T13:09:02Z,2026-09-27T14:02:12.351850+00:00
Ugz_hWFp2NHKtRlJ8Y54AaABAg,jL5p1zZMNEM,37d52b2793e4fae067989d96095c5630e9053bac986918de254c05b6db9bc945,"selama pakai mg4ev jakarta solo jogja sudah 2x, aman bgt si, charge di tiap rest area udah fast charging..

dibanding cloud yg susah cari colokan fast charger nya.. 😊",38,2024-09-19T04:45:25Z,2024-09-19T04:45:25Z,2026-09-27T14:02:12.351850+00:00
Ugxs7-G9B_3dkcPTeBB4AaABAg,jL5p1zZMNEM,e4b3309c9f6632d09d35d6c4fca2003b7ce5d3e6a77b9eb22710ea06cb92293f,Meskipun sdh di planning mau charge di mana di mana trus SPKLU nya yg bermasalah ... buyarr sudah planning nya dan bs keringet dingin kalo benar² gk bs nge charge trus charging station selanjutnya jarak nya jaohhh dan jumlahnya dikit ... siap² misuh² 😂,3,2024-09-19T07:47:48Z,2024-09-19T07:47:48Z,2026-09-27T14:02:12.351850+00:00
UgzOxkiMQH0WMYoxV6h4AaABAg,jL5p1zZMNEM,2fe8b2add025ef5fccda438264ebeae4f216db39027c0952ef477584e17179e5,sayangnya ga ada BYD atto 3,7,2024-09-19T06:46:19Z,2024-09-19T06:46:19Z,2026-09-27T14:02:12.351850+00:00
Ugx7Bu6LA0PN2jRsDZV4AaABAg,jL5p1zZMNEM,0533f7f58ae2d7787dff53c7c4ae6a8fc76f5a2f691271acf7bb5ca11965cbde,"Gangguan Kejiwaan,.. wkwkwk",1,2024-09-19T06:45:02Z,2024-09-19T06:45:02Z,2026-09-27T14:02:12.351850+00:00
Ugyx1mPr42xVMN-D4ZF4AaABAg,jL5p1zZMNEM,d6bbb11e56e6caff1f8983634679baaee579a5d47d3298d3a5498a98a0496cce,Gw masih berfikir mobil listrik itu ribet,0,2024-09-24T05:55:01Z,2024-09-24T05:55:01Z,2026-09-27T14:02:12.351850+00:00
UgwU2XYdMowx_NO25RZ4AaABAg,jL5p1zZMNEM,56e6c8e5e8d9afa513b8936d4f70340da90064e5f82fec676778f0c7779bc61f,Neta mana Neta??,0,2024-09-19T15:09:44Z,2024-09-19T15:09:44Z,2026-09-27T14:02:12.351850+00:00
Ugy3GkMMykPJaGX9AKV4AaABAg,jL5p1zZMNEM,416112d182add00d5251f5c57ed2f3f800b7db56324e0345d773e453bb2f5551,Ga bawa genset kah???😂😂,0,2024-09-19T07:54:07Z,2024-09-19T07:54:07Z,2026-09-27T14:02:12.351850+00:00
UgyOOSEGW0N7w9D3JkN4AaABAg,jL5p1zZMNEM,e4ca8b633af49b0285d4c317a397ba243179cf7c1161ea4d5b1d35dd234a5e0a,Kenapa tidak diikutkan BYD? Serta BYD blm ada uji rangenya,0,2024-09-19T07:02:22Z,2024-09-19T07:02:22Z,2026-09-27T14:02:12.351850+00:00
Ugz7sZSHqrxcvt9pYGJ4AaABAg,jL5p1zZMNEM,cf73db91b981df09fcdbbeb2ddd2820675fae0b3a571bfc2796f467b034806de,Ngak adil baterai  chery 61 kwh lawannya di angka 50 an semua😂,1,2024-09-19T12:22:17Z,2024-09-19T12:22:17Z,2026-09-27T14:02:12.351850+00:00
UgzBAeJixGRPhyNRjTt4AaABAg,jL5p1zZMNEM,798402ee61c47c980a977661a38201c5ad22347bf055150da729d284b278d2c9,Lho kok Eco+ nya Cloud (80km) malah lebih pelan dr Binguo (105km)??,0,2024-09-20T06:42:22Z,2024-09-20T06:42:22Z,2026-09-27T14:02:12.351850+00:00
UgxyEz02UG3Nzq3fBIx4AaABAg,jL5p1zZMNEM,162b94c9eee2ef957999252b0812ef4a1b44798f10b076b0626916c943d9e9f7,Saya pilih VVuling Cloud,1,2024-09-19T04:29:19Z,2024-09-19T04:29:19Z,2026-09-27T14:02:12.351850+00:00
UgyfJT4jWqJb6A5ClXV4AaABAg,jL5p1zZMNEM,dfed587e9dc9669d05c641a10fc412c6ff8ed3db8ebcc8549bebc52df9482b3d,"Zaman makin cangih masih aja pake HT, pake WhatsApp lebih jelas ngobrol nya gak perlu ganti2an",0,2024-09-23T07:21:10Z,2024-09-23T07:21:10Z,2026-09-27T14:02:12.351850+00:00
Ugy5cN0S6CA8CsoAX1V4AaABAg,jL5p1zZMNEM,f8c2848f9e5b00f8730d25d1bb4d718c3313b58048e752a40658c133ddf67dc3,BYD knp ga ikutan :(,8,2024-09-19T05:54:44Z,2024-09-19T05:54:44Z,2026-09-27T14:02:12.351850+00:00
UgxVGCjI17GbTA6NaOR4AaABAg,jL5p1zZMNEM,a8659a889dc221baea8ac1efb34be63dcc47961fa0b4884b67eb44c6df526a7e,"lempeng banget si mike ""ya sekedar update, nanda udah mati duluan di kendal""
hahaha",0,2024-09-21T23:24:20Z,2024-09-21T23:24:20Z,2026-09-27T14:02:12.351850+00:00
UgyVRm-ggrUF-v6sgjZ4AaABAg,jL5p1zZMNEM,e4780137fc7821663e0730b8a17e8193ba0a6b98545f4f8a65c5d13f38dac56f,Motor sekarang sudah mulai dikonversi sementara kalau mobil dikonversi nanti Seperti apa jadinya ya,0,2024-09-19T05:08:08Z,2024-09-19T05:08:08Z,2026-09-27T14:02:12.351850+00:00
UgyDhY-ezbkXm7ri_Q14AaABAg,jL5p1zZMNEM,5d017cecaef3f250f0b96cc5b1c52568c29cab6264d165060db05eb373c46a66,kira2 kalo banyak yang mudik naik EV akan gimana yaaaaaaa wkwkwk,2,2024-09-19T04:32:03Z,2024-09-19T04:32:03Z,2026-09-27T14:02:12.351850+00:00
UgyKjqPvu0ACiyIDZp14AaABAg,jL5p1zZMNEM,2cb065b4b36b10a647c5a1148b58fde60757f7c494fa45a8f3f5bd5b4b066421,Kenapa sensor nopol biasanya tidak,0,2024-09-20T04:56:33Z,2024-09-20T04:56:33Z,2026-09-27T14:02:12.351850+00:00
UgzarxgnPTMnGtD7B1V4AaABAg,jL5p1zZMNEM,f6c327117dd3970ec7cc822342422df0de021060d20f9e7381beb39f491c58ab,"Trio reviewer mobil terbaik di Indonesia yaitu trio moladi/cintamobil ini!!maaf om fitra, om mobi, ridwan hanif dkk, trio moladin lebih baik😅",0,2024-09-19T08:02:55Z,2024-09-19T12:44:16Z,2026-09-27T14:02:12.351850+00:00
Ugx1MONnoeBsCO7OJkp4AaABAg,jL5p1zZMNEM,5ee6161f203b0d010e8b2d6db049de02c676e02b1947059388dddfeb8f9903c1,Kenapa salah satu BYD gak ada yg ikut ? Takut apa gimana ???,0,2024-09-19T05:04:39Z,2024-09-19T05:04:39Z,2026-09-27T14:02:12.351850+00:00
UgxXvUsll7s0QNt-qLZ4AaABAg,jL5p1zZMNEM,3fcb54b1fce53da2ed0346e0456382d7b0ffc3aa74f86ded48b1af6adfe2b8d1,"Coba dong moladin bikin komparasi EV pakai gaya nyupir yang natural, kalau di tol Jawa ya pasti 100 sampai 120 kpj. Kalau sengaja di hemat-hemat hasilnya akan sangat berbeda. Pengalaman saya pakai mobil EV BZ4X memang paling enak di dalam kota, karena kalau udah dibawa ke luar kota di tol dan harus kencang, baterainya habis cepet banget. Agak sedikit kontradiktif dengan kemampuan EV yg akselerasinya kencang tapi kalau untuk ngebut baterainya gampang terkuras habis.",0,2024-09-19T05:02:21Z,2024-09-19T05:02:21Z,2026-09-27T14:02:12.351850+00:00
UgyyOWO5FXAL8uxX12Z4AaABAg,jL5p1zZMNEM,bb741160320c6b371b9a7fa493073078e9ae860338ad555b72f8cd03dbc18495,Power steering mobil msh aktif gak tuhh kalo range battery tinggal 0 km gitu atau mobil listrik udh gak ada tenaganya?,0,2024-09-19T08:16:35Z,2024-09-19T08:17:41Z,2026-09-27T14:02:12.351850+00:00
UgwyROGLm9JpcoQngBh4AaABAg,jL5p1zZMNEM,78da35be906be6b76b1217bbcf92c3f9a910b001e02e3977ed984a2c48e85fb0,"mobil yang diginiin musti ditandain, karena pasti impact ke SOH batterynya karena di full discharge",1,2024-09-19T05:22:02Z,2024-09-19T05:22:02Z,2026-09-27T14:02:12.351850+00:00
UgzD_BM9M2vADUni-ud4AaABAg,jL5p1zZMNEM,a47b3b9a1a6f185fd3c0b8930123d12b91461de8140efbde0e61784a6f2f3424,Kok ga pernah bahas M6 byd,0,2024-09-19T05:35:28Z,2024-09-19T05:35:28Z,2026-09-27T14:02:12.351850+00:00
UgzFzjMDU9Q35DBAQtF4AaABAg,jL5p1zZMNEM,2904406f26df973f7f0a1ddc61cab4740d5a437581060f0a532f4473619d404e,"Issue paling krusial dari molis EV itu adalah BATTERY DEGRADATION, jadi kalo ngetes ya cari yg umurnya 3-5 thn up atau minimal cycle nya sdh 1000cycle up… Ya kalo ngetes EV baru sama aja bo ong lah om, pasti semua okay2 aja😂 Brani om?",1,2024-09-19T04:38:12Z,2024-09-19T04:38:12Z,2026-09-27T14:02:12.351850+00:00
UgxQDp5-37mtrUOfZXV4AaABAg,jL5p1zZMNEM,4cef059cc3c1a4f1600b372136c19dc0b9d93b85f3231ac2090f9c93436a0677,"Bagi yang nonton jangan sekali kali ngabisin sampe 0% di mobil sendiri ya, kalo sampe ada 1 cell yang bermasalah gara2 charge nya sisa terlalu rendah wasalam, memang garansi sih tapi ya ga usah menguji keberuntungan urusan batere 😅",0,2024-09-19T16:20:22Z,2024-09-19T16:20:22Z,2026-09-27T14:02:12.351850+00:00
Ugzv6Tb2emEVyRqYP_F4AaABAg,jL5p1zZMNEM,86dc889d427eb319d57b734c48328598778dbafd7cd41e415958013113c3ada2,loh atto 3 kok gak di tes? padahal yg paling laku itu,0,2024-09-21T07:43:36Z,2024-09-21T07:43:36Z,2026-09-27T14:02:12.351850+00:00
UgygrszBpp4iGlROxdt4AaABAg,jL5p1zZMNEM,1016c597fffa773930e48b77a39138fed7f42a65a82ccfe9c573166d9711e38a,Ev yg waranty life time merk apa ya?,0,2024-09-19T10:20:45Z,2024-09-19T10:20:45Z,2026-09-27T14:02:12.351850+00:00
Ugx-R2Fcj33Uzamuh4J4AaABAg,jL5p1zZMNEM,1aa5d68d2c3e044f3232085c47051656dad6ec30ca2c99fe2723bc94e84c4960,jadi dari mereka bertiga siapa yang mati duluan?,0,2024-09-19T05:31:27Z,2024-09-19T05:31:27Z,2026-09-27T14:02:12.351850+00:00
UgzzcFksxfk2KSKKkeB4AaABAg,jL5p1zZMNEM,8cdcddaa4443b9b68347379dcf7a98d396b9fb97310a9ff250c7843c28fa615d,Mana Atto 3 dan Kona EV?,1,2024-09-19T08:07:56Z,2024-09-19T08:07:56Z,2026-09-27T14:02:12.351850+00:00
Ugx2MxqtJEoR4PChBj54AaABAg,jL5p1zZMNEM,ba9b527c010ba98faee6cf7b965bd67f5953b405fc64b092880ce7cd728f4ac3,"Knapa mobil china semua,",0,2025-01-08T01:40:48Z,2025-01-08T01:40:48Z,2026-09-27T14:02:12.351850+00:00
UgwRz3Mcc9M5tK7Rc6p4AaABAg,jL5p1zZMNEM,45e5863551e9666b4e60eb32285be37ccdaceed0687a4592f1b55102d6eb8c5a,"Mobil listrik tetep aja ga bisa dibawa untuk luar kota jawa tengah Semarang Wonosobo purwokerto Yogya, Jawa timur Ngawi Lamongan Tuban malang Surabaya, karena disaat mudik lebaran jalan dari Jakarta arah Jawa tengah Jawa Timur macet perjalanannya,, masa iya batre mati di perjalanan di tol harus cari pengisian cas batre, mau sampe kapan perjalanan mudik sampai ketujuan, masa iya nginep di jalan tol gelap gulita,, tetep mobil konvensional lebih nyaman dan tenang untuk dibawa mudik luar kota",1,2024-09-19T07:09:17Z,2024-09-19T07:09:17Z,2026-09-27T14:02:12.351850+00:00
UgxsGzqhGR6qsM2tqYJ4AaABAg,jL5p1zZMNEM,c67d7971b3db322f88fd326621eeb6553ddfde2bee420a829a832ac55bd01a96,"Aduh ada pager meledak di libanon...kena malware, apa jadi nya beli mobil listrik kena maleware, auto loncat pindah alam? Ga Bahaya Tah....❤❤❤❤❤❤",0,2024-09-19T06:06:51Z,2024-09-19T06:06:51Z,2026-09-27T14:02:12.351850+00:00
Ugw9DP5QaccobncAX_N4AaABAg,O-vAYJNfQEk,07a14d2625f6c687610e8941dc8a86bafe4a48506761954323866722e5732c51,"Konten favorit gua di channelnya pa gub, abis abisin batre mobil 😂",30,2024-02-13T09:15:24Z,2024-02-13T09:15:24Z,2026-09-27T14:02:12.888906+00:00
Ugy8BidQkjfgq_TTevJ4AaABAg,O-vAYJNfQEk,0e47f26fbfb28037abfd8d67d4f41689c5b4cff77058aa1def6084bd906b785c,Suara air hujannya lbh hening drpd hrv 2022 😂,9,2024-02-13T10:47:18Z,2024-02-13T10:47:18Z,2026-09-27T14:02:12.888906+00:00
UgzASlnlHyeM-hFUV8p4AaABAg,O-vAYJNfQEk,cd4600c8867512ca0fd4e500c7707eaa43ec3cd888f23cc8a072e0533cd6b96d,"Nikmatnya jd tetangga pa gub, bisa liat mobil baru terus😊😊",20,2024-02-13T13:10:56Z,2024-02-13T13:10:56Z,2026-09-27T14:02:12.888906+00:00
UgzQVy_IhJdKfaY9kD14AaABAg,O-vAYJNfQEk,68545cfcaeb2a1f113f4171a2be71aa77e02228bf98a9682d1847b39f1eed798,Bulan kemarin di salip sultan klaten pakai wuling bingou di tol trans jawa (salatiga) 😂😂,2,2024-02-13T10:09:37Z,2024-02-13T10:09:37Z,2026-09-27T14:02:12.888906+00:00
UgxfackNp6y4qE8prFN4AaABAg,O-vAYJNfQEk,07fba6af04471a8f6a1904af2bf9c83bcf6bb47a8c4150f4d9c827f1963e10d1,Ayo segera tayangkan epic journey ber3 bersama om fitra & om mobi.,5,2024-02-13T10:37:14Z,2024-02-13T10:37:14Z,2026-09-27T14:02:12.888906+00:00
Ugz2XDNU_V43jVCJAtZ4AaABAg,O-vAYJNfQEk,7c158df81c0901f338829d9a7916adb4d7879cc5ca6de45de16a6be5748503d1,"sebelum umroh full kerja ini mah beberapa video sebelumnya masih berambut,. sekarang pulang umrah udah botak,.😅",65,2024-02-13T09:17:35Z,2024-02-13T09:17:35Z,2026-09-27T14:02:12.888906+00:00
UgwRVoXiT-5J40VVhF14AaABAg,O-vAYJNfQEk,12cbd7800d09f4da5fa68017b280bc08ab35d8d16ecc07c37e30fd28436d6494,Ahhh payah ini mobil gagal nanjak.. Sdh di test tanjakan stop and go sama Moladin... 😢,3,2024-02-13T09:38:48Z,2024-02-13T09:39:01Z,2026-09-27T14:02:12.888906+00:00
UgwO6QfF-aE3PtqV7sd4AaABAg,O-vAYJNfQEk,ad9077666e3b831f84f3ad34135e350f21599b159d0337fbcf94a5e22248f10a,Bg test bingo ke arah purworejo lewat perbukitan menoreh arah nanggulan kenteng bs nanjak gak tuh mobil,6,2024-02-13T11:00:47Z,2024-02-13T11:00:47Z,2026-09-27T14:02:12.888906+00:00
UgzXUUbQEwyOdD655a14AaABAg,O-vAYJNfQEk,a80443912c409f93688da475bd0b3623efc07641aa96fcaa09347eb3485c8501,Untuk yg mau lihat tes nanjak mobil wuling ev udah dites canel moa*din,1,2024-02-13T15:14:22Z,2024-02-13T15:14:22Z,2026-09-27T14:02:12.888906+00:00
Ugwap31uL6VpuDnxB2J4AaABAg,O-vAYJNfQEk,4a97c7a4f613f3225183ffdad087a94a9832b06bfb45bdbb4049dafae5d96255,mantap kang ridwan,4,2024-02-13T09:02:53Z,2024-02-13T09:02:53Z,2026-09-27T14:02:12.888906+00:00
UgyNmYKJBUEMBjPoqBt4AaABAg,O-vAYJNfQEk,acd178948907b17d4f70c02b2a05bc342d98189a58aa62677991ad19766f4941,Mana nih konten elsa si L300 lama bener,3,2024-02-13T09:26:43Z,2024-02-13T09:26:43Z,2026-09-27T14:02:12.888906+00:00
UgyeloP-9J6c38zZ1it4AaABAg,O-vAYJNfQEk,5e468e99d361961ac0ed18e566f833a09107b53a3816e8b31e13767a921c45e3,Luar biasa review nya bang Ridwan. Sangat objektif dan berguna buat kita semua. Review paling netral dan positif ini top,0,2024-02-14T11:35:00Z,2024-02-14T11:35:00Z,2026-09-27T14:02:12.888906+00:00
UgyiH8F3wCR81edLxwF4AaABAg,O-vAYJNfQEk,d69be4449ad6cbd0a8ac5a8c6dd48a63656fab307a1d692682821161a6a775db,Selalu bermanfaat kalo ngonten... Mantap,0,2024-02-22T06:05:16Z,2024-02-22T06:05:16Z,2026-09-27T14:02:12.888906+00:00
UgwqRNDPNKWxPicdqbl4AaABAg,O-vAYJNfQEk,200040f1e82ba6c34905b0a99b8b1f2565c3787ba68b082435f77737f8f61de3,"Mobil keren dan asyik buat luar kota, luar biasa biasa sampai 400km",0,2025-08-07T11:36:43Z,2025-08-07T12:00:04Z,2026-09-27T14:02:12.888906+00:00
UgwUELErfqAAASEoLlZ4AaABAg,O-vAYJNfQEk,cd357872fae52b16b90cc163a267e2847085fdeb45119ad5185f1aa7043f8fac,Nah ini yg d tungguu,1,2024-02-15T06:00:58Z,2024-02-15T06:00:58Z,2026-09-27T14:02:12.888906+00:00
UgzwaDkN3JqnRHHSGJ14AaABAg,O-vAYJNfQEk,67add4b7de128ae7a86f45c35c3bae27aff54efd83ca112cdd5de7fc12f57bd0,"Regenerative braking emang hanya menyerap kembali energi kinetik ke energi potensial lagi, mirip2 sama retarder pakai medan magnet, jadi ga kebuang sia2 ke panas akibat rem biasa dan rem juga ga gampang blong akibat panas berlebih.",18,2024-02-13T10:43:20Z,2024-02-13T10:43:20Z,2026-09-27T14:02:12.888906+00:00
UgyycQTlBggEbh5EnGh4AaABAg,O-vAYJNfQEk,5dc08507104239b0ce3afee36d802575f3e86cf3bc6cb463c3433d86bff53dbb,Yg di tunggu akhirnya,0,2024-02-13T12:16:49Z,2024-02-13T12:16:49Z,2026-09-27T14:02:12.888906+00:00
Ugyum9jEoEjyOO2h3fx4AaABAg,O-vAYJNfQEk,07c73b0230ea6091af3cfac07f1f55e3411f234b8712371c1e6b619c7201543d,Nunggu loncing harga si dolpin dulu baru nimbang si bango ini.,1,2024-02-13T09:46:54Z,2024-02-13T09:46:54Z,2026-09-27T14:02:12.888906+00:00
UgzIm9ZyE313rD63KQd4AaABAg,O-vAYJNfQEk,4274153ab545097f0326d85abadb79276fd2352fd611b13338be21ecbe297466,"Test mobil listrik via jalur Selatan jakarta - klaten, atau sebaliknya bagaimana perbedaannya konsumsi baterai via tol Trans jawa dan Non Tol.",2,2024-02-13T17:18:13Z,2024-02-13T17:18:13Z,2026-09-27T14:02:12.888906+00:00
Ugzt1QQEGBDIsGL4uch4AaABAg,O-vAYJNfQEk,d6db1710a726f6b75a2261d16a1da29dcf84ad04acd8dad9fbe11f78f3373036,Informatif dan mencerahkan,1,2024-02-13T09:44:46Z,2024-02-13T09:44:46Z,2026-09-27T14:02:12.888906+00:00
UgyzLI_qMz-wusdLD2t4AaABAg,O-vAYJNfQEk,b491de7d6a2d6e3ca2cf19759240c95ca5182c43e65660fdd810a65a302c19f8,Mall hotel showroom dan area khusus kayak tempat makan dah ada juga,1,2024-02-13T10:44:27Z,2024-02-13T10:44:27Z,2026-09-27T14:02:12.888906+00:00
UgyUcWJMRBzzSYv0Xnh4AaABAg,O-vAYJNfQEk,34933770dc5ed2e891fc72e28080ebaef26a084cd73795329cbe76f54152af92,Tol bawen semarang pake mobil bensin bener lebih nguras bbm,13,2024-02-13T09:26:30Z,2024-02-13T09:26:30Z,2026-09-27T14:02:12.888906+00:00
UgwlPEW45NQV2tDt49h4AaABAg,O-vAYJNfQEk,a5911eeebd5408b1b5e0fa6a762e16c9d05543e54d5066e960ab4c39f53dbd30,Nanti beli rumah juga ah di solo tapi mobil kita platnya B semua...✌️😁,1,2024-02-15T14:42:05Z,2024-02-15T14:42:05Z,2026-09-27T14:02:12.888906+00:00
Ugxpg_5CFP_zRtYl2Ch4AaABAg,O-vAYJNfQEk,8cdf7e1d7a159013f8dad8601958f020d3b44bddaa666c392c8279c64d5c5ee4,BINGUO ❤❤,0,2024-04-19T17:38:19Z,2024-04-19T17:38:19Z,2026-09-27T14:02:12.888906+00:00
Ugy-AphLulvk8Mh-tuZ4AaABAg,O-vAYJNfQEk,43ccb639a608ebd501d00b3188b964b2dbe3b22ffe08981367f698e86e2ed8b5,Saya pakai wuling 410 cuma bisa 280 km dalam kota tapi bawa berat2 sih barang,0,2024-05-24T12:48:11Z,2024-05-24T12:48:11Z,2026-09-27T14:02:12.888906+00:00
UgwXuybxwxj1fudfaJx4AaABAg,O-vAYJNfQEk,a7854b7e678148eaf11a8911cd8b8da193a6e4845dc15d6a2324bd78709681fd,"Company claimed 410Km
Actual range is 375Km (Approx 91%)",0,2025-07-23T17:22:18Z,2025-07-23T17:22:18Z,2026-09-27T14:02:12.888906+00:00
UgwXUC15nFMJOgn8J0t4AaABAg,O-vAYJNfQEk,bbecf3068d741218c6b6ca83dc3becf12ccf079de4e1c0f91265227682769ba2,Kapan ya ridwan hanif di culik om fitra eri 😁,4,2024-02-13T09:09:49Z,2024-02-13T09:09:49Z,2026-09-27T14:02:12.888906+00:00
UgzlWcWBbaF9arLidTR4AaABAg,O-vAYJNfQEk,4dfd01a36fe491ad1721fa8e8ac960f3d91ffa47dbada705dadb31eecb440d52,Udah dites channel moladin ga bisa nanjak sedikitpun ni mobil 😢,1,2024-02-13T15:45:38Z,2024-02-13T15:45:38Z,2026-09-27T14:02:12.888906+00:00
UgxBlOmRHlyf3BHz1sR4AaABAg,O-vAYJNfQEk,a217943314d8afec101c25783cef971530f4f8ca7da13913bbab2a0da737d187,Baru 6menit udah lebih 300 orang yg nonton👍,1,2024-02-13T09:09:12Z,2024-02-13T09:09:12Z,2026-09-27T14:02:12.888906+00:00
UgzqEtssVRPMBU4a8iV4AaABAg,O-vAYJNfQEk,de7fb5ae13d8369d88e74f53518934fb733d6780d45215a600cd99960fcd35e9,"Test baterai sampai habis wuling binguo, sesuai espektasi",0,2024-02-13T14:36:05Z,2024-02-13T14:36:05Z,2026-09-27T14:02:12.888906+00:00
Ugxi4_h_Esgo6ALE1G54AaABAg,O-vAYJNfQEk,d49fb1473fc355065bb5fa096e4b664e4d9d0a91560bf7d9c32dc3079f492945,"harusnya sekalian di praktek in hubungi wuling gimana caranya dan jgn bilang dari mas ridwan, jadi anonim aja, mau tau gimana responnya wuling cepet atau lambat 😁😁",2,2024-02-14T06:57:03Z,2024-02-14T06:57:03Z,2026-09-27T14:02:12.888906+00:00
UgxEIpJokVGJL1hE3Jx4AaABAg,O-vAYJNfQEk,a35402b8b4808aa45bf29b0d2749e5d7a29006271ee9495ca41589ead7c0c4ec,"pertama comment, mantap",1,2024-02-13T09:01:34Z,2024-02-13T09:01:34Z,2026-09-27T14:02:12.888906+00:00
UgwqWFh07WfgXRB_DRp4AaABAg,O-vAYJNfQEk,38aa7f08defbda4d8d9ee6b2f50a0edcb3c3dbb58b0075b6f3fd2ef3d0c14f1f,Moga2 keluarin yg versi bbm nya .. Bentuk  eksterior nya bagus,0,2024-04-19T09:29:29Z,2024-04-19T09:29:29Z,2026-09-27T14:02:12.888906+00:00
Ugzykt2fYVWAkS6rABd4AaABAg,O-vAYJNfQEk,b3475d75d1b21f6a5b5740508c1323d7b965f5b0259c5e7036749304779c8e51,"Kalo pak gub mah gaada peniknya,, dikawal woyy 😂",1,2024-02-15T01:31:41Z,2024-02-15T01:31:41Z,2026-09-27T14:02:12.888906+00:00
Ugy2PybJP6Sqc-AZ3st4AaABAg,O-vAYJNfQEk,7d4ec87b00bcea2e5d35697a886ef87628c72cfbaa95c7dc3faf22e780fb1935,"udah bagus wuilng ini tapi port charging nya aja yang ora umum, semoga diganti CCS2",0,2024-02-13T12:10:59Z,2024-02-13T12:10:59Z,2026-09-27T14:02:12.888906+00:00
UgyGxoBUouyZNVyAsbt4AaABAg,O-vAYJNfQEk,5c8300e326f2f515ece1a83944a370a16f3f28754857a8449e67f6589daa8d61,"Pertama lihat binguo kesannya wah, tapi semakin ke sini biasa aja. Hanya opini saya saja ini",2,2024-02-13T10:49:03Z,2024-02-13T10:49:03Z,2026-09-27T14:02:12.888906+00:00
UgxVnAB_3B5dLJd6rA94AaABAg,O-vAYJNfQEk,ff73b3d5502d2795471b8fa78ed700ca1d5b3d5675288df805f2a6de4f003991,"Sering2 ngetes ampe abis, biar bisa cepet duluan bikin kontren claim garansi batre, 😅",0,2024-02-14T04:05:22Z,2024-02-14T04:05:22Z,2026-09-27T14:02:12.888906+00:00
UgzAN7tIOsJFbBwXXr54AaABAg,O-vAYJNfQEk,3b689b42bd08dedead8a2055258a1d59d9f3603c56339ad75ecfdb63921ddd2e,Oke tinggal tunggu epic journey,2,2024-02-13T09:57:42Z,2024-02-13T09:57:42Z,2026-09-27T14:02:12.888906+00:00
Ugyik3l8jS_tyUPTr6Z4AaABAg,O-vAYJNfQEk,4e07ab1e45f37bdfe4eb1db04945cc11b9d927055e77fd7b63c0b2c7f4d6aad4,Heading ke Barat..persiapan IIMS di kemayoran ya pak gub..hehehe.. sukses selalu,1,2024-02-13T09:20:34Z,2024-02-13T09:20:34Z,2026-09-27T14:02:12.888906+00:00
UgzuotD2umtrOCiPEoR4AaABAg,O-vAYJNfQEk,317c1ee86e631128513e6cdadd35b379a9a84cee45347741f5d7bb89dd99a2c4,"Mobil listrik saat parkir di luar terjemur matahari, rekomendasi kah menggunakan sarung mobil..?❤",1,2024-06-05T12:38:57Z,2024-06-05T12:38:57Z,2026-09-27T14:02:12.888906+00:00
UgzTdeQdgDsqoRvlquZ4AaABAg,O-vAYJNfQEk,aafbea55b1d155795ac5e0df63a6360a8e598e18e7692b51607544031173834e,"Binguo ini yang bikin ridwan menyesal uda spk, sebelum MG rilis harga",1,2024-02-13T13:51:02Z,2024-02-13T13:51:02Z,2026-09-27T14:02:12.888906+00:00
UgwZzYDLAaB5m5aKtyd4AaABAg,O-vAYJNfQEk,1930630565f851bac74bba03eea8e8736820d5067427a04dc466a40c862f4be7,"Dan sebenernya gapapa klo ga dapet jarak tempuh sesuai claimnya. Karena memang realita jalanan kan ga dengan kritetia ideal. Naik turun, hujan lebat, dll ya memang itu real kondisi jalan. Overall buat mobil seimut itu dapet 370Km+ sih udah mantep 👍",0,2024-02-15T13:04:03Z,2024-02-15T13:04:03Z,2026-09-27T14:02:12.888906+00:00
UgyUZAzeikoPY9T2Kh94AaABAg,O-vAYJNfQEk,f96dcc8379b4838397ca57fb0c28de854526f469e7da12d8ce5ddfe58a6acf39,"Pengujian di om fitra agak beda, 0persennya bsa 15km klo gk slaj",1,2024-02-13T09:49:56Z,2024-02-13T09:49:56Z,2026-09-27T14:02:12.888906+00:00
UgzT4rB9EsNu8pJDtrN4AaABAg,O-vAYJNfQEk,9d24f282c6c62be667b311f52d0564714f62c1c0da2580cba1827342c1defff0,Mantap,1,2024-02-13T09:01:45Z,2024-02-13T09:01:45Z,2026-09-27T14:02:12.888906+00:00
UgxZlFhsedciTxLV8yV4AaABAg,O-vAYJNfQEk,d16dcffaa4a2bf9fe703da77f4c358caf577a7165fdb28e804fe4ccfd8bfb301,BYD yg sy mimpikan😁👍kaga degdegan kan ada team😆,0,2024-02-14T03:18:17Z,2024-02-14T03:22:00Z,2026-09-27T14:02:12.888906+00:00
UgyM7T3NAqcP9GgdIgl4AaABAg,O-vAYJNfQEk,1f05420e1c6fa59f7ccc9261f7c9c327511249c566a00df906c26b003ec27883,"Apa bs di charger pake portabel power station kang Ridwan, untuk keadaan darurat",0,2024-02-13T13:05:18Z,2024-02-13T13:05:18Z,2026-09-27T14:02:12.888906+00:00
Ugxx0YEMQmlw-pCa4QB4AaABAg,O-vAYJNfQEk,02af30aaec9f870291c3e5ef6eb6ac3afaee49cc679da74b412695794d1c0d0f,"bang, sunvisornya copot dong kreseknya, nganggu pemandangan mobil mewah",0,2024-02-24T05:07:09Z,2024-02-24T05:07:09Z,2026-09-27T14:02:12.888906+00:00
UgyTolXkiO8cCsC3Nhd4AaABAg,O-vAYJNfQEk,9cc9f9672a693270c98247f9c35d6b7d88a39c9154247d8ef46d3d5c411fd01e,Sudah muncul lagi Wuling Cloud EV pak Sultan!,0,2024-02-16T01:05:40Z,2024-02-16T01:05:40Z,2026-09-27T14:02:12.898514+00:00
UgxWgRF90ynPlOtTv2h4AaABAg,O-vAYJNfQEk,6532a6763614384753ad0cdaa63d15b758c02d5d4092e14c0f1b1753de950537,Good job bang👌👍,0,2024-02-13T13:09:00Z,2024-02-13T13:09:00Z,2026-09-27T14:02:12.898514+00:00
UgyWv_NHttgg75L-h7h4AaABAg,O-vAYJNfQEk,33b9a05c20d63284ccd4ab97c9c5e76f39c0f16708d685a86021ae9fa9af75f5,"Masih penasaran nerobos banjir om, kalo bisa konten khusus mengenai perawatan setelah nerabas banjir 🙏😂",0,2024-02-13T15:37:00Z,2024-02-13T15:37:00Z,2026-09-27T14:02:12.898514+00:00
Ugwj5W9wCrl4ImNbTGp4AaABAg,O-vAYJNfQEk,4600b574447e767d6db8b92d2a13373cdeefd403598121bc5ca75a91409e6232,gak sabar nunggu abisin batre wuling cloud nih,0,2024-02-21T14:24:27Z,2024-02-21T14:24:27Z,2026-09-27T14:02:12.898514+00:00
UgxILRfDLHewrIxfi2R4AaABAg,O-vAYJNfQEk,7f175447b7a5bfed185046a3bc09db9ef51462ba2ccbad4f6f5827191de882cc,Lg menunggu om Ridwan mengetes habis baterai BYD dolphin,0,2024-02-13T12:59:41Z,2024-02-13T12:59:41Z,2026-09-27T14:02:12.898514+00:00
UgwH38Zf9FVPFsslEHV4AaABAg,O-vAYJNfQEk,1ffdd7b71d8b758ba2fda70c8489c5f6f1ac50efa1cd48b3043031f7decb71d5,"Wuling ini bener2 blunder kasih port GBT di mobil ini, beda sendiri dimana EV lainnya pakai CCS2 standar global🤦🏻",1,2024-02-13T14:17:35Z,2024-02-13T14:17:35Z,2026-09-27T14:02:12.898514+00:00
UgzzpfdE0nfPB3mqIRB4AaABAg,O-vAYJNfQEk,7094a79be7eead089553a370698927136efcc2f85206358f447f5210efb50cc2,cobain klaten - twangmangu pp dan bandangin konsumsi saat berangkat ama pulang nya,0,2024-02-20T07:49:36Z,2024-02-20T07:49:36Z,2026-09-27T14:02:12.898514+00:00
UgzPuXaeoBi1_sXkUmB4AaABAg,O-vAYJNfQEk,1b863f915c640117f2d62c9982fc9bad5ee9e7edb9048b3eff7f34125ac8a979,"Kirain power torque nya jauh lebih kuat dr air ev, ternyata dites isi 5 org nanjak dr stop, mode sport, malah mundur hehehe....",0,2024-02-14T07:55:29Z,2024-02-14T07:55:29Z,2026-09-27T14:02:12.898514+00:00
Ugx047O4jzIhqVpxSHd4AaABAg,O-vAYJNfQEk,e8c98be1364da78030dc2e41622a589107084dd49d6936f25ccac73ec5ae9997,Air ev long range bisa 360km ini binguo ev premium range 380km jd cuma beda 20km donk..,0,2024-02-13T15:58:43Z,2024-02-13T15:58:43Z,2026-09-27T14:02:12.898514+00:00
UgwjC8CGNfkO0qq3P6x4AaABAg,O-vAYJNfQEk,ef03adb57b56a847c4a451697c9e32aad095ceff66e85bf176d9e3f099b581ac,Masih agak ribet ya. Perjalanan ketambahan waktu 2-3jam buat ngecas. Rest area ke depannya harus makin proper lagi buat memfasilitasi pemilik mobil listrik. Atau ke depannya ada teknologi charging yg lebih mangkas waktu lagi. Kalau memang mau berubah semua ke mobil listrik ya. Karena efisiensi waktu.,0,2024-02-23T22:33:37Z,2024-02-23T22:33:37Z,2026-09-27T14:02:12.898514+00:00
UgyTnOCMhBw_B5lSlhJ4AaABAg,O-vAYJNfQEk,69c93486301006f1b26a2c89f694bef39d51cac5fd4646a283ad56fbda01c57e,Tegang dan penuh penyesalan,0,2024-02-14T14:12:34Z,2024-02-14T14:12:34Z,2026-09-27T14:02:12.898514+00:00
Ugwsbtx86haxPcp2M7R4AaABAg,O-vAYJNfQEk,dc7742fc761c034f7ad0fca5cb77785bbfc74626d83b6342fa35474232e8ce8c,Lucu ini mobil tuh cakep,0,2024-02-14T06:35:42Z,2024-02-14T06:35:42Z,2026-09-27T14:02:12.898514+00:00
UgxRA8nraQpNQFQDud14AaABAg,O-vAYJNfQEk,025c10c7ce40862889a34296de0198323790e41d0e1aa248b13740d9045ce950,"Kalau regen nya di buat ngisi batrai bisa ngk ya, ( mobil listrik habis di tarik sama mobil lain sampai listriknya  penuh)🙏🏻🙏🏻",0,2024-02-13T11:33:43Z,2024-02-13T11:33:43Z,2026-09-27T14:02:12.898514+00:00
UgzYez4Rks-6qpwBOHV4AaABAg,O-vAYJNfQEk,a8d64b39e5bf78e7f11ae860a8e642d01f7bbb5952c0e1fb72c5ca97c8072407,"Terlihat kecil, tapi tangguh juga",1,2024-02-13T09:14:56Z,2024-02-13T09:15:26Z,2026-09-27T14:02:12.898514+00:00
UgzcniJdmEglHau9GwB4AaABAg,O-vAYJNfQEk,ee34abcb93ede36a68a4fc858832086ad37f59a1f1eb58381967ecddeec298a2,Coba pak gub bikin video tes mobil listrik dari Jakarta-Surabaya non toll full Pantura 😂,0,2024-02-14T03:17:16Z,2024-02-14T03:17:16Z,2026-09-27T14:02:12.898514+00:00
UgysC6iFnuOyy5Jps4Z4AaABAg,O-vAYJNfQEk,1f4475775d943b6bf21ad44a906d63d8abd6ff5696e43363e55a6df0ebc39f00,Habis ini ngetes max rangenya wuking cloud bang 😁,1,2024-02-13T09:24:55Z,2024-02-13T09:24:55Z,2026-09-27T14:02:12.898514+00:00
Ugy8doHUWZ2-pL5CEB54AaABAg,O-vAYJNfQEk,59ea8206fef718c8e8ad5b2bec05531936b605d67f38946a263f8e142762a699,"Dolphin, atto 3, seal pak gub test smpe 0%",0,2024-02-13T15:54:08Z,2024-02-13T15:54:08Z,2026-09-27T14:02:12.898514+00:00
Ugy4sThe6Pf8LbexFXR4AaABAg,O-vAYJNfQEk,85daef25c483630e23c21ac95e91942c6346dc6163a30a418f606221f3bb2e2e,"Apa lg kalau full penumpang ya, akan lebih pendek range nya.. fitra eri test gak ada penumpang belakang, ridwab hanif jg cuma ber2 kayanya..",0,2024-02-13T12:18:28Z,2024-02-13T12:18:28Z,2026-09-27T14:02:12.898514+00:00
UgzVdBl7LnS2RBq1gY14AaABAg,O-vAYJNfQEk,05cc6a468b27c94d60177fc23872463399d317dca0c089e9a7089d402c01378e,"Sebenernya kalo di logika untuk mobil listrik kalo di tol mau irit itu jangan pake regeneratif brake atau regeneratifnya di nol kan. Jadi kalo pake metode gas terus biarin glinding sampe kecepatan tertentu terus gas lagi, karena dengan bobot mobil dan bentuk nya yang aerodinamik pasti bisa irit dengan metode seperti itu. Karena waktu meluncur tanpa ada regeneratif itu mobil listrik tidak banyak memakan daya seperti mobil bensin yang manual dengan metode sama.",18,2024-02-13T17:22:29Z,2024-02-13T17:23:18Z,2026-09-27T14:02:12.898514+00:00
UgwHYVGELft9HjQjdlZ4AaABAg,O-vAYJNfQEk,9fb6297e6575bb502836f4464e23ea5a63bf6815e49ed07ea9f4a53c16ea9381,"cobain dunk layanan wuling yang 24/7 itu, seresponsif dan seperti apa experience nya",0,2024-02-13T12:12:08Z,2024-02-13T12:12:08Z,2026-09-27T14:02:12.898514+00:00
Ugz1EQ1tQxAStjePnO14AaABAg,O-vAYJNfQEk,b80b13a0576a9f2df0740b71ee9104373c31d4a9faab9fe530f39ecf11144e16,"bang coba baliknya dari jakarta ke klaten jangan lewat toll, habisnya dimana",0,2024-02-13T13:48:24Z,2024-02-13T13:48:24Z,2026-09-27T14:02:12.898514+00:00
UgxF4n-EEkIpw2Lw6hx4AaABAg,O-vAYJNfQEk,6a123e2b13c9b935c8760961ff5a712078b22dd67e3c973760a5d5e76cad3801,Semua review mobil selalu merepresentasikan review nya dgn standar pulau jawa. Ayo dong reviewer luar jawa...,0,2024-02-14T02:35:50Z,2024-02-14T02:35:50Z,2026-09-27T14:02:12.898514+00:00
UgydVLfIR3NvagZniVt4AaABAg,O-vAYJNfQEk,6193add0660df6f5c8b5d0a85a21ef32080c4d07ea437f88a661703f216e9c2c,"bg, gak mau ngabising batre cloud EV juga?",0,2025-03-20T02:35:15Z,2025-03-20T02:35:15Z,2026-09-27T14:02:12.898514+00:00
UgxEYreIoGODM6AuWR94AaABAg,O-vAYJNfQEk,3bb7cf5c8fcbd20a6af5eededcf71c88706209c84cc942ed4f215c8fbbf5056b,Sedang menghibur diri setelah tau harga mg4,0,2024-02-14T08:30:13Z,2024-02-14T08:30:13Z,2026-09-27T14:02:12.898514+00:00
UgwFvzFZxiL5xWgokNt4AaABAg,O-vAYJNfQEk,c885cfe78966c3f33179191b90d02e0247cf7ce793060ca20db129932668d6eb,7:17 didahuluin sm L300 jadi inget project L300 kelanjutannya udh smpai mana ya?,1,2024-02-18T07:51:12Z,2024-02-18T07:51:12Z,2026-09-27T14:02:12.898514+00:00
Ugx-U2kOImRbvTTlI9Z4AaABAg,O-vAYJNfQEk,c9ac4432172e295a05c5acf621c2efab59545634d8ec324c940d768b0a216317,mas bajaj nya belom sampe klaten loh... hehehehehe kangen bajaj mas,0,2024-02-15T02:52:45Z,2024-02-15T02:52:45Z,2026-09-27T14:02:12.898514+00:00
Ugwamkzxgq-hfRdDNX94AaABAg,O-vAYJNfQEk,8da7afe70988a6e107948f0463f514695a0ea94d714d430cc87c99325f9cb0fc,"3x ngabisin batre  Air ev, ioniq5 & Binguo pasti selalu melawan hujan wkwkwk 😂😂 sabar bang wkwk..",6,2024-02-13T09:49:03Z,2024-02-13T09:49:03Z,2026-09-27T14:02:12.898514+00:00
UgxLqP2JwCzLrUzG-up4AaABAg,O-vAYJNfQEk,8aea89ea2b71faa8122541bc31791cd1374e7e5238d402045e8387b36bc3ca4e,Bikin konten ngecas molis pake genset mas ridwan..,0,2024-02-13T11:38:59Z,2024-02-13T11:38:59Z,2026-09-27T14:02:12.898514+00:00
Ugxp2BrPIqyTW2PwvYV4AaABAg,O-vAYJNfQEk,01559a4a97bad3f36b06f7933577be61cf1b9e0867079672900ef2586a7aac8d,Pertama pin dong bg😊,1,2024-02-13T09:02:10Z,2024-02-13T09:02:10Z,2026-09-27T14:02:12.898514+00:00
UgzBCkEtvdgIpHW8idt4AaABAg,O-vAYJNfQEk,f4dcc1528dc79901c1896baa7ac3c4935b942dd2a282e9171445f3095f38f155,PR Wuling harus ada produk utk by1 vs hyundai ioniq5,0,2024-02-14T15:25:13Z,2024-02-14T15:25:13Z,2026-09-27T14:02:12.898514+00:00
Ugyjsu72hCxMQC_1oel4AaABAg,O-vAYJNfQEk,f8bd8859041c925bcf5cbdb15a529f98a8feaadc1e22a0fedcdad7d53741c404,Di tunggu konten habisin baterai wuling cloud ev nya🤣,0,2024-02-16T20:50:31Z,2024-02-16T20:50:31Z,2026-09-27T14:02:12.898514+00:00
UgyVa7B7ngiDf18OZiV4AaABAg,O-vAYJNfQEk,db8a9d13b8c89b53efd2b227dde913331603864802a7695f9fd6e5904bec2504,Sip joossss,0,2024-02-19T15:59:01Z,2024-02-19T15:59:01Z,2026-09-27T14:02:12.898514+00:00
UgwFWPWOXY2C2Nn_SL14AaABAg,O-vAYJNfQEk,168284c56a8c88f41b30faaa6c15aa004b7fc7b1a2c116773697000923110444,Senyumannya tdk bohong bahwa dia ingin skali sm mg4ev sm byd😂,2,2024-02-13T10:31:57Z,2024-02-13T10:31:57Z,2026-09-27T14:02:12.898514+00:00
Ugyz5gEwISaPkrulGyN4AaABAg,O-vAYJNfQEk,f88b83c466ae27e3d54907dc92fef19fb9fb5055e1c2b9a709a17d127f66a734,"yang saya rasakan kalau jalan dari arah salatiga ke jakarta tu lebih banyak turunnya pak gub, kalau dari jakarta ke salatiga lebih banyak naiknya, dan salatiga juga letaknya lebih tinggi dari jakarta , jalanan naik kalau dari klaten ke semarang paling naiknya cuman sampe salatiga , slatiga ke semarang lebih banyak turunnya.. jadi boleh dicoba lagi dari jakarta ke  klaten bisa dapat berapa KM , hehe",5,2024-02-13T10:11:11Z,2024-02-13T10:11:11Z,2026-09-27T14:02:12.898514+00:00
UgzDYbaunnls61fyPUR4AaABAg,O-vAYJNfQEk,c9bac0e23bfad5152803a399b2b88eafaff30c4559bf4cb4b0149e63320c7af7,"Assalamualaikum,bang hanif coba jalur pantura non tol buat perbandingan?....",0,2024-02-14T02:39:57Z,2024-02-14T02:39:57Z,2026-09-27T14:02:12.898514+00:00
Ugx691iSLcXPNCE1kBp4AaABAg,O-vAYJNfQEk,f1058cd1a8ae39ac13d9f73953ff3fd5c12900215d06d47214f27e9bf965305f,request review converter charger ccs2 to gbt dong bang,0,2024-02-13T11:35:47Z,2024-02-13T11:35:47Z,2026-09-27T14:02:12.898514+00:00
UgwZNOx42H8oMJmPRaB4AaABAg,O-vAYJNfQEk,2b38e546a1d3bb53d272ba718d9acb90ff2bee98c96fd69168212a459a4f2266,Jd gak begitu nyesel gak ambil MG4 EV ya bang?😅,1,2024-02-13T10:23:25Z,2024-02-13T10:23:25Z,2026-09-27T14:02:12.898514+00:00
UgxaLho6ObHOpgghL2l4AaABAg,O-vAYJNfQEk,d91fa21b34a756a718493e7d6636fd70e9350b0c1a3fece7838f739dfa97795a,Itu kalo ijonya warna ijo aston martin tambah keren tuh bang,0,2025-08-08T18:19:59Z,2025-08-08T18:19:59Z,2026-09-27T14:02:12.898514+00:00
Ugw6hFKIhKMlR2beeo14AaABAg,O-vAYJNfQEk,8e4f54dfe4a998d96e22506d43acf86a8db30b40798c8e6dfed438f180a43f36,Itungannya sama depresiasi battery sesuai garansi om,0,2024-03-02T02:21:29Z,2024-03-02T02:21:29Z,2026-09-27T14:02:12.898514+00:00
UgyH_O50SlXmojZsNj54AaABAg,O-vAYJNfQEk,bbbee96f25afb9553ae5bad2f09ac1deb9216b91d2687df842019d895ed7698e,tes tanjakan dong bang pake wuling binguo😁,0,2024-02-13T11:15:55Z,2024-02-13T11:15:55Z,2026-09-27T14:02:12.898514+00:00
UgxFi1YWYDk_k1VlVb54AaABAg,O-vAYJNfQEk,952f2e455ecbc1a8500fee8df1c0fb5da56b01b70c338166c82d2a8f3139377d,Di Om Fitra..kalau ga salah 389,0,2024-02-15T06:47:35Z,2024-02-15T06:47:35Z,2026-09-27T14:02:12.898514+00:00
UgyH9IGB-AEoxAaZHZ54AaABAg,O-vAYJNfQEk,21f60f26a131e200ec3c78829dab7042951fed7d1cb9d42c1981c3ed0dadc0d5,entah kenapa naik mobil pas hujan rasanya gimana gitu apa ada yang sama,0,2024-02-13T18:45:25Z,2024-02-13T18:45:25Z,2026-09-27T14:02:12.898514+00:00
Ugyumoo4f75Td_OTkit4AaABAg,O-vAYJNfQEk,858fce6a89a323e7c05860a609a57ea2c24f2cd507e6ea886b406f2eaecc9ae5,irit tapi kok was was dibanding bawa mobil konvensional utk jalan jauh,0,2024-02-22T05:56:09Z,2024-02-22T05:56:09Z,2026-09-27T14:02:12.898514+00:00
UgyXF8j1Wo6SEONeKgx4AaABAg,O-vAYJNfQEk,92fedb9ee5554be7b2ef8c12baae1b667985d622fc46d252aa549329bd868c4f,Mocin listrik uyy,1,2024-02-13T09:02:39Z,2024-02-13T09:02:39Z,2026-09-27T14:02:12.898514+00:00
UgyTup_PGzZr86b9rMx4AaABAg,O-vAYJNfQEk,89cb089938359d1cffd7668b630e89fee1fa172815a66fa73649af2f8dd5eeed,Om Fitra dengan catatan² yg ada memperoleh hasil 390 km. Ridwan dengan catatan² yg ada memperoleh hasil 375 km. Mudah²an ada yg coba lagi dengan kondisi yg memungkinkan sampai 410 km. 😊,6,2024-02-13T09:35:00Z,2024-02-13T09:35:00Z,2026-09-27T14:02:12.898514+00:00
UgzMnzukw1xeVNlKLWZ4AaABAg,O-vAYJNfQEk,10060b423856f604a346e60b2dd581786e62ad30583832bf7a943156f09d0c2a,Motormu fox R ngandi mas?,0,2024-02-14T11:38:31Z,2024-02-14T11:38:31Z,2026-09-27T14:02:12.898514+00:00
UgyFKGA0-QUlfKcZ3n94AaABAg,O-vAYJNfQEk,6ed9fd42dd1b21d0311061d68626540ade3eb91e8a1ba1649764805c9c729d78,Hujan biasanya MCB nyetrum.,0,2024-07-11T01:17:54Z,2024-07-11T01:17:54Z,2026-09-27T14:02:12.898514+00:00
Ugz6p5WtdNu7e6HIYYx4AaABAg,O-vAYJNfQEk,f69246a5e0ae2d53881a6239a767be13fc0ea8ada62cd6888472d8e079d9c973,Klo aja mobil listrik bisa menyerap energi surya,0,2024-06-30T11:45:38Z,2024-06-30T11:45:38Z,2026-09-27T14:02:12.898514+00:00
UgzMOUYlEJtGxTQm2rV4AaABAg,O-vAYJNfQEk,32382b1ff9d7b1cced7acf1fe1e0b25cb157324ee1ebd27e834cb3db7e86f5f2,Review rangka honda stylo dong bang,0,2024-02-15T09:49:24Z,2024-02-15T09:49:24Z,2026-09-27T14:02:12.898514+00:00
UgzyGpu3mT0S1bdRg314AaABAg,O-vAYJNfQEk,df0815296147ea950831ee57dfe887dc6b5419619b3393ee52d7f9dcfd460c74,👍🏻,0,2024-02-14T08:14:19Z,2024-02-14T08:14:19Z,2026-09-27T14:02:12.898514+00:00
UgyEcOzdVSq4alt_-CF4AaABAg,O-vAYJNfQEk,a10bbca88b46814c7c86263386428e2c2f469e2331256a4fea652a335e929cbe,Wipper apakah pengaruh?,1,2024-02-13T09:42:24Z,2024-02-13T09:42:24Z,2026-09-27T14:02:12.898514+00:00
UgxjUEeP0vyPKeL-v614AaABAg,O-vAYJNfQEk,0ac847a69733aa9b0f848f3b45f89b451f29c205306f6c3cf98e2a6ea21ed04d,Charger GBT blm ada om di SPKLU.,0,2024-02-13T11:46:59Z,2024-02-13T11:46:59Z,2026-09-27T14:02:12.898514+00:00
Ugxu-GmIk18RYf1h-954AaABAg,O-vAYJNfQEk,0881aeb390f1907880c45aa4444a2352de991362e2830448d8c24b1ac1b1f6f1,Knapa ya mobil listrik kok gak dibuat perputaran roda di buat ngisi baterai.,0,2024-02-13T14:44:18Z,2024-02-13T14:44:18Z,2026-09-27T14:02:12.898514+00:00
Ugxc5Szo0tI8YCBS50d4AaABAg,O-vAYJNfQEk,8ac1207166b54c4111892f433327f28e40bcda8080f9eac694a33f1a57620b26,Ngecash pake portable power station bluetti bisa ngak ya,0,2024-07-23T01:47:00Z,2024-07-23T01:47:00Z,2026-09-27T14:02:14.061399+00:00
UgwK5XLlgDKrwxzb4nF4AaABAg,O-vAYJNfQEk,d260bac2ba44a34c475def7b309f257210fd89031eb18d8d40132ea8c728604b,Bajaj qute gmn nasibnya pak gub?😅,0,2024-02-13T14:36:46Z,2024-02-13T14:36:46Z,2026-09-27T14:02:14.061399+00:00
UgxMQsDoBayLHg4ifL54AaABAg,O-vAYJNfQEk,90d84818fa55da15843e54c5ff9ff7a83d27428ca1282a4b2c052cc0f8ff18cf,Sudah d coba naik bang? Kmren ada yg refiu gk bisa bocengan,0,2024-03-01T07:10:10Z,2024-03-01T07:10:10Z,2026-09-27T14:02:14.061399+00:00
Ugw_3kezvdtauPJhzN14AaABAg,O-vAYJNfQEk,8df18bd064c47052a42a99910838bd14870b0261d554bfd2d0981a55a879c1af,Boleh dong tunjukkin koleksi jaketmu😂,0,2026-04-29T03:29:49Z,2026-04-29T03:29:49Z,2026-09-27T14:02:14.061399+00:00
Ugyc-sFfvEbnY5fU-zh4AaABAg,O-vAYJNfQEk,c42008136b4628b35b658d3343463a2f1f5f368e82c216b1aabcf1f05a0c36e0,Gmna kabar l 300 nya kak,0,2024-02-15T14:59:05Z,2024-02-15T14:59:05Z,2026-09-27T14:02:14.061399+00:00
UgwEZ7zA6V9PTGV-8ZV4AaABAg,O-vAYJNfQEk,a1c1b8ddfb436c56704938f56821901da77add952bded8b485ad6d9302f3fc43,Bg coba lewat lintas timur sumatera,0,2024-02-19T13:37:59Z,2024-02-19T13:37:59Z,2026-09-27T14:02:14.061399+00:00
UgyV2nsrkiOPIkw4Pel4AaABAg,O-vAYJNfQEk,de043e5189b67e66f88995058a5d28278628775c6121663720cf99666ad1cf28,Itu langsung gigi n tapi bisa nambah baterai kalau turun tanjakan,0,2025-06-21T03:58:11Z,2025-06-21T03:58:11Z,2026-09-27T14:02:14.061399+00:00
Ugx4S2_vtHfv0--iCSd4AaABAg,O-vAYJNfQEk,895649aae7307c15f233034590f2f3aa9567082a9f1f2159e81eac74e552778d,"14:15 apa fungsi hazard pada hujan deras ? Kenapa dinyalain ? 


Emang boleh senyala itu 😢",0,2024-02-13T16:55:27Z,2024-02-13T16:55:27Z,2026-09-27T14:02:14.061399+00:00
Ugx8dE0JR2NrFBV82OR4AaABAg,O-vAYJNfQEk,8aeb56c32ef23adb33e7b3c825fe8ff004ff6c33d7807aefe3c94016b86bf5b6,Bang kelanjutan bajaj gimana,0,2024-02-13T11:54:45Z,2024-02-13T11:54:45Z,2026-09-27T14:02:14.061399+00:00
UgyWTILP35KZCJaPDOd4AaABAg,O-vAYJNfQEk,56c6938fa59cd079f5b2ca65097ecdf3b5cb04cdc86608371f7bf4e0a32e7077,L300 kemana kok ga ada kabar,0,2024-02-13T12:07:11Z,2024-02-13T12:07:11Z,2026-09-27T14:02:14.061399+00:00
Ugx0svdW3bFMaQXKVvt4AaABAg,O-vAYJNfQEk,51d533f7652c476de85ec0a9d4a06b2ff54fa109c76e931e04ce29d95963dc0f,cobain full penumpang,0,2024-02-13T11:43:22Z,2024-02-13T11:43:22Z,2026-09-27T14:02:14.061399+00:00
Ugw9G99o2GutM1rzMpF4AaABAg,O-vAYJNfQEk,6ed9fd42dd1b21d0311061d68626540ade3eb91e8a1ba1649764805c9c729d78,Listrik mati sekota biasanya MCB rusak.,0,2024-07-11T01:18:22Z,2024-07-11T01:18:22Z,2026-09-27T14:02:14.061399+00:00
UgwS5DHt9VdDNv4WRwp4AaABAg,O-vAYJNfQEk,68d74b10e157af6494e06c3373bbe02c89908cf8d44d7f6f5a388adfe6d645b9,*_KAYAK NISSAN MARCH YA??_*,2,2024-02-16T08:59:10Z,2024-02-16T08:59:10Z,2026-09-27T14:02:14.061399+00:00
UgxlkGPlkDkxiawvdyt4AaABAg,O-vAYJNfQEk,1dea6302d90a25f54795cefae7c23f190c589b79e88c38513bb3580c7eb27f88,"menunggu byd dolphin, atto 3, dan omoda e5 tes range baterainya sampai mana",4,2024-02-13T09:45:26Z,2024-02-13T09:45:26Z,2026-09-27T14:02:14.061399+00:00
UgxhNpQ19BupODSNTx54AaABAg,O-vAYJNfQEk,6ed9fd42dd1b21d0311061d68626540ade3eb91e8a1ba1649764805c9c729d78,Banjir biasanya MCB konslet.,0,2024-07-11T01:18:06Z,2024-07-11T01:18:06Z,2026-09-27T14:02:14.061399+00:00
UgyRzahpXFAAMLCsJ5x4AaABAg,O-vAYJNfQEk,98f21127e25557a0e3f9c68f377adcce13f1a2daef19013f1976a1a33a2d7930,Hobi nya ngabisin batree mobil listrik 😁,0,2024-02-13T12:18:20Z,2024-02-13T12:18:20Z,2026-09-27T14:02:14.061399+00:00
Ugx8TDLccTks0BWlVH94AaABAg,O-vAYJNfQEk,3185a39711f09c097bad46337ff9ff9742529a078e4ec5becdbd88d3b0b70616,21:51 bang maaf harusnya 372.2 +3 kan 375 bukan jadi 380,0,2024-02-27T05:44:50Z,2024-02-27T05:44:50Z,2026-09-27T14:02:14.061399+00:00
UgywQmoxoNnIs59g11F4AaABAg,O-vAYJNfQEk,c432f92df137f8235e04f38e84d1c94f7a1612ba669a1d41188826ef681c1ea2,Harusnya ditemanin Ioniq 5 supaya bisa V2L,0,2024-02-15T04:33:40Z,2024-02-15T04:33:40Z,2026-09-27T14:02:14.061399+00:00
UgznrIm8JFVlbvAYwDx4AaABAg,O-vAYJNfQEk,4119c663530b5aa0c222da1a621cdf4a698c06d83a88c1c1283812562d09cb3d,"372,8+3km itu 375,8 wan.",0,2024-02-15T03:06:16Z,2024-02-15T03:06:16Z,2026-09-27T14:02:14.061399+00:00
UgwPEOiwYBIGHU5Lrfx4AaABAg,O-vAYJNfQEk,c8b30d06d61ac92f6f22191a55020f66827364ecb3b61aee0a8891993e0cfb32,Saya pakai di dalam kota kok cuma 150 km kira2,0,2024-03-30T04:31:30Z,2024-03-30T04:31:30Z,2026-09-27T14:02:14.061399+00:00
Ugzfy4C3QN64sCd9E794AaABAg,O-vAYJNfQEk,e7489b3880fd414301f3fa696de6aa88dfaedbd3941b5cbf62f5a3a60cc60e27,"372,3 + 3 = 380 .. hahahhahahaa...
375 bang .. 😅😅😅
Jarak sgitu lumayan jauh sih untuk skali nge cas...",0,2024-02-13T11:21:35Z,2024-02-13T11:21:35Z,2026-09-27T14:02:14.061399+00:00
UgzzpthKJ1fgv_pLwmJ4AaABAg,O-vAYJNfQEk,fcc05ccd91ae568342f7e61246b4d96ded02d886bb2eb12029b09c5ed0c7907b,"Om Fitra dapet 389 KM
Om Ridwan Hanif dapet 375 KM",2,2024-02-13T09:59:27Z,2024-02-13T09:59:27Z,2026-09-27T14:02:14.061399+00:00
UgxQ732JS9wJ8VBcEmV4AaABAg,O-vAYJNfQEk,c25c57b922983e11a502a6bf9303edc2348b09fa365baf0c14f977c3f6e1f38f,Cobain abisin batre  jakarta - klaten dong. buktiin bisa claim 410km nya....,0,2024-02-13T11:08:04Z,2024-02-13T11:08:04Z,2026-09-27T14:02:14.061399+00:00
UgzrfF5Enb8aB_JVk_R4AaABAg,O-vAYJNfQEk,9d2c6153e090e7d7fe0307179976926048582ee56f456dcdc423b83342b18e46,Macet juga mempengaruhi baterai sampai 15% kalo berhentinya lama wkwk,0,2024-02-13T13:59:04Z,2024-02-13T13:59:04Z,2026-09-27T14:02:14.061399+00:00
UgwkBU7k7l_4b9q7-fV4AaABAg,O-vAYJNfQEk,9fa1c016494cef25761decb12c193ecd4896f80dfdec476f07e3fc8818c283b7,"gw PP cimahi-gunung kidul pake kijang LGX isi pertalite sekitar 1-1,3jt an. pke mobil listrik hemat parah sih",1,2024-02-13T09:36:19Z,2024-02-13T09:36:19Z,2026-09-27T14:02:14.061399+00:00
UgzDtmBFtzSzfdL08L54AaABAg,O-vAYJNfQEk,a4d2d6b77137790729a4098a11be087acb6210b757dce5b347160307ce58d6aa,"Kayaknya mustahil bisa ngabisin baterai wuling mas bro... kecuali baterainya dibakar atau dihancurin... yang bisa habis itu ya cuma teganganya... (Guyon lo, ojo baper) 🤣🤣🤣🙏🙏🙏",0,2024-02-13T15:32:48Z,2024-02-13T15:32:48Z,2026-09-27T14:02:14.061399+00:00
Ugx1XqNo9JFRhrlSfm14AaABAg,O-vAYJNfQEk,51d533f7652c476de85ec0a9d4a06b2ff54fa109c76e931e04ce29d95963dc0f,"372,2 tambah 3 = 380 😅 gimana nih pak gub 😅😅",0,2024-02-13T11:42:08Z,2024-02-13T11:42:08Z,2026-09-27T14:02:14.061399+00:00
UgyvICwJGDxYJKzw6jF4AaABAg,O-vAYJNfQEk,8f2208cc6354729baa70bff3c9b56c3d97e7002caf0735c6102265548cb82e3a,Apa kabar Binguo hari ini Agustus 2025 ?? Infonya harga baru Binguo saat ini 230juta  😅😅,0,2025-08-31T06:27:47Z,2025-08-31T06:27:47Z,2026-09-27T14:02:14.061399+00:00
UgyCI6yNU-csyMMoahF4AaABAg,O-vAYJNfQEk,8cfbc1e246b64c14c9cc5f5737e8da88b90b4123b543622e9e1a310cf201b751,"Bang, minta saran sebelum beli binguo terutama charger yg “gak standart” ini",4,2024-02-13T14:55:38Z,2024-02-13T14:55:38Z,2026-09-27T14:02:14.061399+00:00
Ugy1Ny7qgPPIvHGP_CV4AaABAg,O-vAYJNfQEk,ae14f67cca166fbe27d4c00a8cad721b6e0265391b15b134eb048b6acc76f45b,Yang paling menegangkan moblis itu kalo meledak langsung nge-jeledorrrrrr gak maen2 !!!,0,2024-02-13T23:57:46Z,2024-02-13T23:57:46Z,2026-09-27T14:02:14.061399+00:00
UgzRR-ynTbxda62HnGl4AaABAg,O-vAYJNfQEk,97da810c9f55fec7595d6c9feed3a941c1837ee024015441e34b9614b19c39fe,Kl udah panas mesin electric nya mobilnya macet tuh.. Aku bawa ke byk tanjakan tinggi ga tahan.. Silakan cb kl ga percaya..,1,2024-02-13T09:28:03Z,2024-02-13T09:28:03Z,2026-09-27T14:02:14.061399+00:00
UgxSLIZRaABdRvme_Tt4AaABAg,O-vAYJNfQEk,d8bba9ed35ab8375a17da3da94404e49595d0696db52ad65b6afc8b8ffe68102,Brp bang tarif ngecas nya sampe full d fast charging,0,2024-03-07T10:20:50Z,2024-03-07T10:20:50Z,2026-09-27T14:02:14.061399+00:00
UgyvizMVsXVghpy04eF4AaABAg,O-vAYJNfQEk,d34df1288c865a18f34924e36520e3ceb890585bdac8270d47ccd4cf37cfc689,"Kekurangan wuling binguo:
1. Tenaga terlalu kecil, gak kuat nanjak
2. Chargernya bukan CCS2",2,2024-02-13T09:06:13Z,2024-02-13T09:06:13Z,2026-09-27T14:02:14.061399+00:00
UgzhMnzJoD1bx2omGFh4AaABAg,O-vAYJNfQEk,276c70b247dd3358ce7844c3c87017c2059e33763faed21f7af36a09387b0cee,Aneh pak gub ini melebih lebihkan.. pasti di endorse wuling nih.. masa 372+3 jadi 380 harus jadi 375.. trus nyetir di tol mas pake eco plus kalau mau real ya pake mode normal.. hasil pengetesannya gk valid..,0,2024-02-14T02:28:24Z,2024-02-14T02:28:24Z,2026-09-27T14:02:14.061399+00:00
UgyIFJ7-LUibRMzsEfl4AaABAg,O-vAYJNfQEk,7773b87eecc6354d1ec5b0033224595223386a7f94295391638ff73672ef6def,"Mobil full penumpang, tidak kuat di jalan tanjakan  ?",2,2024-02-13T10:51:39Z,2024-02-13T10:52:44Z,2026-09-27T14:02:14.061399+00:00
Ugw1us5fpybWdiVTt1t4AaABAg,O-vAYJNfQEk,3a69f0f8fc4b47713eb72b7182eee7aff746f3305d7592f8abd41fadbf51b5e2,"Orang kata klo vario kehabisan bensin injeksinya rusak, ini klo sampe batre hbs apa bs merusak batre?",1,2024-02-13T14:10:53Z,2024-02-13T14:10:53Z,2026-09-27T14:02:14.061399+00:00
UgzaCL0cOJpOAc7oQBl4AaABAg,O-vAYJNfQEk,bdbfebdc4fd600e96d9ed8ad52ef216fdf6c69dca321fb9e6eaa3a9e15cabca1,"Mas, mau nanya, brp daya listrik min dirmh spy bs charging mbl binguo ini? Rmh sy daya 3500 aja, apa bs??",0,2024-07-28T06:59:57Z,2024-07-28T06:59:57Z,2026-09-27T14:02:14.061399+00:00
UgwZbsq30EKO_03DQ_14AaABAg,O-vAYJNfQEk,7ad6eb353cff64ccb6b11565f7c54277f30023bbcf94d097e20eb4179b582cee,D chnl yg suka tes nanjk ni mobil ngk bsa lols tes nanjk (lmyn d syangkn),2,2024-02-13T09:11:59Z,2024-02-13T09:11:59Z,2026-09-27T14:02:14.061399+00:00
UgzN94uTmdTFJrAh7gx4AaABAg,O-vAYJNfQEk,f8b1d09785709536c52242820100f2d27351a3b181319ec09e3d623466b119bb,Kok warna atas nya putih?? Saya tanya2 kmrn warna nya hitam atas nya..,0,2024-04-14T22:21:15Z,2024-04-14T22:21:15Z,2026-09-27T14:02:14.061399+00:00
UgwZgY2Sy1ouGCV3FFh4AaABAg,O-vAYJNfQEk,2f8d2a4ad939bf50e6eab6287138f636755a14c4b607af5448b4838889812683,"21:52 Range nya 372,2 + 3 kok jadi 380,2 Bang? Harusnya 375,2 nggak sih? 😅",3,2024-02-14T05:54:16Z,2024-02-14T05:54:16Z,2026-09-27T14:02:14.061399+00:00
Ugz9pgrDiNvk1D4z1lF4AaABAg,O-vAYJNfQEk,563198abbb54d5eb8a530ab1cdc073dc5ab6855905c91007a7b8405f4612fa6c,Sekalian Nyari tau Biaya 1x Ngecas dari 0% ke 100% brp Rp ?..,0,2024-02-15T01:27:23Z,2024-02-15T01:27:23Z,2026-09-27T14:02:14.061399+00:00
UgyZ4VofGkHxCdmyFYR4AaABAg,O-vAYJNfQEk,d9b0527a1e12682ff7aef544111252e4923431e1be968a6fd411443a4a2e894d,Tutorial Mempersulit Hidup 😂,0,2024-02-17T02:22:59Z,2024-02-17T02:22:59Z,2026-09-27T14:02:14.061399+00:00
Ugz4AICD4Z70oH2d1JV4AaABAg,O-vAYJNfQEk,d927c48dd0539c0e8548ebf46c6c176d5d4a2920e7710ac7d2e4cd8733f16ff7,"Tanya dong om, itu atap dan spionnya bisa putih cat dimana? Apakah ori dari dealer? Bisa di spill tempat nge-catnya?",0,2024-04-06T10:42:23Z,2024-04-06T10:42:23Z,2026-09-27T14:02:14.061399+00:00
Ugxeq1LGQeZKp9lHlCJ4AaABAg,O-vAYJNfQEk,ab422d3c94cbab4559ace4533092e6d501f6a11d55e684d461b73b2d5eafd615,Aman gak sih mobil listrik kalau kenak  hujan deras ?,0,2024-02-14T01:47:09Z,2024-02-14T01:47:09Z,2026-09-27T14:02:14.061399+00:00
UgxgYXYLAKXF5I1NDAh4AaABAg,O-vAYJNfQEk,20f5b14e1c2614a2b250c5bafbb19f47ce60db30a7d439405386d6d6db386144,Ada powerbank gk bang?,0,2024-12-10T14:42:23Z,2024-12-10T14:42:23Z,2026-09-27T14:02:14.061399+00:00
UgzxWRw9HxmUNs_NrFd4AaABAg,O-vAYJNfQEk,0272606a947b65ac867dee672b436fe443c8193dda0fa17f454e2383a837bb3f,Pak gub..serius nanya....untuk wuling gini...daya rumah untuk ngecas butuh daya brp...cukupkah listrik rumah 1300,1,2024-02-13T10:08:11Z,2024-02-13T10:08:11Z,2026-09-27T14:02:14.061399+00:00
UgwB9nQ_TbBRUg2kYNl4AaABAg,O-vAYJNfQEk,2e95e0bbcf8fba363bd464a21eb6031cb764e316aa2b51fe0dc95813bdb7064e,"kapan MGnya datang bang,biar di versus sama ini,kan harga gak jauh🤭",0,2024-02-13T22:23:52Z,2024-02-13T22:23:52Z,2026-09-27T14:02:14.061399+00:00
UgxokqPRCUwqceS9jbx4AaABAg,O-vAYJNfQEk,fb0b2ef90ccc0e12fc29452ecbfe0380b62e6eb2bc358aa271667737c967d941,Ngechas mobil itu minimal daya berapa bg?,1,2024-02-13T09:55:31Z,2024-02-13T09:55:31Z,2026-09-27T14:02:14.061399+00:00
Ugz1AH98PLneARBMZlN4AaABAg,O-vAYJNfQEk,005a02779a4bf9ef1331dd00edfa1cc2cf0bc3775069227d7a42a4556c71345d,"Saya kok penasaran ketika disebutkan bahwa Wuling punya layanan 24/7 apakah itu tidak termasuk charge baterai ketika baterai habis ditengah jalan. Soalnya di akhir video mobilnya di derek, bukan dipanggilin Wuling Service",1,2024-03-01T07:20:58Z,2024-03-01T07:20:58Z,2026-09-27T14:02:14.061399+00:00
UgxsUZUqIdFq-to0Qp14AaABAg,O-vAYJNfQEk,19e1c410d6eed7ecc3989fb76693734802a4347685d165afd01e2d20b49a37d2,Kalo sengaja kek gini dibuat 0% dampak buat mobilnya apa ? Apa Jadi baterai nya lebih boros?,0,2024-03-02T13:14:06Z,2024-03-02T13:14:06Z,2026-09-27T14:02:14.061399+00:00
UgxnOxU5XhGxLX__TzV4AaABAg,O-vAYJNfQEk,d9b23a6c82bc43675c518b1809ad420c799b3b9cf6e2b9904327382fe4048605,Wuling Air EV kalau dibawa keluar kota masih nggak bisa ya ? Apakah dia sudah fast charge ?,0,2024-02-13T12:50:16Z,2024-02-13T12:50:16Z,2026-09-27T14:02:14.061399+00:00
UgzAnstV5wDJMcw5DbJ4AaABAg,O-vAYJNfQEk,7b90cf4801e7fdabd857f6db8dc396ac38e090669b85b102b60d0665839e53f5,"Kayaknya bawa mobil ini lintas jawa, ga cocok krn ngecasnya lamaaaa.... mungkin bisa 5 jam ya? Pengalaman bawa ioniq 5 kemaren, bete saat hanya dpt charger AC, ga masuk akal klo harus nunggu lbh dari 1 atau 2 jam",0,2024-03-11T01:17:37Z,2024-03-11T01:18:35Z,2026-09-27T14:02:14.061399+00:00
Ugy7t-p5oPWSFGqya5t4AaABAg,O-vAYJNfQEk,79abfdc09dbc232c9db106fa6817cf111f5bc89097dc5f094a1365f5ae20527c,Mana L300 nya woy,0,2024-02-15T10:35:46Z,2024-02-15T10:35:46Z,2026-09-27T14:02:14.061399+00:00
UgwEbjhhBwx4KS4l48l4AaABAg,O-vAYJNfQEk,441ac0d94b1a1f47833cbb61ea5cda08aee27c89f3981827dbf2a710e57b72c5,Ribet yah punya molis.. 😂😂,0,2024-02-14T07:35:39Z,2024-02-14T07:35:39Z,2026-09-27T14:02:14.061399+00:00
UgyV7R0CrAlorw1Xwbx4AaABAg,O-vAYJNfQEk,de10c2ba79ef4ea0d52d83ef0369c2692ac2fad9d9bc1aa29348673728fe7379,Luar biasa... Minus nya cuma di charger yang GBT. Apakah pemerintah mau merubah regulasi menjadi tambahan ada GBT nya? Sebentar lagi juga cloud ev muncul dengan GBT nya? 😊,4,2024-02-13T09:33:04Z,2024-02-13T09:33:04Z,2026-09-27T14:02:14.061399+00:00
UgycK53gQALeoDR0GrN4AaABAg,O-vAYJNfQEk,99e3f2afb0df77c3e912209b3d0ebc226f1100b7c2382fef8fb052a2a5ba2265,"Kayaknya yg menarik untuk di beli yg versi 333km AC aja......gak yakin dgn claim wuling yg akan sebar charger DC GBT di seluruh Indonesia; di samping harganya juga, untuk yg 410km sudah banyak kompetitor di harga segitu.....banyak mendang-mendingnya......",0,2024-02-13T15:00:06Z,2024-02-13T15:00:06Z,2026-09-27T14:02:14.061399+00:00
UgzczuOLrJZkmNmG7m54AaABAg,O-vAYJNfQEk,d7182eea3c400c07d39d6c28f9e463a00172520fc9ede08b3fc1a5b132c3913f,😂,0,2024-02-14T06:50:39Z,2024-02-14T06:50:39Z,2026-09-27T14:02:14.061399+00:00
UgwkgqJsb2iaBlYyY9Z4AaABAg,O-vAYJNfQEk,c256e2525e7a2977549f880d2648f005c361db9190674edb96434e17e3da58b8,"Saya mau beli cuman pusing krn d batasin sebulan tdk boleh lebih dari 3km dan bila lebih tdk d cover seumur hidup cuman 8 thn, nah kalau sdh lima thn batere tnggl 70% di hargai berapa mobil ini setelah 5thn? Ini yg membuat saya atres, pada hal sy suka model luar dlm nya😢 bisa kasih salan? Krn batere mahal sedangkan se bulan bisa 5000 km lebih",0,2024-09-02T00:34:34Z,2024-09-02T00:34:34Z,2026-09-27T14:02:14.061399+00:00
Ugwhe77nZz43U5_ejol4AaABAg,O-vAYJNfQEk,3ae30dd5914143a0233787d0c8b916e4512c44bdaaf8959129dbdedfcc19bc7a,Harganya brp kak ?,0,2025-01-15T04:15:20Z,2025-01-15T04:15:20Z,2026-09-27T14:02:14.061399+00:00
UgzEsPHvq-YjuryhSS54AaABAg,O-vAYJNfQEk,9ce3c24f16a83482d5f37e5fcc9a2e603c227dab69a3106e2e6237d6eec4291f,Ketawa penyesalan 😅,0,2024-02-13T11:58:30Z,2024-02-13T11:58:30Z,2026-09-27T14:02:14.061399+00:00
UgzKvpA02mQY71zIPVd4AaABAg,O-vAYJNfQEk,b93908b9be5cfd3c54be7fd1e8179118ccb9ffd57ab851bfe1f2751ee76b2ceb,Mobil listrik cuma buat pulau JAWA,0,2024-02-13T15:10:34Z,2024-02-13T15:10:34Z,2026-09-27T14:02:14.061399+00:00
Ugz2m1Owz3cRDyL1L4J4AaABAg,O-vAYJNfQEk,6b7dd08a57278ba757552efcd564f055879c2b75bfbbcd39592685019c761298,"21:50
372,2+3 = 380 km...😂😂",0,2024-02-13T13:53:41Z,2024-02-13T13:53:41Z,2026-09-27T14:02:14.061399+00:00
UgxnLBiT-YLVHu6bkNZ4AaABAg,O-vAYJNfQEk,63d30cf2b183e5ef980be0960400f345c4522d74496aaf27d8a11d128866005c,"Jika Pemerinta mau memaksa Indomart dan Alfamart menyewakan minimal 2 tempat pengecasan mobil listrik.
maka masyarakat sudah tidak ragu beli mobil listrik",0,2024-02-19T02:14:04Z,2024-02-19T02:14:04Z,2026-09-27T14:02:14.061399+00:00
UgyawQRcS7anKdAArkR4AaABAg,O-vAYJNfQEk,8cdcddaa4443b9b68347379dcf7a98d396b9fb97310a9ff250c7843c28fa615d,"Setelah harga Omoda e5 keluar kalau Atto 3 masih pasang di harga 550 jt keterlaluan sih ya, jauh dari harga Thailand dan Filipina.
Soalnya secara spesifikasi teknis Atto 3 udah kalah sama e5, dimana e5 sudah pakai blade battery yang di supply sama BYD sendiri, dan otak nya pakai snapdragon 8155 ditambah ada ventilated seats dll. Hanya kelemahan terbesarnya e5, bangku belakangnya sangat tidak enak sedangkan Atto 3 cenderung nyaman.

Saya berdoa BYD bisa mempertimbangkan ini, kalau tidak mau lebih murah minimal harga disamakan dengan Filipina dan Thailand. Ayok kita sebarin informasi ini ke berbagai video BYD, biar gak seenaknya goreng harga udah kayak Toyota aja...",1,2024-02-13T12:51:26Z,2024-02-13T12:51:26Z,2026-09-27T14:02:14.061399+00:00
Ugz_qtDLzRFCAghlgMV4AaABAg,O-vAYJNfQEk,f04bbef9475980d9b02530ba0f6bccb64221330a9779a61f5d76f38ccd46f7f5,Haha kontrak hyundai habis kah 😅,0,2024-03-01T07:42:44Z,2024-03-01T07:42:44Z,2026-09-27T14:02:14.061399+00:00
UgzHCQJQPaKMOmSeWSJ4AaABAg,O-vAYJNfQEk,4d681ab5fef877b70d0dadd48adb26973b101093fab8031d33cca930a6bfbd24,next tes range pas pulang...,0,2024-02-13T13:35:12Z,2024-02-13T13:35:12Z,2026-09-27T14:02:14.061399+00:00
UgxovdP6jc557vNShbF4AaABAg,O-vAYJNfQEk,90c22c50929a9430b9cc2bed8a8ebfbc3df0584e0f331932fa14dbd7279f215a,Om Hanif  di SPKLU apakah ada yg pakai GBT? Atau saya harus beli adaptor CCS2?,0,2024-06-16T01:58:14Z,2024-06-16T01:58:14Z,2026-09-27T14:02:14.061399+00:00
Ugykad8OgDHWt3_lH0l4AaABAg,O-vAYJNfQEk,0176a36768f3e9808033e1180283d7af771cc6359a61525e1236ffa33a5d817c,Yang uda nyoblos angkat tangan!!,0,2024-02-14T15:04:51Z,2024-02-14T15:04:51Z,2026-09-27T14:02:14.061399+00:00
UgzUJypmEjhAeLyoK894AaABAg,O-vAYJNfQEk,de043e5189b67e66f88995058a5d28278628775c6121663720cf99666ad1cf28,Jelek banget loh kalau baterai dihabisin takutnya baterainya nanti ya gitulah😂😂😂😂,0,2025-06-21T03:55:35Z,2025-06-21T03:55:35Z,2026-09-27T14:02:14.061399+00:00
UgxdSXtXho4qgVcWMyp4AaABAg,O-vAYJNfQEk,c2aecddb168132d1e11832f9d7d557d3ad32fe2c53dd5d8d19ea1c52928c8e75,"Aduuh ini kayanya om ridwan di endorse sama wuling...

Saya baru beli binguo yang 410KM dan sudah 3 minggu saya pakai. Ini  review jujurnya
1. Perihal range km, sudah saya coba dengan berbagai gaya berkendaraan.
Range nya yg paling top adalah 3,5KM/ 1%, itu sudah pakai mode ecosport, situasi jalan biasa dan lancar, tidak lewat tol kecepatan maksimum 70km/jam.
Rata2 paling sering di 3 - 3,2KM/1%. Dengan csra berkendsran yang sangat irit.Artinya cuman 300-320km. Jauh banget dari klaimnya.

2. Jangan percaya atau lihat dari range yang ada di monitor. Range yang diatas itu cuman kalkulasi matematika saja, tidak sesuai dengan aktualnya.

3. Ngecharge nya lama banget, jika pakai charging yg portable 1 jam hanya 4%. Bersrti kalo 20-100% bisa 20 jam bosss....

4. Gak usah beli yang ada DC charging, karena DC chargingnya non standard gak akan ada di spklu2 yg ada sekarang. Jadi percuma ada DC charging tapi gak bisa digunakan.

5. Peredaman mobil juga buruk, ampuun berisik banget, abis naik mobil veloz terus pindah ke binguo langsung terasa berisik banget apalagi kalo hujan.

6. Feature nya kaya mobil jaman dahulu, head unit displaynya sih kaya BMW Idrive 8 tapi feature alamak jang... malu2 in. Belum bisa android auto dan aapple car play.

7. Dulu katanya yang dapet life time warranty battery yang prebook 2000 pembeli pertama saja, tapi nyatanya sampe sekarang juga masih dikasih lifetime warranty...

8. Life time warranty nya juga ada syarat dan ketentuan dan jika mobil sudah di pindah tangan kan life time warranty sudah tidak berlaku. Jadi cuman gimik.

9. Alhasil ini mobil sesuai dengan ekspektasi saya gak?
Jawabanya tidaaak sesuai ekspektasi. Terutama masalah range 410KM, tertipuuu....om fitra eri aja ngetes sampai mati dan jalanya di PIK yg rata dan muter2 saja dengan kecepatan konstan cuman dapet 400Km. Apalagi utk dipakai jalan harian dengan kondisi normal.

10. Bakal merekomendasikan mobil ini gak?
TIDAK di rekomendasikan, mending cari mobil listrik yang lain, banyak yg bagus2 baru masuk dengan harga yang mirip. Tapi kalo memang ada yang tetap pengen beli mobil ini, memdingan nanti aja belinya, lama2 juga harga nya juga turun.

11. Nyesel gak beli mobil ini?
Nyesel banget. Dulu waktu prebook mobil2 pesaing2nya belum launching.
Saking nyeselnya saya mau jual aja ini mobil.

Demikian review jujur saya terhadap mobil ini.",0,2024-02-24T08:09:32Z,2024-02-24T08:09:32Z,2026-09-27T14:02:14.061399+00:00
Ugxat_7QGNx3oqMmDR14AaABAg,O-vAYJNfQEk,70a55db1885dfa15f12992c86a71287c5c37589d9a4255abe6a9624a1625583e,"372,2 + 3 = 380,2",2,2024-02-13T10:29:42Z,2024-02-13T10:29:42Z,2026-09-27T14:02:14.061399+00:00
UgyOT4PhYl_5RgsrBNF4AaABAg,O-vAYJNfQEk,f99b55fb68d35c721e0b92ae7f267036339f469dfa0ee3868d64f4438990d9f9,Mantap,1,2024-02-13T09:50:06Z,2024-02-13T09:50:06Z,2026-09-27T14:02:14.061399+00:00
UgzUL1yptkd0yJDlzpF4AaABAg,4f36QI6CVtc,caeaf51ce740997637d73d27bc3c38e055f78ab606997792d755fe352320e299,"09:55
CLTC : China Lying To Customer
NEDC : Not Even Damn Close 
WLTP : Waay Lower Than Predicted

(Ada typo jadinya edit edit 😅)",8,2026-09-07T13:53:32Z,2026-09-07T23:30:46Z,2026-09-27T14:02:14.434487+00:00
UgyqJswUzmgLY1ET6Xt4AaABAg,4f36QI6CVtc,3d867a2d24c19e325f89d2a615cbb18195221bcf16fbf0743820b7ce115568df,"Kalo mau dapet jarak tempuh sesuai klaim pabrik begini caranya koh : jangan nyalain AC, jangan nyalain audio, nyetir di kecepatan konstan 40 kpj jangan brenti2, jangan bawa penumpang, jangan bawa barang di bagasi, matiin semua lampu dan bunyi mesin palsu EV, driver beratnya max 60 kg, kalo bisa seblom ngetes BAB dan kencing dlu biar makin enteng dijamin dapet KM sesuai klaim pabrik 😅😅😅😂😂",7,2026-09-08T13:06:18Z,2026-09-09T10:33:35Z,2026-09-27T14:02:14.434487+00:00
UgzSdr83gDhz-o8mZ2d4AaABAg,4f36QI6CVtc,9569cd8a5001fa49edc844f08089fb5a64c5399beb492fbd093a73f21095a447,"air ev standar 2022 saya sdh  55rb km , 100 ke 63%  aja sdh 100km jalan",3,2026-09-07T13:09:18Z,2026-09-07T13:09:18Z,2026-09-27T14:02:14.434487+00:00
UgxEIpRHcgumS3Hhyx94AaABAg,4f36QI6CVtc,89cebd43dccc111c16c988b03d80486459d9f0e69891fe7e88173efda5da3bdf,"Nik 2024 bh 99% kilometer 22rb regen strong
Gs- Bandung 200km Baterai soc sisa 35%
Tipe yang acdc 333km",7,2026-09-07T13:02:08Z,2026-09-08T01:50:13Z,2026-09-27T14:02:14.434487+00:00
UgyqKaN8tYXKY5zdPFp4AaABAg,4f36QI6CVtc,2da054f29277ea0569776a8a07937ad26df0d4ed96dbed7573025f2c7c96e9d1,"Awalnya pengen ambil aira, tp Setelah kejadian kasus wuling Surabaya, aku jd takut berurusan sama merk ini.",7,2026-09-07T18:58:07Z,2026-09-07T18:58:07Z,2026-09-27T14:02:14.434487+00:00
Ugyd_XMSdaxgxVb_6LN4AaABAg,4f36QI6CVtc,c689089d75445e58bdadd55ce87815396167ec8d27a683a3ea28c53340fe960e,Request review nya Darion Eksion donk,0,2026-09-12T09:53:38Z,2026-09-12T09:53:38Z,2026-09-27T14:02:14.434487+00:00
UgyID3CGP_L6oraFJO14AaABAg,4f36QI6CVtc,a8c198f3ef6d5d6c197668d58671bd78824400febbfbc34b8b73536acc22257e,ke Bandung pake Binguo Koh.....😊,0,2026-09-08T02:21:57Z,2026-09-08T02:22:05Z,2026-09-27T14:02:14.434487+00:00
Ugy3J56E2ljkUAeO06l4AaABAg,4f36QI6CVtc,7ad5d25cf3efe75bd7c98c6516b3dbf12df1f74effe59a1ebd1e7ad07898968c,"sepertinya cara itu nya gak bisa gitu, kalo mau fair harus seperti  om Ridwan Hanif, soalnya biasanya 10%pertama dan 10% terakhir itu biasanya berbeda dengan 10% di tengah2 ...",1,2026-09-08T01:55:24Z,2026-09-08T01:55:24Z,2026-09-27T14:02:14.434487+00:00
UgxgrI3AguRoBid5nfl4AaABAg,4f36QI6CVtc,e06469fa049e8902772b2f02979b2be0019815c06e7381013c04e3569d4c1bc0,"Bisa explor dalam rumah koko juga dong, Thx",0,2026-09-08T01:22:02Z,2026-09-08T01:22:02Z,2026-09-27T14:02:14.434487+00:00
UgzVREJt4Lx7TWfmvO94AaABAg,4f36QI6CVtc,b92c77f38057a7583e189e6ddfce66dc63b0571c420c60b1acdf281f84691160,"Koh saya jg pengguna atto 1, pernah 1 bulan full cek dan catat sendiri pemakaian daya dari PLN untuk charge vs daya yg masuk batere, memakai smartplug jd kliatan total daya keluar dari colokan rumah. Ketemu di efisiensi rata2 75-80%. Jadi misal untuk ngisi atto 1 dynamic 100% 31 kwh, perlu sekitar 38 kwh dari listrik rumah, biaya jd 65rb, bukan 50rb😁

Catatan: memakai portable charger, makin rendah awal soc makin efisien, pernah mencapai >90%👍",0,2026-09-08T00:22:18Z,2026-09-08T00:22:18Z,2026-09-27T14:02:14.434487+00:00
UgwPbuYk_yXjNnr7tpN4AaABAg,4f36QI6CVtc,4815fda8ffaf091dabeb0a68a8668351a05432f6e826087fc07fd2106fe56861,"Itungan air ev lite 300 km, baru 1000 km masih kinyis2.kalau lagi mode banyak ngebut,palingan cuma 200 km matematis 😂..kalau lagi irit 250km lah. 😅",0,2026-09-07T14:10:09Z,2026-09-07T14:10:09Z,2026-09-27T14:02:14.434487+00:00
UgxFMeq8j0LvysLYzKl4AaABAg,4f36QI6CVtc,abff14600485f883c80c5bbcab86deab69696c46b4fb7a030f568567b4eae256,"itu wuling bingou itu dapat 230 km ,isi mobil berapa prnumpang",0,2026-09-08T02:50:41Z,2026-09-08T02:50:41Z,2026-09-27T14:02:14.434487+00:00
Ugyb0lcZ1v4N5OHYJ214AaABAg,4f36QI6CVtc,867d9dda996dfe68dd5defa4acf1718489522c293d154199ef0cdf8d272c1753,"Wkwkwk.. Iya sama, sering ditanya ngecasnya berapa hari sekali 😂",0,2026-09-19T12:35:34Z,2026-09-19T12:35:34Z,2026-09-27T14:02:14.434487+00:00
UgyBd2FJhs5lRuqc6814AaABAg,4f36QI6CVtc,443d8b56953168cb5aa049dbba83e8e3482dcd79f4128a2a307887c9da35ea98,Bukanya Wuling lagi bermasalah yaa,0,2026-09-08T17:49:22Z,2026-09-08T17:49:22Z,2026-09-27T14:02:14.434487+00:00
UgzLQq-kEk1Q9-5U2C94AaABAg,4f36QI6CVtc,922a6da4b87daa9036c09a5b1a0160283f07f2f60ce2408fc9ca7886a41ebb17,Setelah tau kasus wuling jdi mikir lagi,0,2026-09-09T20:10:55Z,2026-09-09T20:10:55Z,2026-09-27T14:02:14.434487+00:00
Ugwr5K0MrCN3QWXBT-h4AaABAg,4f36QI6CVtc,a199b65ad51f81842f6117e475695b0ace15f78ecd4a055f576fabfc938350ca,reset saja rumit banget hahahah bingung,0,2026-09-07T21:34:57Z,2026-09-07T21:34:57Z,2026-09-27T14:02:14.434487+00:00
Ugy4ikpHVO1J_EhUJMV4AaABAg,4f36QI6CVtc,888bcf0a344649d502fd7e01349546052732235562630248590e755ae6985bf1,"entry kendaraan tanpa tombol baiknya jangan dinyalain ,akan banyak masalah ,
bisa kunci di dalem mobil koko turun nanti ngunci sendiri",0,2026-09-07T16:58:32Z,2026-09-07T16:58:32Z,2026-09-27T14:02:14.434487+00:00
UgxtsuW1A_HAnhSG9gF4AaABAg,4f36QI6CVtc,bc30d897bf1d2cc74ec6e90fa0eaae88cc66e03a7579f8307fc326b91c62f8aa,"Mungkin bisa dites Ko
Berbagai mode berkendara+ mode Regen..

ECO + Regen Weak
ECO + Regen Standard
ECO + Regen Strong

Standard + Regen Weak
Standard + Regen Standard
Standard + Regen Strong

Sport + Regen Weak
Sport + Regen Standard
Sport + Regen Strong

Bisa jadi 9 video Ko klo dipisah pisah.. trus video ke 10 bisa kesimpulan yang paling irit sampai boros sama kenyamanan berkendara dalam berbagai mode",0,2026-09-07T17:29:53Z,2026-09-07T17:29:53Z,2026-09-27T14:02:14.434487+00:00
Ugy7FlDlKsSibzNlv6x4AaABAg,4f36QI6CVtc,ccaf6b1a6e771c041a682f3fa84868f7c26b406376046e60e8d80fac6ddd72e1,Apa karena cltc? Yg paling akurat wltp byd kan,0,2026-09-07T12:18:28Z,2026-09-07T12:18:28Z,2026-09-27T14:02:14.434487+00:00
UgztXGNyfln0oV-ta-R4AaABAg,4f36QI6CVtc,01ed26f28d4b6ebca917818263416721685fa582c54c1ee68de8e20aebe0c159,"Ga jauh dr vf3 sy om, klaim nedc 210, realnya bisa 230-250 dalam kota.",1,2026-09-08T00:31:08Z,2026-09-08T00:31:08Z,2026-09-27T14:02:14.434487+00:00
UgxODHqHA4brwK1vFbx4AaABAg,4f36QI6CVtc,283700b2f3df720a87904c980e600da81d3cd7364ee7767a38c96894ea39b575,wuling????????kasus terussssss..!,0,2026-09-07T14:23:25Z,2026-09-07T14:23:25Z,2026-09-27T14:02:14.434487+00:00
UgzAC2Sbgiug7lC1VNh4AaABAg,4f36QI6CVtc,6fa1300b60dc04201def69d699443327a48ac83977d45f44c8ca73329d2fa115,"Nipu pembeli kayaknya spesialis Wuling, tidak cuma produk, tapi juga dealershipnya, di Surabaya 7 pembeli kena tipu mentah-mentah duitnya sudah lunas bayar, mobil nggak diserahkan sampai ribut-ribut dimediasi pak walkot. Cerita lengkap cek sendiri di yutup.",2,2026-09-08T12:13:34Z,2026-09-08T12:13:34Z,2026-09-27T14:02:14.434487+00:00
Ugx28G6PmIcRwa_jJA14AaABAg,4f36QI6CVtc,53428a5b785006ec834d48893a42b4da90860d429deb072abf36d8cbe22cc3e0,"ngeri urusan sama wuling gara gara kasus surabaya, beli cash transaksi di dealer, uang transfer ke rekening perusahaan eh ,,, ya gitu konsumennya yang kena juga. ngerii ngeri",0,2026-09-10T16:39:38Z,2026-09-10T16:39:38Z,2026-09-27T14:02:14.434487+00:00
UgzSGjW14FA5du3vy_54AaABAg,l8fPSUqdmOM,8546b6014a06583d05d8a09719368a5276edcd767ffd52608dee8a3bcf217048,"👍 BAGUS KOH SERINGNYA ,MAKASIH , MEMANG MOBLIS DI INDONESIA  INFRASTRUKTURNYA BELUM MEMADAI",2,2025-12-14T06:19:21Z,2025-12-14T06:19:21Z,2026-09-27T14:02:15.000262+00:00
UgwvSFlrutIXs2Qq3bl4AaABAg,l8fPSUqdmOM,106fec8fbbc81accc23d40380229ff7e3444f680b45f968d9ebfb000d1acb691,"Wuih ak seneng nih koko (1). always pakai sein ktk pindah lajur, (2). Bukan typical lane hogger yg manteng di kanan klo gak lagi nyalip... Josss semoga bisa menginspirasi dan jadi ilmu buat pengendara lain.. (termasuk saya)..😊😊",20,2025-03-19T21:23:16Z,2025-03-19T21:23:16Z,2026-09-27T14:02:15.000262+00:00
UgxZzBb-Wj01kE2a3KJ4AaABAg,l8fPSUqdmOM,80605b52c742f43ba6f647477090bae06d79eb471bfdd1e82522d67e71bcb5ba,"Terimakasih koh.. video nya.. saya jadi berani untuk mudik bawa air ev.. Jakarta Ponorogo..

Kalo tahun lalu saya pake Ford Everest.. cuma karna sekarang mertua gak ikut mudik.. jadi saya pake air ev sekeluarga aja.. hhi..",0,2026-03-15T13:35:17Z,2026-03-15T13:35:17Z,2026-09-27T14:02:15.000262+00:00
UgwZJnHqYsrdaLS1A6l4AaABAg,l8fPSUqdmOM,63d00b97719d120071c44aa60c1f751817b79d68c97f8d1bb1e42cb69f7477b4,"Serunya dapet, edukasi dlm berkendara juga dapet, pengalaman nyetir pake ev jg udah pasti beda ya dgn mbl bensin, vid nya keren, gbr bagus, gak bikin bosen nonton nya krn gw uda sering nonton kanal ini...so ..tetap semangat dan salam 1 aspalt utk kokodriver",0,2026-01-12T11:53:51Z,2026-01-12T11:53:51Z,2026-09-27T14:02:15.000262+00:00
UgxaH7nPVn93u2gTHEh4AaABAg,l8fPSUqdmOM,cbfec7d74e7b0932a7c022a5d85a62a4432a83d669360986affdc43a13f8a32b,"Mantap koh,.. Jadi referensi buat saya kalo mobil listrik senyaman itu di tol cipularang gokil gak geter gak limbung banget stabil banget itu stirnya👍 Wuling air ev kecil kecil joss",0,2026-09-14T15:45:55Z,2026-09-14T15:45:55Z,2026-09-27T14:02:15.000262+00:00
UgxwKrTssv8kchvkTD14AaABAg,l8fPSUqdmOM,b17da40668983eba9e09faf9495b1de916ab0bc4560b79de189d370168ab7205,"suka cara nyetir koko nya, semoga yang nonton bisa contoh (ga stay di kanan kalau di tol)👍🏻👍🏻",48,2025-02-25T01:14:07Z,2025-02-25T01:14:07Z,2026-09-27T14:02:15.000262+00:00
UgyCb0iom7mIyvvGhU14AaABAg,l8fPSUqdmOM,dafc3d9cee9044e1d16a5055cde1ccb283c98111e84e70c9482099b21542dec4,"mobil saya granmax minibus 1.3 belum power steering, kalo di rata"" per 10km itu 1 liter. kalau pakai pertalite berati 1.000 rupiah per km, agak boros sedikit kalau tanjakan tapi untuk masuk tol jauh lebih irit. mungkin kalo mobil listrik per km nya 250 rupiah sampai 500 rupiah lebih hemat sih. yang agak berat biaya perawatan & sparepart jangka panjang.",12,2025-11-12T15:55:39Z,2025-11-12T15:55:39Z,2026-09-27T14:02:15.000262+00:00
UgxnL_kkpnbuEX4JByx4AaABAg,l8fPSUqdmOM,77d80a0b8d57439d4c6c1f3102123fa11ca6b4defa6f5150d0cd3734e84c755a,pernah jakarta bandung pake air ev. mode normal & bobot penumpang 160kgan full ac dari 100% sampai bandung masih sisa 20% lebih aman aja,31,2025-02-26T09:53:41Z,2025-02-26T09:53:41Z,2026-09-27T14:02:15.000262+00:00
Ugzy7s-qu-KAFvLC6bV4AaABAg,l8fPSUqdmOM,addab4aad44d3b994e8db09e852b9825ca1eb95f25ae1153054858513b45aefd,"Sudah betul isi di tengah perjalanan,, sekalian antisipasi misal banyaknya tanjakan, atau misal macet, padat dll.",0,2025-11-09T04:25:40Z,2025-11-09T04:25:40Z,2026-09-27T14:02:15.000262+00:00
UgxEzKqMZqsHVJJnOl54AaABAg,l8fPSUqdmOM,9a39baac126ccb32d6669d328f6af0600bdda607c178bdbadadb0a44591897ea,"Gitu lah pengemudi di bandung ko, keselamatan ke sekian yg penting deluan",5,2025-04-06T10:42:14Z,2025-04-06T10:42:14Z,2026-09-27T14:02:15.000262+00:00
UgyuLOF1j2Ry1kQ0Y7J4AaABAg,l8fPSUqdmOM,199c7acb8018ccea26c6364c927297b1b198d0154f244cd617a35535df050ab5,Jd pengen cobain juga nih wuling air ev dr rumah (cipayung jaktim) ke bandung dgn sport mode..,0,2025-05-07T22:27:37Z,2025-05-07T22:27:37Z,2026-09-27T14:02:15.000262+00:00
UgxImeG3KYKvpQ9uHsl4AaABAg,l8fPSUqdmOM,58f0dd9c8e0d2f6dc57d6e973df48dd5be24a1fd357f4b963ac933c4be59f5a4,"DIBawa speed 104 km/jam, bergetar dan mengerikan, mobil kecil gituan mestinya paling cepat 80 km/jam saja bro.",0,2025-11-06T09:03:55Z,2025-11-06T09:03:55Z,2026-09-27T14:02:15.000262+00:00
UgzyJh3gcTkoC2EI-Ih4AaABAg,l8fPSUqdmOM,2000135cbce65de8f53f04638d0567cdf38e51fcce3456017be4bd1d5c19545b,"Mobil listrik itu sebenarnya bagus untuk kesehatan pengendara.

saat isi daya, otomatis pengendara akan bisa istirahat lumayan lama sekitar 30 menit, bisa melepas lelah dan penat.

moga saat sudah banyak, SPKLU juga di perbanyak.",41,2025-03-12T10:54:36Z,2025-03-12T10:54:36Z,2026-09-27T14:02:15.000262+00:00
Ugwm_Tgk3A-Yc9TfnI94AaABAg,l8fPSUqdmOM,724efa9e0b5f0cbebd980a8ab5317e097e89904f6e33ab7a3d57172d34c0d288,"Respek sama kokoh nya , cara ngomong ny keren,  enak kali didengernya ,  sukses terus koh sehat sehat , 

Semoga rejeki dan kepiawaiannya menular kepada kami hehe",0,2026-01-18T09:23:56Z,2026-01-18T09:23:56Z,2026-09-27T14:02:15.000262+00:00
UgzoU2ubDBnttG6HQPh4AaABAg,l8fPSUqdmOM,28ceacc8a60edfe8d790987f399e7bfb0487fc95564d7deadd568414cae1a2e1,"jalur tol baru,bekasi depok tidak rata ,hati hati",1,2025-11-18T13:46:58Z,2025-11-18T13:46:58Z,2026-09-27T14:02:15.000262+00:00
UgyJA-T1-NYtJC7pSYR4AaABAg,l8fPSUqdmOM,ca9400f30ed4cc6982d12505e178d644f0758df4863b0055fc8b9c11e0efc529,🎉🎉🎉seneng lihat cara setir nys🎉🎉🎉,3,2025-03-04T11:03:54Z,2025-03-04T11:03:54Z,2026-09-27T14:02:15.000262+00:00
Ugyi8qtcecrX1p6AUFV4AaABAg,l8fPSUqdmOM,edb8fee18b99c47db9891b16192fdb06cffd3a1d2e4f7db3476075caba4d71e1,"30:00 Nah benar tuh, kadang yg komen gini sih agak menyebalkan. Kalo memang rasa ribet ya tinggal pake aja sana yg gak ribet menurut dia ykn, gak ush komentar.. wkwk Kalo dia berkomentar gitu ya target pasarnya bukan buat dia.",19,2025-02-28T03:14:53Z,2025-02-28T03:14:53Z,2026-09-27T14:02:15.000262+00:00
Ugw1uuyEoX8_i7ngu4d4AaABAg,l8fPSUqdmOM,9d85d3bbee92a148521973198158d244c5fb69652c810343ddfc497ab6944336,Thanks,0,2025-03-02T17:17:41Z,2025-03-02T17:17:41Z,2026-09-27T14:02:15.000262+00:00
UgzXsnhjtvvziOYIl4p4AaABAg,l8fPSUqdmOM,bd187c046cfc25c013055d435bed04962a8028cc8242222c063860efd5253f7a,mantaf ko selamat sampai tujuan.alhamdulilah,0,2026-03-26T14:41:54Z,2026-03-26T14:41:54Z,2026-09-27T14:02:15.000262+00:00
UgwHa5XR8ltCxvGxWGB4AaABAg,l8fPSUqdmOM,35674d5981fd7e519254015fab24b468a64bd91ba1806731c1a17a73af2d0bfa,"BAGAIMANA PUN BAIK MOBIL/ MOTOR LISTRIK VS BERMESIN, MASING2 PUNYA KELEBIHAN DAN KE KURANGANNYA. , INTINYA GAK ADA YG SEMPURNA.😅😅😅",0,2026-01-05T07:40:01Z,2026-01-05T07:40:01Z,2026-09-27T14:02:15.000262+00:00
UgwqMkIL3igeLDaDtA14AaABAg,l8fPSUqdmOM,4cbc398582a32e88e8df636614e6c6f71fd9056e762c825f5effbb3a5d3b277a,"7:28 tol MBZ hanya lewat JORR dari GT Pulogebang-Pondok Kelapa atau lewat Halim masuk Tol Jakarta Cikampek, kalau dari Tangerang dan sekitarnya baiknya masuk dari Tol Dalkot-Jakarta Cikampek, kalau lewat tol JORR yg baru ga bakalan bisa, karena muncul2 di Cibitung",0,2026-01-15T13:46:20Z,2026-01-15T13:46:20Z,2026-09-27T14:02:15.000262+00:00
Ugx4AD6GVm7yVqcjAWp4AaABAg,l8fPSUqdmOM,ce0b45658e02809f2b42a2ebe7038d1291f18ff82635f7c995f0805633a74da3,Seru ma kluarga kecil jln jln,2,2025-04-11T22:08:01Z,2025-04-11T22:08:01Z,2026-09-27T14:02:15.000262+00:00
UgzRGESu9QZgM4wQemd4AaABAg,l8fPSUqdmOM,d997f01d98c33df60dbccbebf38014b9071ed9d1f41e6f7d58e27aaa310e26c7,Kenapa mobil atau motor listrik gak langsung di sediakan pengecasan langsung dari kendaraannya sendiri dengan manfaatin putaran roda seperti sepeda yang bisa nyalakan lampu dengan listrik yang dihasilkan putaran dinamo mungkin akan lebih praktis 😊,0,2026-01-04T13:24:24Z,2026-01-04T13:24:24Z,2026-09-27T14:02:15.000262+00:00
UgxZmNSSlbLlsaidZUt4AaABAg,l8fPSUqdmOM,3eac9cb2674174631189710e5c5ac985c312f8a5ebb5e7102dda4b9a5dbf2695,"""Jangan memperlambat orang yg mau cepet, jangan mempercepat orang yg mau lambat"" Quotes hari ini... Keren koh",1,2025-03-17T15:58:11Z,2025-03-17T15:58:11Z,2026-09-27T14:02:15.000262+00:00
Ugytp6zGB6ucGS97x0d4AaABAg,l8fPSUqdmOM,901461c3dc5a86fb50a099a886eb72fcbd70b53b3d520785c6caaa87bc2210aa,"22:08 Ini jg pernah gua rasain pas test drive Hyundai Kona EV, biasa pake mobil ICE lari 180km/h udah ngaung-ngaung mesinnya, udh berasa, giliran pake Kona EV, asal gas aja udah 180km/h ga berasa wkwk.",2,2025-04-09T18:00:55Z,2025-04-09T18:00:55Z,2026-09-27T14:02:15.000262+00:00
UgzFpSEipS129oGxZAV4AaABAg,l8fPSUqdmOM,be457a5821e4e283c2e3b306093a1ce73e86814da064f777c7cf07521639c52d,"cipularang&purbaleuyi arah ke bandung, bener2 bikin nguras batre wkwk",0,2025-09-16T08:42:58Z,2025-09-16T08:42:58Z,2026-09-27T14:02:15.000262+00:00
UgwuhOHaSnxBLwAXZ3l4AaABAg,l8fPSUqdmOM,5b61b3c41e3f3a14dad57b76e674cf00f121654a170e3c67a5ea4fb1d3afb994,"Secara hitungan BB, menang dr bensin, tp nge-charge 1jam.... min. Ngopi.... makan... snack..... ya tetep aja jdnya lebih boros dr bensin😅😅😅",0,2026-02-08T22:28:26Z,2026-02-08T22:28:26Z,2026-09-27T14:02:15.000262+00:00
UgypFlkI0vuSrrT2nHF4AaABAg,l8fPSUqdmOM,f55483b6b01e2241f74b7f72961eca3226070b050de8a56952c56c2164b47e94,"Leher, punggung pegel koh...😂",11,2025-02-25T06:42:30Z,2025-02-25T06:42:30Z,2026-09-27T14:02:15.000262+00:00
Ugxf6p7RAsy4Da1DsVt4AaABAg,l8fPSUqdmOM,240ea8d1feff4e885f5f07cc3c345dd454bf8cac11e90dc155059e17ecebfe20,Salam sehat buat Keluarga Koko Driver salam dari Bandung,0,2026-01-05T21:45:42Z,2026-01-05T21:45:42Z,2026-09-27T14:02:15.000262+00:00
Ugy5Fn1FoLH09yZ9UYx4AaABAg,l8fPSUqdmOM,5472123ec7f438073c4edc55f50a3f1abb1be367fad48df3405d5082f761c41a,berhubung sayahmah ga mampu beli mobil.ya sayahmah naik bis aja koh 😂😂😂😂.bdw sukses selalu dengan chanelnya enaken buat ditonton koh...😊👍👍👍,0,2026-02-17T12:45:54Z,2026-02-17T12:45:54Z,2026-09-27T14:02:15.000262+00:00
UgyM_qpsHb3Tov4mM5d4AaABAg,l8fPSUqdmOM,ef59979c3853aad7a21612a5a4629764634bd77e75b251bdaacb41d7810af2c8,Makin mantap ke EV nih saya setelah liat video ini,0,2025-02-26T20:10:12Z,2025-02-26T20:10:12Z,2026-09-27T14:02:15.000262+00:00
UgwmTRsCX8VjEQ7GZUd4AaABAg,l8fPSUqdmOM,6ed9fd42dd1b21d0311061d68626540ade3eb91e8a1ba1649764805c9c729d78,8:15 TOP SPEED Wuling Air EV long range balapan dengan BYD SEAL plat putih.,0,2025-03-01T13:36:55Z,2025-03-01T13:37:25Z,2026-09-27T14:02:15.000262+00:00
UgzPxzlX6YWHQpp9SpF4AaABAg,l8fPSUqdmOM,c125c0395c5153b89e4d24df248f8e93a072c8744f62664bd4adb7beea66f043,Videonya bagus nih enak ditonton.,0,2025-02-25T06:36:26Z,2025-02-25T06:36:26Z,2026-09-27T14:02:15.000262+00:00
UgxxXw4mFoCAA4P47GR4AaABAg,l8fPSUqdmOM,27bf0b9523e8d0e3ec4ddcfdd9d055e58a73d0ac6043331ae0915560e07eff72,"Ini si kokoh realistis bgt. Gw jujur gedeg bgt sama truck di lajur kanan. Kalo gw kayak gt, udh gw teriakin tuh supir truck. Trnya si engkoh ini Sama kaya gw jg, kalo nyupir suka goblok2in org 😂",0,2026-02-27T23:58:40Z,2026-02-28T00:08:51Z,2026-09-27T14:02:15.000262+00:00
Ugz1D5Nyw2n28dEY25t4AaABAg,l8fPSUqdmOM,f4e0e478a6aec24c95c55ba76cf27ca15889f585d98ab62c7dfc2c283da791bd,"yg masih belum masuk akal itu,kalo baterai nya sdh rusak,trs?beli harganya mahal banget bisa puluhan atau ratusan juta....trs kl gk di ganti tu mobil berarti gk bisa jalan.iya ada garansi 5-8thn.tp setelahnya??itu yg konsumen pikirkan....jd sebenarnya irit dmn nya....masih agak ok dengan konsep polytron dengan sewa baterai....karena itu di jamin sampai kapan pun...",0,2025-11-25T10:57:53Z,2025-11-25T10:57:53Z,2026-09-27T14:02:15.000262+00:00
UgxUX1xBOOUprV76JyB4AaABAg,l8fPSUqdmOM,e51a6da44e3858558dc2375229c81751151041bc7309ea4802907df5ede76200,Hati hati koh sama truck yang egois dijalur cepat... Yang waras mending ngalah koh.. Sering kejadian rem blong karena faktor si supir yang memaksakan kendaraannya..,94,2025-02-25T01:44:36Z,2025-02-25T01:44:36Z,2026-09-27T14:02:15.000262+00:00
UgzvLAym4YtUN7bF3LN4AaABAg,l8fPSUqdmOM,6184436058cffd337a0a3022a25e30611122dc4ffffe78b06183cce7ec25dd1c,Jadi masih ingat banget,0,2025-05-23T13:20:34Z,2025-05-23T13:20:34Z,2026-09-27T14:02:15.000262+00:00
UgxdjU1gOCuabCbM1Gh4AaABAg,l8fPSUqdmOM,4327e628c6684c7dd050e483ef5b9e2253fbfb63f66e71755504538f16df4e24,keren,0,2025-07-18T14:10:03Z,2025-07-18T14:10:03Z,2026-09-27T14:02:15.000262+00:00
Ugy8kXYcz_SH5WR_MzZ4AaABAg,l8fPSUqdmOM,98b69ea357fbe4b1e5b70c4c7cbe7dff46378acffb202c466ae4234099a6e33d,"Makasih Ko videonya, seru banget ditontonnya!!",0,2025-02-26T08:53:07Z,2025-02-26T08:53:07Z,2026-09-27T14:02:15.000262+00:00
UgzFo9KmzZ3pMJ4hfjV4AaABAg,l8fPSUqdmOM,d410b42820ae60b2d82413fe4b2a3a319736548eb6c2865cc5a3d13c710af0cc,Makasi ya ko informasinya,1,2025-02-25T06:24:53Z,2025-02-25T06:24:53Z,2026-09-27T14:02:15.000262+00:00
Ugzoi1TmZxYt3vwTTYF4AaABAg,l8fPSUqdmOM,fdef4a18afb9cf34d904e6cec2a363da50743886adbd133256e052f182fa0805,"Koko kalo next trip ke bandung mampir lagi di rest area 72A tapi ke A&W yaaa.
Ditunggu koo🎉",0,2026-01-29T05:33:01Z,2026-01-29T05:33:01Z,2026-09-27T14:02:15.000262+00:00
UgxwYsF9EUvbP8wIgrJ4AaABAg,l8fPSUqdmOM,9b5d27cd3bc22165c8418d0c11c08c285db4d87e37717894e0bbe2dde3e07e79,Otaktruk memang sesuai nanjak kurang oxigen ga mikir ambil jalur cepet,0,2025-03-01T10:54:31Z,2025-03-01T10:54:31Z,2026-09-27T14:02:15.000262+00:00
UgwfWPcnd7uak1Kvo8d4AaABAg,l8fPSUqdmOM,6169f6df0ef6bea555c3bc66d1e4540df705daba1f82f75206141b1860fcee9a,"Akhirinya upload lagi 🎉🎉🎉
Koh saya ojol grab sering ke BSD, gak pernah liat tapi 😂",1,2025-02-24T17:57:41Z,2025-02-24T17:57:41Z,2026-09-27T14:02:15.000262+00:00
Ugzpg1r3ntHKgZ7eRXJ4AaABAg,l8fPSUqdmOM,90edc3f9e986f9ece2635af80c5506bcd7160e4f31a0f0512a1a8f4a0b377a6e,Keren,0,2025-02-26T12:36:28Z,2025-02-26T12:36:28Z,2026-09-27T14:02:15.000262+00:00
Ugwlv39l-pHmG87nnBF4AaABAg,l8fPSUqdmOM,abb9d12ea70c376856f03de504f3e40a99790a22f0c59a41fd35384c9c88632c,Keren👍👍😀 mantap,0,2025-02-26T05:06:30Z,2025-02-26T05:06:30Z,2026-09-27T14:02:15.000262+00:00
Ugyv-2BGo9Bvb8SAYd54AaABAg,l8fPSUqdmOM,f080a169d8d28e2487dcdba0ca1aec6580fc359ce2436d8aacf651e86cbc40a4,Keren etika dijalannya harus ditiru🎉🎉🎉🎉,0,2025-04-09T09:51:03Z,2025-04-09T09:51:03Z,2026-09-27T14:02:15.000262+00:00
UgyTYjSWhskdUgpJb6B4AaABAg,l8fPSUqdmOM,42cb21e331a79e7613105ffc57e8f2b2940eb409a80477c005fc185c4485d497,Trima kasih infonya jd semangat beli mobil listrik plus batre cadangannya😊😊,0,2025-04-28T00:32:47Z,2025-04-28T00:32:47Z,2026-09-27T14:02:15.000262+00:00
UgwSMzKhnM2jkYdpwLF4AaABAg,l8fPSUqdmOM,4629c6c17547edeeb0846fbbdbda392218d8545472108c146e0f4c1e0bc003ec,Kelihatan enak mobil listrik cuma agak lebih lama dibanding mobil bensin,0,2025-03-20T04:22:21Z,2025-03-20T04:22:21Z,2026-09-27T14:02:15.000262+00:00
UgwoBCB3-YbAHcvmeuZ4AaABAg,l8fPSUqdmOM,256cac374a05dc4359bc2439958f0aa407a52d81217eb5f3d413bc36d081c6cd,Makasih loh ko infonya,0,2025-11-26T17:10:55Z,2025-11-26T17:10:55Z,2026-09-27T14:02:15.000262+00:00
UgwnBmlrF2R0Vo0GIE14AaABAg,l8fPSUqdmOM,cc1f8638ddc6279fab9e97be9954c2ab4189d711dc7c11d9668479ed4d32f737,"Masih ketar ketir sih koh, spklu masih minim, mungkin tunggu spklu SDH banyak, baru coba vinfast 3",0,2025-06-08T12:57:13Z,2025-06-08T12:57:13Z,2026-09-27T14:02:15.000262+00:00
UgxytQCbCXcR90sfTmB4AaABAg,l8fPSUqdmOM,2984ca68728baab3a260b31d84ed30a37cc2c017ae730c7dc2d625d1b6fb7166,"80rb itu jika perjlnn dari tangerang ke bandung,, coba dari bandung ke tangerang mngkin hnya hbis di 40rb - 50rb aj ko, jadi htungan yg lbih akurat di total dl perjlnn PP, pasti hasil nya makin jauh dgn mbil ICE",1,2025-02-25T10:14:59Z,2025-02-25T10:14:59Z,2026-09-27T14:02:15.000262+00:00
Ugz8KJi7ta8LOmq4PzF4AaABAg,l8fPSUqdmOM,ca9400f30ed4cc6982d12505e178d644f0758df4863b0055fc8b9c11e0efc529,❤❤❤,0,2025-03-04T10:42:56Z,2025-03-04T10:42:56Z,2026-09-27T14:02:15.000262+00:00
Ugy6ehO7vEvhnbIMJL54AaABAg,l8fPSUqdmOM,97e0e8cf4af7f821686df9cf946048ffe14a4dc7d8ea1ed2699d1db8da401703,Mantapnyo,0,2025-03-02T02:44:31Z,2025-03-02T02:44:31Z,2026-09-27T14:02:15.000262+00:00
UgyPIgodgd1RbyC3raV4AaABAg,l8fPSUqdmOM,2577b013abbbe3b74324129d63fceed44720ccfac9b2488d68666f15d0399e56,wahh asik nih....beli ahh mobil listrik + batre cadangan nya,0,2025-04-22T06:12:59Z,2025-04-22T06:12:59Z,2026-09-27T14:02:15.000262+00:00
UgwmnJKfPK6G0ON4iQR4AaABAg,l8fPSUqdmOM,0ded6c716dcedcae4d16dc9e083a544b26213e00dc1f5f213515f943cae7813c,"Mantap, saya pernah pake wuling air Ev dari Purwakarta ke Taman Safari batere habis 80%",19,2025-02-26T01:24:19Z,2025-02-26T01:24:19Z,2026-09-27T14:02:15.000262+00:00
Ugx6INmL_21nJS87YCt4AaABAg,l8fPSUqdmOM,ed370ddc2e4e811c5cf02e8582fa069e0a9c1dc2df53888f181f3312137d6e9f,Mantap koh,0,2025-04-03T11:19:57Z,2025-04-03T11:19:57Z,2026-09-27T14:02:15.000262+00:00
UgzwQq7lNInHCtxlTn54AaABAg,l8fPSUqdmOM,b9a0ab98e3b958b0b479528d33cf7493fa5b2379922fde11ffa3f94475088970,"terima kasih Ko videonya.. berguna bgt buat keluarga kami yang masih timbang2 utk menggunakan mobil listrik.. bahkan AirEV pun masih mumpuni utk jalur luar kota.. semoga channel nya terus berkembang, berkah dan sehat selalu utk Koko dan keluarga..",4,2025-02-26T04:35:27Z,2025-02-26T04:35:27Z,2026-09-27T14:02:15.000262+00:00
Ugw4-J2GeZnxlTKkQCJ4AaABAg,l8fPSUqdmOM,7bf2ad6f6ba4ce315afd6f180f53d03a01ef0435f9205579e6d9b26ad7620da5,Deg degan juga ya koh baterainya,0,2026-04-01T23:25:29Z,2026-04-01T23:25:29Z,2026-09-27T14:02:15.000262+00:00
UgykymzcNGUc3dHjE194AaABAg,l8fPSUqdmOM,9fa1c016494cef25761decb12c193ecd4896f80dfdec476f07e3fc8818c283b7,"perjalanan dari tangerang ke bandung via tol baru yang serpong-cinere muncul"" dibekasi menurut gw sangat tidak worth it koh, lebih ke nyesel gw lewat sini. niatnya mw menghindari kemacetan jakarta, tp malah kena macet dibawah mbz mana jalan jelek penuh truk dan bus yang suka tiba"" d jalur cepat dan terakhir harga tolnya lebih mahal. haha. mending muter dikit lewat jakut dan muncul d mbz lewat lingkar luar, klo mw menghindari macet d tol dalam kota. cmiiw",0,2025-04-24T14:42:48Z,2025-04-24T14:42:48Z,2026-09-27T14:02:15.000262+00:00
UgwuLKcsGIhbrJxVszJ4AaABAg,l8fPSUqdmOM,d3d5ff4830ec7444fd8f40f5aac68da03dd45aa879c51b51f7a181674f7be7c5,"Saya mode eco mentok di 83, disuruh minggir mulu kalau lg di jalur kanan wkwkwk",0,2025-09-29T18:03:32Z,2025-09-29T18:03:32Z,2026-09-27T14:02:15.000262+00:00
UgxvdMAp1Eqvv7E32zp4AaABAg,l8fPSUqdmOM,ed56708ffd12456c9eee6e84d3ff44e396b70ec777736451274de15c278309f1,3:50 kocak kamu koko😅,1,2025-08-28T11:41:00Z,2025-08-28T11:41:00Z,2026-09-27T14:02:15.000262+00:00
Ugz1axKQfCywz5cmTZB4AaABAg,l8fPSUqdmOM,7adc621ea8c08893cbc662edb0de93e975cf75222a48e482242f3be11771fbcb,"Nonton ini sambil kerja, ga berasa udah selesai aja videonya 😅",0,2025-02-25T02:48:32Z,2025-02-25T02:48:32Z,2026-09-27T14:02:15.000262+00:00
Ugx1gfEJzTtIoJf1Hf14AaABAg,l8fPSUqdmOM,88c5345110da636acd685a75f9e28065a2ba6b2d6cbd248003978d919d6a06a4,Kalau bawa genset bisa lebih nyaman diperjalanan. 😊,0,2025-05-27T08:20:06Z,2025-05-27T08:20:06Z,2026-09-27T14:02:15.000262+00:00
UgxTy8s_GK1qCyO8wbt4AaABAg,l8fPSUqdmOM,656c2e004ba8395305e569b0f3cf2a283e4c06685462df764b7ed9c54204b0e0,Ini contoh nyetir yg benar.,0,2025-03-28T12:53:00Z,2025-03-28T12:53:00Z,2026-09-27T14:02:15.000262+00:00
Ugz23LrFdDU5qkXCAD54AaABAg,l8fPSUqdmOM,147cedd6f71c38cfb131464840253770481cca445fabbc1d1fa48101604ad609,"Semoga Bp YAHWEH didalam Yeshua ha Mashiakh Adonenu le olam waed, senantiasa memberikan kasih karunia anugerah iman keselamatan bagi sdraku koko drive beserta seluruh keluarganya dimanapun berada!!! Dari Samarinda Kalimantan Timur.",1,2025-03-12T05:48:55Z,2025-03-12T05:48:55Z,2026-09-27T14:02:15.000262+00:00
Ugxu6tsy8ND3pdVGRT54AaABAg,l8fPSUqdmOM,1200efe4f7482f2754eeb7881f92f7fba4f10004211bf831e76103ebcb2bab99,mobil mobil payah yg bikin pemerintah ga berani naikin batas atas kecepatan.,0,2025-02-27T07:27:26Z,2025-02-27T07:27:26Z,2026-09-27T14:02:15.000262+00:00
Ugz9cRdHrAl6DOXfqYZ4AaABAg,l8fPSUqdmOM,80aea771cf7590cf256302320df746e21ee6e5b6169e3c35cde0d401d2eb80d5,"Saya baru banget melamar sebagai sales wuling, semoga saya memahami teknis kendaraan yg akan saya jual...terimakasih koh atas edukasi nya, saya subscribe ❤",0,2025-05-01T11:22:00Z,2025-05-01T11:22:00Z,2026-09-27T14:02:15.000262+00:00
UgyXpbgWLrTeUGPz3NJ4AaABAg,l8fPSUqdmOM,9c61131a9cfdfd4e4982cdcd49897224ca1944bd606f580bcacdd5b82c6bc8ac,mobilnya sndiri ada naek ring velg ga ko? atau pakai velg standrt?,7,2025-03-02T14:32:28Z,2025-03-02T14:32:28Z,2026-09-27T14:02:15.000262+00:00
Ugza4OUAH9OJzI91cOZ4AaABAg,l8fPSUqdmOM,28e88530fbb53fe9c1b4aba20245117f2713f099094835b3665a19cad4764bd4,Akhirnya update nah update vlog gini gapapaa ko sering sering,0,2025-02-24T14:26:15Z,2025-02-24T14:26:15Z,2026-09-27T14:02:15.000262+00:00
Ugy9JWtmxgSQMQfQkel4AaABAg,l8fPSUqdmOM,3a6e294153234eb4d2ed9079a665b168f7e3d47349d2dcbaacd010ee22d5907c,Setiap nonton yotube Koko selalu bawa aura yg positif 😇,0,2025-02-24T16:39:29Z,2025-02-24T16:39:29Z,2026-09-27T14:02:15.000262+00:00
Ugz6fdSOIC8bOcMRXqR4AaABAg,l8fPSUqdmOM,b73336d34da610cffa5dc271d3953dbeb4fb111e91a5870cbcf04ce92b16986a,"Klo aja bisa dc charging, pgn bli buat mobil kedua",0,2026-02-27T16:40:04Z,2026-02-27T16:40:04Z,2026-09-27T14:02:15.000262+00:00
Ugz8At3-6uAwpsYafF54AaABAg,l8fPSUqdmOM,675e1b9c6a75ce65150c3bca146fb3bbcee5c36b9df66515f907058a9b6aaf7e,"terbaik kooo, lanjut ke jogja ko pake AIREV",0,2025-04-06T12:24:53Z,2025-04-06T12:24:53Z,2026-09-27T14:02:15.000262+00:00
Ugw1jh7CEDnHquAfVNh4AaABAg,l8fPSUqdmOM,28161ba0852e1f10ae5c222c87931eed485f054ed2d9f694c7da55f5d6d8bca3,"Nice Koh, minggu lalu aku dari bekasi bandung PP bawa air ev lite 300 cuma abis 37k",1,2025-02-25T18:29:04Z,2025-02-25T18:29:04Z,2026-09-27T14:02:15.000262+00:00
UgwYiSjjrEBsKyR4xQ94AaABAg,l8fPSUqdmOM,aa3673860cf876010af2d098cd6675e595e954691c293a16d6764b619d5045f6,"Ok, maantap Kang, minat untuk punya...😊",0,2026-05-31T06:01:05Z,2026-05-31T06:01:05Z,2026-09-27T14:02:15.000262+00:00
UgwPiF6dWqyn4A4XHDJ4AaABAg,l8fPSUqdmOM,6184436058cffd337a0a3022a25e30611122dc4ffffe78b06183cce7ec25dd1c,Aku pernah ke situ juga ke hotel,0,2025-05-23T13:19:53Z,2025-05-23T13:19:53Z,2026-09-27T14:02:15.000262+00:00
Ugybeivf8bS1NakJuJ14AaABAg,l8fPSUqdmOM,2d3e466d66e69f52621a32f7f04fe54d2f630abfc413af94184ffb46c3cf5c0f,"Jadi makin pengen minang air ev ini,, keknya praktis irit gitu. Kalo seken masih Oke nggak ya??",0,2025-05-01T07:49:00Z,2025-05-01T07:49:00Z,2026-09-27T14:02:15.000262+00:00
UgwHC8njjs3s4CUgwn54AaABAg,l8fPSUqdmOM,8ff415698bef5b1f4013a3768502394ddf6e4e5d3614e76e2e0a778594d79f83,Bnyk bget mobil Koko bisa Gonta ganti pake mobil he,0,2025-03-08T22:23:24Z,2025-03-08T22:23:24Z,2026-09-27T14:02:15.000262+00:00
UgyT6IlBok8q-xn3xph4AaABAg,l8fPSUqdmOM,793f6854d1dccf42599ef9530adf12cc26ca5c795951183905d2758c4342f2f8,Vjp qua,0,2025-03-26T05:48:09Z,2025-03-26T05:48:09Z,2026-09-27T14:02:15.000262+00:00
UgwqpdlWI4i4r3bOyGl4AaABAg,l8fPSUqdmOM,aa8c57453168103e827767aa4ce634d354840f8cdcc11ea7f89ee0934d940685,lama2 shifting nih ke review mobil 👍👍,0,2025-02-26T10:50:27Z,2025-02-26T10:50:27Z,2026-09-27T14:02:15.000262+00:00
UgzqkxW4RPgGfmfFIPp4AaABAg,l8fPSUqdmOM,4d384b10760c3323ab80c2bb096bd02355de174d1f15bc627af1647304a805bf,Mantap.Kohnya selain menghibur juga mengajarkan cara mengemudi yang ber etika,1,2026-01-08T05:27:16Z,2026-01-08T05:27:16Z,2026-09-27T14:02:15.000262+00:00
UgwulUhXD8XdFuy27uN4AaABAg,l8fPSUqdmOM,9c4a7ee8f5898f7fb3f8147062988b725570bfc28a2e38bca7375c4bb45f2f11,Kenceng jg koh.,0,2025-04-16T14:53:59Z,2025-04-16T14:53:59Z,2026-09-27T14:02:15.000262+00:00
UgzNz-zd0-5Jw4UZDJ54AaABAg,l8fPSUqdmOM,a817517d226264c1cf762c7c024426756e81f6a96bb405512575fd5bf1e5a4cf,Lebih cocok ngevlog keluarga 🌲 ketimbang taxi 😅,0,2025-02-26T12:15:44Z,2025-02-26T12:15:44Z,2026-09-27T14:02:15.000262+00:00
UgxRFNPSrc8R3RAfbXJ4AaABAg,l8fPSUqdmOM,2c6d2b9fb471eef4c1d42d3b854028b4c1581857db88e514a4613a807e104599,Mantap bos egamikirin bensin aku orang kampung cocok ega kalow diperkampungan,0,2026-03-06T05:42:14Z,2026-03-06T05:42:14Z,2026-09-27T14:02:15.000262+00:00
UgxZ-I3GGGzqcZOkmu54AaABAg,l8fPSUqdmOM,68883f3ba2fe4c31c947e394348b0319ecfe95762d58d91d0f2545fada552904,🚙🚘,0,2025-12-07T15:17:23Z,2025-12-07T15:17:23Z,2026-09-27T14:02:15.000262+00:00
UgxnjgMW3wMWeaztl4R4AaABAg,l8fPSUqdmOM,870df951869dffede09fb216da8b9d925ec413f152460e4cd07c887fa90e9ed7,"Parah bgt makan nasi padang ampe 200 rb. Untung gw kalo mampir ke rest area ,ogah makan nasi padang",0,2025-03-09T17:12:06Z,2025-03-09T17:12:06Z,2026-09-27T14:02:15.000262+00:00
UgwmvhYtFvEIEPeUIHR4AaABAg,l8fPSUqdmOM,abd867834a8a64d63fa7ec847916d89bc1d92a710b0efe0b625679bb6fbea964,air ev dibawa cepe wewwwwww,0,2026-04-19T10:16:29Z,2026-04-19T10:16:29Z,2026-09-27T14:02:15.000262+00:00
Ugxr1gULk19U5xo8dmp4AaABAg,l8fPSUqdmOM,eca77bd4c9bfef6726b1e92bc9c7f4d7d4a991cec654fa44ecfc72b4976bb418,gokill mantapp iritt bangett,1,2025-02-26T04:29:42Z,2025-02-26T04:29:42Z,2026-09-27T14:02:15.000262+00:00
Ugx7KTqXHjboObkQjkl4AaABAg,l8fPSUqdmOM,3aafb9df1613f828103a99a340cfba1f913bd510b6624decc0261b8300c4dc57,"walau bukan pemakai ev wuling, tapi semenjak pake mobil listrik, jadi rajin nyetir bolak balik jkt-bdg, dulu pake wuling almaz PP bisa 1jt ngisi pertamax/shell 92, sampai akhirnya mutusin pake whoosh aja, tapi sekarang PP cm nyecharge 150rb-an",21,2025-02-26T03:37:44Z,2025-02-26T03:37:44Z,2026-09-27T14:02:15.000262+00:00
UgwC_ZoYhy4yJ0hhTLR4AaABAg,l8fPSUqdmOM,2f752dfdbfc6d70f0ccd9542c9a3286f0f0c553c0830021b5f9a23d922f257ff,Mobil listrik ringan mobil suv berat,0,2025-10-05T12:38:59Z,2025-10-05T12:38:59Z,2026-09-27T14:02:15.000262+00:00
UgyaP-Fhp3Udb5s_O4d4AaABAg,l8fPSUqdmOM,37d6cb3838a8a73d54a42d37f4a335dd4cf76278dd7c02c2b6ebc318ec338eeb,"Keren keren. 🎉tapi subtitle bikin pusing, on off.",0,2025-12-18T03:55:03Z,2025-12-18T04:13:08Z,2026-09-27T14:02:15.000262+00:00
UgyVZzO6maon_iKBE_J4AaABAg,l8fPSUqdmOM,a520c03ae006a29b1ea946d31262bf44acb7e43b75cc096bdf6f3df8f8463ab4,Bg bikin perjalanan begini pakai atto 1 nya plisss,0,2026-01-21T02:26:20Z,2026-01-21T02:26:20Z,2026-09-27T14:02:15.000262+00:00
Ugx0Bucy6XYvtJRXX0l4AaABAg,l8fPSUqdmOM,b98031b91fb7adf82236d47f0ee2904537f92f8064e65b52453befee5b80998a,Thx yu info nya..gua punya wulling binguo blm coba ni,0,2025-09-10T04:43:26Z,2025-09-10T04:43:26Z,2026-09-27T14:02:15.000262+00:00
UgzyIJLikNxCK7gRZe54AaABAg,l8fPSUqdmOM,942e817a3d5cd8db8afbbf14bfebefeb2d35f5d3851371f59ec1c617e539a864,"Maap ada yang tau apa bener AC nya Wuling Air ini katanya gak bisa dingin?

Dan bila banjir dikit (setengah ban mungkin) gampang konslet?",0,2025-11-29T05:53:10Z,2025-11-29T05:53:10Z,2026-09-27T14:02:15.000262+00:00
UgyhmXam-h11qj01QjB4AaABAg,l8fPSUqdmOM,38c9493950942d4fa4a63947cee022fdd8178b9baa143499601e7ebfcd225cda,"Ko, Klau di jalan datar untuk menyalip2 enakan mobil ini atau mobil LCGC?",2,2025-02-26T06:08:33Z,2025-02-26T06:08:33Z,2026-09-27T14:02:15.000262+00:00
UgyyK3u__6siQK8BdHJ4AaABAg,l8fPSUqdmOM,c4367fd06a85faaba93af3d5726352389e4d75197911e69ce2b72e39b1fccecd,"koko ama istri mirip ya.
kyk kakak adek aj😊",0,2025-04-20T14:43:06Z,2025-04-20T14:43:06Z,2026-09-27T14:02:15.000262+00:00
Ugzm27pGLa44BS0gWaV4AaABAg,l8fPSUqdmOM,81090b43fd66aa48e1323649737b42265afae7c0b190a1f4ae07e1b2384e6cd0,"1:46 bukan kencing keknya, ngising😂",0,2026-03-24T13:01:00Z,2026-03-24T13:01:00Z,2026-09-27T14:02:15.000262+00:00
Ugz_ksPod7mRE3Rkw1l4AaABAg,l8fPSUqdmOM,8c64aedc4f51658606c9064531e735b1cc1775f722186c5d6b94a47f4866a749,Koh mau tanya kalau kecepatan 100 buat air ev limbung ga ya? Soalnya yg kecil biasanya rada limbung,0,2025-05-11T11:00:26Z,2025-05-11T11:00:26Z,2026-09-27T14:02:15.000262+00:00
UgyeJLuCr7UAd1pPMYN4AaABAg,l8fPSUqdmOM,623c70ade07bad73848bc6b3e28c601723d920ad0fc9610891ca4fa636888209,"Semoga mobil BBM akan di musnahkan oleh pemerintah, karena saya gak punya mobil.",0,2025-08-03T11:01:15Z,2025-08-03T11:01:15Z,2026-09-27T14:02:15.000262+00:00
UgwoSCESeq3AHU8d5q14AaABAg,l8fPSUqdmOM,a95cd64e18c06f5be66024e305f981e5066d445645885724f0d9e4a178cdd87b,Geter begitu ya stirnya,0,2025-03-02T12:37:54Z,2025-03-02T12:37:54Z,2026-09-27T14:02:15.000262+00:00
Ugxh_me-HzepdAPn9fl4AaABAg,l8fPSUqdmOM,a86919eafe5d333cf62c19bedcd90876740a6f7e304aca0b349c0b07ec05d6f2,Balaraja bandung 4 jam koh.,0,2025-09-21T14:58:06Z,2025-09-21T14:58:06Z,2026-09-27T14:02:15.000262+00:00
UgzqUyajlwZmYwOC_m14AaABAg,l8fPSUqdmOM,3152559f33b1c0211b2d92f76d0a595995f2d4c7aafe553cd8dbe54876b13092,Salah satu traffic di bussid 😂,0,2025-02-26T10:59:37Z,2025-02-26T10:59:37Z,2026-09-27T14:02:16.602859+00:00
Ugzy2vY4avA7UyK2Txx4AaABAg,l8fPSUqdmOM,e9e6a4bbd264621fd8d4e437bbb237847179b9111625a9be739b45cd91a88a80,Gw dr kintamani ke bali batre sisa 15% ga sempet cas tp sampe dengan aman si cuma ya itu ketar ketir bgt 😂😂😂,1,2025-03-04T01:23:34Z,2025-03-04T01:23:34Z,2026-09-27T14:02:16.602859+00:00
UgzadUbqvve92YbthaN4AaABAg,l8fPSUqdmOM,fb3a46e4d28a8faba7c65ff2288055cf7691570af245495f4499cc951bedc17d,Dipikir2 ribet ya isi eneegi saja 1 jam 25%,0,2026-01-26T22:34:41Z,2026-01-26T22:34:41Z,2026-09-27T14:02:16.602859+00:00
UgyxmNat5LIsvgu9NHd4AaABAg,l8fPSUqdmOM,24f983505d8d501ae8880e52c11e3dd93bc8987da30cf025e11fd0d9e1cb258d,"Koh, kl lagi ngecas SPKLU....istirahat di mobil sambil nyala Ac. Ngaruh lumayan di pengecasan jadi lebih lama ?",0,2025-02-25T06:27:30Z,2025-02-25T06:27:30Z,2026-09-27T14:02:16.602859+00:00
UgyHMjFnCKfos1uiqD54AaABAg,l8fPSUqdmOM,0652d003a924f7442b5cc9fcf6c9f2cc6045e4bf901073207c1a342dd1fa7b4d,"faktanya Undang² no 22 thn 2009 tentang lalu lintas&peraturan menteri perhubungan no 99 thn 2017 truk&bus hanya boleh dijalur kiri,sopirnya truk&bus nya aja begoo",5,2025-02-28T14:04:58Z,2025-02-28T14:04:58Z,2026-09-27T14:02:16.602859+00:00
UgwMrSrH2oUek0o5WBB4AaABAg,l8fPSUqdmOM,49912e1ea5f8c484aa361f465e68798bc4dd5c2411b079b241380938fe0cf8c6,Apakah ada discount toll pakai EV compared dgn mobil bensin?,0,2025-03-31T01:03:37Z,2025-03-31T01:03:37Z,2026-09-27T14:02:16.602859+00:00
UgyH8MXABhShAHQuBf94AaABAg,l8fPSUqdmOM,d9f568ccfa7f12c396016bd1bf214fd4d2c22431f41c7a00ffc40a60edf526da,"Koh, top speed nya brp? Air ev saya odo masih under 500km, di gas sampe mentok cm dapet 107km/h. Hehe. Td coba ngintip di Kokoh 106 ya?",0,2025-02-25T16:37:09Z,2025-02-25T16:37:09Z,2026-09-27T14:02:16.602859+00:00
Ugxv23mGIchf2SEpw3R4AaABAg,l8fPSUqdmOM,688a594051c9eb5485b0754febf6fc48a01251e9fc61fc58ee0cabfb85369a79,"Ayla matic 1000cc cuman 50rbu mas jakarta-bandung😂, jakarta - jogja cuman 250 rbu 😂",0,2025-03-16T12:14:34Z,2025-03-16T12:14:34Z,2026-09-27T14:02:16.602859+00:00
Ugym3RQtQ0QSfwso-cx4AaABAg,l8fPSUqdmOM,fa3d6f658d26766b8f898ad4300c7a7d75173d9ee22f7b276966b7623c8ea619,"Koh cuma mengingatkan, jangan langsung di cas battreinya krn bisa melembung krn masih panas",0,2025-04-27T14:22:48Z,2025-04-27T14:22:48Z,2026-09-27T14:02:16.602859+00:00
UgwfPHjozLZiNo-vZOB4AaABAg,l8fPSUqdmOM,92d927e587d187f3cc029ae361b7bf8526c4cb58ba4826e13c9420af467e5b87,"Suaranya kaya didlm pesawat kaya bukan di dlm mobil, senyap gitu",0,2026-01-22T06:42:25Z,2026-01-22T06:42:25Z,2026-09-27T14:02:16.602859+00:00
UgzLIF2WH9o38p4T1Ax4AaABAg,l8fPSUqdmOM,de767b88b384901b8fcf3a23549c1efa8f8a40df2763daf5cf031ed116edcc33,"Mantap bang, lg nunggu Datang Binguo smoga terbiasa bawa moblis",0,2025-02-24T20:57:58Z,2025-02-24T20:57:58Z,2026-09-27T14:02:16.602859+00:00
UgxH-Ig0UG01QnzHq6h4AaABAg,l8fPSUqdmOM,889c9a520ab56a5517618ae5d287e8eab6f39d4e0dbe6f2a03ec836feee6ff17,Hitung hitungan listriknya kira kira habis berapa itu Koko driver? Kalo dicas dari hampir habis katakanlah 20% sampe full? Lama gak carghingny?,0,2025-04-09T13:53:59Z,2025-04-09T13:53:59Z,2026-09-27T14:02:16.602859+00:00
UgyvdOxl5lKQYoNPQ6h4AaABAg,l8fPSUqdmOM,2bdfd4a87f4210e12ac7534b6b40f31d6048a5f66038dc3d9328ae3b129221be,Geter bgt ya kayaknya,0,2025-12-08T05:16:26Z,2025-12-08T05:16:26Z,2026-09-27T14:02:16.602859+00:00
Ugybowko-4un6U3IhvR4AaABAg,l8fPSUqdmOM,ce85f7be7b130b2320b4116e9aa0e808596dfacbf0e9f19b55c5734b5ffd994f,Cuma getar banget ya.,0,2025-02-26T07:43:32Z,2025-02-26T07:43:32Z,2026-09-27T14:02:16.602859+00:00
UgzeoVIaYkKPjF6GRlJ4AaABAg,l8fPSUqdmOM,ad2494e1af851c3472400f0330e6c8a57a6e24224f3071e1ca2db4792a3b896b,2 jalur mah bebas lewat kanan atau kiri,0,2025-04-09T00:54:37Z,2025-04-09T00:54:37Z,2026-09-27T14:02:16.602859+00:00
UgwMSvVZp3XiURJkR8d4AaABAg,l8fPSUqdmOM,e4669835ba96bc463fdada7f559ccfeef7bc0cc7926d006b4512dd790eb6f061,Tetap bensin lah.,0,2025-11-25T03:19:35Z,2025-11-25T03:19:35Z,2026-09-27T14:02:16.602859+00:00
UgzRnY9gnfaSSuLb8ex4AaABAg,l8fPSUqdmOM,f023a43a7b7d6d87a8d32e4ea0ffbec63664407bf0f6a6f74c5ef2d899454ae5,koh mw tuker tmbh ga pke cloud new wuling test drive bisa kohh,4,2025-02-27T13:01:04Z,2025-02-27T13:01:04Z,2026-09-27T14:02:16.602859+00:00
UgxNLCDt-xcGOSN8B8N4AaABAg,l8fPSUqdmOM,ea113a2ebc658b8605f52c6a779133bc819f0bdd069eff3a80e71c0af8e39f20,saya pernah bawa air ev dari bali ke jakarta... not fun. not ideal. but its doable. boleh di coba dan ngevlog.,9,2025-02-25T16:04:26Z,2025-02-25T16:04:26Z,2026-09-27T14:02:16.602859+00:00
UgxYtkKMvZZORAfmyuF4AaABAg,l8fPSUqdmOM,6ed9fd42dd1b21d0311061d68626540ade3eb91e8a1ba1649764805c9c729d78,22:52 Wuling Air EV long range balapan dengan Wuling Air EV long range.,0,2025-03-01T13:41:28Z,2025-03-01T13:41:28Z,2026-09-27T14:02:16.602859+00:00
UgwpOCpwohGysItIbC14AaABAg,l8fPSUqdmOM,05331abfa359ed093e10d0e1f2fd7d2cbd80c362244386859c65d5909e1b7d6f,klo mobil listrik itu klo kaki kita sopan ngaruh g sih jadi irit koh? trims,0,2025-09-30T09:32:11Z,2025-09-30T09:32:11Z,2026-09-27T14:02:16.602859+00:00
UgwVNJB3aB5qSFHlfyd4AaABAg,l8fPSUqdmOM,d5721a3f442bd924bfc07866f5c11ea920544f4c05722c1656cccf0aa74f1d72,19:59 parah banget truknya wkwkwk,1,2025-02-25T01:44:18Z,2025-02-25T01:44:18Z,2026-09-27T14:02:16.602859+00:00
Ugxc269S6rYkH4EgEOB4AaABAg,l8fPSUqdmOM,e91d868fc293ed6ec53f32566c5548b47f5f005f3140f6e5b3e94a46d06bf47d,"Hi Ko, pake app apa namanya u/ charge listrik nya itu ?",2,2025-02-28T12:12:04Z,2025-02-28T12:12:04Z,2026-09-27T14:02:16.602859+00:00
Ugxg54-ci3fZOhu6INx4AaABAg,l8fPSUqdmOM,cfc28b9154607592d9c85a54e8fa19360e7a538f26192dea30f163ca0b8ed4ee,priiiiit. max speed di cipularang 80km2 koh 😝,0,2025-11-10T09:06:06Z,2025-11-10T09:06:06Z,2026-09-27T14:02:16.602859+00:00
UgxMIgF-WQ4D2Lzpb8B4AaABAg,l8fPSUqdmOM,ea1a2238fca6bf306776c3b0fc6ef17dea2d1b1cc1f881966a6cd74f2b7830f0,Itungannya sma E-tolnya koh brp hbsnya?,0,2025-03-17T04:05:41Z,2025-03-17T04:05:41Z,2026-09-27T14:02:16.602859+00:00
UgyN91lkjIuL4G7FWK14AaABAg,l8fPSUqdmOM,7cb16ed836ef2d4841ebd954e003de3d0d0e454cc00fa975a0237fe9747b5158,bnyk iklan judol koh😢,4,2025-02-25T12:07:54Z,2025-02-25T12:07:54Z,2026-09-27T14:02:16.602859+00:00
UgxtWxapPXBkwy27Vtt4AaABAg,l8fPSUqdmOM,4bc877ab3e5d0a616210a547ebe7bed56f09df4f1f2c6e221a9b49978e6597f0,"Koh, Jkt-Bdg bawa ban serep ga? Ga serem apa tanpa ban serep saya jadi ragu mau pilih ini mobil secara ring 12 tanpa ban serem",0,2025-04-23T17:16:04Z,2025-04-23T17:16:04Z,2026-09-27T14:02:16.602859+00:00
Ugyd1yjAv4L71ejSKDd4AaABAg,l8fPSUqdmOM,0d457a04a7195d56cf09ea985ab9fec9873031bfd103eb5b52f3da833b9da141,jatuhny brati gk akan bisa achieve 300 km ya dengan claim dr pabrik unless bawany bener2 slow bangettttttt,3,2025-02-26T01:15:23Z,2025-02-26T01:15:23Z,2026-09-27T14:02:16.602859+00:00
UgxC9hp4ocUunT4ryiV4AaABAg,l8fPSUqdmOM,5fb49c6a45e45769572d7ff8a0dd9aaeba56a8f43598c108f72f3a29d22c1a52,Klw wuling ev ama byd atto 1 enak mana koh?,0,2026-01-05T13:45:51Z,2026-01-05T13:45:51Z,2026-09-27T14:02:16.602859+00:00
Ugzw36X4mFblbFK0-Ux4AaABAg,l8fPSUqdmOM,b5483944e0ae73dc10e1dab60b41402d35c5966a157df79541061a1b6d77cf2e,Boros battery disaat macet  dan tanjakan.,0,2025-11-07T16:05:13Z,2025-11-07T16:05:13Z,2026-09-27T14:02:16.602859+00:00
UgwwvFKiIZcV7PoJaaR4AaABAg,l8fPSUqdmOM,0762ca9ac22759af1a84b9cb0f15c0becefdcf3035683b3e1bd7c57d1a472f87,8:22 kalo ada rejeki nomplok hasil kerja bisnis coating+youtube koko bisa impor xiaomi su7 ultra limited edition ko 😄🦾 ev milik xiaomi sang hp rakyat di Indonesia dengan tenaga 1500++ salip supercar sultan pun easy peasy bantai gtr godzila aja bisa aplg hanya land squid 😅,2,2025-05-02T14:54:33Z,2025-05-17T03:52:23Z,2026-09-27T14:02:16.602859+00:00
UgzBfokB39xBak28rdt4AaABAg,l8fPSUqdmOM,504ecff3fbc41733f4fc5c49e27cdeff8138b7e789abcb8b33f4e39e90e43ca1,Harganya kes pasti mehong ya...,0,2025-08-30T06:24:49Z,2025-08-30T06:24:49Z,2026-09-27T14:02:16.602859+00:00
Ugw29cflr9rmQz7FXah4AaABAg,l8fPSUqdmOM,803aa3640cc0591960d4940e5cc8ea6fdfaf78822cf378f73ce1a54ed4dda14f,"Ko, di layar kiri nya itu Google Maps ya? Berarti ada 1 HP nya yg juga mesti nyala terus ya? Screen mirroring kan ya? Screen HP nya ga bisa off ya Ko?",0,2025-02-25T13:30:14Z,2025-02-25T13:30:14Z,2026-09-27T14:02:16.602859+00:00
UgyGulvkmDBN9iNeXb54AaABAg,l8fPSUqdmOM,71dcb4ef7356828ae9a1da7cddd4715b1cc2100f1ed9f7f0a8eddfab647ae537,Buset lumayan juga ya koh bayar tol ke bandung,0,2025-12-10T16:45:22Z,2025-12-10T16:45:22Z,2026-09-27T14:02:16.602859+00:00
UgxlYgs1WuNsyYpkJQt4AaABAg,l8fPSUqdmOM,e78578695c7b631234c2ba6a70c2505e139175321f37d5dcd299ceccf485e3f0,Geter gitu tu mobil,0,2026-01-31T11:34:57Z,2026-01-31T11:34:57Z,2026-09-27T14:02:16.602859+00:00
Ugy7CetGVrGwu6va79N4AaABAg,l8fPSUqdmOM,6c657f9c3df47c5da5068b367acf0cd7e78bcda2bcb25f92519960b455884557,Ngeti koh liat getaran tangan di stir nya ...😂 Ban kecil mah gitu ya😃,0,2025-03-11T03:56:23Z,2025-03-11T03:56:23Z,2026-09-27T14:02:16.602859+00:00
UgzBNkv7ES2xnCtwUOl4AaABAg,l8fPSUqdmOM,488f8c66588f3c32fbbfaefa71298a8c3a1892deb1f0f6aac5cb8323acea45f3,Agya bandung cuma 50 ribu,0,2025-03-30T14:35:52Z,2025-03-30T14:35:52Z,2026-09-27T14:02:16.602859+00:00
UgwVETHzSYSVOg1PjSh4AaABAg,l8fPSUqdmOM,9282bb87c5693ec80bfe6e4183a591a9c9ed2ba854b00a459f3ac4815c0f14a4,"Kayaknya klo saya dari v power terjun ke listrik bener2 kerasa kali ya penghematannya, klo dari pertalite mgkn ga terlalu signifikan rasanya..
Btw ko air ev ga bisa crawling ya? Klo parkir mundur harus gas gas gt ya?",0,2025-03-05T13:31:19Z,2025-03-05T13:31:19Z,2026-09-27T14:02:16.602859+00:00
UgyqSSHHNojXABUC8Fl4AaABAg,l8fPSUqdmOM,62812391ac8edb3eb27f7ce7821885c61b86fef5c2187e3680c7125d1ad78ced,Ko biaya cas ya brp qlo dr sisa batre yg td koko cas,0,2026-01-22T03:00:08Z,2026-01-22T03:00:08Z,2026-09-27T14:02:16.602859+00:00
Ugxg-PE6VEY4gjdoCXV4AaABAg,l8fPSUqdmOM,edb7f817e44cdb2a12e5b4514e31d8d492fde8fa9e196236f8717600e5154baf,Itu klo ngeces listrik d rmh brapa Watt ya,0,2026-02-11T13:31:45Z,2026-02-11T13:31:45Z,2026-09-27T14:02:16.602859+00:00
UgxHizyYhi4qqx2Omcx4AaABAg,l8fPSUqdmOM,2a48de01104ede44cd8f9b23ec00b479c155d6acb0c7031ceb4d31391c8097cc,ko itu holder buat POV nya kok pake magnetic nya iphone ya? pakai finulo yg mana ya?,0,2025-04-28T13:51:29Z,2025-04-28T13:51:29Z,2026-09-27T14:02:16.602859+00:00
UgxMRlYzecCrrP_EMEN4AaABAg,l8fPSUqdmOM,a1f98914f8e79f18a87645cd6bf7e2eb05349488d6a8489a4aaff0d5883d833c,32 kian sisanya ko tampa cas.,0,2025-03-31T22:29:58Z,2025-03-31T22:30:19Z,2026-09-27T14:02:16.602859+00:00
UgxN6KYnM1uhGu7-S_V4AaABAg,l8fPSUqdmOM,7b8319f16ba719766a7c8b266a4a05314044349cd245d779f8f9b8991b306559,"80rb klo pertalite kan 8lt ya ko . berarti beda dikit klo pake karimun / espreso / ignies .
lukot tanpa tol pake karimun q pernah dapat 1:20",0,2025-11-18T18:30:24Z,2025-11-18T18:30:24Z,2026-09-27T14:02:16.602859+00:00
Ugyte37oGIG8uErTQoN4AaABAg,l8fPSUqdmOM,bb9bfdb63a45d046dd00e372fd5f4bed4fb3b67a1f745534dd91b304807b26c3,Pantes gue liat di tol 😂,0,2025-02-25T03:38:52Z,2025-02-25T03:38:52Z,2026-09-27T14:02:16.602859+00:00
UgxFbf4uj5f6p2lSLl54AaABAg,l8fPSUqdmOM,37dd334bcbf26663927a019844540bbd147b7d415cc27bb5723e54f7641f072a,Bukan 90 persen tapi hemat 50 persen,0,2025-02-27T12:30:04Z,2025-02-27T12:30:04Z,2026-09-27T14:02:16.602859+00:00
UgwQVeJFHKxNVh-LhPx4AaABAg,l8fPSUqdmOM,b7add9013cc3b4354cc60530677aa2b9b5cbcead10fc1c845b4e9ef8d1770029,Biasane mobil listrik koyo avanza cepet sih mas,0,2025-03-27T07:01:14Z,2025-03-27T07:01:14Z,2026-09-27T14:02:16.602859+00:00
Ugw0xKd1VC6lc_-ju_94AaABAg,l8fPSUqdmOM,981028f013ea56a01f69a86996d93d1d0b2c09b0e2e3a03d9d1d1851d919fee3,"Hati2 ko kecepatan tinggi, mobil kecil rentan tk terkendali, takut munting😭",0,2025-03-10T07:49:01Z,2025-03-10T07:49:01Z,2026-09-27T14:02:16.602859+00:00
UgyuB_v69I0xukqTD4F4AaABAg,l8fPSUqdmOM,983214127a45a44a73cd6cb4018cba866cb5db68513f4a8d8a20ae0f2dc5bc33,"Rata rata brp kecepatannya  koh...
Mantap pokonamah...",0,2025-04-09T10:13:58Z,2025-04-09T10:13:58Z,2026-09-27T14:02:16.602859+00:00
UgyD7lYao5h4J-S0Vrh4AaABAg,l8fPSUqdmOM,fac5e47a109a194c009eb400823c223ed014973682b42929f61f9acfdd5b8ea5,coba bawa ke ciumbuleuit bang wkwkw😁😁😁,0,2025-06-13T17:40:19Z,2025-06-13T17:40:19Z,2026-09-27T14:02:16.602859+00:00
UgyBjIxdICRTc9ki6r14AaABAg,l8fPSUqdmOM,5d0c5cc56ab9e3ebeb0cda465597e8ac1215db25c2e67101fa4f6499a9a33f21,16:30 ada suara apaan tuh 😂😂😂😂😂,0,2026-01-21T23:23:32Z,2026-01-21T23:24:54Z,2026-09-27T14:02:16.602859+00:00
Ugx74Hu1I9HxmwcOzuV4AaABAg,l8fPSUqdmOM,ef998db3452bd680da46a1d4d8f7dbc9401ec6c3244b1fe6af60c026c28b21c8,Ngeditnya lucu😅,0,2025-03-15T07:08:20Z,2025-03-15T07:08:20Z,2026-09-27T14:02:16.602859+00:00
UgwD2f6kx-Ie4qXguqh4AaABAg,l8fPSUqdmOM,4c82897240d38ac71c6905d28c32785366c5fc245b0eb577e9cb93565e1adb36,Mantap vidio nya salam sehat dari Majalengka koh.,0,2025-11-03T08:14:18Z,2025-11-03T08:14:18Z,2026-09-27T14:02:16.602859+00:00
Ugyi1_8TErRh7bfk7Hl4AaABAg,l8fPSUqdmOM,7911bc1795e1c93ca42297cd847333bfeb5825bc4b6233096c1177d6ef198912,"wara wiri Jatibening bandung, jatibening cirebon kota, cirebon bandung. Cukup nih airev. Atau byd m6 kali ye. rute jkt crb 190-200km. ya minimal punya range real 400km aman nya. Terbaik masih ioniq 5 sih. Pitinya aja kaga enak. haha.
Makin asik kalo yang ditujuan rumah watt nya gede bisa pake adapter atau punya ev juga ada wall charger, bisa numpang ngecas. Kumpul lebaran jadi ajang ngecas.",1,2025-02-25T05:01:57Z,2025-02-25T05:01:57Z,2026-09-27T14:02:16.602859+00:00
UgwoiL7P4ieWinyo6oB4AaABAg,l8fPSUqdmOM,2bc3f80604b8a19e55bc67af9117bfa976a51b7ae021be42962c42014f0d59b3,"Ko, android auto / apple car play di air ev gmn caranya?",0,2025-03-01T07:01:51Z,2025-03-01T07:01:51Z,2026-09-27T14:02:16.602859+00:00
UgxFQTcM38-d7O4FNZ14AaABAg,l8fPSUqdmOM,27315a659a6fc20c835172ae705df515197a1a3efc3a0c3c0ab0fa149fc18f27,Koh itu kursi nya bawaan atau di ganti yah?,1,2025-02-25T09:31:12Z,2025-02-25T09:31:12Z,2026-09-27T14:02:16.602859+00:00
Ugzz6DNfFwTqP-Yb-014AaABAg,l8fPSUqdmOM,bbfeb9057694e7e653c9b91c9cd926ce63161099655dd2ff12ef9a6feaf39e85,"entah knp gue masih ragu2 pindah ke EV, padahal ya selama 5 tahun terakhir pemakian mobil ya cuma dalam kota aja, paling jauh Malang-surabaya doank jarak 100km aja. 😂",2,2025-02-25T01:27:11Z,2025-02-25T01:27:11Z,2026-09-27T14:02:16.602859+00:00
UgyOVyq2aaYS-21wsuB4AaABAg,l8fPSUqdmOM,58eda9b1d33117ff0c1d759b55b424690009f776cd12b7d5600565d0cb782314,"Ko,ban masih pake bawaan nya kah?",0,2025-02-25T09:38:57Z,2025-02-25T09:38:57Z,2026-09-27T14:02:16.602859+00:00
UgyfWNcpWYqgLZWu_Bp4AaABAg,l8fPSUqdmOM,ef998db3452bd680da46a1d4d8f7dbc9401ec6c3244b1fe6af60c026c28b21c8,Salam kenal dari taksi sanh sm😅,0,2025-03-15T07:08:49Z,2025-03-15T07:08:49Z,2026-09-27T14:02:16.602859+00:00
UgyuF38vCHuJZFjN9H54AaABAg,l8fPSUqdmOM,58b69409f663fb5039a4bc433979478540538bdb0be0f3b8aa34baf1dfedcee4,koh kalo mobil listrik kena tilang nya ama petugas PLN yahh bukan ama polisi?😅,0,2025-03-27T19:40:05Z,2025-03-27T19:40:05Z,2026-09-27T14:02:16.602859+00:00
UgyhhW980If1wb3UOA94AaABAg,l8fPSUqdmOM,f7e60509c338bfc275ca4931fd2fcd302eeea975488fd217547efc5bf9d4b76f,Posisi kamera di taruh dimana ini koh. Menit 4:40? Dan pake kamera apa koh.,1,2025-03-03T06:35:44Z,2025-03-03T06:35:44Z,2026-09-27T14:02:16.602859+00:00
UgyTAPKA7pNGcoVYFAd4AaABAg,l8fPSUqdmOM,631be38e5471b636381f14fedf7daa0a6f2d083ff171ea3f8134bc4567df23dd,inget bg di toll itu sbnernya maximal kecapatan 80km/h,0,2025-02-26T04:45:11Z,2025-02-26T04:45:11Z,2026-09-27T14:02:16.602859+00:00
Ugwzzvagd38Gy4nGI8Z4AaABAg,l8fPSUqdmOM,75f7dead90a3942fbce35dfa38d39b6d8fc629f375a3ec86ba7f3eeb4b58ae3b,100 % batre biaya token listrik berapa ya?,0,2025-04-04T04:07:17Z,2025-04-04T04:07:17Z,2026-09-27T14:02:16.602859+00:00
UgzG-tuNuZ9BJEW5G9l4AaABAg,l8fPSUqdmOM,eb3ccc7f12de74263dd74716d60367f75756362f703e295d649aafcdad4633f1,Behh lu kalo kumis GK dicukur nambah tamfaan ko...kyk gw ni..si kumis tipis..behh..idaman emak emak .wkwkwk,0,2025-04-07T10:56:45Z,2025-04-07T10:56:45Z,2026-09-27T14:02:16.602859+00:00
Ugxj8tUFdGHocvxEvhR4AaABAg,l8fPSUqdmOM,8e5d748e2085c1e3ec27d5c1a253f08e4a76a2ea726e9f083c81ceab194c57b1,Buset 80 rb 😮,0,2025-02-26T03:18:12Z,2025-02-26T03:18:12Z,2026-09-27T14:02:16.602859+00:00
UgwgvNPXm20i01Ig4u14AaABAg,l8fPSUqdmOM,b858af5393a404f5ecc774c85fcfd02c914e6939728fbe2b571ba85578d0dd08,"Ko, speed limit cipularang 80 km/h ko, enak nih video bisa jd barbuk e-tilang",1,2025-02-25T04:14:24Z,2025-02-25T04:14:24Z,2026-09-27T14:02:16.602859+00:00
UgyuUMugjoPNUeCAxWJ4AaABAg,l8fPSUqdmOM,9bf0fea3f6833b30d9ded49aee065035fcc16fb850699895eed59d0fa6603290,4:20 mantep geternya 😅,1,2025-02-25T02:19:45Z,2025-02-25T02:19:45Z,2026-09-27T14:02:16.602859+00:00
UgxSpAPbsuTN1_8ONB14AaABAg,l8fPSUqdmOM,5ed5c9b94b4bd5fc51367b9d953d551a8520d1fd994c026ade2f080e5070625c,100km/h limbung ga ko,1,2025-02-27T08:37:25Z,2025-02-27T08:37:25Z,2026-09-27T14:02:16.602859+00:00
UgzGTfTq3lM9nFtp3I94AaABAg,l8fPSUqdmOM,3222bd9ba1329cb2ec1c581ad2de2dd8951214ed996a64e7745038d5f74dd443,Wuling modelnya  Tua kayak mobil orang tua...saya suka Honda mazda,0,2025-04-02T13:16:08Z,2025-04-02T13:16:24Z,2026-09-27T14:02:16.602859+00:00
UgwPOf5-yYywm0nzF754AaABAg,l8fPSUqdmOM,cdf2b1c28b7fa78054600119edf211da288078f18a591446161fac6c23bdf9b2,"Goyang ga ko mobil kamu, klo disalip mobil lainnya itu dengan kecepatan tinggi?",0,2025-04-13T16:08:19Z,2025-04-13T16:08:19Z,2026-09-27T14:02:16.602859+00:00
UgzK5lrFrKfsg6xoJil4AaABAg,l8fPSUqdmOM,5da49813db074aac05baba692ca27f72f48be1d0fd9442fc5321816cb8be33f9,jaman sekarang pada ngaco ko. lajur kanan kecepatan rendah,0,2025-12-20T13:48:20Z,2025-12-20T13:48:20Z,2026-09-27T14:02:16.602859+00:00
UgwofShX1zQjNi5xWt94AaABAg,l8fPSUqdmOM,aece99af8e525143e1119efa4b04b27dcf9b4c69cb63bbd3dcd96f81d9477307,mhl emank itu tol br... mending lwt jln tol lm.. lbh murah jauh....,0,2025-02-25T01:22:56Z,2025-02-25T01:22:56Z,2026-09-27T14:02:16.602859+00:00
Ugw3Uzs_f5NBO6A8bnp4AaABAg,l8fPSUqdmOM,bdacac7b8d75fc93ad2ab3fbd044ede710bf97c0c025c104ae6a39bc43b2a6b1,mau comment pertamax kalah cepet sama admin judol 😂,1,2025-02-24T12:03:29Z,2025-02-24T12:03:29Z,2026-09-27T14:02:16.602859+00:00
UgxJ0iyFtvVttz6B0eR4AaABAg,l8fPSUqdmOM,ca9400f30ed4cc6982d12505e178d644f0758df4863b0055fc8b9c11e0efc529,Biaya cas baterai berapa koh,0,2025-03-04T10:55:21Z,2025-03-04T10:55:21Z,2026-09-27T14:02:16.602859+00:00
Ugx7iyYH0sqxfUpl3qt4AaABAg,l8fPSUqdmOM,a8090fc18134049be5b3409ddab856c2abf183e3a120a3796214e736376d7f40,Naik Woosh 450rb 😂😂😂😂,0,2025-09-24T05:04:33Z,2025-09-24T05:04:54Z,2026-09-27T14:02:16.602859+00:00
UgzcddRt2NrVTRIYBjN4AaABAg,l8fPSUqdmOM,f957ce0021c06016b85bc6dd0ccd39fc4a609e7b665d92e6538752cbfe29c9be,Quá tệ không bằng v3 vinfas,0,2025-03-25T13:36:45Z,2025-03-25T13:36:45Z,2026-09-27T14:02:16.602859+00:00
UgwjfoCpun5AHavjrj54AaABAg,l8fPSUqdmOM,6b7e40964ffa2068c8fb355fb9e2b52cadf3ebe640ee780ae2dd7046e2c03670,Semoga pengemudi lain bs denger kata²  Menit 6:31 ini,0,2026-03-29T15:31:59Z,2026-03-29T15:31:59Z,2026-09-27T14:02:16.602859+00:00
Ugw1svZDpPjmgs_Fg9R4AaABAg,l8fPSUqdmOM,1066c243c0c3d90f6c9f1f534250c1c527864f74a5fb50843bb5d14573713534,Menit 4:14 itu goyang banget di kamera apa memang goyang banget koh?,0,2025-02-28T02:32:52Z,2025-02-28T02:32:52Z,2026-09-27T14:02:16.602859+00:00
Ugy__XWfZu6u3GkJeIp4AaABAg,l8fPSUqdmOM,baa5618aebd42a408a0b587cb74747899716aae0cae10a3544baeac1a4078e6e,Getaran di dalam kabin nya berasa keras bgt koh kayak naek avanza 😂😂,0,2025-02-25T16:01:55Z,2025-02-25T16:01:55Z,2026-09-27T14:02:16.602859+00:00
UgySabReFPPn3ppx6Md4AaABAg,l8fPSUqdmOM,c592361bc5cd55d0340a5f174e50fb5e27a7c736fd018f2d9a3198779df5ec6a,"Boros yah , saya Tangerang - tegal 70 rb naik motor tapi",0,2025-03-08T22:57:46Z,2025-03-08T22:57:46Z,2026-09-27T14:02:16.602859+00:00
UgyI295iM51rKcaTzKN4AaABAg,l8fPSUqdmOM,605dfb89a569484d748ef435c8918313309647a412852db5850cdbda8797c6d9,Gw pake mobil listrik baru masuk udah deg2an takut mati ditengah jalan😂😂😂,0,2025-07-03T10:33:15Z,2025-07-03T10:33:15Z,2026-09-27T14:02:16.602859+00:00
UgzY7XMsWyALbHZmriF4AaABAg,l8fPSUqdmOM,874840b9596780e2a2d5a1474d533e10912ba6e725dee230adb84faa267235b5,INFO problem EV nya koh.... Katanya banyak yg problem,4,2025-02-26T06:53:40Z,2025-02-26T06:53:40Z,2026-09-27T14:02:16.602859+00:00
UgxiCisbGSmSfz7AoqR4AaABAg,l8fPSUqdmOM,b5483944e0ae73dc10e1dab60b41402d35c5966a157df79541061a1b6d77cf2e,Waktu ngechase batrey 1jam bayar berapa ?,0,2025-11-07T16:00:41Z,2025-11-07T16:00:41Z,2026-09-27T14:02:16.602859+00:00
UgzWS-YI0tbljLVRZ2Z4AaABAg,l8fPSUqdmOM,51dc3c830acf015b8e63990e8567e58740ccb183ea6a82e5aa750f3a17d0d615,concern banget sama lane hogger?,0,2025-03-16T00:42:22Z,2025-03-16T00:42:22Z,2026-09-27T14:02:16.602859+00:00
Ugypdur4Uiy5tmX88zx4AaABAg,l8fPSUqdmOM,b852f3a2789ab0331ad94f013e49b9555bf936c4223646d65d9d9e1cf2293a7c,koohh itu ko geter banget? apa kamera nya?,0,2025-04-10T06:59:38Z,2025-04-10T06:59:38Z,2026-09-27T14:02:16.602859+00:00
Ugz6WFdqqbti8zyydbt4AaABAg,l8fPSUqdmOM,c6cfafb8c0a3f2b013fb0781c4cd19c6fb36ad7fbf62b315498a0bdb87b3c05b,"beuh rame koh yg nonton, mantap",0,2025-03-01T07:01:07Z,2025-03-01T07:01:07Z,2026-09-27T14:02:16.602859+00:00
UgyaZqM5VmcC5Bw0R3B4AaABAg,l8fPSUqdmOM,213524112d3ed316287a13683e0b660cf11568f4fce04e89b8c1beb7c435d58a,"Koh lebih detail habis berapa charger dan biaya menunggu nya juga, kalau isi bensin kan 5/10menit langsung jalan, kalau ngecas nunggu nya habis berapa",6,2025-03-02T12:12:19Z,2025-03-02T12:12:19Z,2026-09-27T14:02:16.602859+00:00
Ugxk6gPjUv54ohnFmxN4AaABAg,l8fPSUqdmOM,4757c08c6f04712171678f32292bf66c16f413b9aa90df05bb2caab1a9fb4280,"lagi nunggu mobil cina super murah katanya akan membuang ke Indonesia krn di Amerika pasarnya dipersulit, semoga pemerintahan konoha wakanda jg tdk mempersulit kedatangan mocin dan jg jng malah dinaikin harganya kayak mobil wuling ini yg harusnya 35jt an klo dicina.",0,2025-03-05T20:12:34Z,2025-03-05T20:12:34Z,2026-09-27T14:02:16.602859+00:00
UgzXmqLOKxSSUJ09yuZ4AaABAg,l8fPSUqdmOM,549f81a6ce7ff15c9ac38e298a9d879a176637b302f79467b13379b9bf2cda3d,Itu harga mobilnya brph,0,2025-04-04T09:29:08Z,2025-04-04T09:29:08Z,2026-09-27T14:02:16.602859+00:00
UgxcKvy6Dx3iqyZC6vF4AaABAg,l8fPSUqdmOM,7776df0d100fac737fa7c69fa0f61fd0f397f77827f07552d4e28f7860623639,"80rb banding 150rb kok 90℅, ? 😊",1,2025-11-23T08:53:00Z,2025-11-23T08:53:00Z,2026-09-27T14:02:16.602859+00:00
UgwbgelykqXgv_wvZ5p4AaABAg,l8fPSUqdmOM,c768751caeb6981f0dfb165442a88f533910a70e6fe301e9eefb5ef7e0c68443,Vlog kembali dr bandung ke tangerang adakah?,1,2025-03-10T07:40:54Z,2025-03-10T07:40:54Z,2026-09-27T14:02:16.602859+00:00
Ugxrzg7TapBXLumOUT54AaABAg,l8fPSUqdmOM,43fec1a52b93018892792f7da89dbee85e80fde8da25bcc661871b0be6c4871b,Lewat tol Cipularang bawa Nissan evalia yah cuma 1500 cc 7 orang dan beban yah kira kira 550 kg lah bebannya mau nyalip aja harus pindah gigi 4 padahal kecepatan udah 100 kmh di gigi 5 tapi ngeden nya minta ampun kalo di paksa gigi 5 harus pindah gigi 4 supaya lebih bertanaga tapi minus nya 1 mesin nya meraung dan bawa mobil nya jadi kasar,0,2025-02-25T15:31:09Z,2025-02-25T15:31:09Z,2026-09-27T14:02:16.602859+00:00
Ugz_Q4o1VO4zo4hX32x4AaABAg,l8fPSUqdmOM,d65b3b355f5ac4d0fe89fc8783417dcadb141005be1168b94ecc82e143dd8c0a,"Pada menit 12:40 terlihat situasi yang membingungkan saat berkendara di jalan tol. Jika terus berada di lajur kanan, kita dianggap lane hogger, tetapi ketika mencoba mematuhi aturan—menggunakan lajur kanan hanya untuk mendahului—lajur 1, 2, dan 3 sering dipenuhi kendaraan besar yang berjalan lambat. Akibatnya, saat kita pindah ke lajur sebelah untuk mendahului, justru banyak kendaraan besar yang memperlambat laju sehingga kita terpaksa kembali ke lajur paling kanan. Pola berkendara seperti ini meningkatkan risiko kecelakaan karena kita terlalu sering bermanuver. Contohnya pada menit tersebut: saat hendak pindah ke kiri, tiba-tiba ada truk lambat. Jika konsentrasi sedikit saja terpecah, potensi tabrakan sangat tinggi.",0,2025-12-08T12:12:31Z,2025-12-08T12:12:31Z,2026-09-27T14:02:16.602859+00:00
UgyBjTsMCYM4l3AnxzN4AaABAg,l8fPSUqdmOM,e8c98be1364da78030dc2e41622a589107084dd49d6936f25ccac73ec5ae9997,Naik spresso om udh ditest ama reza RFR cvt indonesia ke bandung cuma abis 6 liter bensin klw pakai pertalite  cuma 60rb doank..,0,2025-02-25T05:52:40Z,2025-02-25T05:52:40Z,2026-09-27T14:02:16.602859+00:00
Ugxmark-5k53qmhbeBh4AaABAg,l8fPSUqdmOM,385702b88132cd83d4c7170db9a46f3528bbc061850c4d51c30fc6d9e39192ed,pelit benar koh😂,0,2025-03-16T00:39:31Z,2025-03-16T00:39:31Z,2026-09-27T14:02:16.602859+00:00
UgyN60gHFplzTAIeh9N4AaABAg,l8fPSUqdmOM,a198a377214a4b880248a4f3c408989f0b61c4a5624499be20e491e62f23b1a2,itu ngacas bayar brp ko?,0,2025-03-08T09:43:45Z,2025-03-08T09:43:45Z,2026-09-27T14:02:16.602859+00:00
UgwYsMbcBYgkD4hbX2V4AaABAg,l8fPSUqdmOM,e65346ac9065d421e7119e168aa2a97e6d083402fed1601d321eb0a369296691,Mikir dlu kalo beli mobil listrik ribet bet,0,2025-03-13T13:47:23Z,2025-03-13T13:47:23Z,2026-09-27T14:02:16.602859+00:00
UgzK5rRkT0PvXR2SPPh4AaABAg,l8fPSUqdmOM,e91d868fc293ed6ec53f32566c5548b47f5f005f3140f6e5b3e94a46d06bf47d,"80rb listrik banding 150rb bbm agya, sptnya bukan 90% penghematan deh Ko, atau gmn ya kira2?",1,2025-02-28T12:14:21Z,2025-02-28T12:14:21Z,2026-09-27T14:02:16.602859+00:00
UgzNDQ69kJH9v7-Ii_54AaABAg,l8fPSUqdmOM,a22ad1ec84c70d19ef86c5c67350d054a37de1596a4743aa0fe726706732d883,"kl ditanjakan curam, terus brenti, terus jalan lagi, masih kuat nggak Ko?🤔",1,2025-02-26T10:53:41Z,2025-02-26T10:53:41Z,2026-09-27T14:02:16.602859+00:00
Ugz0FveWWVk3hW9oqdZ4AaABAg,l8fPSUqdmOM,60fdfc6972036015a3a88f832a17d81ae541d9ebbd7b8bc71d105d63dc0c4d3d,Gmn caranya integrate Google Maps ke layarnya AirEV?,3,2025-02-26T08:25:21Z,2025-02-26T08:25:21Z,2026-09-27T14:02:16.602859+00:00
UgyR0srV46v92P6Sc4N4AaABAg,l8fPSUqdmOM,2b37489b92bc545cecf28ab1fb62cc669de4e4c46f37128530958bf757863406,bro slipstream behind a bus with a fridge size car 🤣,0,2025-02-26T05:19:36Z,2025-02-26T05:19:57Z,2026-09-27T14:02:16.602859+00:00
UgxcO7V9JfYiin-bPR94AaABAg,l8fPSUqdmOM,864b44eb34aab2dfb4079954b02af2b115e85d8f4f19ad028eeafa6f45259082,Mantap koh,0,2026-05-03T08:40:44Z,2026-05-03T08:40:44Z,2026-09-27T14:02:16.602859+00:00
UgwW8SW5biShg825AOx4AaABAg,l8fPSUqdmOM,d2e0520af70f58a577ef8f26de4e3d29e27fb40506cde7b62a6d86e1d3da0830,Gimana biaya penyusutan baterai koh😂 pantess harga jual EV gini jatuh bgt meski tahun muda ..masalah penyusutan baterai,5,2025-02-24T16:40:49Z,2025-02-24T16:40:49Z,2026-09-27T14:02:17.415591+00:00
UgwoHW0UW4i8uC82Jw94AaABAg,l8fPSUqdmOM,aa2c93a1165737121554b48a0bc7bf753d33d4045de5d17004928aeea2783798,"Halo ko, untuk pe'ngecharge'an ke 2, yg dari 43% ke 100% itu butuh berapa jam?",0,2025-02-24T17:10:45Z,2025-02-24T17:10:45Z,2026-09-27T14:02:17.415591+00:00
Ugxyxz18doqCwVlvXzd4AaABAg,l8fPSUqdmOM,b140e9c60918868e829f2691290a89b385e63edce6ec136580d918ae0590b935,Klo boleh tau pas charge ke 2 makam wqktu brp lama kah,1,2025-02-25T10:40:01Z,2025-02-25T10:40:01Z,2026-09-27T14:02:17.415591+00:00
UgyxRm_ShXqGc0XWU1l4AaABAg,l8fPSUqdmOM,8fa2796688308071916c355b65409a4a28f1a2a507479b68acc64ea9922d792f,Kok kaya geter ya,0,2025-02-28T07:42:22Z,2025-02-28T07:42:22Z,2026-09-27T14:02:17.415591+00:00
UgzitYC53pIuS0ZkrhB4AaABAg,l8fPSUqdmOM,9eb283d0d4e5353eb82e85a7c99fc0ed4b6771c50bcc3bd0a71c3648bd32c802,"ko, kalau yg ke 2x charge di braga. itu tinggal sana terus grab ke hotel atau dr sana bawa lagi ke hotel?",1,2025-02-25T00:24:32Z,2025-02-25T00:24:32Z,2026-09-27T14:02:17.415591+00:00
Ugw6QxB2t6cDjG64JiJ4AaABAg,l8fPSUqdmOM,f32dcece27401832e447524f19aa0a1eae165d54218b8a336e6c82a4178e1e13,Agya bukannya klo luar kota apa lagi tol kon bbmnya 1:20 lebih ya ko?,2,2025-02-26T09:50:16Z,2025-02-26T09:50:16Z,2026-09-27T14:02:17.415591+00:00
UgyVz6ATD_8uhR6R4Op4AaABAg,l8fPSUqdmOM,a3f1d89efa6175e6c8b743364b16c306fa57d7d6cb26b167854f798a3b2d1861,KAGET LU MIRIP BGT ABANG GUE KOH😭,0,2025-11-09T14:09:48Z,2025-11-09T14:09:48Z,2026-09-27T14:02:17.415591+00:00
Ugz3s3Bua0vRqEPPxOZ4AaABAg,l8fPSUqdmOM,9496cf0441529c4d7cd0de297a606133cf4be4c09f58a8522871e0f8fa8e6ec5,Ko kalo air ev long range itu jarak tempuh real nya bisa brp KM ya,0,2025-06-12T14:11:14Z,2025-06-12T14:11:14Z,2026-09-27T14:02:17.415591+00:00
Ugwf81gazIUy5J-LL3J4AaABAg,l8fPSUqdmOM,8a823187da5de57b660cc162f4f8d4bcc8dbe622e1d035a83cbde194b0719110,"Buying price is Rp. 300 millions. After 3 years it gets down to Rp. 100 millions. It depreciates 200 millions in 3 years. After 5 years it gets down to Rp. 40 millions ? Or less ? Or u have to spend 100 millions for a new battery n other maintenance costs. You lose 60 millions per year. Is it ok ? In case of Avanza, presumably of the same price, it gets down to Rp. 150 millions after 5 years. From this point, the depreciation is  affordable. Consider it that the 2004 Avanza, after 22 years, is still valued at Rp. 50 millions. What is yr choice ?",0,2026-03-14T23:20:16Z,2026-03-14T23:20:16Z,2026-09-27T14:02:17.415591+00:00
Ugy-SdvbDV2XqqO7TVh4AaABAg,l8fPSUqdmOM,9ef5129630487ff07c645420f14e046a3c96bd07c1170f37df8e399e88b36abf,koh pke velg ukuran brapa?,0,2025-02-25T17:47:45Z,2025-02-25T17:47:45Z,2026-09-27T14:02:17.415591+00:00
UgwG_wjYCdb5pQPG95B4AaABAg,l8fPSUqdmOM,cc03ff010e9d91f33609028170d1a82f7793f98226791419a4b3a0e5181934a5,menyiksa diri,0,2025-06-01T00:45:01Z,2025-06-01T00:45:01Z,2026-09-27T14:02:17.415591+00:00
Ugzq3-6Non6xGB7PXEJ4AaABAg,l8fPSUqdmOM,e034e7291e47190c6bf78d53543dca7e158cbc96b357adf88b44d57f7a30cdb1,"Ko, yg ngecas di jalan braga 43 sampe 100 persen itu waktunya brp jam?",0,2025-02-25T09:35:02Z,2025-02-25T09:35:02Z,2026-09-27T14:02:17.415591+00:00
UgwMvK7oqTZ3S2aIijp4AaABAg,l8fPSUqdmOM,348f09d897d57832c823699e25e9a3765ae7ea949d6e90650180c22b479d3533,Aku pingin beli tapi ga tahu dimana belinya,0,2025-05-10T01:21:48Z,2025-05-10T01:21:48Z,2026-09-27T14:02:17.415591+00:00
UgwWuJXhutRwwsdMXQh4AaABAg,l8fPSUqdmOM,6611162bb31f336684604cadc54feb80ff66c9b7be6aecb491b01c92ffc862f0,Dapat gk ya 100 jt,0,2025-11-13T08:37:45Z,2025-11-13T08:37:45Z,2026-09-27T14:02:17.415591+00:00
UgwFy5wk2YxGzqsiktx4AaABAg,l8fPSUqdmOM,20a80d939c6fdfb5b79a04c97d05c4ee62b62cf06a21a02458b8d2a318d08924,"bang, itu layarnya bisa GPS pake mirroring? atau dimodif jadi adroid/apple carplay?",0,2025-02-24T13:14:22Z,2025-02-24T13:14:22Z,2026-09-27T14:02:17.415591+00:00
UgzuCSaTP3sfTJ2f1Gd4AaABAg,l8fPSUqdmOM,9af4e434241083c00b6738d6fe54cbe92ad84ad2a573db4a5081bad5c0898726,"ko mau tanya, waktu ngecas di SPKLU, port air EV koko itu CCS atau harus pakai converter lagi karena wuling kalo gak salah beda port?",0,2025-02-25T06:41:29Z,2025-02-25T06:41:29Z,2026-09-27T14:02:17.415591+00:00
UgwF1KTmNAgeDxLH9NJ4AaABAg,l8fPSUqdmOM,f94b4aeea6877a638aea2656c8df778e49ac0cd50e72dbb0b1a4cb2a1c9fb5d1,"Waah Koko lagi ke bandung nih... ,Onbid juga gak nih di Bandung hehe...",0,2025-02-24T12:40:31Z,2025-02-24T12:40:31Z,2026-09-27T14:02:17.415591+00:00
Ugx2G9wibckqEHPghzJ4AaABAg,l8fPSUqdmOM,32b1fabd35c163a5e956c31cc7829a114986a0eb75070465ad1fa4ac18ccea56,Ko gimana cara pasang android auto di HU Air EV?,0,2025-02-25T07:46:19Z,2025-02-25T07:46:19Z,2026-09-27T14:02:17.415591+00:00
UgwAWhCtET4ajMjrQix4AaABAg,l8fPSUqdmOM,5bce34855010346d0b9b32e9f60de011b0ae352a4b73a525b96218624a8727d7,fungsi regenerative brake  bisa recharge batterai lagi koh ?,0,2025-02-25T16:14:50Z,2025-02-25T16:14:50Z,2026-09-27T14:02:17.415591+00:00
Ugx2h5IakFt88EkHVDt4AaABAg,l8fPSUqdmOM,f0b4a2c8bad37bc4ed16c5d44fe3e368763f6b51963da8ebd2bca6b1b2dedc8f,"Sy iseng coba dari tangerang ke bandung pakai yang standard range sampai bandung masih sisa 22 persen, kalau dari bandung ke jakarta sisa 40 persen an ko 😂",0,2025-02-25T03:54:01Z,2025-02-25T03:54:01Z,2026-09-27T14:02:17.415591+00:00
UgwYWB9jhEF6GEX0Xzl4AaABAg,l8fPSUqdmOM,d08074f13f8d0192ae22b81bd6da9dc20ee791adf9e90b38a4d3fcde8fa54509,"bro itu holdernya merk apa,tq",1,2025-02-25T10:26:44Z,2025-02-25T10:26:44Z,2026-09-27T14:02:17.415591+00:00
UgzLb1A0SxCpO4WuA5J4AaABAg,l8fPSUqdmOM,964fa4f702d6d77fbb4f8a8f6b0d2b9c9852cee04a6ab86ba8335cd685afef97,ko spill dong ... di bandung nginap di braga atau dimana jd kapan2 klo ke bdg bisa jalan2 kyk koko ... bisa cari2 efisien jg hotelnya spt efisien pemakaian listrik....,0,2025-02-24T14:54:41Z,2025-02-24T14:54:41Z,2026-09-27T14:02:17.415591+00:00
Ugx7FnkAmE8RyIlG0Kd4AaABAg,l8fPSUqdmOM,b46daaddb609b2a18c5e584376991f311186e17f5d00b3a53b718fe21dc27376,Kohh..gabung di Komunitas WEVI ,0,2025-02-26T01:11:13Z,2025-02-26T01:11:13Z,2026-09-27T14:02:17.415591+00:00
Ugw1NJyUqokq5h6A8654AaABAg,l8fPSUqdmOM,0f12f30423fa9270e7bce42f2eade058c6e9e95da3f4a1e7c53859dd4a6604fd,Koh nyetir mobil Wuling Air EV ini kayak mainan ga sih? Lebih easy daripada mobil bensin matic?,0,2025-07-06T10:14:44Z,2025-07-06T10:14:44Z,2026-09-27T14:02:17.415591+00:00
UgzfBqvYOrVOOMcJwUB4AaABAg,l8fPSUqdmOM,2587b575522e04f28f582df3699198358dd587d792ea9d4fee1ea92a5eda16f9,"ko, koq kayaknya nissan e kick ga banyak yg kontenin, apakah kurang peminatnya di indonesia ya?",0,2025-02-24T14:08:33Z,2025-02-24T14:08:33Z,2026-09-27T14:02:17.415591+00:00
UgzWKRfBwsjv6-uvG_Z4AaABAg,l8fPSUqdmOM,5747926ba805c47d115852114efae7c742b94229d9d50baf09c4c98dbdd80bc6,Mobil listrik cocok buat Jabodetabek doang.,1,2025-11-16T05:01:03Z,2025-11-16T05:01:03Z,2026-09-27T14:02:17.415591+00:00
UgyvDAvJZ7ZyJlwz4xF4AaABAg,l8fPSUqdmOM,6c1e04d92d22aacf02d8b65d3e336015402af79bafa2423baa56dad36d8ebaa7,Kalo habis batre tngah jlan tol gmna tuh,0,2025-07-28T04:53:50Z,2025-07-28T04:53:50Z,2026-09-27T14:02:17.415591+00:00
UgxxkIfnvnx5F6JDFEx4AaABAg,l8fPSUqdmOM,0efc0fbd00f323760a82844920b1f0586c8c23c565c58724f0cdbcf40a487ef2,Ngecas di spklu brp lama dpt 25 % ko?,0,2025-02-25T04:22:34Z,2025-02-25T04:22:34Z,2026-09-27T14:02:17.415591+00:00
Ugx2jXCVTHGbTi9NfwZ4AaABAg,l8fPSUqdmOM,c50f8397a76f3e1015d7df6c8846df558e2c38df4bccf91941d405be6368ee09,Kecepatan maksimum berapa .mas,0,2025-04-28T11:28:34Z,2025-04-28T11:28:34Z,2026-09-27T14:02:17.415591+00:00
UgwWVjrdJZt8hNHN40t4AaABAg,l8fPSUqdmOM,55068ce7afc1ae60c1686062c74d0622bd634ed470ab6a42f1d971ae9c25853d,wuling air ev nya yg tahn brp ko?,7,2025-02-25T03:24:16Z,2025-02-25T03:24:16Z,2026-09-27T14:02:17.415591+00:00
Ugyygi8sCZqmetranDB4AaABAg,l8fPSUqdmOM,06138160aa88569dd78e0d1db5a5cce0c8cea8c3fbad0256ad10e545b96ee580,"Ko nanya dong, badan, kaki aman gak? Pegel berlebihan gak?",0,2025-02-27T11:42:07Z,2025-02-27T11:42:07Z,2026-09-27T14:02:17.415591+00:00
UgzEtaf08baAXadyqBd4AaABAg,l8fPSUqdmOM,009fd38650283f5363887cf702b02a6bee84788ab3458a3c97f2f23fc11479bf,"Itu geter nya karena mobilnya kecil kena angin, atau ban, atau apa ya, masih nyaman ga geter terus sepanjang perjalanan",1,2025-02-27T02:06:50Z,2025-02-27T02:06:50Z,2026-09-27T14:02:17.415591+00:00
UgyZrZXYvLX9dIhd7054AaABAg,l8fPSUqdmOM,f3815b591538020cad31006d6448e1e56cee17c1683d6010ba931491968cb74d,Istrinya jadi sarwendah? 😂,0,2025-02-25T01:02:49Z,2025-02-25T01:02:49Z,2026-09-27T14:02:17.415591+00:00
UgyOvyUDZEWmkT3QvtJ4AaABAg,l8fPSUqdmOM,1e64e65993e42a053aa6b379bcf6c77b1de03600bcdcee0cec56991cb366ae4a,istri kita cantik bener ko,1,2025-12-28T13:23:52Z,2025-12-28T13:23:52Z,2026-09-27T14:02:17.415591+00:00
UgyALMIkL-kz6-nlNdB4AaABAg,l8fPSUqdmOM,3d137db3591f7b981372efa6195d80979c065da1acab351c4e58c56daf644d37,Reg braking nya yang apa?,0,2025-02-24T13:04:16Z,2025-02-24T13:04:16Z,2026-09-27T14:02:17.415591+00:00
UgwL1WhWfmWNcez10Pp4AaABAg,l8fPSUqdmOM,96ac34d31b5375f21ccad653c4e645c2deb61f2f4982ca493c9a28a97fd0a349,Udah drop itu batre nya ko. Coba cari tau harga batre berapa hehehehe,0,2025-02-24T13:27:00Z,2025-02-24T13:27:00Z,2026-09-27T14:02:17.415591+00:00
Ugwi1Afpp8FK6U8pFnl4AaABAg,l8fPSUqdmOM,ff82c5eba78257c2f96b65727826faac1e47d623c826d8e22b9cf8fed83aad11,"Mengapa EV selalu bohong ya di Deskripsi.. Bilangnya 300km, tapi kenyataan paling 100% tanpa changer paling 250km.. Bohong banget ya... Bisa masuk kasus penipuan oleh pihak penjual EV.. 😌",0,2025-02-25T09:45:50Z,2025-02-25T09:45:50Z,2026-09-27T14:02:17.415591+00:00
UgwbUBR3Udznr5Rt-A94AaABAg,l8fPSUqdmOM,3448c513b3cb126e70bfa0e5d53ce0d4b2231b73acc10eb52ef51469ee53b827,Kalau ga ada mobil di belakang ngapain ganti2 lane bro? Segitu takutnya dibilang lane hoger,0,2025-02-25T00:27:34Z,2025-02-25T00:27:34Z,2026-09-27T14:02:17.415591+00:00
UgxjcAMr-ndRf5PQHfd4AaABAg,l8fPSUqdmOM,3648395df112d3fa4ad14eaa77a20d7c03a94570517e65829f12dc70f0b00823,Kalau ngeces d rumah bisa juga ga,0,2025-06-06T11:17:55Z,2025-06-06T11:17:55Z,2026-09-27T14:02:17.415591+00:00
UgwCTMdbxNFeJ9k2Gdh4AaABAg,khAUeXPkWvg,cafc630291379b8f1fa64bb353fda29e87c4c830fce413c424aa63b1ea33ab43,"Trims tesnya 👍. 
Sukses slalu channel Moladin  ... Amin  ... Amin  ...",5,2025-09-30T06:13:42Z,2025-09-30T06:13:42Z,2026-09-27T14:02:18.015298+00:00
Ugy2F0QE-gbhUH7aL4l4AaABAg,khAUeXPkWvg,c504441df67a6551a7f421a5a9eac96bfa75889dc25e4cad4d4cc2fd31564f92,"Boleh juga nih aion UT, semoga makin banyak brandMobil listrik buatan Indonesia",1,2025-09-30T09:32:14Z,2025-09-30T09:32:14Z,2026-09-27T14:02:18.015298+00:00
UgzVuEP3RJ_2i1UaGiJ4AaABAg,khAUeXPkWvg,65983669eae75ec8cd81261f95ba802487a0f6ca07e4652d15a490e2991fda4b,Atto 1 nya dong bang. Versi moladin biasanya valid,5,2025-10-02T13:54:15Z,2025-10-02T13:54:15Z,2026-09-27T14:02:18.015298+00:00
UgzRktefVgxKF-_HoF14AaABAg,khAUeXPkWvg,72df6c6ac3baab7c10b43902e70457caebbd409cfbf4e136a8d6c497d28831bc,mantap 🔥,0,2025-09-30T13:23:30Z,2025-09-30T13:23:30Z,2026-09-27T14:02:18.015298+00:00
UgwtT13MUco_v3qdEEB4AaABAg,khAUeXPkWvg,8b7562ac3fe982a9cacbf595ad25cd684dca4c0b20893d78cdd5547ba65d0b2c,Ditunggu full test byd atto 1 dynamic/premium kak,18,2025-09-30T06:26:15Z,2025-09-30T06:26:15Z,2026-09-27T14:02:18.015298+00:00
UgwlaHvAIA0_MOe-lOx4AaABAg,khAUeXPkWvg,1f922eebfd4f8a1c4c008599e2d5e43fd56776a4b82e56361bf16e8e5b3589e3,"kalo spek mobil EV , liat spek nya misal 500 km, elo bawa,full penumpang, elo bawa koper2 + oleh2 total 400 kg, spek 500 km bisa berkurang 100 km, belum lagi system pendinginan battery dan motor listrik makin elo ngebut makin memakan listrik dan beban arus makin tinggi, itu mengurangi 20%, belum lagi resistance dari arus angin dan tanjakan, bila melalui tol tanpa stop go, ANGKA REALIISTIS EV DARI BROSUR ELO KURANGI 50% , JADI 250 KM ELO HARUS CARI SAHABAT ELO BERNAMA SPKLU DENGAN SISA BATTERY KEMUNGKINAN DAH 30% 40%",2,2026-01-03T09:28:19Z,2026-01-03T09:28:19Z,2026-09-27T14:02:18.015298+00:00
UgyVbDpETmpwxp8cNBN4AaABAg,khAUeXPkWvg,59d347ad82527fe2358f1624217fcfeb1595a31e5027aa1c6bb4410ff1926bec,Sekalian test jarak aion V dong bener ga tuh 600km apa cuma over klaim,3,2025-11-01T11:57:46Z,2025-11-01T11:57:46Z,2026-09-27T14:02:18.015298+00:00
Ugw8WaRiAEPUVQzQYll4AaABAg,khAUeXPkWvg,dd1bddc7c627ed67aed4cc6f3e73be7ae27f36d9b9d68717ca2b151467ba1184,"china electric mini cooper..exterior kalau orang dijalan awam mini cooper,pasti dikira mini cooper..",2,2025-10-25T09:26:10Z,2025-10-25T09:26:10Z,2026-09-27T14:02:18.015298+00:00
UgwKgDlV4KSWEhALxM54AaABAg,khAUeXPkWvg,e927491600ffa4b376452d3489c35868d0decd84bb2ccd7768ed67fc16e23d62,Bagus warna2 nya pastel suka warna kekinian,0,2025-09-30T10:46:42Z,2025-09-30T10:46:42Z,2026-09-27T14:02:18.015298+00:00
UgwesvBj_XyZYUrxd_Z4AaABAg,khAUeXPkWvg,35805408eb2853f5aaa98807d7c021b7bf01127914146dfbd3095d50ef9757a9,"Kak aion ut vs geely ex 2, mana lebih recomend? Tks",0,2025-12-07T02:40:07Z,2025-12-07T02:40:07Z,2026-09-27T14:02:18.015298+00:00
UgzPptrx_bP0QfwJLTZ4AaABAg,khAUeXPkWvg,530d187d6633ef017032ad612cb51572a55963b82bf4c3a330f2f5ccbbcc45c5,"Area parkirnya sdh diarahkan garis², lho.",0,2025-09-30T11:12:03Z,2025-09-30T11:12:03Z,2026-09-27T14:02:18.015298+00:00
Ugyy8FRUr8wVrzwhhp54AaABAg,khAUeXPkWvg,1aa5d68d2c3e044f3232085c47051656dad6ec30ca2c99fe2723bc94e84c4960,Ditunggu test jarak jauh aion V 😮,0,2025-09-30T07:27:43Z,2025-09-30T07:27:43Z,2026-09-27T14:02:18.015298+00:00
UgwHpLBd6YRATWnYLLl4AaABAg,khAUeXPkWvg,fd420d4097c440643623c23f196a1532efc36e49808b8e53376ef885f2eb096a,"aahh wiper belakang😍 
sepele tp sgt sulit di mobil listrik",0,2025-09-30T06:05:54Z,2025-09-30T06:05:54Z,2026-09-27T14:02:18.015298+00:00
UgyX60MiQe1JuzAdhUV4AaABAg,khAUeXPkWvg,519d37ef007ae50b084abd75242cc81edc488b4513bbdb3de4fbf4235f228e9c,"Untuk menyempurnakan nuansa Eropanya, kenapa interiornya tdk dibuat bewarna coklat/orange???",0,2026-04-19T00:05:44Z,2026-04-19T00:05:44Z,2026-09-27T14:02:18.015298+00:00
Ugz2UU21AlEHeGpG8K94AaABAg,khAUeXPkWvg,730608f18d60aaabec6298c3a8a2367f4260a678078f4429420ba5ca0e9ca008,Atto 1 dong full test,2,2025-09-30T12:25:27Z,2025-09-30T12:25:27Z,2026-09-27T14:02:18.015298+00:00
Ugz5U_Tncga4ZdTTBUl4AaABAg,khAUeXPkWvg,60ecd7b250457f9086eeb4aadc30ed029d12dbe360b22498c53c36f011ed32f9,Bahas byd atto 1 bang tes jarak maksimal,2,2025-10-01T16:08:39Z,2025-10-01T16:08:39Z,2026-09-27T14:02:18.015298+00:00
UgyztTEsCwkWTzFq8qB4AaABAg,khAUeXPkWvg,095380c0e769ea40d0fd5d7d6ce0c48db8c9024223c010e3a435d2c412ac470f,"Mantap.

500 kms itu NEDC ya?",0,2026-05-04T07:05:59Z,2026-05-04T07:05:59Z,2026-09-27T14:02:18.015298+00:00
UgwlBsbk8kAHyryv4Od4AaABAg,khAUeXPkWvg,bdea0e1db506f26caad60dac1d3372f464fb50672c4c46f45f13caea36caf24c,next stepwagon hybrid sama rocky hybrid,0,2025-09-30T07:52:38Z,2025-09-30T07:52:38Z,2026-09-27T14:02:18.015298+00:00
UgwsDXPYVDcj6wIQhKR4AaABAg,khAUeXPkWvg,abd19f84c8213b4f3e6330310872d3fea92e32d44cd91dfbc910559eba30f91f,paling cakep warna apa ??,0,2026-02-14T10:16:33Z,2026-02-14T10:16:33Z,2026-09-27T14:02:18.015298+00:00
UgxhRx49TSiC8L-upA14AaABAg,khAUeXPkWvg,47bb7c3b2026c618c09372204019d1af5dea432b2fe7e4a2f537ef0d683288c9,Coba sunroof nya solar Cell pasti lebih muantepppp,0,2026-05-16T05:13:01Z,2026-05-16T05:13:01Z,2026-09-27T14:02:18.015298+00:00
UgzXFTcPMJzcZ7FkRfF4AaABAg,khAUeXPkWvg,0f802f58381ca57f088ca89adcd05c53592694404efa735fcd478defed5ad3bc,Ada kingkong ikut................,0,2025-10-01T00:02:50Z,2025-10-01T00:02:50Z,2026-09-27T14:02:18.015298+00:00
UgyTZjeArf-jAG_EAup4AaABAg,khAUeXPkWvg,ea0348c0da37df9fa71d6ae3ddd6878bbe000c72e1deb6436b74c01f2f453fb2,Geely ex2 bikinin reviewnya om,0,2026-01-23T00:59:29Z,2026-01-23T00:59:29Z,2026-09-27T14:02:18.015298+00:00
UgzXVEARoHcu-eZ9TmJ4AaABAg,khAUeXPkWvg,bdd372e1519a14f4dbdd2e01ecba4734ecdf7efea14e13b8215f6f87fd6e80af,Model nya mendingan dari atto 1 tapi harga nya jauhh..,0,2025-11-23T09:26:01Z,2025-11-23T09:26:01Z,2026-09-27T14:02:18.015298+00:00
UgyPs1SAYFHZHR0jCTN4AaABAg,khAUeXPkWvg,bfeb00f4076b2b5c444f467e8005d325953f46c210e6de146333c94dde487a59,"yang pasti dibawah 330jt
eeeh g rilis2 harga resmi pas gias..
abis gias malah digoreng jadii 360jt",9,2025-09-30T06:13:44Z,2025-09-30T06:13:44Z,2026-09-27T14:02:18.015298+00:00
Ugx9OdQ-RH8S4nKFuLx4AaABAg,khAUeXPkWvg,2604dd7144a87501df4380f433b5ea2a1432beafa435876e541d643465ca24f7,coba byd atto 1,0,2025-10-30T14:39:20Z,2025-10-30T14:39:20Z,2026-09-27T14:02:18.015298+00:00
Ugzwj85c_l8UwAVb6pR4AaABAg,khAUeXPkWvg,0c3a0f35aa78ee0921c374f5017219d5cc9f5c6bffea7832ff8952af9f50ae74,"Om, compare donk ini dgn mg4ev/dolphin/ex2/cloud",0,2026-02-15T05:51:33Z,2026-02-15T05:51:33Z,2026-09-27T14:02:18.015298+00:00
UgygjlKEg2bEtwBo8JB4AaABAg,khAUeXPkWvg,6fbd39f6434d4aab9c785f3871c71931b18175359c3e41cf5cd8713d02c79898,aion v bang yang claimnya 600km,0,2026-01-01T13:48:15Z,2026-01-01T13:48:15Z,2026-09-27T14:02:18.015298+00:00
UgyyIS0_qsOqPmH_Ttl4AaABAg,khAUeXPkWvg,a595ef42a0dba647b2596c9159a3e0c256d681cce0e07d25a6d090ac0eee69d7,Yg jualan indomobil. Ya di goreng lah,1,2025-09-30T06:24:32Z,2025-09-30T06:24:32Z,2026-09-27T14:02:18.015298+00:00
UgweQFBhfk95ySqSbRF4AaABAg,khAUeXPkWvg,a6d085e97226ee6ce2ffae7242d5bca5f650dd044932d1416d3d080465b37bff,How much range by Ut on highway,0,2026-07-07T09:41:27Z,2026-07-07T09:41:27Z,2026-09-27T14:02:18.015298+00:00
Ugxplc7I3VdLt-EI7h54AaABAg,khAUeXPkWvg,aafbea55b1d155795ac5e0df63a6360a8e598e18e7692b51607544031173834e,"Heran sama yg kemarin komen mau seharga atto1, binguo. Ini seukuran cloud, dolphin, mg 4, ora 3. Batere tipe premium 60kwh. 
Ora 03 batere 47kwh harga 380. 
Dolphin aja 60.4kwh tapi harga 425. 
Cloud EV batere 50.6kwh harga 404
Aion UT harga di thailand 340, gak mungkin lebih murah kalau di sini",6,2025-09-30T07:28:47Z,2025-09-30T07:28:47Z,2026-09-27T14:02:18.015298+00:00
UgyKVO3pI-i0F71r5zt4AaABAg,khAUeXPkWvg,de40e79dc17fca0fc15006c129c99ff423699e1b9445c95592aade6f53f04a03,Tanjakan gimana bang?,0,2026-06-30T10:43:47Z,2026-06-30T10:43:47Z,2026-09-27T14:02:18.015298+00:00
UgxtB1bAByh9YfZdSEl4AaABAg,khAUeXPkWvg,0a4def569f5b189118158f72140560de28c068548350ca6c0c2c2139624312e5,BATREY LFP KAH?,0,2025-10-07T07:38:48Z,2025-10-07T07:38:48Z,2026-09-27T14:02:18.015298+00:00
Ugw5ltE4yzyevFLHQWp4AaABAg,khAUeXPkWvg,88545f6645d6c311034f8fba2b3beeecf0c700ad28ec95b2235c3fa5ff486f16,Bagus banyak pilihan mocin listrik tapi harga akan kebanting dgn byd atto 1 😅,2,2025-09-30T08:09:22Z,2025-09-30T08:09:22Z,2026-09-27T14:02:18.015298+00:00
UgzGqNWNj6vWgm_76Fp4AaABAg,khAUeXPkWvg,952f2e455ecbc1a8500fee8df1c0fb5da56b01b70c338166c82d2a8f3139377d,"IIMS 2026 AION UT Premium jadi 318jt..
Komparasi dong dengan JAECOO J5 Premium..

Lebih Value for Money yg mana",2,2026-02-06T15:30:01Z,2026-02-06T15:30:01Z,2026-09-27T14:02:18.015298+00:00
UgwPqKlFxfOY3NFGjvp4AaABAg,khAUeXPkWvg,5c351a263219b23b338566c85cfcc7e183321c7002f79f7d2391eb45bdad20e3,Tinggal tunggu geeley star wish yg katanya bs dibawah 300jt type standardnya......klo bener wah amblas semua....,1,2025-10-01T11:51:39Z,2025-10-01T11:52:36Z,2026-09-27T14:02:18.015298+00:00
UgxbjSai7HLWnI--OkN4AaABAg,khAUeXPkWvg,2cb065b4b36b10a647c5a1148b58fde60757f7c494fa45a8f3f5bd5b4b066421,Ternyata tidak uji sekali cas tapi berkali-kali cas,1,2025-09-30T21:34:32Z,2025-09-30T21:34:32Z,2026-09-27T14:02:18.015298+00:00
UgyTDSk8fTXTeVoacdJ4AaABAg,khAUeXPkWvg,382b73c57f7767d519fb8b58b8b54248254b1459b94f5af4804211584d02eb2d,hahaha hrg 363 jt uda sama kyk wuling bingo kalo tanpa diskon,1,2025-09-30T06:58:54Z,2025-09-30T06:58:54Z,2026-09-27T14:02:18.015298+00:00
UgwIJWW2MfhHGr1Ekw54AaABAg,khAUeXPkWvg,9835a38312ef18be40f4c3d995b8283e373675bd22224874713a8722bc1f8e4e,beli ini logo dicopot ganti logo honda bagus kali yak wkwk,0,2025-10-30T05:05:58Z,2025-10-30T05:05:58Z,2026-09-27T14:02:18.015298+00:00
UgxL3HVsjozu4K9xy3l4AaABAg,khAUeXPkWvg,c9261a7b775c96a5eeb2b19679afd9f54b1d2335e835022f2599359870fe1ad3,"Mobil EV claim 400km
Dari batrai 100% sampai kosongg
Padahal yang harus kita tau, maksimal batre itu rekomended diisi 80-90% dan di sisain 20-30% 
Berarti optimalnya cma bsa pake 50% dari range, blm lg klo bawa beban full bsa berkurang lg 5- 10%. Itu klo kita mau jagain batrai agar awet yah guyss..  Berdassrkan pengalaman pribadi 👌",0,2026-03-22T22:05:04Z,2026-03-22T22:05:04Z,2026-09-27T14:02:18.015298+00:00
Ugy8_u88Jn3N_b1l-0l4AaABAg,khAUeXPkWvg,a67e7f36ed3c2a7c3da5772ca808517285b8e004c166e032a06109092dfe74a8,Hrg nanggung mending sekalian aion yplus,0,2025-10-08T11:43:13Z,2025-10-08T11:43:13Z,2026-09-27T14:02:18.015298+00:00
UgxzSVTA6ftwkPdp3F54AaABAg,khAUeXPkWvg,1bac9389e438d4335844e8f420defaddf4f889c9e6187eeb27e74580d99e3f95,"7,35km/kwh mayanlah😁 byd rata2 6 doang",0,2025-09-30T11:56:12Z,2025-09-30T11:56:12Z,2026-09-27T14:02:18.015298+00:00
UgyV3kWD8bEmk5C3M294AaABAg,khAUeXPkWvg,79629380106f4cf9927155b02c28629c180028ab85e11ba4668978d5eb6f0bb2,"Mestinya lebih obyektif penilaian tentang jok belakang. Kurang nyaman sih.

Sy T170/BB82, sudah coba dan merasakan sendiri jok belakang terlalu tegak dan paha tidak tersangga sempurna. Utk perjalanan keluar kota jd kurang nyaman. Untuk power dan handling, hasil test drive sy, bisa dibilang sudah memadai. Gak ada rasa kekurangan tenaga, sementara suspensi tergolong nyaman.

Awalnya naksir berat dg UT, tp soal jok belakang jadi Deal Breaker di samping harganya yg setelah ditunggu lama, kok mengurangi value for money-nya.

Ujung²nya meminang V juga. Jok belakangnya sangat proper dan menyangga paha dg sempurna utk sy pribadi dan keluarga. Lebih value for money juga.",1,2025-09-30T15:04:54Z,2025-09-30T15:06:46Z,2026-09-27T14:02:18.015298+00:00
UgzNNG0i1u-_9JcdjF94AaABAg,khAUeXPkWvg,87835acd2ffa998b04d75b20d4ea438e3bcd15e1206392a649d628e55e646d31,Minim tombol fisik bikin susah dan ribet,0,2025-10-10T04:32:21Z,2025-10-10T04:32:21Z,2026-09-27T14:02:18.015298+00:00
UgwCMklbtDF5OV_kleR4AaABAg,khAUeXPkWvg,a562ad6a5ce55f80749ea96f19a8a739dec9e4a43e364d28751b87336f993f51,"udah SPK AION UT ini, tapi galau apa better Chery E5 ya :(",1,2025-09-30T06:31:01Z,2025-09-30T06:31:01Z,2026-09-27T14:02:18.015298+00:00
UgwWk8adhVa43QjLWdt4AaABAg,khAUeXPkWvg,7c0d7b48426874574f4b83cbb867f4ddd6bb36874139062b3dc6ce59fd9e0ad0,"Calon pembunuh Wuling Cloud dan BYD Dolphin, tinggal nunggu harga Geely EX2 brp harganya. 😂😂",0,2025-09-30T10:33:24Z,2025-09-30T10:33:24Z,2026-09-27T14:02:18.015298+00:00
UgxDWkJWlie6H4B4J_h4AaABAg,khAUeXPkWvg,0e36be8a4759a2b772d5d1ff074e7ef39db08205b84dc00afd986993fb5f80ec,gue fikir type tertinggi under 350😅,0,2025-09-30T06:10:13Z,2025-09-30T06:10:13Z,2026-09-27T14:02:18.015298+00:00
UgzVA-rbxn7NJ8QJ3Td4AaABAg,AOjceFDyYeM,f3aabf05253b71001aa3bd0c91501faf219cb06341a57b5efe577203e7c031df,"buat yg mau beli ev tolong beli yg sdh ada pabriknya di indo ya gaes, meskipun cuma ckd",13,2026-01-20T01:02:28Z,2026-01-20T01:02:28Z,2026-09-27T14:02:19.136503+00:00
UgxLs-0C4Zh4c4jOMHl4AaABAg,AOjceFDyYeM,f4f995bddb02125af9d062f7bf075e2342045c93c1212345f9f42ad55dd471f9,"Enak ya kalo nonton konten gak banyak gimmick😊, mantap ko sukses terus",21,2025-12-19T03:29:13Z,2025-12-19T03:29:13Z,2026-09-27T14:02:19.136503+00:00
Ugx0kcW8eMaeCE29Eux4AaABAg,AOjceFDyYeM,5766132358551542b771274ef81d7865406aa0549a4aa2f246d1367e3f89a3f4,kayak gini lebih nyenengin ketimbang reviewer yg keliatan banget di endorse sama brand,124,2025-12-04T01:24:15Z,2025-12-04T01:24:15Z,2026-09-27T14:02:19.136503+00:00
Ugw45tIUiFHZOFt8VD54AaABAg,AOjceFDyYeM,5653d17568167ed224cf1c742772c440084a067f5c1ce4e2dac8e68250d00f4d,"2 hari lalu air ev gw sempet nrabas banjir di sekitar kunciran blkg alam sutera kurleb hampir 1 ban air ev mobil2 lain pada ragu jd gw trabas aja, Alhamdulillah aman n air gak ada yg smp masuk ke dlm kabin. 😁",19,2025-12-06T13:01:32Z,2025-12-06T13:01:32Z,2026-09-27T14:02:19.136503+00:00
UgwNmf3dnnvubQyPou14AaABAg,AOjceFDyYeM,3e761bd1a81dd7297ff8addb56ca9a2f6ec4cd430049978e43fc3453d3619653,"26:05 pake kunci torsi nya udah bener sih bang tapi yg gg liat tadi malah kayak formalitas doang, soal nya si mekanik ngencengin awal pake impact kedengeran suara impact nya (krek krek) agak lama jadi itu baut udah kencang duluan bisa jadi udah di atas 100nm nah pas liat dia kencengin pake kunci torsi di roda depan kiri itu keliatan sampe kunci nya bunyi tapi gak gerak, gw juga mekanik yg biasa pake impact dan kunci torsi jadi kalo pas ngencengin di awal pake nya impact gw pastiin cuma sampe mur nya nempel doang tapi blm kenceng dan saat di torsi si mur wajib masih bisa muter walaupun dikit, kalo kunci torsi udah bunyi duluan tapi mur gak gerak sama sekali maka ada indikasi over torque.",22,2025-12-08T18:40:07Z,2025-12-08T18:40:07Z,2026-09-27T14:02:19.136503+00:00
Ugzf4jTICgy6vjpSCHp4AaABAg,AOjceFDyYeM,83eb3eb8ac8f0dddf5c1f35f8b55991357c4af61fadf055a5bc131c3bbba327d,"Mantap sekali, sharing penglaman menggunakan wuling air ev ini, jadi pingin bisa beli mobil ini, chanel sdh tak like dan subcrib.",19,2025-12-04T06:44:16Z,2026-02-09T23:36:25Z,2026-09-27T14:02:19.136503+00:00
UgzRzAqGLesMIS0KMV94AaABAg,AOjceFDyYeM,d028c96a8f6379dd2ac6f6c75fe901153cbb01359fffb48b673ec0a22170b971,garansi baterainya sebetulnya buat kasus baterai rusak karena abnormal/anomali dan ud diperhitungkan sama wulingnya. kasus yang 150rb km itu penyusutan normal,11,2025-12-04T08:02:30Z,2025-12-04T08:02:30Z,2026-09-27T14:02:19.136503+00:00
UgxOMF35ciLI5hU0VgZ4AaABAg,AOjceFDyYeM,69337e1a612a914504d17bd00c6d93dc520d758dd51fc74fb6a3548600f5ceb5,"Mantap bang klo lihat sharing mobil yg netral spt ini. Semua terbuka dan service nya pun bisa di video, jadi semakin paham kualitas service dan pelayanan si Wuling...👍👍",0,2026-08-02T04:30:16Z,2026-08-02T04:30:16Z,2026-09-27T14:02:19.136503+00:00
UgxTZrHNh7jtxvpj_8t4AaABAg,AOjceFDyYeM,c7a72d4cc26e5405f3179bd6c53ff820ddef72f4298aa411ed7ba6d38c0d9408,Gila bener ... gue baru tau ternyata ini Aie EV Rear Wheel Drive...... keren video nya (y),3,2026-01-25T05:37:39Z,2026-01-25T05:37:39Z,2026-09-27T14:02:19.136503+00:00
UgwH1kODRDGK6a1V_Yh4AaABAg,AOjceFDyYeM,67add4b7de128ae7a86f45c35c3bae27aff54efd83ca112cdd5de7fc12f57bd0,"ini yang gw suka, pengalaman real user wuling air ev, ga ada kepentingan endorse, mobil juga dipake harian, buat taxol malah.
mantap ko, sharing pengalamanya, semoga tetap netral ga dilebih lebihkan ga dikurang kurangkan",13,2025-12-05T02:20:36Z,2025-12-05T02:20:36Z,2026-09-27T14:02:19.136503+00:00
Ugy0VWmRM3pOGENVKcd4AaABAg,AOjceFDyYeM,4c3f213263281e4d5704ea8bddb301e9cc3baa82f51c5ca540c294dfbd2058e4,"Info km, batre health, harga service maintenance dan harga ban 12""... Mantab👍👍",1,2025-12-29T18:49:23Z,2025-12-29T18:49:23Z,2026-09-27T14:02:19.136503+00:00
UgxQGc3b4o1_TAuLWIt4AaABAg,AOjceFDyYeM,693e62d73b948f89a4dca8605a8475f616e6a0fc7a8331e3dc916155ffaacb14,tq bro informasi kumplit plit.... 😊,0,2025-12-04T00:49:27Z,2025-12-04T00:49:27Z,2026-09-27T14:02:19.136503+00:00
UgyzDXGlo5XEBSI5iQZ4AaABAg,AOjceFDyYeM,10a4b03610eeb16843f87369e56c08caf4aa3af12cbfd8b21983a65efd7a209a,Keren bang sharing infonya...fyi mobil ioniq saya sudah > 90rb km pemakaian dari akhir tahun 2023,0,2026-01-06T00:44:05Z,2026-01-06T00:44:05Z,2026-09-27T14:02:19.136503+00:00
Ugzpic1LamvODUHxHoJ4AaABAg,AOjceFDyYeM,b0d1cc3dcdeaf27f610630b309129dd963d03bb76b626e84a6b4dfbaccd0a0fc,Jd ketagihan nonton yt nya bang koko,1,2026-01-13T01:11:15Z,2026-01-13T01:11:15Z,2026-09-27T14:02:19.136503+00:00
UgxMxKT824GZwwKmIRd4AaABAg,AOjceFDyYeM,17866c4217184e3a34821fcda558777d6c76c659cf58faf77f9dc100b155f179,Like dan terima kasih Ko untuk ulasan singkat nya tapi jelas padat tentang battery health & servis,3,2025-12-04T09:24:38Z,2025-12-04T09:24:38Z,2026-09-27T14:02:19.136503+00:00
UgxFjkH480NgH9lAiAR4AaABAg,AOjceFDyYeM,fa2fdac24102862994247f68d9b73cd2b73c6bb4f65d918b3e7c2773fa7ac0e7,konten apa ada dan informatif... itu baru enak di nonton... ga perlu menye menye...,0,2026-01-02T00:20:29Z,2026-01-02T00:20:29Z,2026-09-27T14:02:19.136503+00:00
UgxEiMSHCJVWS2Eojy14AaABAg,AOjceFDyYeM,69d866680e2ba1e02090ae4d6b2eeda9f97d6bcaeb53f600991297906774fd13,"Thanks usefull informasinya Ko, jadi tambah yakin minang EV",4,2025-12-04T04:46:15Z,2025-12-04T04:46:15Z,2026-09-27T14:02:19.136503+00:00
Ugy-mROSnU_vVWS-NHN4AaABAg,AOjceFDyYeM,0e2aa7a40f96f3f3b313ad9671296b8029a3d15d8eae3a427e706ce637835759,ini konten yg bermanfaat❤..tks bang,0,2026-06-04T06:09:16Z,2026-06-04T06:09:16Z,2026-09-27T14:02:19.136503+00:00
Ugz3tcs-x8oZUYEhgIN4AaABAg,AOjceFDyYeM,89b41e4da691f6a0f160b96ad771ff903058289ca7ba1611503335f0f8a62efe,mantaaap ...,0,2026-02-22T10:13:11Z,2026-02-22T10:13:11Z,2026-09-27T14:02:19.136503+00:00
UgxZEUUcK521KjiuzSx4AaABAg,AOjceFDyYeM,37d6cb3838a8a73d54a42d37f4a335dd4cf76278dd7c02c2b6ebc318ec338eeb,"Terimakasih, semakin yakin pindah ke Mobil Listrik.",2,2025-12-03T15:15:00Z,2025-12-03T15:15:00Z,2026-09-27T14:02:19.136503+00:00
Ugyg7EC_wTDL_gsg7HZ4AaABAg,AOjceFDyYeM,afa25cbeb0315f1ba3d12e843f32b159a0aa8c555b43b1c4f132d224920d3cc4,Enak banget ko jelasinnya.. mantap ko 👍,2,2025-12-04T14:42:00Z,2025-12-04T14:42:00Z,2026-09-27T14:02:19.136503+00:00
Ugwu6xIBdBWyecIhg-R4AaABAg,AOjceFDyYeM,fba4b4d9f4f7eb3cda0c40e872860a2a2180334fa20d3e008b4b67967c2d14e7,Nice info..nice share. Trims koh,0,2025-12-03T16:55:57Z,2025-12-03T16:55:57Z,2026-09-27T14:02:19.136503+00:00
UgyKgzeFQtLHdXGsNmp4AaABAg,AOjceFDyYeM,feeba5c243ac3eabde4a41c03dd995ff5735d70a73ef1eede549e0d4ccfe6d2e,ko ditunggu satu EV yang lagi trending: J5,3,2025-12-04T14:06:20Z,2025-12-04T14:06:20Z,2026-09-27T14:02:19.136503+00:00
Ugy_WBBwdO7TxGhjHx14AaABAg,AOjceFDyYeM,675c33bfdc2befc8b72b0c2e75d36ecd90a2a151ec0f8be5528da9b2e9453cd9,Bagus reviewnya,1,2025-12-07T12:32:14Z,2025-12-07T12:32:14Z,2026-09-27T14:02:19.136503+00:00
UgyM8G-uOE1FR4n2OFR4AaABAg,AOjceFDyYeM,bc0e0fb3848f7eb016a574ae9724d132485e8fc801da81781a27c465c4a573a5,"Suatu saat nanti baterai mobil elektrik menjadi sangat murah, karena tekhnologi pasti terus berkembang sangat pesat dan terus semakin murah harganya",0,2026-04-17T06:41:53Z,2026-04-17T06:41:53Z,2026-09-27T14:02:19.136503+00:00
UgzICmbMKMVgN5a_2-54AaABAg,AOjceFDyYeM,20a80d939c6fdfb5b79a04c97d05c4ee62b62cf06a21a02458b8d2a318d08924,Thanks bang udah dijawab di video ini :D,2,2025-12-03T14:07:34Z,2025-12-03T14:07:34Z,2026-09-27T14:02:19.136503+00:00
UgwOL_LWotj4MkzOmcp4AaABAg,AOjceFDyYeM,240ea8d1feff4e885f5f07cc3c345dd454bf8cac11e90dc155059e17ecebfe20,"@kokodriver terimakasih atas kontennya yang sangat mengedukasi, memberi semangat salam sehat dan salam dari Bandung",0,2025-12-30T23:39:44Z,2025-12-30T23:39:44Z,2026-09-27T14:02:19.136503+00:00
Ugw4QKZE4t2NuEAnMbF4AaABAg,AOjceFDyYeM,8d9de2de53cc25eabebed8222dce459e178a7aa2d0ebb6e0e159405af04e1ba6,"battery health segitu cukup rekomen untuk ambil seken nya, dan juga wuling harus niat jika ada teknologi terbaru yang buat baterai mobil listrik lebih murah maka harus diwujudkan ke buyer, jadi mindsetnya bulan cuma jual mobil aja tapi jualan baterai dan service / pelayanan prima bagi customer",0,2025-12-06T01:20:45Z,2025-12-06T01:20:45Z,2026-09-27T14:02:19.136503+00:00
Ugw8G3XXQVBZ5AnkJON4AaABAg,AOjceFDyYeM,5e787bd1501765efa88138df3f56832d797626f8298beffa1e987d2d109801eb,"Baterai health tinggal cek resistance baterai tsb, semakin tinggi nilai resistancenya semakin menurun kualitas baterainya. Yang suka maenin baterai 18650, 21750 dan lainnya pasti tau dan rata2 pada punya alat ukur resistance baterai.",1,2025-12-29T11:50:37Z,2025-12-29T11:50:37Z,2026-09-27T14:02:19.136503+00:00
UgxiJSHUIj2QyKTKv0J4AaABAg,AOjceFDyYeM,c74ef86e3eab89cc11092b11166149fe1f05fc65ad69e47ba6f2389318aad1dd,Trims ilmu bannya Bru tau saya..,2,2025-12-03T14:20:07Z,2025-12-03T14:20:07Z,2026-09-27T14:02:19.136503+00:00
UgzzOQ_ih7lxpGAaiD94AaABAg,AOjceFDyYeM,75fadee0a53592682b8fae33f6d301cddc3dde566b62a3c03cc2e17dc681d497,Seneng banget klu pelayanannya bagus,0,2025-12-09T04:00:15Z,2025-12-09T04:00:15Z,2026-09-27T14:02:19.136503+00:00
UgwAzTli81nlHtCIuo54AaABAg,AOjceFDyYeM,03073ca80b19bcbec2a987c767ead1b21cb42d425425ab11799b669e6aff82d7,Barusan sevis rutin cloud Km 15rb BH masih 100%,1,2026-02-24T16:01:49Z,2026-02-24T16:01:49Z,2026-09-27T14:02:19.136503+00:00
UgyGQwimXCJI_oCpWUV4AaABAg,AOjceFDyYeM,c084ca3e419522ba16e2fff8147d0ade16c2ea8a91c4adebf093988877e71f56,"moga diendorse tetep agar terus konsisten penilaiannya,

kadang ga enakan jadi membuatmu rumit",0,2026-04-02T22:13:05Z,2026-04-02T22:13:05Z,2026-09-27T14:02:19.136503+00:00
UgyqnB2-bMxAnfXzxIR4AaABAg,AOjceFDyYeM,b535ae020e01e35763cb3fd8e0d3ebbf03fd04bb5a8c550123a3e1ce2449fa6b,Moga selalu ngga di ENDORSE ya  koh  ❗  . JADI PENGALAMAN pribadinya selalu DI TONTON  Penggemar chanel ini  ❗,0,2026-01-11T03:33:23Z,2026-01-11T03:33:23Z,2026-09-27T14:02:19.136503+00:00
UgxUyrHc1g4M9Xlc52p4AaABAg,AOjceFDyYeM,2a1e6619ba369e5bd9556626b83f0fe8572da252762b79d8bee638b0f53f2dc4,First koh!,0,2025-12-03T12:01:38Z,2025-12-03T12:01:38Z,2026-09-27T14:02:19.136503+00:00
Ugw74MN7hRv81fpfUxV4AaABAg,AOjceFDyYeM,aa7d192e44d6efd36417f4bd2cd1c108c4ceac67b5a3e9b179ca43182c5cc02f,Perbanyak video tentang Atto 1 bos,4,2025-12-04T01:40:39Z,2025-12-04T01:40:39Z,2026-09-27T14:02:19.136503+00:00
Ugw96_CqNHYrX2CCU6p4AaABAg,AOjceFDyYeM,704936ad4c1276a3999fd54ef729fb179a7ec7699e261f2478e726be7b9d9564,keren ulasannya,0,2026-05-04T09:52:31Z,2026-05-04T09:52:31Z,2026-09-27T14:02:19.136503+00:00
UgxJPDAxLznU89ea4N54AaABAg,AOjceFDyYeM,2aeac30b7a53d65c0dea06755543d53898fa008d19d6ef4c5fc7c5a4bb7c96fc,very satisfied = cukup puas..jangan dong koh..tapi Sangat Puas...😉😁,0,2026-03-26T04:51:59Z,2026-03-26T04:51:59Z,2026-09-27T14:02:19.136503+00:00
Ugyrmx1HA7h_gNMPnNR4AaABAg,AOjceFDyYeM,40bd16624cb716f9c2ce137006432116c77515835210cf22a22b8cef028bda26,Bagus nih buat wulingnya Gk ada yg diumpetin,1,2025-12-10T22:46:05Z,2025-12-10T22:46:05Z,2026-09-27T14:02:19.136503+00:00
UgydCtTS_mI8uJJgyNB4AaABAg,AOjceFDyYeM,99acb0091eb64e39ed555905b5ca1b5d5f387f20a6d335c85922dad9aad3dad9,ingat kata kata hemat2nya itu hanya buat beli batery baru. hehe,1,2026-07-14T06:36:18Z,2026-07-14T06:36:18Z,2026-09-27T14:02:19.136503+00:00
UgwQxa1i422VtH-jGQ94AaABAg,AOjceFDyYeM,24523c028286d4e0cab78163ab8ea7b3dae15d1dc30a987e43a3242a17b55d3d,good,0,2025-12-05T15:53:21Z,2025-12-05T15:53:21Z,2026-09-27T14:02:19.136503+00:00
UgxA8olBTQJI8e-4VWh4AaABAg,AOjceFDyYeM,24689fa524e893220552ba0279fef9bc348d8b29cd7165f86b377f890654eaf5,Wuling dijamin aman bisa dipercaya. Almaz rack steer diganti tanpa biaya,5,2026-01-01T13:57:31Z,2026-01-01T13:57:31Z,2026-09-27T14:02:19.136503+00:00
Ugxvbtgs88NZD2LQZu94AaABAg,AOjceFDyYeM,f593fffa0077dd6896e092e79337cb79b480fe21c16a64eee7ca5780cc628b74,"kalau untuk garansi batrai healt wuling sudah tepat dibawah 70 ko. karena faktor drop nya baterai health bisa terjadi jika ada cacat pada baterai dan anomali pada kelistrikan dan pengecasan. jika baterai, kelistrikan dan pengecasan aman aman saja, baterai health nya akan awet. jadi ada juga kok ko yg km nya masi rendah tapi baterai health nya sudah dibawah 70% .",0,2026-03-10T21:16:07Z,2026-03-10T21:16:07Z,2026-09-27T14:02:19.136503+00:00
UgyRy4c8Xe3OLicgNAB4AaABAg,AOjceFDyYeM,f9c69ae46af2eebaea5c4f2f462066d2a82cc6c4da348c9404c07b8b0aac1e16,"Gan boleh coba pake ban merek Delium Evolution, dia lebih lebar dan lebih tebel dikit drpd ban ori AirEv, tp enak banget nih ban Delium Evolution.. jauh lebih senyap dan jauh lebih empuk drpd ban AirEv. Kenyamanan AirEv jadi meningkat drastis ga jadi mbl yg kayak gerobak kasar.",0,2025-12-08T03:02:12Z,2025-12-08T03:02:12Z,2026-09-27T14:02:19.136503+00:00
UgzXMfl1II1hfnPcdG54AaABAg,AOjceFDyYeM,ac4b6cc2641a58a3ee08f4aa17aed6d9cc499a44d7867d3cd590a9ca22d929cd,"Enak banget ya , "" buka "" makan waktu karena rem parkir type EPB😅",0,2025-12-11T08:09:32Z,2025-12-11T08:09:32Z,2026-09-27T14:02:19.136503+00:00
UgxEQUHULUHDKSETRWt4AaABAg,AOjceFDyYeM,75fb6af2779a4949da17138b8ffbcac7b854129917d9afdf054b000395a9d56e,"Air Ev Saya sudah 3 tahun, kilometer 21K. Sudah pernah claim racksteer 2x. October kmrn warranty habis dan sekarang racksteer sdh agak goyang.",0,2025-12-04T14:46:56Z,2025-12-04T14:46:56Z,2026-09-27T14:02:19.136503+00:00
Ugzv3HQs_Kk80IJBJAp4AaABAg,AOjceFDyYeM,3c583cf32d77e1654440db5368c5bc51c0382affa8912bb5f27dbc9997b8e56a,"Pengen punya mobil listrik untuk online,ngirit❤",0,2026-04-19T01:23:36Z,2026-04-19T01:23:36Z,2026-09-27T14:02:19.136503+00:00
Ugy30OjSPSAA8EpSD3d4AaABAg,AOjceFDyYeM,d4ae784ab19a4e94623a5b1fb297dc15b68cc6399a779069a03d26e588be669f,enak klo bis ai rekam gini,0,2026-04-13T04:44:54Z,2026-04-13T04:44:54Z,2026-09-27T14:02:19.136503+00:00
UgwRFHzQ1ZZUHz9vvSl4AaABAg,AOjceFDyYeM,3b3f8bbaf37e42f781a6f4336ec1bbf21e43f7e108db1fc5bb92fbbbfa9d5275,"Air ev LR 2023 bulan Mei... ODO 37rb... BH 94% koh... racksteer udah ganti,,,ban baru ganti koh... dan aki udah mulai lemah koh...",2,2026-01-03T00:14:56Z,2026-01-03T00:14:56Z,2026-09-27T14:02:19.136503+00:00
Ugzm9RERJsBlwf3hYpl4AaABAg,AOjceFDyYeM,5592a0cfffa37d797d45f898bc88abd35cab789074961c25018a76c554f8a6ce,MOBIL2 LISTRIK EV CHINA HEMATNYA KEBANGETEN BIKIN KANTONG AMAN.. (1 KWH BISA JALAN 10 KM.. DENGAN CHARGE DI RUMAH HARGA PER 1 KWH RP. 1700.. BIAYA LISTRIK PER 1 KM = 1700 : 10 = RP. 170.. JADI BIAYA PER KM CUMA RP. 170).. LEBIH HEMAT DARI HONDA BEAT.,0,2025-12-07T03:44:59Z,2025-12-07T03:45:34Z,2026-09-27T14:02:19.136503+00:00
UgyQHj-uneSyjImsBYh4AaABAg,AOjceFDyYeM,2984ca68728baab3a260b31d84ed30a37cc2c017ae730c7dc2d625d1b6fb7166,"wah plat nya mirip pnya sy ko, B 1302 VNO (Bu BOZ ViNO) 😃",1,2025-12-04T05:05:16Z,2025-12-04T05:05:16Z,2026-09-27T14:02:19.136503+00:00
UgyAcObO9ggCpNpElcl4AaABAg,AOjceFDyYeM,da804ecae80a6c3b3baa2e14ad41cd34384f5f8397b35581a1f1234518c41d5d,Aku punya ev 2 tahun 83 km baterainya masih 89%,1,2025-12-23T13:51:11Z,2025-12-23T13:51:11Z,2026-09-27T14:02:19.136503+00:00
UgyWeWNFqN3tRWVxCQd4AaABAg,AOjceFDyYeM,1f97ce6ef0a5451b49532ea6f755fc8fda370f392d1f1c312ed53307ad7bc585,"Makin yakin diri ,teguh sama mobil konvensional alias mobil BENSIN
.❤❤❤❤❤❤❤",4,2025-12-04T01:05:14Z,2025-12-04T01:05:14Z,2026-09-27T14:02:19.136503+00:00
Ugw13ZXMXbir1qWW8354AaABAg,AOjceFDyYeM,901461c3dc5a86fb50a099a886eb72fcbd70b53b3d520785c6caaa87bc2210aa,"Pemakaian normal 150rb km itu bisa lebih dari 3thn koh, bahkan dulu innova 2010 punya orang tua dipake sehari-hari, 100rban km baru setelah 9thn wkwk. Udah lupa sih lebih tepatnya 100 berapa tp gak sampe 200rb km.",0,2025-12-30T18:45:41Z,2025-12-30T18:45:41Z,2026-09-27T14:02:19.136503+00:00
UgwyYjp9GACR7IG5vmB4AaABAg,AOjceFDyYeM,15f546daebc1ab7f3509d9bb5911d580c9f6b6c030b097a9b6b0a6d208c7fb19,apakah koko wuling air ev nya service berkala stay healthy koko semoga diberikan kelancaran amiiin,1,2025-12-04T01:37:48Z,2025-12-04T01:37:48Z,2026-09-27T14:02:19.136503+00:00
UgzCvXh6UctN6c6Htmt4AaABAg,AOjceFDyYeM,87249c741b03f6e5163ddefd7b8bef0541fd59fae0826b9812de4ec693a9a861,"Selamat sore, saya berencana mau beli Xpeng G6 Pro Long Range untuk jadi ""senjata"" saya buat jadi taksi online, meskipun saya ga tau kapan bisa beli mobil itu. Kira2, gimana menurut koko driver?",0,2025-12-04T11:11:43Z,2025-12-04T11:11:43Z,2026-09-27T14:02:19.136503+00:00
UgwYefsxPHPtEj68eal4AaABAg,AOjceFDyYeM,c4c9d30fbdf206a95f7baac95a01699d014ce7473792ba027604ad75174ae582,"kalau dibuat rata2 misal 1 bulan habis bensin 2 jt, dikali 5 tahun 120 jt, baterai mobil dalam 5 tahun misal harus ganti batrai harganyha 120 jt belum biaya servisnya,, ditambah biaya listrik selama 5 tahun jadi berapa tuh,, logikanya akiketika jarang digunakan semakin cepat soak juga.",0,2026-05-02T14:26:35Z,2026-05-02T14:26:35Z,2026-09-27T14:02:19.136503+00:00
UgyGlRMFSFZeS6WaYLN4AaABAg,AOjceFDyYeM,2d9f35f44b010d57f6c20f3cdb58de048fcbbce949285f0b5abda53707f6730c,5:10 water hammer,0,2025-12-05T03:15:00Z,2025-12-05T03:15:00Z,2026-09-27T14:02:19.136503+00:00
UgynBFMFh_5pxkMkY0x4AaABAg,AOjceFDyYeM,c614f4c236867dad6694eab269cbd44046391b7842dfa6342b9d46eca71118ea,45 ribu km mntap,0,2025-12-07T05:47:59Z,2025-12-07T05:47:59Z,2026-09-27T14:02:19.136503+00:00
Ugw2GhXZC2V3OFg4bLx4AaABAg,AOjceFDyYeM,284d1b819b14ed6e33fdff0afcb8e6e430a757244489a2bbddeea50466cb82e0,Kalau seeing pakai charger 32A emang cepet turun kalau rutin pakai 8A atay 10A aman km 40rb BH masih 95 96. Punua saya sering pakai 16A 70rb km BH 87%,0,2026-05-31T01:34:21Z,2026-05-31T01:34:21Z,2026-09-27T14:02:19.136503+00:00
UgxL_LzfduLQheCpeWt4AaABAg,AOjceFDyYeM,8222e56090c89c5cc68e64086b5d9ef661011aacd3aea6bfb2212922a2aa4a7e,Klo aja air ev konsep pintunya seperti rx8 pasti lebih mantap untuk seat belakang,6,2025-12-03T14:00:32Z,2025-12-03T14:00:32Z,2026-09-27T14:02:19.136503+00:00
UgwuGQat2NlOmcDdOGJ4AaABAg,AOjceFDyYeM,045170b0998eea6bad7d635eb82b8b274d1ca972df368e36720ccb73768e4bfe,Gw on bid koh  grab tiap hari pake wuling Aer eve  km udah 20 ribu,9,2025-12-03T12:55:55Z,2025-12-03T12:55:55Z,2026-09-27T14:02:19.136503+00:00
UgxPvLSStJTfsZJSku94AaABAg,AOjceFDyYeM,7a3afaaaebf90376bbc726cb790d2c0304b9a8cecaf3eb38e15af12170a5a6e8,"Service murah, ngecas bisa pakai PLTS, Mobil Halus , pajak Masih murah, impian banget sih mobil Listrik 😭👍",2,2026-01-10T10:16:02Z,2026-01-10T10:16:02Z,2026-09-27T14:02:19.136503+00:00
UgwfsL2rBOTkxmfekGl4AaABAg,AOjceFDyYeM,a65d68c79bd80c3cec80921037d3a8f047359d3fc1e2c97a38af2e3bbc4a0e5d,Wuling katanya garansi seumur hidup baterainya jadi gak perlu lihat KM lagi,0,2026-02-26T18:54:24Z,2026-02-26T18:54:24Z,2026-09-27T14:02:19.136503+00:00
UgwKr6GA79I5O5-xVfJ4AaABAg,AOjceFDyYeM,3a175e5f2737a0cbeb4f09210a203beaf942134a39d0d912b50cf2659fd19db1,"mau beli air ev tapi uang baru 100 ribu, semangat semoga 100ribunya ga kepake 😄😄",0,2025-12-04T07:48:00Z,2025-12-04T07:48:00Z,2026-09-27T14:02:19.136503+00:00
UgwVJ_O7zHMwVuCe_0t4AaABAg,AOjceFDyYeM,2c513390d7a2a5c1b2eb338f2baebe8705f2729a9137711b1eb968279416ef34,"Ko, si EV nya pernah ga lagi jalan, tiba-tiba si kompresor AC nya mati sendiri otomatis sebentar lalu hidup lagi dengan sendirinya...?
EV ku udah 30.000+ KM nya dan so far sampai sekarang masih aman aman aja, cuma emang bagian setir kalo lagi diem/ parkir lalu kita coba belok-belokin setirnya suka ada bunyik ""oglek-oglek"", apakah itu penyakit yang sama dengan si Ling Ling Kuning ? 🤔",0,2025-12-05T18:30:24Z,2025-12-05T18:30:24Z,2026-09-27T14:02:19.136503+00:00
Ugy_9ailUlkcwymjmpx4AaABAg,AOjceFDyYeM,958b7c94efd4bd596879bfd749232739efb62f44afe6057f9648dafa64cf571b,"Kayak service motor murah banget.
Btw harga batrenya brp ko ?",0,2026-05-30T17:25:04Z,2026-05-30T17:25:23Z,2026-09-27T14:02:19.136503+00:00
UgxGYKn6axKCIG6yYQh4AaABAg,AOjceFDyYeM,e42fa4988eab407aae0b656c96eacc91aca2f5c9ef9c29f1987bc503a574d966,Yang oblak itu maksudnya gimana ya ko? Free servicenya sebentar ya cuma 2 tahun dibanding mobil biasa 4 - 5 tahun kalo ga salah,0,2025-12-04T07:38:53Z,2025-12-04T07:49:46Z,2026-09-27T14:02:19.136503+00:00
UgxOzbpVT_xpCOx9VVl4AaABAg,AOjceFDyYeM,f5da2ca84c06e562f103bec31e2374b6748d3fe67867e1f11f5c600bd607afb5,"Skrg mulai banyak kok bengkel servis battery ,",0,2026-04-15T11:58:02Z,2026-04-15T11:58:02Z,2026-09-27T14:02:19.136503+00:00
UgxDKbGmgMFQLCRVqwp4AaABAg,AOjceFDyYeM,059c419a5e617df4488043587943b39e3521e3975965e5fd62b3280dc479eb6f,"Kalau twi nya rata di batik lagi bang, ban nya masih bagus itu.. 😅😅😅",0,2025-12-07T11:02:12Z,2025-12-07T11:02:12Z,2026-09-27T14:02:19.136503+00:00
UgxzKoZJhpcGjgfdqBh4AaABAg,AOjceFDyYeM,3a8042a814c2f38c9de5bcfcb8ddaf220e2708221e56f74a1fb440ad66bdd9f1,"Gw beli Air-ev bekas 1 thn lalu, sekarang umur mobil sudah 3 thn, jalan sudah sekitar 41,000 km, rack steer ganti baru gratis 4 bulan lalu. Overall gw puas pakai mobil listrik, biaya operational sangat murah, gak ribet mesti crank engine kalau mau jalan atau nyalakan AC jadi gak sebarin asap beracun & panas & berisik nya mesin ICE ke lingkungan. Sekarang jadi males pakai mobil ICE.",14,2025-12-04T07:48:24Z,2025-12-04T07:48:24Z,2026-09-27T14:02:19.136503+00:00
UgxWecX7jaq9TdiOHmV4AaABAg,AOjceFDyYeM,365a2a72ac635b111e4523105dc0ea1188aa3f3f845686abca2d1a0b0a5e496b,saya sdh klaim pompa vakum pengereman perlu waktu 2-4 minggu 😅 pdhal baru jalan 1500km,4,2025-12-03T17:59:33Z,2025-12-03T17:59:33Z,2026-09-27T14:02:19.136503+00:00
UgwW4g07qjhrjky0u3Z4AaABAg,AOjceFDyYeM,1f81af5a1f4f19c302cd955d0658e713007ce405c1cbb62eec65db9ff1a12567,Sepertinya sampai 70% batrai kayaknya susah kraim batrai baru deh😮😮,0,2025-12-05T14:59:23Z,2025-12-05T14:59:23Z,2026-09-27T14:02:19.136503+00:00
UgwfKCLkPLJKY57cqSt4AaABAg,AOjceFDyYeM,97d60ff40740ce1f8a5b72329bebb017dabbc4f432be52661caaa1badfba43c2,"km 40rb, rek stir udah bunyi, kualitasnya parah sih ini",0,2026-01-30T14:22:36Z,2026-01-30T14:22:36Z,2026-09-27T14:02:19.136503+00:00
UgxpKsh1oo-KxzuDIfB4AaABAg,AOjceFDyYeM,7906f6c2f802505333fdd53c75a0f0b6a60976a872d58a143e2b384ce47f488f,20 rb sudah ganti shock kanan depa air ev dan gratis ga ada biaya samsek,0,2026-05-12T06:45:10Z,2026-05-12T06:45:10Z,2026-09-27T14:02:19.136503+00:00
UgwacxtlDjvIe9HuI6J4AaABAg,AOjceFDyYeM,4b66244e55483ddc0298c3ad0a6814af2c95460afc0bde04fd48ab282e32dbcd,coba ko review wuling binguo,0,2025-12-06T13:27:13Z,2025-12-06T13:27:13Z,2026-09-27T14:02:19.136503+00:00
Ugw5cSNRrfZfj2o0MFR4AaABAg,AOjceFDyYeM,d254ceb26181366307c400f6564df6e3bed379b86d3bbf7967205b8ef7e2ccc3,"Saya udah 2x ganti racksteer, untung masih free under warranty 😂",2,2025-12-03T22:57:49Z,2025-12-03T22:57:49Z,2026-09-27T14:02:19.136503+00:00
Ugw6dX0_Mf82SNe_qN94AaABAg,AOjceFDyYeM,c3f102f811b784df0952625764ecf73c4a79d3e66166e820330c17b54a8aaa31,Mas nopek😂,0,2025-12-04T13:36:27Z,2025-12-04T13:36:27Z,2026-09-27T14:02:19.136503+00:00
Ugyvgjtl9d1lS84mJC14AaABAg,AOjceFDyYeM,20e4fa28ed99c5115165dd621b61b4e67ca29dc7955a49884c208e8a0f33d5a3,"air ev  2022 km 37000, SoH di 94%. sama gluduk"" jg kena di racksteer, estimasi ganti di 2jt an lebih krn udah lewat garansi nya 2 bulan 😂",6,2025-12-03T19:43:56Z,2025-12-03T19:43:56Z,2026-09-27T14:02:19.136503+00:00
UgyeokcOHt1vBGuX3Vd4AaABAg,AOjceFDyYeM,1daddfa47200282feb4d3368222a837a10fdf6ab069cf74841513a2e3c8b2fed,berarti 100 ribu km apa udah di potong setengah harga ya mobil kita...,0,2026-01-02T16:33:59Z,2026-01-02T16:33:59Z,2026-09-27T14:02:19.136503+00:00
UgztP21cpGurAzwXZGd4AaABAg,AOjceFDyYeM,1e2594cbb0ef559bfb79652fe469f00487df1f5a58617916860f20c61a42ea80,Bener ko..saya pake confero..kendala dikaki2..yg lain gk ada masalah..pake udh 6thn,0,2025-12-04T03:01:56Z,2025-12-04T03:01:56Z,2026-09-27T14:02:19.136503+00:00
Ugzcvgor3NTyAAuy7Jp4AaABAg,AOjceFDyYeM,e9c462db7242c1789de8c4e4409d6a0b8446c6868df3c79fe0bb32d994d828bc,Caranya nge charge supaya batrey Health nya tetep di atas 90% gimana bro?,0,2026-08-15T04:24:31Z,2026-08-15T04:24:31Z,2026-09-27T14:02:19.136503+00:00
UgyDpxu6n1zVvUNaOQ54AaABAg,AOjceFDyYeM,f84d348cf573b78bc24ac0eee39575a93ccb089610dca0ca7de7f209ac3bcdbf,"Saya baru tau wuling EV ada gardannya jd RWD, pst kuat nanjak inimah..",1,2025-12-08T01:01:44Z,2025-12-08T01:01:44Z,2026-09-27T14:02:19.136503+00:00
UgwF3O1EvtX06oLbOu14AaABAg,AOjceFDyYeM,888f5aea6bdc7958c4fe71f6473f5dccf84088157170e95a806e98cdea379976,"Target bluebird byd 450.000km, batere drop 75% ga bs dipake lg. Wuling berarti lmyn parah ya? Biasanya 85% itu kalau 250k.",0,2026-01-02T13:00:52Z,2026-01-02T13:00:52Z,2026-09-27T14:02:19.136503+00:00
UgwLWmFT3OsX-Nwht3d4AaABAg,AOjceFDyYeM,3d9e8470f608264b4e2890f7b384441609aa8a25af2876c0f59b087e13db8288,Itu supir lalamove ngenalin kokodriver ya? 😂,4,2025-12-03T12:58:07Z,2025-12-03T12:58:07Z,2026-09-27T14:02:19.136503+00:00
Ugz9J45YEa7wAg1wgZN4AaABAg,AOjceFDyYeM,9eb283d0d4e5353eb82e85a7c99fc0ed4b6771c50bcc3bd0a71c3648bd32c802,"Mgg br service air ev 20rb km setelah pemakaian 11bulan 

Batre 97.63%",5,2025-12-03T13:34:00Z,2025-12-03T13:34:00Z,2026-09-27T14:02:19.136503+00:00
Ugxti0d_ZboTpw2XK8V4AaABAg,AOjceFDyYeM,fe5a0c933a72ecd5d24b4510ca68588a64097a369ae640314dd36a54247c76db,Seperti biaya servis motor...,0,2025-12-23T11:17:47Z,2025-12-23T11:17:47Z,2026-09-27T14:02:19.136503+00:00
UgyVaqst7j-LgaKLFcJ4AaABAg,AOjceFDyYeM,81a245274f1076d129fff834036401fec75291f3f76ec1d978a0967d96cd2d18,3rd😅,0,2025-12-03T12:28:03Z,2025-12-03T12:28:03Z,2026-09-27T14:02:19.136503+00:00
UgxJ5V3G1JMm-L8HZeh4AaABAg,AOjceFDyYeM,6443f3157e1205acc594e6dd8f7f690f36d7ca1717755facdfc3592a5974d65f,"Itu mobil di pake buat ojol, masih di cover. Saya toyota kok klo buat ojol dibilang sama orang toyotanya ga di cover yah",0,2025-12-18T23:42:39Z,2025-12-18T23:42:39Z,2026-09-27T14:02:19.136503+00:00
UgwTzvrNW7zME9Ct3f14AaABAg,AOjceFDyYeM,cc1f8638ddc6279fab9e97be9954c2ab4189d711dc7c11d9668479ed4d32f737,Coba beli Vinfast koh,0,2025-12-23T09:21:33Z,2025-12-23T09:21:33Z,2026-09-27T14:02:19.136503+00:00
UgylC8XtTtd7OLlyGGR4AaABAg,AOjceFDyYeM,396437babd5747fdb5b326923fa3b3e4586a33a076dcbfcb0708830a6f295ea9,"Setuju EV dan ice sama aja , apalagi kalau di pakainya jarang EV lebih rugi, tapi pemakaian 150rb km bener2 untung itu, itu udah ngabisin 15.000liter pertalite, kalo setahun 10-20rb rugi sih beli EV menurut saya",3,2025-12-05T09:24:51Z,2025-12-05T09:24:51Z,2026-09-27T14:02:19.136503+00:00
UgwBSg61C-pICVVQxr54AaABAg,AOjceFDyYeM,3340f2243f07b5492c7303d3b412ea636b6dcb1f34fb67dc492e28f74ba86034,Info ganti pel shock donk,0,2026-01-17T13:28:00Z,2026-01-17T13:28:00Z,2026-09-27T14:02:19.136503+00:00
UgyMJc3ucx9NP4IjrtB4AaABAg,AOjceFDyYeM,4608b7f5591adab58298d163a950f9949f1cd3d34ecc9e2533750251bdc7c7c3,Toyota brkomitmen mobil hybrit Lebi efisen bro,0,2026-08-25T11:07:39Z,2026-08-25T11:07:39Z,2026-09-27T14:02:19.136503+00:00
UgyqMrySdtcKWBwLrnZ4AaABAg,AOjceFDyYeM,9b8024c8c49ec74ec876371899f6e7c198ff66c9f1dbfdc6e4891bdbffd15b79,"Tull.lebih.tangguh.sepeda.listrik,motor.listrik.&.M9bil.Listrik.dlm.melewati.area.banjir.😅karena.sudah.sering.buktikan.sendiri😂😊",1,2026-03-20T02:53:37Z,2026-03-20T02:53:37Z,2026-09-27T14:02:19.136503+00:00
Ugyln-4t5irwFk7OieN4AaABAg,AOjceFDyYeM,aa62985e300a13aaefb324e6efbb85afa963deb67e6d03422a30e6b70dd720f0,Baterai yg masih dibilang sehat dan bagus  kinerjanya optimal BH 80% keatas .. kalau BH  dibawah 80% harus diganti supaya semua eletrikal di kendaraan bekerja dg semestinya ..,4,2025-12-04T03:53:42Z,2025-12-04T03:53:42Z,2026-09-27T14:02:19.136503+00:00
Ugzhy_ULo5VM3GXH6tl4AaABAg,AOjceFDyYeM,ce174f8168bc57586d3a1a8db4048ced1ac2f5b2789f4c97ef17e7538f1208ef,"Koko, kalo ban ga di garansi sama wulingnya ya?",0,2026-01-22T03:34:08Z,2026-01-22T03:34:08Z,2026-09-27T14:02:19.136503+00:00
UgwvdMq6AYT1dW67Vrl4AaABAg,AOjceFDyYeM,7fc97cdc2e276339fa17850a0dd483498c2f419dc1f52cd72d0e2701ef956b85,velg nya tidak ramah buat air ev gw wkwkwk,0,2025-12-08T02:01:38Z,2025-12-08T02:01:38Z,2026-09-27T14:02:19.136503+00:00
UgxsNz9LM3Lo4COFvfJ4AaABAg,AOjceFDyYeM,a98e8d303ad07614e1bfc5155c6a4be862253bc0bd5e4cca8d92875f7a37530e,"itu health akinya udah kurang bagus bro wkwk, kelihatan dari bar nya di hasil print cek alat aki",0,2026-01-23T21:26:40Z,2026-01-23T21:26:40Z,2026-09-27T14:02:19.136503+00:00
Ugy__EP0gwz3XHF5Jg94AaABAg,AOjceFDyYeM,072787d8df5749b93f1b5d45610506b017dbb8ada2581fa4661f91ccd8a58c29,"Keren seh ko. Tanya, kalau beli second garansinya masih dapat ga?",0,2026-01-04T00:02:25Z,2026-01-04T00:02:25Z,2026-09-27T14:02:19.136503+00:00
Ugy2edrlCzSKu_EZFPB4AaABAg,AOjceFDyYeM,c791301d946effebe0f942b55efc980f44f5cf7d7180ff8127f4b6935e56e12e,"Klau dliat bukan tjunan hemat mobil listrik ni

Dbilang tidak merusak polusi, tp faktanya pembuatan BATREEI ni jga merusak lingkungan 😅

Entalah marketing marketing pemalsuan smua",0,2026-08-19T00:45:35Z,2026-08-19T00:45:35Z,2026-09-27T14:02:19.136503+00:00
UgxEmH7q2y24ZH0z2VV4AaABAg,AOjceFDyYeM,51e6f0ae3a6fc28b85a2a3be2ca328317e30b489f7efc73aa1e8b2c53609a1a5,Emang kayaknya Air Ev cuma didesain  untuk 40ribu KM doang 😂,8,2025-12-04T06:28:12Z,2025-12-04T06:28:12Z,2026-09-27T14:02:20.222873+00:00
Ugw7vBkXxMBbt7A0njd4AaABAg,AOjceFDyYeM,450b3db87142864654ee5e1170dd4a5a007c705564326e672676465c361e3c57,Ford,0,2025-12-03T12:28:28Z,2025-12-03T12:28:28Z,2026-09-27T14:02:20.222873+00:00
UgzgwduZ2helXJiuCnd4AaABAg,AOjceFDyYeM,ae825ea58ed460abd9e4c0695ad8bcf2dd7db2e1910650ee119ce797bf321ecc,Kyak hp iphone ga ya?kalo udh dibawah 90% itu batrainya terasa cepat habis,0,2025-12-10T13:29:31Z,2025-12-10T13:29:31Z,2026-09-27T14:02:20.222873+00:00
UgwizPJrOyUlIA_AxCN4AaABAg,AOjceFDyYeM,d00f2c6fb8eab58b5d91d43ea3ee39f243c305af235306c4760ccecc4f88df89,rusak sendirinya bijimana maksudnya  gadipake pake terus rusak? atau lu pake terus rusak,0,2025-12-07T15:06:01Z,2025-12-07T15:06:01Z,2026-09-27T14:02:20.222873+00:00
UgyeHcZkXsfc424_qzp4AaABAg,AOjceFDyYeM,c801e7b8289197917b605090bdcca159c70bee5c82316bbdc2a430d7524d6d38,"Thanks kho, jadi tau penyusutan batre mobil listrik, sekitar 6% setahun, setelah 5 tahun tinggal 70% an kesehatan batrerainya, yg blm tau spt apa respon mobil di 65% kebawah",0,2025-12-05T14:22:39Z,2025-12-05T14:22:39Z,2026-09-27T14:02:20.222873+00:00
UgzYvtkYMnWpC7M0lzx4AaABAg,AOjceFDyYeM,7b3c45dce24347ffa45b5c72b4561a7a225bbc98353e4f346b506f479b4e39bf,Five,0,2025-12-03T12:38:09Z,2025-12-03T12:38:09Z,2026-09-27T14:02:20.222873+00:00
Ugzgd7hAowedjM5Y1IZ4AaABAg,AOjceFDyYeM,37d52b2793e4fae067989d96095c5630e9053bac986918de254c05b6db9bc945,"saya 43rb jg sudah ganti semua ban,. battery health di 93%",1,2025-12-06T04:10:38Z,2025-12-06T04:10:38Z,2026-09-27T14:02:20.222873+00:00
Ugz-VkBsSnsZnZo2Vch4AaABAg,AOjceFDyYeM,3c583cf32d77e1654440db5368c5bc51c0382affa8912bb5f27dbc9997b8e56a,"Murah banget,nggak kayak mobil bensin,mahal😂",0,2025-12-07T09:17:49Z,2025-12-07T09:17:49Z,2026-09-27T14:02:20.222873+00:00
UgwCn0Ah_WV4Xcx2kc94AaABAg,AOjceFDyYeM,a957916ce630d2463c7c10d417c236a76f59c5347456ae2f4d27aa85b7e42876,Tapi klaimnya baterai wulling garansi seumur hidup ko,0,2025-12-24T15:24:18Z,2025-12-24T15:24:18Z,2026-09-27T14:02:20.222873+00:00
UgwiedGCswY-WF5Sy-t4AaABAg,AOjceFDyYeM,df793d9942cef21e104c7f982d2a192b61b8b7626ae40a3e520ef395a268bf83,13:03 Tulisannya berbunyi ベレナ ジャズ (Berena Jazu) dan dapat diartikan sebagai Berena Jazz. Bener nggak ko?,0,2025-12-03T15:42:12Z,2025-12-03T15:42:12Z,2026-09-27T14:02:20.222873+00:00
UgxkB5_nGMtEyfykdxl4AaABAg,AOjceFDyYeM,6c332ae2c62de3147beaa3db8aeadc2e69a71727320c37aa87d5da27f71282c0,"ini wuling arista gding serpong, servs di wa knpa gk di respon ya ? apakah ganti nmr ? yang tau mhon info...",0,2025-12-04T00:25:17Z,2025-12-04T00:25:17Z,2026-09-27T14:02:20.222873+00:00
UgwlPqeZBgD8vcvwhUh4AaABAg,AOjceFDyYeM,20847873075478af21a09fb4c5e278839f5f8d156a76873bc3613f069aecc64d,wuling lebih bagus dr byd untuk pelayanan,2,2025-12-06T07:24:25Z,2025-12-06T07:24:25Z,2026-09-27T14:02:20.222873+00:00
Ugy5cTJOMGQZx9dYiVB4AaABAg,AOjceFDyYeM,d86080b24fc7e1c2b52499f7424016a08d9aa5ade60808d522047c5816d8946a,Ko… servis rutin Air EV di bengkel wuling cabang mana?? Mohon info-nya yaaa ko… Thank you 🙏🏻🙏🏻,0,2025-12-05T09:15:53Z,2025-12-05T09:15:53Z,2026-09-27T14:02:20.222873+00:00
UgxTgdjbx2l0oZ88Aut4AaABAg,AOjceFDyYeM,b9b66e387643a3dd971923e734d35bb28d493fe014846ea0e1bd8863fc2ef44c,Bisa engga ya ada port dc buat wuling air ev ini ..,0,2025-12-05T11:19:05Z,2025-12-05T11:19:05Z,2026-09-27T14:02:20.222873+00:00
Ugz06g9bsdVxwt_4yml4AaABAg,AOjceFDyYeM,6a3036856cd3ac0813e0d0a797a61a6274358ada257db43812877a18baa6168f,Pakai mobil EV menyebabkan kemandulan ngga😅,0,2025-12-06T10:28:01Z,2025-12-06T10:28:01Z,2026-09-27T14:02:20.222873+00:00
Ugw39I1ov2Xyyz0mxVN4AaABAg,AOjceFDyYeM,8c6eeff9c838d1b055cfd081473610f1ed5fbd2221dcbc00583434f7824dbe06,"oke buat gage, tapi satu hal belum terakomdirnya spklu coba dong anda melakukan perjalanan jauh agar fair, berapa banyak pom bensin yang menyediakan spklu. lalu batreinya, dan ketika jual nya itu sih. itu kalau menurut saya.",0,2026-01-04T04:36:55Z,2026-01-04T04:36:55Z,2026-09-27T14:02:20.222873+00:00
Ugx1RXQeZj1DmFVtMDh4AaABAg,AOjceFDyYeM,0a7e58c52d2da91ed7f648213f4043e3ce1f04b7614b3352148177f29954aedb,Sick,0,2025-12-03T12:41:05Z,2025-12-03T12:41:05Z,2026-09-27T14:02:20.222873+00:00
UgyAxvwd_lHq3nmhWzZ4AaABAg,AOjceFDyYeM,7a571b2df342ac999456bcb9767db6db284ac06bad6a5e73f3a817cf540b0944,Komparasi ko airev vs atto1 😅,0,2025-12-03T16:03:10Z,2025-12-03T16:03:10Z,2026-09-27T14:02:20.222873+00:00
UgxccC2DAx31n5jQ8wp4AaABAg,AOjceFDyYeM,ef49e1ad3bd1f86cf2fc32e63cbc8e035ea82ff453faa4d4b145de7744f4d0dc,"Seperti-nya Wuling emang lemah di Kaki2, Alvez gw baru 20rb km sdh ganti rack steer. Untungnya msh dicover garansi",4,2025-12-03T13:23:22Z,2025-12-03T13:23:22Z,2026-09-27T14:02:20.222873+00:00
UgwIPtaEIqDL2NI3trJ4AaABAg,AOjceFDyYeM,7b6022c95315fbe1f12ec0716b0e7210fea7406fb260f4d6e409d4bf47a27385,2nd,0,2025-12-03T12:20:58Z,2025-12-03T12:20:58Z,2026-09-27T14:02:20.222873+00:00
UgyzkSQM53hTCxKE8kF4AaABAg,AOjceFDyYeM,d48fd09e058d734d831f748f3acdb5693dee9e71713e9f6a709089dc4d1d7309,"40K turun 18 persen, lumayan mayan juga ya. di 100k ganti batre berarti.",1,2025-12-05T02:47:40Z,2025-12-05T02:47:40Z,2026-09-27T14:02:20.222873+00:00
UgwXFYiwGozv1FixK0x4AaABAg,AOjceFDyYeM,e35f715d84a74d99e145dd9cc45c88986e9b59e0ab454d694924119838f1d522,Koh kok ga ganti velg nya ?,0,2025-12-04T22:06:32Z,2025-12-04T22:06:32Z,2026-09-27T14:02:20.222873+00:00
UgwfinVBWDCVZTfiqT14AaABAg,AOjceFDyYeM,1c0537af3d69bfbfd5b4a049b3ca0d116dda4323da0c46a1e89e6c4d503b845a,eh.. baut velg nya 4 ya? gw kira 3..,0,2025-12-04T03:24:53Z,2025-12-04T03:24:53Z,2026-09-27T14:02:20.222873+00:00
UgzNh7JZHtQ7stRzwq54AaABAg,AOjceFDyYeM,891cda5cdd7a76048c302efe2b3a456c0fe66f3204be549f3642f4dd0c352647,150k km battery health sekitar 83% hmmm lumayan ya udh berapa puluh juta hemat buat bensin sama oli itu...,2,2025-12-22T19:18:37Z,2025-12-22T19:18:37Z,2026-09-27T14:02:20.222873+00:00
Ugw5PNCarvC1XRs9cQR4AaABAg,AOjceFDyYeM,0cd631d4200beffad50ccfc4ead8d35163ff306e9b65d052f85419058bd97326,vidio nya agak gelap ko,0,2025-12-08T05:15:45Z,2025-12-08T05:15:45Z,2026-09-27T14:02:20.222873+00:00
UgzDLKo2nT6pT_z1HJN4AaABAg,AOjceFDyYeM,f809faa5bfc0fa890e993fa5df8b569cf133765e414ffc19f5b1d3d4749b2126,😂😂 dulu dulu bnyak bilang molis g pake oli ternyata sama aja kayak yg lain,0,2025-12-05T09:36:39Z,2025-12-05T09:36:39Z,2026-09-27T14:02:20.222873+00:00
Ugzv9kYp-mKqtMQgdct4AaABAg,AOjceFDyYeM,d9b23a6c82bc43675c518b1809ad420c799b3b9cf6e2b9904327382fe4048605,"1. Pada persentanse berapa baterai wuling air ev harus diganti ? 

2. Apakah ganti baterai harus satu set atau bisa per sel di bengkel resmi ? 

3. Berapa harga baterai wuling air ev di bengkel resmi ?",1,2025-12-03T22:42:37Z,2025-12-03T22:42:37Z,2026-09-27T14:02:20.222873+00:00
UgzWNA2uyro9XJRF48d4AaABAg,AOjceFDyYeM,9e0dd594c4f6864a2ed685666fa45772d1cb136c5ad3ea8333bde6ec430daa7b,Msih bagus air ev bisa tercantum battery health. Klo byd butuh 3 hari utk bolak balik Servis center baru muncul SoHnya.😢,5,2025-12-03T13:30:47Z,2025-12-03T13:32:15Z,2026-09-27T14:02:20.222873+00:00
UgxMjRey16gppPsJwZR4AaABAg,AOjceFDyYeM,658c07f04496ca01c5905173f1816950afbe857f2896f4cc09d676829162f730,Kelemahan wuling sepertinya banyak di Rack steer...harusnya di improve lagi,2,2025-12-04T01:50:35Z,2025-12-04T01:50:35Z,2026-09-27T14:02:20.222873+00:00
Ugwu6iH5_5mSnwLnYBl4AaABAg,AOjceFDyYeM,f837f070fc5fe048635a2ac2f78044a2c98452ef56287da51f26ef59f490604f,"Pada kendaraan disarankan untuk BH 80% untuk diganti karena membawa beban mati 20% Batrai sangat tidak efisien.

Tapi kenyataannya kamu masih bisa menggunakan Batrai Samapi BH 70%. Baru ketika itu diganti. Karena saat Batrai mencapai BH 60% kemungkinan konsleting sangat tinggi akibat hambatan yang diakibatkan penumpukan dentix",0,2025-12-07T01:36:41Z,2025-12-07T01:36:50Z,2026-09-27T14:02:20.222873+00:00
UgzzuhWlZYS0JiC59YF4AaABAg,AOjceFDyYeM,66e8258f321122017b2e629e53fe83e79eef243985e3d863b0407e815c7aa5b9,Klau 70% kan baru di ganti kah ko??,0,2026-08-28T15:20:10Z,2026-08-28T15:20:10Z,2026-09-27T14:02:20.222873+00:00
UgysTc-brrIlKo6EzJx4AaABAg,AOjceFDyYeM,220fc3f2b8446c78bbb1d20ae1583f2f8410f1a20b063defe7709d6ed4533588,Kok kap bawanya g ada tutupnya y,0,2026-03-25T17:34:56Z,2026-03-25T17:34:56Z,2026-09-27T14:02:20.222873+00:00
UgxlojZprKWDp_pOqOh4AaABAg,AOjceFDyYeM,20a00034f56a8502746170813f9ea6d4a193942c9b66bc321de74c2c073822a9,Kalau hitung hitungan sy mobil listrik itu murah cumen kalau rusak batre nya duit nya lumayan duit kaget bedah mobil bensin atau solar duit yg d keluarkan nga terasa banget tapi kalau d hitung hitung tetap besar duit nya yg keluar Mala mengalami mobil listrik mobil listrik lebih murah,0,2026-04-19T09:30:47Z,2026-04-19T09:30:47Z,2026-09-27T14:02:20.222873+00:00
UgytLFv4zTrBih3L4-54AaABAg,AOjceFDyYeM,dcf6b3852be9b58f6e64eb8a2db12402cb5e2b396baabb823b492fe7d2478920,"koh, nanti pas ganti racksteer boleh tanya info kalau ganti baterai biayanya berapa. makasi koh",2,2025-12-03T13:14:03Z,2025-12-03T13:14:03Z,2026-09-27T14:02:20.222873+00:00
UgyiPGkbn6DSvCuNaSZ4AaABAg,AOjceFDyYeM,4b64f523a341936b10758c1ca4b16750216e802dd8732206f96670572acea620,murah ya ongkos servicenya,0,2025-12-10T07:13:30Z,2025-12-10T07:13:30Z,2026-09-27T14:02:20.222873+00:00
UgyRPfgS_mYd4VBGco14AaABAg,AOjceFDyYeM,0a7e58c52d2da91ed7f648213f4043e3ce1f04b7614b3352148177f29954aedb,Jaecoo J5 gimana Ko bagus g,0,2025-12-03T13:02:14Z,2025-12-03T13:02:14Z,2026-09-27T14:02:20.222873+00:00
UgwLS7eNvm-tDu9PC_B4AaABAg,AOjceFDyYeM,f6150229ab41be56ad9fd69db7fa5f70287b94a75b4fbd2e897ab5b6cc0ed0e6,Accu kayaknya buat control unit aja ko.,2,2025-12-03T13:12:06Z,2025-12-03T13:12:06Z,2026-09-27T14:02:20.222873+00:00
Ugx7fKZ3dAG7SipCjk94AaABAg,AOjceFDyYeM,c6337ab5525f04df5e76ca326d1b721fed70e1d854ee1da6295d5e237fdca89b,Hampir semua mobil listrik cina kelemahannya di kaki - kaki,2,2025-12-04T03:36:39Z,2025-12-04T03:36:39Z,2026-09-27T14:02:20.222873+00:00
Ugyq4ik91EqZUwXk-4l4AaABAg,AOjceFDyYeM,40c2203ebedc0c8e5ecca004339851dec9c3e1048a4140d65860f8b0226ef3f4,"Wuling air ev
X tahun : RANGE :  BH

2 TH : 40K km : 93%
3 TH : 150K km : 83%

Kesimpulan : 
BH down 5-6% / th / 15K -50K km",0,2025-12-04T00:23:40Z,2025-12-04T00:24:03Z,2026-09-27T14:02:20.222873+00:00
UgwLSOf-x4HQkyr0f2J4AaABAg,AOjceFDyYeM,f8f41c23f2880381d4b2bfc41e9055c3764404f2aa644588c013c230e4681643,"koh, please jawab, feel kaki2 air ev setelah 3 tahun ini sudah berasa kuda lumping seperti lcgc atau masih nyaman? gw ngerasa kyk kuda lumping ya baru 1 tahun padahal",1,2025-12-04T04:28:22Z,2025-12-04T04:28:22Z,2026-09-27T14:02:20.222873+00:00
UgyYmMARS9ktmyRaAWh4AaABAg,AOjceFDyYeM,b37f5dc4fbc213e1140615a2d9adf5bc3c9632f586b3cc18f3f480e393844f8f,agyanya di kemanain ko,0,2026-07-20T13:22:58Z,2026-07-20T13:22:58Z,2026-09-27T14:02:20.222873+00:00
UgyDdPIsaEQxxitq7uV4AaABAg,AOjceFDyYeM,57eacb8c9fe3c996b5a03299a70af1363ab67549c9673b91106321e751c0e940,"Punya mobil tp jarang dipake, karena sehari2 prefer naik motor, kalo ganti ke EV worth ngga ya?",0,2025-12-04T06:33:13Z,2025-12-04T06:33:13Z,2026-09-27T14:02:20.222873+00:00
UgxslEyTrj4Ul4YKXat4AaABAg,AOjceFDyYeM,978ec7c263712ca6a207f13f36817ee5cf1d43a740deaa250ef86357e49c7d27,"Mobil jarang di pakai gitu aja BH dah brkurang gitu..yah emang mobil ev yg beli pasti dah punya mobil bensin lain, tuk mobil ev hanya sebagai mobil ke 2 atau ke 3. Trus di bilang mobil ev lebih aman saat lewat banjir, coba aja di tes donk langsung",0,2025-12-04T06:40:18Z,2025-12-04T06:40:18Z,2026-09-27T14:02:20.222873+00:00
UgzcTzV0CMWlKXO0duR4AaABAg,AOjceFDyYeM,ba832511785461786b0bf9ec9e6b7000cb278831580d283a54692b9ffedfdca1,"Blm lg hrg jual yg lebih jatoh. Jd nett rugi sbtlny, cuma ikut hype",1,2025-12-29T05:49:14Z,2025-12-29T05:49:14Z,2026-09-27T14:02:20.222873+00:00
Ugy4JK-5solL5OeE9IR4AaABAg,AOjceFDyYeM,43ccb639a608ebd501d00b3188b964b2dbe3b22ffe08981367f698e86e2ed8b5,Garansi seumur hidup bro,0,2025-12-04T17:18:17Z,2025-12-04T17:18:17Z,2026-09-27T14:02:20.222873+00:00
UgyoWnuG5dQJL_xbhlF4AaABAg,AOjceFDyYeM,942e817a3d5cd8db8afbbf14bfebefeb2d35f5d3851371f59ec1c617e539a864,"Mau beli bekas sekarang kisaran berapa ya?

Dan supaya tidak kena tipu, yang perlu diketahui/ditanyakan apa aja?",0,2025-12-04T10:09:03Z,2025-12-04T10:09:03Z,2026-09-27T14:02:20.222873+00:00
Ugx5HPFI6-3Ky99SrNt4AaABAg,AOjceFDyYeM,a09e8f8bc52d5b2bc2677122415b26d6ec1103ee09a5857c4cf2e68722d081f0,"KAn udah punya ATO 1, Air EV mau dikemanain koh",5,2025-12-03T13:01:03Z,2025-12-03T13:01:03Z,2026-09-27T14:02:20.222873+00:00
Ugwg7jHh6JSMbUYvwf14AaABAg,AOjceFDyYeM,5a77fd232eb9b07b4ac86a2ca066c0c7cae56fc733c9fe8e9c5aa40f911dcac8,airEV gue 48rb KM udah 4x ganti racksteer + 1x ganti intermediate shaft. kaki2nya ringkih banget dah kek kaki bayi,0,2025-12-03T13:39:04Z,2025-12-03T13:39:04Z,2026-09-27T14:02:20.222873+00:00
UgzIE6ovZ-4LYVLth_N4AaABAg,AOjceFDyYeM,a7084e40bfb9ae354878265c0e9078f21955154517d03259b0ccc200c4712388,ganti batrai mahal,2,2025-12-26T04:55:04Z,2025-12-26T04:55:04Z,2026-09-27T14:02:20.222873+00:00
Ugx-yRbD3zUSclJ5Z4p4AaABAg,AOjceFDyYeM,b555b4ae2d3a04bc6adb7181372493dcc4be6dab65aea494930ebaa6b2b20e48,Ada anak magang nya kah?,0,2025-12-04T01:12:47Z,2025-12-04T01:12:47Z,2026-09-27T14:02:20.222873+00:00
Ugzij07cQ_PYl65kUSp4AaABAg,AOjceFDyYeM,e88dd029b3e4daa96fc1cd7ef9ee96d91f3fa026c19def78d62022db81fc6d11,ya itu aneh nya. Sudan mobil EV tapi masih butuh AKI lol...why not just make tech yang dia bisa draw power from the electric engine aja,0,2026-02-20T02:34:40Z,2026-02-20T02:34:40Z,2026-09-27T14:02:20.222873+00:00
Ugx0vqv5qP0xHKiZ2Zh4AaABAg,AOjceFDyYeM,e927491600ffa4b376452d3489c35868d0decd84bb2ccd7768ed67fc16e23d62,Koh kalo nyuci mobil listrik aman/boleh disemprot kompresor kolong/bawahnya?,1,2025-12-03T12:51:35Z,2025-12-04T01:30:24Z,2026-09-27T14:02:20.222873+00:00
Ugxv8f0adPpZUqktcbV4AaABAg,AOjceFDyYeM,12caab9bf106db5a72c6c14e27394881cb6d368284831fe945bdd85135a5b8bc,"Koh katamya klo ganti batre gak harus segelondongan utuh, bener gak sih?",0,2025-12-10T16:15:35Z,2025-12-10T16:15:35Z,2026-09-27T14:02:20.222873+00:00
UgxCYZLxDtTc4MMqR9d4AaABAg,AOjceFDyYeM,674e243e8fa270fad1ebc28aebea2748cfb41f0c816892f30a692e6f2c89455d,"spill phone holder nya donk, sepertinya kokoh, beli dimana?",0,2025-12-03T16:16:35Z,2025-12-03T16:16:35Z,2026-09-27T14:02:20.222873+00:00
UgzWGrR7TmbmuOE0x7F4AaABAg,AOjceFDyYeM,6b32059191048e813366f3374b2364dd9daa978a581d7d2e9da7dd31aa599cd3,Kalau g salah kan garansi baterry seumur hidup ya? Kalau 2 th anggep lah 90 persen jadi 6th kan sdh bs ganti batery? Garansi batery life time kan?? Ada yg bs bantu jwb?,1,2025-12-03T14:40:20Z,2025-12-03T14:40:20Z,2026-09-27T14:02:20.222873+00:00
UgyKpf4HUJ7Rf18e5Tx4AaABAg,AOjceFDyYeM,8e4f54dfe4a998d96e22506d43acf86a8db30b40798c8e6dfed438f180a43f36,itu ketersediaan sparepartnya blm dijelasin berapa lama estimasi dari wulingnya kokoh....,0,2025-12-04T09:26:36Z,2025-12-04T09:26:36Z,2026-09-27T14:02:20.222873+00:00
UgydTaquGNgMBVbMuwJ4AaABAg,AOjceFDyYeM,09651a87baebbd3910e19faa092c6586f62778e6e5cf30ce526122174c4c0cba,"rekomen, tapi dgn gaji UMR apa bisa cicilan murah dan DP ringan",1,2025-12-06T01:09:13Z,2025-12-06T01:09:13Z,2026-09-27T14:02:20.222873+00:00
Ugxc3jWACaZFnMgMWPV4AaABAg,AOjceFDyYeM,9eb086566d444ebfe8514417e190ec753d1fae59efeb46e7dc05caad4d6f974b,"Maaf ya kemarin online meeting pakai notebook, baru mau ngobrol di ruang tunggu eh dipanggil SA ke bawah. Ko Air Ev selama rotasi ban makan dalam tidak bannya? Sama gimana setelah ganti GT, karena bawaan air EV 2025 pakai GT agak kurang presisi dibanding nyobain punya temen yang pakai Bridgestone?",1,2025-12-03T13:45:49Z,2025-12-03T13:45:49Z,2026-09-27T14:02:20.222873+00:00
Ugw7BLClGgm6yIQbwGF4AaABAg,AOjceFDyYeM,0e362ecb077b4099e58c57f24572774c52e6c8e854a613e9c3ffb1f3cec3b8f3,Vehicle itu VIYEKEL Koh (kaya baca Sekel)  dibacanya bukan VIHAIKEL,0,2025-12-04T02:20:19Z,2025-12-04T02:20:42Z,2026-09-27T14:02:20.222873+00:00
UgxTrDFhA4YafQaSaq54AaABAg,AOjceFDyYeM,50d1025b36397b551501217fa41a3b2ed6cbf46cec5cf8f0ad8067e001fbcd6e,"6th 😅
info bermanfaat nih 👍
battery LFP health 92 % pd pemakaian 40K km, 2 thn. itu di service komputer data nya ada ga statistic ttg udah berapa banyak charge-discharge cycle?
trus biasanya klo ngecharge air ev nya itu apa nunggu sampe low batt baru ngecharge ato ngecharge nya anytime aja?",0,2025-12-03T12:57:24Z,2025-12-03T12:57:24Z,2026-09-27T14:02:20.222873+00:00
UgyDri_AgvSrTclOWEd4AaABAg,AOjceFDyYeM,c86b833324c970bf47439436c8183fa7f41e5ac599270651f16687e100d94a65,battery health tahun ketiga bisa 70-75% kayaknya. kita tunggu pidio klaim ganti batrenya 🤐,0,2025-12-04T00:27:26Z,2025-12-04T00:27:26Z,2026-09-27T14:02:20.222873+00:00
UgwmEsXrUyAUSAznodN4AaABAg,AOjceFDyYeM,2358c40ccc083558ef9a5b11e86deb85cfc69946d763987092e976f44368dabb,"kaki kaki bukannya garansi ya, gue beli air ev tangan ke 2 sih, bulan lalu servis kaki kaki di bengkel resmi wuling free koh.",0,2025-12-04T01:29:21Z,2025-12-04T01:29:21Z,2026-09-27T14:02:20.222873+00:00
UgzEMwL3tCPGrlfuZot4AaABAg,AOjceFDyYeM,01949cfce25b7d34cfa59f2a8444c403dab13e648fd850a6872e50586f66aba3,"6:20 ,  waduh kategori rusak karena kasar sama rusak karena medan jalanan, gimana bedainnya coba?

Ambigu banget snk garansi nya ya?",1,2025-12-03T16:24:49Z,2025-12-03T16:24:49Z,2026-09-27T14:02:20.222873+00:00
UgwudOtNkx4fdbyRXOx4AaABAg,AOjceFDyYeM,77ace03c9aa45a911212588b3bab191a8612c33ca5225835ee01086b6c0931a8,koh bukannya garansi batrenya itu seumur hidup?,0,2025-12-04T16:30:35Z,2025-12-04T16:30:35Z,2026-09-27T14:02:20.222873+00:00
UgzUWCxjwx6L-u5maj14AaABAg,AOjceFDyYeM,29bb8903ac62cdd4ada2aa3413c635f661fad1e7e3d0effdd8a57d40a4fb123c,Atto 1 berisik ga kl ac nya hidup ? Kl air ev khan berisik,1,2025-12-03T13:25:54Z,2025-12-03T13:25:54Z,2026-09-27T14:02:20.222873+00:00
UgycfqR46Sv64_mEsUR4AaABAg,AOjceFDyYeM,a2374985635ad5f462b84156ecb0c36440af6446d86b9c02fee7f60f42642f76,bukannya skrg battre air ev itu lifetime warranty ko?,0,2025-12-03T16:09:15Z,2025-12-03T16:09:35Z,2026-09-27T14:02:20.222873+00:00
UgzzUIjPs5FyTO4sRad4AaABAg,AOjceFDyYeM,34a4a535ee95126e05510b8bfc56eb2c6743d067169ddc939af334242647679e,Batrai healt itu tipu2 misal tertera 97% berarti aslinya hanya sisa skitar 80%. Cara ngetesnya mudah batrainya coba habiskan biasanya nanti saat sisa 30% atau 20% tiba2 langsung drop ke bawah 10% dalam waktu singkat,1,2025-12-04T03:00:25Z,2025-12-04T03:00:25Z,2026-09-27T14:02:20.222873+00:00
UgysncXXiASblH_3nid4AaABAg,AOjceFDyYeM,55ab204d9140cd6bbf8e42218fdea7bad559408d20cafb7592fc81d1309b4b9c,MOCHIN kan emang semua KW nya mobil eropa/US,1,2025-12-04T10:27:30Z,2025-12-04T10:27:30Z,2026-09-27T14:02:20.222873+00:00
Ugzmy7K6n--4mOkoWu54AaABAg,AOjceFDyYeM,bb6c7c3b39f2f23a5a9c0463fd31eaf72612b8255c91c6c854b1a4f61e4f194c,Mau tanya kalau ngecharge batere biasa nya dari sisa berapa persen sampai berapa persen yg anda sering anda lakukan.,0,2025-12-03T13:41:01Z,2025-12-03T13:41:01Z,2026-09-27T14:02:20.222873+00:00
UgxB9K33UX6O6koMKhR4AaABAg,AOjceFDyYeM,197041710d823a1feb73982316e069cd2c52e2ffd82ab450a704bb3b71aac725,"Ada spare part merk mie sedap itu bang
😅",0,2025-12-04T06:44:54Z,2025-12-04T06:44:54Z,2026-09-27T14:02:20.222873+00:00
UgzMmDAIUBZaCs_qE0J4AaABAg,AOjceFDyYeM,93bb8a7350868a62c94888b81f553dd0420fc57f3428cd848b1e02abcf414897,Coba Mas Bro dibawa mobilnya lintas jalan pulau Sumatera Jakarta - Riau atau bahkan sampai ke Aceh.Lalu Mas Bro bisa cerita suka-dukanya mobil EV ke Netizen / publik yang sebenarnya.Dengan demikian publik tahu soal nilai positif dan negatifnya mobil EV yang sebenarnya.,0,2025-12-07T10:13:49Z,2025-12-07T10:13:49Z,2026-09-27T14:02:20.222873+00:00
UgzGwEw_l199-6pwEil4AaABAg,AOjceFDyYeM,2f239dccfe573ab151da99f50673e18c016c2a3f5f6f8853919709fcaba96811,Akhirnya berapa baterai health nya?,0,2025-12-03T17:00:08Z,2025-12-03T17:00:08Z,2026-09-27T14:02:20.222873+00:00
UgzC-3IVfaC4NR_8lC94AaABAg,AOjceFDyYeM,ad5f221b761508d10cfc1868f7fb835f6e7e7914f3f471c438167b00c06c38e3,Lu nanya harusnya koh.. Klo gnti btre brp duit😅,1,2025-12-04T00:26:34Z,2025-12-04T00:26:34Z,2026-09-27T14:02:20.222873+00:00
UgyBKlHZtHyhHzMMfSV4AaABAg,AOjceFDyYeM,237c2e19308bc554743d06a04d251b2fe70290bfc2c65cc26a65181e811e465c,"40rb kena raksteer, hmmm",0,2025-12-05T05:56:23Z,2025-12-05T05:56:23Z,2026-09-27T14:02:20.222873+00:00
UgxnwqnW4j5ZQdUV-_h4AaABAg,AOjceFDyYeM,78bc780aed20e77b6f9ef88c7c9d60d4fe9a676afd1d6caca307db8901be14ad,Boros juga ya 40rb km udh abis,1,2025-12-03T13:37:58Z,2025-12-03T13:37:58Z,2026-09-27T14:02:20.222873+00:00
UgwyJAM3HkvzYUtJyn94AaABAg,AOjceFDyYeM,d23f62f0de416640ae91296c40a0b456e6fe25fcc32f3028f9895da10c36e323,"Ko, Air ev nya dijual? 😁",0,2025-12-03T15:44:57Z,2025-12-03T15:44:57Z,2026-09-27T14:02:20.223393+00:00
UgwojpvKXx7s1C0Rx5h4AaABAg,AOjceFDyYeM,3a3ccac771558a08fa803430d5159092290983cf889878ddaae045e55cb57267,"40rb udah 8%? ngeri bener.. berarti  penurunannya 1% setiap 5000km
masih mending yg perusahaan udah 150ribuan km masih 83% berarti penurunannya 1% setiap 8900an km..  

boros amat itu 1% setiap 5000km.. gmna itu pemakaiannya.. kok bisa lebih awet perusahaan.. pasti cara nge casnya ada yg salah nih habitnya.",0,2025-12-03T13:02:13Z,2025-12-03T13:08:39Z,2026-09-27T14:02:20.223393+00:00
UgwfjuaF_VtdjdWW_rV4AaABAg,AOjceFDyYeM,731a19ea2b2e58b3a1268938089cbd1b63f08424e385d99071208efc2a4f98b0,Apa sudah habis masa garansix 😮,0,2025-12-05T14:37:02Z,2025-12-05T14:37:02Z,2026-09-27T14:02:20.223393+00:00
UgxMp0B6WbHkLqSie-x4AaABAg,AOjceFDyYeM,84750d728c40b6fed1368c0165e11e7765928fbfb593f5eb44b15600acd5d87a,"Brio Agya jarak tempuh 600 km, isi bensin 5 menit kelar. Mobil listrik? Lebaran 2026 kami tidak melihat mobil listrik mampu pulang kampung kecuali gimmick konten buzzer",0,2026-04-03T11:34:20Z,2026-04-03T11:34:20Z,2026-09-27T14:02:20.223393+00:00
UgxduELEBT7WDTLj7oV4AaABAg,AOjceFDyYeM,3fe310dc36734f70fdb09dac7604f2b36c879e6366669a05a5e061dd3617b3f3,mobil kok ga ada suaranya,0,2025-12-08T06:57:46Z,2025-12-08T06:57:46Z,2026-09-27T14:02:20.223393+00:00
UgzRycfVnmVwD40s-ih4AaABAg,AOjceFDyYeM,4db6e6f1103e176533aebbdb8114dfb492ce20260732751187187185c2983d0b,"Gak salah tuh ko, ban ukuran 12""  Harganya 600rb ?? 

Saya baru beberapa bulan ganti ban ayla ukuran 14"" Harganya 540rb-an",0,2025-12-04T03:35:52Z,2025-12-04T03:35:52Z,2026-09-27T14:02:20.223393+00:00
UgxgDk9Y92XgE60vLS14AaABAg,AOjceFDyYeM,e32e203cba0f92b35f31347c2ca6901b19aa6a1b80f6cfc441b7537307f8cdc8,Habis ganti ban depan kok nggak spooring ya koh...,0,2025-12-03T14:52:03Z,2025-12-03T14:52:03Z,2026-09-27T14:02:20.223393+00:00
UgydFjBgrtvRINEyPo94AaABAg,AOjceFDyYeM,e4cf3ea1f5d7d2037764f99224349bba1b6099c5899f8c9c18e72926b0b13397,"JANGAN WULING
TAPI WULAN 👍🏽
KLAU MAU CEPAT LARI NYA
PAKAI MALING 💪🏽",0,2026-01-12T22:23:53Z,2026-01-12T22:23:53Z,2026-09-27T14:02:20.223393+00:00
UgyAYRbp3Z23Mw_jKZV4AaABAg,AOjceFDyYeM,79b62e2d92603d21726fbac36251187ab6313da56fb829aa0527cf276c360b7f,BANG SINI GUA BAYARIN EV BEKAS LOE 60 JT BANG..... UDAH DIATAS PASARAN 50 JT,1,2025-12-04T02:24:55Z,2025-12-04T02:24:55Z,2026-09-27T14:02:20.223393+00:00
Ugw53qCtaY3AIPzVMRd4AaABAg,AOjceFDyYeM,a65d68c79bd80c3cec80921037d3a8f047359d3fc1e2c97a38af2e3bbc4a0e5d,Wuling katanya garansi seumur hidup baterainya jadi gak perlu lihat KM lagi,0,2026-02-26T18:54:39Z,2026-02-26T18:54:39Z,2026-09-27T14:02:20.223393+00:00
Ugx890cKmq6wKBcOvrN4AaABAg,AOjceFDyYeM,237c2e19308bc554743d06a04d251b2fe70290bfc2c65cc26a65181e811e465c,"40rb kena raksteer, hmmm",1,2025-12-05T05:56:23Z,2025-12-05T05:56:23Z,2026-09-27T14:02:20.223393+00:00
UgwRn4X96pxg7hv5bq94AaABAg,IMO53AFzSZU,aca1ecd4be8fe4e77839636853b7bbc9e6419f98e74d782070736464ff8984ca,Mantap Ko,0,2026-08-24T12:06:57Z,2026-08-24T12:06:57Z,2026-09-27T14:02:20.682299+00:00
Ugw4eRrMvQfdVGjofXd4AaABAg,IMO53AFzSZU,281defe0f62eaac2150c45ed3c7133ed73e0bc61f3c1359a987ef0ccf5f023d0,"bagus yah pelayanan garansi nya, mantap wuling, walaupun km nya panjang ttep dpt garansi woi,... hallo wuling. sippppp",1,2026-09-04T06:07:08Z,2026-09-04T06:07:08Z,2026-09-27T14:02:20.682299+00:00
UgwdiYhjGXEhgHYI2BR4AaABAg,IMO53AFzSZU,b36603fd95a9e935cb14a0bfee497537b4c2eb741991e3b567dd07c0e49e9ef1,"Keren wuling, gak rugi bayar mahal waktu beli unit.",0,2026-08-26T06:09:58Z,2026-08-26T06:09:58Z,2026-09-27T14:02:20.682299+00:00
UgyyG7XmMx0oAns6AxB4AaABAg,IMO53AFzSZU,342e7ea08b9c428d46c6a0c62c154b8126572fe37d8d717c5184fd07c59b2528,mobil wuling emang se enak itu kalau klaim garansi gak perlu adu argumen. walau emang masa umur pakai sparepart resminya pendek tp harga nya kalau di cek pun murah jauh di bandingkan brand jepang di bengkel resmi. wuling cocok untuk penganut frugal living seperti saya. krn bisa tetep pake part ori dan terjangkau.,1,2026-09-14T13:24:24Z,2026-09-14T13:33:41Z,2026-09-27T14:02:20.682299+00:00
UgzdhdzSDLHbtZx-qIh4AaABAg,IMO53AFzSZU,ffa308c54ee52c8c6451b618cfea8d6335d9923301e70f7a6824699e31b39881,Atoinya lebih syahdu. Asik juga ya klo ga bikin jebol kantong ganti part.,1,2026-08-24T12:43:37Z,2026-08-24T12:43:37Z,2026-09-27T14:02:20.682299+00:00
UgwXfmokWbmj2X65EP94AaABAg,IMO53AFzSZU,896cb2735f2b50a481c71839aa6a6445d9e39a03d0dd440638e996fdaf99f3e8,"Sama bgt, beli air ev bekas udah ganti racksteer dua kali dan dua2nya di cover garansi.. emang mantep wuling after salesnya yg di arista garding serpong",31,2026-08-24T13:54:42Z,2026-08-24T13:54:42Z,2026-09-27T14:02:20.682299+00:00
UgwMvDT0sdfRQyQVS_d4AaABAg,IMO53AFzSZU,9823560988e6bd5077aa7ca8e3c20cbdc090e71cc85e6a7810fe6e6ef7cbb0e1,"ganti shockbreaker usahakan kiri & kanan sekalian spy seimbang, krn pasti beda shockbreaker baru dan yg sdh dpakai lama.",0,2026-09-02T02:57:59Z,2026-09-02T02:57:59Z,2026-09-27T14:02:20.682299+00:00
Ugx4mqCCKwEslc-lx194AaABAg,IMO53AFzSZU,c8ae4d53cc9a587b18889a054894085d4e979d35596e0659577c85ff92ee7b2e,"Konten bagus. Ini mengkonfirmasi dugaan selama ini bahwa keandalan mekanikal mobil RRC memang bermasalah sama seperti mobil Asia lainnya. Jadi, bagi yang terbiasa mobil Eropa, jangan kecewa ya.",0,2026-08-24T13:15:10Z,2026-08-24T13:15:10Z,2026-09-27T14:02:20.682299+00:00
UgxbYlagyhGJriV2WLN4AaABAg,IMO53AFzSZU,1839f2bb47ff5f3dc261602dbc145331c90b56d02a2dcd8d845044b56bccbf7e,"Mantap juga sih ini Wuling, mobil jepang gua aja nggak di giniin sama bengkel resminya",17,2026-08-24T12:50:49Z,2026-08-24T12:50:49Z,2026-09-27T14:02:20.682299+00:00
UgxffvB9KeOje304Q714AaABAg,IMO53AFzSZU,ad490e94b98f761f8e256eed1487311c5ffa365220b93d304c22a19865356cd4,"Sudah benar lah punya aplikasi grab car / go car / Maxim car saja. 
Gak ada drama servis pajak cas garasi mobil dll. 
Cukup klik pesan sampai di tujuan.. 
Resiko nabrak ?? 
Driver yg tanggung",0,2026-08-30T16:28:55Z,2026-08-30T16:28:55Z,2026-09-27T14:02:20.682299+00:00
UgykoOmfWnfps1DXIHl4AaABAg,IMO53AFzSZU,4e2372b7fb243034d975b75ffb572354ec8fcc1b4fde56dcdddcd65317365d96,"Harga sparepart nya juga terjangkau sekali itu, gw malah estimasi sekitar 2,5 jtan malah lebih murah lebih dari setengahnya. After salesnya sih mantap abis, walau mobil second garansi tetap berlaku selama waktu yg tertera untuk kerusakan pemakaian normal.
Ditunggu vlog upgrade head unit nya ko biar bisa android auto Apple Cardplay plus estimasi harganya berapa",0,2026-08-26T21:37:57Z,2026-08-26T21:37:57Z,2026-09-27T14:02:20.682299+00:00
Ugyb4o-MZ5v6B26_dER4AaABAg,IMO53AFzSZU,62654607e3ac150b9ffec42eaca7b495951f7a4e9af05a4a9c797fc270d5bcab,"Hitungannya mobil msh baru, kaki2 dah pd kena, makanya mobil china itu super canggih, tp soal keawetan gtau dah",0,2026-09-01T05:30:28Z,2026-09-01T05:30:28Z,2026-09-27T14:02:20.682299+00:00
Ugyd3u0f4sR-MFN8yeR4AaABAg,IMO53AFzSZU,f40fed350563463e50863259cf27b733ac84c4596dd65f3aa43ebe51a302742a,"Kalo garansi mobil cloud saya sih, garansi batere seumur hidup dengan ketentuan
1. Mobil pemilik pertama
2. Pemakaian mobil tidak boleh lebih dari 30.000 km setahun
3. Kerusakan karena banjir dan tabrakan tidak digaransi. Ini saya cover di asuransi mobil listrik.

Ininyang tertera dalam dokumen ketentuan garansi.",2,2026-08-26T22:55:56Z,2026-08-26T22:55:56Z,2026-09-27T14:02:20.682299+00:00
UgxwnB7LF6D-sldadzh4AaABAg,IMO53AFzSZU,55604ce8311c98803aef616ab855d5291d6374436200a1624200f301e1379f2d,"Untuk dongle Apple/Android Air Play sih beli aja merk Tomiko ± 5jt-an. Sifatnya plug & play kok. Untuk daerah BSD bisa beli di Mawar Audio aja, koh. Minta mrk di setting ke Android jgn ke Apple krn ke Apple biasanya untuk mobil EV China nanti suaranya ada kesan delay gitu.",0,2026-08-25T09:17:32Z,2026-08-25T09:17:32Z,2026-09-27T14:02:20.682299+00:00
Ugym7zIMqVpKoiDZQcV4AaABAg,IMO53AFzSZU,062d5dde5884661a70f4d47eee19f22a4a7da82420a6a373f32ed182949bd284,"Racksteer sudsh 2x ganti,padahal itu itunganya mobil masih baru ya,,wauww",1,2026-08-25T07:59:30Z,2026-08-25T07:59:30Z,2026-09-27T14:02:20.682299+00:00
UgwAPynwaMsPXCYbK254AaABAg,IMO53AFzSZU,1a4a5a8446dc02d219d1c8cd045a4e903e8b0aa67ccb283445db5ea0ec843a5e,Itu bumper pecah mungkin habis nabrak tongkolan atau kepala towing bar mobil yg bulat² itu atau kena batu terbang dari roda truk yg berjalan,1,2026-08-24T13:48:04Z,2026-08-24T13:48:04Z,2026-09-27T14:02:20.682299+00:00
UgxAUYo0_U-c2vMeyrh4AaABAg,IMO53AFzSZU,3326d1e10d680fe8de82be7db1f7a7336f79eddd1043f01e534cab1e99facafe,pas beli pakai inspector apa cek langsung di beres koh? biar tau garansi masih aktif apa engga,0,2026-08-25T02:26:33Z,2026-08-25T02:26:33Z,2026-09-27T14:02:20.682299+00:00
UgwD58UkBzrHf1Cndnl4AaABAg,IMO53AFzSZU,eb550c46d41947fabe1f8f7ccd4d035f97a7d1addb0b64af06e910b20636676a,"Gak ada suara mesin nya, pas jalan kaki2 bersuara dikit aja pasti kedenger",0,2026-09-08T22:49:09Z,2026-09-08T22:49:09Z,2026-09-27T14:02:20.682299+00:00
UgxYZA3fbUW2vWZzLZR4AaABAg,IMO53AFzSZU,1822bcee25b4c080313bc85bb16fb77d72c3be5a3793a13c45c3658b064f649b,Enak ini fair review... Wuling walaupun produknya gak sempurna tapi warrantynya oke...,4,2026-08-25T01:13:11Z,2026-08-25T01:13:11Z,2026-09-27T14:02:20.682299+00:00
UgyCXWTBChe7f8K8DGh4AaABAg,IMO53AFzSZU,744a9e9a48b1b121d225946222e22fef0b46a434c5b1074bca11627a5a6dc33c,Abis ini vlog pasang kaca film bukan koh? 😊,0,2026-08-26T12:46:35Z,2026-08-26T12:46:35Z,2026-09-27T14:02:20.682299+00:00
UgxCFQde447DcE6RIxl4AaABAg,IMO53AFzSZU,507c1faa6d6e5c28ce7fb2c4fd1e0151ec49daba24763f57e4cf045d78a172d2,pemakai confero dari 2018 yang selalu servis di beres sampai km sudah  192.000 nyimak...,1,2026-09-02T00:21:18Z,2026-09-02T00:21:18Z,2026-09-27T14:02:20.682299+00:00
UgwMjnK7-2wNcklEQvV4AaABAg,IMO53AFzSZU,278fb9a2437b0304703576e7c5225b3ba7597ab2252c71b573c1b4d236ac0bbe,wuling emang the best sih gk banyak drama beda dgn brand sebelah yang banyak drama dan debat,1,2026-09-02T17:36:24Z,2026-09-02T17:36:24Z,2026-09-27T14:02:20.682299+00:00
Ugxg5WoFq6m9Eb7Fji94AaABAg,IMO53AFzSZU,da7a83308be1a32bc33aa181d7cbd73cc7260e93f830744b37dc03e6eeac86e5,Wulling binguo nya tahun berapa ko?dibwh 200 nya jauh ato dket ko? makasih,1,2026-08-27T05:08:38Z,2026-08-27T05:08:38Z,2026-09-27T14:02:20.682299+00:00
UgyA4W93K_n5PyAjAXx4AaABAg,IMO53AFzSZU,e3193f48786d6963b5c15d5422dc2e746ca6301da1c77834301e89ee866c67c3,Ini binguo tahin brp ? Apakah life garansi ? Semua pergantian nya free ya di wuling mana om ? Mkasih,0,2026-08-24T21:23:32Z,2026-08-24T21:23:32Z,2026-09-27T14:02:20.682299+00:00
Ugze-1CwogTNJgav9rJ4AaABAg,IMO53AFzSZU,76f2bfb19b53148e0d3b6d4f70c3d38df495b859f818f81cc602aa4ec2cc936a,Koh coba dong motor listrik polytron 350 review juga tes buat go food lagi... Koh,1,2026-08-26T10:50:25Z,2026-08-26T10:50:25Z,2026-09-27T14:02:20.682299+00:00
UgyKfNQi5fbqnkvaj9F4AaABAg,IMO53AFzSZU,1514b60a08d545dfa2a79dedb8a180ccbdd1b3449956a177a30da4b58f12e23d,Kacafilm atoi pake apa  Ko...abis brp full? Sukses slalu Ko...trims,0,2026-08-24T23:49:13Z,2026-08-24T23:49:13Z,2026-09-27T14:02:20.682299+00:00
UgxnoZwz1rRBW-KvYO94AaABAg,IMO53AFzSZU,0753fc5b87f29adc5a0b479ddf78233c848081401c4b2ff64f95cfb09a301e59,Wuling yg di sby lagi viral kohh,0,2026-09-09T06:38:31Z,2026-09-09T06:38:31Z,2026-09-27T14:02:20.682299+00:00
UgxjpCJL-tRQNtUdYgR4AaABAg,IMO53AFzSZU,de0940c2937bb2b534cc2ce09ff70ab2166b8158d32e73e5a2a39c8a428601be,Berarti keluhan Power Window itu rata2 semua Binguo Sama deh...,0,2026-08-28T07:20:18Z,2026-08-28T07:20:18Z,2026-09-27T14:02:20.682299+00:00
UgxgCPv77qHB3wpKK494AaABAg,IMO53AFzSZU,9fa1c016494cef25761decb12c193ecd4896f80dfdec476f07e3fc8818c283b7,Koh pasang crank guard buat baterai di third party. Binguo agak gampang ngegedug soalnya apalagi kena polisi tidur semen,1,2026-08-25T14:09:02Z,2026-08-25T14:09:02Z,2026-09-27T14:02:20.682299+00:00
Ugx5nDWBR2ijWkoZiH94AaABAg,IMO53AFzSZU,e4ef9521fbd56bbdab74ebcb7c1fab0353a9a72a82b50b1ff9ffa0c85c12bf13,"Halo koko, mantap reviewnya, kalau ada waktu tolong dibandingkan atto 1 dan binguo, dr sisi harga apa better new atto 1 atau second binguo (dengan catatan all mesin etc oke) ko, misalnya kita punya budget 200 jutaan better new atto 1 atau binguo second Ko, terima kasih Ko..",2,2026-08-31T13:44:26Z,2026-08-31T13:44:26Z,2026-09-27T14:02:20.682299+00:00
UgxLSP4KyNB6Ca8k4094AaABAg,IMO53AFzSZU,4355484072a89fc341716a9c3d794af914ca24ab91d1244f7eefd63e50b64437,Bagian bawah kalo dicuci semprot air apakah aman di kabel baterai?,0,2026-08-31T12:01:57Z,2026-08-31T12:01:57Z,2026-09-27T14:02:20.682299+00:00
UgwecrBijl_S3Ew44TN4AaABAg,IMO53AFzSZU,54101c996791ae2c7def5bf1de5c0f1c4c9717f8aba54d57020efd6eff6f87d6,"ga balik nama itu, garansi lifetime, mesti melampirkan KTP / bukti pemilik pertama ga ko?",0,2026-08-24T13:17:10Z,2026-08-24T13:17:10Z,2026-09-27T14:02:20.682299+00:00
UgyhCtOlxIhL1AL9akd4AaABAg,IMO53AFzSZU,131e14f1a78310c9d7191dd1c7f938277ed976b3e0596efc0c0af5372e224f33,wuling cloud kenapa itu koh.. baterenya diganti ??,0,2026-08-26T05:01:23Z,2026-08-26T05:01:23Z,2026-09-27T14:02:20.682299+00:00
Ugz-sITxtPcGlTaCVGl4AaABAg,IMO53AFzSZU,1bab664e8adbd70401c89224bbd728d00c59be9ba8f8e7fb02c7a786dc5f090f,"Mobil THN berapa ini Kho? 
ko'  banyak keluahan nya gitu?",0,2026-09-02T03:15:44Z,2026-09-02T03:15:44Z,2026-09-27T14:02:20.682299+00:00
UgzczbnXt7jXtgbAW_t4AaABAg,IMO53AFzSZU,b80dafc4cbd9a0f565ed971c6b6c7e91c5ff498a959d9ff3e13e05a537038713,spill kaca filmnya byd ko. berapa persen tuh samping depan belakangnya. trs kl masuk basement gelap apa masih aman pandangannya?,0,2026-08-25T11:28:25Z,2026-08-25T11:28:25Z,2026-09-27T14:02:20.682299+00:00
UgyoNlLh2By8MyN2FWV4AaABAg,IMO53AFzSZU,2dff81394b44b1882d8ccc18ea591451162d80b6bab295d7aa5c405c25d7b3bd,Gak ada drama seperti case nya hyundai itu ko😊,7,2026-08-25T04:47:04Z,2026-08-25T04:47:04Z,2026-09-27T14:02:20.682299+00:00
UgwXAoEuPLIgjE27l6N4AaABAg,IMO53AFzSZU,9fbadda029e8ea70bb5944d2eb3442676c22e6726214dc7837617712bf973098,"Mantap koh

Tapi sbg masukan aja ke teknisi/foreman nya, kalo masuk kolong (lagi dibawah mobil) pake helm safety.",0,2026-08-25T00:39:28Z,2026-08-25T00:39:28Z,2026-09-27T14:02:20.682299+00:00
UgzI_l30LJho_sbyKj14AaABAg,IMO53AFzSZU,dd892106ee1bbd080cf4ab6d3ef9129ae69fd51d0031359f5d50bb1a33718b2f,Kalo ganti pemilik ya garansi battery gugur😅,0,2026-08-24T13:26:55Z,2026-08-24T13:26:55Z,2026-09-27T14:02:20.682299+00:00
UgyDkT9kxSO6UAUvn5F4AaABAg,IMO53AFzSZU,c7294e4bbfebcc5170b4d69a9b1c845ec4dda2eded66bd9ac79514e2f61cf97b,"Arista sih best ya
Kalo maju maju itu kureeeennng",0,2026-08-28T09:10:17Z,2026-08-28T09:10:17Z,2026-09-27T14:02:20.682299+00:00
UgzshU7lLhHz9i4lcmZ4AaABAg,IMO53AFzSZU,9289cb31505b9ee676035df27ea0a9dc1ee474c4a2bcdce8f3bddca68386426c,Klaim garansi batrei wulling cloude berapa lama pemakaian tuh,0,2026-08-25T02:11:48Z,2026-08-25T02:11:48Z,2026-09-27T14:02:20.682299+00:00
UgwEc5Wf46xmZhqqb7p4AaABAg,IMO53AFzSZU,c94e931d8a9b9c24e4796b7c12dab2b5ca785e44087e73bff9aee3629dc3bc4e,wuih mahal banget,0,2026-08-24T15:28:59Z,2026-08-24T15:28:59Z,2026-09-27T14:02:20.682299+00:00
Ugz_m6Mz6P-LBRDLYYF4AaABAg,IMO53AFzSZU,4e14e692071842e60a063e524278415a5ac7ef91c5b548f8f0de90ef1e69c1da,"Kacau tuh mocin, mobil masih baru shock sudah bocor, bikin barang kualitasnya jelek,.klu GK ada garansi sih jajan pasti banyak",0,2026-08-25T16:04:48Z,2026-08-25T16:04:48Z,2026-09-27T14:02:20.682299+00:00
UgzC1sAns1tmQ1XSXnF4AaABAg,IMO53AFzSZU,97b37f7cf8b13c3d85b541db8c3f597bc8345284cd076158e6ddf0d1adcf9980,Mobil bombomcar,0,2026-08-24T17:01:36Z,2026-08-24T17:01:36Z,2026-09-27T14:02:20.682299+00:00
Ugxb9TZeKapps-eUEpJ4AaABAg,IMO53AFzSZU,1fdb38e5564e30e4b89bba31c47bcd96d68f55f090f81b408593c135a58cfad1,"Alhamdulillah masih setia sama Livina 2014. Bukan ga mampu beli EV, tapi klo nambahin beban buat apa juga 😊
My livina dah di atas 135rb kilometer belum pernah ganti kopling, speed masih sanggup di  atas 120 kpj, bodi masih cukup oke.
Mgkn klo ev Jepang/korea dah makin murah dan partnya banyak, bisa dipertimbangkan.",0,2026-08-31T00:33:31Z,2026-08-31T00:33:31Z,2026-09-27T14:02:20.682299+00:00
Ugwq6hjYi1WYVO1FSwJ4AaABAg,IMO53AFzSZU,a1faef04d7e40dc1c28dafe05e2367cbc03fd028e02b7111142d3d9752bb0de4,Cloud udah ganti baterai? Waduh,0,2026-08-25T16:45:23Z,2026-08-25T16:45:23Z,2026-09-27T14:02:20.682299+00:00
UgzeQSIK0sLkKG9NLzd4AaABAg,IMO53AFzSZU,29e61937f884c27ae15314afb859cc6563c3a5e3cde0b06eecd928a14da27159,"14:52 berapa persen   blkng samping bro ,dan depan?",0,2026-08-25T03:50:52Z,2026-08-25T03:50:52Z,2026-09-27T14:02:20.682299+00:00
UgxtY_-CzMVe2hXW-hV4AaABAg,IMO53AFzSZU,43be1efbef3a60c0df087843b8704f4212bba3fdd57ebdc59dd9a33fbf1fc42e,Murah ya sparepartnya.,0,2026-08-30T06:46:33Z,2026-08-30T06:46:33Z,2026-09-27T14:02:20.682299+00:00
UgzvEkEJoXSXe0_-eCZ4AaABAg,IMO53AFzSZU,7eb0c24fef50e42d9557ec28f2766c51322e3af76a329c8e5ca25eddd3b10b3c,Hyundai 0 vs Wuling 1,3,2026-08-24T15:25:32Z,2026-08-24T15:25:32Z,2026-09-27T14:02:20.682299+00:00
Ugx9wQw38kpDgoC33E14AaABAg,IMO53AFzSZU,f3a1dadbebf8fea18a03004c416e9b9af3b28a1125efa93663094073965c9881,"Saya pakai air ev Dan darion, 2 ini sudah lebih Dari cukup",1,2026-08-24T13:11:32Z,2026-08-24T13:11:32Z,2026-09-27T14:02:20.682299+00:00
Ugy6jRWA4GvYgYoIGMR4AaABAg,IMO53AFzSZU,e9669cd630716fb1394586b051a5b30829eb50a455aed8310caa086889a11f5d,wuling wajib lifetime garansi sih.. sejauh pengamatan sy wuling cukup banyak yg klaim batre rusak di usia sangat dini.. memang scr presentase g tau krna g smua dikontenin.. bayangin aja batre airev 140jt dan cloud ev bs 200jt an tu..,0,2026-08-25T11:24:00Z,2026-08-25T11:24:00Z,2026-09-27T14:02:20.682299+00:00
UgwlN_pKmBn6uLAaeBV4AaABAg,IMO53AFzSZU,83530ab5bc8d5d9aa60a79a2e89c874b9d3272b54183f9fdc806199555a1acc1,Ko coba cek garansi pembelian spare part kan hanya 1 tahun. Betul ga? Kalau benar mending tunggu klaim garansi maka masa berlaku garansi mengikuti mobil baru,0,2026-08-25T06:07:37Z,2026-08-25T06:07:37Z,2026-09-27T14:02:20.682299+00:00
UgzSUDX2j5x_HcbrRXd4AaABAg,IMO53AFzSZU,8ce949cb48c59d7b8e45e23b6553f7269e66b62dd9cfb6b46de4d3e8ceaa3c0d,12:30 parah sih karatnya,0,2026-09-07T14:22:01Z,2026-09-07T14:25:59Z,2026-09-27T14:02:20.682299+00:00
Ugy4iMGFPGhrssV5tVp4AaABAg,IMO53AFzSZU,4e14e692071842e60a063e524278415a5ac7ef91c5b548f8f0de90ef1e69c1da,"Mocin masih baru, kaki2 sudah kena",2,2026-08-25T16:02:46Z,2026-08-25T16:02:46Z,2026-09-27T14:02:20.682299+00:00
Ugzjxm6Fbv3FSb8U4HV4AaABAg,IMO53AFzSZU,cefd92fbbc746c06ff16b807329ed509a393b937317deb8be6b8e97b7bcc9b1b,Jadi tau kan beda orang kaya banget sama yang ngakunya orang kaya. orang kaya banget dikasi tau harga cukup bilang OK. kalo orang kaya yg ngakunya! dikasi tau harga pasti nawar.,0,2026-09-17T15:53:21Z,2026-09-17T15:53:21Z,2026-09-27T14:02:20.682299+00:00
UgylrdI2pLj6BB_xziZ4AaABAg,IMO53AFzSZU,44dedc9cb705e7bd82a75ab2472483081cd99c7a6d0aa6b5671673600e3436fe,Harusnya si atoi pake kaca film solargard yg black panthem koh jadi dari luar keliatan gelap dari dalem terang banget tp tetep adem cabin nya,1,2026-08-24T13:18:59Z,2026-08-24T13:18:59Z,2026-09-27T14:02:20.682299+00:00
UgzLvJ44EH7hBsMoQ-Z4AaABAg,IMO53AFzSZU,f854652f3854b47f981f59073621d7fe083f0a8405a5d6511b6f6a3d35c6987f,"Ko, km brp binguonya?",0,2026-09-04T05:56:17Z,2026-09-04T05:56:17Z,2026-09-27T14:02:20.682299+00:00
UgwaKB8u72ohCC4Yf_F4AaABAg,IMO53AFzSZU,98a849111cc29d51f9744437351d4511a4d67b209aa5ce2c161486d7b002fd4f,"MENIT 13.14 VIDIO MOBIL SENDIRI KOK GAK BOLEH, LUCU TUH BENGKEL. BUKANNYA TUNJUKIN PRESTASI KINERJA SECARA TERBUKA YG HANDAL, EH MALAH GAK BOLEH DIREKAM 😂",0,2026-08-24T16:15:38Z,2026-08-24T16:17:02Z,2026-09-27T14:02:20.682299+00:00
UgyfZ9M_zLyozIuIVe54AaABAg,IMO53AFzSZU,43be1efbef3a60c0df087843b8704f4212bba3fdd57ebdc59dd9a33fbf1fc42e,Minyak rem ada dikata kagak.,0,2026-08-30T06:40:11Z,2026-08-30T06:40:11Z,2026-09-27T14:02:20.682299+00:00
UgwnBc90tO_M37fA8dl4AaABAg,IMO53AFzSZU,416c4299172ded3bc378b61ffba85c1154230320b99694bf2f16ae20643317fb,Skoknya harga.e isa sama persis ma nmax 2020 😅,0,2026-08-25T02:56:49Z,2026-08-25T02:56:49Z,2026-09-27T14:02:20.682299+00:00
UgwQvj110jjpSGf1wK14AaABAg,IMO53AFzSZU,584677d103425996c7bb6f9c8b31173dafc3fb244430b034f0af7e4955bc1109,"Om buatkan video komparasi antara binguo vs atto 1 ya😁
Kelebihan & kekurangan setiap mobil nya",2,2026-08-24T13:03:23Z,2026-08-24T13:03:23Z,2026-09-27T14:02:20.682299+00:00
UgyjVOWUNTbR02eqc-l4AaABAg,IMO53AFzSZU,59cd1f6536683a1212da25c85c3f887676dfbbb66e10a11672f2ed4bdfc7f822,"Wuling sebenarnya bagus dan Menarik, cuma Kenapa Modelnya seperti Mobil Mainan, Lucu dan Bulat2
😂😂😂",0,2026-08-24T21:59:23Z,2026-08-24T21:59:23Z,2026-09-27T14:02:20.682299+00:00
UgwUFrEq3jnp1lezleN4AaABAg,IMO53AFzSZU,eb5a498325fc139a0417b86dda10c2bc1b4beed35964aeb8a5b358a9483ada24,"Ganti sebelah gatell😅😅😅,, kenapa nggak di garuk aja😅😅",0,2026-08-26T07:04:33Z,2026-08-26T07:04:33Z,2026-09-27T14:02:20.682299+00:00
UgxELESxZ4PdC0L13B54AaABAg,IMO53AFzSZU,3736513fe247ea752b48d18dc0d6d918feea265acd75f7e186d990bf3c7480e6,ternyata wuling sparepart tidak lengkap harus tunggu 3 minggu dulu,1,2026-08-24T15:00:25Z,2026-08-24T15:00:25Z,2026-09-27T14:02:20.682299+00:00
UgxLkJEWAlmwfYKkt5R4AaABAg,IMO53AFzSZU,563a7141fbe47e31a0388d595db5b9543a7cddf1abfe862cf95887a858228308,"kalau udah mobil second, Wuling ini masih garansi baterai ga?",2,2026-08-24T13:41:09Z,2026-08-24T13:41:09Z,2026-09-27T14:02:20.682299+00:00
Ugz4YHVR8iatm_byhQl4AaABAg,IMO53AFzSZU,44c45e5f9699ab7643548f87e3aee4e239faa2debc7596248d62b8ee63ccc259,"BTW, EV nggak boleh cuci kolong ya koh? Sekedar siram aja bukan pakai steam?",0,2026-08-24T23:58:34Z,2026-08-24T23:58:34Z,2026-09-27T14:02:20.682299+00:00
Ugwr095wCQBzABywfeF4AaABAg,IMO53AFzSZU,708ac1c46aa48fd4a52a33235b56a178ced797bceb291b1e07730f1ed5214bb8,garansi nya oke juga sih itu ya,0,2026-08-24T12:30:45Z,2026-08-24T12:30:45Z,2026-09-27T14:02:20.682299+00:00
UgzrSEO24UuM6xzPZVx4AaABAg,IMO53AFzSZU,3617266309e51d9e89d01972f18a2057981b03f135bbe323b32b579985fad5ba,Kualitas Mobcin baru 2th sdh spt itu beda dg Jepang meski dipake 15th masih jozz,1,2026-08-24T13:47:46Z,2026-08-24T13:47:46Z,2026-09-27T14:02:20.682299+00:00
UgxLvel7OGqjxfk12ZZ4AaABAg,IMO53AFzSZU,48ce4fe0ea2523594907f7c537fc7b029454c9ebba2bca03348e05484c771066,Mobil masih tergolong baru kok banyak keluhannya,0,2026-08-25T13:35:36Z,2026-08-25T13:35:36Z,2026-09-27T14:02:20.682299+00:00
UgwWcJRzKJi1fuxTMs14AaABAg,IMO53AFzSZU,b5bc7f47f6fde9d0facb1c33b880a0c9c6b4ba97612aa7398574ae330e74d202,"Gk sekalian Cek SOH aki 12v ama HV battery nya koh? Biar sekali pengecekan gitu.

Edit: Servis kaki kaki segitu termasuk murah sih menurut saya mah, dan terbilang awet 50.000km baru jajan kaki kaki mah",1,2026-08-24T13:31:09Z,2026-08-24T13:32:56Z,2026-09-27T14:02:20.682299+00:00
UgwY3aeXDqwEAB67zE94AaABAg,IMO53AFzSZU,225d342bbd751f5e2bbb3af53b1f15f4be2e565fd0c766540d34b61560cfd347,"Ko vlog nya pake hp atau action cam,bisa di kasih tau dong model apa trims",0,2026-08-24T12:26:13Z,2026-08-24T12:26:13Z,2026-09-27T14:02:20.682299+00:00
UgwH8af5v5AQrb9DG594AaABAg,IMO53AFzSZU,69fff3cdd53fb4f6ceb896f76a363a8c53b4612bf8d4ee8145ff310b60ec74ac,Berarti evnya ada 3 koh?,2,2026-08-24T12:43:32Z,2026-08-24T12:43:32Z,2026-09-27T14:02:20.682299+00:00
UgzZAcgy4xHq1xqcinN4AaABAg,IMO53AFzSZU,3f085271a3c80e08190fc973b65c80914360f51e344ac23fa1ff70a823969f03,Buset mobil baru 50 ribu sudah banyak masalah 😂😂😂,0,2026-08-24T13:08:31Z,2026-08-24T13:08:31Z,2026-09-27T14:02:20.682299+00:00
Ugzi7Z6iAw7LXTDhXC94AaABAg,IMO53AFzSZU,0449540af93e6a807cffc5ddcfa447f9bd61f2b14bdadcdf84486b1a02a75f4c,Beli   EV   +   FULL  STRESS  😂,1,2026-08-29T23:08:41Z,2026-08-29T23:10:02Z,2026-09-27T14:02:20.682299+00:00
Ugy0-XR5Yp4gLR4Meb14AaABAg,0fHm0HIIJrY,260d0223d31b386cf8bb1e1363d85a3f657f21c437f89f2b8202834cd58f7e9a,"Open Endorse:
Untuk Anti Karat / Karpet Dasar dan Apapun Seputar Jaecoo J5
Kontak Saya Langsung: 0812-1234-5628 (WA)
Pengerjaan dan kontennya Akan di Upload di Channel ini",6,2026-05-13T13:53:35Z,2026-05-13T13:53:35Z,2026-09-27T14:02:21.256364+00:00
Ugwv29uCLxoCcahT-yZ4AaABAg,0fHm0HIIJrY,6a07da3f503f5dbc8f1fe610cdf6ad6a0a0a11617a71a093958ce94cb906d832,Wah sangat bermmaft nih..rencana mau ambl jcoj5.thnk u infony,0,2026-06-19T01:09:28Z,2026-06-19T01:09:28Z,2026-09-27T14:02:21.256364+00:00
Ugx4UIafqCxaaYn7SA94AaABAg,0fHm0HIIJrY,a21bd396074a00c77bba4f4b55873f013ae39d06efb1cf0fb46a1a4a6ebb0193,"Saya pengguna JAECOO J5 juga, baru sekali service, tp ada masalah fi cover utk ngecharge nya, pas nutup tombol auto nya ga berfungsi, udah dibawa ke bengkel katanya patah, aku senditi sih ga ngerasa ngapa2in ato gimana…  ada saran ga ato mungkin ada yg pernah ngalamin ga?",0,2026-09-02T19:04:02Z,2026-09-02T19:04:02Z,2026-09-27T14:02:21.256364+00:00
Ugxhs72hM0nQ2FgHkP14AaABAg,0fHm0HIIJrY,d731fee6d1fb948ea543200053f7614e72a9d923915a87a0050cc45cc011db5f,"Tanya bang, karena sama ambil di ADA lotte. Abang ktp mana ? Pas ambil stnk kena biaya brp ?",0,2026-06-18T01:10:00Z,2026-06-18T01:10:00Z,2026-09-27T14:02:21.256364+00:00
UgzWcSPGZetMzBXHsRl4AaABAg,0fHm0HIIJrY,5d59c97066ddc0f93be32cc936aefb25f411f8e02e40e7f77ab5c661a96f27ce,"Selamat siang maaf ka 
Saya mau ty klo ngerem suka ada buyi kruk..kruk itu ada masalah apanya ka mobil jaecoo J5.trimksh",0,2026-09-25T07:55:13Z,2026-09-25T07:55:13Z,2026-09-27T14:02:21.256364+00:00
UgzKDIE_cQBqPPwqZYZ4AaABAg,0fHm0HIIJrY,891f04c4c7c9e8c1c417fa44e67b171f263f630f20c96dcceda7e895b1831d8c,"halo, klo kita instal/upgrade audio di mobil jaecoo j5, bisa menggugurkan garansi/warantty void ga,  mohon pencerahannya, trima kasih",0,2026-07-10T23:23:34Z,2026-07-10T23:23:34Z,2026-09-27T14:02:21.256364+00:00
UgzswsA1atojlfAtXHp4AaABAg,0fHm0HIIJrY,2bbe3cf2c929b1c05f292676e4e76554893848c6adab58194b1cd6337623dc72,"Saya baru kasih tanda jadi untuk beli Jaceoo J5. Karena nonton video ini saya bisa siapin kayak penutup kap mesin sama selang buangan AC. Makasih, videonya sangat bermanfaat",6,2026-05-14T00:54:23Z,2026-05-14T00:54:23Z,2026-09-27T14:02:21.256364+00:00
UgzOShCM8ddg1gpadj14AaABAg,0fHm0HIIJrY,920d7b1104f91ab45d772f725e95b2617518770090a55815aa538cc879396c73,sy servis pertama di Jaecoo kebun Jeruk juga..tidak di berikan print out pemeriksaan batre...utk pemasangan kabel extension AC...kabel pakai stock dari teknisi nya...tapi di kenakan biaya 100K...apakah ada yg mengalami hal sama?,1,2026-05-29T08:45:16Z,2026-05-29T08:45:16Z,2026-09-27T14:02:21.256364+00:00
UgzVrlYXCrV3oARNJA14AaABAg,0fHm0HIIJrY,8a666e8a447adea9ee1df879530dc7e0b495ea31227154f021926062bc7da3ed,"Ac sering ber embun walau sudah di defogging , itu kendala ku",1,2026-05-15T14:38:38Z,2026-05-15T14:38:38Z,2026-09-27T14:02:21.256364+00:00
UgwrgFvxQ1-8sZs16wF4AaABAg,0fHm0HIIJrY,32b05d2f74c9dcf61b125bc5b25101ba88c06e52e94ca2cc299f2b449b73e644,Td sempat tampil di video saat buka puntu harus pakai remote karena tidak ada sensor di handle pintu. Agak sediki mengganggu yaaa...,2,2026-05-19T20:23:05Z,2026-05-19T20:23:05Z,2026-09-27T14:02:21.256364+00:00
Ugw0QZ6WSBQs0M9dthF4AaABAg,0fHm0HIIJrY,77650c3a33191c3584f7766eeee0dc9f85137991679047557df47ab927672eac,lama ga tunggu keluar STNK nya?,1,2026-06-18T12:07:16Z,2026-06-18T12:07:16Z,2026-09-27T14:02:21.256364+00:00
UgwdMBqm9u7wl0G4TR94AaABAg,0fHm0HIIJrY,62433b11a8fb31b8cae96eeee837db66cc25e680e4cdf783ca376af9853852fd,"Negara lain berlomba"" untuk memajukan bngsanya, memakmurkan rakyatnya,. Memberi nafas segar harga murah, banyak promo, memberi kemudahan,. 
Kita smpe' hari ini masih dijajah dgan berbagai macam persoalan koruptor smakin meggila,. Hkum tebang pilih, dan bla blaa,..",0,2026-08-28T00:18:43Z,2026-08-28T00:18:43Z,2026-09-27T14:02:21.256364+00:00
UgwEUDODkKPqW_AOfc54AaABAg,0fHm0HIIJrY,d4c5830967c81209b8e2c49e5d180de258b0588b110970f3f63822326fe2f580,Wuling aur ev diganti jaeco yo Imam 😅,2,2026-05-14T01:28:14Z,2026-05-14T01:28:14Z,2026-09-27T14:02:21.256364+00:00
UgwiBChZPigSJ-6bcLJ4AaABAg,0fHm0HIIJrY,c034f14b7bbbea431d11e664fbc32db759ab083de9c479419fff16d35f14558e,kami terima bulan desember akhir 2025 sekarang kilometer udah 19500 alhamdulillah mobil nyaman,2,2026-07-08T23:27:41Z,2026-07-08T23:27:41Z,2026-09-27T14:02:21.256364+00:00
UgyO15ogElmA4DQEVzx4AaABAg,0fHm0HIIJrY,4e601b37ef87e0c831ddfb891eab344d1256797ff5ff6cc150b21dc580d11069,Wuiihh....wulingnya dah kemana...😅😅😅,2,2026-05-14T15:18:31Z,2026-05-14T15:18:31Z,2026-09-27T14:02:21.256364+00:00
Ugx9G23ST_UBcyxT9Ix4AaABAg,0fHm0HIIJrY,1ec44a675c5ae343c74d2bf27bb7e7831965fc1099176b6179fce8071e3898a8,"Bang setir sejauh ini pakai agak kiring ke kiri ga ya???
Mohon bales ya",1,2026-05-23T09:39:58Z,2026-05-23T09:39:58Z,2026-09-27T14:02:21.256364+00:00
UgyHraUmX3d2Kp2BhPN4AaABAg,0fHm0HIIJrY,c3ac38d85e76f42df2329d23ba480b686e4a519dc4e850674bec7e05503eaaca,kalau pas jalan terus dia koreksi posisi sendiri itu apa ya? line keeping assist bukan ya?,1,2026-05-14T12:16:06Z,2026-05-14T12:16:06Z,2026-09-27T14:02:21.256364+00:00
UgycU4uOKC1ol2iDE9N4AaABAg,0fHm0HIIJrY,927202039419e8d5ae35fb1acb5f83afd2cb0f7871a578cfc53b3dd6030f72a3,Koneksinya pake apa? Bluetooth kah? Jaraknya maksimal sejauh apa dr mobil,1,2026-05-18T04:47:22Z,2026-05-18T04:47:22Z,2026-09-27T14:02:21.256364+00:00
Ugz3GKP0VHMVcqsIWHl4AaABAg,0fHm0HIIJrY,3ab1095383d996c1f9133141ea00aad6cc4a3a740c754653bf87ec5992c45139,Cek scan pake laptop kondisi SOH Battery nya gak Pak mobil J5 ev nya? Msh 100% atau 99%?,1,2026-05-21T20:42:27Z,2026-05-21T20:42:27Z,2026-09-27T14:02:21.256364+00:00
UgwdnHLOOYkSTku-eXp4AaABAg,0fHm0HIIJrY,1b6bac5d74501c99e894490335ff9a160c99e643e437ce2616b753320defa460,Lha...Air EV nya nggak pernah dipakai lagi mas ?,2,2026-05-14T02:43:05Z,2026-05-14T02:43:05Z,2026-09-27T14:02:21.256364+00:00
UgwjglA47Su_CaYgkk94AaABAg,0fHm0HIIJrY,f9c33e8cc47a065dc14b892cc22a8cd3a7300d6a479230e43457be3ac959dc42,Waduh saya kok ndak ditawari IoV pas service pertama...,2,2026-05-13T14:11:14Z,2026-05-13T14:11:14Z,2026-09-27T14:02:21.256364+00:00
UgxQzogY7APjgnHpG4x4AaABAg,0fHm0HIIJrY,f9c33e8cc47a065dc14b892cc22a8cd3a7300d6a479230e43457be3ac959dc42,"Yang auto defogging, saya off-kan.",1,2026-05-13T14:13:52Z,2026-05-13T14:13:52Z,2026-09-27T14:02:21.256364+00:00
UgyR7Spg0PcxAX6AMe14AaABAg,0fHm0HIIJrY,08231d59494263f4c987fe76de7acdfede6ddf1f69ad9d89a4b815292d1c80c8,Jika ada kenapa kenapa dengan baterainya gimana bang? Gantinya berapa?,0,2026-05-17T14:43:01Z,2026-05-17T14:43:01Z,2026-09-27T14:02:21.256364+00:00
UgyARcj8-vT5YVK2Vlh4AaABAg,0fHm0HIIJrY,a4e75f431dc3594f71f0aa5dfd76cfee4d37ca5a7c64ed962c1094351eb9f75e,Bang kalau baru pakai trus minta aplikasi ke bengkel dikasih ga? Apa harus servis dulu? Apa dapat aplikasi saratnya setelah service pertama?,1,2026-05-14T03:44:52Z,2026-05-14T03:44:52Z,2026-09-27T14:02:21.256364+00:00
UgzzLQ6p70U4LPBlrZR4AaABAg,0fHm0HIIJrY,79ea886b8df554cc4f92af5a655160b682bb7fdfe2a3f161eb072fca220ad16d,"katanya canggih kog  bnyak kelemhannya.,.yg sepele2     china2",0,2026-08-24T06:14:29Z,2026-08-24T06:15:15Z,2026-09-27T14:02:21.256364+00:00
Ugy0ku2cr_1S_1VVnI54AaABAg,0fHm0HIIJrY,f780fecda6b85cf174645b8223b06b455d0c4b27a6960fcdc7bf7b84c78c88a0,"Ane udah spk mw beli cash, awalnya dikasi tw klo warna item ato putih bs ready 2 3 mingguan… eeee skrg dah lewat sebulan, rasanya digantung aja gt… ampe tiap hari gw berprasangka buruk mulu jgn2 si mbak sales lbh prioritasin yg credit… aaaahhhhh taek lah",4,2026-05-13T15:30:24Z,2026-05-13T15:30:24Z,2026-09-27T14:02:21.256364+00:00
UgyZ2_5Xg7QZMNbL3O94AaABAg,0fHm0HIIJrY,a1d1173f6b6e7223758d0fd91fff1cb83c6e6f53d1431de03f2a4f0a7d8ce4c2,Servis dimana bang,1,2026-05-13T13:46:31Z,2026-05-13T13:46:31Z,2026-09-27T14:02:21.256364+00:00
UgyTIffWhpRCn-27S1F4AaABAg,0fHm0HIIJrY,263ec642a2074cfb97f687d9c9b59138b0f20298a9a7d3dac6ca3b1ba1ee0415,Punya saya Setting Automatic ventilationnua dah di matiin. Tp msh tetep bau,1,2026-05-14T04:28:04Z,2026-05-14T04:28:04Z,2026-09-27T14:02:21.256364+00:00
Ugx_mwfBCHJbX9cfZ1h4AaABAg,0fHm0HIIJrY,cfd253e4a6bd7852b3523a7119bbb1703c8af4d6e0c99b992bc26df776152cac,Apakah mobil baru dari dealer hrs di bawak balancing dan sporing,0,2026-05-14T00:08:37Z,2026-05-14T00:08:37Z,2026-09-27T14:02:21.256364+00:00
UgympPOaOi2qaNjYiIJ4AaABAg,0fHm0HIIJrY,610e39b2c5adc83fe33115163fcc07baa68858d6bb086a8af03902e1196596b0,klo pajak nol semua pake mobil listrik jalannya gmn ya klo dah bayar pajak aja jalannya masih kurang tau banyak rusaknya,1,2026-05-13T22:05:34Z,2026-05-13T22:05:34Z,2026-09-27T14:02:21.256364+00:00
UgzApFWYLTTiHI8FHVh4AaABAg,0fHm0HIIJrY,3f70a17785be280dc87fd843faecfb3a77d311aa9bf3bbffb9d3535d12b5527f,om mata nya kenapah itu?,0,2026-05-18T06:11:35Z,2026-05-18T06:11:35Z,2026-09-27T14:02:21.256364+00:00
Ugx_vMSx9z5mgS8oSwJ4AaABAg,0fHm0HIIJrY,c677e27e5110218e7cf1d1a268fa5ba0aea9475ee9698435978d3d15392c14a0,"Sy ke bengkel cherry

Sangat jelek service nya",0,2026-05-14T04:27:49Z,2026-05-14T04:27:49Z,2026-09-27T14:02:21.256364+00:00
UgwibbJiryfzp30S6gV4AaABAg,0fHm0HIIJrY,6ea1d491aa152553a555d29ad8422f4fdc3f354a17c2e6a55b7cec62c3ab4741,"Saya pengguna jaecoo j5 jg.cm baru 1000 km (1bulan) blom waktunya servis . pertanyaan sy sbb:
1.servis ganti karet vender belakang  ga? Bro?soalnya yg bawaan bisa resiko copot katanya
2.update software tuk lampu senja pas posisi D. Soalnya ada yg sudah update.(Liat di forum)",0,2026-05-13T14:47:25Z,2026-05-13T14:49:18Z,2026-09-27T14:02:21.256364+00:00
UgyMhoP54NkenXQzo1V4AaABAg,0fHm0HIIJrY,d65c2b7d1290db815df6b123a667cdece4275329417618a8cb168cbdd7f078eb,Fomo,0,2026-05-15T13:54:54Z,2026-05-15T13:54:54Z,2026-09-27T14:02:21.256364+00:00
Ugy5sB89bPsMZarWq0F4AaABAg,0fHm0HIIJrY,7a10fa741206dc06ce7da84cf938bfe204b54ba13024ce89f02aaf476bb93b51,Dari body memang menarik tapi kalau driving terasa berat jadi not suitable untuk long drive. Lain dengan Japanese car bisa ngebut,0,2026-05-13T15:24:06Z,2026-05-13T15:24:06Z,2026-09-27T14:02:21.256364+00:00
UgwBvVEYp4qs3i-ZHN54AaABAg,0fHm0HIIJrY,9c64f3214790f65f230721ea8d4de7374ae0e9a9f16a5b14bf082480c8acda5e,Mobil china jual 5 tahun lagi turun70%,0,2026-05-14T04:36:41Z,2026-05-14T04:36:41Z,2026-09-27T14:02:21.256364+00:00
UgyWJU1cnnKRKe-VJO14AaABAg,9GTZD3la5qI,b1071a1875aca8e6c01716543b79c1565adb46374ceae31c7753fe17e0badecb,"Semoga bisa kesampaian untuk membeli mobil ini, aamiin",11,2024-01-13T05:19:45Z,2024-01-13T05:19:45Z,2026-09-27T14:02:22.040959+00:00
Ugwf_Spkmktj9FHfEw14AaABAg,9GTZD3la5qI,8a30b3c2b273a9863c853bcb71d6b855dc1f4335e6744c753f85bca3727e1140,Cerdiknya wuling : syarat dan ketentuan berliku😂,4,2024-01-13T16:28:42Z,2024-01-13T16:28:42Z,2026-09-27T14:02:22.040959+00:00
UgxzTpyI_BXmq-PItkx4AaABAg,9GTZD3la5qI,d8b9bef1eeae2eff12adb98d03e9b4c80765815976b23cfc0fb8b70bd7ffce4b,"Semoga kedepannya komponen terpenting mobil listrik semakin murah, gampang diperoleh dan kualitas terjamin. Jika tidak ada garansi seperti itu",1,2024-01-19T08:48:01Z,2024-01-19T08:48:01Z,2026-09-27T14:02:22.040959+00:00
UgxW1bjGYY3Cm0V1Cqh4AaABAg,9GTZD3la5qI,e2a31c76680c636efa8870a70b273ecc5a44b30bdcc6dc83d27ef9b13e2804d3,"Wuling pinter menjadikan customer sbg pelaku penelitian produk, pelaku promosi di jalanan",0,2025-10-16T22:20:19Z,2025-10-16T22:20:19Z,2026-09-27T14:02:22.040959+00:00
UgxnXi-fCv8UNIpEPcF4AaABAg,9GTZD3la5qI,3d02416b35ad5bde0449d1417dee874b85900fb3629403f2286cd1d7268a1278,Benar benar mantab nih pak garansinya meski dengan beberapa syarat yang harus di lakukan,2,2024-01-13T12:39:06Z,2024-01-13T12:39:06Z,2026-09-27T14:02:22.040959+00:00
UgyT_B4wRu_F9dysfv14AaABAg,9GTZD3la5qI,5ca837caf64e0217ec707faa67653b1f1ff0c0676fc683ab53bc3b1f410c9916,Yg pasti garansi seumur hidup jangan bohong,1,2024-01-13T06:10:36Z,2024-01-13T06:10:36Z,2026-09-27T14:02:22.040959+00:00
UgzDxzsxKrGCU-cAWnp4AaABAg,9GTZD3la5qI,2e95e0bbcf8fba363bd464a21eb6031cb764e316aa2b51fe0dc95813bdb7064e,cepetan bikin reviewnya ini om sambil senggol mg 4 ev yang bikin heboh dengan harga CKDnya🫢,1,2024-01-13T06:31:19Z,2024-01-13T06:31:19Z,2026-09-27T14:02:22.040959+00:00
UgwB_m_qYtjAOpiOn3l4AaABAg,9GTZD3la5qI,9c442c6601d2278e0592e5e4fbe27ec8a0471a845db6f4160eafb924b0ac0c53,Benar benar apresiasi dari Wuling untuk mobil nya mantab,0,2024-01-13T14:36:34Z,2024-01-13T14:36:34Z,2026-09-27T14:02:22.040959+00:00
UgxxM0lMAOZyG2gGHs94AaABAg,9GTZD3la5qI,167b2e1b352ae85f32787a6b48b95a5ac7b5cb39a2afaafa4eeed89af7445870,"LFP baterai sih bisa 3000-6000x cycle... kalo x400km sih rangenya 1,2jt - 2,4jt km ... mobil konvensional 500ribu km sudah rusak",13,2024-01-31T01:25:49Z,2024-01-31T01:25:49Z,2026-09-27T14:02:22.040959+00:00
UgyIc2bqdG2OaploSl54AaABAg,9GTZD3la5qI,4629c6c17547edeeb0846fbbdbda392218d8545472108c146e0f4c1e0bc003ec,Iya terimakasih info nya,0,2024-01-13T06:49:37Z,2024-01-13T06:49:37Z,2026-09-27T14:02:22.040959+00:00
UgwptbSYRbzZ6MYZID54AaABAg,9GTZD3la5qI,89c5713168e1353afa6f7af19ce00ef58ba0b5e37ac2dee0771617b109a79424,Luar biasa trik yang jhoss,0,2024-01-13T08:34:27Z,2024-01-13T08:34:27Z,2026-09-27T14:02:22.040959+00:00
UgyuZMWxuBJLUF9vabF4AaABAg,9GTZD3la5qI,b752bb966a8438d5ae242d955fcf96fd58d8d42baef224ff15cc188ada70d4fb,terimakasih atas penjelasannya mas fitra. sangat berguna bagi kami sebagai new owner mobil listrik yang kebetulan dapat promo life time warranty,0,2024-02-02T09:29:00Z,2024-02-02T09:29:00Z,2026-09-27T14:02:22.040959+00:00
Ugzd190waQazTgCZtGB4AaABAg,9GTZD3la5qI,d73ceb70eebcd541f778aa13b1bfff2e880f46bf1873efabfa37825546a531af,Permainan kata utk menarik pembeli.,1,2024-01-13T09:05:41Z,2024-01-13T09:05:41Z,2026-09-27T14:02:22.040959+00:00
Ugxs8ae6c67z-OhgJvd4AaABAg,9GTZD3la5qI,c504441df67a6551a7f421a5a9eac96bfa75889dc25e4cad4d4cc2fd31564f92,Mantab.. Mobil EV Compac & stylis. Keren & imut..❤,0,2024-01-13T05:58:12Z,2024-01-13T05:58:12Z,2026-09-27T14:02:22.040959+00:00
UgyNL5r2gc3FH5MV70d4AaABAg,9GTZD3la5qI,f709c15daae93eb09ee7550c0a8b857d532277a218f95e95a9d4294b78d314d5,"Mobil ceren, imut2, kadang nyebelin klu lagi parkir di kira kosong gk thunya ada si i wuling,",0,2024-01-13T13:43:50Z,2024-01-13T13:43:50Z,2026-09-27T14:02:22.040959+00:00
UgzIwDpByachlX0YMFB4AaABAg,9GTZD3la5qI,91db6b285d759022712ec43caf5323ad14c4c0abb1621f891ea4fb99bbc31d4d,Mantap...,0,2024-01-13T05:02:05Z,2024-01-13T05:02:05Z,2026-09-27T14:02:22.040959+00:00
UgxOgfnsn1cdEMm2RR14AaABAg,9GTZD3la5qI,8cdf7e1d7a159013f8dad8601958f020d3b44bddaa666c392c8279c64d5c5ee4,Sangat menggiurkan nih penawaran dari wuling😍,0,2024-04-30T16:02:24Z,2024-04-30T16:02:24Z,2026-09-27T14:02:22.040959+00:00
Ugw3XN5WkOAIuMXmtcV4AaABAg,9GTZD3la5qI,fab21178c0c1fc6f72a3fb4ca90fdadafd1b4d87ff06341f3b921573ce15f65f,Pandaan hadir menyimak om...❤,1,2024-01-13T05:03:30Z,2024-01-13T05:03:30Z,2026-09-27T14:02:22.040959+00:00
UgwCQvAf6DGj9dNSrnB4AaABAg,9GTZD3la5qI,e50889979514906e0767cf71757747257c6b6a3335e9cef95cd47295df9ffc5c,"Tenagaya manteep
Kecepatan gak ada batas",0,2026-09-16T03:42:12Z,2026-09-16T03:42:12Z,2026-09-27T14:02:22.040959+00:00
UgwiBQQW01x2qn-JIQh4AaABAg,9GTZD3la5qI,a0342784297a79fb8c43c740af8cdfaec4485ed69e6a96aea502e2687e72f099,Keren,0,2025-07-07T07:51:55Z,2025-07-07T07:51:55Z,2026-09-27T14:02:22.040959+00:00
UgwPo_0Zq8_eRgViH8N4AaABAg,9GTZD3la5qI,092f1e0fce072f835217fdda5376b1c8da9cd3fc18a3f3ab7f6dab4cd971b8cf,"Jd inget zaman dulu beli memory card garansi seumur hidup, tapi syulit😂 pas klaim",0,2024-12-05T23:54:35Z,2024-12-05T23:54:35Z,2026-09-27T14:02:22.040959+00:00
UgwyNv8IjRMKtAmOYWJ4AaABAg,9GTZD3la5qI,41b0314cfaf07aa051c279cc072903267835310c56c6a2f63470a074c1a9e011,Akan berpikir panjang saat berminat upgrade in car entertainment system 😅. Paling mentok pasang peredam suara aja - karena gak melibatkan sistem elektrikal mobil,0,2024-01-26T11:04:07Z,2024-01-26T11:04:07Z,2026-09-27T14:02:22.040959+00:00
UgxRLl7ED2dYKgWYZup4AaABAg,9GTZD3la5qI,c7cdecce110f6fc1e1fc0f48350ac59e3d91d90b5c20ee9be4b8b63b80d20de9,Mantap mas Vi tera Eri ❤❤❤❤,6,2024-01-13T05:04:04Z,2024-01-13T05:04:04Z,2026-09-27T14:02:22.040959+00:00
UgyvMIG3-D4NgdA5j4t4AaABAg,9GTZD3la5qI,e50889979514906e0767cf71757747257c6b6a3335e9cef95cd47295df9ffc5c,"Terimakasih om infonya
Sy jd paham",0,2026-09-16T03:40:09Z,2026-09-16T03:40:09Z,2026-09-27T14:02:22.040959+00:00
UgxJUzR4MokdE7SqwY94AaABAg,9GTZD3la5qI,889b2bbb5675a09fc9b75f3c81420058998824fb2504e892c4d54805742d0110,Sehat selalu oommm.....🙏🙏🙏🙏,2,2024-01-13T05:04:32Z,2024-01-13T05:04:32Z,2026-09-27T14:02:22.040959+00:00
UgxAwvoSgR1bCuyD86l4AaABAg,9GTZD3la5qI,880ab2791e2e10a41b2705348e89421e3db76f9a4e78cc32a53adaed24176737,"Ngasih garansi seumur hidup tapi syaratnya juga rumit dan banyak, udah paling bener MG4 EV",1,2024-01-13T08:33:29Z,2024-01-13T08:33:29Z,2026-09-27T14:02:22.040959+00:00
Ugya2hqFkxii3PTviGN4AaABAg,9GTZD3la5qI,88696a6ab1f252c2368de11e6ead75f8911a27524ad0e1c962d60f4c7398d154,"Kalau di hp kan ada batery health 100 persen, nah power batre ini dgaransi ketika BH nya brp persen dganti jd 100 persen lg gt kah? Yg bermasalah spt hp kan emg kalau dicharge terus mengurangi nilai BH",2,2024-01-13T06:53:16Z,2024-01-13T06:53:16Z,2026-09-27T14:02:22.040959+00:00
UgztauiYsDM0Z1LzwH14AaABAg,9GTZD3la5qI,501c9646c085aac4ac17f31bd2d6cd335a97defa6ec00bbfcb37e23ee7229909,"Ayo wuling segera ikuti langkah MG, jangan ilang momen.",3,2024-01-13T10:28:20Z,2024-01-13T10:28:20Z,2026-09-27T14:02:22.040959+00:00
Ugx9289GzZ3xbIEJOZl4AaABAg,9GTZD3la5qI,8777efcd8b3d3df12c94b6a788196786c02ca2fb997072cdfef2b0186d70f740,Gercep om😅😅😅,0,2024-01-13T05:01:09Z,2024-01-13T05:01:09Z,2026-09-27T14:02:22.040959+00:00
Ugwb8D35Uimy8hDFyYV4AaABAg,9GTZD3la5qI,c1533b68448923b16ca6dbad35f270e95b7ff79ee6603daa4db2121bed279f45,"Bang..., dicoba di lintasan/ sirkuti 10 lap dong. biar ada penilaian dari Bang Fitra ttg lelahnya , manuver dan lainnya, thanks Abangku.",1,2024-02-17T14:08:18Z,2024-02-17T14:08:18Z,2026-09-27T14:02:22.040959+00:00
UgzwYIXSXRYHgahz-WF4AaABAg,9GTZD3la5qI,9e5c0544fac4a099f7c0bfdba0b9ba55cd9dd119999f3cee846e96aea3dabd99,Wuling binguo ev benar benar jhosss,0,2024-01-13T12:51:22Z,2024-01-13T12:51:22Z,2026-09-27T14:02:22.040959+00:00
UgzT-Pn955r2GwDpAxJ4AaABAg,9GTZD3la5qI,4119c663530b5aa0c222da1a621cdf4a698c06d83a88c1c1283812562d09cb3d,wah saya banget inih,0,2024-01-13T06:18:06Z,2024-01-13T06:18:06Z,2026-09-27T14:02:22.040959+00:00
UgzNzMiq03PlkDfRJQ94AaABAg,9GTZD3la5qI,bc78a10bf388837bb9dc57fa189cdd4ed4e83798d1aad0f7fcb32d02c081d4f0,Persyaratannya menguntungkan bagi keluarga yg tinggal di daerah/kota kecil😊...,17,2024-01-13T05:48:02Z,2024-01-13T05:48:02Z,2026-09-27T14:02:22.040959+00:00
UgxZroma8DCFgIvr5-94AaABAg,9GTZD3la5qI,39f8493c02e2463311a01dc03983ef2c67faddcefdfe6d53d3242bd32cadeb82,omoda E5 segera diupload ommm,1,2024-01-13T05:08:26Z,2024-01-13T05:08:26Z,2026-09-27T14:02:22.040959+00:00
UgxVtmss-qHSn8xkN5V4AaABAg,9GTZD3la5qI,d6db1710a726f6b75a2261d16a1da29dcf84ad04acd8dad9fbe11f78f3373036,Mantab.. Industri EV tiongkok menghajar Habis Tesla,0,2024-01-13T11:25:34Z,2024-01-13T11:25:34Z,2026-09-27T14:02:22.040959+00:00
Ugz8hJNIJl5G_Qs_jP94AaABAg,9GTZD3la5qI,eed25c6bfd7f5eb130cd1966fec592a4fe90824acc94653f6343f120b750054e,"Wuling memang sangat cerdas. 
Jelas pemilik pertama yg lbh ada tanggung jawab
Dan kayaknya anggap sprt anak. 
Anak sendiri selayaknya 😂",0,2025-11-28T00:03:20Z,2025-11-28T00:03:20Z,2026-09-27T14:02:22.040959+00:00
UgyT9I0u69Elnlnj2jt4AaABAg,9GTZD3la5qI,ba4e7823d8b98d8f71c8110046410584dd00436ad9d478a1ebe5f714b7ec561d,"garansinya bagus apalagi buat motor dan baterai tapi sayang persyaratannya banyak,ribet dan banyak limitasi",0,2024-01-13T13:31:12Z,2024-01-13T13:31:12Z,2026-09-27T14:02:22.040959+00:00
Ugwub29Dwo-5zXa97UZ4AaABAg,9GTZD3la5qI,32984f6b1cbfd4752464d6b8950dca7e210708c8d2eea2cb9c8e59b3c0706179,"1. Garansi Hangus ketika Terjadi tabrakan , Jika Mobil Tidak sengaja Di tabrak orang lain gmn garansinya om?",1,2024-01-13T09:58:25Z,2024-01-13T09:58:25Z,2026-09-27T14:02:22.040959+00:00
UgwLqOqYKU4jy_U_pn14AaABAg,9GTZD3la5qI,e1b69d81675e01e2ba0d0c807f72033cd00adafdca0e1c35aae28ad993918b52,om kt  youtuber dr mobil gk worthied beli ev saat ini gmana menurut om fitra?,0,2024-01-28T01:02:54Z,2024-01-28T01:02:54Z,2026-09-27T14:02:22.040959+00:00
Ugx9S9OZ-Hd5aZFGP8V4AaABAg,9GTZD3la5qI,ebb8d9def9c627dd5ce4c0b60ab03f26516f52d2e1cbd05e788a5cc9ce089fd6,Gimana kalau baterai waktunya ganti karena masa pakai?,0,2024-01-15T08:42:59Z,2024-01-15T08:42:59Z,2026-09-27T14:02:22.040959+00:00
UgzP5_CvIrkzX-3F1_14AaABAg,9GTZD3la5qI,3a65b94bdf8d559d55244e9680f2efc9bd47a37367347fcc1430c6925cca949d,crank guard battery untuk melindungi baterai perlu ga om?,0,2024-06-10T01:46:17Z,2024-06-10T01:46:17Z,2026-09-27T14:02:22.040959+00:00
Ugw5cvdastw1X8meC5J4AaABAg,9GTZD3la5qI,af51edb8b9eaf3a223650e3a22d0cb8a9a038f83fe1ee20c7a373ce244afa560,"Om, kalau modif di audio masih tercover garansi seumur hidupnya ga ya?",0,2024-01-13T07:20:39Z,2024-01-13T07:20:39Z,2026-09-27T14:02:22.040959+00:00
UgwwC9mZIGcAWNZfpPd4AaABAg,9GTZD3la5qI,0e135900e86dd1ea8b8df27d840748c3d66364780d9f59457502e7427eb9355a,kalo modifikasi velg dan ban. di ganti velg racing dan astinya ban. warantynya hangus gak tuh om?,0,2024-01-13T05:50:15Z,2024-01-13T05:50:15Z,2026-09-27T14:02:22.040959+00:00
UgwJzvopQ7qBymEpR5B4AaABAg,9GTZD3la5qI,137ec66f443b3ec412d24de58ae3d0ab585785ef1b03bbe40733c3b47cdee218,"Bahas juga dong syarat dan ketentuan klaim nya, misal nilai pertanggungan nya maksimal berapa. Apakah bisa bukan di dealer pembelian, dst",0,2024-01-14T11:08:26Z,2024-01-14T11:08:26Z,2026-09-27T14:02:22.040959+00:00
UgyGgZaOGSTD4MUvbRZ4AaABAg,9GTZD3la5qI,b6cf4d2ef35d5dba6cc82462f0ecd50b71efcf406f6057f6f2464e94ee9c4ed3,Kalau kebakaran dari baterainya bocor gimna? Apa masih bisa claim garansi,0,2024-01-13T13:25:37Z,2024-01-13T13:25:37Z,2026-09-27T14:02:22.040959+00:00
UgzTjOmaKBqqT0HG7TB4AaABAg,9GTZD3la5qI,9cf72687b7747caa619a3477a666c67d236233ff34fd59c14a19b2e5d09bf546,bagaimana kalau velg nya di ganti aftermarket secara velg bawaan nya kan kaleng? apa  lifetime waranty nya jadi hangus?,0,2024-01-13T09:50:05Z,2024-01-13T09:50:05Z,2026-09-27T14:02:22.040959+00:00
Ugxr0JuvzwFnEWi8bH54AaABAg,9GTZD3la5qI,93dce0a00fdbfc73b6d99c90e3bb3c70287ada539bbce927c42b331815a5e933,"Mas Fitra , klu ganti velg dn ban bikin gugur garansi ga?",0,2024-10-15T00:42:08Z,2024-10-15T00:42:08Z,2026-09-27T14:02:22.040959+00:00
UgzIwGMzUGffN9Wk9lB4AaABAg,9GTZD3la5qI,10e99f075b9fa2d6d5770daf7855b51b812e3f8fddab5fe019bdcd17a4f5979f,"Siapa jg yg keep mobil selamanya, ga guna sbnrnya lifetime waranty ini klo pindah tangan hangus",0,2024-05-20T00:56:48Z,2024-05-20T00:56:48Z,2026-09-27T14:02:22.040959+00:00
UgwO1nDixpMZmPONseh4AaABAg,9GTZD3la5qI,acad144156e2779f1444b0dc2e8a245397a138f715a52afcaf1aefe46fdedc69,"Om fitra, jelasin dong batas ketinggian air jika kita memang harus ngelewatin jln yg airnya tergenang(banjir).",0,2024-06-11T12:36:45Z,2024-06-11T12:36:45Z,2026-09-27T14:02:22.040959+00:00
UgzTMqLi_UdtXRd-2lR4AaABAg,9GTZD3la5qI,48ce4fe0ea2523594907f7c537fc7b029454c9ebba2bca03348e05484c771066,Yang berat itu tidak boleh ada modifikasi / part tidak ori. Kalau part nya ga ada gimana?,0,2026-05-12T11:24:13Z,2026-05-12T11:24:13Z,2026-09-27T14:02:22.040959+00:00
UgzWyMEPi0HNMXEvC4x4AaABAg,9GTZD3la5qI,946a33226271a41f92d0ef15598ee7a56b140b2bf52cde646f17d327ed0a9a6e,"kan 3 komponen , kalo klakson ,audio simpel sperti om fita  ,lampu seperti mini proji apakah merusak garansi tidak yaa? kan itu tatap jalur 12v meskipun isi daya dari  unit controlernya",1,2024-04-06T14:36:09Z,2024-04-06T14:36:09Z,2026-09-27T14:02:22.040959+00:00
UgwcFfN6rxn9UFTAzyR4AaABAg,9GTZD3la5qI,3a65b94bdf8d559d55244e9680f2efc9bd47a37367347fcc1430c6925cca949d,"kalau kena pentalan batu di jalan tol, berarti masuknya kecelakaan ya?",0,2024-06-10T01:44:39Z,2024-06-10T01:44:39Z,2026-09-27T14:02:22.040959+00:00
UgypwoC_jrfKDveCvRh4AaABAg,9GTZD3la5qI,c308e870076693557662ba0226502b67a779be33203a683b09628a9ca8e6733b,🔥,0,2024-01-13T06:28:41Z,2024-01-13T06:28:41Z,2026-09-27T14:02:22.040959+00:00
UgyiNFx1l51U_3dCPoh4AaABAg,9GTZD3la5qI,968e758736d62e799154e9cf4df22dc11e43bde2cba0a80d64e4c30ce8e67741,🎉🎉,1,2024-01-13T05:04:06Z,2024-01-13T05:04:06Z,2026-09-27T14:02:22.040959+00:00
UgzvZoSVX6aX-MRvS714AaABAg,9GTZD3la5qI,d188345fcd6ef63589e82d1d239896e195eb172f00f8036d4cbdd2f46ee0c10f,"moLis yg dilengkapi solarPanel, batere LifeTime, tdk mahal2amat, fitur baik, itu yg PASTI DI-CARI2 & PASTI LAKU KERAS... 👍👍👍",0,2024-06-03T11:03:11Z,2024-06-03T11:03:11Z,2026-09-27T14:02:22.040959+00:00
UgzI9OCRhKAtCoZvEyl4AaABAg,9GTZD3la5qI,6fb46661524cd15bdace0c666764e15cc7f0f004eab409dd9f0a8e76339edb06,"Bang, gimana kalau kecelakaan terkena bagian kelistrikan kabel atau lampu lah depan atau belakang, kan merusak kelistrikannya, lalu kan dilakukan perbaikan. Apakah menghanguskan garansi lifetime 3 part tersebut?",0,2025-03-16T21:48:33Z,2025-03-16T21:48:58Z,2026-09-27T14:02:22.040959+00:00
Ugw4aiHGKNYdZfWe_yN4AaABAg,9GTZD3la5qI,a3495a30714015ae2b7582b4dc197b2da327d66ad18c3379a3bbaf96f864684b,MG motor Indonesia kayaknya beda yang punya dengan Wuling motor Indonesia (maksudnya owner atau pemegang saham terbesarnya). Meskipun sama2 buatan SAIC tapi kalau ownernya beda ya jadinya saingan.,2,2024-01-16T22:13:48Z,2024-01-16T22:13:48Z,2026-09-27T14:02:22.040959+00:00
UgzCoOKCGedP28Riv7V4AaABAg,9GTZD3la5qI,c867a2a0bb16f752f9fd290c4626d0ce2b4fb51ea19f4f76a6947743d05e26b6,Langkah cerdik dari wuling luar biasa yang di dalamnya ada benerapa syarat yang harus di lakukan mantab jhosss,12,2024-01-13T06:07:35Z,2024-01-13T06:07:35Z,2026-09-27T14:02:22.040959+00:00
Ugy7QuKJhlJWJrhF8wN4AaABAg,9GTZD3la5qI,91cdd33e829efaf2ecd1c409b7ac269a87f1c21d423ff5a519dc55eabc56becf,"SUSAH DI CAS PUNYA SAYA KENAPA YA PAKK, UDAH BUNYI TIT TAPI GAK NGISI... Notif masih di cable conected aja gak pindah ke carging ..",0,2025-05-18T12:10:59Z,2025-05-18T12:10:59Z,2026-09-27T14:02:22.040959+00:00
UgyvzUHnxfkGdX6fRDV4AaABAg,9GTZD3la5qI,38fadc3a9e246379ef59552c96eba7c3d2aa7dd34b3e4ac9887597ac3565bbe4,Mas mau nanya.. kalau bingou premium range yang 410 km bisa pakai cas yang 22kw gak ?,0,2024-05-02T17:57:47Z,2024-05-02T17:57:47Z,2026-09-27T14:02:22.040959+00:00
UgzsX0f1sIQbGwk57WN4AaABAg,9GTZD3la5qI,857107b901cf417422a5d69ee0807647e02623135918387cafdee0d775f27109,Ke 8,0,2024-01-13T05:02:34Z,2024-01-13T05:02:34Z,2026-09-27T14:02:22.040959+00:00
Ugzqnt8i31ZPKOtlMg14AaABAg,9GTZD3la5qI,717e617a39b691d4346d122a15f58716577a1e74138d53c4137c59e96e74986e,"Tetap ribet & belum tentu menjamin seumur hidup .

Bahkan di akhir dibilang sewaktu2 bisa ada perubahan, jadi sifatnya tetap tidak mutlak 7 persyaratan tsb",2,2024-01-13T05:26:40Z,2024-01-13T05:26:40Z,2026-09-27T14:02:22.040959+00:00
UgzNXvkZeRni0dH2Zpx4AaABAg,9GTZD3la5qI,e8a0b7d6cf227ef5cf7980d71c245602024b712174a0aba2a15fbc735d15b471,"Untuk luar Jabodetabek, wuling masih yg terbaik. Rasa aman jika ada kerusakan karena dealernya cujup banyak.",0,2024-01-26T05:13:30Z,2024-01-26T05:13:30Z,2026-09-27T14:02:22.040959+00:00
UgyuM82P4wdOW_mY1K54AaABAg,9GTZD3la5qI,fff43ff02d9a8960119a4035851f599e5ad44e2dad603c6ef8a3d57483daa009,apakah ganti velg termasuk modifikasi?,0,2024-01-13T06:30:21Z,2024-01-13T06:30:21Z,2026-09-27T14:02:22.040959+00:00
Ugxeb70mdpxqsketmSd4AaABAg,9GTZD3la5qI,cdacb95aa5dce6e9dee2298b295a72a93973fc074bddade42f425519dbd9ec0e,"Pantes om fitra dapet ya garansi seumur idup,  wuling pasti kasih ke orang tua garansinya seumur idupnya ini syarat terakhir dan tidak tertulis om hehehe",2,2024-01-14T02:13:25Z,2024-01-14T02:13:25Z,2026-09-27T14:02:22.040959+00:00
Ugw1ILMgSi9XV5cDXrF4AaABAg,9GTZD3la5qI,6404e1ff266f6d525d9c8ca4a06d6cd3bbbc83adec882381011678bf3c2e5e8a,Abis nonton penculikan langsung kemari... Keren sih om 19 jam diJalan diVideo om mobi 🤣,0,2024-01-13T05:10:13Z,2024-01-13T05:10:13Z,2026-09-27T14:02:22.040959+00:00
UgyzNNwNrcD2wemZc4Z4AaABAg,9GTZD3la5qI,8bed18b83f08d334d0f2a5cb805b17ae975aaeacdb8f9e1f5c394e651ec5157f,"Om. Bantu tanya donk. Kl kecelakaan kan gak tercover, misal kecelakaan, n salah satu komponen yg tercover kita ganti pake biaya sendiri, apakah selanjutnya akan tercover ulang? 
Kan kira tau kl ikut asuransi, itu brg termasuk ikut klaim asuransi.",0,2024-01-15T14:32:59Z,2024-01-15T14:32:59Z,2026-09-27T14:02:22.040959+00:00
Ugxu2EVUhYk5_QEk-NF4AaABAg,9GTZD3la5qI,fb852cc900fd7914a57c2cfba6620f2b22f6982c8e9e60b28430140b127d2c03,Untuk menghemat waktu langsung ke menit 3.30,0,2024-01-15T02:37:53Z,2024-01-15T02:37:53Z,2026-09-27T14:02:22.040959+00:00
UgwyJq3ahyqrykWOXTl4AaABAg,9GTZD3la5qI,7b75494b198f42eaac2f74ccaef707b0fdd646f138e3cb5bd245aef4a371fc26,Tidak disebutkan bahwa lifetime warranty ini hanya berlaku untuk premium range. Berarti long range juga bisa dapat benefit ini ya?,0,2024-01-14T04:25:44Z,2024-01-14T04:25:44Z,2026-09-27T14:02:22.040959+00:00
Ugx3XzBKCM9mib0X3Wd4AaABAg,9GTZD3la5qI,7c3f804c5bc2f953d7a98a1e25660c592aa2cf22222d3c2b925aad5100c7966a,Absen dulu,0,2024-01-13T05:02:41Z,2024-01-13T05:02:41Z,2026-09-27T14:02:22.040959+00:00
Ugy7EZ8ME3qHe47C-I94AaABAg,9GTZD3la5qI,28660bc07c0c65045a0b4016abd0b5e00cd0203c44f77c727ca687db6ce68160,Garansi!!,0,2024-01-13T05:02:15Z,2024-01-13T05:02:15Z,2026-09-27T14:02:22.040959+00:00
UgygMK8QRu_rDa151U54AaABAg,9GTZD3la5qI,cb221b5368b3d49db441ea4cdd86cc0b79d1fd25d304c72be55bd67003e6594e,"Garansi lifetime gugur kalau pakai Aksesoris aftermarket agak bias nih. Kalau dashcam kita bisa copotlah pas claim, kalau kaca film gimana? Bahkan kaca film termasuk aksesoris yg berbahaya karena banyak yg error kemasukan air pas pasang kaca film 😅",0,2024-01-13T10:43:02Z,2024-01-13T10:43:02Z,2026-09-27T14:02:22.040959+00:00
UgyW00DHPKhTwHKgSuB4AaABAg,9GTZD3la5qI,41d1c0e3065c76a45dff86463f75d5f6b8b11e0342138c176b2f671ee51a2444,"Wuling garansi SEUMUR HIDUP.. Gak mikirin GANTI2 BATERAI lagi yang harganya mahal..Cocok untuk saya yang gak pernah telat servis, pakai di dalam kota gak jauh2, gak suka modif elektrikal...semoga kebeli. Amin",0,2026-04-10T12:15:04Z,2026-04-10T12:15:04Z,2026-09-27T14:02:22.040959+00:00
UgwdcPbh_P1LlrQTx814AaABAg,9GTZD3la5qI,a9be8db4f88ca8edea7b00e5a2f5fff183cd44056a40c0f71186c5c4325ab4fb,sudah tanda tangan petisi broo ?,0,2025-08-23T03:14:45Z,2025-08-23T03:14:45Z,2026-09-27T14:02:22.040959+00:00
UgyKS5honKDRLkBc6HR4AaABAg,9GTZD3la5qI,b6edfb2b1e4eb9c99516dcd261740868f5729838062ccbdcf7cfdd2a8f6d5447,"Waranty nya kayak memberatkan, omg",0,2024-01-14T07:31:22Z,2024-01-14T07:31:22Z,2026-09-27T14:02:22.040959+00:00
UgxcWJGCOtihGtljzO94AaABAg,9GTZD3la5qI,4930fd78caca383cbc57f24f0276cb581c01836c9c6bcfaa4e8c4c76264370e8,"saya suka ini produk, semoga ada rejeki lebih untuk memilikinya, karena prioritas pertama untuk mobil keluarga yang membutuhkan 7 seater",0,2024-01-13T08:09:19Z,2024-01-13T08:09:19Z,2026-09-27T14:02:22.040959+00:00
UgyOFz4aPpa6aS2VXwV4AaABAg,9GTZD3la5qI,4ff3064bd6e11605ab3a88e050ef4cae1308c12d7083eff856711d6a30d30f89,First guys,1,2024-01-13T05:01:00Z,2024-01-13T05:01:00Z,2026-09-27T14:02:22.040959+00:00
UgzMhmUl3ULuXw6VUYt4AaABAg,9GTZD3la5qI,687aaff80125c00a9ed9701ef2cce4d63ee2098863ec367ca29c2e655acb7f13,"pengertian garansi seumur hidup adalah, selama part masih diproduksi. koreksi jika saya salah",0,2024-01-20T03:27:04Z,2024-01-20T03:27:04Z,2026-09-27T14:02:22.040959+00:00
Ugx7yHyAnZ_M63HnBqV4AaABAg,9GTZD3la5qI,04093ca146cdbde0f7d7bd3b9b92c3c0b7f8b7c6f09e83d63ab6fc522e92f7e6,Ganti pelek dn band..apkh masih bisa garansi bang,0,2025-03-17T21:17:46Z,2025-03-17T21:17:46Z,2026-09-27T14:02:22.040959+00:00
Ugy2TciA3dnbdYWeh4h4AaABAg,9GTZD3la5qI,0edf61a1b2035f6a565e253148cca3e3bb620750d1f1b5ca04dd91ecda08c837,"Mantab luar biasa pak bos,benar benar mobil yang harus menggunakan part originalnya demi menjaga kualitas dan garansinya wah wah jhosss",0,2024-01-13T13:37:18Z,2024-01-13T13:37:18Z,2026-09-27T14:02:22.040959+00:00
UgyhVpMJjQVoK1sgzIV4AaABAg,9GTZD3la5qI,7b566f483ca6dde2a1db2425788582479d55282b182bb3a1cdaa8ebf988e3dec,Pinter wuling bikin syaratnya 😂,0,2024-04-26T13:58:02Z,2024-04-26T13:58:02Z,2026-09-27T14:02:22.040959+00:00
UgzMrqQ81oPmZzhYNgl4AaABAg,9GTZD3la5qI,e700262974fc98ddc320627d40ebbfd24868d7027d40fcaa638b51af808b11f4,Tidak di-cover kalo ikut terbakar krn rumah terbakar .. apa garansi Wuling kalo rumahnya jadi ikut terbakar krn wuling-nya terbakar .. mobil EV banyak yg tiba” terbakar bahkan lagi kondisi parkir,0,2024-01-13T07:36:11Z,2024-01-13T07:36:47Z,2026-09-27T14:02:22.040959+00:00
Ugx9o4GFm4BWBn-T0G14AaABAg,9GTZD3la5qI,758d295fce6f2798ba198171d20b1d00a49a19cc926d2e42e4cf702f5b00c6bd,4😊,1,2024-01-13T05:01:55Z,2024-01-13T05:01:55Z,2026-09-27T14:02:22.040959+00:00
UgwkL1vI9YSidogdeAd4AaABAg,9GTZD3la5qI,1af361cce68178711ca8a04300934aa3010c4878acebe57d34c5ebf7ef2a43af,Subsidi sdh keluar harga jadi turun 317 jt sd 370 jt (bukan 408 jt),0,2024-01-13T22:19:46Z,2024-01-13T22:19:46Z,2026-09-27T14:02:22.040959+00:00
UgzDYPk49V4XiR_iXst4AaABAg,9GTZD3la5qI,a7a37b3fb215e464b5d6b4e4c317dc1cb854fa657e9843c19bc4f42601fed39a,kalo ganti velg bole dong ya,0,2024-01-13T09:17:52Z,2024-01-13T09:17:52Z,2026-09-27T14:02:22.040959+00:00
Ugzx8aZ01xdrPulEJh94AaABAg,9GTZD3la5qI,7e2e82ff5e7ccfc94c3bc7ac65522431b6974976480ffdc3285699dfa5ee9331,OM VIDIO KE SURABAYA BARENG OM MOBI CEPET DI TAYANGKAN,0,2024-01-19T16:56:06Z,2024-01-19T16:56:06Z,2026-09-27T14:02:22.040959+00:00
UgwgKD8UB6RzLmswwo14AaABAg,9GTZD3la5qI,492ce7f81f631329af8b585ff5740cfee79ae03464a1d44a6020342c9d09eb04,chase carnya jaguar i pace ya om ???,0,2024-01-13T13:23:40Z,2024-01-13T13:23:40Z,2026-09-27T14:02:22.040959+00:00
UgyZKLEpl1dw5X0t6kt4AaABAg,9GTZD3la5qI,0aa9e75416eb95007ac0e7f81023e0330fbc4a97b415bcd46c0041180d7d7017,Komen ahhh   siapa tau ada yg lihat,2,2024-01-13T05:02:36Z,2024-01-13T05:02:36Z,2026-09-27T14:02:22.040959+00:00
UgwFzU_iWexe6xDzE-p4AaABAg,9GTZD3la5qI,f75c220e08418005e3b426483506abeac1113a2cbb975184beb1c9864eb0f637,Om fitra eri mohon review binguo ev🙏,0,2024-01-14T08:11:32Z,2024-01-14T08:11:32Z,2026-09-27T14:02:22.040959+00:00
UgycnrhZ-QGe3tb08ah4AaABAg,9GTZD3la5qI,fa2fdac24102862994247f68d9b73cd2b73c6bb4f65d918b3e7c2773fa7ac0e7,"Setelah pikir² nonton konten ini... bongoue dan MG... MG EV jauh lebih worthed... kirain beneran seumur hidup.. ternyata ga sebaik iklan.... 
nonton konten om mobi launching EV MG..",3,2024-01-13T08:40:26Z,2024-01-13T08:40:26Z,2026-09-27T14:02:22.040959+00:00
UgxGXniQCCdD0IWpWDZ4AaABAg,9GTZD3la5qI,94001efc92c31f17f96ad66bf8b997871fe03e8f9d0c67cd8d19e535dbb7c432,Saya nunggu mas Eri bosen aja deh... Siap nampung 😊,0,2025-08-23T04:08:49Z,2025-08-23T04:08:49Z,2026-09-27T14:02:22.040959+00:00
Ugw-MN91gTzcwQneKSh4AaABAg,9GTZD3la5qI,3973cbf9e488d5e8e7c61cb43a0d89bd275ae3621505b32d0b5f2d80dd23fc7e,"Syarat nya ga masuk buat saya om, Krn sepertinya rencananya akan menggantikan unit saya yg saat ini masih pakai Innova reborn diesel A/T 2016 dari nol kilometer buat Taxi Online",0,2024-01-13T15:01:36Z,2024-01-13T15:02:17Z,2026-09-27T14:02:22.040959+00:00
UgzoqVbCQ3lwbwXtXfN4AaABAg,9GTZD3la5qI,6202fb4cf1f83d60933ec8f127c53f0f5ca3ee3b2e535c027135131a2e21e77a,Komen pertama,0,2024-01-13T05:01:03Z,2024-01-13T05:01:03Z,2026-09-27T14:02:22.040959+00:00
UgxE_vDGD82zyL-NqVV4AaABAg,9GTZD3la5qI,f18ac363e62ecd4e441b4401c444830165ab5d235b61ff4d17375a96486b0ca5,"JD setiap bulan harus nabung 1juta x 12 = 12 juta x 8 tahun = 96juta secara keuangan kalau bisa menabung aman...
Kalo gak bisa nabung kayaknya musti ada asuransinya...",0,2024-06-06T21:39:53Z,2024-06-06T21:39:53Z,2026-09-27T14:02:22.040959+00:00
UgwNeafoBlXkj67YW6h4AaABAg,9GTZD3la5qI,d666c57abe6d6f740cfd4d1d96c70bdcdfca85966d951d8a4184f68ada846060,Pertanyaan saya om Fitri mengenai syarat tabrakan yg menggugurkan garansi itu bagaimana . Tabrakan yg terkena baterai motor dan ic penggerak baru gugur garansi atau sembarang tabrakan walaupun tidak terkena 3 komponen inti tadi pokoknya tabrakan maka gugur garansi ??? . Memang ada yg pernah seumur hidup tidak pernah tabrakan atau ditabrak??? Terima kasih,0,2024-09-09T06:19:48Z,2024-09-09T06:21:40Z,2026-09-27T14:02:22.040959+00:00
Ugwn_xpqmqN4PXF72VB4AaABAg,9GTZD3la5qI,70bed7619d537edf92f3f00118f1fde0df507aab9d6f503917226ed1b1e40ff3,Masya allah tabarakallah mantap,0,2024-01-15T09:25:31Z,2024-01-15T09:25:31Z,2026-09-27T14:02:22.040959+00:00
UgzyjbPCKxSrOSJhFTx4AaABAg,9GTZD3la5qI,85daef25c483630e23c21ac95e91942c6346dc6163a30a418f606221f3bb2e2e,"Katanya wuling air ev jg jd life time warranty, apa bener om fitra ??",0,2024-01-24T01:08:05Z,2024-01-24T01:08:05Z,2026-09-27T14:02:22.040959+00:00
Ugx90E8xpsLPv3bjPk54AaABAg,9GTZD3la5qI,4739eb220d143b3a042129763b07bbe8f52fd7ae014352812ed9a3cebabe684e,kalo modif exterior bagaimana?,0,2024-01-15T06:30:01Z,2024-01-15T06:30:01Z,2026-09-27T14:02:22.040959+00:00
UgzXNujgzE9iYPa9WWR4AaABAg,9GTZD3la5qI,18640ceeb28534f05d1e77129823ef46eec8a877b81a7af00356c0c237b77796,"Syarat dan ketentuan berlaku..kalau bodi penyok harus dbengkel resmi..lalu biaya perbaikan di bengkel resmi..WOW...kalau dperbaiki keluar,yakinlah garansi langsung hangus..ini jaga mobil di jalanan kita ,caranya gimana???",0,2026-04-22T12:27:38Z,2026-04-22T12:27:38Z,2026-09-27T14:02:22.040959+00:00
UgzoKIRamq85yPBaIEJ4AaABAg,9GTZD3la5qI,2ec19202864b9547e142b32541ac2931d93f4b3b9b93ffb3f14fc45dc3a0e3b0,Semua sama aja. Suka tidak suka mau tidak mau semua akhir nya pakai produk Tiongkok. Hal paling positif ada nya produk Tiongkok adalah semakin banyak org yg akan bisa memiliki mobils listrik yg lebih ramah lingkungan. Jika hanya produk eropa hanya amrik bisa di bayangkan hanya org kaya yg bisa memeiliki mobil listrik yg ramah lingkungan❤,0,2024-01-13T07:58:55Z,2024-01-13T07:58:55Z,2026-09-27T14:02:22.040959+00:00
UgzRBSsvkPjXaEUII7J4AaABAg,9GTZD3la5qI,a12d91b091a62abfe5748b7a052ff4e26b3fe5c33ae9213059fa3a700322f5f1,Dicari reviewer mobil yg bukan sales,2,2024-01-14T04:06:53Z,2024-01-14T04:06:53Z,2026-09-27T14:02:23.207162+00:00
Ugy-WU7VRzz1iX4Yxw14AaABAg,9GTZD3la5qI,6673a02b6abffd2fc2bde3f1a9e6405253b5bacb78f8986826034f6f42e73ebc,"Garansinya mengalahkan takdir, gak boleh tabrakan 😂😂, trus mau pake takut2 l, takut tabrakan gitu",0,2026-01-17T12:17:30Z,2026-01-17T12:17:30Z,2026-09-27T14:02:23.207162+00:00
UgxU83zjhYw8s7dWD5F4AaABAg,9GTZD3la5qI,ea113a2ebc658b8605f52c6a779133bc819f0bdd069eff3a80e71c0af8e39f20,"masih ingat jaman RAM merek Vgen yg kasih lifetime warranty . masih ada tuh di kabinet saya yg RAM 512mb. masih berfungsi pula. tapi apakah saya masi mau pake? mana bisa pake 512MB ram skarang di era komputer jaman now. ini lah gimmick marketing untuk mengrebut pasar. jadi menurut saya lifetime warranty itu redundant, 8 tahun is more than enough. toh warranty std 8 tahun pun juga ada term and conditionya, dan sama juga, ga boleh akibat banjir, kecelakaan dll.",0,2024-01-13T12:10:14Z,2024-01-13T12:10:14Z,2026-09-27T14:02:23.207162+00:00
Ugzq8cEfwQOs7-v_d094AaABAg,9GTZD3la5qI,be12cc916765ff8b3127e8fb8b3d9497438885a1db7ebd247f59333f700078bd,"Semoga mobil xiaomi & huwawei masuk, biar saingan",1,2024-01-13T07:11:59Z,2024-01-13T07:11:59Z,2026-09-27T14:02:23.207162+00:00
UgxAbvTRFzy5adsRb-94AaABAg,9GTZD3la5qI,05567b380b6c3b8fe61d2b5f63aa56766747b2d309a5e5785b329d776000d23e,Kan bisa saja om jual mobil tpi gak pindah nama tetep pake nama pembeli pertama,0,2024-01-13T15:51:38Z,2024-01-13T15:51:38Z,2026-09-27T14:02:23.207162+00:00
UgzgJLh8erwcorJimeB4AaABAg,9GTZD3la5qI,de7fb5ae13d8369d88e74f53518934fb733d6780d45215a600cd99960fcd35e9,Pasti setelah upload video ini banyak yang nyerbu CS wuling,0,2024-01-13T11:21:43Z,2024-01-13T11:21:43Z,2026-09-27T14:02:23.207162+00:00
Ugwj8cPkeYW8rRvI0014AaABAg,9GTZD3la5qI,330db50268a1a6b00fbb63a5668907070baed0ba7d22b7da643073e8c6b46ab4,chase car nya Jaguar....,0,2024-01-13T14:36:53Z,2024-01-13T14:36:53Z,2026-09-27T14:02:23.207162+00:00
UgyKPpu96FscglNOrHh4AaABAg,9GTZD3la5qI,df5c278da8ad7d9f75db8b9e37197d3c0b9b45b6dd70a2cd87b6f7b5f229f359,"kl saya pribadi, bentuknya kurang suka, masih lbh memilih wuling air ev yg sebelumnya.....kl disuruh pilih di range harga yg sama ,lbh pilih MG 4 EV dengan harga terbarunya saat ini",0,2024-01-13T13:29:54Z,2024-01-13T13:29:54Z,2026-09-27T14:02:23.207162+00:00
UgxyL7eJWiEyHafXVF94AaABAg,9GTZD3la5qI,3759a2f0b3e7a12c3f72f7964fdd639c81e535bc17a53ecceb27a279325b66de,Untuk persyaratan harus pihak pertama yg memiliki mobil padahal dah di jual setelah 3 tahun saya kira bisa diakali dengan semua dokumen masih an.pemilik pertama aja masih di bawa ke bengkel kecuali setelah balik nama baru ga bisa yach Om Fitra Erik 🙏🙏,0,2024-02-02T12:37:14Z,2024-02-02T12:37:14Z,2026-09-27T14:02:23.207162+00:00
UgxL3e6RGZf6NqephjV4AaABAg,9GTZD3la5qI,8cb6828ca86cb4cecd9fb92c637d540039016b2a9f22fe9b2f64914d5b6c815d,Kalo wuling bingo di kasih baterai garansi se umur hidup nilai plus di banding MG 4 EV,0,2024-01-13T12:14:48Z,2024-01-13T12:14:48Z,2026-09-27T14:02:23.207162+00:00
UgwAVn1TQjn8phHnkWJ4AaABAg,9GTZD3la5qI,41d1c0e3065c76a45dff86463f75d5f6b8b11e0342138c176b2f671ee51a2444,"WULING garansi SEUMUR HIDUP baterai, motor dan MCU..!!!!",0,2026-04-10T12:12:02Z,2026-04-10T12:12:02Z,2026-09-27T14:02:23.207162+00:00
UgzX-rxAtLf6Yp1X-yN4AaABAg,9GTZD3la5qI,fe21a8cb5c2fa174df7b384c7a29741e9fa8c9368ba08662e89974f2d877edf9,Crew Camera.nya om Fit make MG 4 ya om 😂,0,2024-01-13T10:17:53Z,2024-01-13T10:17:53Z,2026-09-27T14:02:23.207162+00:00
Ugy4a-lmLu9Lr0uOs6R4AaABAg,9GTZD3la5qI,c83a81a334b13539bf532245d6ee597f286939bc28a4961bb24ac7d68b262c65,wuling ev yang lama udah banyak yang dijualin ni,0,2024-01-13T05:01:52Z,2024-01-13T05:01:52Z,2026-09-27T14:02:23.207162+00:00
Ugx771vLg80kjYnBbVF4AaABAg,9GTZD3la5qI,dbf0b82a7df9c61976e5f4072b3a7c493ff8779ea9a3276bad6ae1d8bac044e9,"Assalamu’alaikum warahmatullahi wabarakatuhuh. Zikir harian❤
1. SubhanAllah 2. Alhamdulillah
3. La illaha il Allah 4. Allahu Akbar",0,2024-01-13T22:34:03Z,2024-01-13T22:34:03Z,2026-09-27T14:02:23.207162+00:00
UgzmQEPvZCbd4E_UGGR4AaABAg,9GTZD3la5qI,c97c80e7d76bb6cd82c661cb1ec5a1ff996afecc2f1345271a011c747bb74b92,"kok pada bandingin MG vs Wuling? mereka itu 1 pabrikan, masalah harga itu udah masuk ke price strategy mereka",0,2024-01-13T12:54:21Z,2024-01-13T12:54:21Z,2026-09-27T14:02:23.207162+00:00
UgxPQ9d4cIm8BUEu1CR4AaABAg,9GTZD3la5qI,1fb487da86de0430cebc9d95de0714f2d541ce50913c8c6a49dc677086a40fc6,"Mending brio satya. Selisih harga lebih dr cukup buat pajak, maintenance dan isi bensin 5 tahun",0,2024-01-13T09:34:18Z,2024-01-13T09:34:18Z,2026-09-27T14:02:23.207162+00:00
UgzCna4Iy-G7EoYc5DN4AaABAg,9GTZD3la5qI,350a5c577efe33318bd978d63d8ea65a763aaf59e1e8bd81490b6562965316ce,takutnya partnya mahal harganya karena tidak boleh part part pabrikan lain,0,2024-01-13T17:05:53Z,2024-01-13T17:05:53Z,2026-09-27T14:02:23.207162+00:00
Ugyby-bfgSCXHniW-0B4AaABAg,9GTZD3la5qI,29c7894ce083afea014e5f6d1ae6540bbbef848cf6bf59352a714f18466b24ea,"satu lagi gak di sebutkAN PADAHAL CUKUP PENTING,  kerusakan baterai apa yg bisa di ganti? batarai harus mati total kah? baterai ngedrop kak? kalo ngedrop berapa persen baru bisa claim garansi?",0,2024-06-10T04:38:49Z,2024-06-10T04:38:49Z,2026-09-27T14:02:23.207162+00:00
UgxGPIPh2SQl3bxVNjJ4AaABAg,9GTZD3la5qI,b05e5d85620cedbe215391111d3af6dd707d5f479bdf1ba60388691a944b5fc5,Kira2 Om Fitra bakal pake brp tahun hayooo??? 😁😁😁,0,2024-01-15T04:52:09Z,2024-01-15T04:52:09Z,2026-09-27T14:02:23.207162+00:00
Ugw3iEKNRHf10OXu3rZ4AaABAg,9GTZD3la5qI,61dc2bca3de47ef31423702431be1d91579fd8af13279d2ea92ec64206358701,"Mobil ga boleh di modif, gaboleh ada penggantian diluar dealer resmi, tidak boleh kecelakaan, kebanjiran, kebakar.
Njir ternyata sangat rumit. Kalo motor mungkin masih bisa.",0,2024-01-13T07:51:00Z,2024-01-13T07:51:00Z,2026-09-27T14:02:23.207162+00:00
Ugxa4LmbXPv4_JStP3h4AaABAg,9GTZD3la5qI,f29e079ca855a6c3337488ce76c2ca7de7a74496f20027954a845ba55b41f6aa,"Syarat terakhir wuling masih buka…😬😬😬. Inget mocin jaman dulu, sekarang udah pada tutup semua.",0,2024-03-10T13:44:11Z,2024-03-10T13:44:11Z,2026-09-27T14:02:23.207162+00:00
UgySPz0qCyTulkX16pR4AaABAg,9GTZD3la5qI,0cb02d4beed0cc12bb52eb7c29c1dc956a43f7e776ae7cb1c537385f4c66abd3,Garansi seumur hidup? Kalau ganti 2-3x baterainya emg msh bisa? 😅,1,2024-07-30T03:34:56Z,2024-07-30T03:34:56Z,2026-09-27T14:02:23.207162+00:00
Ugx02IOQqSjaQBCTRWF4AaABAg,9GTZD3la5qI,4df75ad5a61a7db22216ff36c2b1b7d4717165d984c7c4935ed5b64a21ebbeec,"Sebenarnya garansi baterai penggerak itu mengcakup apa saja ya? Apakah hanya dead cells atau degradasi diluar normal juga termasuk? 

Lalu bagaimana dengan 2 kasus Ioniq 5 di Kanada dimana benturan terhadap cover batere bisa menghilangkan garansi? Pemilik dibebankan biaya penggantian batere hingga 900jt ($60K) oleh dealer Hyundai dan tentu saja tidak bisa diklaim ke asuransi. Louis Rossman (youtuber dan advokat right to repair) berspekulasi Hyundai tidak mau/tidak mampu mengganti baterai ev mereka sehingga menginstruksikan dealer2 mereka untuk mengcharge harga tidak normal kepada customer (lucunya Hyundai berdalih ini hanya ulah salah satu oknum dealer independent padahal hal yang sama berlaku di semua dealer Hyundai di Amerika Utara).",0,2024-01-13T09:48:43Z,2024-01-13T09:48:43Z,2026-09-27T14:02:23.207162+00:00
UgyW4SCS-Xu8MAloKht4AaABAg,9GTZD3la5qI,ea05866d1934345d1a60ebf78cfcffe84e4a6e6c0f1b9ec703c62e81aedc297a,"Pasukan MG 4 EV, serang!!!!

Ayo Wuling, fitur jangan disunat2, harga jangan di markup2, fast charging jangan GBT..",28,2024-01-13T06:14:14Z,2024-01-13T06:14:14Z,2026-09-27T14:02:23.207162+00:00
Ugz9KOAsRVqaBvg877l4AaABAg,9GTZD3la5qI,ae09291dbfb60c75dd68b5f66dd9417f3797e9150e5a52bcf7e75d0276981548,5:45 kameramen pake Jaguar dong,1,2024-01-13T12:01:01Z,2024-01-13T12:01:01Z,2026-09-27T14:02:23.207162+00:00
Ugy8mc2kEaH1RXJusNN4AaABAg,9GTZD3la5qI,e708ac5e7ecb777b70e4dc1e63d0e50753e52aa60a7118197824b3868310c8ff,Halo juga pak ikut di mobil kali ini,0,2024-01-13T05:19:28Z,2024-01-13T05:19:28Z,2026-09-27T14:02:23.207162+00:00
UgzmlR3Nociil9TY3vx4AaABAg,9GTZD3la5qI,08a3d097c372ac64d78309bb49b7b5b0e85e710358fede06d3a67fda03297cb0,"Itu chase car nya malah Jaguar I Pace gileeee, kebalik harusnya ituu yang di Shoot😆",1,2025-05-02T22:48:16Z,2025-05-02T22:48:16Z,2026-09-27T14:02:23.207162+00:00
UgwFnKMDsekaIHtOIJB4AaABAg,9GTZD3la5qI,7d4ec87b00bcea2e5d35697a886ef87628c72cfbaa95c7dc3faf22e780fb1935,"salfok sama chase car nya jaguar apa itu, jaguar I-Pace ya?",0,2024-01-13T09:33:42Z,2024-01-13T09:33:42Z,2026-09-27T14:02:23.207162+00:00
UgwFToj1JFND3g9ggyN4AaABAg,9GTZD3la5qI,1a3c5f735ac1109e445aabe8c245c82d4b2540f628b0d96cf2b2c90da8744a6d,1 kata “kemahalan”,2,2024-01-13T06:09:17Z,2024-01-13T06:09:17Z,2026-09-27T14:02:23.207162+00:00
UgynRswIqht50cAp7rJ4AaABAg,9GTZD3la5qI,aa2959b13b805e56d45732800aceeaa2df167fb46c2b648ccb420ff059d89e86,"Kalau owner yg pertamanya meninggal gmn om Fitra,apakah garansi nya tetap berjalan..Kan umur. Di tangan tuhan yak..",1,2024-01-13T11:32:28Z,2024-01-13T11:32:28Z,2026-09-27T14:02:23.207162+00:00
UgyIdZKwISGkU5ZIz6J4AaABAg,9GTZD3la5qI,3734e5c1fe096de06fd28933f79f679c81220a873ad17d8a1336eb4094fb8f44,Harganya belum ramah  kantong di Indonesia,0,2024-01-13T09:28:29Z,2024-01-13T09:28:29Z,2026-09-27T14:02:23.207162+00:00
UgyquZwkCszLSRphuBp4AaABAg,9GTZD3la5qI,8d82573474ba33d8a3916ed5fa6db4bd9676669b62e239ed5fa9e01e51e550b2,Karena raw material nya didapat dari indonesia dengan harga murah om 😂,0,2024-01-13T05:49:46Z,2024-01-13T05:49:46Z,2026-09-27T14:02:23.207162+00:00
UgwPbEcV2toGp_OC-aF4AaABAg,9GTZD3la5qI,05567b380b6c3b8fe61d2b5f63aa56766747b2d309a5e5785b329d776000d23e,Wuling gk niat kasi garansinya kalau mau bkin konsumen seneng harusnya untuk semua pembeli sih,0,2024-01-13T15:40:20Z,2024-01-13T15:40:20Z,2026-09-27T14:02:23.207162+00:00
UgwgNm1iTwCXSxyCFfZ4AaABAg,9GTZD3la5qI,40d840998d67539b713979444d4e3890bd28eb6121a30dc1adae2ba1df286d54,"Banyak bangett syarat "" Ya om 😂😂😂",0,2025-09-12T23:28:31Z,2025-09-12T23:28:31Z,2026-09-27T14:02:23.207162+00:00
UgzNa-nYBdukBQV9UiZ4AaABAg,9GTZD3la5qI,6ef2e404d35895e23932bb5446f8d619cb5bf1c36a42a0c1ac36e586ce90ff3a,"Aku sih MG4EV, Desain eropa, harga china. 😅",1,2024-01-13T14:02:44Z,2024-01-13T14:02:44Z,2026-09-27T14:02:23.207162+00:00
UgypQ0v7whtA-H5IhN54AaABAg,9GTZD3la5qI,56f5e3cca081d78b3189b2cf9a122573d4d7ca718138de6787ce8fb8fdb63ada,Sini Om Fitra Wuling nya saya beli 1/2 Harga 😆✌️✌️,0,2024-01-13T10:03:20Z,2024-01-13T10:03:20Z,2026-09-27T14:02:23.207162+00:00
Ugz3urk2qfX_nQFSrkB4AaABAg,9GTZD3la5qI,57d5a73a0ddb2962be8f65df185699b3598bebaca074587460c0140d31ed2425,"yang berat ya yg suku cadang dan kategori modifikasi yg dimaksud, misal mobil rusak macet didaerah yang jauh dr bengkel resmi gmna? trus modifikasi gk boleh wong ini mobil aja gk lngkp, gk ada apple carplay/android auto. gk ada wiper blakang. klo aku simpulin ini hanya gimmick promo aja. tdk mungkin garansi batre seumur hidup beneran dikasih ganti  😂.",0,2025-04-03T12:06:58Z,2025-04-03T12:06:58Z,2026-09-27T14:02:23.207162+00:00
UgzUhPWpn4XMz8iEPZx4AaABAg,9GTZD3la5qI,885c6de94cd8b87a37115777ad09fdb195fb1a7f9cf612bb6dbbcf6b68db7c79,MG 4 ev aja x ya,0,2024-01-13T05:20:50Z,2024-01-13T05:20:50Z,2026-09-27T14:02:23.207162+00:00
UgwFhgRoO4sCJNT9F6h4AaABAg,9GTZD3la5qI,56f5e3cca081d78b3189b2cf9a122573d4d7ca718138de6787ce8fb8fdb63ada,"Solusi utk syarat 1 : Gampang saja mengakali utk warranty nya, beli nya di bawah tangan, jgn pindah nama , nanti baterai bermasalah, minta pembeli pertama yg mengajukan klaim utk tukar baterai 🤪🤪🤪✌️✌️",0,2024-01-13T10:07:44Z,2024-01-13T10:12:48Z,2026-09-27T14:02:23.207162+00:00
UgxNplLVIHJWfaxO9it4AaABAg,9GTZD3la5qI,5766132358551542b771274ef81d7865406aa0549a4aa2f246d1367e3f89a3f4,pasang audio di mobil bole gk? rancu lho.. ada yg blg bole ada yg blg ga bole..,0,2024-03-01T16:51:28Z,2024-03-01T16:51:28Z,2026-09-27T14:02:23.207162+00:00
UgyRnPWYoKzRYX_URd94AaABAg,9GTZD3la5qI,938e4d0ffef9190b89f10caf8ad2a0038afb824282f43e0d9e346ff9979d7cd9,"kalau beli 2nd mobil listrik wuling, ya wis lah ya terima nasib aja kalau harus ganti baterai pakai duit sendiri wkwkwk",0,2024-01-13T23:08:23Z,2024-01-13T23:08:23Z,2026-09-27T14:02:23.207162+00:00
Ugxte0dTGt1cCH9_owF4AaABAg,9GTZD3la5qI,3fb69c2adafc57ace1ea4b335de84012e041842be047c524d4679bef2416f0a5,Syg g bisa buat ojol,0,2024-04-21T02:26:50Z,2024-04-21T02:26:50Z,2026-09-27T14:02:23.207162+00:00
UgwClen4dqGKAJc_EG94AaABAg,9GTZD3la5qI,ad2e19f4646af46ab8204e83403173ce8b61019ae6f08b0eba45091e58b1f9fd,"07:32 Mau tanya untuk diperjelas, modifikasi yang dilarang itu modifikasi 3 komponen utama kan om ? Misal pasang variasi pasang aksesoris atau modifikasi buat kenyamanan misal ganti audio sama suspensi gitu masih tetep dapet garansi ga ?
08:08 Yah percuma dong garansi ga berlaku kalo mobil kena banjir mengalami kerusakan padahal orang"" masih nganggep molis nyetrum kalo kena air, udah macam hape IP68 rusak karena air dan brand ga mau terima garansi 🤣🤣",9,2024-01-13T05:18:29Z,2024-01-13T05:18:29Z,2026-09-27T14:02:23.207162+00:00
UgyJSqJL2Aejsm598JB4AaABAg,9GTZD3la5qI,9a0d7f730ddd8c9c50865a84f306c95a2d44bf7b6db72af85b0180ea933e9565,Ko di sulawesi part Wuling susah,0,2024-01-13T12:24:16Z,2024-01-13T12:24:16Z,2026-09-27T14:02:23.207162+00:00
UgyVW7Jlep7qCodkjJh4AaABAg,9GTZD3la5qI,fa5f35d7c7abff72e50c720d8affbc34685eb46629c62208d9ec8cae6cbe2485,Smg Wuling ngeluarin 7 seater EV dgn garansi baterai seumur hidup. Menguntungkan bwt klg saya yg hobi pelihara mobil sampai berpuluh puluh taun 😄,1,2024-02-27T04:52:22Z,2024-02-27T04:52:22Z,2026-09-27T14:02:23.207162+00:00
UgwNxYUsX9x79Y1XK-J4AaABAg,9GTZD3la5qI,7d7f38c05de4729966ba505ee989fee27f85de5175f67086c80cc4b6252a16b1,Jaguar gak tuh chase car-nya,0,2024-01-13T05:18:49Z,2024-01-13T05:18:49Z,2026-09-27T14:02:23.207162+00:00
Ugxz2FIInfraWDcigXd4AaABAg,9GTZD3la5qI,599b6feeae4bcd17e3cd00584814a570221b2b10fc2f3cee114d81ac8810dcfa,"Suatu saat, kita akan melihat Om Fitra menservis baterai mobil-mobil listriknya setelah menempuh perjalanan yang begitu jauh dan waktu yang lama, jadi kita bisa tahu juga bagaimana ceritanya dan berapa harganya.",11,2024-01-13T20:37:34Z,2024-01-13T20:37:34Z,2026-09-27T14:02:23.207162+00:00
Ugxw1rjKxwudhkRC8iF4AaABAg,9GTZD3la5qI,05567b380b6c3b8fe61d2b5f63aa56766747b2d309a5e5785b329d776000d23e,Kayaknya sih bakalan dibkin semua pembeli gak si garansi seumur hidup gara2 hrga merk sebelah si MG ngeluarin mobil hrga murah sekali,0,2024-01-13T15:36:52Z,2024-01-13T15:36:52Z,2026-09-27T14:02:23.207162+00:00
UgzKWOE8u2CaqnA5dtR4AaABAg,9GTZD3la5qI,ad726ba0c59fde7ec7545a6820abb99ddd0778c7138fea4768eac926b24450d6,Garansi = angin syurga,0,2024-10-01T06:02:45Z,2024-10-01T06:02:45Z,2026-09-27T14:02:23.207162+00:00
UgxmXm8SkZaUOzQdBqZ4AaABAg,9GTZD3la5qI,5c98f546eee96f9222523f85466290a49448785e9350dc7a66ccee5a6255747c,Pusing denger persyaratan nya 😅😂,0,2024-01-13T23:17:01Z,2024-01-13T23:17:01Z,2026-09-27T14:02:23.207162+00:00
UgzlhFXH3EVC0o77IJ54AaABAg,9GTZD3la5qI,309b7651e7e3efc7108e20e3d2d1ad05fa9a2eba87ee667836d83c630da36f5a,bentar lagi BYD dateng,0,2024-01-13T14:07:52Z,2024-01-13T14:07:52Z,2026-09-27T14:02:23.207162+00:00
Ugz1ad766nAP6-WFQ-l4AaABAg,9GTZD3la5qI,f63821c2e661b8c16dcf52c825435bc4c7da3c205d3a043e1078ba5bab7d1183,Setuju saja si untuk persyaratan wuling setidaknya ada garansi dan penawaran yang memuaskan pelanggannya,0,2024-01-13T05:55:03Z,2024-01-13T05:55:03Z,2026-09-27T14:02:23.207162+00:00
UgyChXch_COQZRJPVrh4AaABAg,9GTZD3la5qI,1a3c5f735ac1109e445aabe8c245c82d4b2540f628b0d96cf2b2c90da8744a6d,Ga lama lagi Wuling bakal ngeluarin diskon gede dengan alasan kompensasi pajak,2,2024-01-13T06:10:41Z,2024-01-13T06:10:41Z,2026-09-27T14:02:23.207162+00:00
UgwPKW6VSmkK1NtZ5XN4AaABAg,9GTZD3la5qI,fc200d0eee5af1e63fc03e0b90b9b5cb647422ada55e3364a466944aced01720,"Wuling binguo jadi kemahalan pas mg4ev muncul dg selisih hanya 25 juta.
Lebih lega, lebih banyak fiturnya dan tenaganya 2x lebih besar.",4,2024-01-13T10:30:14Z,2024-01-13T10:30:14Z,2026-09-27T14:02:23.207162+00:00
UgwoceEyXHV1kH9bwDJ4AaABAg,9GTZD3la5qI,997fdf7c3eec4a7cdad2e4545fc3328a00c7cee287b3e4d21a3836f76a5b71a1,Menit 7:10 penampakan mobil apa itu om?,0,2024-01-13T08:43:29Z,2024-01-13T08:43:29Z,2026-09-27T14:02:23.207162+00:00
UgxB0dxS1HvhD9hEOJF4AaABAg,9GTZD3la5qI,78af89e4cbee8d5cdde3fd2341ce41100f7e2acb5255b6f0780d80afec1635ca,"Biarkan para brand bersaing disini, kira kira siapa yg bertahan dipuncak, dan semakin banyak pilihan anda yang mau beli EV.... 

jangan cuma bersaing harga SPKLU di tingkatkan ... kan gak semua orang beli buat dalam kota aja pasti juga pengen di bawa mudik Dengan jarak 300KMan,contoh jakarta bandung, jakarta Pemalang,,, TOL trans Jawa atau jalan Pantura SPKLU di perbanyak, jakarta Bogor apa lagi ... Kepuncak bawa EV kan kalo macet polusi sedikit... 

.
.",1,2024-01-14T06:16:26Z,2024-01-14T06:16:26Z,2026-09-27T14:02:23.207162+00:00
UgwyPjfbEQbkRKSa7tx4AaABAg,9GTZD3la5qI,add079bd85bae632f3bbc66b7653c3baaa232259f99674b93b760589c49f76fd,"Satu aja sih masalah wuling yaitu masalah sparepartnya,kalau yang fast moving mungkin ready kalau yang gak fast moving kemungkinan besar indent",3,2024-01-13T05:44:51Z,2024-01-13T05:45:15Z,2026-09-27T14:02:23.207162+00:00
Ugw11HHj9tkb66nWSdl4AaABAg,9GTZD3la5qI,426c9232fa27d518f7141158150eb453ad6be6bdf126d894dd492375a763624f,seumur hidup ga boleh tabrakan atau ketabrak,0,2024-01-16T14:30:18Z,2024-01-16T14:30:18Z,2026-09-27T14:02:23.207162+00:00
UgyBRx_luWsshoLAH-d4AaABAg,9GTZD3la5qI,bc83257a28a7128a2ed599edbe32e02055da03c0e7296b3da4f2e6b370c2ebab,Iklan Aku Iklan I Phone 😅,0,2024-01-13T05:36:01Z,2024-01-13T05:36:01Z,2026-09-27T14:02:23.207162+00:00
Ugx-4E-I_DmvZtAEYQl4AaABAg,9GTZD3la5qI,6487215292b81cf17e17758d314df367bcd29a59cb0e24ef30e241a963e033e7,Kalau saja mobil listrik gratis masuk toll pst laris,0,2024-01-13T14:40:35Z,2024-01-13T14:40:35Z,2026-09-27T14:02:23.207162+00:00
UgxLI5bfFHfY8cISudh4AaABAg,9GTZD3la5qI,662aa759fd270e46a64c563d3433318ae99944210ef6734539adc1fc2ca218ec,Kendaraan udh kaya mainan aja ya di cas😂😅😊,0,2024-01-13T20:27:12Z,2024-01-13T20:27:12Z,2026-09-27T14:02:23.207162+00:00
Ugy2eeMrU74DxEX2U2p4AaABAg,9GTZD3la5qI,1dea6302d90a25f54795cefae7c23f190c589b79e88c38513bb3580c7eb27f88,"sejak mg 4 ev 400 jutaan, jdi eggk tertarik nonton bingou ini,",1,2024-01-13T05:22:50Z,2024-01-13T05:22:50Z,2026-09-27T14:02:23.207162+00:00
Ugyl-eO0TMHgOGGMdeB4AaABAg,9GTZD3la5qI,d6024d0301572450a6c5e8804581ac4076d56fb195d919ae35a6c5dbe82ed675,"Begitu MG 4EV dan MZ GS EV keluar harga 400 jt-an dengan full fitur, rasanya Wuling Binguo jadi terasa mahal 😆",6,2024-01-14T02:51:24Z,2024-01-14T02:51:24Z,2026-09-27T14:02:23.207162+00:00
UgxMwug3mJ6p1zC6kJV4AaABAg,9GTZD3la5qI,7919cdcbb998f026ad870065af140fae296ce0d2c43545391661ad5ecf6b96ea,"gk jd mimpi dah ,......",0,2024-01-21T03:06:59Z,2024-01-21T03:06:59Z,2026-09-27T14:02:23.207162+00:00
UgyWVOzOMnsPbdeLYst4AaABAg,9GTZD3la5qI,bcc7950f0dfc1518f7061edefafcd4839497a38ed6d48cf6d5dea1d1890d83c6,"Kalau begitu jangan dijual om, coba sampai 10 tahun atau lebih, atau bisa klaim garansi nya tidak. Hehe",0,2024-01-13T15:59:53Z,2024-01-13T15:59:53Z,2026-09-27T14:02:23.207162+00:00
UgzXSTTR-ZXuvZXyl4d4AaABAg,9GTZD3la5qI,5af5d8a75ea40a2f46147cfd784062664f429c6bd13aa1e2f14a5788e3b0752a,"di negara aslinya binguo ev ini semua dapat warranty life time buat batre, tanpa embel2 fomo, dan harganya under 200jt belum termasuk subsidi kota dan negara, CKD rasa CBU😅",21,2024-01-13T06:15:31Z,2024-01-13T06:15:31Z,2026-09-27T14:02:23.207162+00:00
Ugyn1HRBMHk52VV0GF94AaABAg,9GTZD3la5qI,83e4f6f3535b543c798ae393c3fc731bcf72a1688f2c0232b2f2f6b42057d9a0,Jujur ngomong g prefer MG4 or Neta V saat ini semoga wuling bisa agak tobat hehehe dc fast charging GBT bingung cari soket DC GBT langka,0,2024-01-13T17:06:14Z,2024-01-13T17:06:14Z,2026-09-27T14:02:23.207162+00:00
Ugw_7hV7N7ZHSZDroaB4AaABAg,9GTZD3la5qI,4078526a460dc318e127619900bea4aa5e7ce3fbed4b7ec5830cc6a8d8eabe47,Saya pembeli binguo ev harga 317 setelah dipotong subsidi.. Ga nyesel karena garansi seumur hidup dan dapat bonus senilai 20jt jadi ga sampe 300jt harganya  ga ribet koQ.. Dan no worry,9,2024-01-13T12:18:50Z,2024-01-13T12:18:50Z,2026-09-27T14:02:23.207162+00:00
UgyiD7DeSVk9Q5AYfuh4AaABAg,9GTZD3la5qI,e03711dd2632bb38d7ccb5e473e90368e5a1c4c5f181d7d28111ffff42d73378,Om onboard issom 😭,0,2024-01-13T10:33:44Z,2024-01-13T10:33:44Z,2026-09-27T14:02:23.207162+00:00
UgwZ_dAtiwjSYaFub7N4AaABAg,9GTZD3la5qI,068b540c45daab1af79fc9b0789f5c5f16054487be4937f0b98abbe60cc91885,Semoga kedepannya pabrik mobil listrik berlomba-lomba menghadirkan kendaraan dengan spesifikasi dan harga yang semakin bersaing,10,2024-01-13T09:20:30Z,2024-01-13T09:20:30Z,2026-09-27T14:02:23.207162+00:00
UgwFRY23yKLemC7jka54AaABAg,9GTZD3la5qI,283227297d1ee7e0886d32089be967f64027262d415ea8a0bc5f4bda54344c2a,Kameramenya kelihatan pake HP 😅,0,2024-01-13T12:04:05Z,2024-01-13T12:04:05Z,2026-09-27T14:02:23.207162+00:00
UgwAYlPttRuIBwb5J9B4AaABAg,9GTZD3la5qI,3c149891d2ea85a5e4255fadc243d2d976203e99d0e62327ca80d1663e5961a7,Syaratnya lumayan banyak.😂😂😂,0,2024-01-13T06:13:55Z,2024-01-13T06:13:55Z,2026-09-27T14:02:23.207162+00:00
UgxbcBxf41ChJ59Ekbl4AaABAg,9GTZD3la5qI,40feacd9082c99167a1510fd1e712ecd08abe0189135315da3e62cf65238aa31,Hhhhh waranti yg OMG...😂😂😂,0,2024-01-13T08:46:15Z,2024-01-13T08:46:15Z,2026-09-27T14:02:23.207162+00:00
Ugzf_zGD7WviEAbcEE54AaABAg,9GTZD3la5qI,d254ceb26181366307c400f6564df6e3bed379b86d3bbf7967205b8ef7e2ccc3,"Maaf saya ngga jadi SPK Binguo EV, untung MG kasih spek lebih bagus & fitur melimpah, harga masuk akal juga 🙏🏻",6,2024-01-13T05:55:25Z,2024-01-13T05:55:25Z,2026-09-27T14:02:23.207162+00:00
Ugzvwz72MXkfpx2xJaZ4AaABAg,9GTZD3la5qI,b5a7ce56e5d8e0315793aceb284f715aad8251cd7eeaaa94728fd25b4fc9196c,"Well........one piece of advice for all those who fancy EV. Never park in your garage or you, your family, your house and your 'EVil' will be toasted!!!!",0,2024-01-18T06:53:09Z,2024-01-18T06:53:09Z,2026-09-27T14:02:23.207162+00:00
Ugx8c61rU1oiBSv73XB4AaABAg,9GTZD3la5qI,0e10325d21f9f201a9edeceab5cca8c05e1dc52ff6a7bd73813fbb82f765a099,Mau tanya klo setelah rusak kmudian digaransi apa mendapat garansi lagi,0,2024-11-14T03:26:27Z,2024-11-14T03:26:27Z,2026-09-27T14:02:23.207162+00:00
UgzVyM55RVcfh-6eZDN4AaABAg,9GTZD3la5qI,afe31f67c904cf9a6ec70d583a4e5928d621354b83d2025a3e83ef53e2b1cee3,Grnsi yg dbkin ngablu 😂😊,0,2024-01-19T03:07:28Z,2024-01-19T03:07:28Z,2026-09-27T14:02:23.207162+00:00
Ugxo4Cddi9VxqofgDi54AaABAg,9GTZD3la5qI,164e4752676127fd025313e28d217f4d94bd7db391cf3fb3835f5e69b8219484,"Om Fitra Eri punya pohon uang, setiap ada mobil baru tinggal beli🤔",0,2025-07-09T07:30:54Z,2025-07-09T07:30:54Z,2026-09-27T14:02:23.207162+00:00
UgyOqij9SWX2ebzbEh94AaABAg,9GTZD3la5qI,d0fe82044aac74127c8b285944938d16f095c437d32b697ce616756c5feef624,Gak tertarik mg om,0,2024-01-13T05:10:40Z,2024-01-13T05:10:40Z,2026-09-27T14:02:23.207162+00:00
UgzkFwrwiEuoWYlVXUt4AaABAg,9GTZD3la5qI,e3869d152b4916aced970c14a76824da8d93f90d584b9a17ba8ee096c2461230,Gk bnget . Bnyak syarat . Yg minim syarat aj kadang d persulit,0,2024-01-16T00:18:08Z,2024-01-16T00:18:08Z,2026-09-27T14:02:23.207162+00:00
UgwZCChVBNnoyyJCrE54AaABAg,9GTZD3la5qI,c5313c9b5d7d308deb7ec7de90225cb83285c29184d02e669458d06e3a9e54e6,mg juga baru launching...harga 430 jt annn jarak tempuh 450 km......semakin banyak produk dengan harga yg wajar ...!,1,2024-01-13T05:18:11Z,2024-01-13T05:18:11Z,2026-09-27T14:02:23.207162+00:00
Ugze4iphIiovVAQG6tR4AaABAg,9GTZD3la5qI,7d4ec87b00bcea2e5d35697a886ef87628c72cfbaa95c7dc3faf22e780fb1935,"om fit, untuk saat ini lebih baik beli wuling binguo atau  MG 4 EV?",0,2024-01-13T09:23:43Z,2024-01-13T09:23:43Z,2026-09-27T14:02:23.207162+00:00
UgxmvS2YbQWBss28U514AaABAg,9GTZD3la5qI,1ffdd7b71d8b758ba2fda70c8489c5f6f1ac50efa1cd48b3043031f7decb71d5,"Binguo EV harganya seharusnya bisa dibawah 300jt, dengan MG4 keluar membuktikan kalau EV Wuling itu sgt kemahalan, mentang2 mereka monopoli pasar sebagai first player EV ""murah"" jd bs ngegetok harga Air EV 300jt.",6,2024-01-13T06:04:46Z,2024-01-13T06:04:46Z,2026-09-27T14:02:23.207162+00:00
UgxvIu8UP316t0Uexyp4AaABAg,9GTZD3la5qI,4ff6a7234f41c4f632b564498db3ee949fb21221b2ca1651e68d87a35cee24dd,Beli lagi om MG 4 EV,0,2024-01-13T05:21:06Z,2024-01-13T05:21:06Z,2026-09-27T14:02:23.207162+00:00
UgyKqOzNzygLn9z3FRl4AaABAg,9GTZD3la5qI,56b6ef36c24eb65694ceaf66063851837aa7b1e073a76d27627aae0b58cca0bd,Commercial Use ini yang ambigu. Soalnya kalau kita misal nganter barang ke kostumer itu sudah masuk Commercial use. Kita Mau Ketemu meeting orang mau bisnis itu itungan nya commercial Use. Bahkan yang dilakukan om di mobil ini udah bisa termasuk dibilang Commercial use karena menghasilkan uang dari adsense.,3,2024-01-13T12:05:59Z,2024-01-13T12:05:59Z,2026-09-27T14:02:23.207162+00:00
UgznptHhR5gQQ8sGtgx4AaABAg,9GTZD3la5qI,165f69aeaa91a45b488e400b927bccf29911f138eeb75a07f2ca719049c4dc80,"30rb? ±100km sehari? jakarta-bogor pp, garansi hangus",0,2024-01-13T11:43:00Z,2024-01-13T11:43:00Z,2026-09-27T14:02:23.207162+00:00
UgxZyGLiyiKHR-rMffB4AaABAg,9GTZD3la5qI,d10ae4e9cfeb0ff0f4789917dc4de48ed817889d4babc1a22c83c946bee906a8,Syarat pertama ini mudah kalau mobilnya bisa diturunkan ke anak atau ke saudara lain. Selama gak balik nama semua aman apalagi mobil listrik belum kena progresif.,0,2024-01-13T09:42:32Z,2024-01-13T09:42:32Z,2026-09-27T14:02:23.207162+00:00
UgxnxzxQtUQFJo6eMPl4AaABAg,9GTZD3la5qI,3eae7445e0e7cbe365d01add1e5c613a9e04481fb3e85f6fb68320ddc540bd89,"Saran untuk Wuling air ev juga garansi baterai seumur hidup dan syaratnya pertahun hanya boleh jarak tempuh 20rb km, lalu kalau bisa BYD juga ikut agar orang indonesia lebih berani dan mau pilih mobil listrik sebagai mobil utamanya dan merasa aman terjamin, 20rb km pertahun untuk pakaian pribadi sudah lebih dari cukup untuk dalam kota kecuali kita buat jadikan grab car atau gocar baru gak cukup, kalau lebih dari 20rb km pertahun garansi hangus",0,2024-01-13T13:01:08Z,2024-01-13T13:01:08Z,2026-09-27T14:02:23.207162+00:00
UgzTTPAORl6JKzlRHK94AaABAg,9GTZD3la5qI,150d2d643f9cfe4b524e8a57d9a15f57dffdc964979e2a6e97791460b586ae85,"Pasti nyesel beli Binguo 410km 410jt... Ngga ada fitur apa apa wkwkwk 
Lifetime warranty nya itu pun ada syarat TIDAK BOLEH GANTI NAMA PEMILIK DAN WAJIB SERVIS DI WULING TERUS.... 2000 pertama aja... 
Selisih dikit 433jt MG4 jauh lebih bagus dan fitur lengkap hahaha",0,2024-01-15T13:51:57Z,2024-01-15T13:51:57Z,2026-09-27T14:02:23.207162+00:00
UgwBdYgfWQVr6mOV--B4AaABAg,9GTZD3la5qI,9e0dd594c4f6864a2ed685666fa45772d1cb136c5ad3ea8333bde6ec430daa7b,"Sayang lebih kecil dari calya. Klo dimensinya seukuran xpander/avanza, sekali cas 600km, harga ga lebih dari 500jt, udah ku pinang🎉",0,2024-01-13T06:13:22Z,2024-01-13T06:13:22Z,2026-09-27T14:02:23.207162+00:00
UgwAQpX9HtY3YL52oit4AaABAg,9GTZD3la5qI,9d3d66109a906323c980d2d70921043801579d21f4c3a5d557892450992ed19f,"Kalo bawah mobil baret kena polisi tidur, masih garansi kah batrenya? Kita tahu sendiri, byk polisi tidur terutama di jalan2 kecil yg dibikin seenaknya tanpa mengikuti standar.",0,2024-01-13T06:35:34Z,2024-01-13T06:35:34Z,2026-09-27T14:02:23.207162+00:00
UgyhluYlXZDWojaXet14AaABAg,9GTZD3la5qI,222d8d6f3677393e11874ee5a79a74ddfea8c8728047ee2ce21ed0d47a147ec6,"Pak Fitra, jika upgrade audionya masih berlakunya ndak garansinya?",0,2024-01-13T06:03:02Z,2024-01-13T06:03:02Z,2026-09-27T14:02:23.207162+00:00
Ugz4jVxhpC8sVu7npXx4AaABAg,9GTZD3la5qI,d8cb9ec151412dffb859a0d151170488322dbd4f1d5e1e251be89edcd865bc84,"Seharusnya berapa ya harga wajarnya wuling ini😁,  setelah Mg4 EV kasih hrg 40O jutaan bawah, next pasti Hyundai bakal keluarin kona EV dgn harga dibawah ionic5 mgkn hrg 400an atas 500an bawah",2,2024-01-13T06:39:00Z,2024-01-13T06:39:00Z,2026-09-27T14:02:23.207162+00:00
UgxReSV-h9ewUU5aFlx4AaABAg,9GTZD3la5qI,03b91ba41c3fe6f1b32c4e9bf4b3805f22be7520c8aa3f1a02fd7680328544c6,"Ganti kaca film Vkool / Solargard / Photochromic dr Wealthy misalnya ( kl panas terik menghitam kl sdh malam cenderung makin jd aquarium, lalu ganti Ban yg lbh empuk, lbh tebal dan lebar yg masih masuk toleransi & ga berisik lalu pasang Dashcam depan belakang serta upgrade audio yg seamless (ganti speaker hi spec di lokasi asli), head unit dgn lbh canggih mungkin 5th lg saat semua makin canggih & hal² umum setara demikian apakah membatalkan garansi seumur hidup tsb ?
Perlu batasan² yg lbh jelas soal dilarang memodifikasi tsb atau ya akhirnya cm gimmick krn setelah 10-15th hampir dipastikan tdk ada yg tersisa utk realisasi garansi spektakuler di atas 😂",1,2024-01-13T08:21:40Z,2024-01-13T08:27:01Z,2026-09-27T14:02:23.207162+00:00
Ugxn-_tbs3FgjWwdDB54AaABAg,9GTZD3la5qI,696869452a8ea4397ca4a93ac572fe9c598459a7f213fa087ee8e52e79aee3b0,"Kalo lifetime warranty barang elektronik, selama barang itu di produksi, kalo udah gak di produksi pabrik ya selesai",0,2024-01-13T05:14:53Z,2024-01-13T05:14:53Z,2026-09-27T14:02:23.207162+00:00
UgzfqxQSndPTIKAeEBF4AaABAg,9GTZD3la5qI,cc162140d976121a94bcfa9a2b92a2e0a6c0d02157bbbc66cafb6087ed84e534,"Syarat bullshit dengan syarat mustahil, ada ada aja",0,2024-01-13T05:46:36Z,2024-01-13T05:46:36Z,2026-09-27T14:02:23.207162+00:00
Ugw0MmeujntAO_MEtUt4AaABAg,9GTZD3la5qI,39cc3d45fde213ba9fa579dc668debd376930465c481dfd1c27504cf0fd43ce0,"saya lihat di daerah sarangan wulling air ev ga bisa nanjak karena over head bahkan kata pemiliknya sampai 6 kali over head mobilnya hanya untuk nanjak sarangan,apakah kedepan ada improvment dari wuling?",0,2024-01-13T06:32:04Z,2024-01-13T06:32:04Z,2026-09-27T14:02:23.207162+00:00
Ugx5FxVDRCGaJP1dEeB4AaABAg,9GTZD3la5qI,467f15e1daff926528d3c2b341661db88935a065a463a956b80387e559ab11d1,Kata @bchanel max 20jt om garansinya,0,2024-01-13T07:20:49Z,2024-01-13T07:20:49Z,2026-09-27T14:02:23.207162+00:00
UgzKQuACEI_LbX3todh4AaABAg,9GTZD3la5qI,c8f940178dde85be4eb31ca632706ec3fa012150178fd1d5f270344a22ba3bd2,"iya pak waktu 2024 seumur hidup 

ada aturan baru di 2030
pencabutan garansi seumur hidup

crotttt ...",0,2025-01-20T06:09:23Z,2025-01-20T06:09:23Z,2026-09-27T14:02:23.207162+00:00
UgyEm3QcafR11tAfE794AaABAg,9GTZD3la5qI,b87b2b7d9defc0dfed13436af9cb6bdad439ee87857e6d0f07aad2e023052a08,Mantap..,0,2024-09-08T10:05:00Z,2024-09-08T10:05:00Z,2026-09-27T14:02:23.207162+00:00
Ugzkq7wFELShXGQbG-x4AaABAg,9GTZD3la5qI,417c92389fe267ae4ac1d8db2fa03aa70be61fc5b596600817244209254d9467,Berarti ini mobil tidak diperbolehkan grab😂,0,2025-09-25T13:02:41Z,2025-09-25T13:02:41Z,2026-09-27T14:02:24.340041+00:00
UgxuReNyFMTszsstx394AaABAg,9GTZD3la5qI,5ca837caf64e0217ec707faa67653b1f1ff0c0676fc683ab53bc3b1f410c9916,Mg 4ev tdk ada garansi,0,2024-01-13T06:16:19Z,2024-01-13T06:16:19Z,2026-09-27T14:02:24.340041+00:00
UgzuBm9rvkW6FOvg9Q54AaABAg,9GTZD3la5qI,5e25d6a4f52747fd6e7a3437f641d5905398ecfcbeb94d4d3ca9e5c6bad31b62,Ñ,0,2025-04-29T03:05:18Z,2025-04-29T03:05:18Z,2026-09-27T14:02:24.340549+00:00
UgxqgERY44tUrzbN0IF4AaABAg,9GTZD3la5qI,be287843187b54c3141bbfe5044f7396b9799dacba344e30f75746db930ccb1a,Wkwk kebanyakan syarat ga masuk akal. Kejadian overmacht gitu tetap tidak bisa di klaim.. yaa sama aja trik marketing😂,1,2025-11-24T00:40:51Z,2025-11-24T00:40:51Z,2026-09-27T14:02:24.340549+00:00
UgxqxthUlrq0WizXPQ54AaABAg,9GTZD3la5qI,c177c95200a06d3451328fe701b9ee94eaa4b381fe599237517e47a451a5f4ac,Tidak cocok utk Online 😂,0,2024-03-08T06:22:44Z,2024-03-08T06:22:44Z,2026-09-27T14:02:24.340549+00:00
UgyYojQUhocsgWm2qwl4AaABAg,9GTZD3la5qI,e62b89df936c1679328522de09ba4f25c8a67724af820ca5763be1910056ee8b,"Yang lucu harga Wuling Air Ev di Thailand lebih murah 30% dari Indonesia, padahal mobilnya buatan Indonesia yg diexport ke Thailand. Apakah emang gara2 pajak Indonesia yg kelewat tinggi?",0,2024-01-13T11:37:02Z,2024-01-13T11:37:02Z,2026-09-27T14:02:24.340549+00:00
UgzBuDVUFleK-bbY42d4AaABAg,9GTZD3la5qI,85adaf1a83d923d98425e62b597ba2238bf9dcc519a40df7317e23e3b91fad5b,Ribet amat.  Mau naik mobil apa dinaikin mobil . Mobil bensin ajalah gak pakai rame,0,2024-01-13T07:14:14Z,2024-01-13T07:14:14Z,2026-09-27T14:02:24.340549+00:00
UgwbN5HwwJ7T2TwY_s94AaABAg,9GTZD3la5qI,29c7894ce083afea014e5f6d1ae6540bbbef848cf6bf59352a714f18466b24ea,"batasan kilometer itu menghapus semua kata2 garansi seumur hidup, trik marketing yg di teriakin seumur hidup itu hanya bulshit belaka..
justru orang beli mobil listrik karna mobilnya di pakai setiap hari biar hemat bensin, kalo udah mobil listrik tapi di suruh hemat2 pakainya ya buat apa mobil listrik?",0,2024-06-10T04:37:19Z,2024-06-10T04:37:19Z,2026-09-27T14:02:24.340549+00:00
Ugxv6bN4YG9Vo-c9ANx4AaABAg,9GTZD3la5qI,65e771ba4fe66c1eb685f414d066c8ab0cdf6d9002f6adc089ca64065c7c0def,"tanpa ada claim garansi battrai yg saya pikir gak semenguntungkan itu persyaratanya, apakah mobilnya value for money om dengan harga segitu dan fitur""nya.... dilihat velg nya juga kaleng. dan untuk mobil listrik yg kita pakai hingga lebih dari 8 tahun kedepan apakah masih OK untuk bersain gdengan pendatangnya nanti. BTW ini fastcharging berapa KWH om support nya.",0,2024-01-13T05:50:42Z,2024-01-13T05:52:45Z,2026-09-27T14:02:24.340549+00:00
Ugy5-RMn7XRkGutlslJ4AaABAg,9GTZD3la5qI,abd0b7ead6e5b80f3dc849d7c0dd77326f66581cc8b17e2b5ee8d1f93a9cf29e,"Bisa saja mobilnya dijual kembali trus garansi seumur hidupnya dijadikan sbgai uang tambahan, tp harus ada perjanjian dr awal jika sewaktu waktu bermasalah, pemilik pertama yg akan membawanya ke wuling, agar garansi seumur hidupnya bisa terus digunakan. Tp biasanya klo cara begini hanya utk orang² terdekat.",2,2024-01-13T10:13:09Z,2024-01-13T10:13:09Z,2026-09-27T14:02:24.340549+00:00
Ugyv9F_uyjKIJKYOajF4AaABAg,9GTZD3la5qI,119e8e473f03bbb338a1e6d905f5d7b835976891da76e9d9fa6c34e100c01346,"mobil hanya buat kepentingan pribadi, ga boleh komersil.. kalo buat konten yutub melanggar garansi ga nih? kan menghasilkan adsense?wkwkwkwk",0,2024-01-13T08:01:57Z,2024-01-13T08:01:57Z,2026-09-27T14:02:24.340549+00:00
UgwZNxpcsYAvtH9dY0h4AaABAg,9GTZD3la5qI,e8b387546ab2394dff09e6b8e0df6d6607a8455d4b0bbf4489002cd8badfb6c5,ribet amat garansi seumur hidup nya 😂,0,2024-01-13T14:38:49Z,2024-01-13T14:38:49Z,2026-09-27T14:02:24.340549+00:00
UgyFm93eP464EieIA1V4AaABAg,9GTZD3la5qI,c46331120b446f148e0336e5c6f2b5ec8dff1fe31bd14eb8ce5e7bbbee6a1a44,Mending beli MG ZS EV 😂😂😂,0,2024-01-13T07:47:52Z,2024-01-13T07:47:52Z,2026-09-27T14:02:24.340549+00:00
Ugx6RjcVOpq4i-0Cp-R4AaABAg,9GTZD3la5qI,7773b87eecc6354d1ec5b0033224595223386a7f94295391638ff73672ef6def,Garansi berlaku selama STNK masih Atas Nama pemilik pertama dan selama PT.Wuling masih aktif berdiri di Indonesia 😊,0,2024-01-14T03:03:40Z,2024-01-14T03:03:40Z,2026-09-27T14:02:24.340549+00:00
UgxWbMLp0cE-5Xou2-d4AaABAg,9GTZD3la5qI,6b994491380e03f0f43c213ef596d9c1810fc841c0aaf36884c3f12c5f48de28,Kok ribet banget ngasih garansi,1,2024-01-13T05:17:00Z,2024-01-13T05:17:00Z,2026-09-27T14:02:24.340549+00:00
Ugz_Jm_G7yK09pE66vt4AaABAg,9GTZD3la5qI,ec6da13811de3a1c264ba2a15e8a1b55988217f9411fde26e23566e5413ceb28,Thank you Sir for honest review! I am from Philippines and we are also getting this EV soon but charging port is also GB/T (China). Do you know if Wuling in Indonesia is offering adapter to use fast charging with CCS2?,0,2024-01-13T16:45:37Z,2024-01-13T16:45:37Z,2026-09-27T14:02:24.340549+00:00
UgzeHHoL0s9ZnEoXnht4AaABAg,9GTZD3la5qI,7613f94458ac0aca332aa5cb9896694c98588e9bbd213159a677a9e3eb548a6a,"nyesel gak om, abis itu muncul MG 4 EV, 439 juta :D",127,2024-01-13T05:08:37Z,2024-01-13T05:08:37Z,2026-09-27T14:02:24.340549+00:00
Ugy6b0TjoZRWfrfqXbp4AaABAg,9GTZD3la5qI,711fafe13ccbde1939f76f5b34ed68b467c13641dbc3929afa59c979b6cf55b4,HALO WULING & INTERNET IOV NYA HILANG. DOWNGRADE,0,2024-01-13T09:19:52Z,2024-01-13T09:19:52Z,2026-09-27T14:02:24.340549+00:00
UgzdH_hllbLLVNIrmGh4AaABAg,9GTZD3la5qI,884218ffccaf86bd550da368d7c85ae7e5919c734aaeaee3782f0e98c5f0f33c,"Gak akan rugi beli bingou, ditambah dapat ppn 1, harganya jadi 377juta, masih value for money. ditambah bonus waranty seumur hidup. jadi proyeksi buat nemenin cortez ini. buat harian sangat okelah. good job wuling.❤",1,2024-01-13T13:23:09Z,2024-01-13T13:23:09Z,2026-09-27T14:02:24.340549+00:00
UgwpXoiuT-itQRmxEdJ4AaABAg,9GTZD3la5qI,f297d4f1625ae37537f86fba871aa83ee3d286131be543cbb1b691c51f9aeafc,Sama aj bohong yaa,0,2024-01-13T05:47:05Z,2024-01-13T05:47:05Z,2026-09-27T14:02:24.340549+00:00
Ugxcr1g9rSlDzIGCWx94AaABAg,9GTZD3la5qI,05567b380b6c3b8fe61d2b5f63aa56766747b2d309a5e5785b329d776000d23e,Kecelakan bkn hal alami?kok lucu kecelakaan mah alami mana ada kecelakaan itu direncanakan wuling wuling kasi syarat kok gk jelas dn gk niat,0,2024-01-13T15:51:00Z,2024-01-13T15:51:00Z,2026-09-27T14:02:24.340549+00:00
UgzddmXpphU8hDqGl7N4AaABAg,9GTZD3la5qI,61b3f7f943d9765b0d794d328c7898624e5aeb6632e45933168ec8c9af98a479,Anehhhh,0,2024-01-13T09:52:57Z,2024-01-13T09:52:57Z,2026-09-27T14:02:24.340549+00:00
Ugx9MWRQO0k20O9pe5N4AaABAg,9GTZD3la5qI,b38f0a700b4db66c77e0014b1b9885be83375cc78c07fc617b6f19ebca808fcd,Haha bodo amat org ga mau beli.. Mau beli byd atau mg aja.. Bingonga jelek si cuma kemahalan,0,2024-01-13T05:56:29Z,2024-01-13T05:56:29Z,2026-09-27T14:02:24.340549+00:00
UgzrrzAGkQt0RAKMvbp4AaABAg,9GTZD3la5qI,13822bf1ad4b4816aac7f0167da37b01304a44ebfb0befea2f4cc13b5ae98de3,"Bicara kwalitas, Agak alergi sama produk cina.",0,2024-01-13T10:40:42Z,2024-01-13T10:40:42Z,2026-09-27T14:02:24.340549+00:00
UgwxUvRfdG8u1kw0c-94AaABAg,W3G8V7xV3-Y,3897cca5e959eb0d2a8a931ff61621de0af29dfe9dcc6ff4771ee829e9a65d14,garansi seumur hidup terdengar seperti strategi marketing saja,2,2024-06-06T03:27:35Z,2024-06-06T03:27:35Z,2026-09-27T14:02:25.659868+00:00
UgyVnofR4TT9KUTPXZ14AaABAg,W3G8V7xV3-Y,6e86a8aa27bca8a66e6de11b4cd3a90632a27676860451c1d5b063d8493504fd,"Ada kasus di Surabaya garansi wuling air ev hangus gara2 owner pernah lupa membawa buku servis ketika servis rutin koh, menurut owner nya dia selalu servis on time, ada di postingan nya hujat mobil",52,2024-06-05T12:23:21Z,2024-06-05T12:23:21Z,2026-09-27T14:02:25.659868+00:00
Ugz5uOg8taYpAdFRMJ54AaABAg,W3G8V7xV3-Y,231e830232b11bc094d63afa46f871a6d1c1b9f72dac5699d70413251ce9e0b0,Intinya BACA SYARAT DAN KETENTUAN .,2,2024-06-06T05:08:34Z,2024-06-06T05:08:34Z,2026-09-27T14:02:25.659868+00:00
UgzsZ5Ji9bsPsS_ML0l4AaABAg,W3G8V7xV3-Y,af6dda8068a63715af2f7d47b061991169a119a311512b47e4732bcd977f4d2e,Pinter abang satu ini dia ngajarin buat pait2 di awal,1,2024-07-03T12:42:11Z,2024-07-03T12:42:11Z,2026-09-27T14:02:25.659868+00:00
Ugxt1ETlTWvsSN2nxvh4AaABAg,W3G8V7xV3-Y,51855a3f49fde189a2142eadebecd9794a15afa6f2848640f1788b23d74124f7,"Beli terus simpen tuh.... 
Garansi pasti aman😂",2,2024-06-10T09:42:03Z,2024-06-10T09:42:03Z,2026-09-27T14:02:25.659868+00:00
UgxxdNv-rYNmUg6Am2l4AaABAg,W3G8V7xV3-Y,f673787bf6a56e0bc06e7ecfb61668a859dcdaf3d4d2bc15e6996851b57fbdca,"Mantap koh, informasinya bermanfaat terutama bagi saya yang masih agak awam tentang mobil-mobilan, maju terus dokter mobil 🔥",6,2024-06-05T13:39:39Z,2024-06-05T13:39:39Z,2026-09-27T14:02:25.659868+00:00
UgyBzytqSIlJCL8Ct9p4AaABAg,W3G8V7xV3-Y,7fe2ea7440ec302414c2ce24515a4c17f8ca2cf218199b4a8d8677904285df73,garansi baterai seumur hidup itu mengcover baterai soak akibat pemakaian yang sudah lama juga kah?,1,2025-04-09T05:37:02Z,2025-04-09T05:37:02Z,2026-09-27T14:02:25.659868+00:00
UgznwWV_DqZZKW623TZ4AaABAg,W3G8V7xV3-Y,985144fac3acfd831865871d348f2397bf732b689346a2b2383980a23d637781,Saya mengikuti anda . Penjelasan anda sangat jelas.,0,2026-04-22T13:51:31Z,2026-04-22T13:51:31Z,2026-09-27T14:02:25.659868+00:00
UgxuRQvQvpzd7J2eJ3h4AaABAg,W3G8V7xV3-Y,ab9c469109b18866289ab5338789cfa0db790e4699f92d8bf6ad2f171bc49cd5,"Kalau kebakar krn kesalahan pabrik, itu diganti. Kebakar disini    faktor ekstwrnak kaya tawuran huru hara, kebakaran ruko dll",1,2024-06-10T11:37:22Z,2024-06-10T11:37:22Z,2026-09-27T14:02:25.659868+00:00
UgwpCOf3rUfoZfiimPl4AaABAg,W3G8V7xV3-Y,3c8d34f965fe46250331fc200d4d0273fafeba2f6cbafee233d45886a832c30c,"TERIMA KASIH KOH ...
atas pencerahannya",1,2024-06-10T04:53:38Z,2024-06-10T04:53:38Z,2026-09-27T14:02:25.659868+00:00
Ugxya1_Oa3GX-bCGwm94AaABAg,W3G8V7xV3-Y,ee4ef9ae532d943336f350ccbae38e9d6c9052477f942424780ee0fdd3ad8fc2,"Trik marketing yg dibalut dengan garansi ""LIFETIME"".",18,2024-06-05T16:28:58Z,2024-06-05T16:28:58Z,2026-09-27T14:02:25.659868+00:00
Ugz7Ey-_K85v8pdLFVd4AaABAg,W3G8V7xV3-Y,489ed323594fc3fb5fd47e2cd122e4f37aaf973b32cb6f7443c5d2ebd8523374,thanks,0,2024-07-01T07:26:19Z,2024-07-01T07:26:19Z,2026-09-27T14:02:25.659868+00:00
Ugw9ioaX0CxMs9W07VF4AaABAg,W3G8V7xV3-Y,9bc5beb7afd321458844ad2fde211251cdc4ec5bb957fb69abb8d6094ebada0c,"Nahhhhh cakep nih kohhh, yuk cari apa itu force majeur? Pinter bareng ❤",0,2024-06-07T03:45:13Z,2024-06-07T03:45:13Z,2026-09-27T14:02:25.659868+00:00
UgybAeMLliTD7aLUGKl4AaABAg,W3G8V7xV3-Y,3eae7445e0e7cbe365d01add1e5c613a9e04481fb3e85f6fb68320ddc540bd89,"Ngecas sampai terbakar garansi hangus dan kena banjir garansi hangus itu jahat loh, rata2 kebanyakan kota sering banjir tiap tahun, bayangin pas lewat banjir kena macet kan lama akan terendam, lalu ganti velg ban bisa bayangin itu velg kaleng kalau rusak masa ga boleh ganti ke yg velg 12inch velg racing, harusnya dijelaskan jangan ganti velg ukuran diatas 12inch, ada beberapa syarat yang memang dibuat untuk menghanguskan garansinya tanpa tidak sengaja, seperti service rutin yg salah waktu dll",1,2025-02-18T05:34:20Z,2025-02-18T05:34:20Z,2026-09-27T14:02:25.659868+00:00
UgxwrI3Y9IQppLo4z2F4AaABAg,W3G8V7xV3-Y,96c4f382ab797318c5cb9022e0688169bff9cf2f259e99720925575855e80da6,Ya garansi lifetime pasti bnyk syarat2 yg memberatkan sebelum beli harus detail bacanya yg teliti dan di pikir dulu sblm beli dah.,1,2024-06-06T01:07:21Z,2024-06-06T01:07:21Z,2026-09-27T14:02:25.659868+00:00
UgyetJsFrmpO3hPV2Dx4AaABAg,W3G8V7xV3-Y,c1d66e1bc2d1a8d80d683323ee7e2beef748d0411108a972bf9121765bd03030,kalau pasang roofbox bakal ngilangin garansi ga koh?,0,2024-07-08T03:29:47Z,2024-07-08T03:29:47Z,2026-09-27T14:02:25.659868+00:00
Ugw3OyrHmim78dPODtl4AaABAg,W3G8V7xV3-Y,30f1c7852aac9d1a74ac7b01346273b9540ddfd4c27578e286c8250ebaa35853,"Wait n see aja tunggu ada yg komplain, gimana pengajuan nya dan solusi nya...",0,2024-06-10T14:00:21Z,2024-06-10T14:00:21Z,2026-09-27T14:02:25.659868+00:00
UgxEDJJKEE-5d-pq2qF4AaABAg,W3G8V7xV3-Y,53f3881ea84dc91154ee293ab907d7728d372517111bd45b0a58a56d5a0d407c,Apakah nempel stiker juga dianggap modifikasi,1,2024-06-09T02:25:37Z,2024-06-09T02:25:37Z,2026-09-27T14:02:25.659868+00:00
UgyoLFbrMgqRmkMkFQ14AaABAg,W3G8V7xV3-Y,d6683201984ab9b355483fc9ca6a74181bfbc4330c853c192eb0b4244369c739,Mungkin poin ttg terbakar itu harus di tanyakan lgs ke petinggi wuling biar jelas situasi dan kondisi yg dimaksudkan ya,0,2024-09-04T00:54:19Z,2024-09-04T00:54:19Z,2026-09-27T14:02:25.659868+00:00
Ugxf6FD5jhPMzjiVIH14AaABAg,W3G8V7xV3-Y,8e05c38e20f9d68c80e1580203e84f8474615eca291d0c10341fd0b9c0943a36,Pengguna wuling juga .... kalo lifetime garansi itu hangus balik ke garansi 8th semenjak tanggal beli,0,2024-06-21T06:07:46Z,2024-06-21T06:07:46Z,2026-09-27T14:02:25.659868+00:00
Ugxj__4HjV9UdqRx2zh4AaABAg,W3G8V7xV3-Y,fa3450d2df84dbb045c75dfe6b2c069999055da194ce9e99c389d3268c949860,Plus Minus Hyundai All New I20 2017 Dan All New KIA RIO Tahun 2017,0,2024-06-05T12:26:51Z,2024-06-05T12:26:51Z,2026-09-27T14:02:25.659868+00:00
Ugw9sW470vNaJ5r4NHh4AaABAg,W3G8V7xV3-Y,92e2c3708a5fc92e7440cb1fc4b3bf07d3b0980f6fdd3fb40fe4236de608b710,"Untuk garansi seumur hidup jika pindah tangan, masih ada garansi 8 tahun sejak pembelian pertama, sama aja kaya mobil2 pada umumnya.",0,2024-07-05T02:49:22Z,2024-07-05T02:49:22Z,2026-09-27T14:02:25.659868+00:00
UgwgBIrDk_HUIFj_vJZ4AaABAg,W3G8V7xV3-Y,b17886b6756ec3928530b0f7de8154200bc4f17f291a3f86706d06a51bd5d81d,EV cocok banget sbg kendaraan perkotaan,0,2024-06-06T04:57:10Z,2024-06-06T04:57:10Z,2026-09-27T14:02:25.659868+00:00
UgwNLAoU9UpMXTP1_s54AaABAg,W3G8V7xV3-Y,ceb05a3755431209fbd40b01a79da417f4af2fdece88cf082a2c8bfe87afb390,Koh mau tanya oli mesin mobil Avanza tahun 2006 pakai mineral atau sintetik dan tingkat kekentalan nya,1,2024-06-08T07:54:05Z,2024-06-08T07:54:05Z,2026-09-27T14:02:25.659868+00:00
UgygkUntjXNY4EzkaY14AaABAg,W3G8V7xV3-Y,a1edaa4024e13bc64b584edf6c40d43faad60fdf2ca41911e04c79ef0fd0306b,Domo kayaknya kurang senang dengan moblist karena dia punya bengkel yang tersebar ke seluruh Indonesia adalah bengkel mobil konvensional aliat mobil bbm,0,2025-01-05T09:44:31Z,2025-01-05T09:44:31Z,2026-09-27T14:02:25.659868+00:00
Ugx1lzcFct5ka-sdGr94AaABAg,W3G8V7xV3-Y,79c0cf917a763c228ca9558626810295ab9b5bcedb67738df2f73b67245a4039,Atpm gk mau rugi maunya untung makanya garansi dibikin ribet syarat dan ketentuan,0,2024-06-06T11:05:22Z,2024-06-06T11:05:22Z,2026-09-27T14:02:25.659868+00:00
Ugy6fMfKD3OelI3nr914AaABAg,W3G8V7xV3-Y,1e60e6b14e6f2a1e87454b04bf87bbe7b69c8b271f3154aaf779ef26ee373ea3,Assalamu'alaikum koh Lung Lung.. semoga sehat sekeluarga ya koh. Berkah bisnisnya,0,2024-06-11T10:35:34Z,2024-06-11T10:35:34Z,2026-09-27T14:02:25.659868+00:00
Ugx-sTc2YNSNmogjBD94AaABAg,W3G8V7xV3-Y,ad66de6f62c7a955b7303762e837b99e666be2d559e92e87442a96cb26a1e563,Beberapa tahun kedepannya baterai menurun kemampuan nya dan harus ganti batere... Murahkah harga batere nya..???,0,2024-06-07T16:37:47Z,2024-06-07T16:37:47Z,2026-09-27T14:02:25.659868+00:00
UgzSI2kGkNMUM5f_5fF4AaABAg,W3G8V7xV3-Y,b73b9d59bd2c9d01ffeb03b37012182f5d1463dd46c522ea1ad7aa220c83a460,"Situasinya sama kayak peralihan transmisi manual ke matic dulu,menurut saya tinggal masalah waktu ,perkembangan ekosistem ev dan dukungan regulator utk ev dapat di terima masy luas atau jumlah penjualan mencapai 30-50% dengen mobil ICE",0,2024-06-11T06:35:41Z,2024-06-11T06:35:41Z,2026-09-27T14:02:25.659868+00:00
UgxTbyvteKiIcPnLgLl4AaABAg,W3G8V7xV3-Y,f267279776b4bda94a8adb7bb63dd065813b3db561f44fbd18f9eea5a026a210,"Tinggal dicocokin aja syarat2 lifetime warranty dgn karakter calon pengguna & peruntukannya. Sy ga pernah suka modif2 mobil, mobil cenderung utk sehari2 & mobilitas 90% dalam kota, jd pake wuling air ev sih bagi sy ok bngt",1,2024-06-11T11:37:34Z,2024-06-11T11:37:34Z,2026-09-27T14:02:25.659868+00:00
Ugw4Jbgy6x3dCwk3Z6N4AaABAg,W3G8V7xV3-Y,b54aa2eb2cbec40eabf635d6a989c017b972ffb6c91605e9e3941118c04d4b4a,"baleno
yaris
jazz
mazda 2
vw polo
swift

lebih baik mana kho?",0,2024-06-09T16:43:39Z,2024-06-09T16:43:39Z,2026-09-27T14:02:25.659868+00:00
UgwB_vlXTKPioLRXXtF4AaABAg,W3G8V7xV3-Y,203843a29dd7b11a2ec9b913a4587c73e4f37e394790ad305c0abdcdc43a48d9,Kebuka Deh mata orang-orang tentang syaratnya garansi seumur hidup,0,2024-06-06T09:42:10Z,2024-06-06T09:42:10Z,2026-09-27T14:02:25.659868+00:00
UgwHLwYUvXavYcxYg7x4AaABAg,W3G8V7xV3-Y,7b52204ef7a85cf7a36e78e040517121ff3cd5472077ee8fda72dd1bcef5cc89,"kt sales nya, kl pindah tangan jadi 8 tahun ko,,
s4 tertarik juga sebenernya, tp kl kebanjiran atau kebakaran ga di tanggung sangsi juga,,
karna kebanjiran pasti ambigu (tinggi 10CM aja bisa di sebut kebanjiran) atau kl pas di cuci apakah bisa termasuk kebanjiran juga (krna kl koslet kena air itu gmn)",0,2024-09-03T23:21:25Z,2024-09-03T23:21:25Z,2026-09-27T14:02:25.659868+00:00
UgxKlpJM1arHcU4dKG94AaABAg,W3G8V7xV3-Y,20ca448b835d3ba82bedb1e4494efb5cd32e5093744ac528c750563983ac1034,maksud kendaraan operasional mungkin nama pemilik tidak boleh atas nama PT,0,2024-06-11T09:14:34Z,2024-06-11T09:14:34Z,2026-09-27T14:02:25.659868+00:00
UgxHsAlJtELqjG6wLFJ4AaABAg,W3G8V7xV3-Y,64b97541e7519fc87586b3c6c44e283d7647c21800c4b7afdf015a9087acacfb,"bahas subaro crosstrek dong koh, dari sudut mandang mekanik, worth untuk dibeli nggak?",0,2024-06-05T14:36:46Z,2024-06-05T14:36:46Z,2026-09-27T14:02:25.659868+00:00
UgyGonPjoNOG_H1lJBV4AaABAg,W3G8V7xV3-Y,e15644c62b392ba3bdbd91faafa2d9086a9785a90eafef5140fcafa57ab78365,Setw second user lifetime warranty hilang dan  dpt garansi 8thn,0,2024-06-10T09:32:04Z,2024-06-10T09:32:04Z,2026-09-27T14:02:25.659868+00:00
UgzKRlfno_UX86qamrx4AaABAg,W3G8V7xV3-Y,1c6f176c95bd75b26b35d3a4f63313676e7bc103e38d1cddd134f5c882104816,"Selama masih ada bbm dengan harga wajar.., mending mobil yang pakai bbm saja...",0,2024-06-10T14:26:56Z,2024-06-10T14:26:56Z,2026-09-27T14:02:25.659868+00:00
UgwKIlqQK6b-642Tc914AaABAg,W3G8V7xV3-Y,04d29ab05389d1d040a41ed22acdea2304b31b6f60d4ef8bbc2b18d45ed4cecd,"EV saat ini di indonesia emang bukan semua orang. 
Cocok untuk mobil ke 2 atau seterusnya setelah punya kendaraan ICE, orang berduit lebih n hobby otomotif serta yang berpikiran progresif. 

Gak cocok buat : kendaraan 1, orang yang duit nya  terbatas, konsumen yang cara pandang nya konservatif , sering jalan AKAP dan antar pulau dll

Selalu banyak pertanyaan infra belum siap ( SPKLU) belum banyak. Padahal charge dirumah bs banget, murah pula. Tambah meteran 7700 watt sekitar 800 rb, biaya charge 1600 / kwh

Food for thought sepanjang sudirman-Blok M dan tanah abang casablanca banyak bus elektrik punya pemda dki. Kayaknya uda mau dua tahun gak pernah liat mogok itu bus ( padahal dipake heavy duty😅😅)",20,2024-06-05T13:01:19Z,2024-06-05T13:01:19Z,2026-09-27T14:02:25.659868+00:00
UgyO9dsbQLF9ePy6s794AaABAg,W3G8V7xV3-Y,7afb2aee2c62ecf1ad12ad4fbd7c89d25bf7a4f2db3a887e28bfce323cff9111,Gas terus koh 😂,0,2024-06-05T13:26:28Z,2024-06-05T13:26:28Z,2026-09-27T14:02:25.659868+00:00
UgzHyFLlmPLAirzYBMl4AaABAg,W3G8V7xV3-Y,7743a501e03d82da4853527f73fb5619eb064de7143186bb913e80db156182ac,"DR. MOBIL, TOLONG REVIEW AFTER SALES & KETERSEDIAAN SPARTPART MOBIL LISTRIK SEMUA BRAND",0,2025-02-02T11:13:32Z,2025-02-02T11:13:32Z,2026-09-27T14:02:25.659868+00:00
UgwcBySb6KQBLgt3VD94AaABAg,W3G8V7xV3-Y,c2adfe627c919b67d24fd3875327ac734b195f9b16bb9a994936028ce1dd84b0,sekalian koh... harus sudah terdaptar di BPJS kesehatan dan punya kartu TAPERA,0,2024-06-07T06:34:10Z,2024-06-07T06:34:10Z,2026-09-27T14:02:25.659868+00:00
Ugw7hGljPKqOPN5fCFh4AaABAg,W3G8V7xV3-Y,13c5fc5f38e71eeff72c22593cdf1b93562485b5aea9c9877b9e54efc6cbd3c1,Trimakasih om pencerahannya. Akhirnya mikir lagi juga mau ambil wuling ev. Syarat garansinya ternyata banyak bgt. Yg agak aneh baterry terbakar. Kan bisa aja kesalahan produksi.,1,2024-08-04T06:05:21Z,2024-08-04T06:05:21Z,2026-09-27T14:02:25.659868+00:00
Ugzt0kWGgL2Itbdo7f14AaABAg,W3G8V7xV3-Y,49607b8b10199b9cd50bb296fed6aacc8848ccbecc5d11932a700dfa119b3db2,Kebumen Bumirejo hadir,0,2024-06-05T12:06:10Z,2024-06-05T12:06:10Z,2026-09-27T14:02:25.659868+00:00
UgwDyqdH7WHSBpcRqwx4AaABAg,W3G8V7xV3-Y,f1757d6ac3115a12b15e7c66411c98011a374d8ec2bdee6ae2c6fdc7cd9185bb,"Koh, hari minggu 2 juni kemarin BYD masukin 1500 unit EV dalam 3 tipe",0,2024-06-06T02:31:21Z,2024-06-06T02:31:21Z,2026-09-27T14:02:25.659868+00:00
UgxOU10PrqgtlWrdG2N4AaABAg,W3G8V7xV3-Y,4e6e7cad4bba6f5495b51546d1de2ea916403a899697fa9e20d25b45165e3e2f,"Terima kasih koh lungLung, mhn maaf MAHEN wuling  Malang😂",0,2024-06-05T22:11:50Z,2024-06-05T22:11:50Z,2026-09-27T14:02:25.659868+00:00
UgyntKR2TQOqyNPzjp94AaABAg,W3G8V7xV3-Y,df8e4094ae0758986ccb4f51745475647db172c3e68a0b7846e4850b604a59e6,"Ko Lung Lung, mohon dong beri komen Hyundai Tucson atau Kia Sportage Gen 2 & 3 apa kelebihan dan kekurangannya. Terima kasih Domo",0,2024-06-05T17:17:37Z,2024-06-05T17:17:37Z,2026-09-27T14:02:25.659868+00:00
UgyLXczYrnWTFptk4W14AaABAg,W3G8V7xV3-Y,002cd4ae62f14c0067f6bf093f47a8c349a27c3fd5c1a93cdc16a4626badb0a9,Kalau begitu kebijakannya sih hara jualnya bisa turun drastis 😮,1,2024-06-17T12:40:45Z,2024-06-17T12:40:45Z,2026-09-27T14:02:25.659868+00:00
UgyV0QLbDklio-xxDGF4AaABAg,W3G8V7xV3-Y,48ce4fe0ea2523594907f7c537fc7b029454c9ebba2bca03348e05484c771066,"Garansi motor dan baterai. Tidak modifikasi. Misal AC rusak, tidak ada part. Mau panas2 an? Terpaksa ke tukang AC pakai merek lain. Hangus dah garansi kena pasal modifikasi.",0,2026-05-12T09:43:07Z,2026-05-12T09:57:29Z,2026-09-27T14:02:25.659868+00:00
UgxD-jtZBHc_Jz8pEAF4AaABAg,W3G8V7xV3-Y,2904406f26df973f7f0a1ddc61cab4740d5a437581060f0a532f4473619d404e,"Belum ada bukti battery degradation buat mocin listrik cina… kalo di asumsikan 15% per thn (moderat), artinya stlh 6.5thn battery cap tgl 15%an, apa ngga dagelan itu?? Battery degradation masuk nggak di skb garansi?? Kalo ngga, lupain aja deh bli molis",2,2024-06-06T09:32:24Z,2024-06-06T09:32:24Z,2026-09-27T14:02:25.659868+00:00
UgweJcCJ8iO7fpDb8-54AaABAg,W3G8V7xV3-Y,2ffed7c0f6f0a2660026c8853795017b935a8d6004177943e92e6e9bf77d2bf7,"dealer selalu menang,kaya asuransi,ada pasal2 yg gak dijerlaskan dengan detil ke konsumen...yg pd akhirnya konsumen selalu dirugikan...",0,2024-06-19T00:50:53Z,2024-06-19T00:50:53Z,2026-09-27T14:02:25.659868+00:00
UgzAA4TbNiM0TcfKoJp4AaABAg,W3G8V7xV3-Y,907a631f4c66ba26885d42500a71494522455c2cf2ae0edb2c120ab6675d39c3,#mendangmending ko avanza lampu tumpuk rwd atau avanza fwd mending mana?? Kelebihan dan kekurangannya...,0,2024-06-06T14:22:33Z,2024-06-06T14:22:33Z,2026-09-27T14:02:25.659868+00:00
Ugzeo2iGBXBO49Q8QcF4AaABAg,W3G8V7xV3-Y,8122b7cf0fa30e9a87b33e57656bcacccbec722e6dec4a7f4a6d9d0b98fd545a,gw nonton ini jd ragu beli mobil listrik second krn automatic garansi hangus sama beli mobil listrik baru ada term conditionnya mengenai terbakar… ngeri jg ya mending beli yg pasti2 aja lah,0,2024-06-16T23:40:40Z,2024-06-16T23:40:40Z,2026-09-27T14:02:25.659868+00:00
UgzyMa90gu_ZnTZapAx4AaABAg,W3G8V7xV3-Y,86e925c0d7f56eab8c9de2cee55373e5625d8973fdc92c75dbd185f1eb98a03c,"30.000km/thn : 12 bulan = 2500 km/bulan

2500km/30 hari = 88km /hari lho......di jakarta sih sepertinya gak cukup ya kalau per hari hanya 88km ( betul gak sih?) 🙏",1,2024-09-17T10:17:58Z,2024-09-17T10:17:58Z,2026-09-27T14:02:25.659868+00:00
UgwTD_xmuUEycfU-3z14AaABAg,W3G8V7xV3-Y,e7504c321c76ac0bfceea569f1fbbc0e1a7e0de71fe7a34f4149a9ca8fe406dc,Intinya tidak semudah janji sales....,0,2026-01-11T11:08:26Z,2026-01-11T11:08:26Z,2026-09-27T14:02:25.659868+00:00
UgzF6fSHHL6gJX5Lq7F4AaABAg,W3G8V7xV3-Y,b3574e112313b99fe668917030559989973b1976b366ea52ec8e32a9cb17f698,"1.pindah tangan ,gugur garansi lifetime nya , tapi tetep masih ada garansi 8 tahun
2.ganti velg ,gak gugur garansi
3.kebakar yang di maksud ,kebakar dari external ..

Emang mobil listrik cina sekarang pada bikin ketar ketir pemilik bengkel mobil biasa ..takut gak ada pelanggan lagi mereka ..",1,2025-05-29T13:13:50Z,2025-05-29T13:13:50Z,2026-09-27T14:02:25.659868+00:00
Ugz6rfBcNH-Q9li2Y714AaABAg,W3G8V7xV3-Y,0ee12a5f319f8a669df1c81be8eeec20a4018f75aa9860d35c39adfdb9009033,Termasuk Pasang Dashcam atau Speaker Kolong bukan sm orang Wuling garansi Hangus,0,2025-01-11T06:18:52Z,2025-01-11T06:18:52Z,2026-09-27T14:02:25.659868+00:00
UgyXMFCMy4g2lQn_PxZ4AaABAg,W3G8V7xV3-Y,821120c6f476886801da02b6560661f395fa22311b9ef8c7768a608dae973b9d,Lebih baik gak usah beli Wuling jika terbakar dia gak mau tanggung,0,2024-06-05T23:59:41Z,2024-06-05T23:59:41Z,2026-09-27T14:02:25.659868+00:00
UgwnQZrX8hveP1WCpK14AaABAg,W3G8V7xV3-Y,0e83dc1bfa6b659c6083701de16dec15a44e8bbe0d0a4470ac7d1e357cb8120d,Harusnya sayaratnya cukup 1: mobil ga pernah keluar garasi,0,2024-10-16T04:50:18Z,2024-10-16T04:50:18Z,2026-09-27T14:02:25.659868+00:00
Ugy6QjlCfnfh2E1a5Vx4AaABAg,W3G8V7xV3-Y,f18fc624923faf0fea38bc204771f8306045bb468086a330e1af9833176ab18f,"tadi baru aja dari pameran Cloud EV. katanya lifetime guarantee skrg (mgkn Cloud aja?) berlaku utk tangan k2 tp maksimal 10 tahun DIKURANG tahun penggunaan tangan pertama. contoh uda dipake 2 tahun, terus dijual, jadi 8 tahun sisanya. CMIIW",0,2024-06-22T11:27:51Z,2024-06-22T11:28:07Z,2026-09-27T14:02:25.659868+00:00
UgwSHia-yJZmPJTeuF54AaABAg,W3G8V7xV3-Y,ddca61d6c7413c96eb6cd5218a379b24bbd576e5babc6e2bfffbd19b8cf44847,Hati2 kasihan d surabaya dealer resmi britanya gak beres banyak oknum,0,2026-09-04T17:19:57Z,2026-09-04T17:19:57Z,2026-09-27T14:02:25.659868+00:00
UgxC4S_dJvjvP-CVDJx4AaABAg,W3G8V7xV3-Y,fc25f36b0c3c7671787161a803eaa0aff8662ae2dcc65c74c4f5a3eca83a1213,"Mending brio aja koh, kunci gas isi bensin, tau2 uda 7 th aja",0,2024-06-05T16:24:44Z,2024-06-05T16:24:44Z,2026-09-27T14:02:25.659868+00:00
Ugx48lHkDEYRBoyVSNl4AaABAg,W3G8V7xV3-Y,ddca61d6c7413c96eb6cd5218a379b24bbd576e5babc6e2bfffbd19b8cf44847,Kasus hiling surabaya dah bereskah,0,2026-09-04T17:15:35Z,2026-09-04T17:15:35Z,2026-09-27T14:02:25.659868+00:00
UgzDMdslw_U0LXjzv8Z4AaABAg,W3G8V7xV3-Y,5c024e084c5551260bcd7965bc6dbef7edca5120349c21818f2f32a62df4fa1b,"#mendangmending mau beli sedan pertama binggung nih.., mending ambil accord 2010 / altis tahun yg sama, dari segi perawatan, durability & kenyamanan.. kamsia ko🙏🏻",0,2024-06-09T00:34:20Z,2024-06-09T00:34:20Z,2026-09-27T14:02:25.659868+00:00
Ugy_bByM07usE3gQnyl4AaABAg,W3G8V7xV3-Y,54f97c822066c89c7d1b6230a08e243d9a258482e3fc54a8ae94dc495ccec0a9,Salam Koko ganteng... Dari kebumen hadir,0,2024-06-05T12:02:22Z,2024-06-05T12:02:22Z,2026-09-27T14:02:25.659868+00:00
UgwidP2Tv-a7dA4QajB4AaABAg,W3G8V7xV3-Y,a9d46777af38066a75b73ab8a32e264b4df01fcd4316b91de3d04f62d2ff861f,"Waduh.. itu mah sekali pakai, seumur hidup harus pakai mobil yg sama.. Mau di jual, bakal susah karena tangan kedua tidak ada waranti..",0,2025-02-19T10:17:00Z,2025-02-19T10:17:00Z,2026-09-27T14:02:25.659868+00:00
Ugzr0J8fnyWE9INUI7V4AaABAg,W3G8V7xV3-Y,4cf337af97cd3ac8ccd8e785ed7ba79970545b2f72c7f9d984078cfe631d4aea,"Udah bener mening karimun dah, apakabar yg mimpi basah karimun yg di endorse wuling EV, sudah berapa kali ke bengkel",0,2024-06-07T07:38:40Z,2024-06-07T07:38:40Z,2026-09-27T14:02:25.659868+00:00
UgxQ8lVq_gLbsunLW2l4AaABAg,W3G8V7xV3-Y,add70ca15694d8dddb0bc3637ff5c61c4b0c8d8caa801819ea3d2b639452a629,"Kalo mobil kebakar habis, claim asuransi tlo",0,2024-06-06T12:36:15Z,2024-06-06T12:36:15Z,2026-09-27T14:02:25.659868+00:00
Ugzqb8FfvE5Qnkjwvdp4AaABAg,W3G8V7xV3-Y,09df3c0586ff0b753a8757cc952f366fd8155241cfb292ff3799658eff3a633f,Waduh.. padahal dalam waktu dekat mau beli wuling cloud 😅,0,2024-06-07T13:07:26Z,2024-06-07T13:07:26Z,2026-09-27T14:02:25.659868+00:00
UgzSu8x_xIpTL3UDtsR4AaABAg,W3G8V7xV3-Y,35790703231024a22398261b7ba21ea9313dfc5c5bad9324a80ef0988dfb3e92,tuh kan... ga ada spare partnya,0,2024-06-07T16:44:31Z,2024-06-07T16:44:31Z,2026-09-27T14:02:25.659868+00:00
Ugyt9GPvUhWAAP-KDXx4AaABAg,W3G8V7xV3-Y,48cf292be2508cb608897a7699e49111134538170dd2d2a714b40f0635d98587,"Hidup jangan diatur mobil, kita yg mengatur mobil😂. Sesuaikan kebutuhan dan kondisi masing2.",2,2024-06-11T01:34:07Z,2024-06-11T01:34:07Z,2026-09-27T14:02:25.659868+00:00
UgyX1bXAkBQ78qMd30J4AaABAg,W3G8V7xV3-Y,95ef3ce17d1fff5bc368b43213756a64e933cabb5beb7d1bf4b5505b231690ad,pasang stiker modifikasi juga ,0,2025-04-15T03:42:30Z,2025-04-15T03:42:30Z,2026-09-27T14:02:25.659868+00:00
UgwRsOu0W9p1-Hyk5j54AaABAg,W3G8V7xV3-Y,d5516257452b78e56d6076983c973405c84fa4c867af27f7c1d50ab11fdac2f2,Betul...saya tanya saat IIMS SBY 2024. Terbakar garansi void.,0,2024-06-11T12:33:30Z,2024-06-11T12:33:30Z,2026-09-27T14:02:25.659868+00:00
Ugy5DB-3OycAu-rJt1V4AaABAg,W3G8V7xV3-Y,228b8c4e13245deb6faf2894d2a6f94518b08cd6042393ae5e8094610120c4e0,SKB = Syarat dan Ketentuan Bejibun,0,2024-06-23T04:42:02Z,2024-06-23T04:42:02Z,2026-09-27T14:02:25.659868+00:00
UgwmhWsM4t64bmi139d4AaABAg,W3G8V7xV3-Y,7f183ce69ecaa1e7e4a0ef779439c0a6851c5643dc0eb0c877ca784e7a7c4c90,Koh bengkel dokter mobil di madura ada tdk koh,0,2024-06-07T16:48:23Z,2024-06-07T16:48:23Z,2026-09-27T14:02:25.659868+00:00
Ugwni67JfQHd6dfDb0h4AaABAg,W3G8V7xV3-Y,8747f65cad697469db466caf06645dcd0932ec225e3fcb7ee8791e476c70e1ea,Nah bner terbakar akan menjadi senjata buat tolak klaim karena terbakarnnya tidak di deskripsikan. Bisa jadi komponen kecil di elektroniknya misal short ada bekas terbakar kecil dianggap gugur....😂😂,10,2024-06-05T14:22:14Z,2024-06-05T14:22:14Z,2026-09-27T14:02:25.659868+00:00
Ugypjwv3hI2jNhKqPdd4AaABAg,W3G8V7xV3-Y,3d75842fd3569e3306fc0273fea0e995bbcac48d3f9e02d6964e78c96c33ce27,EV itu memang lem biru persis spt hp china,0,2024-06-11T11:34:47Z,2024-06-11T11:34:47Z,2026-09-27T14:02:25.659868+00:00
Ugx4nkX12C-LZuU6s0J4AaABAg,W3G8V7xV3-Y,44d6f59588683026ae4e01b9eb95ca7809414f71769cc35882e10c0959616db9,"Mending HARGANYA diturunkan tapi garansinya 8th / pake sistem sewa battery. Karena harganya sudah tidak relevan dg speknya. Syarat life time garansi tangan pertama jg membuat harga secondnya jadi ANJLOK. Belum kalo kena jebakan lupa service 😅
Pengalaman di motor listrik claim battery jg dipersulit takutnya di ev jg ky gitu",0,2026-01-22T21:08:12Z,2026-01-22T21:08:12Z,2026-09-27T14:02:25.659868+00:00
UgzlG4Jv4oPROE2Y7fZ4AaABAg,W3G8V7xV3-Y,7391b052507dd91772fc7afd41b563cbded4e47fa6ef81e8a591d57d8457a519,"Hati hati koh di Banned dari event Wuling 😂. Tapi terima kasih informasinya, semoga mereka berbenah mengenai Sparepart dan garansi.",6,2024-06-05T13:16:54Z,2024-06-05T13:16:54Z,2026-09-27T14:02:25.659868+00:00
Ugwc90FPUX3ai_u4Lqx4AaABAg,W3G8V7xV3-Y,4c5510a7b6b3a0c0de9b878b7624f2d325e139d7db819d03757474a68ad3ff6b,"Garansi 8 tahun masih berlaku walaupun sudah pindah tangan,",2,2024-06-05T12:44:08Z,2024-06-05T12:44:08Z,2026-09-27T14:02:25.659868+00:00
UgwrKh13bE_1PISWpah4AaABAg,W3G8V7xV3-Y,4b89d2d1fb15b1883b29075ec67a1dda29e8bb9839559632704372bf7be28116,"Dr mobil terlalu pd membahas kelemahan mobil EV jangan jangan ada udang di balik batu biar bengkel ICE nya tetap eksis atau memang dibayar oleh prodosen ICE 
Tdk perlu jadi kompor meletup biarkan konsumen yang menilai",0,2025-05-27T00:29:42Z,2025-05-27T00:29:42Z,2026-09-27T14:02:25.659868+00:00
UgzpJKtgzqVNYNU-1dp4AaABAg,W3G8V7xV3-Y,1ce74fa2e2d4fd4a255db42a24307cf6f2325ed49a7ac21089e818a369719505,Tamiya di jalankan di air tetap berjalan.🤣🤣,0,2024-06-08T08:51:13Z,2024-06-08T08:51:13Z,2026-09-27T14:02:25.659868+00:00
UgxjZdPbqKxQvGwkQ2V4AaABAg,W3G8V7xV3-Y,821120c6f476886801da02b6560661f395fa22311b9ef8c7768a608dae973b9d,#mendangmending apakah bagus Avanza yang sekarang yg penggerak roda depan atau Avanza yang penggerak roda belakang,0,2024-06-05T23:33:44Z,2024-06-05T23:33:44Z,2026-09-27T14:02:25.659868+00:00
UgwjhmnHC9hYwqLqrhJ4AaABAg,W3G8V7xV3-Y,19e7d5d8542c5ebc4c0ea3f11ebc58f4d0c229e043c02abb03efa0fb17e454d6,DOMO MULAI disodok IKLAN mobih mirip HP hayaaaa,0,2024-06-06T23:57:55Z,2024-06-06T23:57:55Z,2026-09-27T14:02:25.659868+00:00
UgzwvOpk3lOcsai48TV4AaABAg,W3G8V7xV3-Y,727b0ffbd49f8796740446f7d5bbb40138fc19381b0615008e545f1a7be13109,Disclaimerny tricky... 😂,0,2024-06-05T13:55:03Z,2024-06-05T13:55:03Z,2026-09-27T14:02:25.659868+00:00
UgwkvnTEj5a4eD3hV8R4AaABAg,W3G8V7xV3-Y,c27ecdf85d774a6be6d52f3655e7abc7b31e083a0c9d840d76fb0bb2eb552c56,"Saya abis komplen ke sales langsung dikirim gini tau bener atau kagak katanya dari h.o nya

Lifetime warranty mengcover: 
1. Motor penggerak
2. Sistem control listrik (MCU)
3. Baterai utama (bukan accu) 

Syarat & ketentuannya: 
1. Berlaku untuk pemilik pertama mobil baru 
2. Jarak tempuh tidak lebih dari 30.000 km per tahun 
3. Coverage: baterai utama, MCU dan motor listrik
4. Untuk penggunaan pribadi (bukan komersil)
5. Wajib service berkala di bengkel resmi sesuai ketentuan SGMW 
6. Wajib menggunakan part asli (genuine) 
7. Warranty hanya berlaku untuk penggunaan normal, tidak berlaku jika ada modifikasi, kecelakaan, kebanjiran, kebakaran dan kondisi eksternal lainnya yg mengakibatkan kerusakan komponen. 

Monggo dikomen😂",0,2024-06-06T14:48:19Z,2024-06-06T14:48:19Z,2026-09-27T14:02:25.659868+00:00
UgwUWFtERhY---7-yh14AaABAg,W3G8V7xV3-Y,6126b728c74e94aea4f76b0d3f93d5bec7d5115f6edb09b1a25b10249d4edc85,"Garansinya itu tuh,rumit",0,2024-06-21T09:49:38Z,2024-06-21T09:49:38Z,2026-09-27T14:02:25.659868+00:00
UgySY-DXHAGpV9pphNB4AaABAg,W3G8V7xV3-Y,1eee978d878063bd36d221ebb18d255e001af2d742a41d70d44ad6b4420a3a1e,Mobil saya 2 BLN 10rb om..😅,0,2025-07-25T17:10:51Z,2025-07-25T17:10:51Z,2026-09-27T14:02:25.659868+00:00
UgwFbJJttT8alOXqMLF4AaABAg,W3G8V7xV3-Y,5560d65accc480904e88b27709b0828ed2c948ccb7b8159482069b3c9ad7f524,bang review brand neta,0,2024-07-03T17:09:59Z,2024-07-03T17:10:10Z,2026-09-27T14:02:25.659868+00:00
Ugzh-4rm_oofXpKf1kZ4AaABAg,W3G8V7xV3-Y,3eae7445e0e7cbe365d01add1e5c613a9e04481fb3e85f6fb68320ddc540bd89,"Terbakar atau dibakar garansi hangus, kalau terbakar karna modifikasi listrik hanguskan garansi itu wajar aja gpp, tapi kalau mobil original semua terbakar sama aja penipuan, mana orang mau bakar mobilnya sendiri, kalau bakar mobilnya tentu hangus garansinya, seperti disebutkan namanya barang elektronik bisa aja konslet dan terbakar kabelnya merembet ke komponen lain terbakar dan rusak, lihat beberapa tahun ke depan seperti apa, sementara masih ragu mau pilih mobil listrik karna jaminannya kurang akurat dan terukur, syarat yang tidak masuk akal, baterai di rendemin dalam air aman tapi garansi hangus kena banjir sama aja bohongin orang, lewat genangan air pas lewatin banjir lalu didepan ada mobil mogok dan mobil terjebak banjir dan terendam harus gimana coba mikir",0,2025-02-18T05:44:00Z,2025-02-18T05:44:00Z,2026-09-27T14:02:25.659868+00:00
Ugxx81MshLvb9Ci5b6R4AaABAg,W3G8V7xV3-Y,06587bddd8b9742988f3d90d8fa96e85a88ddbb54deac1b7b53498dd6708e280,Licik juga ya Wuling,2,2024-06-08T04:39:09Z,2024-06-08T04:39:09Z,2026-09-27T14:02:25.659868+00:00
UgyXQGycyFnPJVSBFmF4AaABAg,W3G8V7xV3-Y,5dd724e937637de55673b660b03c64c4f920c434985d01ca2701ff11b4d705bb,Yg pasti2 aj dah pakai yg kendaraan bbm...😂😂😂😂😂,1,2024-06-05T16:03:55Z,2024-06-05T16:03:55Z,2026-09-27T14:02:25.659868+00:00
Ugwrh7naIcELyysilql4AaABAg,W3G8V7xV3-Y,0c66fd20ed4e056064947b2ca1c3c79b1a82608484283f7464907ba9f59279eb,penonton pertama kwkwkwkw,0,2024-06-05T12:00:57Z,2024-06-05T12:00:57Z,2026-09-27T14:02:25.659868+00:00
UgymrAiSEFik6Jjehnp4AaABAg,W3G8V7xV3-Y,a41cc2dbab45b8483ebddf86021652c3d36a6df2945a5ddf265b18f560370b61,Parah emg ga niat ngasih garansi dia skrg nanti jg makin numpuk stocknya trus di lelang dh wkwk,0,2024-06-06T06:46:51Z,2024-06-06T06:49:14Z,2026-09-27T14:02:25.659868+00:00
UgzqvBMIofII1Oop18p4AaABAg,W3G8V7xV3-Y,d16095cb3ad6620330ff2d5dc3e6e6ce3e9b1bcbee0d6124da9cfcd2932ad963,"yang gue bingung rata2 produk china warrantynya mirip2 gini, ga usah mobil listrik, alat berat aja jg begini hahaha, padahal mereka jualan di indonesia, di negara yang menganggap semua item / barang ada harganya, ban bekas udah super botak aja harganya 5000-10000 perak, wkwkwk.",0,2024-06-06T06:06:15Z,2024-06-06T06:06:15Z,2026-09-27T14:02:25.659868+00:00
UgyBLOTd29r0fit1uZh4AaABAg,W3G8V7xV3-Y,f6d7627828067bf7a1b2cca19d9f0963bf69facfb9dc91c3f625a1598f1bae89,"Lifetime warranty setau saya itu warranty tambahan, jika di pindah tangankan, maka garansi lifetime hilang tetapi garansi bawaan seperti 8 tahun tetap aktif.",4,2024-06-05T15:27:43Z,2024-06-05T15:27:43Z,2026-09-27T14:02:25.659868+00:00
UgxFfD1dHtZU6GDmzP54AaABAg,W3G8V7xV3-Y,7707e548361f544fa57e544462ee8e5dd2584939ad6b51d5e87566ddd72d5d01,Dikibulin wuling 🧐,0,2024-07-18T05:01:59Z,2024-07-18T05:01:59Z,2026-09-27T14:02:25.659868+00:00
Ugz-ugwHfV6IGKkbQ294AaABAg,W3G8V7xV3-Y,55d7ebceedc58c3379fa0bd0913ef589469c237901c7c8448b946ed7d7f3fa88,"Keren, ini sudut pandang dari pemilik bengkel yg terkena dampak akibat ev.
Always kampanye anti ev 😂😂",3,2024-06-06T02:49:42Z,2024-06-06T02:49:42Z,2026-09-27T14:02:25.659868+00:00
UgykqGfj1yYQccMDwMZ4AaABAg,W3G8V7xV3-Y,c57ab3fee8e3e2de2ecb1c270ec85d0d81d2795fe1f456da96a603b161afeca5,#mendangmending koh tolong review dong Nissan Juke,0,2024-06-08T11:00:09Z,2024-06-08T11:00:09Z,2026-09-27T14:02:25.659868+00:00
UgxkDKQT4S9S5Y3-AU54AaABAg,W3G8V7xV3-Y,1bdbcefceb3496ba3e421d4b27d9648ab4a5ae85a810de805104d58f424922ff,"Beli mobil seken ICE, hayuk mah
Beli mobil seken listrik, aduh ngerinya",0,2024-06-08T15:25:23Z,2024-06-08T15:25:23Z,2026-09-27T14:02:25.659868+00:00
Ugxxkas2zErFjUaoJBh4AaABAg,W3G8V7xV3-Y,c3e1dbb9e215f823aede62feec48155f8638ea79402b968d873cccc7283af824,Mobil ribet banyak ngatur nya Koh 😂,0,2024-06-07T09:11:07Z,2024-06-07T09:11:07Z,2026-09-27T14:02:25.659868+00:00
UgwsYRdPoK5Avee0Fst4AaABAg,W3G8V7xV3-Y,8bd982a0455bbe00ee87f3e97ab6bb5a5813b2c2cc7a3a061fe4f05e8e2087af,Jadi intinya kita Wuling kita harus gimana biar bisa garansi seumur hidup,0,2024-06-09T07:38:28Z,2024-06-09T07:38:28Z,2026-09-27T14:02:27.731586+00:00
UgzwHOGLx6EIcC5laVN4AaABAg,W3G8V7xV3-Y,74a65833d37e10e066389053f8d458affdab66c27467d8495c64226d8ffd32d9,Gara2 lu nih bang gw jadi cancel ambil mobil wuling 🤣🤣🤣,0,2024-11-08T15:29:48Z,2024-11-08T15:29:48Z,2026-09-27T14:02:27.731586+00:00
UgxpVkWTB1ufzDdW3LN4AaABAg,W3G8V7xV3-Y,1e60e6b14e6f2a1e87454b04bf87bbe7b69c8b271f3154aaf779ef26ee373ea3,"Klo liat2 berita dari abroad, pertumbuhan penjualan mobil ev emang mulai mandek, grafiknya kurang bagus.. dibanding penjualan mobil konvensional yg grafik pertumbuhannya masih bagus.",1,2024-06-11T10:01:49Z,2024-06-11T10:02:58Z,2026-09-27T14:02:27.731586+00:00
UgyQ3h2VK-1ZMiCbZMd4AaABAg,W3G8V7xV3-Y,7714d40bcf268deb1f9a7ae64009835d1022b48eaf9d0e10ec269cd5810659e7,bahas mobil jepang yg kena skandal ko,0,2024-06-07T18:06:51Z,2024-06-07T18:06:51Z,2026-09-27T14:02:27.731586+00:00
UgxU75vxKvO3iXIwout4AaABAg,W3G8V7xV3-Y,a21cbe90a32c0cc1d8a6d11860d9792eb3af3fa47cbf8037e6215e0f12ac12d3,Kalau upgrade audio dengan pakai kabel baru angus juga gk garansi nya?,0,2024-06-06T08:19:49Z,2024-06-06T08:19:49Z,2026-09-27T14:02:27.731586+00:00
Ugy-oqzGqmHArkKz9WJ4AaABAg,W3G8V7xV3-Y,55ba948275ff7c0ba14cd5964d0cf21840268577ed1044d87388b1d9fe21bbab,apakah nge-sol /cat ulang krn baret atau  warnanya udh buluk jg dihitung modifikasi yg dilarang?,1,2024-06-06T03:41:19Z,2024-06-06T03:41:19Z,2026-09-27T14:02:27.731586+00:00
UgxHzfmrTcZd9B7Ek3F4AaABAg,W3G8V7xV3-Y,be9400bcdf220dd6a4698003db2096715e6b82a4b364ba0b25ef504372c6d1fd,Haloo ko mau tanya saya pakai brio 2016 mt. Dan skrng km.9300 dan saya pakai oli shell eco 0W20  apakah masih aman ko? Atau di turinin jadi 5W30?,2,2024-06-05T15:49:56Z,2024-06-05T15:49:56Z,2026-09-27T14:02:27.731586+00:00
UgzTZ3IZ-zt-wUTIW5h4AaABAg,W3G8V7xV3-Y,caeaf51ce740997637d73d27bc3c38e055f78ab606997792d755fe352320e299,"Catat gaes 
Ganti velg = potensi garansi hangus",2,2024-06-05T14:13:40Z,2024-06-05T14:13:40Z,2026-09-27T14:02:27.731586+00:00
UgwqXMXnJd8cHUlQIxR4AaABAg,W3G8V7xV3-Y,0b46fcf9ea4fdb8dbd51a574aca524989a2e2ccba467598c00d6178f9a87d7d6,"Garansi baterai seumur hidup dengan term and condition seperti itu  samjubong dong ,sama juga boong😂😂😂",0,2025-01-21T09:02:48Z,2025-01-21T09:02:48Z,2026-09-27T14:02:27.731586+00:00
Ugyq3vR6KgV0XZmToOx4AaABAg,W3G8V7xV3-Y,335744b8cd21ba1c4d4f787a1bd1e98bfc7fd57e07cb6d05e21d5d6c0463f284,"ketika tanya ke sales nya amankah kalau banjir? aman, tapi gak digaransi kalau banjiir 😂😂😂",0,2025-06-25T12:52:48Z,2025-06-25T12:52:48Z,2026-09-27T14:02:27.731586+00:00
UgyMr8neAnVCYijNm3R4AaABAg,W3G8V7xV3-Y,eb054686753a6ccf106fd0e526397089e8e58eef802e5a9a8fc95829fdaa9c9c,"garansi seumur hidup itu omong kosong. yg garansi 3-5 tahun aja dah males dan banyak yg skip prosesnya aplg yg seumur hidup. yg bikin males pake garansi itu proses klaim dan waktu tunggunya, ribet dan buang waktu.",4,2024-06-05T13:59:54Z,2024-06-05T13:59:54Z,2026-09-27T14:02:27.731586+00:00
UgzypJWI289kT9TooAN4AaABAg,W3G8V7xV3-Y,ef445d98fb6de2f671ae667905cdbd14d3c40dc06f322ad018010ba9d4febfa8,YLKI hrs trn tgn soal garansi...soalnya garansi ga msk akal...seperti akal2 mrk,0,2025-01-19T01:14:42Z,2025-01-19T01:14:42Z,2026-09-27T14:02:27.731586+00:00
UgyApRw-vXuyCuh8W5p4AaABAg,W3G8V7xV3-Y,e8d0c69225cd80017dba44072aa349f3e18201dbb7d07ebf008fc519ad3b0b29,Ribet juga ternyata,1,2024-06-05T15:27:20Z,2024-06-05T15:27:20Z,2026-09-27T14:02:27.731586+00:00
Ugymd5Ji-sM4U5LRXdl4AaABAg,W3G8V7xV3-Y,bac6bb4e0b777581a4030fdd76c3a27ccc935d81e171c43b7416defedb809051,Mobil listrik buat taxi online yg worth apa jd nya koh?,0,2024-06-06T04:25:40Z,2024-06-06T04:25:40Z,2026-09-27T14:02:27.731586+00:00
UgzBYWtNfp5RcTT7KoR4AaABAg,W3G8V7xV3-Y,de10c2ba79ef4ea0d52d83ef0369c2692ac2fad9d9bc1aa29348673728fe7379,"Terbakar karena faktor diluar cacat produk yang gag ditanggung, kalau cacat produk tetap ditanggung. Terus pelajarin lagi batere apa yang dipake wuling, kok bandinginnya ama tesla. Wuling udah banyak yang nerjang banjir bahkan dibawa arus masih aman, lagi2 kok bandinginnya ama tesla. Masalah 2nd pelajarin lagi, garansi hilang hanya garansi seumur hidupnya, tapi 8 tahun nya tetap jalan kalau sudah berpindah tangan. 

Sayang minimnya info jadi bisa missleading. Mau bandingin tesla dengan wuling ada baiknya bandingin secara global aja, berapa banyak kasus tesla kebakar di banding wuling? Google dah biar makin paham biar bandingin2 mobilnya yg apple to apple.",2,2024-06-06T00:40:02Z,2024-06-06T03:45:48Z,2026-09-27T14:02:27.731586+00:00
Ugy6q8jN0xQTz1yD1r54AaABAg,W3G8V7xV3-Y,cff8f64e15de955d33e0e7264134bde537669b9a3831903a21977302714e5be5,"Garansi tangan kedua dst berlaku normal 8th bukan berarti hilang garansi. Gpp kalo ga suka dan curiga sama merk yg baru satu ini, masih percaya sama jepang2an silahkan aja... Skandal nya aja udah banyak, kalo sy lebih baik open minded aja, yg lebih baik ya akui lebih baik. Mau wuling, MG, Chery, BYD, udah jelas lebih bagus drpd jepang2an kok.. Jangan selalu alesan sparepart wae..

Sedikit sharing aja, sy punya 2 cortez, yg satu udah jalan 147rb kilometer dan ga pernah masalah di mesin atau apapun yg besar. Paling masalah di aki habis, yg itu sangat wajar sekali. Kaki2 ganti, juga wajar krn pemakaian. Cuma ganti 2x, yg pertama free karena garansi. Soal sparepart, utk cortez rata2 ready kok. Sy yakin kalo confero, cortez, dan almaz mereka ready banyak sparepart. Kalau ev krn masih relatif baru, mgkn masih terbatas ya wajar om... Krn apa? Mereka bikin mobil ngga gabung2in spare parts yg sama di mobil yg berbeda.. Artinya setiap mobil komponen nya ga banyak yg sama.. Lagian, utk EV itu adalah mobil yg komponen nya ga ribet kayak mobil ICE biasa.

Sengga suka nya merk Cina atau spesifiknya Wuling, jujur sih, sebagai eks pengguna toyota dari dulu dan sudah beralih ke Wuling, gw merasa Toyota selama ini sudah kasih kita barang jelek tapi kita nya ttp seneng aja.. Betapa bego nya gw dulu dan baru sadar selama ini kita cuma dicekoki barang jelek model garang.

Skrg sy jual cortez sy yg 147rb kilometer dan ganti cloud ev. Saya ngrasa kayak orang desa beli mobil, saking banyaknya fitur baru dan utk mempelajarinya butuh waktu banyak jg bagaimana teknis nya ketika dipakai. Sungguh selama ini kita dibodohi otomotif jepang 😂",3,2024-06-05T23:54:59Z,2024-06-05T23:54:59Z,2026-09-27T14:02:27.731586+00:00
Ugzjb9CkppRpkmMdK1B4AaABAg,W3G8V7xV3-Y,53c5f6437f08842c57fd5cc069562300eab2e83cd580ff351c47b0a7be3aad25,Berarti mending yang 150 RB km) 8 tahun dong,0,2024-06-12T10:21:34Z,2024-06-12T10:21:34Z,2026-09-27T14:02:27.731586+00:00
UgySOJAoIZI23Z6nA9t4AaABAg,W3G8V7xV3-Y,5a77fd232eb9b07b4ac86a2ca066c0c7cae56fc733c9fe8e9c5aa40f911dcac8,"kalo gue liat, konten ini kok semacam menggiring opini ya. dia orang ga pernah tanya langsung ke ATPM, tapi berani bikin konten yg meresahkan. udah saatnya kita beralih ke EV & tinggalkan ICE.",0,2024-07-25T07:49:52Z,2024-07-25T07:49:52Z,2026-09-27T14:02:27.731586+00:00
UgxthQiWGClMShm4W_J4AaABAg,W3G8V7xV3-Y,d52f08d655f6cc33fbdd05d71e45e914491adf40b218aa5310e19bdeb2d1458a,Kalau modifikasi sound system (menambahkan ampli dan mengganti speaker) gugur ga  garansinya ? mengingat Binguo sound systemnya jelek.,0,2024-11-03T00:44:30Z,2024-11-03T00:45:43Z,2026-09-27T14:02:27.731586+00:00
UgxlHbEAoxMXbMswoNp4AaABAg,W3G8V7xV3-Y,63f685a5c8130d1b4e60f1bcbf5d510608f7288a328962b31d8b6223701a58dd,"Gimana cara wuling mendeteksi orang yang bawa ke bengkel servis/claim garansi adalah orang tangan pertama? Bagaimana jika kasusnya adalah ayah yang merupakan tangan pertama dari mobil tersebut meninggal, lalu apakah saya sebagai anaknya tidak bisa servis/claim garansinya?",0,2024-06-17T00:33:55Z,2024-06-17T00:33:55Z,2026-09-27T14:02:27.731586+00:00
UgwT0PxgODQD-PJPelx4AaABAg,W3G8V7xV3-Y,effdc0a8cb163bfa4d68770a441f59deb50dd923a914e7aec5878736afa2e347,"Poin 8, garansi hangus jika wuling indonesia bangkrut",0,2024-06-05T15:02:16Z,2024-06-05T15:02:16Z,2026-09-27T14:02:27.731586+00:00
UgwCkdEFmKesfeL2KQh4AaABAg,W3G8V7xV3-Y,798402ee61c47c980a977661a38201c5ad22347bf055150da729d284b278d2c9,"Kalau AirEV dan Binguo kan velg kaleng dikasih dop, kalau ganti velg ga boleh terus dop nya hilang dicuri waktu parkir di mall dll gimana dong?",0,2024-06-05T13:48:32Z,2024-06-05T13:48:32Z,2026-09-27T14:02:27.731586+00:00
UgzMc_9ACQ49T-XVUUt4AaABAg,W3G8V7xV3-Y,979380aea9ae59fd0f14fd7eb547cb3a90d0a4c9c07be73bd62ce32908e954af,masih ragu ber alih ke electrik slama infrastruktur blum lengkap dan charging station blum merata di sulawesi masih jadi penggemar diesel mitshubishi saya nya,2,2024-06-05T12:07:26Z,2024-06-05T12:07:56Z,2026-09-27T14:02:27.731586+00:00
UgyBhwRSl90ncWAFaRl4AaABAg,W3G8V7xV3-Y,7b9e1597b85d094cffbe4d144cedb06343efe30c284458c5c1d87a8d66926720,sekennya gak laku pasti,0,2024-07-22T12:00:45Z,2024-07-22T12:00:45Z,2026-09-27T14:02:27.731586+00:00
Ugw5ShA8CC6RTKjokMx4AaABAg,W3G8V7xV3-Y,06dd0fdd65ac05c3f7ee6fdd7bd320a71205a849f98e8e25d2e1d35f7f92453d,"Ganti velg aja motor listrik beresiko rusak
Banyak syarat aturan ribet 😂😂

Isuzu panther royal saya aja udah 400 ribu km lebih
Engine fine2 aja ga pernah problem (tangan pertama dari baru) 1996
Kaki kaki rusak wajarlah😅",0,2024-06-07T08:52:57Z,2024-06-07T08:52:57Z,2026-09-27T14:02:27.731586+00:00
UgwH5OgcMjDephOxSZl4AaABAg,W3G8V7xV3-Y,cb32ea3a527b9765d3eeccbfac8ab976c0fb2df9435ec7283257aee8980056d1,Assalamualaikum ko lung lung,0,2024-06-05T12:14:52Z,2024-06-05T12:14:52Z,2026-09-27T14:02:27.731586+00:00
Ugw-Bha-oi6b5Zc6v9N4AaABAg,W3G8V7xV3-Y,3d58ea9808eb305afc0398fe825dd458ce94be1537eacce6a1c353a5ead5b89d,"Saya rasa syarat dan kondisi life time waranty nya wuling cukup fair... Saya garis bawahi mereka menjamin kualitas  ev dia, bukan menjamin ketololan pengguna misalnya menerjang banjir atau memperlakukan ev tidak normal sehingga terjd kebakaran...",0,2024-06-10T05:38:56Z,2024-06-10T05:38:56Z,2026-09-27T14:02:27.731586+00:00
Ugz8WPRt-N6VnJu3dWx4AaABAg,W3G8V7xV3-Y,821120c6f476886801da02b6560661f395fa22311b9ef8c7768a608dae973b9d,#mendangmending bagus beli mobil listrik skrang atau masih bagus mobil BBM?,0,2024-06-05T23:59:01Z,2024-06-05T23:59:01Z,2026-09-27T14:02:27.731586+00:00
UgxAewF3poW8gcJOTgl4AaABAg,W3G8V7xV3-Y,c7264e67b7e9e56eb1603d02e1a3cec76c90cb3ad3a7f782169273deeaac26dd,"Dan mungkin garansi hangus karena tabrakan .....
Nih juga agak rancu .. lecet saat parkir apakah ini juga membuat garansi hangus

Mohon penjelasan dari sisi DOMO",0,2024-06-05T16:28:04Z,2024-06-05T16:28:04Z,2026-09-27T14:02:27.731586+00:00
UgyK9t-BaS64YJU4iA94AaABAg,W3G8V7xV3-Y,48f164aaa07f5b46440e9c7e09ca2a8963a8ad776dd9318b95ea78c3bf7cc2be,Mobil listrik di wakanda 😂😂😂😂 wakanda aja sering mati listrik,0,2024-06-06T08:56:51Z,2024-06-06T08:56:51Z,2026-09-27T14:02:27.731586+00:00
UgzMxt4-iEp1ERxrPBJ4AaABAg,W3G8V7xV3-Y,e6e69f8167bda8ea059a82457e62132ddbaf65d98885c571f5e5cb6c3f1e0215,"Garansi seumur hidup, tp setelah 10thn apakah masih ada sparepartnya, ntar alasannya parts tdk produksi lagi... 😁",0,2024-06-05T16:19:38Z,2024-06-05T16:19:38Z,2026-09-27T14:02:27.731586+00:00
Ugw_RLbr5eWkOWH49kt4AaABAg,W3G8V7xV3-Y,9dfe74d53225a519d647c9f15853d3f5c133ca24a5ecb97e3d98873aed58c105,Begitu kena musim mati lampu kelar ini mobil😂😂,0,2024-06-05T17:36:41Z,2024-06-05T17:36:41Z,2026-09-27T14:02:27.731586+00:00
Ugx2hH4R_sm2oYlEpTp4AaABAg,W3G8V7xV3-Y,54744c0d04a07bb9fa69bc9cd177c006c2bef02bb383fca50e708a972bd230b7,"Cepat lambat brand china akan kuasai market di indonesia maupun dunia. Hanya masalah waktu saja. Saya sndri pengguna wuling almaz.saya dlu pengguna inova,altis,cx5",1,2024-06-06T00:39:45Z,2024-06-06T00:39:45Z,2026-09-27T14:02:27.731586+00:00
UgwCDwdLFpDElb_736R4AaABAg,W3G8V7xV3-Y,8dfc69214c850dc707e3aa8f9beccdeb6ba4b730f74fbf031feeef0a53fd6f3b,"Garansi yg bikin pening,intinya engada garansi.. lebih baik beli secon ajah 😂😅",0,2024-06-06T16:02:53Z,2024-06-06T16:02:53Z,2026-09-27T14:02:27.731586+00:00
Ugw_E5eEXCmpKYh-1BB4AaABAg,W3G8V7xV3-Y,67977762c698cd9c25627dbda0f204b03982428a17daede4cc7e47feb43de3ac,"Wuling reputasi After salesnya belum bagus, percuma nanti kalau rusak nggak bisa diperbaiki. Dan kalau nunggu partsnya bisa 3 bulan.Mending cari yg pasti pasti aja.Penjualan Wuling juga lagi jeblok kok.otomatis resale valuenya juga rendah.",0,2024-06-08T12:09:54Z,2024-06-08T12:10:42Z,2026-09-27T14:02:27.731586+00:00
UgywpDC4ISfO10GXSGB4AaABAg,W3G8V7xV3-Y,1cd78e4beb75c7673ef5f32e73cb0f289b1aee7cbfdf055af122c3d7db5b6763,"hallo...wuling Perbanyak Lah Spareparts MU KARENA YG BELI WULING BANYAK NIH, MASA SEPION SAMA KUNCI AJA GA ADA😂😂😂",0,2024-06-06T01:08:32Z,2024-06-06T01:08:32Z,2026-09-27T14:02:27.731586+00:00
UgyPr7_19QefBxF9rkN4AaABAg,W3G8V7xV3-Y,9f8348c14726e83780b45ac2d841eee379ccd28002d8d3aa17d62c2ff2ea7871,Garansi gimmick aja ini 😂,1,2024-06-05T14:29:55Z,2024-06-05T14:29:55Z,2026-09-27T14:02:27.731586+00:00
UgwBmNh9J6RasOhagtJ4AaABAg,W3G8V7xV3-Y,60d5eba6f75b8f832f214cdaa2a1ac40c0583727bd09940919f2aff227861ccc,Makanya wuling nggak laku secondnya.jangan beki wuling second.,0,2024-06-05T15:18:09Z,2024-06-05T15:18:09Z,2026-09-27T14:02:27.731586+00:00
UgyGxgbTVARvh0R57GZ4AaABAg,W3G8V7xV3-Y,40b7053870bde13024fa60590d8615fd594017aabc18dd2a1d46a291f9e7ac8c,"Hanya orang berduit, dan kepo mobil listrik yg mengindahkan klausul ini...Ruwet ah untuk kaum mendang mending.. Mendingan beli mobil normal saja non EV",2,2024-06-05T15:09:10Z,2024-06-05T15:09:10Z,2026-09-27T14:02:27.731586+00:00
UgxCQkXTSaLG8kNS7zh4AaABAg,W3G8V7xV3-Y,3a65b94bdf8d559d55244e9680f2efc9bd47a37367347fcc1430c6925cca949d,"Kalo tidak buru-buru mungkin sebaiknya menunggu beberapa bulan lagi, baca-baca data penjualan Wuling EV penjualannya menurun karena banyak saingan dengan fitur lebih, bahkan sudah disalip oleh Cherry, siapa tahu dalam beberapa bulan diskonnya tambah besar hehehe",0,2024-06-25T06:22:26Z,2024-06-25T06:22:26Z,2026-09-27T14:02:27.731586+00:00
UgzNZC3Uvbh4TpreUgJ4AaABAg,W3G8V7xV3-Y,04aab96ebb7e0ee6a81163145d6630fc95cf9ff4c30a54bf34a9f6fdaf13f649,Apakah ganti ban termasuk modifikasi pak?,0,2024-06-05T12:29:20Z,2024-06-05T12:29:20Z,2026-09-27T14:02:27.731586+00:00
UgxOCC0f6oPGKl9Hi-V4AaABAg,W3G8V7xV3-Y,235d2102fa9a77c97543d6373c86deda6bb8cf727400e017313f489e217d55a5,"Tercium aroma harga second air ev anjlok parah gara"" Garansi",1,2024-06-05T12:30:54Z,2024-06-05T12:30:54Z,2026-09-27T14:02:27.731586+00:00
Ugzg1QyG1tiyIh1-K4t4AaABAg,W3G8V7xV3-Y,8e3f76a96088aa834ec96bd7b69c63159fe4b0b3dd9d2227d28d82f5b27dd571,Bang. Lu ni ngkong tp knp gabegitu support produk dari leluhurnya...(Chinese )Tp salut sih objektif,1,2024-06-05T15:22:39Z,2024-06-05T15:22:39Z,2026-09-27T14:02:27.731586+00:00
Ugw3m5BdbUgLZiJdfU14AaABAg,W3G8V7xV3-Y,56d88e26a3544048c140ec7ba2bd5552b53dbc06faebdd792375d4a170f9689f,"Sparepart fast moving kalau masih susah, apakah baterai ready pas mau klaim? Semoga bukan trik penjualan saja 😆",1,2024-06-05T12:19:23Z,2024-06-05T12:19:23Z,2026-09-27T14:02:27.731586+00:00
UgwPlMO3ch0ukqCq8rt4AaABAg,W3G8V7xV3-Y,64f651565461bda47419e75ebb615cf44cf38eb9c93715e05a37749a6450383d,"narasinya menjelaskan tentang wuling selalu tidak profesional(mkst sy bukan membela wuling atau menyalahkan si kokoh, cuma selalu ada imbuhan kalimat yg terkesan sentimen)",0,2024-11-22T10:28:07Z,2024-11-22T10:28:07Z,2026-09-27T14:02:27.731586+00:00
UgzG2wZXv7HVs4JZRMh4AaABAg,W3G8V7xV3-Y,ce8f8186d3e64ddc6d7da71d3759f4e59ec071c30434ea19e8f9ddc75b27a47a,Penjajah ekonimi😂😂 isinya mengakali tokk dg aturan yg koclok,0,2024-06-07T15:59:28Z,2024-06-07T15:59:28Z,2026-09-27T14:02:27.731586+00:00
