comment_id,video_id,user_id_hash,text_original,like_count,published_at,updated_at,extracted_at
Ugyc2M7NWY_akL6jw7V4AaABAg,G_acqAJrRso,1ffdd7b71d8b758ba2fda70c8489c5f6f1ac50efa1cd48b3043031f7decb71d5,"Gila sih, saya terbiasa beli mobkas, gak pernah sepengen ini beli mobil baru, sangat2222 worth it 🤲🏻🤲🏻🤲🏻🤲🏻",224,2025-11-14T14:55:09Z,2025-11-14T14:55:09Z,2026-09-18T04:38:30.738340+00:00
UgwulS5ZnSQo1XgY57h4AaABAg,G_acqAJrRso,fbd5eb834774d29e7c90dd3fbffc19356f237826108373895404730ce479c727,"Harga segitu gacor banget sih! Brio, Agya, HRV auto bye bye 😂😂",70,2025-11-14T14:46:48Z,2026-04-11T11:39:35Z,2026-09-18T04:38:30.738340+00:00
UgwTWO6yKN3FXmSVzsN4AaABAg,G_acqAJrRso,ac60c02d0d2d6cc6ba16e903ed3fccb2855d42a75966540879e80b1d91c443c1,"carmudi ini jagatreview nya otomotif, detail bgt👍",62,2025-11-14T15:05:42Z,2025-11-14T15:05:42Z,2026-09-18T04:38:30.738340+00:00
UgzX2HRd5KnvTEoRjX94AaABAg,G_acqAJrRso,67add4b7de128ae7a86f45c35c3bae27aff54efd83ca112cdd5de7fc12f57bd0,"EV paling ganteng di range 200-300 jutaan, menurut keyakinan saya 😆",5,2026-04-11T03:16:54Z,2026-04-11T03:16:54Z,2026-09-18T04:38:30.738340+00:00
UgxZ5xKKR_upNBtwW2d4AaABAg,G_acqAJrRso,f8ce334270012b1fc72c0c5552383d782b7339667a7fc31331b14a49f3136dd6,I can tell carmudi put a lot of research and amount of time making this video. Great job being so thorough.,9,2025-11-15T10:18:53Z,2025-11-15T10:18:53Z,2026-09-18T04:38:30.738340+00:00
UgxCXXbM0whTDFzO4MR4AaABAg,G_acqAJrRso,0aee3f495343b9d21407e72037b8f41ae6e1e13fa84c1678abab744c0c1411d5,JAECOO = Jaguar - Chery Cooperation,14,2025-11-26T19:22:00Z,2025-11-26T19:22:00Z,2026-09-18T04:38:30.738340+00:00
UgxFnjqS6iiQ5E6H8tJ4AaABAg,G_acqAJrRso,a10a09b1efb8328ab5e16510c35e86827305ea1df15e6278709b4b737789e277,"Paling suka review-nya Carmudi, sblm di bahas satu per satu dia terlebihdahulu ngasih tau ini merek dari mana,subrand apa dan asalnya😍😍😍 apa lagi kan ini merek mobil terbilang baru untuk pasar indonesia",51,2025-11-14T14:03:59Z,2025-11-14T14:03:59Z,2026-09-18T04:38:30.738340+00:00
UgxK7ZJO8_14l6xczst4AaABAg,G_acqAJrRso,f474235f70c3e171e996fe0b97289ea6277b0889adba14bb9238872c224cf894,Waah.. gw kalau punya mobil ini blm tentu inget bahwa ada fitur ini itu nya... BUANYAAAKKK BANGED FITURNYA !!!,13,2025-11-16T03:02:11Z,2025-11-16T03:02:11Z,2026-09-18T04:38:30.738340+00:00
UgybmEtF66o1MrF8nt54AaABAg,G_acqAJrRso,c85e139616a6b0c6a27da7e809af333e0b291fe6d357ad85f011fbae1e3d1e5c,"semoga harganya tetap sama diteruskan meskipun sudah ada 1000 pembeli, dan tahun depan harganya juga masih sama, jadi saya bisa beli mobil ini, aamiin,,",8,2025-12-04T00:57:31Z,2025-12-04T00:57:31Z,2026-09-18T04:38:30.738340+00:00
Ugw9m31evxdIJHEn6el4AaABAg,G_acqAJrRso,c668e0cf68d5a2086057cbd149544ec467be45b0ff6614c6e9b3c68c3a167652,"fix.., kualitas & fitur bintang lima harga kaki lima, gila nih mobil",9,2025-11-16T03:52:01Z,2025-11-16T03:52:31Z,2026-09-18T04:38:30.738340+00:00
UgwWAm7raVUrGgWv5Il4AaABAg,G_acqAJrRso,d07b100378f35c9eebfac5ecb17a1478946864b7ce92e782e40df7e7715f1e93,carmudi selalu jd channel review mobil favorit. selalu kasi opini objektif dan masuk akal dan ga fanatik merk Jepang seperti channel lain terutama molad**,5,2025-11-20T12:01:50Z,2025-11-20T12:01:50Z,2026-09-18T04:38:30.738340+00:00
UgyEpr5ea8wQFBtZbh14AaABAg,G_acqAJrRso,515b4fe27c1e0b2649b60b164a892208cc16511f624fdfeaea51d1f1c200e322,Ga mau lihat review jaecoo sebelum keluar review nya carmudi,44,2025-11-14T12:35:36Z,2025-11-14T12:35:36Z,2026-09-18T04:38:30.738340+00:00
UgwwCTHNUkIf1R-W5a54AaABAg,G_acqAJrRso,b2cca57b9971346607076b3c8a50724f2ed10427846f6fd95c20a65b9b3e0b02,"Carmudi waarbiyasah.. Bahas detail, padet banget info-nya, klo nonton kadang kudu atur speed lbh lambat biar dapet smua infonya atau stop ulang bbrp kali.. Kereen, Txs Bro.. 👍",5,2025-11-15T03:34:51Z,2025-11-15T03:34:51Z,2026-09-18T04:38:30.738340+00:00
Ugy6No54oNchIX5ZNB94AaABAg,G_acqAJrRso,4997dd0d6bc9e28ec6c8e33326399b95cdd35647c9e1aab103d926e62eb3a001,"Akhirnya yg ditunggu2 keluar, review Jaecoo J5 dari Carmudi 😍",8,2025-11-14T13:42:45Z,2025-11-14T13:42:45Z,2026-09-18T04:38:30.738340+00:00
UgzwHtD1-s1O2i8GjOp4AaABAg,G_acqAJrRso,82cdd76df0ccc6fac7dfea999a388341b18cceae02e0cef31344645fbab5203c,"Baru pertama kali test drive mobil listrik di gias makassar, dan itu jaecoo J5, emang nyaman dan tenaganya instan,. Klu ada duit mungkin udah dp mobil ini 🤭",10,2025-11-14T13:11:45Z,2025-11-14T13:11:45Z,2026-09-18T04:38:30.738340+00:00
Ugw_VPv8ioiwmEaXVqB4AaABAg,G_acqAJrRso,90f4d69ae294ed81bd9c224b7aafc6a6a497846f69f9c289675b4ed1fc46afb7,best car reviewer 🫡,6,2025-11-14T16:33:40Z,2025-11-14T16:33:40Z,2026-09-18T04:38:30.738340+00:00
UgyDz4gdyloyK_OWEuh4AaABAg,G_acqAJrRso,e88e63826f9c1806c9f186326a72c187a4224c45d3105d67e192c1375d2ee08a,Saran dari saya : next mungkin bs ditambahkan suara artificial waktu maju dan mundur untuk EV dan Hybrid cars.,2,2026-01-27T10:47:46Z,2026-02-08T14:33:13Z,2026-09-18T04:38:30.738340+00:00
UgwzvCD9XDp10mLVxA54AaABAg,G_acqAJrRso,4954bf4cb4b8ba54dee48c31affa1bbf7b7719276eb0fb15c0f7a1c9a0a7c1ca,Terlengkap Carmudi. Lama bgt dicariin review mobil ini akhirnya keluar juga...,3,2025-11-14T22:45:45Z,2025-11-14T22:45:45Z,2026-09-18T04:38:30.738340+00:00
UgySlu2xCx7T9pjo5Rd4AaABAg,G_acqAJrRso,5b6e443560b65e2f6a6030508a93b898d35e3c2518f84413541a1345e0a989d5,Carmudi klw sudah review emang manteeeplah..lengkap detail jelas,3,2025-11-15T12:02:23Z,2025-11-15T12:02:23Z,2026-09-18T04:38:30.738340+00:00
Ugzy-zYf26A3enYR0MV4AaABAg,G_acqAJrRso,24689fa524e893220552ba0279fef9bc348d8b29cd7165f86b377f890654eaf5,Sudah ditest range real 470km oleh Moladin🎉,16,2025-11-14T20:23:27Z,2025-11-14T20:23:27Z,2026-09-18T04:38:30.738340+00:00
UgxwcOkhZcVlUw3olKR4AaABAg,G_acqAJrRso,fb2b47fdef1a8c445857b04b8e598892c2bc2112138e8c1e940ba520278a74b1,Review J5 yang g tunggu2 dari kemarennn 🎉,2,2025-11-15T00:11:17Z,2025-11-15T00:11:17Z,2026-09-18T04:38:30.738340+00:00
UgzTsA2mUqhF75cB0Vh4AaABAg,G_acqAJrRso,0c21ee171f8151b018604911ae3c052791fdfb7e0e3baedf6144d3bedb1e5270,Audio semakin membaik. Bicara dgn nafas tersengal sengal kayak mo sekarat udah minim kedengaran. Congrats 🎉,0,2025-11-19T14:46:24Z,2025-11-19T14:46:39Z,2026-09-18T04:38:30.738340+00:00
UgxDqQjgrHVbqJd3iB94AaABAg,G_acqAJrRso,43e27e1af0a7849000579fed76e823e7ce3692e2715cf9a584152ccf0bab7a9c,"Akhirnya SPK ini, dengan kandidat Atto 1, E5 dan Geely EX2 yang harganya tak nongol-nongol.

Semoga deliverynya tak selama yang dibilang salesnya.",41,2025-11-14T14:34:22Z,2025-11-14T14:34:22Z,2026-09-18T04:38:30.738340+00:00
UgxpuOkSzt86iWmTSQV4AaABAg,G_acqAJrRso,6ec3c304ac404026dc8b882e6ca9cdcc54044b9e34e501e61f2a2a34eabe9921,Menyesal nonton sampe akhirr. Sukses trs om gundul,1,2025-11-15T01:33:21Z,2025-11-15T01:33:21Z,2026-09-18T04:38:30.738340+00:00
UgzYcXZFdKTsClc6lTR4AaABAg,G_acqAJrRso,01f976c9e43ab343f1c1c82dbcae12eb008e0184bfe9b79f11906f309918b55b,Minta review wuling darion jug dong. Masih tunggu review dari carmudi😂😂,2,2025-11-14T18:00:13Z,2025-11-14T18:00:13Z,2026-09-18T04:38:30.738340+00:00
UgyfqQA_mF4u6pIX1bh4AaABAg,G_acqAJrRso,008837d14bbd749d42e563a6ebbafd812f39572b889486988aebebbe304ccb2b,Mantepp dah klo carmudi review mobil 🥳🥰,2,2025-11-15T00:38:16Z,2025-11-15T00:38:16Z,2026-09-18T04:38:30.738340+00:00
UgytEDkSJhJipaHESQZ4AaABAg,G_acqAJrRso,c4040042a393f61c6e35103797ecf4927fba66229c3de5b0c2e716da00b6f109,reviewnya selalu detil rinci dan enak diikuti buat yg ingin tahu fitur lengkap mobilnya...bravo carmudi,0,2025-11-24T03:41:46Z,2025-11-24T03:41:46Z,2026-09-18T04:38:30.738340+00:00
UgwvoFokHLQmd8AOQ654AaABAg,G_acqAJrRso,8066b4cc883c074e3ff92475a7db5f7860f4c4900aeea8b9adc6e11ea35cfa54,"""Nice yah""!!! 👍👍 Suka banget dgn cara jelasin nya. Singkat, padat dan berbobot👍👍",0,2025-12-06T15:42:15Z,2025-12-06T15:42:15Z,2026-09-18T04:38:30.738340+00:00
UgwOq7zT5aLp7M91Usl4AaABAg,G_acqAJrRso,81f1cfb2fa1b788abf097f864c6e52e92e96d05679bfca8c16cb99ad44b2fc8b,Sayang tapi batrenya ga rata bodi ya tapi dengan harga begini apa yg mau di complain lg❤,2,2025-11-14T21:03:04Z,2025-11-14T21:03:04Z,2026-09-18T04:38:30.738340+00:00
UgyibaB-WqDKFKvCqhZ4AaABAg,G_acqAJrRso,2d90f147d4214683114ef3c05c3535f9085b9f315ead88a0f525d8da84f1c08e,Yang ditunggu.... Review jaecoo j5ev dari carmudi,2,2025-11-14T13:37:40Z,2025-11-14T13:37:40Z,2026-09-18T04:38:30.738340+00:00
UgxQut9MHAdjwGIOj0V4AaABAg,G_acqAJrRso,093102f689b1309f3b678c117a82062b46e3b364d4ba6a83fc03c170518f1302,Fitur paling tertarik buat gw itu adalah organ style pedal 😀,1,2025-11-14T15:48:49Z,2025-11-14T15:48:49Z,2026-09-18T04:38:30.738340+00:00
Ugy7ehMtkF60jrgsHCd4AaABAg,G_acqAJrRso,957109152de5b7ac2c0f062494a13f889b578748cab78db4821b8fa5522cb9e3,"Yang ditunggu, dari channel ini",3,2025-11-14T11:59:37Z,2025-11-14T11:59:37Z,2026-09-18T04:38:30.738340+00:00
UgwZV9sqEQSrTAc5TaB4AaABAg,G_acqAJrRso,a696d85ff38ff743fab8da634e9e3770c3bf24fcc6d31d2f646089d420d01646,"300 juta dapat lengkap begini mocin sekarang memang gila, mopang terasa kemahalan banget",47,2025-11-14T14:06:10Z,2025-11-14T14:06:10Z,2026-09-18T04:38:30.738340+00:00
Ugwm7fSIpDuR8fw0JzB4AaABAg,G_acqAJrRso,f834266328e4f66a25252fffe783f7870e52f70f1f14b580c5cff66ebe0098f6,emang kalo ngereview sedetail itu carmudi👍,0,2025-11-17T03:20:47Z,2025-11-17T03:20:47Z,2026-09-18T04:38:30.738340+00:00
UgzJAy9uV4Szt24DrdV4AaABAg,G_acqAJrRso,2bfe01b1bb500aa64518f13085c65b862f65383b51691ce87af214f491d18b66,"Keren n worth to buy...thanks car mudi udah ngebahas, jadi makin yakin...",0,2025-11-23T23:48:55Z,2025-11-23T23:48:55Z,2026-09-18T04:38:30.738340+00:00
Ugwnrf7-UDcZPTpJAJB4AaABAg,G_acqAJrRso,4e601b37ef87e0c831ddfb891eab344d1256797ff5ff6cc150b21dc580d11069,Sepengen ini saya untuk mobil listrik pertama,1,2025-11-15T01:03:38Z,2025-11-15T01:03:38Z,2026-09-18T04:38:30.738340+00:00
UgwcoNdpP5ok-uHjvyN4AaABAg,G_acqAJrRso,e01bd10de876d6e01d4e8323692fc08d4cfdac742ce809c35dccd9ce1f2f3232,"Selalu puas nonton di Carmudi, semoga bisa dapat yg gasoline 😀",0,2025-11-14T18:24:37Z,2025-11-14T18:24:37Z,2026-09-18T04:38:30.738340+00:00
UgyVAuwS0ilsAS-OKsp4AaABAg,G_acqAJrRso,119e8e473f03bbb338a1e6d905f5d7b835976891da76e9d9fa6c34e100c01346,sudah booking hari pertama setelah harga keluar.. sekarang nonton ini untuk penjelasan detail melebihi sales.. wkwk,8,2025-11-15T01:38:21Z,2025-11-15T01:38:21Z,2026-09-18T04:38:30.738340+00:00
Ugx6kdPQQP2XlGqEwbN4AaABAg,G_acqAJrRso,578fd2c7b46d0a0d7e6dd8e1191e3cad890cc1920b42aa0850428c2d6ecf0368,"Murah blm tentu dibeli
Mahal juga blm tentu dibeli",1,2025-11-15T08:43:11Z,2025-11-15T08:43:11Z,2026-09-18T04:38:30.738340+00:00
UgzRbPtb9wSLAa4VUxt4AaABAg,G_acqAJrRso,4aa390c1be03481a819f40a2468cfe9397b28e24dfd32d3771cb688adc313970,Akhirnyaa review yg ditunggu2,0,2025-11-14T15:05:50Z,2025-11-14T15:05:50Z,2026-09-18T04:38:30.738340+00:00
UgzIWF2IaUJxQUByfpN4AaABAg,G_acqAJrRso,faac2aa427872708124db6222e25b369800d1aaff44125a308a8aa76fd3b9796,video editornya layak untuk naik gaji ^^,0,2025-11-16T13:37:02Z,2025-11-16T13:37:02Z,2026-09-18T04:38:30.738340+00:00
UgwksCtjL0D1hjInQd94AaABAg,G_acqAJrRso,954d922bf40dc829fd9ff5dbc295b41c5414d4b0a59c347e23e83a694675ddb1,Perang pasar otomotif menurutku paling sengit mulai pertengahan 2026 nanti,1,2025-11-15T03:10:04Z,2025-11-15T03:10:04Z,2026-09-18T04:38:30.738340+00:00
UgzcQqiv-BU8cvemf-x4AaABAg,G_acqAJrRso,ba007b08961e2f5c83c9c8bd3c17a9d55974ff26c27e1d519076c67fa2dde900,"Ganteng parah, ini kalau diibaratkan Toyota Rush x Range Rover. Allahumma sholi ala Muhammad semoga bisa beli 😍",0,2026-02-13T17:13:40Z,2026-02-13T17:13:40Z,2026-09-18T04:38:30.738340+00:00
Ugy9JW0d4qyTlAqlGal4AaABAg,G_acqAJrRso,021473e703d9d80eeb233fde08c62819e128c3824aad70739b630986aa88431d,dari sekian mocin ini salah satu mocin yg desainnya keren banget dengan harga yg worth it,0,2026-05-05T08:08:22Z,2026-05-05T08:08:22Z,2026-09-18T04:38:30.738340+00:00
UgwF_Hs3z_8N7BtEYT94AaABAg,G_acqAJrRso,6f1318e97dddc6a13170072d9230ad3d55e4aa2fd3dd27cbbea328158b43a70f,Review carmundi emang paling topcer detail n alusss,0,2025-11-15T05:08:19Z,2025-11-15T05:08:19Z,2026-09-18T04:38:30.738340+00:00
UgwbxX7RQt-DpMEOpP54AaABAg,G_acqAJrRso,b5dc739fdf21fa19ce4870346ec8e679384b2c77bbd743adbbc44a1794b9ccb9,naikin gaji editor om😊,2,2025-11-14T12:51:36Z,2025-11-14T12:51:36Z,2026-09-18T04:38:30.738340+00:00
UgxzbXEIiMXiTzTiYEt4AaABAg,G_acqAJrRso,20a80d939c6fdfb5b79a04c97d05c4ee62b62cf06a21a02458b8d2a318d08924,The most complete review of J5,0,2026-09-15T15:36:06Z,2026-09-15T15:36:06Z,2026-09-18T04:38:30.738340+00:00
Ugw93GMt6u2U7T10c5d4AaABAg,G_acqAJrRso,a45d31b63378ca9fc96de27a0e28935dc86b8a9f8d6cfe20d5fc70d5bd0ad660,lama2 mobil EV kaya hape harganya murah tp gak murahan speknya kwkww,1,2025-11-25T22:07:30Z,2025-11-25T22:07:30Z,2026-09-18T04:38:30.738340+00:00
Ugwq-kSGBFvBK-HJ1Sh4AaABAg,G_acqAJrRso,112aa3a475f72954de29b678753fdb4da09b99be064c2b33f24d1839b21fdcde,"Carmudi emang paling Toppppp reviewnya.. sementara yg lain sekedar feelang feeling doang.. Carmudi detil tapi penjelsannya praktis dan relevan.. yang njelasin klo pas Applecarplay dan androidauto berfungsi panel AC bisa ditarik aja dr bawah, hajya Carmudi yg tahu.. mantaaap..",0,2025-11-15T08:39:56Z,2025-11-15T08:39:56Z,2026-09-18T04:38:30.738340+00:00
UgzBp6MDoxj2_3wH6_N4AaABAg,G_acqAJrRso,8f3e4efb55e105f7dc0976171cf13584b16044f76130c29b3e4fc626892e3696,Ini yg paling saya tunggu walaupun gk kebeli,0,2025-11-14T15:45:35Z,2025-11-14T15:45:35Z,2026-09-18T04:38:30.738340+00:00
UgyZu2ggxgdhRiGs9A54AaABAg,G_acqAJrRso,d6639026b4b8fb046e5fbca9cf2a2055296f7d0991338f6853729fa4f27bf8d8,Review jaecoo J5 terbaik yg pernah saya tonton. Makasih tips2 detailnya,0,2026-02-04T15:45:30Z,2026-02-04T15:45:30Z,2026-09-18T04:38:30.738340+00:00
UgzWMjY5vYNbaR9kBQJ4AaABAg,G_acqAJrRso,1514b60a08d545dfa2a79dedb8a180ccbdd1b3449956a177a30da4b58f12e23d,Jaecoo j5 most worthit car...nice lengkap reviewnya bravo carmudi❤❤❤,0,2026-02-08T02:18:30Z,2026-02-08T02:18:30Z,2026-09-18T04:38:30.738340+00:00
UgyBR47FYC3Q-VW7Kq94AaABAg,G_acqAJrRso,089572c86ccdd54c9e9c29e45d2747af4acfb1939b17529ceab3d4fbbe879523,Bang Sano kapan review Veloz hybrid??,2,2025-11-24T10:31:15Z,2025-11-24T10:31:15Z,2026-09-18T04:38:30.738340+00:00
UgxvHEiXeYLiWiPuEAZ4AaABAg,G_acqAJrRso,eff27bcf811a75c40c3816135a3af2f75fd5635782bc184230843f291f3aba30,Thank review terlengkap 👍,2,2025-11-15T00:36:40Z,2025-11-15T00:36:40Z,2026-09-18T04:38:30.738340+00:00
UgwrhaxcQrzrm9eETWR4AaABAg,G_acqAJrRso,b8b282a08f8e6d273b5692987f6f765baa46371e0ff246b094e31847c9240b01,smoga tahun depan bisa kebeli chery tigo csh...,1,2025-11-14T22:58:08Z,2025-11-14T22:58:08Z,2026-09-18T04:38:30.738340+00:00
UgxJZ6XqSywoID7GuEV4AaABAg,G_acqAJrRso,5525efaa84cf3caac6fdae13cbc3a9387bca7863148dabdd46ad5c7618c02f08,yang ditunggu2 akhirnya..,0,2025-11-15T00:45:35Z,2025-11-15T00:45:35Z,2026-09-18T04:38:30.738340+00:00
UgxfParj5CJJhhG7gWx4AaABAg,G_acqAJrRso,8efe24550fadd5b01189d76ea4f6bc20de01e80c7a2c18dd44614eaf9702369b,"Ini yg terlanjur beli J6 dan E5 juga ikutan nangis sih, nemenin yg baru tebus ICE dan Hybrid. Carmudi jahat, reviewnya terlalu detail 😂😂",21,2025-11-14T13:39:39Z,2025-11-14T13:39:39Z,2026-09-18T04:38:30.738340+00:00
UgzJnfgWwYge1Wh_Z5R4AaABAg,G_acqAJrRso,c1b967b78d58a181f26d937a14287186e1ee4d86613b3bcaed3c0e5c2f4b3a0b,Keren review nya detail bgt. Jd pingin beli jaecoo j5 ❤,0,2026-03-22T06:47:23Z,2026-03-22T06:47:23Z,2026-09-18T04:38:30.738340+00:00
Ugz6H58fA6oIqBeyHbJ4AaABAg,G_acqAJrRso,9e2878f7ae7d227a252cfa1f9f6a61ef492ab363f70e2f2333ce832d904214bd,"video nya sangat berguna utk user J5 baru, terima kasih",0,2026-04-25T07:52:43Z,2026-04-25T07:52:43Z,2026-09-18T04:38:30.738340+00:00
Ugzum2W9Bxpd4EA1t954AaABAg,G_acqAJrRso,b8b3d900892f7fb6e47b763b4467aaa579dc5e99b45d0ddde7141b3bcedabb66,"Keren banget, semoga segera kebeli",0,2025-12-15T15:20:04Z,2025-12-15T15:20:04Z,2026-09-18T04:38:30.738340+00:00
UgzGyaHWeCcfS4ffveR4AaABAg,G_acqAJrRso,6edb418734396aae096a5090b004894cb45d7122a87d8eb0e0375217a62298ab,Alhamdulillah ada juga videonya dari channel favorit gua....😂,4,2025-11-14T11:56:40Z,2025-11-14T11:56:40Z,2026-09-18T04:38:30.738340+00:00
Ugx4QVGWTL6kz7mF4f54AaABAg,G_acqAJrRso,a5b293c2841bb39d2c75dac9a490ca3616cb9f26231f3a8cc99056841df08710,keren review nya bang. detail banget,0,2025-12-30T09:27:57Z,2025-12-30T09:27:57Z,2026-09-18T04:38:30.738340+00:00
UgxDiwIkB4LQm8iESpd4AaABAg,G_acqAJrRso,536c5de7c975c6c21a1ff74cce0f7c1e704c7ff50ac4f08ab49b0889c78cc160,Nunggu second nya aja😬😬,1,2025-11-18T13:39:22Z,2025-11-18T13:39:22Z,2026-09-18T04:38:30.738340+00:00
UgzoLk4Fq_m2Ddtapwp4AaABAg,G_acqAJrRso,5fcb10e25106a8a9a1d3de1f491926656340828d5bb3a77d20a8c9f92e5f6658,JAECOO SURABAYA...JL. RAYA JEMURSARI 213 ( sebelah toyota auto 2000 ),3,2025-11-15T01:57:41Z,2025-11-15T01:57:41Z,2026-09-18T04:38:30.738340+00:00
UgyhazwLSxPepEvD6Z54AaABAg,G_acqAJrRso,2429184c02d43043ea5d4725edc706efed82831e88ce38a84aafc90a6adb212b,Ini review versi terlengkap.. tinggal versi uji berkendra lagi.,0,2025-11-23T08:06:05Z,2025-11-23T08:06:05Z,2026-09-18T04:38:30.738340+00:00
UgzQ3zy6TRrTCEZRrAt4AaABAg,G_acqAJrRso,c677e27e5110218e7cf1d1a268fa5ba0aea9475ee9698435978d3d15392c14a0,Review terlengkap dan terbaik,0,2026-03-11T09:19:11Z,2026-03-11T09:19:11Z,2026-09-18T04:38:30.738340+00:00
Ugwj_-bGKJkAYUNPsc54AaABAg,G_acqAJrRso,e8c618136156022487cba7b60a2d190f5709cc783ed8b371334eaaba27e2e3fd,"Di china, mobil buatan negara sendiri di subsidi. Jdi perusahaan pada semangat Produksi barang.

Di indonesia, boro boro di subsidi. Perusahaan Malah dipalak Dari warga, aparat, pemerintah.

Emang palaknesia",32,2025-11-14T23:51:32Z,2025-11-14T23:51:32Z,2026-09-18T04:38:30.738340+00:00
UgyQOGMo4fbBCOznxhJ4AaABAg,G_acqAJrRso,c364eb9915beff419dbfb5e1bf3ad7d4a3b93bcc8ea4c5c79220c764b4dc51e3,Mantap iki,1,2025-11-14T14:58:46Z,2025-11-14T14:58:46Z,2026-09-18T04:38:30.738340+00:00
UgxkzpxOn-yHlaq2Rat4AaABAg,G_acqAJrRso,8066b4cc883c074e3ff92475a7db5f7860f4c4900aeea8b9adc6e11ea35cfa54,"Best cars review👍
Nice!!",0,2025-12-06T15:43:29Z,2025-12-06T15:43:29Z,2026-09-18T04:38:30.738340+00:00
UgwlGmQkzo00zY2yOOl4AaABAg,G_acqAJrRso,c07520d0a189086e9961287165149395a52b7382fe8d1216d9565af46ddacd55,"Kelar nonton. Mmm ada kkurangan ada kelebihan. Mau cari yg ga ada kekurangan tp duit kurang😅😅 . Worthed lah diharga ini.. Tapi tapi.. preferensi masing2..  smg aman batre, kaki kaki, built qualitynya ga makan servis2.. awet",1,2025-11-14T18:31:13Z,2025-11-14T18:31:13Z,2026-09-18T04:38:30.738340+00:00
Ugxl5SWeBYwabYPTrMx4AaABAg,G_acqAJrRso,234ede967a0a1357dd129ec16b102e5dacce59067d4f08c7d10080457277a592,"Kelas banget ini jaecoo, buka harga buat kaum menengah, tadinya niat ambil yang standard, tapi beda 50jt aja udah dapet buanyak bener fiturnya. deal nya si di panoramic sunroof, sama suspensi independent . udah liat review nya moladin, jakarta semarang tanpa charging bisa, jadi kalo ke bali sekitar 2 kali charge aja. oke juga ini jaecoo.",0,2025-11-16T06:18:19Z,2025-11-16T06:18:19Z,2026-09-18T04:38:30.738340+00:00
UgycZkz3_Bl6qmDXFal4AaABAg,G_acqAJrRso,97bd97e61c06cda340598f7df17edb11bd5a15b95c0bb34597c144a34a9489b5,manifesting punya ini bismillah,0,2026-05-24T14:02:25Z,2026-05-24T14:02:25Z,2026-09-18T04:38:30.738340+00:00
UgwNSXx-pMBIDPXCC5R4AaABAg,G_acqAJrRso,9c2991535cca5dcb2a2d01dd8bebbf8d4ff8a58aacfa9801be0c6d189ca14889,gokil lengkap bgt review nyaa,1,2026-02-16T16:15:07Z,2026-02-16T16:15:07Z,2026-09-18T04:38:30.738340+00:00
UgxBr7QE8zkYuTpoVy94AaABAg,G_acqAJrRso,3529af400d916b7b8296d23c6fd8672100fa3e042cb810a90a9d0e556201f7db,LUARR BIASAAAAAAA 👋👋👋👋,0,2026-05-05T06:41:46Z,2026-05-05T06:41:46Z,2026-09-18T04:38:30.738340+00:00
UgxMESlK3yXHoPukzo54AaABAg,G_acqAJrRso,af3809ae9426eff888259d21e8ff66fd89d209412835e1dd66acaf40b9cfde78,Ahhh gila fitur nya buat harga segitu,2,2025-11-14T16:40:12Z,2025-11-14T16:40:12Z,2026-09-18T04:38:30.738340+00:00
UgxB8bbj52BhQWHmNG14AaABAg,G_acqAJrRso,b048c3ae31dda469aa0fe3c5c60a12fa7e3761085e2ec246ec65762b6da896c2,Mobil mobil China emank gokil gokil terobosan nya apalagi mobil ev ...semua keren dan fitur dah canggih,1,2026-06-06T20:23:07Z,2026-06-06T20:23:07Z,2026-09-18T04:38:30.738340+00:00
UgwSSZ8IZEkh2sF4ujF4AaABAg,G_acqAJrRso,839ea990bce45bc20d27f2a1e49610ce478194fd1b334c2aa3e0d6ca6bbdb39f,Sepertinya grup chery line up nya cukup lengkap dan saling melengkapi di masing-masing segmen,3,2025-11-14T22:03:46Z,2025-11-14T22:03:46Z,2026-09-18T04:38:30.738340+00:00
UgwBGMTY1hnmq0ZOApJ4AaABAg,G_acqAJrRso,8890be773c109b372705ec4c6540dfa4f4df24df1749c244d08289ed9630a6c6,Nungguin banget review mobil sebelah Cortez Darion Ev EX & Phev nya 🦆🦆🦆,0,2025-11-23T13:51:26Z,2025-11-23T13:51:26Z,2026-09-18T04:38:30.738340+00:00
Ugxajwg6fq4me45l8IV4AaABAg,G_acqAJrRso,969b044105c86dc9afb6616591b5b3585af9cc953fd281636db2af74c0292a23,Tinggal tunggu aftersale aja klo bagus kemungkinan bakal laku bgt,0,2025-11-16T10:30:43Z,2025-11-16T10:30:43Z,2026-09-18T04:38:30.738340+00:00
Ugz8MY9UCSswOj3SzEl4AaABAg,G_acqAJrRso,900c4480bf2c402acfc2a1b523bdca62d3542c1c9040b540f1554a0d270189ed,"Produk udalah no debat...
Di kelas Dengan harga segitu kayaknya 2025 ini jaecoo ini juara.
Tinggal pembuktikan Beres n sparepart nya...",7,2025-11-15T08:03:22Z,2025-11-15T08:03:22Z,2026-09-18T04:38:30.738340+00:00
UgzFj1dveClnKvh-3254AaABAg,G_acqAJrRso,2425bb4155806ddada029203c91828c5232903f511e0a0deef811f5928ae2c28,Nunggu yg SHS ah...,0,2025-11-14T22:23:59Z,2025-11-14T22:23:59Z,2026-09-18T04:38:30.738340+00:00
Ugw7mijbWMUUS8UeX194AaABAg,G_acqAJrRso,79941a735ae112f3fa8c443c17f07342a9920fe27df6c53660d1f170d3392965,Ok fix beli ini! 😂😂😂,1,2026-06-14T20:56:20Z,2026-06-14T20:56:20Z,2026-09-18T04:38:30.738340+00:00
UgxTnxCHgTz-m3QdlFp4AaABAg,G_acqAJrRso,3ee0d4ace9e480b8c0c7186918c8d65f092c5b1afa7f6b185e926ccb635911ff,Sdh spk ga sabar nunggu delivery unitnya❤,17,2025-11-14T17:43:30Z,2025-11-14T17:43:30Z,2026-09-18T04:38:30.738340+00:00
Ugz3QvWbttfPinEdhNd4AaABAg,G_acqAJrRso,02651a8599edc4e216e8bcf8379da0bded6ba04f4ea16f57e0fb014ff2cc70da,mobil yg pengen bgt dibeli. worth to the max. nunggu yg lama terjual dl br gasss aamiin,2,2025-11-16T09:28:13Z,2025-11-16T09:28:13Z,2026-09-18T04:38:30.738340+00:00
UgylG1hIRfz3k74TaV14AaABAg,G_acqAJrRso,d10d2f28fe3b2704791220c07b3261dbb3e5452379da38b03122ca11960cc75c,"Buat dipake krj wort nih, range 400an km bs ngecas seminggu sekali nh dipom bensin😂",1,2025-11-15T10:56:10Z,2025-11-15T10:56:10Z,2026-09-18T04:38:30.738340+00:00
UgyekYwTjjjphMIpc1N4AaABAg,G_acqAJrRso,33e0b2063aabccbb67785a52daad8c1dee643796bfa728d8db0ecdc651cc413f,Chery group terus merangsek pasar Indonesia. Masih nunggu Lepas 4 dan Chery C5 hybrid.,1,2025-11-14T22:31:45Z,2025-11-14T22:31:45Z,2026-09-18T04:38:30.738340+00:00
UgzF4aYU8IGOj5fhNx14AaABAg,G_acqAJrRso,cb5b501fbf32d3e456d7f8348d3f3b90e98d5536ab3e8279bcab2549a9433f25,"Review Wuling darion donk , om botak & Carmudi, please..",0,2025-12-22T23:42:54Z,2025-12-22T23:42:54Z,2026-09-18T04:38:30.738340+00:00
Ugyi0WB5-IWLoJFBz0J4AaABAg,G_acqAJrRso,2b126a415444f0c59195b539679f2458cc7e2313433276cd361514726203ca7f,"habis nonton Carmudi, saya langsung makin yakin dan sudah SPK yang Premium warna Black",0,2025-11-24T05:47:22Z,2025-11-24T05:47:22Z,2026-09-18T04:38:30.738340+00:00
UgwTzsewmaw1lMqCJxR4AaABAg,G_acqAJrRso,5fd6435fa36fc34d8f11aac4723f404581da3b202ad1d289e76f962688c3a63f,Mantabb 👍,0,2025-11-26T12:35:23Z,2025-11-26T12:35:23Z,2026-09-18T04:38:30.738340+00:00
UgyujX6IYQEZQH9a0Fp4AaABAg,G_acqAJrRso,204a65e5296d650e093be76ee228687b1b2c94147e84b084a0cbc5368025bc6b,"Tail gate Zenyx bisa bljr dr J5 ev 
😂😂😂",6,2025-11-15T00:11:41Z,2025-11-15T15:08:05Z,2026-09-18T04:38:30.738340+00:00
UgzzhVtwi64KzT-uPeN4AaABAg,G_acqAJrRso,ae967ada4931a1fc0ff4eaa92ef6fd7093ae5964061a11438047497485827282,Review Paling lengkap emang cuma sama Saitama,5,2025-11-14T13:25:20Z,2025-11-14T13:25:20Z,2026-09-18T04:38:30.738340+00:00
Ugz7SPkquraelJoCs2l4AaABAg,G_acqAJrRso,4954bf4cb4b8ba54dee48c31affa1bbf7b7719276eb0fb15c0f7a1c9a0a7c1ca,Makin g sabar nunggu delivery. Semoga dpt nik 2025,2,2025-11-14T22:48:55Z,2025-11-14T22:48:55Z,2026-09-18T04:38:30.738340+00:00
UgwTNNfiS74dqJgUSLp4AaABAg,G_acqAJrRso,584618a88c2a200c595af024b43416f2fb09acf68a38f2dcc5bbe792a20bc52e,"plis jeaco jadiin itu varian 5+2 karna rata"" orng indo slalu bareng keluarga kalau pake mobil",2,2025-11-17T02:50:58Z,2025-11-17T02:50:58Z,2026-09-18T04:38:30.738340+00:00
UgxEw6-eNopqT6siDHp4AaABAg,G_acqAJrRso,2eb85a1b4bb9cefbba979c66d04873cf01b57f1241ca3587f89183b7267c2c37,Mobil yang revolusioner. Akankah mengobrak abrik pangsa pasar ev yg sudah existing. Wuling byd yg selama ini jual kemahalan bakalan banting hargakah?,1,2025-11-16T11:34:40Z,2025-11-16T11:34:40Z,2026-09-18T04:38:30.738340+00:00
Ugw68HtrkFRNxsytMLx4AaABAg,G_acqAJrRso,30e3e51ceea24367918cdd1ce200ff3a2817685e0ec5d5a15e45424aee1f2ac6,"test drive jaecoo , abis itu balik ke mobil ortu rasanya kayak mundur 10 tahun ke belakang..
pdhal mahalan mobil ortu.. -_-",33,2025-11-14T13:49:52Z,2025-11-14T13:49:52Z,2026-09-18T04:38:30.738340+00:00
UgyB1J8AXIc2YKbQGIV4AaABAg,G_acqAJrRso,e0397669813363aba0b984ef4563d268d951f4aea6595a60a2b6780dd7225eed,Habis nonton ini kok jadi tertarik dan kepengen beli ya...,3,2025-11-14T22:12:59Z,2025-11-14T22:12:59Z,2026-09-18T04:38:30.738340+00:00
Ugw-skQSsB4_d6Q6tjN4AaABAg,G_acqAJrRso,cf1ef843564cf89b351fcc8b317420a6560cef4579f6e591cbae90263cb43a7a,Ada yg hitung berapa kali dia bilang “mobil 300 juta”,0,2025-11-16T12:56:45Z,2025-11-16T12:56:45Z,2026-09-18T04:38:30.738340+00:00
UgzXU9guDjX77a8gcvV4AaABAg,G_acqAJrRso,71bac3d8b1cf6182b097b94d86fb546160a84993ca13ad30e4bd66813e4e9237,7:02 Range Rover Velar versi Lite.,20,2025-11-14T12:31:14Z,2025-11-14T12:31:14Z,2026-09-18T04:38:30.738340+00:00
UgyO0TOs8yzW3AvxaR94AaABAg,G_acqAJrRso,8b144e26f65935211dbe3d9323c5b00fdda8971f60d1e0ea116ed21e5af8a028,Mobil yang masuk ke indonesia untuk dijual apakah di tes/standarisasi dulu tidak ya oleh pemerintah?,0,2025-11-14T15:35:18Z,2025-11-14T15:35:18Z,2026-09-18T04:38:30.738340+00:00
UgxhNNFmgTxOgn4XQ3t4AaABAg,G_acqAJrRso,230f75aafdedb60cab414f540f09c0c878daeb56f47095ec262d1a92e9fa2a14,gemetar yang lain,1,2025-11-15T12:33:58Z,2025-11-15T12:33:58Z,2026-09-18T04:38:30.738340+00:00
Ugzf4qrDvt8WPHGijS94AaABAg,G_acqAJrRso,b2ca2d91acb944cdbb7d3cfd3df293514f5df9d84e4b6a698b8417eaec4f3ded,BYD atto3 harusnya langsung turun harga melihat pesaingnya seperti ini 😊😊😊,0,2026-02-02T11:46:38Z,2026-02-02T11:46:38Z,2026-09-18T04:38:31.419348+00:00
Ugzp0MjSHFzpbJ9Ahv14AaABAg,G_acqAJrRso,f87d36fe924f672fe0bb0193491bd18629aeaff24ba9399d6eac3170a8dbc457,Pasti datang ke garasi rumah saya terima kasih ❤❤❤,0,2025-11-18T11:15:07Z,2025-11-18T11:15:07Z,2026-09-18T04:38:31.419348+00:00
UgzH0hwwpMdX_-mwDKV4AaABAg,G_acqAJrRso,d34b7ba827d94747801dc016911262b21ca8edc013d985aea57a4e6614a601d1,tungguh2 aja harga semakin bersaing dan semakin banyak jenis mobil listrik yg akan berdatangan mana yg murah itu yg laku yg mahal akan mati jadi proyek gagal,0,2025-11-15T11:40:45Z,2025-11-15T11:40:45Z,2026-09-18T04:38:31.419348+00:00
Ugz7hztkLTWzlydd6zd4AaABAg,G_acqAJrRso,ead8b75d399ab0a9a408abd1af61528b57a079d73b21ccdc93540da792621107,"Udah dicoba di moladin tembus 470km sampe battery nya habis
Gokil ini jaecoo good job!",0,2025-11-27T07:52:28Z,2025-11-27T07:52:28Z,2026-09-18T04:38:31.419348+00:00
UgwDucUePm1KG6iduLl4AaABAg,G_acqAJrRso,7c74ae68a82c7b29fcf1e074902398147708b6abaafb90fb5d30bd86da25842e,Sumpah ini mobil dgn hrg segini fiturnya lengkap banget. Udah kaya ponsel premium pake roda empat. Cuman gak tau ya build qualitynya dibanding mobil Jepang.,0,2025-11-17T05:05:39Z,2025-11-17T05:05:39Z,2026-09-18T04:38:31.419348+00:00
UgwlRw97oWQ3N4tnzKF4AaABAg,G_acqAJrRso,2bbdc116143728502d330a28134ac934f5aa4fbe45317e9d49634a9d9549ad17,Lucu banget di akhir video 😂,1,2025-12-19T03:38:07Z,2025-12-19T03:38:07Z,2026-09-18T04:38:31.419348+00:00
Ugz2DMbJoi96qIuGyFN4AaABAg,G_acqAJrRso,0480b912beadb1a000a3ebeefc98e881a917c383c08d8f75057265bd51ddddd4,Woiii mopang... Bisa gak bikin fitur n harga mirip ini 😊,1,2025-11-15T23:15:10Z,2025-11-15T23:15:10Z,2026-09-18T04:38:31.419348+00:00
UgzGKZKFYQaGhLyHmBR4AaABAg,G_acqAJrRso,e9f9021ba096cfc68dee484bd9347b0d72e70ccccfd1ede1072d74bfc8df1acf,"Berharap aja setelah 1000 pembeli pertama kelar, panel speedometer di ganti dan dikembalikan seperti di inggris 25:04",0,2025-11-22T17:27:14Z,2025-11-22T17:27:14Z,2026-09-18T04:38:31.419348+00:00
UgxmYkXriX0KH6pcJdN4AaABAg,G_acqAJrRso,127d06948c6a7199dfece438d6697563c851e279b3ecbe581729e04ca4c72e33,41:21 info penting buat pengguna,6,2025-11-16T00:16:54Z,2025-11-16T00:16:54Z,2026-09-18T04:38:31.419348+00:00
Ugy94QsJWnonuUCKxsl4AaABAg,G_acqAJrRso,29d32bfaf2236df72eb0e6b8c90c2e92e31b7fb20397a6f9f73a80922155813c,Perang harga dimulai 😂😂😂,4,2025-11-14T17:37:05Z,2025-11-14T17:37:05Z,2026-09-18T04:38:31.419348+00:00
UgwXbDzrIlltOH1uIDt4AaABAg,G_acqAJrRso,16400ce26ce91ee302fb8225d82a3c525f0dc54233d283bf8eb5a136a8c95e6f,Bismillah,1,2025-11-15T01:04:18Z,2025-11-15T01:04:18Z,2026-09-18T04:38:31.419348+00:00
Ugxnyr7Qz-veC7aFo-B4AaABAg,G_acqAJrRso,a5072ea1eaf7401ede51df6a399d7146fce557d0d0071d20da3ea2f9018d5706,Persaingan mobil listrik sangat mirip dgn handphone,0,2025-11-17T03:47:18Z,2025-11-17T03:47:18Z,2026-09-18T04:38:31.419348+00:00
UgzCWNPKKVocuVE83ul4AaABAg,G_acqAJrRso,5d74f33ee34cd9fdd8a39c28ffd02983677a427848aa9b64cbc53a90d41cc6d1,apa2 kalo mau beli mobil liat review carmudi paling suka paling detail dan paling aneh logat nya😆,0,2026-05-30T08:00:49Z,2026-05-30T08:00:49Z,2026-09-18T04:38:31.419348+00:00
UgyxmP80N5eLtyRJbmJ4AaABAg,G_acqAJrRso,9823826863dccf4874ae8130ea27d70eebe4ed08ea47a2087bafd6107173810e,gila sih honda hrv serasa missskinnn banget fiturnya,8,2025-11-16T14:08:55Z,2025-11-16T14:08:55Z,2026-09-18T04:38:31.419348+00:00
Ugwc8w1JNSTrkzpnJGp4AaABAg,G_acqAJrRso,bdacac7b8d75fc93ad2ab3fbd044ede710bf97c0c025c104ae6a39bc43b2a6b1,Nunggu J5 phev 😁,0,2025-11-15T00:57:50Z,2025-11-15T00:57:50Z,2026-09-18T04:38:31.419348+00:00
UgyTcDJVVh6MI3vNYKZ4AaABAg,G_acqAJrRso,147c597ae0a5e77ab3b1b257c5b20c5209c3191e4591d8fcb2929f9aad510492,mestinya sudah lebih dari 1000,1,2025-11-14T13:25:11Z,2025-11-14T13:25:11Z,2026-09-18T04:38:31.419348+00:00
Ugzg1FEFO4mc3WFvJ2Z4AaABAg,G_acqAJrRso,a72ebf163bf4baa3c8c50d82bd181b11f816b84c0600160a17675a10006b6621,Mudik bakal berebutan chargeran di rest area ini mah 😅😅,0,2025-12-03T05:53:40Z,2025-12-03T05:53:40Z,2026-09-18T04:38:31.419348+00:00
Ugy8c0XIpAmCL-PRKv94AaABAg,G_acqAJrRso,5272e2dee898d8a6513b67c0cfaa3af64437597cfcdc445b94e65c4e78b349b4,"ini mobil lengkap banget sih fitur2nyah  rasa ingin memilikinya pasti ada ...aku doakan di thn2026 semua sobat you tube terqobul hajat dan cita2nya  pada punya mobil mopang atau mocin mobil idamannya beli secara  kontan / kredit syariah  ,salam sukses dan sehat selalu mudah rizqi 🤲❤",1,2025-11-15T13:51:41Z,2026-01-01T12:48:05Z,2026-09-18T04:38:31.419348+00:00
Ugxk-pIuCCeuiijcsAR4AaABAg,G_acqAJrRso,993c426f0b152c3102e962265bf15e192873d119216232998577dd27cf2b4e02,Hadir,0,2025-11-14T11:56:24Z,2025-11-14T11:56:24Z,2026-09-18T04:38:31.419348+00:00
UgwkPk6Sq2po09xJZQF4AaABAg,G_acqAJrRso,e08ea7014d4d1b126efaf754af70a40f7d5bcc84783d258af9f85fd6fd0a45d6,Apakah aman ya seluruh control melalui tab nya😂 mending ditambahin tombol2 fisik ga sih biar lebih joss..,0,2025-12-03T06:56:23Z,2025-12-03T06:56:23Z,2026-09-18T04:38:31.419348+00:00
UgykQavlc2DL8bBS_9R4AaABAg,G_acqAJrRso,1deb2a18a394c77788d2ca0e199d6a387aa475935419e29b3e825ad996410cf4,nunggu versi gasoline/hybrid meskipun non phev,0,2025-11-16T06:37:25Z,2025-11-16T06:37:25Z,2026-09-18T04:38:31.419348+00:00
UgwvYPvtwqQ-0tXhYwZ4AaABAg,G_acqAJrRso,8207e5badcb998f71781482fd7ca7ad77de7f86be9eee61167498b5006fbe28c,Buat yg j8 shs ardis dong om,1,2025-11-14T14:12:37Z,2025-11-14T14:12:37Z,2026-09-18T04:38:31.419348+00:00
Ugz02fftbOq3nCshgzF4AaABAg,G_acqAJrRso,2ea00634333a9f27a56d95fa09648673bae6156d4d42815114c5d770add59c66,banyak banget fitur elektornik nya,1,2025-11-26T06:07:37Z,2025-11-26T06:07:37Z,2026-09-18T04:38:31.419348+00:00
UgyQxIv5zYEyuayJVnp4AaABAg,G_acqAJrRso,8e9be3c53d01e5beceb9dad880c58a4c892ae413c88ee67363ecccd6480105c5,sejauh ini. ini mobil listrik paling worth it bagi saya,0,2026-04-27T23:11:14Z,2026-04-27T23:11:14Z,2026-09-18T04:38:31.419348+00:00
UgyzkzFG61XQNOSOZlZ4AaABAg,G_acqAJrRso,db62eefdb29e97aeb4114925b93935a27162e8857d06f081b87584ae69c3fdd7,Berarti yang dijual kebanyakan itu overprice ya,1,2025-11-15T05:27:00Z,2025-11-15T05:27:00Z,2026-09-18T04:38:31.419348+00:00
UgxxuTuENmsCq1ofK7F4AaABAg,G_acqAJrRso,d745b5ddd30b1b6850c6e6b5ea4c088e72e5c574e6d6ea8e060b61c8fd2a2eef,bakal ada J3 ga ya?,0,2025-11-14T15:06:22Z,2025-11-14T15:06:22Z,2026-09-18T04:38:31.419348+00:00
Ugzbniq7NivuXWNbfRR4AaABAg,G_acqAJrRso,fbf4b71472d54ef4e06c4d99f9d42779a2258f2a4d201e613f08b4c5029fed6a,"Serius nanya; 

Kalau sudah punya Wuling Air EV dengan Wall Charger di rumah yang daya listriknya 11,000, pasang Wall Charger JAecoo J5 harus pasang meteran listrik baru ga ya? Ada yang bisa bantu jawab atau ada yang punya pengalaman sama?",0,2025-11-21T08:42:32Z,2025-11-21T08:42:32Z,2026-09-18T04:38:31.419348+00:00
UgzcQMo0ujtJGStxByJ4AaABAg,G_acqAJrRso,9ec4982c491fc0270a69074146e7b487af42177447966fbb83c888eb8692ab7c,Udah spk yg warna ijo 😅,2,2025-11-20T16:15:02Z,2025-11-20T16:15:02Z,2026-09-18T04:38:31.419348+00:00
UgxLWU_bYtHRg-WZXQB4AaABAg,G_acqAJrRso,803a3d5e4c5c35e2b718dbf5d3bdbaf2ae7d67c9c0f2b42d04cafc1579db7556,ganti velg vossen palah 5 udah keren bgt ini 🥰😍,0,2025-11-15T16:00:01Z,2025-11-15T16:00:01Z,2026-09-18T04:38:31.419348+00:00
UgxlUOl1yP5unHBxQpV4AaABAg,G_acqAJrRso,0535612299e7872c73c213131c8ebdbf6bb6ce9303104f0fe9520544aa75efb8,nyesek bgt bisa lbh bagus sekaligus lbh murah drpd XL7 Alpha. kacau...,4,2025-11-14T23:38:01Z,2025-11-14T23:38:01Z,2026-09-18T04:38:31.419348+00:00
UgzNlcU3dBnHBqty5u14AaABAg,G_acqAJrRso,ea6c9f21ef32295db9d4d6d6d14c5a3ac5ea8e331cb5c42bc34cf8f1840839e0,Gilaa sih ini fiturnya,0,2025-12-08T08:06:49Z,2025-12-08T08:06:49Z,2026-09-18T04:38:31.419348+00:00
UgxXpPLT0J0ynXlwwfl4AaABAg,G_acqAJrRso,f22e4d7bb4779d6f126f7dd09d91de3d2461b3db54beaf6cba972a19ea55fe12,klo ngelibas banjir air ngendon/masuk ga di bagasi depan,0,2026-01-21T08:32:34Z,2026-01-21T08:32:34Z,2026-09-18T04:38:31.419348+00:00
UgxvHZucgvJvyh-bwk14AaABAg,G_acqAJrRso,6fbd39f6434d4aab9c785f3871c71931b18175359c3e41cf5cd8713d02c79898,sistem adasnya gak ada Lane Keeping Assist (LKA) ?,0,2025-11-28T13:31:19Z,2025-11-28T13:31:19Z,2026-09-18T04:38:31.419348+00:00
UgwIqXX0SKOi_VWIXYZ4AaABAg,G_acqAJrRso,c8608a84c4ec7e96a3343c427883c4bd159a409a76f32d481027aa7bc8fe997c,"Nunggu jaecoo J2 prime
Harusnya under 100Jt 🎉🎉
Yuk bisa yuk mengingat lcgc aja dulu bisa under 100Jt",0,2025-11-25T13:05:33Z,2025-11-25T13:05:33Z,2026-09-18T04:38:31.419348+00:00
Ugwb8R5rY-wpQnD6IIx4AaABAg,G_acqAJrRso,c8ed074e9140de6418bab4eb7bc93897412baa936a0b64e7e09bcd8bf03c759f,Emang konten om gondrong paling top markotob is d'best daahhh... lengkap bgt.. sales mobil J5 ini cukup mengarahkan ke customer.. utk nonton konten carmudi om gondrong sdh kumplit,2,2025-11-15T01:44:03Z,2025-11-15T01:44:03Z,2026-09-18T04:38:31.419348+00:00
UgyQFbK40-omIpH6sfd4AaABAg,G_acqAJrRso,a69a5119af025e1660bfa1cf26d132f655c0d98a46e8654306c106b4e0c6dbe5,kalau review kasih info bisa sleep car juga,0,2025-12-01T07:45:13Z,2025-12-01T07:45:13Z,2026-09-18T04:38:31.419348+00:00
UgwKVUY926pj5nMilb94AaABAg,G_acqAJrRso,9836037fbec4507c1c2f0144e2f91f5c1b2748683c7d83f1abe2aebefc509f4f,Hrus ada yang bensin juga dunk 😂,1,2025-11-15T13:43:34Z,2025-11-15T13:43:34Z,2026-09-18T04:38:31.419348+00:00
Ugz6-kupC9KXXa01vTB4AaABAg,G_acqAJrRso,f2c5900abc51bd49200ce6f626c18143edb23f4c25e9ef5c3a22f8373db6c63e,"Pasti beli sepertinya, nunggu bekas nya aja jadi pendamping CX
Masih sangat senang dengan CX saya saat ini yg timeless model",0,2025-11-14T12:23:36Z,2025-11-14T12:23:36Z,2026-09-18T04:38:31.419348+00:00
Ugw-TrCzR8pPobTnpIx4AaABAg,G_acqAJrRso,7008ea3f3300423b7c7d23481a3854bf8bc25a67ff91eac0782059c6d2f6041b,keren sih. biar orang2 pada pindah gitu dari mobil jepang....hehe,0,2025-12-25T16:28:58Z,2025-12-25T16:28:58Z,2026-09-18T04:38:31.419348+00:00
UgxgRmGkcf6vThWlYDp4AaABAg,G_acqAJrRso,d7ac6bf03d2479b2b504d661ba3e70a9f99fd0aaf218a05b3f288bd9d97ae537,MOBIL LISTRIK DAN MOBIL MURAH TERBAGUS YANG OERNAH ADA DI INDO,0,2025-11-20T14:50:20Z,2025-11-20T14:50:20Z,2026-09-18T04:38:31.419348+00:00
UgxR6myWY8aI3QEhmTF4AaABAg,G_acqAJrRso,4ed60f986f44bc44eb2ae820f254811ea055c00fea53df594ae9ef6d07f9c842,udh beli atto 1 dan inden ini pula 😂,0,2025-11-15T16:57:37Z,2025-11-15T16:57:37Z,2026-09-18T04:38:31.419348+00:00
UgzhcCzhlSWLF8hzh914AaABAg,G_acqAJrRso,ea82d4c51900b9371404629fdb8941bed9867fc40fd081ac525eee4cfa01a904,Review carmudi plaing keren daripd yg lain mnurut gw😂,0,2026-06-11T13:16:08Z,2026-06-11T13:16:08Z,2026-09-18T04:38:31.419348+00:00
Ugw34WjiQEU00C-T3c54AaABAg,G_acqAJrRso,bc6a06a682dc48c55f2249e200356ac9fd16b237bdcc484ae8e4e0ed12f67fd9,Dikasih band gede garang banget ni mobil,1,2026-07-19T01:36:06Z,2026-07-19T01:36:06Z,2026-09-18T04:38:31.419348+00:00
Ugw2d3V_CEWUaeaVKvR4AaABAg,G_acqAJrRso,c9a2652526c5ca0e955af05c6248364b1c346056849d0c705fdcaf7b3702dafa,kapan bahas DARION kak?,0,2025-11-18T06:33:58Z,2025-11-18T06:33:58Z,2026-09-18T04:38:31.419348+00:00
Ugw0roPtdb7SZBZq5Il4AaABAg,G_acqAJrRso,1cd4c730d546a1db2f3e9d5b3e9b4e35aaf4e8e6300c303c0c3c39138768b117,Menyala adenye Giant😝,0,2025-11-15T01:13:36Z,2025-11-15T01:13:36Z,2026-09-18T04:38:31.419348+00:00
Ugw7yX6GJicTMms5jwJ4AaABAg,G_acqAJrRso,77578dfed365ae6876b05bb9ed6efdb1e5542095ea7a25e011ed4fe1a24c2621,Yg versi bensinnya kapan masuk Indonesia,0,2025-12-14T02:26:21Z,2025-12-14T02:26:21Z,2026-09-18T04:38:31.419348+00:00
UgwlfaOm_VSI4S6X4F54AaABAg,G_acqAJrRso,8580dc9e0d0229783fe1d5fd12616dad139d49ef64c12cab8192a9917fc66189,jadi pengen ganti jadi ini.,0,2026-04-09T03:02:18Z,2026-04-09T03:02:31Z,2026-09-18T04:38:31.419348+00:00
UgywJRUptsOPD3Cms-B4AaABAg,G_acqAJrRso,988072783eb6b5cd177b400522aebb7800266372a00e4f610e320a31eff12813,Baru tadi tes drive lumayan enak sey lebih enaknlagi yg j8 😅 apa daya  dana gk cukup ( hunting sampai ketemu harga yg cocok),0,2026-01-17T17:15:36Z,2026-01-17T17:15:36Z,2026-09-18T04:38:31.419348+00:00
UgzT-RnYtdW0CetKId94AaABAg,G_acqAJrRso,33284f515bb254fcdb3d222baa36e70c8dd6a1accd2845d978873174b4d45c87,"BISMILLAAH

INSYA ALLAH KU MAU BELI 2 MOBIL INI

IBUKU PASTI SENANG SEKALI


ALHAMDULILLAAH


SEMOGA KALIAN SEMUA JUGA BISA MEMBELI 2 MOBIL INI

AAMIIN YAA ALLAH",3,2025-11-15T11:55:46Z,2025-11-15T11:55:46Z,2026-09-18T04:38:31.419348+00:00
UgwtXfJG_ljq_MySDld4AaABAg,G_acqAJrRso,a6808f470156650617df4eb7c2a542c98611315eca154c2a06c92665fcb7d847,Nunggu versi 7 seater bang 😂,0,2026-09-14T06:37:09Z,2026-09-14T06:37:09Z,2026-09-18T04:38:31.419348+00:00
UgwXtpcqF_p6KYMpEaN4AaABAg,G_acqAJrRso,a87872fd15c335c991ae64cfe1b9da257093d776542453a7fe07987dfe8a7756,Bang mau tanya indent brpa lama ya?,0,2025-11-20T06:40:41Z,2025-11-20T06:40:41Z,2026-09-18T04:38:31.419348+00:00
UgxgXYen7GmPd98fkiZ4AaABAg,G_acqAJrRso,53b925f1252989dbb66774067366eaf0acbf146ca220480f41759e89045c2460,"editor om botak naik gaji,,,gokil",0,2025-11-16T23:49:46Z,2025-11-16T23:49:46Z,2026-09-18T04:38:31.419348+00:00
UgwjqC8bIWRivhCi3bN4AaABAg,G_acqAJrRso,b0931bf9eeb64fe73e6ff3cc6152d600be04d7843692934d091890148d41f5d0,Allahumma shaliala sayyidinanmuhammad. Semoga aku bs beli jaecco j5,2,2025-11-14T15:22:23Z,2025-11-14T15:22:23Z,2026-09-18T04:38:31.419348+00:00
Ugz4SLS-1kGitr1kBWZ4AaABAg,G_acqAJrRso,1f8e081f9e447ec3c64e0aaf2cc8cd212ddfbb25ebc86ad5627c9946284185b2,Auto SPK nunggu dateng unit akhir bulan😊,6,2025-11-14T11:57:19Z,2025-11-14T11:57:19Z,2026-09-18T04:38:31.419348+00:00
Ugww6kfPeJVr-P1E9u14AaABAg,G_acqAJrRso,5db6b33bb15a66e690eb12e7b5ed21f561d8f92a7a72c5a139436ad35c662584,nice,0,2025-11-14T22:56:30Z,2025-11-14T22:56:30Z,2026-09-18T04:38:31.419348+00:00
Ugxq0Ke9z8I4FIxTmxZ4AaABAg,G_acqAJrRso,e667e41a12302eb010183112da8441fc9a8ffc156663c63ab490d3ec9f0fc57d,"Kurang ban serep aja sebetulnya mobil ini. Wajib ada di Indonesia, minimal yang temporary deh",2,2025-11-15T09:01:41Z,2025-11-15T09:01:41Z,2026-09-18T04:38:31.419348+00:00
Ugx72BonHuHIgjAo6KR4AaABAg,G_acqAJrRso,bb29f38b21787cbaecb147da859cb5818c90cdeee369fa866217c2ca5babba24,Kebayang ad 7 seaternya langsung jadi market leader 😍😍,1,2025-11-21T13:38:00Z,2025-11-21T13:38:00Z,2026-09-18T04:38:31.419348+00:00
Ugxp9i6rhS3-oXwlf7V4AaABAg,G_acqAJrRso,5413922ca4643b45e5c8b91c143a5e47d51db5947f4b191d98e48d98fec6ead8,41:22 adalah bahasa review untuk alam lain😂,1,2025-11-24T05:01:02Z,2025-11-24T05:01:02Z,2026-09-18T04:38:31.419348+00:00
Ugxy2Bub7OQwgeL8gDh4AaABAg,G_acqAJrRso,c677e27e5110218e7cf1d1a268fa5ba0aea9475ee9698435978d3d15392c14a0,"Saya baru serah terima untuk model 2026, tapi intelligence cruise assist  di speedometer yg gambar stir warna biru kok tidak ada ya, tapi di video youtube semua ada. apa fitur di kurangkan di model 2026???",0,2026-04-16T13:15:52Z,2026-04-16T13:15:52Z,2026-09-18T04:38:31.419348+00:00
UgyaJohgEBrPbvJ_Qgh4AaABAg,G_acqAJrRso,52557b2ab2704ea2fcfb2503048b9574f9ad8e485ca08e0bb3b1ed5e241f8aa6,"4:30 ""the blutus dewais is lidi tuper""",0,2026-05-06T16:18:52Z,2026-05-06T16:18:52Z,2026-09-18T04:38:31.419348+00:00
UgzSS5NDMeRi0I8z4Gt4AaABAg,G_acqAJrRso,216aeb3a7549a291bc53571535b85ee0b00166caf6fe5720da0fe0f031caa88c,"gila sih ini 😂 seperti nya era energi mandiri di sini sdh dimulai, fix sy akan jual mosin beli EV sisanya bangun PLTS kecil2 an masih cukup uangnya walau tambah kredit dikit masih sangat worted bgt MERDEKAAA etanol!!!",1,2025-11-15T21:34:16Z,2025-11-15T21:34:16Z,2026-09-18T04:38:31.419348+00:00
UgzciQtLgltgZFYiCOp4AaABAg,G_acqAJrRso,9d061ecbf16ba4788df506b8f8c9fb4a4a90cbb6c3f8b76a530cbf10222bf698,Katanya harganya gak masuk akal tapi dikit dikit bilang kualitasnya wajar buat mobil dibawah 300 juta...jadi emang sebenernya harga dibawah 300 juta emang masuk akal dong om...,2,2025-11-14T22:45:48Z,2025-11-14T22:45:48Z,2026-09-18T04:38:31.419348+00:00
Ugz-3cr9w-Nx9YEuG5V4AaABAg,G_acqAJrRso,a18f2ca83f8993d0322174e7f372e3959ada5188e7d8fdf3cd8c9f075b45336b,"Aksesoris j5 yg utama: kaca film vcool untuk panoramic roof, rebahkan  jok penumpang di bengkel, tutup sirkulasi ac  di bengkel, beli carpet plastik buat becek saat hujan,beli ban serep .",0,2026-07-08T04:53:08Z,2026-07-08T05:01:35Z,2026-09-18T04:38:31.419348+00:00
UgxJRvKB9RQO-1V5lwN4AaABAg,G_acqAJrRso,faa999640526d3655c93bd8aed6685a37fa3dd1b2af6af8f3edbffaaf68f01bf,Review byd atto 3 dongg,0,2026-09-11T02:21:01Z,2026-09-11T02:21:01Z,2026-09-18T04:38:31.419348+00:00
UgzugKfKwZlikqt51EB4AaABAg,G_acqAJrRso,7d05c1b32c575b7b1624ccd90809b9c5d05b5966994dc0610ae773a3fd8a05a0,"Pembeli jaecoo j5 yg spk diatas 1000 unit lebih baik pikir ulang untuk spk baru atau percaya sama sales unitnya bisa cepat, untuk info yg spk awal 1000 unit pertama saja serah terima unitnya masih tidak jelas",0,2026-01-12T14:19:03Z,2026-01-12T14:19:03Z,2026-09-18T04:38:31.419348+00:00
Ugw30a7kIZcuFisEcaJ4AaABAg,G_acqAJrRso,49bdddd9c9f4d888f0d80aaedfffe65add3b86c8d39ccec0a19cad3b73c00620,Reborn ganti ini???,0,2025-11-17T06:58:57Z,2025-11-17T06:58:57Z,2026-09-18T04:38:31.419348+00:00
UgwToBgHVg1Cd5rOjsl4AaABAg,G_acqAJrRso,b989fcf33b9263954ba64c640d042640397f60268f53eebc7946c36eb8f16929,Baru beli Atto1 jadi geleng2 kepala liat review J5 ini😵‍💫 ini launching setelah saya bayar Lunas atto1 😖 Jadi pengen TT dgn mobil saya lain🤤,2,2025-11-21T01:50:10Z,2025-11-21T01:50:10Z,2026-09-18T04:38:31.419348+00:00
UgzZvpe7wiLapYhKU6p4AaABAg,G_acqAJrRso,14ed02c75dd4ea5fda517d520c3970683f9685132b7165ba4b974cda203caca8,"ini mah bukan cuma HRV yang dilibas, hampir semua mobil jadi berasa mahal, atto 1 aja kerasa b aja dibanding ini, dengan catatan harganya beneran segitu ya gak naik pas mobilnya datang",3,2025-11-28T03:26:30Z,2025-11-28T03:26:30Z,2026-09-18T04:38:31.419348+00:00
UgzIVWwwHt8sLCzUUyx4AaABAg,G_acqAJrRso,d8aef35a578a4106f47d7a7a7ecf3bc19d06222e3cf5c08f2bf8dc0eb4b3c1af,Penumpang bagian depan gak ada arm rest tangan sebelah kanan 😢,0,2025-11-15T10:29:24Z,2025-11-15T10:29:24Z,2026-09-18T04:38:31.419348+00:00
UgzcvNT9AURiVIekXIh4AaABAg,G_acqAJrRso,85bbd37dcf803561b43a4aaea03792809d3aa99b9dd13031d3e4a36a85ff1172,Cortez lux 250an jt independen,1,2025-11-14T22:34:52Z,2025-11-14T22:34:52Z,2026-09-18T04:38:31.419348+00:00
UgxXOhgY7zZv-sFwmMd4AaABAg,G_acqAJrRso,56b9491d9bf5bcd9d482502f2b8399944f63afb2aea01b7d429c10162651c582,Jaeco kapan bikin LMPV 7 seater 200jutaan Plug in Hybrid?,1,2025-11-15T04:42:05Z,2025-11-15T04:42:05Z,2026-09-18T04:38:31.419348+00:00
UgzobFQVVFLGS632Qet4AaABAg,G_acqAJrRso,6ebf3d783bde9db3fd743ee7eb9a079151b514265473adf54cc36fff58584dea,Sayang bgt tuh arm rest nya nanggung bgt agak2 melehoy terlalu kebawah 😭😭😭😭😭,0,2025-12-26T14:16:58Z,2025-12-26T14:16:58Z,2026-09-18T04:38:31.419348+00:00
UgyEy0ZLb1L5t_hqRel4AaABAg,G_acqAJrRso,34ffad4105c8e214b837c892643a550d75bf3f4bb35f896fab622e0321080db7,Wahhhhhh.... Tp inden lama yaaa,0,2026-05-20T08:33:43Z,2026-05-20T08:33:43Z,2026-09-18T04:38:31.419348+00:00
UgwpnoEzdyMzOa1tmUV4AaABAg,G_acqAJrRso,2e2167230f32837a72ec521af2db98b5be3158aa0cc26e8e070a1a81b699ff61,Mobil ini layak masuk pada kategori benda ajaib. Udah gitu aja,0,2025-11-29T02:33:29Z,2025-11-29T02:33:53Z,2026-09-18T04:38:31.419348+00:00
UgyynadZzScqCrsD1RJ4AaABAg,G_acqAJrRso,3282b52cb520bf66d105e85724e5fbad9abcf7b653bf0589a63c9036910fb75d,"Saya sudah SPK tapi Fitur voice commentnya kalo buat saya ini gak fungsi. 
.
.
.
.
.
.
.
.
.
KArena saya sumbing😃",0,2025-11-15T01:57:01Z,2025-11-15T01:57:01Z,2026-09-18T04:38:31.419348+00:00
UgzxHB8biACuphqR9FR4AaABAg,G_acqAJrRso,11320e0ceca375c96ca696028d3560da6a88f09c2125a4ba64f6f00218d06447,"Ana rega ana rasa lan rupa.
Contoh kue donat di pasar 1000/bh.
Tapi dunking donat..../bh.
Beda harga beda rasa !",0,2025-12-31T15:15:57Z,2025-12-31T15:15:57Z,2026-09-18T04:38:31.419348+00:00
Ugz5XV6ry3_Hawu-AfN4AaABAg,G_acqAJrRso,952f2e455ecbc1a8500fee8df1c0fb5da56b01b70c338166c82d2a8f3139377d,"Harganya ga 299..walau sudah SPK di GJAW 2025

Alasannya adalah dapat mobil di tahun 2026, faktur mobil 2026
Dan 2026 tidak ada Subsidi Pemerintah

Tambahannya pemberitahuan via WA antara 30 sd 50jt..",0,2025-12-09T23:17:26Z,2025-12-09T23:17:26Z,2026-09-18T04:38:31.419348+00:00
Ugx48j_lP9CA7I2YswB4AaABAg,G_acqAJrRso,d87db3bf7aa32ea5e0b1f02c7ee87b203406b471e65cd71a620e50dad70efac8,Pengen ey tapi g mau credit hahaha,0,2025-11-15T03:36:45Z,2025-11-15T03:36:45Z,2026-09-18T04:38:31.419348+00:00
Ugyvp8D4N07JEkgqe7p4AaABAg,G_acqAJrRso,3ba12baa8311270bc8ae5b998e27ccb2f7bd71c57a72bf50ff220697e6ebbc6c,request om untuk jaecoo J7 SHS,0,2026-01-22T02:57:19Z,2026-01-22T02:57:19Z,2026-09-18T04:38:31.419348+00:00
Ugx4ORuTQiyOqkMgQix4AaABAg,G_acqAJrRso,49150436de11ac201e109b0265dd9ca9f3ba238a8debdfc523f05542087e85a8,41:18 wtf hahahaha,36,2025-11-15T01:04:33Z,2025-11-15T01:04:33Z,2026-09-18T04:38:31.419348+00:00
UgxK9DJGU117rEy9URt4AaABAg,G_acqAJrRso,2705d85a07c39f5c7e46b97a5c22f4f9637f41155fae0f902a977fad542070af,"Di menit 1:07 dia ngomong, ""simak di uwurgehe...""😂😂😂",4,2025-11-14T17:39:35Z,2025-11-14T17:39:35Z,2026-09-18T04:38:31.419348+00:00
UgyZNDw1AJT4Kji6G0V4AaABAg,G_acqAJrRso,2f0b5627867f074ab82c1c7a501e1aa1db92d40d61dfcdcb274262c14830b64b,"6:47 cortez lama, kalau ngga salah pakai rear multi link suspension juga...",0,2025-11-15T03:23:00Z,2025-11-15T03:23:00Z,2026-09-18T04:38:31.419348+00:00
UgxkqVdwM4SI27i0mK54AaABAg,G_acqAJrRso,1fe065b204438973d566624a7ba31ba777dbc7c2c5a2ffbc69ade53168785345,Apakah ini termasuk dalam kategori barang elektronik?😂,0,2025-11-17T04:27:24Z,2025-11-17T04:27:24Z,2026-09-18T04:38:31.419348+00:00
Ugzmw83hkny0iHdQgm94AaABAg,G_acqAJrRso,d1cb96f72e36d33662a5f493a3ce272296c720cc2a9db5a99429acaf137eece2,Paham Xiaomi n Apple n samsung 10 tahun lalu kan? Nah segmen mobil juga sama bgitu.,0,2026-04-21T14:43:28Z,2026-04-21T14:43:28Z,2026-09-18T04:38:31.419348+00:00
Ugyh0z1q1_lkrusQJP94AaABAg,G_acqAJrRso,fac5e47a109a194c009eb400823c223ed014973682b42929f61f9acfdd5b8ea5,memang si Jaeco ini sangat sangat worth it .. tapi karena si jeko ini baru after salesnya bagaimana... sekelas wuling saja yang pabriknya ada di indonesia beli bemper  depan+ headlamp depan sampe inden ..  ini sih yang perlu di kedepankan jangan sampe banyak tipe tapi onderdil makin susah ..,2,2025-11-15T02:50:22Z,2025-11-15T02:50:22Z,2026-09-18T04:38:31.419348+00:00
UgyQno8Rn06HxoI1tvN4AaABAg,G_acqAJrRso,4de7294a965242e2910e4941fc1b6330a3b0663914adb47ef10c94247965bd25,Mending beli ini daripada wuling binguo malah lebih mahal,2,2025-11-14T22:55:32Z,2025-11-14T22:55:32Z,2026-09-18T04:38:31.419348+00:00
Ugz_bLX7QtIUgLnwH2B4AaABAg,G_acqAJrRso,3c092641817d887625c580500c1b92f08f117df155250a728ff641acd8b8c188,Ga usa bilang harga segitu sudah ga ada 😂,0,2025-11-15T03:36:51Z,2025-11-15T03:36:51Z,2026-09-18T04:38:31.419348+00:00
UgwLh-cZswudrZjrAbF4AaABAg,G_acqAJrRso,4edac38167b4380357ef5003e114f987c3bd4765d4b2a1644d632e097b8daeaa,Di negri asal nya kan juga murah  cuma di Konoha aja semua mobil mahal😂,0,2025-11-21T04:48:54Z,2025-11-21T04:48:54Z,2026-09-18T04:38:31.419348+00:00
UgxtuoFYKrHwrRmhGJF4AaABAg,G_acqAJrRso,d75c45ecbe1e8947b0f17112e1ef5807952893ca721498ede199c5b9193f4406,"1:08 ""sepuluh ...."" apa bang? 😅",0,2025-11-19T06:16:25Z,2025-11-19T06:16:25Z,2026-09-18T04:38:31.419348+00:00
Ugylif_j0OvENigHmdt4AaABAg,G_acqAJrRso,4847df11fda2a904c20bd3f29ebe16a243eed1a5d8f106f627f789a328708b13,barusan tadi di jalan kota gw(mks) ada mobil merk haval jir kek hah,0,2025-11-14T15:34:13Z,2025-11-14T15:34:13Z,2026-09-18T04:38:31.419348+00:00
UgwC52GtuTGtTGqGmZl4AaABAg,G_acqAJrRso,27829149417fd58aed92adaf7002aa454d9afcffa594b5aabcc47641daf4582e,Luxeed juga,0,2025-11-14T16:08:59Z,2025-11-14T16:08:59Z,2026-09-18T04:38:31.419348+00:00
UgwgFcMe-bxg-hTAbVt4AaABAg,G_acqAJrRso,8bf4655516f21b9895885b168057c178e98ccbf9a43736978c4a136460011ec5,👍👍👍,0,2025-12-02T02:45:51Z,2025-12-02T02:45:51Z,2026-09-18T04:38:31.419348+00:00
UgyI8ZEux9e49ZJfHZZ4AaABAg,G_acqAJrRso,56c091149cd50ebf017a2b4f7de667b6e33c212b5b9cb4f5450da33c48eb8e67,Sayang bakal capek spooring mulu,0,2025-11-14T15:03:50Z,2025-11-14T15:03:50Z,2026-09-18T04:38:31.419348+00:00
Ugz8hUZfmapXcnjdEzl4AaABAg,G_acqAJrRso,e9f9021ba096cfc68dee484bd9347b0d72e70ccccfd1ede1072d74bfc8df1acf,"Paling terasa kurangnya
- Minim tombol fisik
- Jok baris ke 2 tegak",2,2025-11-14T14:13:46Z,2025-11-14T14:22:17Z,2026-09-18T04:38:31.419348+00:00
UgxZ9A6gOcWAoRiobqt4AaABAg,G_acqAJrRso,004dc8f9ce590a11f227e1466a7014d3c1e0eb3483a63039bd0c17260e976435,"1:07 41:17 hahahaa.. 
carmudi bangett iniiih",0,2025-11-17T01:03:09Z,2025-11-17T01:03:09Z,2026-09-18T04:38:31.419348+00:00
UgwTV7PvpocKROi3ckd4AaABAg,G_acqAJrRso,e54a1386b26278e5503b4c72ac2baac5220377367f84c73996f4920f6a2192ac,Copyright di deskripsi 2025 kali bro 😅,2,2025-11-15T02:31:27Z,2025-11-15T02:31:27Z,2026-09-18T04:38:31.419348+00:00
UgzGcC4eDhAvfvuwqOh4AaABAg,G_acqAJrRso,5746ad383eaa56ec98a776577d72aa9b522f73ec0f3888b8133c179e686f145d,semua mobil terlihat sempit untuk di review 😂,0,2025-11-16T13:02:48Z,2025-11-16T13:02:48Z,2026-09-18T04:38:31.419348+00:00
UgzSVd1uLmUf3ajlxb14AaABAg,G_acqAJrRso,27341ae91de62dcc17dffda68ba95b961483b02e65d3fdba80b29cc4463d256d,"gempuran MoCin, cherry Group",0,2025-11-14T14:17:50Z,2025-11-14T14:17:50Z,2026-09-18T04:38:31.419348+00:00
Ugz6klaxkbv9bFmPtZF4AaABAg,G_acqAJrRso,82ce78f0eab41b43665129aed725ca59d0612b6c435c6238a164c23f0d06591c,Beli sesuai kebutuhan tentunya. Gak usah fomo gaes. Pabrikan akan selalu keluarin mobil ev yg menarik dan membuat lu nyesel karena kurang sabar 😅😅,0,2025-11-15T03:25:34Z,2025-11-15T03:25:34Z,2026-09-18T04:38:31.419348+00:00
Ugyu8rYwG2ZhDg0Ye5p4AaABAg,G_acqAJrRso,ac28d3843af2b46dd7a4199543dd3daa6a4e806e4eb75952ce107037af9ee300,Bang review Alvez terbaru,0,2025-11-21T12:04:01Z,2025-11-21T12:04:01Z,2026-09-18T04:38:31.419348+00:00
UgxHNwZuHv52XTGy1ht4AaABAg,G_acqAJrRso,2bbdc116143728502d330a28134ac934f5aa4fbe45317e9d49634a9d9549ad17,4:15 stlh sy pake sndri trnyata gk harus pake sabuk dulu kok,0,2026-02-27T21:31:44Z,2026-02-27T21:31:44Z,2026-09-18T04:38:32.144167+00:00
UgyjkkP91EWtSVk_7ix4AaABAg,G_acqAJrRso,3ec17b65f3a52e1836facce2562b204835b1d4adeb6cbf55318fd9e8eb289e73,"Hello jaeco
Go a head
""wewokdetok""",0,2026-03-27T18:44:57Z,2026-03-27T18:44:57Z,2026-09-18T04:38:32.144167+00:00
UgxG2rAO5dPAS4OSnol4AaABAg,G_acqAJrRso,162b94c9eee2ef957999252b0812ef4a1b44798f10b076b0626916c943d9e9f7,Evoque versi hemat,0,2025-11-18T04:42:30Z,2025-11-18T04:42:30Z,2026-09-18T04:38:32.144167+00:00
UgwQVwUNmXKIBnwe7ip4AaABAg,G_acqAJrRso,fd3077ed4727f77cc78edb348bbe0d94806016c06ddf117cfd6803dc284ca4a2,kirain 7 seater tadi,0,2025-11-25T05:45:01Z,2025-11-25T05:45:01Z,2026-09-18T04:38:32.144167+00:00
UgzlIWFUdMJSrxvNXHR4AaABAg,G_acqAJrRso,e200e80b234d59edc594b5d17e8b74a3048967f098e5f90f916b745023e51747,Bagus spek nya anjirrrrrrr😂,0,2025-11-16T12:48:39Z,2025-11-16T12:48:39Z,2026-09-18T04:38:32.144167+00:00
Ugw9Xh7hDcb_jXyL0bB4AaABAg,G_acqAJrRso,b5521663cf89bb636d9d8d03c685346283f8a132c2364346f80c4d040b12fbbc,"1 aja yg sy sayang, kursi nya2 baris, hahaha, gak bs buat mobil keluarga, keluarga besar mksdnya, heheheh, tp pgn bgt bro..",0,2025-11-15T22:35:30Z,2025-11-15T22:35:30Z,2026-09-18T04:38:32.144167+00:00
UgzPLFJosKn6jzEiX7p4AaABAg,G_acqAJrRso,40f05a3ce1ac0e197661a4d280654387a3c16667a84fb93352bc1b8e29dd2282,"sayang atas nya gak bisa di buka, karena suka ngebul di dalam mobil",0,2025-11-17T15:47:00Z,2025-11-17T15:47:00Z,2026-09-18T04:38:32.144167+00:00
UgzoWzzHvuejQc2q7dZ4AaABAg,G_acqAJrRso,77c678642b41e31b5d88e5b0f865ba6ea3e94174a30f5e94e3228d1bac699b35,"setelah 2 tahun mantau perkembangan EV di indonesia, akhirnya memutuskan untuk ""menyetrum"" diri dengan jaecoo j5 ini.

sebelumnya, sudah test drive;
xpeng G6, geely EX5 max dan starray, MG4ev (di awal2 rilis pas info CKD nya potong harga gede), BYD seallion, dan BYD Atto 1.

akhirnya decide dengan j5.

menurut saya, dari seluruh unit yang saya test drive, urutan yang paling enak;
- starray, J5, dan atto 1.

sisanya? bukan ga enak, tapi saya per tahun total trip hampir 40rb km kombinasi dari palisade 2024 dan bmw f10, berasa mobil2 yang saya test itu terlalu empuk & ada kesan melayang, seperti naik perahu. malah di EX5 berasa agak mual saat test drive di PIK 2 saat event mandiri fest. 

sudah sempat SPK geely EX5, akhirnya saya cancel dan jadinya ambil J5 pasca pengumumannya.

sudah test drive juga, driving feedbacknya menurut saya salah satu yang cukup ""dekat"" dengan pengalaman berkendara ICE, terasa ""napak"".",15,2025-11-14T14:26:06Z,2025-11-14T14:26:06Z,2026-09-18T04:38:32.144167+00:00
Ugzw1cMlYnraSw_mLDR4AaABAg,G_acqAJrRso,5f0a1b57cb9804107794da82b7b56d218b48609240af3dd453137b4d0f20e1b9,"Bahasa penjualan memang dibawah 300juta, padahal hny kurang 100rb.. 😅 pembulatan sekarang memang menipu.. yg benar kalau diatas 5 , 6 up sudah disebut 10.. kalau dibawah 5, 4 kebawah pembulatan kebawah. Tapi memang keren mobilnya. Bismillah buat semua yg liat video ini, bisa membeli mobil ini, aamiin 🤲🏼",2,2025-11-15T09:34:45Z,2025-11-15T09:35:35Z,2026-09-18T04:38:32.144167+00:00
UgyJCMKWccxz96XZiwx4AaABAg,G_acqAJrRso,87fd7ec6b5553ee41b88907fe6081e985c705f8d38f58de4609cecc41079e5ac,"September beli creta n line, november spk j5 di gjaw. Alhamdulillah bisa deliver di bulan feb kemarin dapet cabang dan sales amanah. Jujur J5 ini 299 juta dapetin fitur selengkap ini, ga kalah saam creta yang saya beli sebelumnya. Cuma emang secara sound system, kekedapan dan feel berkendara masih kalah banget sama creta. Tapi 299 juta buat J5? GILA SIH!",1,2026-03-02T08:42:21Z,2026-03-02T08:42:21Z,2026-09-18T04:38:32.144167+00:00
Ugy4GtNnswD83RgxIhl4AaABAg,G_acqAJrRso,60a249d5cd527a1bec078b5a2cc32d961b054b9113e54b00905dd6ef7c90de64,Ga ada yg versi rwd ya om ?,0,2025-12-01T09:47:30Z,2025-12-01T09:47:30Z,2026-09-18T04:38:32.144167+00:00
UgxGMqFsrBD1fUGNNfR4AaABAg,G_acqAJrRso,613182bd1ed1973682651699e49daa7146b9e3d800ae3658bf9e12e319a89769,",❤️",0,2025-11-14T23:35:01Z,2025-11-14T23:35:01Z,2026-09-18T04:38:32.144167+00:00
Ugzs_f0fBOSGVAJeUYB4AaABAg,G_acqAJrRso,7f0e30223ab857b5f57a2c2bc919eba7a3f21d7b13432de9747589b5046bf324,Warna putih + dibuat dual tone hitam piano black. Yuklah balik kerja lagi. Inshallah 5 tahun lagi kebeli.,0,2025-11-15T02:28:14Z,2025-11-15T02:28:14Z,2026-09-18T04:38:32.144167+00:00
Ugy5sm3p8h08ukY0djl4AaABAg,G_acqAJrRso,66313f0580ee57cb73034cc92c96c074b28c78c38f6c6ad384133314476e43a7,"Nungguin J5 EV varian tiga baris 7 seater, aja.. kabarnya tahun depan",0,2025-11-29T09:23:10Z,2025-11-29T09:23:10Z,2026-09-18T04:38:32.144167+00:00
UgzC5V1HQZMvioBZZGJ4AaABAg,G_acqAJrRso,9188c57dbacd3ccbc2f708c7264dd8d4873822365a069948f6a5ce1e9ded5fc9,wah pengen spk,0,2025-11-15T14:47:50Z,2025-11-15T14:47:50Z,2026-09-18T04:38:32.144167+00:00
UgzqcKqaY9tqmCp7WmR4AaABAg,G_acqAJrRso,aaabe2fce66df4890a3fca80ec594aa0a4871cdb21588a08a4fd5c820d2275a8,"Bang ""YA"" nya ngegas banget bikin kaget",0,2026-07-18T19:39:09Z,2026-07-18T19:39:09Z,2026-09-18T04:38:32.144167+00:00
UgxTW_sWbfqJF7Ptt0V4AaABAg,G_acqAJrRso,2ed2d8db9cd765514a7d7c644ddd649bcffcf5ec40a1304d9edc5ea77ca6782a,"Jadi drpd aion ut dan geely ex2, apa ini aja?",0,2025-11-14T17:08:57Z,2025-11-14T17:08:57Z,2026-09-18T04:38:32.144167+00:00
UgwpzV7xUVmMU4z4P954AaABAg,G_acqAJrRso,f0e12ab3e513a562e5f3afd6f01d025ae41d3d5e31cc9935852ac0aea9c14f26,Fyi biaya produksi mobil ev lebih murah dibanding mesin bbm. Knp mahal krn mereka jual teknologi. Mobil ev nnti nya bakal lebih murah harganya dibanding mobil bbm,1,2025-11-14T23:14:42Z,2025-11-14T23:14:42Z,2026-09-18T04:38:32.144167+00:00
Ugw95AUs4I1HpAdc1CB4AaABAg,G_acqAJrRso,58c06463ef80c8a6665dcaabb52be431d844de55235b24ab4ed806f320421ffd,"Jika berbayar, berapa harga IOV selanjutnya?",0,2025-11-26T01:49:24Z,2025-11-26T01:49:24Z,2026-09-18T04:38:32.144167+00:00
UgwWl7EMc8A-kXcwlUJ4AaABAg,G_acqAJrRso,75146297815cd8b4ec062a328e9c05d8c4d7ad0c396428d03ae15909e9fe7b88,"Hanya untuk 1000 pembeli pertama,setelah itu kira2 brpa harga nya ya?",0,2025-11-18T13:31:29Z,2025-11-18T13:31:29Z,2026-09-18T04:38:32.144167+00:00
UgyvqOOLVG4WkOBCnAp4AaABAg,G_acqAJrRso,dbf8fdff04717f1b4d4c39cd11bcb80c35fbdafeeb147cecfb39a393088edcd3,"Jangan hitung harga jual dengan segitu bekas pake 10th puas walau bekasnya jadi rongsok😂, menurut hitungan pake bisnis",0,2025-11-15T15:42:10Z,2025-11-15T15:42:10Z,2026-09-18T04:38:32.144167+00:00
UgyOhIAaq7hX_n6PQL14AaABAg,G_acqAJrRso,9795b4286fff93e08f0276f0e20ff0d6e89094f94c4357e509295cdb0963aac1,Terakhirnya bg….. 😂,0,2026-05-10T16:27:32Z,2026-05-10T16:27:32Z,2026-09-18T04:38:32.144167+00:00
UgzjQqIuzHp9I8AH1Ih4AaABAg,G_acqAJrRso,da5759d6c7e3d6efee83a8cfefb8c059475df8c392986688abf24ef1622ebfcb,"Compared sama Veloz yg harganya sama, gimana kenyamanan nya ya? Soalnya Veloz bantingan nya kurang oke dan agak berasa LGCC gitu.",0,2025-11-14T21:30:00Z,2025-11-14T21:30:00Z,2026-09-18T04:38:32.144167+00:00
Ugy_gsbDMSX32iPt6Ql4AaABAg,G_acqAJrRso,a5d73c4c2dff87ab6c04847b3311a9e313d0171af0fad100575e2255dfe9071a,Sekilas saya pikir ranger rover 😅,0,2025-11-21T07:21:13Z,2025-11-21T07:21:13Z,2026-09-18T04:38:32.144167+00:00
Ugy5Buo2nYRBA1n-QPt4AaABAg,G_acqAJrRso,33bffadc7ffd80813122fa460d5fc20a9296afe62436bc22950230c0cc7b2eb3,depan gk ada foglampnya ya?,0,2025-11-17T10:23:26Z,2025-11-17T10:23:26Z,2026-09-18T04:38:32.144167+00:00
Ugyv9zFMFxzx3aYqwMF4AaABAg,G_acqAJrRso,633104827ddb81d56792c0fce3b552c40ed902cdc5e0d3ec46e9794db026fff8,"Fiturnya gacor semua, pingin tapi ngeri sedap juga sih kalo layarnya mati, ga bisa ngapa2in 😆",0,2025-11-14T18:53:29Z,2025-11-14T18:53:29Z,2026-09-18T04:38:32.144167+00:00
UgzG3B1lVtAHI4c4QG54AaABAg,G_acqAJrRso,53b7745e8350d292577e98514daa127a112949ab6d3b6ec39313d071bcb11c0c,Udah tes drive.....😂😂....mau omong gimana lagi bingung ....saya ada hrv ama destinator.......dan percaya deh dua2 nya gak menang dibanding si J5 ini😅😅😅.......spk nya antriannya ngeri bener😅😅😅,5,2025-11-14T15:57:19Z,2025-11-14T15:58:04Z,2026-09-18T04:38:32.144167+00:00
Ugxi1POr5aEdSUJ8m714AaABAg,G_acqAJrRso,79629380106f4cf9927155b02c28629c180028ab85e11ba4668978d5eb6f0bb2,Info dr sales sebelah...1000 unit sdh ludes des dessss.. setelah itu harga kembali ke 400jutaan.. bener gak ya?,0,2025-11-14T18:35:03Z,2025-11-14T18:35:03Z,2026-09-18T04:38:32.144167+00:00
Ugw2bZu0pyKXL2DOytV4AaABAg,G_acqAJrRso,8580dc9e0d0229783fe1d5fd12616dad139d49ef64c12cab8192a9917fc66189,mobil ini ngecharge di rumah bisa ga ya ?,0,2026-04-09T03:04:47Z,2026-04-09T03:04:47Z,2026-09-18T04:38:32.144167+00:00
UgzSv4qvKzH6anrOfrV4AaABAg,G_acqAJrRso,462bfe4a281cb727683df764dedf1fbda011398a191901579133da32581c1961,"07:17 ???
Range Rover ketawa cekikikan di singgasana tangga pegunungan Tianmen😂",0,2025-11-15T05:15:42Z,2025-11-15T05:15:42Z,2026-09-18T04:38:32.144167+00:00
Ugx0P0EeHrKToMl2tF94AaABAg,G_acqAJrRso,04ed500cd3cfbab30d24ad38d8d0176c993e03747ef304006e181d9ea48c2e48,"Desain belakang copy banget RR, desain depan agak aneh krn polos…",0,2026-04-27T05:58:28Z,2026-04-27T05:58:28Z,2026-09-18T04:38:32.144167+00:00
Ugy6Jhk5xEi8pdjdU5F4AaABAg,G_acqAJrRso,c6f1c9e4646b6bb28e3010b51548173c53a019a5eb61fcbb05b7b484892a8e6b,skiplah RWD lebih asyik,0,2025-11-14T17:56:43Z,2025-11-14T17:56:43Z,2026-09-18T04:38:32.144167+00:00
Ugyk9IAxH-FoYEryUpx4AaABAg,G_acqAJrRso,1f8b1907910490a70edfaa19afef731ce33b60190a5c24f0f6aac15771a37a35,41:22 😭😭😭,0,2025-11-15T12:37:16Z,2025-11-15T12:37:16Z,2026-09-18T04:38:32.144167+00:00
Ugyk6XONUS3SrXXmNHR4AaABAg,G_acqAJrRso,59cafde1c7683a3c1cb0f6f0422b2b0b50f2780327cb606ca2fffd52c77052d6,Numpang tanya jaeco ini service dealernya sama2 dengan chery ???,0,2025-11-14T13:07:03Z,2025-11-14T13:07:03Z,2026-09-18T04:38:32.144167+00:00
UgxMpygyUOXtSIO83Ip4AaABAg,G_acqAJrRso,f9f0cb1e334ae9cdc1b447dad09c6c49b0e824ebaae6ad3bf84230303f94f73a,Ending yang membagongkan 41:20 😅,0,2026-01-31T08:26:58Z,2026-01-31T08:28:07Z,2026-09-18T04:38:32.144167+00:00
UgzA2tH-OBh_19jIR9d4AaABAg,G_acqAJrRso,c459579bd27aa6c264ff04e6311952bdfe5e7f9016b33d7f3f9f3a62a0bd973e,ngomong apa sih bang 41:21 😂😂😂,0,2025-11-16T08:42:18Z,2025-11-16T08:42:18Z,2026-09-18T04:38:32.144167+00:00
UgwT97YYiQoIPEvlsgB4AaABAg,G_acqAJrRso,d8eab4f94e46ce16120b485e7aa2a56860f2060bbdf580e5c5ddc1415b39dec3,Ga pengin beli krna ga ada duitnya,0,2025-11-14T23:38:44Z,2025-11-14T23:38:44Z,2026-09-18T04:38:32.144167+00:00
UgzaKjeYG1c7n7pgpad4AaABAg,G_acqAJrRso,8173205f386305bc4de231f4c4c2fecc09ff229add651f166ade38bc78677a2f,"Teman² mau nanya dong, dari hrv se 2024 ganti ini cocok gak ?",0,2025-11-14T12:42:31Z,2025-11-14T12:42:31Z,2026-09-18T04:38:32.144167+00:00
UgzQLQZQsRtFxY4W38t4AaABAg,G_acqAJrRso,3e525337b79a356a173b3d39b88b2bc2f7b7febcfcf2499b263fadd57f9fe48e,sama BRIO RS VTEC kencang mana?,0,2025-11-14T12:59:51Z,2025-11-14T12:59:51Z,2026-09-18T04:38:32.144167+00:00
UgzKna37dx2g3AdoA594AaABAg,G_acqAJrRso,ed3a79da1fbead0fae4f585b93c75899c9befd02c83300c6e0b821d1855ab0c2,"Mw brionya rz rx ry apaja alpabet masukin serinya, ttp jco donat 😂",0,2026-09-14T05:04:05Z,2026-09-14T05:04:05Z,2026-09-18T04:38:32.144167+00:00
Ugyr1L-nNZN5byQYS-h4AaABAg,G_acqAJrRso,c2523b052088d6fed96ce9b6e34476ddb850abbeeb4b08822f215e9647ee8939,"Klo kena banjir aman ndak, krn posisi baterai di bawah?",1,2025-11-15T23:22:10Z,2025-11-15T23:22:10Z,2026-09-18T04:38:32.144167+00:00
UgyyV8hYYRQueBA-1xl4AaABAg,G_acqAJrRso,46f6fbef81276c178848dc4116e5a799cedf6f60129c1f9a87b0c4e47a2b408a,Yakin hrga murah kualitasnya bagus?,0,2025-11-15T00:23:59Z,2025-11-15T00:23:59Z,2026-09-18T04:38:32.144167+00:00
UgxgkIsfW40YnsxGN1t4AaABAg,G_acqAJrRso,06162131bbe33b601f27c38e4c35753140a1c98983db8bd5b743de045a90f682,"Apa Chery bikin pabrik di sini, spt BYD, guys ?
Kalau spk skrg apa msh dpt hrga ini ?*pls marketer j5 comment ya",0,2025-11-15T04:08:32Z,2025-11-15T04:08:32Z,2026-09-18T04:38:32.144167+00:00
UgzArVnnX0kaS-cPXKB4AaABAg,G_acqAJrRso,b022d73051ea517ae1625b912e0d5729e01833c02556dff796da01da2884bb73,"Harga baterainya J5 berapa ya?
Ada yg tau",0,2025-11-24T16:47:01Z,2025-11-24T16:47:01Z,2026-09-18T04:38:32.144167+00:00
Ugyb4GbwnCaf115h21h4AaABAg,G_acqAJrRso,4d52f1b82705eea1a689f19deeb9b95d7ab46adf98aa9ca095963f5fc2b4bee4,"tuas sein kiri kanan di sisi kiri setir. utk pengendara yg biasa bawa mobil jepang, terbiasa tuas sein di kanan, malah jd mengaktifkan transmisi P/R/D.... bahaya",0,2025-11-20T02:44:56Z,2025-11-20T02:44:56Z,2026-09-18T04:38:32.144167+00:00
Ugzdc4ZVYtGG2ZyhWmt4AaABAg,G_acqAJrRso,2cb065b4b36b10a647c5a1148b58fde60757f7c494fa45a8f3f5bd5b4b066421,Semua fitur dan fungsi penting malah ditaruh ke layar. Tambah ribet😂 7:34,0,2025-12-02T05:25:40Z,2025-12-02T05:25:40Z,2026-09-18T04:38:32.144167+00:00
Ugz8WUEsPqRbLi4hMdJ4AaABAg,G_acqAJrRso,0b887def21501441c4a5c4c4483f35abcc6269255287d0e3230b3cdd5a59d2b7,selama itu mobil listrik..no wayyy..skip..,0,2025-11-22T13:47:14Z,2025-11-22T13:47:14Z,2026-09-18T04:38:32.144167+00:00
UgwzHa6BvzNdera-fpl4AaABAg,G_acqAJrRso,3b069db839149ecd0633912bc1eeebb5b94e3ee06c391b5a5afd9be0699872c6,Hahaha diakhir gak jelas ngomong apa sampe mau batuk lagi 😂,0,2025-11-15T01:58:24Z,2025-11-15T01:58:24Z,2026-09-18T04:38:32.144167+00:00
UgyF74sWF3SX6WZOnId4AaABAg,G_acqAJrRso,6c3457d425e8c79f9966e22021c3965e29cedc00ecfeae2513db6b38902dc3de,Speedometer kaya motor listrik 😂,0,2025-11-15T14:56:12Z,2025-11-15T14:56:12Z,2026-09-18T04:38:32.144167+00:00
UgyhPKkU6x9Uu_IKlO14AaABAg,G_acqAJrRso,2be3d9309d97e69f33cf5b1117535d14f9054552e2073d9780e82c17353054a3,"Kalau mobil listrik sudah berani main di angka 300 jutaan, rasanya pembeli mobil Hybrid sekelas Suzuki Fronx, Daihatsu Rocky eSmart Hybrid, Chery Tiggo Cross Hybrid menyesal beli mobil hybrid, termasuk saya yang punya Suzuki Fronx SGX Hybrid",9,2025-11-14T12:01:38Z,2025-11-14T12:01:38Z,2026-09-18T04:38:32.144167+00:00
Ugy-pHKVMESol2UPJVN4AaABAg,G_acqAJrRso,57fb6925dbf57dd2532a0a914511b816f4ce79a944af5722baca3be8e1ce7e37,RANGE ROVER VOGUE,0,2025-12-01T18:12:34Z,2025-12-01T18:12:34Z,2026-09-18T04:38:32.144167+00:00
Ugx_Tb6POezbqT0fmlR4AaABAg,G_acqAJrRso,13726c32b492a6bfaeda66d43ff8b51305cdebb84865537a35d5f1e2a1a8d4ed,"Plat nomor buat kurang ganteng
Apakah pihak polri bisa membuat solusi agar merubah ukuran",0,2025-11-15T09:55:50Z,2025-11-15T09:55:50Z,2026-09-18T04:38:32.144167+00:00
UgwlU7hWeyv5dUbdcOd4AaABAg,G_acqAJrRso,a081f4ae1a1e65838956a84888dee0a8a7ba33b75c21b2a3a952c01d58cccb13,di closing ngomong apa sih wkwkw,0,2025-11-14T15:07:56Z,2025-11-14T15:07:56Z,2026-09-18T04:38:32.144167+00:00
UgxG1v0EI8KcljbbU614AaABAg,G_acqAJrRso,75418d3ca11111495895599e6375ad69c1e7c6fc6eebfbc22d66cbf2969cff64,"Awal bulan dtg nihhh LG cari2 home charger yg bagus, krn charger jaecoo hrg nya mahal 15jt an 😅",0,2025-11-16T06:40:12Z,2025-11-16T06:40:12Z,2026-09-18T04:38:32.144167+00:00
UgxdlyVZ3gnM3mm7ggV4AaABAg,G_acqAJrRso,c790814d6b01d907b64bba926c4a6ac95269bde3f6508c2f076aa94884580acd,karena brio kan mobil ani ani........... koko koko yg beliin   makanya mahal,0,2025-11-28T07:49:06Z,2025-11-28T07:49:06Z,2026-09-18T04:38:32.144167+00:00
UgxYoaDwCDKN5xYeH014AaABAg,G_acqAJrRso,cf691c12ab69e6a36341733b93650dc015a6e3fdfb43e83d327ab5a7bdec4d84,tetep pilih brio karna saya ga suka mobil gede,0,2026-02-12T13:35:24Z,2026-02-12T13:35:24Z,2026-09-18T04:38:32.144167+00:00
Ugyap-8LdFD0ItQFU6F4AaABAg,G_acqAJrRso,3f4ba08626f62a4d20f9299dcf9ecb535cbcf3fc853fd565c2784b5628cbf2e2,"Knp ev dari KIA, BMW, Hyundai lebih mahal dibanding Chery/Jeeco, BYD??",0,2025-11-14T14:33:50Z,2025-11-14T14:33:50Z,2026-09-18T04:38:32.144167+00:00
UgxWZ__OSlD5Q9GYyT14AaABAg,G_acqAJrRso,c10fe26ae5e61bb14a58efd6c7dedcec4f625fb8d6db67df90228b278f490eef,"Yg kalian tidak sadar, baterainya LFP tapi bukan blade battery. Jadi tidak tahan tusukan. Blade battery byd masih yg terbaik saat ini untuk keamanan baterai",0,2025-11-14T17:33:57Z,2025-11-14T17:33:57Z,2026-09-18T04:38:32.144167+00:00
Ugy7uCNc1DvBL6-1AlR4AaABAg,G_acqAJrRso,66c7a1b89fa54ada05b318503898e5d5499be275a518ed9f1bbfdf324a1c5ad5,"Galau mau beli sealion 7 atau jaeco j5..
Yg satu murah, sangat worth it..
Yang satu keren, bentuk sempurna utk sekarang, tapi liat j5 jangan² abis beli turun 200 juta 😢",0,2025-11-14T14:42:44Z,2025-11-14T14:42:44Z,2026-09-18T04:38:32.144167+00:00
UgzTM8OthcaBs5I6evZ4AaABAg,G_acqAJrRso,f4ee444658acf6d296ce99fd9e4c14d7c8b6229199f646de7fa41b7e2bfc4673,"di cina klw ngga salah udah ada versi hybrid, fix klw masuk di Indo harganya ngga ngotak lagi hahaha... fix bakalan sakit kepala kompetitor",1,2025-11-15T00:23:44Z,2025-11-15T00:23:44Z,2026-09-18T04:38:32.144167+00:00
UgxiJ0HgQNpgUSGhDhl4AaABAg,G_acqAJrRso,9c3eea450c7be03655a0519a7911b91a97dc6713f75f8bb464c3c4550f9f67b5,kita lihat seberapa awet…,0,2025-11-15T12:59:33Z,2025-11-15T12:59:33Z,2026-09-18T04:38:32.144167+00:00
UgwNV5TZmUyR_DVkqGV4AaABAg,G_acqAJrRso,b1da661479a5b175e1fe72bcb86be1ad1a0a5e51104fdfb1fde8394300098a59,nah kan 1000 pembeli pertama saja. Habis itu balik 400jt?,0,2025-11-14T13:56:57Z,2025-11-14T13:56:57Z,2026-09-18T04:38:32.144167+00:00
UgzU4TwAVir8cqvMKbh4AaABAg,G_acqAJrRso,c3f1e95a8471fe429804129c798cf5bffbb106dd7ee925cecaa42368598f7b41,"Satu doang yang agak minus dari exteriornya mobil ini. Entah knp jadi cungkring looksnya krn gak ada plastic clading hitam melingkar di fender ban. Warna item sih agak ketolong, tp klo warna terang keliatan kurang pas, ada yg kurang. Coba deh jaeco revisi bagian itu, pasti lebih padet enak diliat kaki2nya.",5,2025-11-14T15:36:58Z,2025-11-14T15:36:58Z,2026-09-18T04:38:32.144167+00:00
UgxYUm_CbkmudLewwdF4AaABAg,G_acqAJrRso,b3edaad28557094b830f172679d031b933541f9eb153591c924f06a74dc099f2,"kita lihat 7 tahun kedepan, depresiasi berapa persen dan harga batrenya kira kira berapa ratus juga 😂",0,2025-11-15T03:33:15Z,2025-11-15T03:33:15Z,2026-09-18T04:38:32.144167+00:00
UgyX9xk_F342T7B1c8R4AaABAg,G_acqAJrRso,e9a7dd74a0d4c0ccf3023ab823a805236edaa6b69112d4a658dfdfd127350835,"Apakag jeco bisa menggeser pasaran avansa dan brio mengigat harga jeco mirip dan ngak beda jauh, kalo jeco biso berdiri sejajr degan avansa dan brio dlm penjualan wah hebat aku malah suka nanti dibursa pasar mobkas ada mobil cina dlm populasi banyak dan banyak pilihan buat konsumen",0,2026-05-05T22:05:10Z,2026-05-05T22:05:10Z,2026-09-18T04:38:32.144167+00:00
UgyFyNTcCWWA25KyqnN4AaABAg,G_acqAJrRso,f25aefa17bd98c34d2df9ea6b0d251b2f34ccca801a3df63c74c58961b1495bf,"Kalo dipake 5thn sih murah ini, kalo di pake 1-2thn hilang 50% harga nya",0,2025-11-15T00:51:46Z,2025-11-15T00:51:46Z,2026-09-18T04:38:32.144167+00:00
UgyKd3ZK0oqjdXkEJjB4AaABAg,G_acqAJrRso,a562ad6a5ce55f80749ea96f19a8a739dec9e4a43e364d28751b87336f993f51,"coba kalau ga indent 😢
uda terlanjur tunggu UT",0,2025-11-14T11:57:10Z,2025-11-14T11:57:10Z,2026-09-18T04:38:32.144167+00:00
UgznrfUy5IRX7NEiOTp4AaABAg,G_acqAJrRso,4df75ad5a61a7db22216ff36c2b1b7d4717165d984c7c4935ed5b64a21ebbeec,"Chery: brand baru ini diposisikan lebih premium dari Chery
(Lanjut meluncurkan produk yang harganya lebih murah dari produk2 Chery)

Mobil 300jt ini bahkan bisa mempermalukan produk terbaru Chery yaitu J6T soal range, kap mesin dengan hidrolik, dan frunk. Padahal sudah pasti J6T itu jauh lebih mahal dari J5 ini...iya kan Chery???",0,2025-11-15T21:44:04Z,2025-11-15T21:44:04Z,2026-09-18T04:38:32.144167+00:00
Ugzl8yfKhL1BzVAqtrd4AaABAg,G_acqAJrRso,86b95f0835448ec9fa44955e065b389eab4c40c435d01da01864cb46a1307523,Harga mobil nya saja 250jtn berarti harga batre nya ga sampe 100jt kalau ganti,0,2025-11-14T15:09:16Z,2025-11-14T15:09:16Z,2026-09-18T04:38:32.144167+00:00
Ugw63VHAefy9vuJwYd94AaABAg,G_acqAJrRso,72465e3fc22fda46ff060968e983f09c5e0f43e3fb54596e2175bae234700955,Destinator kapan review lengkapnya om,0,2025-11-14T18:13:06Z,2025-11-14T18:13:06Z,2026-09-18T04:38:32.144167+00:00
UgwDUB8u4l-joXcpQOB4AaABAg,G_acqAJrRso,dd3dbf8272d4fc4a373697be768ab84ae4b14f6fb7629d8070ded49540a749e2,"Dari antusiasnya pembeli mobil ev ini sepertinya harga 300jt adalah titik tengah daya beli masyarakat mobil ev/hybrid di indonesia, dan terbukti dimasuki juga oleh veloz hybrid di harga ini",1,2025-11-26T13:42:26Z,2025-11-26T13:42:26Z,2026-09-18T04:38:32.144167+00:00
UgwOYG6RnveKjOlcS254AaABAg,G_acqAJrRso,ef2ed30618de3b95c4ccf6c6e7fd7446bed131b3b45a1e5640a5a227bb659aea,Tapi kami dipelosok pengen tp blm ada tempat nge cas,0,2025-11-14T15:52:26Z,2025-11-14T15:52:26Z,2026-09-18T04:38:32.144167+00:00
UgzZ8s8-DXDxn9xCukV4AaABAg,G_acqAJrRso,dbdec6f2f56f74afa20516890223cc48e34d25ae001576587ea45507c628e5dd,"buset kita ditipu ama jepang berabad2. 

j5 standart mah nambah  50jt dr Atto1 uda dpt performa atto3.  gileee yg ga mau cancel atto 1 dan ambil j5 stdrt",1,2025-11-15T09:23:50Z,2025-11-15T09:27:42Z,2026-09-18T04:38:32.144167+00:00
UgygzMuALMzSmDAv2ht4AaABAg,G_acqAJrRso,3be0f3ed097158a1dbb20ac4be4507c0da964b3914bcebb93e0b2e433e4bff49,"Lebih tepatnya, mengapa konsumen mau saja beli mobil harga overprice? Saya pengguna motor masih mengelus dada kapan bisa kebeli mobil",0,2025-11-14T13:16:59Z,2025-11-14T13:16:59Z,2026-09-18T04:38:32.144167+00:00
UgwTAMZJ_arv3u1EOSR4AaABAg,G_acqAJrRso,e068563ab5a7f2bd2628b1ce6a6900c49ec5d63fd014652b9ac84b1f85b4ed71,Veloz hybrid 😢,0,2025-11-18T17:43:09Z,2025-11-18T17:43:09Z,2026-09-18T04:38:32.144167+00:00
Ugy7bPDizuvb98NqfeZ4AaABAg,G_acqAJrRso,0a1b38ab89b5fecac8d4685ad2bc74e3a6541333cdc6a725daef7f845ca168cb,"Ngomong apa diakhir, kek sengaja wkwk",0,2025-11-16T16:52:44Z,2025-11-16T16:52:44Z,2026-09-18T04:38:32.144167+00:00
UgyGoft_hgIEV4zsJo94AaABAg,G_acqAJrRso,9231417e0a21ef8d4af8d80be51d32bc174f1a2dea5fe9d709039f0895e196b1,"Murah bagi yg punyu duit bayak
Bagi kita rakyat jelata hanya bisa menonton 
Bersyukur lah yg mampu beli",1,2025-11-16T13:19:29Z,2025-11-16T13:19:29Z,2026-09-18T04:38:32.144167+00:00
UgwSUS0aN_CTkfXmLqt4AaABAg,G_acqAJrRso,abf4f64c3aa2bb2e317be83f748d03d76cba4184c3412137874084655a84fb25,"ngomongnya kecepatan, susah buat dicernanya, pelan pelan donk.",0,2026-01-28T07:37:44Z,2026-01-28T07:37:44Z,2026-09-18T04:38:32.144167+00:00
UgyF78fijHImpeDV0gF4AaABAg,G_acqAJrRso,92d42c8afa6e7dc9dc5613cf338464b6de1e29d3fba81d4834b8261b304a9631,heran napa ev malah pada make fwd.,0,2025-11-15T14:20:34Z,2025-11-15T14:20:34Z,2026-09-18T04:38:32.144167+00:00
UgydCtDymvE1rl16fJx4AaABAg,G_acqAJrRso,1aca47e2d60a8542e1036aeaba3d7be8c0f1d3cdc9788c298460bea388c3d806,200 ya,0,2026-08-13T09:13:42Z,2026-08-13T09:13:42Z,2026-09-18T04:38:32.144167+00:00
UgwWy_LzX9mvEgpwvdJ4AaABAg,G_acqAJrRso,4d9a2355f956a41d419cd78db13a05ab4442518dd98707aab6a22e2fe593fbfa,1.08 ngomong apaan bang,0,2025-11-14T23:15:21Z,2025-11-14T23:15:21Z,2026-09-18T04:38:32.144167+00:00
UgzZc6WS9f-XvKbYda14AaABAg,G_acqAJrRso,a2e11353026453726b029bb67cb1002e3f74def996509a7c2deb330416060889,jirrrrr lah.....jd FOMO dah gw 😂,0,2025-11-17T11:34:48Z,2025-11-17T11:34:48Z,2026-09-18T04:38:32.144167+00:00
UgzcXxpTlw1mtffbYTp4AaABAg,G_acqAJrRso,d6f3bf51e3db06cff73fbe57adb000b5db4aa1471ccd0f1667df13265a1cd5a6,"ini mobil china kok mirip desain nya sama mobil dari land rover 🤔
apa niru lagi?",0,2025-12-07T11:40:49Z,2025-12-07T11:40:49Z,2026-09-18T04:38:32.144167+00:00
Ugy-lV_Nf5dzvXMncPB4AaABAg,G_acqAJrRso,77948a7de1a5252708c688efbcc6020b11f94328c9c942b41dde5d7abd46c002,Kursi belakang....gak banget dah. Murah tapi gak nyaman. Tegak banget dan kaki ngga tersangga. Bakal pegel,0,2026-02-01T15:58:14Z,2026-02-01T15:58:14Z,2026-09-18T04:38:32.144167+00:00
UgwnBh67nhahr8V9q1J4AaABAg,G_acqAJrRso,9f962123955a3ac8f1aed5805d55e2afc02d639dd20d9ebcad6f7bc36c58266a,LCGC amburadul e 😂,3,2025-11-15T22:45:19Z,2025-11-15T22:45:19Z,2026-09-18T04:38:32.144167+00:00
UgzFgfxRpQ1QWp9goJF4AaABAg,G_acqAJrRso,cd89ee393d4c9757c385920fa8be1dc6c19446e2b7f5f873d4facdb01a873046,Dinegaranya sendiri aja tidak di jual.,0,2025-11-14T16:24:06Z,2025-11-14T16:24:06Z,2026-09-18T04:38:32.144167+00:00
UgzsTUjYwohFH6-wIeN4AaABAg,G_acqAJrRso,216edfa7be656e9654ebe53793da644c0717b7cf7d2c9b8a7165b2c6bc7a53b1,range rover njir,0,2025-11-15T02:40:13Z,2025-11-15T02:40:13Z,2026-09-18T04:38:32.144167+00:00
UgwXyboACmFknefw01R4AaABAg,G_acqAJrRso,b747b26b5759cdc2344cd5b50525bf2afeba3175f2660dbce1179741b1739d9c,owner atto 1 lg menangis di pojokan,0,2025-11-15T00:45:17Z,2025-11-15T00:45:17Z,2026-09-18T04:38:32.144167+00:00
UgxvsV5f9Q4EhVQFO-94AaABAg,G_acqAJrRso,99ee6b7ea7e5719f8f43d2d5e410d4e1775127a86ffe6b99c5feaceaaa9add44,"Tampilan dashboard jaecoo j5 bgn depan kaku, tdk stylish dan aerodinamis.",0,2025-12-21T10:03:58Z,2025-12-21T10:03:58Z,2026-09-18T04:38:32.144167+00:00
UgyRqW_W76LGG9x9hsh4AaABAg,G_acqAJrRso,57fb6925dbf57dd2532a0a914511b816f4ce79a944af5722baca3be8e1ce7e37,krok. Jepang,0,2026-04-26T04:20:37Z,2026-04-26T04:20:37Z,2026-09-18T04:38:32.144167+00:00
UgyXPdDfC_jX5pklR5F4AaABAg,G_acqAJrRso,baf67834a4dfde3a28318b516c1e328215129b280a12b17e7c935b5c3eb85d8a,J6 nya d ambil Chery 😂,0,2025-11-14T12:29:09Z,2025-11-14T12:29:09Z,2026-09-18T04:38:32.144167+00:00
Ugy9IHq3IpqDzs7522p4AaABAg,G_acqAJrRso,054bf401ddd6ee978ee0d91ec6bffbd3d3d299a3bfd9e0bf52066c737af654d1,gue : halo HRV .. open sun shide .. HRV : bukaen dewe jon ..!!! wegah aku ..!!    gue : mobil koplak .. regomu loh ga masuk akal 🤣🤣🤣,1,2025-11-15T04:30:53Z,2025-11-15T04:30:53Z,2026-09-18T04:38:32.144167+00:00
UgzKI9RbmJqOfvrgvPh4AaABAg,G_acqAJrRso,b97e850661deefd2380980b6bd014b2e37068000122a46773aa5b83a026a9155,Jadi inget jaman mocin banyak masuk di indonesia tahun 2000an. Sekarang hilang semua mocin. 😄😊😂😂,0,2025-11-14T23:05:50Z,2025-11-14T23:05:50Z,2026-09-18T04:38:32.144167+00:00
Ugy5KvV_QMfAu0Ylrml4AaABAg,G_acqAJrRso,92f95be3ba3fba8ed06e242b890b8a28919acceb4afdd59f23e2d60ea6550246,"bahanya kaya krupuk..maaf guys,,tetap ya ada harga ada kualitas..",0,2025-11-15T11:16:49Z,2025-11-15T11:16:49Z,2026-09-18T04:38:32.144167+00:00
UgyIii1Y4PN04WhH1bR4AaABAg,G_acqAJrRso,494486585b7fc9e7b8e65371549279151cc0e4fcddba2614d3000fa37badf16d,41:22 adayg tau dia ngomong apaan???,2,2025-11-14T13:30:53Z,2025-11-14T13:30:53Z,2026-09-18T04:38:32.144167+00:00
UgzWQ577WfdVyTredvN4AaABAg,G_acqAJrRso,651c3121e89ccc5fcf1698779810b8f95d91d3e44a245523d9d75ffa11f99f63,"Masalahnya ini adalah mobil cina, kita lihatlah beberapa tahun terakhir merek cina itu saling makan sesama mereka. Siapa yang bisa jamin 3 atau 4 tahun kedepan merek ini masih ada di negara kita atau kalaupun masih ada layanannya mungkin harganya dah jatuh banyak",0,2026-08-16T13:54:43Z,2026-08-16T13:54:43Z,2026-09-18T04:38:32.144167+00:00
UgxWdcDnJBdc0T0cVQh4AaABAg,G_acqAJrRso,3a06105c443b604bf53a5ab05e99d3d5ff8705cfda7ea36518d2d06c0f50e5cb,"Range 460 km, tapi sangat dianjurkan jk listrik tinggal 30% harus buru buru disetrum agar baterei mobil awet.
Praktid range efektive adl 300 km",0,2026-06-28T05:20:07Z,2026-06-28T05:20:07Z,2026-09-18T04:38:32.144167+00:00
Ugy__7Qx3_H-TEqR97p4AaABAg,G_acqAJrRso,8ef158996a1edad39c6599307d6fceef2cc84d87aec81b1b5182b77b44fa3608,"gila parah gak masuk akal fitur2nya dengan harga segitu, parah uyyy..",0,2025-11-15T17:59:18Z,2025-11-15T17:59:18Z,2026-09-18T04:38:32.144167+00:00
UgyQd_WMbSFBiSjsZqJ4AaABAg,G_acqAJrRso,62c4c10f793f3c8c0c10f78ac8a24c98be8e5a33d23321edef5fc1a876924391,"edan deflasi china memang nyata. meski negara kaya berpenduduk 1,4 miliar jiwa banyak pengangguran tapi ancaman pemutusan kerja membuat kepanikan banting harga yang mengerikan daripada tidak bisa makan dan mati menjadi petilasan artefak terkubur oleh produknya sendiri. kalau pakde xijinping dan pemerintah gak turun tangan gak selesai-selesai nih ini deflasi china....tapi kenapa gak krisis makanan ya china selama diterpa deflasi. 1.4miliar bisa makan semua bahkan banyak yang gendut.. kalau sudan susah makan ya mungkin solusinya ya bener perang kombatan daripada mati sekalian refisi populasi alamiah manusia di bumi",1,2025-11-14T18:11:16Z,2025-11-14T18:11:16Z,2026-09-18T04:38:32.144167+00:00
UgwtWwpeLR-yIHa68cl4AaABAg,G_acqAJrRso,8bae4341015edc1c204393378e3195aa65869aadd292ea604a8acb9e2cf4f6d5,"Merek aneh china bermunculan sangat banyak ,yg awalnya mungkin cuma Wuling",0,2025-11-15T22:57:14Z,2025-11-15T22:57:14Z,2026-09-18T04:38:32.144167+00:00
UgyqL3p1UN2yovKLu2R4AaABAg,G_acqAJrRso,ba0253ab4b7ce92dca924a56b7271b5089a5d0ea4e1caac365f63e8eeae5fbca,"Harganya Gimmick.. wkwkwk...1000pembeli pertama, bohong banget...",0,2025-11-17T04:13:44Z,2025-11-17T04:13:44Z,2026-09-18T04:38:32.837223+00:00
UgwNuXtFiNWgMF_9A5Z4AaABAg,G_acqAJrRso,eef9f5c5106162d7e9903eae1dd43d6f3426ea365bf3d74a93233b8624ca0b2a,gila gila gk masuk akal ma harganya nih mobil... EDAANNN !!,0,2026-02-24T08:53:24Z,2026-02-24T08:53:24Z,2026-09-18T04:38:32.837223+00:00
UgwPpaavIHEABQ2YFGx4AaABAg,G_acqAJrRso,35bbf97e79bd343420101cb6bb857832e03621e9f9752868eafbf6a3723f35a1,jangan beli brio...,0,2025-11-16T06:31:19Z,2025-11-16T06:31:19Z,2026-09-18T04:38:32.837223+00:00
UgzrZN0Y31etC7-u56N4AaABAg,G_acqAJrRso,6d904285e330c150f6390017f137f271957cc4418f88ac88077e67db1824991f,Wah ACnya smua diatur dr layar. Klo eror bakalan anu,0,2026-02-07T14:25:03Z,2026-02-07T14:25:03Z,2026-09-18T04:38:32.837223+00:00
UgzQrPd8dPBiOFBknGp4AaABAg,G_acqAJrRso,c03fd18723040c6c753ed34a7f61df11d3c5542167970ec206c57e2c896237cb,Brio hahahahahahaha,0,2025-11-15T11:22:07Z,2025-11-15T11:22:07Z,2026-09-18T04:38:32.837223+00:00
Ugy4jvLsjNRy3i-uYWB4AaABAg,G_acqAJrRso,029d47ce6b8581ae3b960ff8c2ba0dbb177747b3668aaa8c817464c3f1e2ccb1,BUANYAAKK BHANGEET MERK MOBIL CHINA BERMUNCULAN.. MIRIP2 MOTOR CHINA DULU.. TAPI MOTOR CHINA AKHIRNYA MATI OLEH MERK JEPANG..,1,2025-11-16T11:24:31Z,2025-11-16T11:24:31Z,2026-09-18T04:38:32.837223+00:00
UgzmJE3vdbTTALXdE5x4AaABAg,G_acqAJrRso,0cb02d4beed0cc12bb52eb7c29c1dc956a43f7e776ae7cb1c537385f4c66abd3,Mobil jepun overprice parah 😂,0,2025-11-16T11:31:06Z,2025-11-16T11:31:06Z,2026-09-18T04:38:32.837223+00:00
UgyTZobzhqTTKfefWBN4AaABAg,Bx-XDBdN7nA,48152975a61b26e53b8bf18b5366f267d91b7712644c60e664f29dd32609d179,"*Harga* JAECOO J5 EV masih *TETAP* di Rp 249,9 juta dan Rp 299,9 juta, ini buktinya : https://www.instagram.com/autonetmagz/reel/DRTT6HHEhHW/

Saat ini sudah *tembus 6.000 SPK* lebih, kemungkinan harga akan dipertahankan sampai 10.000 unit, terget delivery di bulan Februari 2026",22,2025-11-21T10:47:24Z,2025-11-21T10:47:24Z,2026-09-19T00:23:00.712565+00:00
UgypL6myBP2HTXwc3jV4AaABAg,Bx-XDBdN7nA,455cad4f4653601169d567e37d841b072bb30766170da303cf75280e809e2ee0,"Mudah2an semua penonton video ini bisa membeli mobil ini secara cash keras, aminn",50,2025-11-25T01:29:02Z,2025-11-25T01:29:02Z,2026-09-19T00:23:00.712565+00:00
UgwryrNCLIKvQIzXqDV4AaABAg,Bx-XDBdN7nA,3ee0d4ace9e480b8c0c7186918c8d65f092c5b1afa7f6b185e926ccb635911ff,Sudah test drive langsung jatuh hati dan langsung spk🎉 terbaik jaecoo❤,89,2025-11-16T04:57:39Z,2025-11-16T04:57:39Z,2026-09-19T00:23:00.712565+00:00
UgxqNQgzLphlizpmiQ94AaABAg,Bx-XDBdN7nA,87e45f627b308c67b67ff015141c5c64c982c620f090a7ced35466c64e1b9f83,"Hilaruis satrio review terbaik dr autonet menurut sy
Jelas lugas dan netral
Harus di naikin gajinya",47,2025-11-17T01:20:47Z,2025-11-17T01:20:47Z,2026-09-19T00:23:00.712565+00:00
UgyJFckUcTAYg0dLS_h4AaABAg,Bx-XDBdN7nA,7239888bd33d6dc72b99f31afefcb9376436f2f8607d017f11de33a032770b7e,"300Jt dapat fitur paket lengkap gini, gimana TOYOTA gk panik banting harga tuh relese Veloz Hybrid 300jt juga 😂😂😂😂",21,2025-11-22T06:30:45Z,2025-11-22T06:30:45Z,2026-09-19T00:23:00.712565+00:00
UgzZt0e2iISw36TRtkh4AaABAg,Bx-XDBdN7nA,4f1e42ab88930de423c7b9ec1f7973cfb83741d94488e3a818d434b3e8eeb08b,“Mobil proper yang harganya bikin keder”,37,2025-11-16T09:23:49Z,2025-11-16T09:23:49Z,2026-09-19T00:23:00.712565+00:00
UgwqikyLlFYfhvxR5K14AaABAg,Bx-XDBdN7nA,94db09745bb05101ec54ba7a2f6bea6365aa99e12b28ed85da3aed335841f4aa,"Sholawatin dulu bismillah bisa beli hbs nikah buat keluarga❤
Aamiin🤲",5,2025-11-25T14:12:07Z,2025-11-25T14:12:07Z,2026-09-19T00:23:00.712565+00:00
UgxSMozCu-GbM8YiDjN4AaABAg,Bx-XDBdN7nA,3e28296ca4dcd1c9db790330cb270d1ac4c4f40afbe90b7fd14257163f9252d1,"Memasuki era mobil EV 200 jutaan dg spek maksimal.

Tinggal manufakturer buat inovasi batre yg jarak jauh dg dimensi semakin compact",28,2025-11-17T02:31:41Z,2025-11-17T02:31:41Z,2026-09-19T00:23:00.712565+00:00
UgwbEg4D-9qy2_WPODJ4AaABAg,Bx-XDBdN7nA,8e12ee1600157f8b2f9af2f1853d51d5013ed495550a057251c263446c6f8a50,"Di negara yang berkembang ini, Fakta nya konsumen mencari yang murah meriah dengan fitur sebanyak2nya. Tidak perlu malu atau denial dengan teknologi dan harga murah dari Brand Cina. Karena semua akan Cina pada waktu nya.",266,2025-11-16T07:05:06Z,2025-11-16T07:05:06Z,2026-09-19T00:23:00.712565+00:00
Ugy4_7fwHEwilMuv6-Z4AaABAg,Bx-XDBdN7nA,3b0f7bf850926327c4e8249cb97602e09c961e8e343b5c9351074b49e3025935,"makasih Jaecoo udah ngasih harga seperti ini. Sebagai orang yang masih nabung, menarik untuk ditunggu, kira-kira mobil apa yang akan rilis ketika tabungan sudah siap haha",8,2025-11-17T05:06:10Z,2025-11-17T05:06:10Z,2026-09-19T00:23:00.712565+00:00
UgxH3zDkpaWJMQnYNuB4AaABAg,Bx-XDBdN7nA,f79f9b92178c52f1d549fc83619f21060a25936a310015092c378f06b2647061,Kyanya mobil listrik nih pilihan bagus d saat bbm bnyak yg oplosan 😂,26,2025-11-18T07:26:32Z,2025-11-18T07:26:32Z,2026-09-19T00:23:00.712565+00:00
UgxncQ8ubZ93YUK1S7R4AaABAg,Bx-XDBdN7nA,2e7efd707534a23561caba471c66283a7d4a0685fcfef35c57318a4bdfb65cdc,"Terimakasih jaecoo, smoga bisa merubah harga mobil2 indo yg lain",7,2025-11-16T23:14:02Z,2025-11-16T23:14:02Z,2026-09-19T00:23:00.712565+00:00
UgzYacR9Jq9OC1812rJ4AaABAg,Bx-XDBdN7nA,b6674e55e7a4c825a2276e3692e87609a44e9b8007bd867e03bb0c399b4ead28,muncul pas lagi ga butuh beli mobil baru. bener bener penasaran pengen punya sih.,7,2025-11-16T07:50:45Z,2025-11-16T07:50:45Z,2026-09-19T00:23:00.712565+00:00
UgwQ7sjA5n1d3HHUf7R4AaABAg,Bx-XDBdN7nA,43c383e65e97e69d8d58d2865cf3e7224cf8743c075f3b44ca90a9aea466ab04,Digabung aja ke jaringan dealer bengkel chery biar mengurangi keraguan calon konsumen,20,2025-11-16T05:22:56Z,2025-11-16T05:22:56Z,2026-09-19T00:23:00.712565+00:00
UgwEdDVBeAMxx3eenM54AaABAg,Bx-XDBdN7nA,ca2a14ed69f36259ec1bb61ce271d1922c6847de22d9d0292d75434a66fbdd10,Mas nya pinter bgt penyampaiannya enak dan kosakatanya sopan masuk telinga dan pikiran👌🏼,1,2025-11-18T13:41:15Z,2025-11-18T13:41:15Z,2026-09-19T00:23:00.712565+00:00
Ugzp-9vQ1bJoyLs8c254AaABAg,Bx-XDBdN7nA,3155b93150f55662d3ed986d9c74ff5a650db833af0ade9833d4d074aac7ac0f,cocok buat harian dan EV pertama,9,2025-11-16T06:46:52Z,2025-11-16T06:46:52Z,2026-09-19T00:23:00.712565+00:00
UgylMAZONrXoRC19cKZ4AaABAg,Bx-XDBdN7nA,9ad0511973398995862f9db61eb747dbbcef2191adc2375a388909eb9a8599fb,Buset independent suspension 🔥🔥🔥,7,2025-11-17T16:54:00Z,2025-11-17T16:54:00Z,2026-09-19T00:23:00.712565+00:00
Ugy0UxvTxQvkOO5cqdV4AaABAg,Bx-XDBdN7nA,3be8f1118a76843a3652f768bb207eee3206947f16afdba076bee6da535d896f,"Bismillahirrohmaanirrohiim...
Allohumma sholli'aaaa Muhammad, wa'ala'aalisayyidina Muhammad...
InshaAllah tahun depan terbeli, aamiin... 🤲🤲🤲",1,2025-12-09T05:52:20Z,2025-12-09T05:52:20Z,2026-09-19T00:23:00.712565+00:00
Ugx993AHHdRJORm5T6Z4AaABAg,Bx-XDBdN7nA,8a1e6606e048e45d9df50d302290187e2e31b068916dd89452fbdc1623d832a3,Mantap bro! Review yg sangat lengkap👍,1,2025-12-10T04:10:50Z,2025-12-10T04:10:50Z,2026-09-19T00:23:00.712565+00:00
Ugy96_thVUL3pOArJDN4AaABAg,Bx-XDBdN7nA,af2ff4090979c0bc6b461bb2038908ae6e86e93b442f2639ab66fed1b80b5474,"mantebbb sih Jaecoo J5 ini, full manteb bener",3,2025-11-16T07:41:14Z,2025-11-16T07:41:14Z,2026-09-19T00:23:00.712565+00:00
Ugy9Z6Vi5224Kfrop654AaABAg,Bx-XDBdN7nA,ae1e6133571a1649ce919060f4c8ea43220d8614fec8c485555fd4795eebff31,"Keren..
Gass..",2,2025-11-17T06:34:14Z,2025-11-17T06:34:14Z,2026-09-19T00:23:00.712565+00:00
Ugxg9Ck8gChVEaTViwF4AaABAg,Bx-XDBdN7nA,452ad515339d72e32557541b96ca4e39bb9fa0a7b5f4a43ed2131a028549bc72,Wuihh mantap sekali ya mobil ini untuk harga segitu. .. Yang kita terima selama ini jadi terasa over-price jika dibanding ini. Makasih reviewnya..,2,2025-11-20T16:02:44Z,2025-11-20T16:02:44Z,2026-09-19T00:23:00.712565+00:00
UgwW_Lbch8fMDH4Zd6Z4AaABAg,Bx-XDBdN7nA,2a3e3e439ded4cf959957d3b758826697d963a9bcc3c9b49cf419b8798ff93a3,"Design Jaecoo J5 menarik bgt, first look-nya langsung bikin jatuh hati ❤",0,2026-02-18T23:06:31Z,2026-02-18T23:06:31Z,2026-09-19T00:23:00.712565+00:00
Ugzpg-XCMLFYxu6PMIF4AaABAg,Bx-XDBdN7nA,8cf30eb9434a50262ebef0b743e2099ff4e77fa2d953d1769605d1e1da522446,top banget nih mobil... semoga bisa kebeli,3,2025-11-16T11:00:35Z,2025-11-16T11:00:35Z,2026-09-19T00:23:00.712565+00:00
UgwL17Hbun7n5Tk0dv14AaABAg,Bx-XDBdN7nA,4e6231e3339c2f2882e52b45e7e97fdafadf919e47da725e7e827fe3faf1ff29,Alhamdulillah sudah parkir digarasi❤❤❤,0,2025-11-16T22:27:06Z,2025-11-16T22:27:06Z,2026-09-19T00:23:00.712565+00:00
UgxQwy7s-uCjOWDZtGd4AaABAg,Bx-XDBdN7nA,d0fbca5d06a5ffff21e940e1c8814ed2fa863f59091b54c5e0bc6f8da9ce75b9,J5 is Deal Breaker at its class🎉,2,2025-11-22T10:13:11Z,2025-11-22T10:13:11Z,2026-09-19T00:23:00.712565+00:00
Ugy1fPAOTCGYy9t3L3d4AaABAg,Bx-XDBdN7nA,e1a764b77ab553e1a60002618b5e00a9231119b78402c934bb776524a7f55f41,Honda Brio ku mulai kawatir..,12,2025-11-16T09:57:02Z,2025-11-16T09:57:02Z,2026-09-19T00:23:00.712565+00:00
Ugyis7Awk1l6JI_YrFp4AaABAg,Bx-XDBdN7nA,fa0e98455d2f6fbff873ec933bb6dc60dfc7c880550bd65ebca89aa297568ea7,Inden yuk...tq reviewnya,4,2025-11-17T01:50:09Z,2025-11-17T01:50:09Z,2026-09-19T00:23:00.712565+00:00
UgwPUi6Fx9GJH8_q86p4AaABAg,Bx-XDBdN7nA,5cf11bdb9470c9a1ef93e9f1fa6c6980f4c424fd76ffe85d5050eb96a567c772,Keren review Nya 👍👍👍,2,2025-11-17T09:32:44Z,2025-11-17T09:32:44Z,2026-09-19T00:23:00.712565+00:00
Ugy5O5Gc3rCGg-GpYzV4AaABAg,Bx-XDBdN7nA,e315fc8b53c91b44f25aa67e1d1b957cb47cebba1bb292ca8d7491865c503f68,"5 tahun ke belakang masih mikir bukan merk Jepang ga perlu dilirik.
Tapi di 2025 ini, ga bisa mengelak lagi merk Jepang makin ketinggalan di belakang 😅

Mungkin dari sisi kematangan berkendara, reliabilitas, layanan aftersales, dsb merk Jepang masih memimpin, tapi seberapa prioritas hal-hal tersebut kalo dihajar pake harga murah plus fitur-fitur lain yg sebenernya ga buruk-buruk amat? Apapun itu, kita sebagai pembelilah pemenangnya haha",27,2025-11-16T08:43:23Z,2025-11-16T08:43:23Z,2026-09-19T00:23:00.712565+00:00
UgxX0V4Vsqmr3BU7tnt4AaABAg,Bx-XDBdN7nA,66a69093932e7ebae710c012e28de683fe48de92ef776fe029578d4cabbef706,Well done Jaecoo 👍👍,2,2025-11-17T16:52:46Z,2025-11-17T16:52:46Z,2026-09-19T00:23:00.712565+00:00
Ugwm69hkSsxHXy31J-x4AaABAg,Bx-XDBdN7nA,16538e4fd925fee6784e0e670b598f5c09c90b356ae0b1ae082e010673f618ab,Waw slfok 16:40 sama mg cyberster keren juga ya,1,2025-12-17T14:07:05Z,2025-12-17T14:07:05Z,2026-09-19T00:23:00.712565+00:00
Ugw5r0aDR-o_RK5snDJ4AaABAg,Bx-XDBdN7nA,7e05acff39b4b5aa5ef266333de9ca16ea168c40ec74adc8b69dd03926ef29c7,Bebas. ALL IN.,0,2025-11-16T07:49:07Z,2025-11-16T07:49:07Z,2026-09-19T00:23:00.712565+00:00
UgznKUV0mk-zuQoOS114AaABAg,Bx-XDBdN7nA,e76387dc83c4a0b2915904b683b7068fed398e918c621348a0894f111533b695,Sumpah pingin nagis gw liat mobil ini 😭😭,2,2025-11-17T10:02:51Z,2025-11-17T10:02:51Z,2026-09-19T00:23:00.712565+00:00
Ugx2NipmdqwFp9IMWzx4AaABAg,Bx-XDBdN7nA,763aabfa144e6f45206260ecd40c04d478163876d480ec317c325e676fef183d,Boengkoes...👌,1,2026-04-06T06:02:21Z,2026-04-06T06:02:21Z,2026-09-19T00:23:00.712565+00:00
Ugx4XxL9vEN7zX189Fl4AaABAg,Bx-XDBdN7nA,79839e2674090b0aa548ac9b49e5e3ddbcb622bbf6917d6620a55ba728531c41,Waduh mantap nih jadi mau beli,1,2025-12-08T14:34:14Z,2025-12-08T14:34:14Z,2026-09-19T00:23:00.712565+00:00
Ugw81mSRFQbVbj5oaZZ4AaABAg,Bx-XDBdN7nA,ad5ab33137a0ff0c7c660ea999a21a0173786761924eb2fd44875e99a8459d2d,Baru kali ini lihat Hilsat kalem minim 'bully' hahaha,4,2025-11-16T05:48:53Z,2025-11-16T05:48:53Z,2026-09-19T00:23:00.712565+00:00
Ugxx4n0UP2LHulSyU3x4AaABAg,Bx-XDBdN7nA,a43b9534b1d38da95e345c6a73ff5a293213471b0dcbdbdfbcfafc076e8776a8,Gilaa ini. Awalnya no EV..jadi pengin. Andaikan ada versi HEV nya mau langsung beli deh 🔥,1,2025-11-20T14:48:57Z,2025-11-20T14:48:57Z,2026-09-19T00:23:00.712565+00:00
Ugz66QmIRO8wzgqkT6N4AaABAg,Bx-XDBdN7nA,80e789b008cafeaef8f07a74dbff39b4a9e824a4434e68084c3489145c03e81d,Uda ngikutin hilsat udah lama. Ini salah satu mobil yang dia excited nge reviewnya 😂,0,2026-05-18T08:39:51Z,2026-05-18T19:00:35Z,2026-09-19T00:23:00.712565+00:00
UgxJMhY6U45euxuz5c54AaABAg,Bx-XDBdN7nA,2bd8cfc323aee17b405f14b206cde6ed8ffd7f5602ee370883692a0386ec74a9,Mantap sudah waktunya pakai mobil dan motor listrik semoga sukses selalu amin amin ya rabbal alamin ❤❤❤❤❤❤❤❤,0,2026-07-16T23:18:46Z,2026-07-16T23:18:46Z,2026-09-19T00:23:00.712565+00:00
UgwNL7ld5cK9tKdIreN4AaABAg,Bx-XDBdN7nA,0d6ee6ec7edf08fbe5e01f72ee2c07b55081dac2e344cb22680a4bf5188ba0b6,"2 hari lalu saya datangi dealer chery di kota kecil saya cirebon Sudah mantap buat SPK, tapi kata salesnya tidak ada,
Karna chery dan jaecoo beda pemasaran, padahal brand chery jetour dan jaecoo itu masi 1 perusahaan ..
Jaecoo hanya tersedia di kota kota besar, padahal gue sudah mantap banget mau minang si jaeco ini sebagai mobil pertama gue,",1,2025-11-16T11:55:45Z,2025-11-16T11:55:45Z,2026-09-19T00:23:00.712565+00:00
UgztNhVo35pI5_bC89N4AaABAg,Bx-XDBdN7nA,1bf3f97b6d49b39e7f9a9dcc2c3a4f68cfec43aadf7dc81ecdae5a834f9d516e,Ganteng mobilnya semoga banyak  dealernya,3,2025-11-16T08:05:23Z,2025-11-16T08:05:23Z,2026-09-19T00:23:00.712565+00:00
Ugz_Jgn9YhR7I3il_lV4AaABAg,Bx-XDBdN7nA,ea883e154b108ecf061cdbfdd7bcd976822bec3b995bc0ff4527483f03789346,Agar dilengkapi dengan after sales services yang baik,1,2025-11-17T06:12:09Z,2025-11-17T06:12:09Z,2026-09-19T00:23:00.712565+00:00
Ugyz0bgPydYh0_ftbl14AaABAg,Bx-XDBdN7nA,f0872bd766eb75ef744fe2992ce8b1487dac4dce0b9c89828a6077c977869a83,Kereeennnn,0,2026-04-01T07:59:10Z,2026-04-01T07:59:10Z,2026-09-19T00:23:00.712565+00:00
UgyKTDZyP3Psr8HIDkJ4AaABAg,Bx-XDBdN7nA,562735704dc19d095d8628c0f444129c762e83013de1703479fa26c2aa2f212f,Ahhh gokill sih ini 😱,0,2025-11-16T05:17:40Z,2025-11-16T05:17:40Z,2026-09-19T00:23:00.712565+00:00
UgxN4wxrepmK3cQMof94AaABAg,Bx-XDBdN7nA,84b8902f0cd5776c7a25ad32cad48e1280bced67ac692dcd7946f2d85ae6d4d1,"Chery grup produkny selalu ""gila""  😂 🎉🎉👏👏",3,2025-11-16T13:17:50Z,2025-11-16T13:17:50Z,2026-09-19T00:23:00.712565+00:00
UgzrvkVG-_mBCtkegBl4AaABAg,Bx-XDBdN7nA,02db833624825b4e72deee7b6b019f0a802ccfaf65577775b73765fac931ee94,"Mantab ••••••••> be
     Mantab Lagi Bisa Produk
            Asli ------> Indonesia
Kwalitas yang Hampir Sama ........",1,2025-11-21T14:09:03Z,2025-11-21T14:09:03Z,2026-09-19T00:23:00.712565+00:00
UgxWPphOW81SjC27oFR4AaABAg,Bx-XDBdN7nA,f0872bd766eb75ef744fe2992ce8b1487dac4dce0b9c89828a6077c977869a83,Kereenn,0,2026-04-01T08:05:01Z,2026-04-01T08:05:01Z,2026-09-19T00:23:00.712565+00:00
Ugx3YjrLFbNG9MI5Mbh4AaABAg,Bx-XDBdN7nA,ced9a3f33a8d8fdc4289c3c10f502f4bdf85d162dd91cfe3bf2c28b3646bc9ee,Fantastik,0,2025-11-16T08:05:15Z,2025-11-16T08:05:15Z,2026-09-19T00:23:00.712565+00:00
UgwjaTxVuY_0G64nizt4AaABAg,Bx-XDBdN7nA,c23228984efc16f5531bdfd70e031aafe451cc2bb3cbfd90f88d9951fb017ca5,Pengen beli....🎉🎉🎉🎉,1,2025-11-17T14:04:17Z,2025-11-17T14:04:17Z,2026-09-19T00:23:00.712565+00:00
Ugyx3wudu-ZlRoHUI9R4AaABAg,Bx-XDBdN7nA,adafb1df4984ea5939b9ecb1eb0beee2238d4ef1fe158e4d52f770e501398ed4,I like the style,0,2025-11-16T16:31:58Z,2025-11-16T16:31:58Z,2026-09-19T00:23:00.712565+00:00
Ugw2ZMHYeZ7GBFOriWt4AaABAg,Bx-XDBdN7nA,4b04f4b91092024fae88d6b51804ac94d9feebb7a2aba901e1e4703a7811478b,"Lagi nunggu J5 PHEV atau SHS , bila harga sama bakal boom lagi penjualan nya",1,2025-11-16T21:00:28Z,2025-11-16T21:00:28Z,2026-09-19T00:23:00.712565+00:00
UgwLvy_v1Z6K-SCfotB4AaABAg,Bx-XDBdN7nA,24689fa524e893220552ba0279fef9bc348d8b29cd7165f86b377f890654eaf5,Jangan dibandingkan atto 1 ya. Nanti sales byd marah2 bilang beda segmen😂,14,2025-11-16T05:09:49Z,2025-11-16T05:09:49Z,2026-09-19T00:23:00.712565+00:00
UgzkSaMHz0Ru41Y6abp4AaABAg,Bx-XDBdN7nA,2bfe01b1bb500aa64518f13085c65b862f65383b51691ce87af214f491d18b66,Memang keren sih jaecoo...di tunggu surprise berikutnya ya...siapa tau di gjaw ada kelanjutan nya,2,2025-11-16T10:05:33Z,2025-11-16T10:05:33Z,2026-09-19T00:23:00.712565+00:00
UgzTCV4MtG3N3lsvvHx4AaABAg,Bx-XDBdN7nA,ec10cf9b049b831c8e36434d6a6762cc0b5e8142ee3a3baf9cabd3a123c6f0aa,Ya. Moga2 awet..,0,2025-11-20T03:22:33Z,2025-11-20T03:22:33Z,2026-09-19T00:23:00.712565+00:00
UgzAso0EI2NqzQMZsDZ4AaABAg,Bx-XDBdN7nA,ff50b7c5e2f1a1168b9e42ee420651585039b55886e07a478d403e6ba758df23,Cb ad jaecoo yg ky gini model  bensin hrga dibawah avanza dikit pasti seru 😅,1,2025-11-17T11:24:25Z,2025-11-17T11:24:25Z,2026-09-19T00:23:00.712565+00:00
UgzMuRy1SIh1c2xxZ3V4AaABAg,Bx-XDBdN7nA,a54130a6f78ca93f0e171698951aeb94d268576b445cd22cc38a7a7a40a2d8f0,jadi pingin,0,2025-11-20T10:32:30Z,2025-11-20T10:32:30Z,2026-09-19T00:23:00.712565+00:00
UgyHa02-Q1_scCO4zcx4AaABAg,Bx-XDBdN7nA,cd9f36de6b3bd9d54dcaf3415000645d4f0ebb7832d88bbb182496472052c36e,Bagasi depan klo beli duren aman baunya gk nyebar kedalam kabin,7,2025-11-17T03:56:58Z,2025-11-17T03:56:58Z,2026-09-19T00:23:00.712565+00:00
Ugy6YyxAM0fWe-iUP8t4AaABAg,Bx-XDBdN7nA,bc27f8c974a47c91900642a252ef76ae5427b41f00b2ea86f7baf48f9304f142,Harus di review lagi harga di daerah lain selain jakarta,0,2025-11-16T10:57:19Z,2025-11-16T10:57:19Z,2026-09-19T00:23:00.712565+00:00
Ugz09Lhy87_Nh1cw9nh4AaABAg,Bx-XDBdN7nA,58ec06815f13db6106b4d8e6e06e940753585fdd1cedffe0bcfb0c8f08cfd81a,"Diawal lauching Atto 1 lsg jatuh ❤ krm 195jt,, saat gias mau lsg SPK tpi berpikir tahun depan saja melihat review pemakai pertama namun tak disangka lwt lah kreatif konten om Fitra dgn judul dibawah 200jt? 
Disimak dan dibanding2kan dgn produk lainnya langsung pindah lain hati, test drive langsung SPK, kapan lg dpt mobil gede dgn segudang fitur dan hrg sesuai dgn kantong dan akan lebih efisien operasioanal dan pajak serta bebas gage,, 
Tdk menyesal dgn SPK J5, tdk peduli bsk akan keluar lebih bagus biarkan saja itu sdh menjadi rejeki masing2 umat manusia,, 
Moga Jaecoo berjaya di Indonesia🎉🎉",17,2025-11-16T09:08:18Z,2025-11-16T09:08:18Z,2026-09-19T00:23:00.712565+00:00
UgyONbMZhVXK5KfjqGl4AaABAg,Bx-XDBdN7nA,4fac147934b50554abd2b7024152c001c78d2ed306251198a58d6f012f59b253,Gatau krnapa liat review j5 udah yang kesekian kalinya dan jarang nonton tuntas...nah ini kok tuntas ya..apa karna narasinya ringan dan atraktif ya❤,0,2025-11-29T21:25:22Z,2025-11-29T21:25:22Z,2026-09-19T00:23:00.712565+00:00
Ugz-jNtGrIgiTd5diXF4AaABAg,Bx-XDBdN7nA,ef9ca16efe2e3c52227b3fe6bf3766baf6a5c5b3081884fbf3edc586d9777c7e,"Kalo di dunia smartphone, ini kaya transsion holding, hobi sedekah 😂",2,2025-11-16T08:16:46Z,2025-11-16T08:16:46Z,2026-09-19T00:23:00.712565+00:00
Ugwm8JTu5REvl_mybmV4AaABAg,Bx-XDBdN7nA,b4870621051677b5e6f43114820ca3251805c1b3b4b1bd24f40ddb01a7dfe2be,Semoga ada hp (baca mobil ev) dibawah 150 juta..,1,2025-11-27T02:02:10Z,2025-11-27T02:02:10Z,2026-09-19T00:23:00.712565+00:00
UgyaZ-xOK_jHXO0v5nJ4AaABAg,Bx-XDBdN7nA,a2f08eeb5a827307fc29ac655f8e0bdf861ce91ba8212de71d7653b25b3a22dc,To good to be true ini lah yang bikin saya susah bgt percaya sama brand mobil china yang baru2 😶😶😶,1,2025-11-23T00:13:59Z,2025-11-23T00:13:59Z,2026-09-19T00:23:00.712565+00:00
UgxS-wrJl8uyJPrEqSJ4AaABAg,Bx-XDBdN7nA,5a1eaddc9b8ba8b414b751598ee1192842dfafb8aa65835a41a3162b0700bf59,"Jaecoo J5 akan menjadi rival dari BYD Atto 2 yang akan launching di akhir tahun ini. SUV Compact seukuran Jaecoo J5, HRV. BYD Atto 2 sudah launching di Eropa, Australia dan Malaysia. NJKB (Nilai Jual Kendaraan Bermotor) Badan Pendapatan Daerah Pemerintah Provinsi DKI Jakarta untuk BYD Atto 2 adalah sekitar Rp245 juta (varian standar) dan Rp281 juta (varian top-end).",9,2025-11-16T07:54:45Z,2025-11-16T07:54:45Z,2026-09-19T00:23:00.712565+00:00
Ugz2il81VwwouNtztn94AaABAg,Bx-XDBdN7nA,94db09745bb05101ec54ba7a2f6bea6365aa99e12b28ed85da3aed335841f4aa,"Mobil yg ngerti kemauan org indo, murah keren dapet banyak fitur",0,2025-11-25T14:13:35Z,2025-11-25T14:13:35Z,2026-09-19T00:23:00.712565+00:00
Ugw28q9tu4xBXKSWGX14AaABAg,Bx-XDBdN7nA,1ffdd7b71d8b758ba2fda70c8489c5f6f1ac50efa1cd48b3043031f7decb71d5,Gila memang Chery group selalu for money,1,2025-11-17T03:51:21Z,2025-11-17T03:51:21Z,2026-09-19T00:23:00.712565+00:00
UgyQYgW3_nf-oUTcvh94AaABAg,Bx-XDBdN7nA,4d52f1b82705eea1a689f19deeb9b95d7ab46adf98aa9ca095963f5fc2b4bee4,"tuas sein kiri kanan di sisi kiri setir. utk pengendara yg biasa bawa mobil jepang, terbiasa tuas sein di kanan, malah jd mengaktifkan transmisi P/R/D.... bahaya",1,2025-11-20T02:43:04Z,2025-11-20T02:43:04Z,2026-09-19T00:23:00.712565+00:00
UgyMO-LhjfZoliRdto14AaABAg,Bx-XDBdN7nA,e7489b3880fd414301f3fa696de6aa88dfaedbd3941b5cbf62f5a3a60cc60e27,KLO ada duit sgitu dah pasti pilih ini .. Gilak sih harganya ..,1,2025-11-16T10:29:17Z,2025-11-16T10:29:17Z,2026-09-19T00:23:00.712565+00:00
UgwoUKKOJ1IbnLMU3_N4AaABAg,Bx-XDBdN7nA,3d57e254d3c57d61007b15f824d4df13481a92e46e77d107d078c6e6e5c54c5d,14:49 sepatu siapa itu baangg??,4,2025-11-16T07:21:48Z,2025-11-16T07:21:48Z,2026-09-19T00:23:00.712565+00:00
UgyYnWJf-wm7WyiNxPR4AaABAg,Bx-XDBdN7nA,1594912041072264f7bb413e8b431c40a289afbe914edc80d86a99f64d98170f,Good job. Namun banyak yg diomongin tapi sayang kadang tidak dispotlightkan.,0,2025-11-23T22:12:28Z,2025-11-23T22:12:28Z,2026-09-19T00:23:00.712565+00:00
UgwfsjTB-5cq3Q7S7zB4AaABAg,Bx-XDBdN7nA,d2738f897c5f80bd503ec37031824cae543392bf23fe4f69f0ae4bdb718bb399,Kalau ada j5 phv bru keren nih,0,2025-11-16T10:45:46Z,2025-11-16T10:45:46Z,2026-09-19T00:23:00.712565+00:00
UgxOSds9wsZQO1yuv-h4AaABAg,Bx-XDBdN7nA,ae4ce6a823176617a00a0402843abbc02787f82af736427a83e0a4e4f49ff296,barunya aja segitu apalagi pas bekas,0,2025-11-16T11:56:40Z,2025-11-16T11:56:40Z,2026-09-19T00:23:00.712565+00:00
UgzAb2t7Q82TXgfuTmt4AaABAg,Bx-XDBdN7nA,49f6dcf5dc675b267821edafcf758689f2a854dc1655d87926f93739aedc5dd1,gile gile gileeeee,0,2025-11-19T12:48:30Z,2025-11-19T12:48:30Z,2026-09-19T00:23:00.712565+00:00
UgwaDcJ1kyCLlmQThHB4AaABAg,Bx-XDBdN7nA,d377e34ba03f7c6459a409fad23f95d9a32f380522f8af118cb24254ddeb0977,Kerennn.. segera buatin yg kaya gini 7 seater fong jaecoo.. Kacang Goreng 😂😂,13,2025-11-16T23:19:07Z,2025-11-16T23:19:07Z,2026-09-19T00:23:00.712565+00:00
UgzZtZNL1EdAK-xLx054AaABAg,Bx-XDBdN7nA,12b1456ee513b1c5628b772a2602b4523c91bae1d4180ce0abc6f59220d55b62,mantap bang mobil nya😂😂😂,1,2025-11-16T04:35:15Z,2025-11-16T04:35:15Z,2026-09-19T00:23:00.712565+00:00
UgywELO2kjgiWuL-Qo14AaABAg,Bx-XDBdN7nA,b74ad2a0cbb1e4bc7d285fd8d82b319d73ae18d5c7d2a1619bb7c08ae8c38eb6,Bagus yah,0,2025-11-28T08:28:48Z,2025-11-28T08:28:48Z,2026-09-19T00:23:00.712565+00:00
Ugy1V4s1YTVs7zPIYvp4AaABAg,Bx-XDBdN7nA,0b4defc7029a28d7060891286ecb5c7c86cd7e4ef9397a0fa58672db0b88f7cb,Masih menunggu keluaran terbaru dan termurah😂😂😂😂,2,2025-12-08T03:34:08Z,2025-12-08T03:34:08Z,2026-09-19T00:23:00.712565+00:00
UgxHTG7xBIaGZZ4fs9t4AaABAg,Bx-XDBdN7nA,d19df752c73fa82430811995e64b4e20cf18cf4f0227ecbf69697c97dbf78ca9,Gokil emang 😂,0,2025-11-16T07:43:47Z,2025-11-16T07:43:47Z,2026-09-19T00:23:00.712565+00:00
UgzPwpkXiXzef2gRLyh4AaABAg,Bx-XDBdN7nA,a94a9f1c0684df7f22cbe0a972c5eee33aa074f2737c8e9c30a41a3c1ae528f7,Tampangnya seperti Range Rover Velar. Itu harga lebih dari 5X.,1,2025-11-16T07:11:11Z,2025-11-16T07:11:11Z,2026-09-19T00:23:00.712565+00:00
UgwUzvm0yMJHLp46-Ax4AaABAg,Bx-XDBdN7nA,eda30f99b68ba21e3ac06bee1467272093c6f6f7ff45406c07275d91bdf101ab,Baru kali ini gw nonton hilsat gak ada celaan nya 😅,1,2025-11-25T05:35:39Z,2025-11-25T05:35:39Z,2026-09-19T00:23:00.712565+00:00
UgxVvOHgXokag25fPgp4AaABAg,Bx-XDBdN7nA,a9d9b182edaa908fe31e358bc70c4861e16981500f1c27b441b4c092fb95cedc,"Diawal ngenyek yg terlanjur beli guling, eh wuling😂",2,2025-11-16T09:59:27Z,2025-11-16T09:59:27Z,2026-09-19T00:23:00.712565+00:00
UgxIhqgiLvyWoCJKK194AaABAg,Bx-XDBdN7nA,7aec3d707436bbe75979a9f15dd2895f747d6ec32d70ab72826374602349181a,"Suspensi multilink jelas nyaman, compact SUV semuanya pakai multilink anti limbung.",0,2026-03-30T12:50:02Z,2026-03-30T12:50:02Z,2026-09-19T00:23:00.712565+00:00
UgxkG80lqUCfIC1FCKh4AaABAg,Bx-XDBdN7nA,40881b6165bea53db1fc50c3facd6bf6065ba14d015285d0fa9c0af5490cd517,"Nunggu 5 tahun lagi, jika harga second dibawah 100jt, InshaAllah bisa kebeli 🤲",1,2025-11-17T06:05:35Z,2025-11-17T06:05:35Z,2026-09-19T00:23:00.712565+00:00
Ugy0EEKQ4Vt2s50-kO14AaABAg,Bx-XDBdN7nA,341aac902f9429bbe71da7a3f4de47847a5b5e858e9373f01a67849eb4cbf822,tumben ga roasting,1,2025-11-16T12:07:10Z,2025-11-16T12:07:10Z,2026-09-19T00:23:00.712565+00:00
Ugx8YngQlsY2LIGhYjF4AaABAg,Bx-XDBdN7nA,bb697d6ad48c9a6534b5918e79d2fbea0d62dd460fe55dcfd1f1123eec17510c,15:08 confero berkumis 😂,0,2025-11-16T13:29:14Z,2025-11-16T13:29:38Z,2026-09-19T00:23:00.712565+00:00
Ugxr3cSm_cnry35vkS94AaABAg,Bx-XDBdN7nA,f5715e0d97ae17c2d5068dcb1dc4f4ab9449ca4babbbb4ce217ad29c4769a052,2:28 kalau gk di endorse pasti dihujat nih 🗿,1,2025-11-16T10:21:30Z,2025-11-16T10:21:30Z,2026-09-19T00:23:00.712565+00:00
Ugycm2jewW5EVKS-t5F4AaABAg,Bx-XDBdN7nA,5414692f8803000f3755fc39590fc70c985e1946a6f3d2ed582b0eacdffc5432,"kemarin saya lihat nih mobil di pameran mall, rame bgt yg lihat jaecoo j5 sama byd atto 1 kebetulan boothnya sebelahan 3-4 meter doang😂",4,2025-11-16T07:45:17Z,2025-11-16T07:45:17Z,2026-09-19T00:23:00.712565+00:00
UgwyoU1J_fZrnBoC7z54AaABAg,Bx-XDBdN7nA,9df6d8c9acd7b0978a53bfac20043c374743e4d94e1bb06274a01fcb6bea7ced,👍👍,0,2025-11-16T10:27:15Z,2025-11-16T10:27:15Z,2026-09-19T00:23:00.712565+00:00
UgwkSxSaY1CeMQhCkXZ4AaABAg,Bx-XDBdN7nA,48152975a61b26e53b8bf18b5366f267d91b7712644c60e664f29dd32609d179,"3-4 tahun ke belakang, 250 juta dapat mobil listrik apa ya? Gak kebayang sebelumnya kalau di tahun 2025 ada SUV listrik harga mulai Rp 249,9 juta!",69,2025-11-16T04:27:02Z,2025-11-16T04:27:02Z,2026-09-19T00:23:00.712565+00:00
UgyYTJKo_g28mqS3tMp4AaABAg,Bx-XDBdN7nA,980af50c42127f6d3fc5dff655d7a50a8e633d129511386bfaee7c6dc2943bb7,Cihuyyyyyy...mobil listrik gede harga ayla....,43,2025-11-16T05:09:50Z,2025-11-16T05:09:50Z,2026-09-19T00:23:00.712565+00:00
UgxmiyESfKIEKvJpqf14AaABAg,Bx-XDBdN7nA,a29acb3e0ecc1fb73a9db1d5c6c9a3684863c17e4be19ec75c9db38e1fd4c535,"anjir, keren banget. features nya pas. harga murah. ga ada yg disunat. modelnya sih yg yaah begitulah (tapi no big deal).",14,2025-11-16T11:38:43Z,2025-11-16T11:38:43Z,2026-09-19T00:23:00.712565+00:00
Ugxx8OZ0wzddZG59Vmd4AaABAg,Bx-XDBdN7nA,d8baa7f0a9dbc80e87e315086aadb21552e3515e8f447e407ffe3c2636c56f1e,Penjualan terbanyak bulan maret 2026 dilawan😎,2,2026-04-17T03:32:49Z,2026-04-17T03:32:49Z,2026-09-19T00:23:00.712565+00:00
UgzVbm8oA3Qg_ycJ1UF4AaABAg,Bx-XDBdN7nA,ea8017a490d3982b6cafe842ce4a78c0092764e727bc75f0ad0d3f4303f45011,beli ah,0,2025-11-18T09:01:49Z,2025-11-18T09:01:49Z,2026-09-19T00:23:00.712565+00:00
UgwUkYwzztHgwkcUwV94AaABAg,Bx-XDBdN7nA,9b043894d19095aabbaba0f816c5c7265527061426ffbcb1873dee8fee2f20da,Wulinng jd menangis liat ini..😂,3,2025-11-16T09:40:14Z,2025-11-16T09:40:14Z,2026-09-19T00:23:00.712565+00:00
UgyDtx_J3lIZ_NiPlWB4AaABAg,Bx-XDBdN7nA,ac2f5a61c9c8faaa3da78bf408b616bdb695e3210b1a14d3022a2fdfd4d1fb66,Semisal J5 ev garansi batreynya seumur hidup pasti lebih rame lagi.. sayangnya cuma 8 thun,0,2025-11-18T04:48:02Z,2025-11-18T04:48:02Z,2026-09-19T00:23:00.712565+00:00
UgxYvcazd-tVlIVumtd4AaABAg,Bx-XDBdN7nA,2bd8ece49019acc1859a342c02a86ee52673cffc142efb2bba0e1b00bafd5218,28:49,1,2025-11-16T14:58:19Z,2025-11-16T14:58:19Z,2026-09-19T00:23:00.712565+00:00
UgyO7CWPWJ-qt4btSht4AaABAg,Bx-XDBdN7nA,230f75aafdedb60cab414f540f09c0c878daeb56f47095ec262d1a92e9fa2a14,gemetar yang lain,0,2025-11-16T09:37:40Z,2025-11-16T09:37:40Z,2026-09-19T00:23:00.712565+00:00
UgzOLgYpMSq8LGuECTl4AaABAg,Bx-XDBdN7nA,8b20587d46707e3428d176bbfad76f54305f3a5c8e5dd045dc77b0f6c8681ae3,"""Tidak akan klotak klotok klotak klotok"" 😂 org sudana sigana mah ini reviewernya",1,2025-11-22T12:08:38Z,2025-11-22T12:08:38Z,2026-09-19T00:23:00.712565+00:00
Ugwo_qetOUlf7Gak0Ml4AaABAg,Bx-XDBdN7nA,ae615754561024ce5eafa1f5af97f2cdd3e0ad06c528a8d5f9208f06cae4b531,Wah sy udah ada pengalaman sama jialing😂,0,2025-11-21T14:01:03Z,2025-11-21T14:01:03Z,2026-09-19T00:23:00.712565+00:00
Ugw5sJ882ZKff7eBGqV4AaABAg,Bx-XDBdN7nA,0d68fa549ef9fb83ffcee73a50130d1666bfaa338b1ee12efc988ee34beed11c,gw mau nunggu setahun lagi deh mau beli EV,0,2025-11-19T12:54:31Z,2025-11-19T12:54:31Z,2026-09-19T00:23:01.508913+00:00
UgwGXINwMUAWp0TN4dV4AaABAg,Bx-XDBdN7nA,9f962123955a3ac8f1aed5805d55e2afc02d639dd20d9ebcad6f7bc36c58266a,yang bilang mobil jepang lebih awet kok garansi ni mobil lebih lama ya dari mobil jepang 😂,23,2025-11-16T20:54:40Z,2025-11-16T20:54:40Z,2026-09-19T00:23:01.508913+00:00
UgzAaNQ6mriADT9xkyJ4AaABAg,Bx-XDBdN7nA,1bf55bb54b7787d4da527624adf9fca577f9383676fe71a81d9ee68b7346e2b0,"seperti hp dulu, pertama keluar sangat mahal.. mobil listrik bisa jadi tahun2 ke depan harganya turun lagi",0,2025-11-19T10:05:55Z,2025-11-19T10:05:55Z,2026-09-19T00:23:01.508913+00:00
UgwJ98gkqdCh6vo0VG94AaABAg,Bx-XDBdN7nA,3d98216a5973c02223975e7a3dc1cf60d8c57310bbd327fa9a1f15fdff5cc5cd,GiLa lagi kalau baterai dan motor long life warantie😂😅,0,2025-11-23T00:11:38Z,2025-11-23T00:18:04Z,2026-09-19T00:23:01.508913+00:00
UgzDJBpkZnqfcHA9v6d4AaABAg,Bx-XDBdN7nA,8d9de2de53cc25eabebed8222dce459e178a7aa2d0ebb6e0e159405af04e1ba6,"oh jaeco, kl mau lebih laris lagi harga sama ganti panoramic dengan nambah 2 seat lagi di belakang jd 7 seater, yg sedeng aja kayak baris ke3 renault triber. lgsg jd m6 killer",1,2025-11-17T22:58:58Z,2025-11-17T22:58:58Z,2026-09-19T00:23:01.508913+00:00
UgzpLSIq2M0jjOzCXxF4AaABAg,Bx-XDBdN7nA,b23be8fb9647a49af90a786b8045816d877acb6a2b546d8f08821944b9d19bcc,Audy kmn ya? Kangen liat reviewan bro Audy...,0,2025-11-19T11:37:59Z,2025-11-19T11:37:59Z,2026-09-19T00:23:01.508913+00:00
UgxPFpZRcGj36pHtoT14AaABAg,Bx-XDBdN7nA,c4ff3218c5107c1cef1806deff18c0cc5551f4d1d318ce2834941bf2bcf0368e,"Alhamdulillah sudah test drive kemarin di gias makassar, 
Sekarang kebayang bayang terus 😅",2,2025-11-16T21:51:11Z,2025-11-16T21:51:11Z,2026-09-19T00:23:01.508913+00:00
UgySWQEl4uLxzd05acV4AaABAg,Bx-XDBdN7nA,40840c68ef0c5011121919a3177e0012929d31a448bce031f03d92d2e1b8d262,Khususon ila mobil Jepang Lahumul fathihah...,0,2025-11-16T09:41:52Z,2025-11-16T09:41:52Z,2026-09-19T00:23:01.508913+00:00
UgwPKA5tGlyXLGT0SgN4AaABAg,Bx-XDBdN7nA,230f75aafdedb60cab414f540f09c0c878daeb56f47095ec262d1a92e9fa2a14,atas bawah kiri kanan ketar ketir,1,2025-11-16T12:13:52Z,2025-11-16T12:13:52Z,2026-09-19T00:23:01.508913+00:00
UgyWJjpUikJCN5dYBcd4AaABAg,Bx-XDBdN7nA,4be7c0fef1ba90855250fc22ce2630a378b14ba087ce0a6c58dffdeef1cae69c,"Solar panel di kap mesin, dan atap , sspertinya akan mengurangi konsumsi listrik untuk lampu led nya. Lumayan",0,2025-11-16T19:17:59Z,2025-11-16T19:20:03Z,2026-09-19T00:23:01.508913+00:00
UgzLCubVeiRvaddjFPF4AaABAg,Bx-XDBdN7nA,5fc74f81e0b3c0b440633a479433bfae78a07915e1ad7289c727d6b0e7e63dd9,"Padahal saudara tua yang pertama kali masuk punya mobil 60 juta,tapi ga dibawa masuk,lebih milih yang % marginnya gede,sungguh astra sekali cara berpikirnya😂😂😂",0,2025-11-18T05:39:04Z,2025-11-18T05:39:04Z,2026-09-19T00:23:01.508913+00:00
UgwkvPBYDPfxQ3XJr0d4AaABAg,Bx-XDBdN7nA,c2271b0541a21000332cd65294fb9decd6e51753ae00ad81b7a67bd104e131b1,"Tumben nadanya banyak yang positif.
Hehehehe",0,2025-11-17T04:05:52Z,2025-11-17T04:05:52Z,2026-09-19T00:23:01.508913+00:00
UgzIQNxS-hFgaHHcfKF4AaABAg,Bx-XDBdN7nA,5c8300e326f2f515ece1a83944a370a16f3f28754857a8449e67f6589daa8d61,Menurut saya paling bagus warna hitam,3,2025-11-16T06:54:17Z,2025-11-16T06:54:17Z,2026-09-19T00:23:01.508913+00:00
UgwEDDX-LLxTWaTytv54AaABAg,Bx-XDBdN7nA,c3b730fa74452c3fd20499524638e068ccf76ccb6f08054b0d6f0f7edaa9c133,China dan tionghoa emang orang baeKKKK😅,24,2025-11-16T10:34:52Z,2025-11-16T10:34:52Z,2026-09-19T00:23:01.508913+00:00
UgzgETChq6s_g6LlL_94AaABAg,Bx-XDBdN7nA,a27ad99c0ebfa1976795dcdd85d88f83a41ed1a746d3b8927ce6c847a1c091f0,"Kalau wuling air ev  100jtan kayaknya saya minat,😅",0,2025-11-18T13:22:32Z,2025-11-18T13:22:32Z,2026-09-19T00:23:01.508913+00:00
Ugxxc_Q9qcn9psAE7XN4AaABAg,Bx-XDBdN7nA,f72805af6e783f17d51710035c4d1e11934ac01c358d3914ba0dfc89262f91ad,Kebanyakan mangap euuy nonton nya plus mata melotot wkwkwk,0,2025-11-16T09:37:04Z,2025-11-16T09:37:04Z,2026-09-19T00:23:01.508913+00:00
UgwzM6NnF6yScOhFw8F4AaABAg,Bx-XDBdN7nA,0cb02d4beed0cc12bb52eb7c29c1dc956a43f7e776ae7cb1c537385f4c66abd3,secanggih2 mobil tetap butuh tombol2 buat tekan jadi ga tekan2 dari layar,0,2025-11-20T04:31:28Z,2025-11-20T04:31:28Z,2026-09-19T00:23:01.508913+00:00
Ugw5ev5evxeec-3C_L94AaABAg,Bx-XDBdN7nA,bb29f38b21787cbaecb147da859cb5818c90cdeee369fa866217c2ca5babba24,"Sebenarnya untuk harga 300jtaan memang sudah sesuai harganya, hanya pabrikan jupun yang membuat mobil mobil di indo kemahalan krna mau cuan banyak",6,2025-11-16T12:09:54Z,2025-11-16T12:09:54Z,2026-09-19T00:23:01.508913+00:00
Ugzm3RJIWeVymqo9FkN4AaABAg,Bx-XDBdN7nA,24394c9a9614d8ae9144beda377ccf319b9f0322af8842b0724a045f8a04c1c1,Jaecoo j5 sama chery tiggo cross csh ni sama2 gila in a good way wes,0,2026-03-26T09:46:20Z,2026-03-26T09:46:20Z,2026-09-19T00:23:01.508913+00:00
UgyTN68dCgfw_8Sjwkp4AaABAg,Bx-XDBdN7nA,d303646cfe57ac98994b39f01363fd6e33f1b3b8c0a72d39849574d58a00c206,Saatnya pindah ke listrik drpd isi bensin resiko dpt oplosan terus,0,2026-01-16T01:02:14Z,2026-01-16T01:02:14Z,2026-09-19T00:23:01.508913+00:00
UgzDGkMSq2056vQKBtB4AaABAg,Bx-XDBdN7nA,41994dad25832f5a8a6a9ac0a8ffe0b275ce922f1df815ead979dacb574dad16,"Perbedaan dengan tipe STANDARD ? 
Minta, review yang model standard donk kak 🙏",0,2025-11-25T13:45:39Z,2025-11-25T13:45:39Z,2026-09-19T00:23:01.508913+00:00
UgxdLGy9GCNOi7Bb7FJ4AaABAg,Bx-XDBdN7nA,3de1ab5dad0fb8b9c8a0123de85c03df2dac506f38f52d91e3a1ad36b522aeff,Kalo berani kasih garansi baterai life time bakalan laris manis ini,1,2025-11-22T11:45:18Z,2025-11-22T11:45:18Z,2026-09-19T00:23:01.508913+00:00
UgySsb-42sJfWFPqblJ4AaABAg,Bx-XDBdN7nA,7009781f265e2c46cbea6501ea88f3a3e3cd7319a806856148225d3348836be8,"Menurut saya, saat ini kalo masih ada yg beli brio RS aga aneh sih, subtitusinya ada J5 ini, kalo mau mesin ICE ada Chery Tiggo Cross, Fronx, Ertiga GL, ini pendapat saya sebagai user Brio yg nilai modifannya hampir 50 juta.",7,2025-11-17T05:14:45Z,2025-11-17T05:14:45Z,2026-09-19T00:23:01.508913+00:00
UgxEehBMKMXCrvlntOx4AaABAg,Bx-XDBdN7nA,f56609631e2fff412d579b2d4582c541ea2823aa5df8d2933e8adbfb7abddb87,Hebat mobcin ini jeico 300tt👍🏻👍🏻  mobil ini cuman jual batrainya saja  bodinya plus pitur gratis 😂😂😂😂😂,1,2025-11-16T07:25:33Z,2025-11-16T07:25:33Z,2026-09-19T00:23:01.508913+00:00
Ugz_MHk25K-lXWUIz-t4AaABAg,Bx-XDBdN7nA,c668e0cf68d5a2086057cbd149544ec467be45b0ff6614c6e9b3c68c3a167652,"gw sih masih geleng"" kepala liat kualitas, fitur dibanding harganya",4,2025-11-16T06:26:39Z,2025-11-16T06:26:39Z,2026-09-19T00:23:01.508913+00:00
Ugw9TAtBcgJGqjGA-jl4AaABAg,Bx-XDBdN7nA,278fb9a2437b0304703576e7c5225b3ba7597ab2252c71b573c1b4d236ac0bbe,user atto1 menangis liat ini pada manyun semua,6,2025-11-16T18:11:32Z,2025-11-16T18:11:32Z,2026-09-19T00:23:01.508913+00:00
UgxtAQYXFnVs9HZ4QfZ4AaABAg,Bx-XDBdN7nA,4df75ad5a61a7db22216ff36c2b1b7d4717165d984c7c4935ed5b64a21ebbeec,"Cepat atau lambat, yang beruntung bisa meminang J5 ini dengan harga launching juga akan merasakan penyesalan karena melihat mobil2 baru Chery group (percayalah, saya pengguna Chery sampai hari ini selama nyaris 2 tahun)

Melihat lineup produk2 baru Chery group, ada 2 produk yang mungkin bisa lebih murah atau setara dengan mobil ini, iCar V23 dan QQ baru.",0,2025-11-16T07:46:20Z,2025-11-16T07:46:20Z,2026-09-19T00:23:01.508913+00:00
UgxjEn6JZ9KXK1M4b2J4AaABAg,Bx-XDBdN7nA,1fe1f4e65e532d0e8f8d603dc8c425950164ba8a2820260b26ba3f847d157be2,Untung gw ga jadi ambil xL7 😂,1,2025-11-16T07:20:04Z,2025-11-16T07:20:04Z,2026-09-19T00:23:01.508913+00:00
UgyGTFuGV_2F0Qk2IJB4AaABAg,Bx-XDBdN7nA,0cc70a8382c54b0c718e1afa5cda3cb2bfefacb5cbe2b880871d43ee195bdd08,fisik luar agak mirip2 landRover Anyway bisa jadi buat refrensi jadi mobil k3 nih,0,2025-11-20T08:10:19Z,2025-11-20T08:10:19Z,2026-09-19T00:23:01.508913+00:00
UgxbB_jf6s1Rza6P_hl4AaABAg,Bx-XDBdN7nA,fbda80c8c72932d29d6dc81e6c92e639bbe9e3dc59beb610ad56ff31521d2366,dealer kalsel donk,0,2025-11-16T11:15:59Z,2025-11-16T11:15:59Z,2026-09-19T00:23:01.508913+00:00
Ugw97yD2V1Oxd3sTXtB4AaABAg,Bx-XDBdN7nA,460c6ec51cc5568a51ffc25e84098a17a8966fec4fa6ea29d7a822e1bb6dfd33,Siiiiip mobil EV murah.... Good by mobil kaleng krupuk harga premium.,5,2025-11-16T06:16:28Z,2025-11-16T06:16:28Z,2026-09-19T00:23:01.508913+00:00
Ugz-NY_7kZPxPXEQd4t4AaABAg,Bx-XDBdN7nA,44d26f6997307df92e676a3f79ac40b9d07a23373a81ce2d7b005a94cf224c80,"Bsok klo udh punya,mau nyari bengkel yg bisa Mod tmpilan speedo utama, biar ga kayak molis 😂😂😂😂😂",0,2025-11-18T06:00:12Z,2025-11-18T06:00:12Z,2026-09-19T00:23:01.508913+00:00
UgzaYodv4lw9syEv8TJ4AaABAg,Bx-XDBdN7nA,46ff29255bd43453f0fc2cfd73990e56bdd1fa53ee49ecb5c1126c1fdd05af5f,"1 tahun beli dealer gulung tikar, kira2 mau kemana servicenya. 😂",0,2025-11-21T16:40:54Z,2025-11-21T16:40:54Z,2026-09-19T00:23:01.508913+00:00
UgznqccI34OS0ZG-dqN4AaABAg,Bx-XDBdN7nA,131e14f1a78310c9d7191dd1c7f938277ed976b3e0596efc0c0af5372e224f33,Gimmick 250 jtan.  Pas di order promo terbatas dan udah abis...😂😂😂,1,2025-11-20T02:59:19Z,2025-11-20T02:59:19Z,2026-09-19T00:23:01.508913+00:00
UgzFOPGdJu9V4RF4poJ4AaABAg,Bx-XDBdN7nA,f67efc360f34358d73fdcc07927ad9882692d8c325bd745aecaf56756a81b39c,"Barusan ke diler bekasi, antri sampe Maret😅",1,2025-11-16T10:16:58Z,2025-11-16T10:16:58Z,2026-09-19T00:23:01.508913+00:00
UgwrghQG6sjr8ibJGCJ4AaABAg,Bx-XDBdN7nA,147c597ae0a5e77ab3b1b257c5b20c5209c3191e4591d8fcb2929f9aad510492,Karena bensin ada sampah ethanol....langsung ane SPK Jaecoo EV,4,2025-11-16T05:46:34Z,2025-11-16T05:46:46Z,2026-09-19T00:23:01.508913+00:00
UgzQznzOGtRv2gtf1gl4AaABAg,Bx-XDBdN7nA,202ec6277d7d89a9f7ef7a1dc53b65b7d5178fcb73f322901ef87186a748c752,mantab bang gw nungguin yg j5 prime nih ramnya lebih gede,0,2025-11-17T12:08:47Z,2025-11-17T12:08:47Z,2026-09-19T00:23:01.508913+00:00
UgxXQT7Dem9s6uQdlW94AaABAg,Bx-XDBdN7nA,18a33a24021370b7430c67fb226f2c5ebe4142b21e2fe96824762dd103ec9d0c,"Minat bgt punya jaeco kalo gak Wuling darion nunggu punya duitnya..
Ah entah kapan.. mimpi aja dulu",5,2025-11-16T08:37:33Z,2025-11-16T08:37:33Z,2026-09-19T00:23:01.508913+00:00
UgyNjJJhzq-_fEsdEHd4AaABAg,Bx-XDBdN7nA,d2f13e96ea1ebd78e1f57e9f9b525d9164acbe244df568309ef309664f8ffcbf,Nga ada di makassar kah?,0,2025-11-23T02:40:17Z,2025-11-23T02:40:17Z,2026-09-19T00:23:01.508913+00:00
UgxQN3P5jF-Ts7mHpcN4AaABAg,Bx-XDBdN7nA,b1b0fd41c342ba52de9617450a361bb11c186f740f2f3e701813edfc5e85a659,Mau beli tapi desain belakangnya kurang suka,0,2025-11-20T15:22:21Z,2025-11-20T15:22:21Z,2026-09-19T00:23:01.508913+00:00
Ugx4OWshp8acLK4JA_F4AaABAg,Bx-XDBdN7nA,1b9a1ee0d3fcb0e4b0211822c492f0e5fdf024836338f03e27d1caa0990cf676,Setelah nonton ini ane beli JCo donut,0,2025-11-19T10:30:07Z,2025-11-19T10:30:19Z,2026-09-19T00:23:01.508913+00:00
UgxQjlsZsGMbxyMmPlh4AaABAg,Bx-XDBdN7nA,9876bb1d10231500ccee8d1258f13a5fa755bff875d446a38977af132ef4e737,Sudah 300jt aja blm kebeli 😅😅,0,2025-11-16T07:27:23Z,2025-11-16T07:27:23Z,2026-09-19T00:23:01.508913+00:00
UgzdD6bsco4l0XTiQT14AaABAg,Bx-XDBdN7nA,2bd8cfc323aee17b405f14b206cde6ed8ffd7f5602ee370883692a0386ec74a9,Wah jarak tempuh nya kurang sayang,0,2026-07-16T23:41:49Z,2026-07-16T23:41:49Z,2026-09-19T00:23:01.508913+00:00
UgxTFM2qhIXFWZTOUBN4AaABAg,Bx-XDBdN7nA,126fd695ce92d1e2dce51e6cbc1d4edb9a9416ee8bbb02faf57f667ab81086a3,"Menarik, Papa mau dua",0,2026-05-27T09:27:21Z,2026-05-27T09:27:21Z,2026-09-19T00:23:01.508913+00:00
Ugx6MRNFOHz-hC1zDV54AaABAg,Bx-XDBdN7nA,7844d84b1274673fb65314f160f5fc271d1c2eec0415dc8b67999d243460136b,"gegara mobil cina masuk, kita udah jarang ngelirik mobil mahal jepang dan eropa yang dimana hampir semua fiturnya sudah lengkap di mobil cina yang murah tapi gak murahan.",2,2025-11-17T13:27:00Z,2025-11-17T13:27:00Z,2026-09-19T00:23:01.508913+00:00
UgzRxdSdz0rwCBjt3Tp4AaABAg,Bx-XDBdN7nA,56f5e9d16f5342382df56743533474d2a3b2978414494186a54f44b1773b2313,Garansi baterai seumur hidup kah? Banyak mobil EV yg sdh garansi batt seumur hidup,1,2025-11-16T08:39:51Z,2025-11-16T08:39:51Z,2026-09-19T00:23:01.508913+00:00
Ugw2at3xUDGga-P7LRp4AaABAg,Bx-XDBdN7nA,2ed2d8db9cd765514a7d7c644ddd649bcffcf5ec40a1304d9edc5ea77ca6782a,Apa jelas2 mending ini yg premiun 300jt drpd aion ut yg 363jt?,1,2025-11-16T09:47:14Z,2025-11-16T09:47:14Z,2026-09-19T00:23:01.508913+00:00
Ugw8ulgRNJko8ELCjIp4AaABAg,Bx-XDBdN7nA,a599c182f077b0862912fc7876441c013741d1e4742ad555f21b8b582071882d,"Kacau sih, saudaranya satu group jg banyak yg kesenggol. Chery E5 mesti turun harga berapa lg nih.",0,2025-11-18T08:16:29Z,2025-11-18T08:16:29Z,2026-09-19T00:23:01.508913+00:00
Ugxl9395pQ2hdVzlIz14AaABAg,Bx-XDBdN7nA,b2d6c70d520c12b3029076c3a625451c585b1abf2bab99ed3931e75091791868,"Datang dan pergi satu persatu, 😂",1,2025-11-16T05:57:41Z,2025-11-16T05:57:41Z,2026-09-19T00:23:01.508913+00:00
Ugxq3rSHrMJWfbs3AkV4AaABAg,Bx-XDBdN7nA,de71a800bbe759316f7a62c77e7f5fd36b16722436aadc51ead8b45df3f01522,Kira2 bakal ada varian AWD yg tenaganya lebih gede ga yah. Mantep jg nehh EV,0,2025-11-24T17:23:11Z,2025-11-24T17:23:11Z,2026-09-19T00:23:01.508913+00:00
UgyZ7Oq5OM5uGAa9SuF4AaABAg,Bx-XDBdN7nA,9913bad04816da56a779cba5928272fa84eb24df661320547856c2ad1edf0470,kerasa banget skrg merk mobil jepang sangat sangat overprice dan minim fitur sebenernya ngga worth it cuman menang merk nya aja 🤭🤭🤣🤣,1,2025-11-22T04:27:59Z,2025-11-22T04:27:59Z,2026-09-19T00:23:01.508913+00:00
UgzR4Ysd9Y8xtb9Ytt14AaABAg,Bx-XDBdN7nA,a03f0107ce667810653def612d5f8a2210d45f7090c83db12566e8b25c02843f,kurang suka dengan desin layar monitor;,0,2026-04-01T14:39:14Z,2026-04-01T14:39:14Z,2026-09-19T00:23:01.508913+00:00
UgxUeMJGz6obAeHM6Op4AaABAg,Bx-XDBdN7nA,8efe24550fadd5b01189d76ea4f6bc20de01e80c7a2c18dd44614eaf9702369b,Openingnya suuuuu 😂😂😂😂😂😂,0,2025-11-16T05:07:39Z,2025-11-16T05:07:39Z,2026-09-19T00:23:01.508913+00:00
Ugzr_zQ7jkPc3Y5iKel4AaABAg,Bx-XDBdN7nA,a435b015563344501bd8a16da6eeb67f4d13a848b0a0215dea6bd018e9edbac4,"HilSaaaaaat, openning lo kena banget bangSaaaaat😅😅😅😅😅",0,2026-04-10T04:14:34Z,2026-04-10T04:14:34Z,2026-09-19T00:23:01.508913+00:00
UgxrIQVD7aT1VXSR1Zd4AaABAg,Bx-XDBdN7nA,8b8f80f85bf7416d394fbdafa89c588ab49b2da18b1211d402bb6430ad80ce6a,Pengen om minta satu om. Aq siap menerima dengan ikhlas,0,2025-11-20T01:40:06Z,2025-11-20T01:40:06Z,2026-09-19T00:23:01.508913+00:00
UgwbnR_8aidHDg6yIEl4AaABAg,Bx-XDBdN7nA,5edadb4b0ff7e098c3fd105a97e7be59d727e1ab7898b34b93e6e59da52ed5f9,Panoramic roofnya gak bisa ditutup bang? Panas ih,0,2025-12-06T11:54:12Z,2025-12-06T11:54:12Z,2026-09-19T00:23:01.508913+00:00
Ugw_3gZxO0WiFxlTkrl4AaABAg,Bx-XDBdN7nA,d9cef97ac6900a5d6755025c9975b6d9a3e59826b5b0d7db972ff28c4f489345,299 juta secanggih itu ??? AVANZA XENIA MENGHENINGKAN CIPTA,7,2025-11-16T07:06:17Z,2025-11-16T07:06:17Z,2026-09-19T00:23:01.508913+00:00
UgyNNVNwPY9ruEPwS394AaABAg,Bx-XDBdN7nA,e1122fa16d3842fe065cb98983617fcd598202b456ac57d2c39d7a150d529060,"sory mas, td kamu salah ngomong.. camera tipe PREMIUM itu 540 bisa liat kolong mobil alias transparan.. kalo 360 ga bisa transparan mobil nya..😂😂",0,2025-11-22T19:07:09Z,2025-11-22T19:07:09Z,2026-09-19T00:23:01.508913+00:00
UgywAcsbuP3ykVVLMOJ4AaABAg,Bx-XDBdN7nA,fe09acedcbd2af2e592ea2b60940f0dbfc23b08f0089503d16f46e343f0283dd,"Mines jeacoo J5 pas nanjak di belokan..ada bunyi2 di bagian bawah kanan,sangat mengganggu..",0,2026-04-14T16:06:05Z,2026-04-14T16:06:05Z,2026-09-19T00:23:01.508913+00:00
UgzRYUZzTjiR-yAL57V4AaABAg,Bx-XDBdN7nA,cc685d4b3b7116cabb6e83ef35ec18bfedc7e3265eee633d19dbddf3d8790818,Semoga tahun depan Bisa kebeli yg standar aja'. Yg 249.,1,2025-11-16T23:26:34Z,2025-11-16T23:26:34Z,2026-09-19T00:23:01.508913+00:00
UgxkWk6s2ZHRdQ4ETEJ4AaABAg,Bx-XDBdN7nA,809e737ec01c67bce225939bfbe5b37db208ed8eb5dfcd6cbffa8c7480cc8640,OMG...Raize TSS Turbo ku yg 300jt an ketinggalan 2 dekade 😂...,0,2025-11-30T02:50:32Z,2025-11-30T02:50:32Z,2026-09-19T00:23:01.508913+00:00
Ugzb-aru8utbYDMR_C14AaABAg,Bx-XDBdN7nA,35b5c4148a79a3d93b80a19c35f039b0055a6bc1b0e165fdc170b56967a54347,ketersediaan sparepart fast movingnya gimana om?,0,2025-11-24T22:53:44Z,2025-11-24T22:53:44Z,2026-09-19T00:23:01.508913+00:00
Ugwkt049KWr9baAbxf14AaABAg,Bx-XDBdN7nA,17506a61a20a12b44262890b5b20cbacfe59c22972445b77ee6554aa28d79675,"Negara yang paling penguasa pasar global dunia adalah China, China sekarang ambisi untuk membuat teknologi yang negara lain gak bisa bikin, dan hampir semua otomotif di impor dari china",1,2025-11-18T15:36:19Z,2025-11-18T15:36:19Z,2026-09-19T00:23:01.508913+00:00
UgyL7V1JIQgfV0iPZo94AaABAg,Bx-XDBdN7nA,e3ec18c74e71ca6300b13131b713f20757083bfb7099a8e26dcd2bc1cfb44122,Bener gak sih itu harga khusus djabotabek saja klu di luar harga selisih 25 jy,0,2025-11-16T12:22:28Z,2025-11-16T12:22:28Z,2026-09-19T00:23:01.508913+00:00
Ugw4YAJcKkcOzwZvAAB4AaABAg,Bx-XDBdN7nA,e5c433cc7bd57b360bd7704b55452c7d622f6d4e695d3f185f3eaf48daf84678,Sekarang 309.9jt...masih istimewah y,0,2026-03-16T08:56:22Z,2026-03-16T08:56:22Z,2026-09-19T00:23:01.508913+00:00
UgzLwRIqCCSbKw2i3NR4AaABAg,Bx-XDBdN7nA,4e1fcdf36973c274386166b8e21a82a5f3fc93fdac914a7ee41e0e4f115522cc,"Itu semau spek divideo utk yant tipe premium yaah, ada gak video review yang tipe standartnya",0,2026-07-03T04:23:21Z,2026-07-03T04:23:21Z,2026-09-19T00:23:01.508913+00:00
UgxTYMNCjPq-5Il5zQt4AaABAg,Bx-XDBdN7nA,3005d17a8c811048c958b9995e44e61341a64dded84cba95e669df0d0420406e,Apalagi kalo di bikin 7 seater nih mobil kaya kacang goreng 😂,1,2025-11-16T10:41:37Z,2025-11-16T10:41:37Z,2026-09-19T00:23:01.508913+00:00
UgwPPSSm8lCK-3p-6H14AaABAg,Bx-XDBdN7nA,1c55770385845f9d78fa05e2b8a1f23e7a6ff8fa35785526c3a88c7879163383,Cukup lah ini harganya masuk akal...pas dikantong,0,2025-11-16T04:45:47Z,2025-11-16T04:45:47Z,2026-09-19T00:23:01.508913+00:00
UgzZNDQ_VuvXYSIcXB14AaABAg,Bx-XDBdN7nA,ea5a59e5a00976707259ff8276de6970387e8d6f50bb849c84dd85de72a806aa,"Harusnya setelah promo,harga aslinya yang premium 350,yang standar 300,dan itu tetap worth😂",1,2025-11-17T05:05:15Z,2025-11-17T05:05:15Z,2026-09-19T00:23:01.508913+00:00
Ugy6PPJV9yMQa1YerYF4AaABAg,Bx-XDBdN7nA,f4eeb28f35cc31cb95b5658675345afdeeacffc7123d600fe61695fd9693d5b7,"Tertarik bgt sama ini mbl tapi aftersalesnya gimana ya, setau saya baru ada 3 dealer sales n service di indonesia, walaupun brand ini masih sub brand nya chery tapi setau saya tidak bisa ikut numpang servis disitu, seandainya bisa pasti laris parah, tlg sales jaecoo bales komen saya dong",0,2025-11-16T09:05:20Z,2025-11-16T09:05:20Z,2026-09-19T00:23:01.508913+00:00
UgwRpx0EP9Dq5H29YxN4AaABAg,Bx-XDBdN7nA,1f922eebfd4f8a1c4c008599e2d5e43fd56776a4b82e56361bf16e8e5b3589e3,"mobil ev kelas 200 jt - 400 jt mah cuman antar kota, antar propinsi jabar - jateng yang banyak tanjakan full penumpang plus bawaan udah ngos2an minta di charge sebelum sampai tujuan, nanjak aja belum tentu bisa kelas segini karena beberapa model punya TEKNOLOGI PROTEKSI MOTOR melindungi dari overheat / rusak dengan mengurangi torsi dari awal, dan model2 lainnya motor listriknya masih pake FWD , gak bakal kuat tanjakan walau model seheboh marketing nya",2,2025-12-25T02:43:20Z,2025-12-25T02:43:20Z,2026-09-19T00:23:01.508913+00:00
Ugy0wVq-dqZ-DMo1YmN4AaABAg,Bx-XDBdN7nA,7894ef855625ebfa99fd4550d342d291ed9918b5d883800bc2e33e79406279bf,"Chery adalah produsen mobil yang paling diremehkan. Mereka menawarkan beberapa proses produksi bodi dan mesin bensin terbaik di Tiongkok. Sayangnya, mereka kekurangan suku cadang terbaik (lagipula, Chery bukan merek mewah).",0,2025-11-17T08:33:20Z,2025-11-17T08:33:20Z,2026-09-19T00:23:01.508913+00:00
Ugw-LBgBhkuOB90zCux4AaABAg,Bx-XDBdN7nA,027093511db4863acd6afa8d8ff0a11003603275a0e0a2c8dd7166de635e542c,Di iims coba test drive. Goyangannya kuat banget diband8ng mobil ice..krn beban batre atau apa ya. Pas di soeed trap guncangnanya bikin enek n kayak di dorong kiri kanan.,0,2026-02-13T23:54:17Z,2026-02-13T23:54:17Z,2026-09-19T00:23:01.508913+00:00
UgzQ9DulhRfRqwZnI6B4AaABAg,Bx-XDBdN7nA,570d4a6e74c647db6d71e91333f13e76c6173862e9c3536299bfc95a6f432ee5,Ini yg di Riview tipe tinggi ya ??,0,2025-11-27T08:49:38Z,2025-11-27T08:49:38Z,2026-09-19T00:23:01.508913+00:00
UgyDUPOyNEhL0yUcIRx4AaABAg,Bx-XDBdN7nA,e64bf73e4164de73e42f6cf777ee5eb7fbc27316ce22c89b6ee0f19fae2f5a7a,SPK tgl 8nov dijanjikan des-jan 😅,2,2025-11-16T06:15:13Z,2025-11-16T06:15:13Z,2026-09-19T00:23:01.508913+00:00
Ugzu-yoXZnEwwnTRLVB4AaABAg,Bx-XDBdN7nA,954d922bf40dc829fd9ff5dbc295b41c5414d4b0a59c347e23e83a694675ddb1,Yg beli wuling air ev apa kabar sekarang setelah liat mobil ini 😂,0,2025-11-19T07:14:28Z,2025-11-19T07:14:28Z,2026-09-19T00:23:01.508913+00:00
UgylaNWo45x3WAqDY8l4AaABAg,Bx-XDBdN7nA,d1ab41dc248b623734b54eb7f24c548a922c2637a058ab38611ea65fc34c7efe,odong-odong di kasih tablet 😂,0,2026-01-01T07:10:15Z,2026-01-01T07:10:15Z,2026-09-19T00:23:01.508913+00:00
UgxtYoKRBS8hKEtUx6t4AaABAg,Bx-XDBdN7nA,5cbfc2c136ad5a07df199d1a6d46e788c6070fddcf01c3268b616e011b5d0056,klo buat jalan tanjakan gimana?,0,2026-04-02T04:51:36Z,2026-04-02T04:51:36Z,2026-09-19T00:23:01.508913+00:00
UgzobGWd0zgdYR7hdYx4AaABAg,Bx-XDBdN7nA,b7fc8380c8377e6b5e161b3d5e0d2a3004dc2d96a0cc84119fb8c351af7c06a3,dengan harga segitu aja jaecoo udah ada untung... berarti selama ini kita kena bohong mobil jepang,2,2025-11-16T08:29:15Z,2025-11-16T08:29:15Z,2026-09-19T00:23:01.508913+00:00
Ugz7UMldYQrYLUg72Md4AaABAg,Bx-XDBdN7nA,61dc2bca3de47ef31423702431be1d91579fd8af13279d2ea92ec64206358701,"Semakin kesini mobil listrik semakin terjangkau, tinggal nunggu perang harga dulu kayak di cina pasti lebih seru lagi
Tapi nanti kalau mobil listrik sudah menjamur pasti akan ada drama berantemnya orang2 berebut tempat charger",1,2025-11-16T14:05:29Z,2025-11-16T14:05:29Z,2026-09-19T00:23:01.508913+00:00
UgwjtHpyn7MZhkw9UfJ4AaABAg,Bx-XDBdN7nA,9e2d2be51861cca2e17ba4299255c91b313948d247dc77dfeda49cc4fa9e5769,Di bagian fender belakang di atas roda belakang terlihat seperti ada plastik yang keluar dari bagian bodi fender agak ke belakang. Ini terlihat kurang rapi.,0,2026-08-22T10:37:36Z,2026-08-22T10:37:36Z,2026-09-19T00:23:01.508913+00:00
UgzS43_NNrWM0w7oV_t4AaABAg,Bx-XDBdN7nA,6e9ae32ac6c8f8552c8eaa7411823421f55458b68bd53849829579a8fe15422a,Plek ketiplek ini Range Rover versi kw sih wkwk,1,2025-11-18T11:08:15Z,2025-11-18T11:08:15Z,2026-09-19T00:23:01.508913+00:00
UgyX4oQS3iDgplxqWFR4AaABAg,Bx-XDBdN7nA,df427197b607827a9ee828fb739a0d1f5c0e59be51728b0524f1093874935a6f,"Bang kali2 bahas perkembangan spklu dong, pengen tau prkembangan dan mantainnya apakah sudah bagus",0,2025-11-16T13:00:46Z,2025-11-16T13:00:46Z,2026-09-19T00:23:01.508913+00:00
Ugy6Aaf4IybvS0MImIF4AaABAg,Bx-XDBdN7nA,e382eb17ea2a66e81b0ace31b6acabd6b9f798b0f841566264d959f924711d60,"Konsumen indo harus lebih cerdas, jangan mau dikibulin sama merk sebelah harga mahal fitur minim.",0,2025-11-26T08:18:40Z,2025-11-26T08:18:40Z,2026-09-19T00:23:01.508913+00:00
UgxT-VwhLVpLdYryYn94AaABAg,Bx-XDBdN7nA,3a7fc71513126232fc60d6f665bf0d46074878665f27c620d141543d7a1ca506,"Awal tahun nanti juga ada yng under 200 juta, sekarang lagi perang harga sih",3,2025-11-17T11:03:36Z,2025-11-17T11:03:36Z,2026-09-19T00:23:01.508913+00:00
UgypECgG4_AvWygSXpt4AaABAg,Bx-XDBdN7nA,c86b833324c970bf47439436c8183fa7f41e5ac599270651f16687e100d94a65,punya pak jaecoowi kah?,0,2025-11-18T08:28:37Z,2025-11-18T08:28:37Z,2026-09-19T00:23:01.508913+00:00
Ugw3I96dpyFX0JfIp1N4AaABAg,Bx-XDBdN7nA,4950e91973fcac9dea3211335d2b5defae9f21fb86a7d7974cb31a63b342b577,Sampeyan arep jalok Opo maneh😅😅,0,2025-11-22T09:07:11Z,2025-11-22T09:07:11Z,2026-09-19T00:23:01.508913+00:00
Ugz4u6QZRuqFFz7SedR4AaABAg,Bx-XDBdN7nA,455cca24bfd9a51d4f4505c2cef7818ea858474a5577da56d87ebe6a7a29656b,kalau parkir paralel netralnya gmana ?,0,2026-03-26T14:18:16Z,2026-03-26T14:18:16Z,2026-09-19T00:23:01.508913+00:00
Ugyx1VFGeF6Q1mX8zeV4AaABAg,Bx-XDBdN7nA,1f922eebfd4f8a1c4c008599e2d5e43fd56776a4b82e56361bf16e8e5b3589e3,"LCGC bensin di kisaran 200 jtaan, LCGC EV DI KISARAN 300 JTAAN , sayangnya gak ada merk mampu menembus di atas 600 km jarak tempuh nya, dan gak semua model motor listrik nya kuat mampu atasi tanjakan dengan full penumpang dan muatan, harapan bisa mendekati kemampuan LCGC BENSIN MASIH JAUH",1,2025-12-25T23:31:24Z,2025-12-25T23:31:24Z,2026-09-19T00:23:01.508913+00:00
UgzoaKry2yVMgi5yneV4AaABAg,Bx-XDBdN7nA,2c82551722c8eb26c4f650dcb9f842597bfb8f3ba17138a936434f60ad9b28c5,blom sempet test drive langsung spk di jeaco cihamplas bdung,3,2025-11-16T05:51:45Z,2025-11-16T05:51:45Z,2026-09-19T00:23:01.508913+00:00
UgyU097XfUUufsOZ1Bl4AaABAg,Bx-XDBdN7nA,77790817db7c73a31a9e828b6e7f7ddffd477b7ab78d3150984072c40f576dc6,apa tanggapan Toyota soal ini?,1,2026-07-07T15:13:53Z,2026-07-07T15:13:53Z,2026-09-19T00:23:01.508913+00:00
UgyX6tWu0zaLDJH0pWp4AaABAg,Bx-XDBdN7nA,71e2c29649205706befb9081ec3e8c37b595d8db7cd904352af6cf0652e21680,Gw bingung mobil jepun kaleng aja mahal bngt,0,2025-11-24T17:32:00Z,2025-11-24T17:32:00Z,2026-09-19T00:23:01.508913+00:00
Ugwug3TLkxYRWRnWZo94AaABAg,Bx-XDBdN7nA,f730d5b7132f26974653c3d0a0f2b3f3173406c05b32cd7e8df8be15ec230a65,Di Banjarmasin  Jaeco 5 type tertinggi 332jt. Jadi mahal bosss 🤣,0,2026-03-31T12:57:28Z,2026-03-31T12:57:28Z,2026-09-19T00:23:01.508913+00:00
Ugyzuh1Lw0rqtmKGtjV4AaABAg,Bx-XDBdN7nA,31e43ec5485a8a98fc739ac62da629ff264ddede05e37b9d805acc013ba8b3db,Jco donut listrik,0,2025-11-17T06:32:29Z,2025-11-17T06:32:29Z,2026-09-19T00:23:01.508913+00:00
Ugwh7luxGKjjEw3aGtJ4AaABAg,Bx-XDBdN7nA,e9f9021ba096cfc68dee484bd9347b0d72e70ccccfd1ede1072d74bfc8df1acf,Speedometer kek motor listrik 😅,1,2025-11-22T16:49:54Z,2025-11-22T16:49:54Z,2026-09-19T00:23:01.508913+00:00
UgxDQmUrgL_fmH16_tp4AaABAg,Bx-XDBdN7nA,792fbdd5932c9af9d41791a3ffc252d2f5982da957e7b7539db65c53b33368a4,Setelah insentif mobil listrik di cabut pemerintah akhir taun 2025 apakah harganya akan tetap?,0,2025-11-22T19:11:32Z,2025-11-22T19:11:32Z,2026-09-19T00:23:01.508913+00:00
UgzM-PU5-3saE5pSEFh4AaABAg,Bx-XDBdN7nA,8d9de2de53cc25eabebed8222dce459e178a7aa2d0ebb6e0e159405af04e1ba6,semoga harga bertahan lewat 1000 unit,2,2025-11-17T22:45:33Z,2025-11-17T22:45:33Z,2026-09-19T00:23:01.508913+00:00
UgyVf7Kn7TMyriZkFuh4AaABAg,Bx-XDBdN7nA,7b923c5f9f033c155bb0ae26540acb4ad556c266e2df924d0c4c56981c9e1f44,"gue malah setuju kalau mobchin ini perang harga

biar mobil jepang pada sadar diri
mereka selama puluhan tahun di warga +62 udh untung berapa triliun tuh dengan margin gede tapi pelit fitur apalagi ada skandal uji tabrak.

dengan adanya mobchin perang harga apalagi di tanah air, artinya konsumen yang di untungkan.",0,2025-11-19T04:05:37Z,2025-11-19T04:05:37Z,2026-09-19T00:23:01.508913+00:00
Ugx9iXToTiuxapjrTCZ4AaABAg,Bx-XDBdN7nA,5592a0cfffa37d797d45f898bc88abd35cab789074961c25018a76c554f8a6ce,MOBIL2 LISTRIK EV HEMATNYA KEBANGETEN BIKIN KANTONG AMAN.. (1 KWH BISA JALAN 10 KM...HARGA PER 1KWH 1700 RP DENGAN CHARGE DI RUMAH.. BIAYA PER 1 KM = 1700 : 10 = 170.. JADI BIAYA PER KM CUMA RP. 170).. LEBIH HEMAT DARI HONDA BEAT.,1,2025-12-06T07:10:45Z,2025-12-06T07:18:42Z,2026-09-19T00:23:01.508913+00:00
UgwI9wD0dz2vSk4AZkR4AaABAg,Bx-XDBdN7nA,d02ba5b48c455390bda912a792567ff30e42a1db1e18fe72d8bf2daceabfdb9e,"fortuner dan innova berasa jadi sangat Murahan di depan J5 
😭😭😭",2,2025-12-03T01:58:51Z,2025-12-03T01:58:51Z,2026-09-19T00:23:01.508913+00:00
UgwfAC4NOpXZjW6UsEN4AaABAg,Bx-XDBdN7nA,27438b862d6b03591b4b2aa8531212e14af757992a960350db1b461372a243fe,AFTER SALES SERVICES ???,0,2025-11-21T06:08:17Z,2025-11-21T06:08:17Z,2026-09-19T00:23:02.435533+00:00
UgzbrtzuHK1IqUlcf6h4AaABAg,Bx-XDBdN7nA,15388fe297218636fbbd49227443449e280c9559757b15b939d2bfad6b28ae38,"3 tahun lalu duit 300jt, dpt moblis kutu, roti tawar, g kuat nanjak, yg kala itupun sok pada jual mahal ajimumpung sales2nya",2,2025-11-16T05:05:07Z,2025-11-16T05:05:07Z,2026-09-19T00:23:02.435533+00:00
UgxRxL8-VCZZmRFnfSp4AaABAg,Bx-XDBdN7nA,66313f0580ee57cb73034cc92c96c074b28c78c38f6c6ad384133314476e43a7,"jco donat enak✅
jco mobil enak✅",0,2025-11-29T06:04:28Z,2025-11-29T06:04:28Z,2026-09-19T00:23:02.435533+00:00
UgytkQ8_UCNFRkrT0Rh4AaABAg,Bx-XDBdN7nA,60ecd7b250457f9086eeb4aadc30ed029d12dbe360b22498c53c36f011ed32f9,Percuma juga yg dapat cuma 1000 pembelian pertama.. Dan itupun gua lihat2 yg udah SPK nggak tau dapat unitnya kapan😂,1,2025-11-16T13:18:17Z,2025-11-16T13:18:17Z,2026-09-19T00:23:02.435533+00:00
UgyOYqZ_CtJPQrwgTJl4AaABAg,Bx-XDBdN7nA,35e4f054562cab44a6d886e08924462cd00ed9251db77d30e9a1ae8679b91228,masih menunggu informasi setelah pemakaian 1-2 tahun atau pemakaian jarak jauh. Dan bagaimana pelayanan after pembelian (service),0,2026-04-04T11:54:32Z,2026-04-04T11:54:32Z,2026-09-19T00:23:02.435533+00:00
UgyQSoni0QtQO9kQhE54AaABAg,Bx-XDBdN7nA,baa9f5eac4259d1c1abee8ce1e5d1fd434422f5a6c069ea5b115392e6eb84ade,Instrumen cluster nggak dibahas bang,0,2025-11-16T11:12:33Z,2025-11-16T11:12:33Z,2026-09-19T00:23:02.435533+00:00
UgwJkhe2JkHfWTiD59t4AaABAg,Bx-XDBdN7nA,7d33eacfeab47a223321fe88c4ab049e65342440c8bbbc31fddc8a74c77c046e,"bentuk depan nya buat gw sih kurang menarik, ky maenan hehe",0,2025-11-19T13:36:25Z,2025-11-19T13:36:25Z,2026-09-19T00:23:02.435533+00:00
Ugz_lh3KBPM42F-Eked4AaABAg,Bx-XDBdN7nA,74750324db33afe07da59a567107dd036ff237f8514d957b5d990d46e6181b4c,Kalau parkirdi terik matahari gmn? Baterenya aman?,0,2026-03-15T00:09:35Z,2026-03-15T00:09:35Z,2026-09-19T00:23:02.435533+00:00
Ugz_o0DK3muT8zpAh1l4AaABAg,Bx-XDBdN7nA,d4c5830967c81209b8e2c49e5d180de258b0588b110970f3f63822326fe2f580,Bungkus 😅,2,2025-11-16T09:23:41Z,2025-11-16T09:23:41Z,2026-09-19T00:23:02.435533+00:00
UgzDJuT2amVv4TwfmJt4AaABAg,Bx-XDBdN7nA,76523f9cb28978ecd924298ce8a59d9c7795ee5a7e4d2422195786be62b65c37,"Pilihan paling cerdas ya made china, ash canggih teejangkau lagi. Tenggelamkan made in jepun, pelit fitur mahal pula.",0,2026-04-25T14:13:44Z,2026-04-25T14:13:44Z,2026-09-19T00:23:02.435533+00:00
UgwaRwHRNZVAGeetQGd4AaABAg,Bx-XDBdN7nA,a4d590d0fd3ad4908a106938d5e3b32b25cd1f562e9db582d801f6efe0c7963a,Yg mau jual bekas nya. Boleh...,0,2025-11-23T12:25:19Z,2025-11-23T12:25:19Z,2026-09-19T00:23:02.435533+00:00
Ugz35Eq6JUob7tPlBLZ4AaABAg,Bx-XDBdN7nA,fbf4b71472d54ef4e06c4d99f9d42779a2258f2a4d201e613f08b4c5029fed6a,"Serius nanya; 

Kalau sudah punya Wuling Air EV dengan Wall Charger di rumah yang daya listriknya 11,000, pasang Wall Charger JAecoo J5 harus pasang meteran baru ga ya?",0,2025-11-21T08:40:38Z,2025-11-21T08:40:38Z,2026-09-19T00:23:02.435533+00:00
UgzmPVoV-v5ycc6n-lx4AaABAg,Bx-XDBdN7nA,04ba98a92c1c449bce83d57d4f2853d53e8b9140c0bd119fff7f849da57270f6,Macem Tamiya lah Wak model mobil-mobil listrik ini..modal batre aja dia tenaga nya..semua putaran roda cuman di kekuatan gear-gear tu aja dia ya kan..hahahaha....,0,2026-07-18T16:46:29Z,2026-07-18T16:46:29Z,2026-09-19T00:23:02.435533+00:00
Ugwz_olSZIyGWhBTml54AaABAg,Bx-XDBdN7nA,2f7cddffefafed26dec46b933375f590f338e8fc6bc33387262eb35b0fd94b0d,Kondisi BSD bang bukan jakarta hehehe,0,2025-11-16T08:50:11Z,2025-11-16T08:50:11Z,2026-09-19T00:23:02.435533+00:00
UgyUYso9UzDBJB2wA514AaABAg,Bx-XDBdN7nA,48e667b0d1595465db2a55528845daaa4398ccabcc97ba2f9951664b8cd47260,"450km harga 299jt
Gokil",0,2026-04-24T01:52:08Z,2026-04-24T01:52:08Z,2026-09-19T00:23:02.435533+00:00
Ugyz0Po4ixuPU8QZlep4AaABAg,Bx-XDBdN7nA,b9e7192b7577adb198857bd700c1faa73d117b62aeef149133eda894f19494a7,"Kalo ini dikasih emblem Range Rover EV, dijual 2 M, para penyembah akan bilang WOWWWW CANGGIH, KEREN, TAK TERTANDINGI, terus lanjut berangkat kerja dengan LCGC mereka... Padahal sekarang sudah TERJANGKAU experience mobil premium dengan harga LCGC tapi karena GENGSI maka ikutan menghujat... Itulah PARAHNYA penjajahan identitas legacy auto... WAKE UP MANNNN...",0,2025-11-25T12:35:46Z,2025-11-25T12:35:46Z,2026-09-19T00:23:02.435533+00:00
UgwLo11pGsTGfg4XfgN4AaABAg,Bx-XDBdN7nA,b8210822bdcda4706a60fee026e88f352ffe83adc55b09b07d6a6e6ae663efae,Air ev juga waktu launching harganya 300 juta,1,2025-11-16T05:15:18Z,2025-11-16T05:15:18Z,2026-09-19T00:23:02.435533+00:00
UgwOA4BVmdYF5rT0XPx4AaABAg,Bx-XDBdN7nA,655e5fe76c11ee1aa7c387f912b51b96a16c1d5207fd2ee831f018b9982496b3,"serius nanya,kalau punya mobil EV sebenernya apakah aman parkir outdoor mengingat secara tidak langsung kita sama saja memanggang baterainya,apalagi suhu panas itu hal yang sangat dihindari oleh baterai",0,2025-11-25T09:04:11Z,2025-11-25T09:04:11Z,2026-09-19T00:23:02.435533+00:00
UgxI5vYWEHYan_GA4mR4AaABAg,Bx-XDBdN7nA,3908ae565837d0862c28ce0284fff92384147f18118b7799fb7318d307bc4a2e,harga bekasnya berapa ya.. harga baterenya berapa kalo rusak? tahan sampai berapa lama?kalau garansinya pendek..waspada.. mudah mudahan tidak beli gerobak ya..😂,0,2025-11-18T10:23:00Z,2025-11-18T10:23:00Z,2026-09-19T00:23:02.435533+00:00
Ugzrkcnwx1heWCfCZOh4AaABAg,Bx-XDBdN7nA,5b7d8950540664fae4e4602ec63e44ec8ce28b04f065d92de5aee4a19d7c80f0,MBL benzin bikin kaya  org sigapura,0,2026-02-18T14:31:08Z,2026-02-18T14:31:08Z,2026-09-19T00:23:02.435533+00:00
Ugx4K2f2NdxtiemfxAZ4AaABAg,Bx-XDBdN7nA,88ff362711784b294b921a252513067c5a2b5c3604e1aa719bc7ef8bfce3f34f,"Kenapa ga dibikin 3 baris ya, padahal lumayan panjang",3,2025-11-16T08:32:46Z,2025-11-16T08:32:46Z,2026-09-19T00:23:02.435533+00:00
UgxP0UssgQNAmnoAu454AaABAg,Bx-XDBdN7nA,fb77071300325d0bc5f6ec153d0ccb257721c8e3b684fd1340232a0a28ef830c,"Apakah ini ""ioniq 5 killer"" 😂",0,2026-03-24T03:37:45Z,2026-03-24T03:37:45Z,2026-09-19T00:23:02.435533+00:00
UgzK3mMd3iKsf7w_Opl4AaABAg,Bx-XDBdN7nA,a86bde41349d4b7547e2dfc1b2dc7567042e9ea3f5608a7bf5db24ebbac60345,Spec dewa tapi bentuk spt kulkas 😂,0,2025-11-24T09:09:05Z,2025-11-24T09:09:05Z,2026-09-19T00:23:02.435533+00:00
UgxRwpdzEpgC3q0i9mp4AaABAg,Bx-XDBdN7nA,ad74d6f805e52f505a8329d6f422b338fc20b173232fd8a18292e3d37b9841f1,Temen kamu baru bayar hutang? Beli ini aja...,1,2025-11-16T07:14:20Z,2025-11-16T07:14:20Z,2026-09-19T00:23:02.435533+00:00
Ugxb54OPUHV8sxadCOp4AaABAg,Bx-XDBdN7nA,9e94155f5a9b4ecb9da50363f558b9a7b2897a30108b2cd2ffae852d6a64941c,". Kalau sudah umur molis ,20 th, bisa kaliee, beli battery dengan harga 50 jutaan 😅",1,2025-11-16T06:41:13Z,2025-11-16T06:41:13Z,2026-09-19T00:23:02.435533+00:00
UgzuTMwu_KwZ3qL-VMJ4AaABAg,Bx-XDBdN7nA,3e4cc16709eca4655b07b0298d74c2ce9894f0db4e4e8ba883b64b67a9fb8668,Lcgc harusnya dibawah 100jt.,1,2025-11-18T01:26:53Z,2025-11-18T01:26:53Z,2026-09-19T00:23:02.435533+00:00
UgyukVrvTiobQTXjs_l4AaABAg,Bx-XDBdN7nA,fe878e3023411a59efd849e1377921e97bfe606aec2f74ce18efaa4991322de5,"Selfok sama sepatu hak tingginya,jangan2 dia 😂😂😂😂",0,2025-11-16T06:40:41Z,2025-11-16T06:40:41Z,2026-09-19T00:23:02.435533+00:00
UgxCcb-lDQJBUOneeqt4AaABAg,Bx-XDBdN7nA,2e95e0bbcf8fba363bd464a21eb6031cb764e316aa2b51fe0dc95813bdb7064e,delaer hyundai di kotaku barusan tutup diganti dealer mbl listrik tiongkok😅,0,2025-11-21T12:51:05Z,2025-11-21T12:51:05Z,2026-09-19T00:23:02.435533+00:00
UgxpFG4PYqF-OTVHOnJ4AaABAg,Bx-XDBdN7nA,80f201b6772801e7bf1cd2ecdfb08fbf30ddffd1e52feec4e0d1b0a0a023d177,duh syg bgt fwd... seandainya rwd auto buy nich,1,2025-11-16T11:45:13Z,2025-11-16T11:45:13Z,2026-09-19T00:23:02.435533+00:00
UgwKk5ASeezBRrNUE5t4AaABAg,Bx-XDBdN7nA,f6dc9e9887fccf76802bb5fd3e4404b4c06ba5e1c34e0a6cfafd09778e71d794,Bersyukur dgn masuknya banyak mobil listrik china bisa membuka mata pabrikan jepang . Kalah vitur kalah harga kalah teknologi cuma menang nama doang . Terusin sono jual mahal lo mau berapa lama lihat aja contoh mesin2 disel/genset jepang habis pasarnya kemakan ama jialing. Jiandong dll,0,2026-01-12T12:22:03Z,2026-01-12T12:22:03Z,2026-09-19T00:23:02.435533+00:00
UgxhY9GDo_Fb5C-vmU54AaABAg,Bx-XDBdN7nA,e41e51fe6de464c72351010a6252a879af2a58e254ddf33a93ce09a863454f53,Jaecoo bagus cakep tapi sayangnya tidak berbahasa indonesia baiknya dijual kenegara malaydes,0,2026-04-26T06:23:19Z,2026-04-26T06:23:19Z,2026-09-19T00:23:02.435533+00:00
UgxMuqRDPZC0AY3BwLl4AaABAg,Bx-XDBdN7nA,8ae26104bb167d70fac6515985394834ef56a6cce90c7994f65e20ebccfcc017,Brp duit nich kereta ?,0,2026-03-25T10:30:24Z,2026-03-25T10:30:24Z,2026-09-19T00:23:02.435533+00:00
UgwkfX4_fQMuNo9k0yJ4AaABAg,Bx-XDBdN7nA,dd3dbf8272d4fc4a373697be768ab84ae4b14f6fb7629d8070ded49540a749e2,"Dashboard nya rendah, cocok buat yg matanya minus/rabun",0,2025-11-16T10:27:09Z,2025-11-16T10:27:09Z,2026-09-19T00:23:02.435533+00:00
UgwOwhr163BrNhoHlg54AaABAg,Bx-XDBdN7nA,b8d65476382760576c12a2caba23f4d888eaab85eaf0ec71f532da55335e68b6,bang ada mobil yang gak bikin mabok ga😭😭,0,2026-05-28T10:39:38Z,2026-05-28T10:39:38Z,2026-09-19T00:23:02.435533+00:00
UgxSPq3bNFvRbqWpp2F4AaABAg,Bx-XDBdN7nA,17f3ac70b4eba47f99fe64f557796b68e16737d1caf25bf82368984821b497d0,Belum dipastikanlah sebleum 4 tahun beroperasi merk belum menjamin kalau ada yang mau beli silahkan jangan kemakan iklan😂😂😂😂😂,0,2025-11-29T13:39:25Z,2025-11-29T13:39:25Z,2026-09-19T00:23:02.435533+00:00
UgwH93dBa4avzoYFKUt4AaABAg,Bx-XDBdN7nA,d02ba5b48c455390bda912a792567ff30e42a1db1e18fe72d8bf2daceabfdb9e,"Innova zenix Auto Gak Laku 
😂😂😂😂😂😂😂😂😂😂😂😂",2,2025-12-03T01:54:12Z,2025-12-03T01:54:12Z,2026-09-19T00:23:02.435533+00:00
Ugwekqv2x6VRWnAHbcB4AaABAg,Bx-XDBdN7nA,cdf11d222c83a25aee26498d4926afcdca612aa4a35f5ba98919e738508aa594,Jepang senggol dong😂,0,2025-11-16T07:33:31Z,2025-11-16T07:33:31Z,2026-09-19T00:23:02.435533+00:00
Ugxqa-oa7wbtKKoOIvR4AaABAg,Bx-XDBdN7nA,3eae7445e0e7cbe365d01add1e5c613a9e04481fb3e85f6fb68320ddc540bd89,"Ukurannya 2x air ev tapi harganya 1x air ev 😂 , jarak tempuh juga lebih jauh dari air ev dan lebih canggih, wuling air ev jualnya kemahalan atau j5 dan ATTO 1 kemurahan",3,2025-11-18T07:06:44Z,2025-11-18T07:06:44Z,2026-09-19T00:23:02.435533+00:00
UgyX9y_WsmzJgo6PAfd4AaABAg,Bx-XDBdN7nA,162b94c9eee2ef957999252b0812ef4a1b44798f10b076b0626916c943d9e9f7,"Suami : J8
Istri     : J5",0,2025-12-17T03:27:13Z,2025-12-17T03:27:13Z,2026-09-19T00:23:02.435533+00:00
UgyiWZ-npsDseTAzQ8N4AaABAg,Bx-XDBdN7nA,87798e506e36eeb57864d792e553bea33a6946ad4c6be48ac98d228019cd2932,"Sepertinya perang harga mobil listrik sudah dimulai
*btw, kalau seandainya pemerintah mulai memberlakukan LCGC untuk mobil listrik, kira-kira nama LCGC-nya mobil-mobil listrik murah bakal jadi apa ya?",1,2025-11-16T05:23:37Z,2025-11-16T05:24:38Z,2026-09-19T00:23:02.435533+00:00
UgxXPERlH796Ytyw79p4AaABAg,Bx-XDBdN7nA,6b557ecac29b26bcfcd9e9864a7aff1af7f3a1c37edb4c3728dea1b0731f4188,Sunroof gitu di indo yang panas ini gampang bocor ga ya?,0,2025-11-20T12:40:57Z,2025-11-20T12:40:57Z,2026-09-19T00:23:02.435533+00:00
Ugzg1QHzND_VhvcB0VB4AaABAg,Bx-XDBdN7nA,3ac870f43c748b11db3f6ad5364b4a49cb073aae54072519dcf58531c67518f1,hebat ya dari bisnis donat lanjut ke mobil listrik wkwkwk.. 🤪🤪,0,2025-11-22T12:21:38Z,2025-11-22T12:21:38Z,2026-09-19T00:23:02.435533+00:00
UgwIcC66pyIi3cw1uqh4AaABAg,Bx-XDBdN7nA,a02989a655aa65bf3b3f381b9dcecc59dce5a72c2aca63c7097397e11bbbcd8c,"Dijual 350jt juga udah kemurahan, eh ini cuma 250jtaan kurang ajar emang nih jaecoo dan Chery. Begitulah kira2 kata hati sales merk lain.",0,2025-11-19T03:24:15Z,2025-11-19T03:24:15Z,2026-09-19T00:23:02.435533+00:00
UgwBZecloJZQibkuAHx4AaABAg,Bx-XDBdN7nA,622bbbae4174f4cf37ba1d250d30f3cd0ee43e5fa354e61e8cde1d592ffe1415,"Masih ragu dengan EV, masih pakai mobil Korea. Jangan² kayak dulu, hape Korea, switch ke hape cina sampai hari ini",1,2025-11-16T11:37:19Z,2025-11-16T11:37:19Z,2026-09-19T00:23:02.435533+00:00
UgwQh1oDjERLu6t_ptd4AaABAg,Bx-XDBdN7nA,d5eb388044927939472452b8041e45b151ace7f8f16ba0bf366d4c10c4ff84e6,"Kayak ya buat orang"" yang anti china ga bakal beli Mobil ini,pasti beli Mobil ya Dari Arab/yaman😂..... Gw sebagai WNI cindo bakal beli,karena gw china😂❤....",0,2025-11-19T03:35:24Z,2025-11-19T03:35:24Z,2026-09-19T00:23:02.435533+00:00
UgzxG-fLRcZMrcWK5_h4AaABAg,Bx-XDBdN7nA,710181afedcc24027362095869c3501dcc356383faa970d6e8df22a506571f94,Tunggu BYD.. mereka ga akan diam ajaaaaa😂😂😂😂,0,2025-11-17T03:14:38Z,2025-11-17T03:14:38Z,2026-09-19T00:23:02.435533+00:00
UgzhbxO8vtQvcL3Wqz94AaABAg,Bx-XDBdN7nA,f4ee444658acf6d296ce99fd9e4c14d7c8b6229199f646de7fa41b7e2bfc4673,apakabar ya mobil jepang seperti honda CRV hybrid yang harganya udah nyentuh 800jtan hehehe... di harga segitu aja kebanting sama Cherry Tigo 9! klw mobil ini bisa ngebanting adeknya telak HRV Hybrid dengan beda harga hampir setengahnya.  fix kayanya brand Jepang harus putar otak diskon besar2an karena Mobil Cina udah mulai perang harga.,4,2025-11-17T03:52:24Z,2025-11-17T03:52:24Z,2026-09-19T00:23:02.435533+00:00
UgzrxHNwA2mAXaQshVh4AaABAg,Bx-XDBdN7nA,2eb85a1b4bb9cefbba979c66d04873cf01b57f1241ca3587f89183b7267c2c37,Mobil yang ngehajar bahkan mobil ev china sekalipun yg mulai belagu jualan mahal2 kaya byd dan wuling. Jd inget wuling air mobil mirip bajaj dijual hampir 300 juta. Mentang2 embel2 ev. Skrmg obral dibawah 200 jt. Kasian konsumenny yg beli di harga mahal bos. Berasa ketipu ga tuh. Smoga aja ngga ya.,0,2025-11-16T11:44:26Z,2025-11-16T11:44:26Z,2026-09-19T00:23:02.435533+00:00
UgwwUZnjyYH37m09BwF4AaABAg,Bx-XDBdN7nA,22b8daa28c839e70a261c3be1ba604897afbcca049eb49b013d13938281dcb31,"Kalo temen ngga ngerti mobil, juga bisa ngiranya harga mobil palingan 2x harga motor scoppy karena rodanya pun 2x. 70jt an hehe",0,2025-11-19T11:19:24Z,2025-11-19T11:19:24Z,2026-09-19T00:23:02.435533+00:00
UgwWOIkaZCbI6rMRKll4AaABAg,Bx-XDBdN7nA,5b7bf91c91eff0a30e15b30722bffea9b347824a2b07175aba228663ca75f61b,"Ya kali BYD diem aja, ye kan?? Yang katanya pabrikan EV terbesar dan semua body part buat sendiri dari hulu ke hilir... :p",0,2025-11-16T17:30:32Z,2025-11-16T17:30:32Z,2026-09-19T00:23:02.435533+00:00
UgzU1uvrmiaNAd0ScOZ4AaABAg,Bx-XDBdN7nA,a766bb35646364b68a3df7ccd89a79a06e25b8dea7f4c063f9643d08c4d0fe31,Jaecoo itu merek SUV Premium. Jadi harga 'murah' cuma 1000 pembeli pertama saja. Sekarang sudah kosong. Yang ada harga normal ya guys.,0,2025-11-16T08:10:41Z,2025-11-16T08:10:41Z,2026-09-19T00:23:02.435533+00:00
UgwLOLttSget9byf6xZ4AaABAg,Bx-XDBdN7nA,6a7a1eb75d8adca5d775d8e455d825d9f7ecff8d136249bbe3127b7cbf95c8db,Katanya yg dijual cuman yg 299. Yg 249 ga dijual ya? Ada yg dah SPK yg harga 249?,1,2025-11-16T07:00:24Z,2025-11-16T07:00:24Z,2026-09-19T00:23:02.435533+00:00
UgznWNRQ5fO5e3I0w9p4AaABAg,Bx-XDBdN7nA,2454cd76f0a815c1fc2f62a92a326db59ad0cc82fb94476c2304e89fc2d1847d,kursi belakangnya ga bisa dimundurin lagi?,0,2025-11-23T01:35:26Z,2025-11-23T01:35:26Z,2026-09-19T00:23:02.435533+00:00
UgxjQah8UWmbodLONo14AaABAg,Bx-XDBdN7nA,66d5e66729a4f093744465c8300bc193efd1ad027da0169bbaad79dad0663f03,Tp di Batam 300 keatas harga nya,0,2025-11-17T13:31:20Z,2025-11-17T13:31:20Z,2026-09-19T00:23:02.435533+00:00
Ugy8KeR_7dHwgOuNtuZ4AaABAg,Bx-XDBdN7nA,8d6a703f59b750d164c3834a099aa0e1a438fb4b8a061f2be88e978911a6b055,"Hyundai pun ketar-ketir, cek harga Hyundai Kona, turun lho",0,2025-11-20T07:58:11Z,2025-11-20T07:58:11Z,2026-09-19T00:23:02.435533+00:00
Ugyf-UG6muRlTeppcs94AaABAg,Bx-XDBdN7nA,10f156ab7d49f1c5b15d7c88a096c675dded144c191a4fa1a5adcab9c45eb3a7,mobil besar biaya perawatan pasti lebih mahal,0,2025-11-17T22:04:20Z,2025-11-17T22:04:20Z,2026-09-19T00:23:02.435533+00:00
Ugy5p7YNY-RxDdczzZZ4AaABAg,Bx-XDBdN7nA,b7fc8380c8377e6b5e161b3d5e0d2a3004dc2d96a0cc84119fb8c351af7c06a3,wkwkwwk tar tahun depan yg beli jaecoo nangis bombay karena BYD keluar model baru cuma 250jt long range,0,2025-11-16T08:13:01Z,2025-11-16T08:13:01Z,2026-09-19T00:23:02.435533+00:00
Ugyz7HbSh5O4rcj2nOp4AaABAg,Bx-XDBdN7nA,8552fbf11b8003b0ab9815abd7a3cdea7bbe56dbdcfbc8237485ab6f44be6c1c,2:30 Bedanya elektrik dgn elektronik apa bang? 😬,0,2025-11-16T06:40:20Z,2025-11-16T06:40:20Z,2026-09-19T00:23:02.435533+00:00
UgxiMXbETuBvN_-nEcJ4AaABAg,Bx-XDBdN7nA,509c679cf4b5cf3f711dd9d62ce238ec93046febdf8789772fe3c11f32c3c802,"Mas, kamu masih kurang nyebutkan info yg sangat penting, berapa harga baterenya kalau harus ganti?",0,2026-04-25T13:01:38Z,2026-04-25T13:01:38Z,2026-09-19T00:23:02.435533+00:00
Ugxg_9OB38IABpqdwZl4AaABAg,Bx-XDBdN7nA,537e9cea2bba9fe8658abf85dd3d9c9d96204a3408efd8cf12597d30a2c1212a,itu kalau regenerative brake di set high berasa kaya one pedal ngga ya?,0,2025-11-16T09:55:09Z,2025-11-16T09:55:09Z,2026-09-19T00:23:02.435533+00:00
UgymnXq4r51j_JFXzx54AaABAg,Bx-XDBdN7nA,8ce184480fc8cc4cad6426c5bae7ec059b628d3f4e219a2e050cb701589c2306,Mobil ini belom ada kursi pijatnya....nahhh itu sangat penting....lihat Geely EX5 ya.....,0,2025-11-16T09:57:52Z,2025-11-16T09:57:52Z,2026-09-19T00:23:02.435533+00:00
UgyMChF2A7AvO-fskWN4AaABAg,Bx-XDBdN7nA,770c466428e1a2109774f7033ee06a25724ccb13ba936fe176840bdf341a8904,Kan udah abis 1000 unit nya,0,2025-11-16T12:44:12Z,2025-11-16T12:44:12Z,2026-09-19T00:23:02.435533+00:00
UgyD7OVLI-Wy5psLR4V4AaABAg,Bx-XDBdN7nA,885fceaad1c2252413808a7ff8d1c045e5ed67b4197c923bc06ce66f4e7a73d7,Cepat atau lambat mobil Jepang akan kalah sama mobil Cina krn mobil Jepang terlalu mahal ( overprice),0,2025-12-28T14:26:33Z,2025-12-28T14:26:33Z,2026-09-19T00:23:02.435533+00:00
UgxUN-rg_X1WzW0mK2F4AaABAg,Bx-XDBdN7nA,5653d17568167ed224cf1c742772c440084a067f5c1ce4e2dac8e68250d00f4d,Alhamdulillah berhasil spk sehari setelah launching pdhl hampir ambil aion V cm beda sehari doank dr hari launching J5 😂,0,2025-11-16T07:58:11Z,2025-11-16T07:58:11Z,2026-09-19T00:23:02.435533+00:00
UgzsrxOBoSNcV9YLrY54AaABAg,Bx-XDBdN7nA,e5b5832eb70386a8752699547e0f22a1592354da6ce3bdebea3100296d16a41b,Kreditnya kemana ini y,0,2025-12-08T04:35:09Z,2025-12-08T04:35:09Z,2026-09-19T00:23:02.435533+00:00
Ugz6L4y0717WwRte3Kx4AaABAg,Bx-XDBdN7nA,7e96aae746c920a8256c7b01b29ffbb4989c1e9c55a482ad73e64168f143c6f7,Sabar dikit tunggu 2026 mereka skrg sdh mulai perang harga 😊,1,2025-11-16T06:16:58Z,2025-11-16T06:16:58Z,2026-09-19T00:23:02.435533+00:00
Ugx4Le3x8vhoYYqfTVZ4AaABAg,Bx-XDBdN7nA,95675933b70128868270a273b65ffa034b312b3f2cc2cb0da3222727ad976ebc,"Ini bengkelnya udah berapa banyak , karena daerah saya belum ada ...",0,2025-11-16T13:55:27Z,2025-11-16T13:55:27Z,2026-09-19T00:23:02.435533+00:00
Ugxthpyj2wmJsL3LXvV4AaABAg,Bx-XDBdN7nA,8608d5e7a9dca0dff16b8db2bd9f36a041052bd745ce99ed4aa47905b96b6f41,After salenya gimana Bang?,0,2025-11-16T07:20:53Z,2025-11-16T07:20:53Z,2026-09-19T00:23:02.435533+00:00
Ugwkj3_pGeCZhrDao8B4AaABAg,Bx-XDBdN7nA,70af8bccc9f1d190de736a23d5cc756f393d41eafce4adb9fffa0e87a283c339,Perbedaan dari 250 sama 299 apa yah,0,2025-12-30T13:36:42Z,2025-12-30T13:36:42Z,2026-09-19T00:23:02.435533+00:00
UgzIXt4tmnMPl84v7iR4AaABAg,Bx-XDBdN7nA,c7c681b3f8d183d6742fdeae3ccf629f176e03cc2cbbb8c332f1c77df6e294b5,"itu pas tes kecepatan, pas di 50km wheelspin?",0,2025-11-17T08:55:52Z,2025-11-17T08:55:52Z,2026-09-19T00:23:02.435533+00:00
UgwXEu9Ydp5zvZ_9LsB4AaABAg,Bx-XDBdN7nA,f7820d5372641675aaef1154feb2652e79f5081c299be656e1c4b10d8059d887,mau nanya dong kalo di pake naik turun pas di tempat parkir gimana tuh.. pas ke tempat parkir suka naik nanjak.. dan turunnya lmyn.. itu aman ga sih si j5 ini?,0,2026-05-28T06:25:39Z,2026-05-28T06:25:39Z,2026-09-19T00:23:02.435533+00:00
Ugy6tMAf4iIq0Aa91F14AaABAg,Bx-XDBdN7nA,794465d768884680f1651ebfd6933e428f9fb582508875c884c9060c10dd4dfb,Jaecoo J5 baru atau Omoda E5 seken?,0,2025-11-16T07:05:07Z,2025-11-16T07:05:07Z,2026-09-19T00:23:02.435533+00:00
Ugxo7UdTz47-13jEMe54AaABAg,Bx-XDBdN7nA,6cda1173a3925217d40ea80bbd49a6666f8405917d17805ca7802f78c7961cbb,"Lu mao di negara mana pun gak akan menang dagang sama orang china. 
Brani modal jujur barang nya murah punya kwalitas. Tapi satu di saat lu nawar gak bisa . 😂 tapi di kasih opsi lain yang gak jamin barang nya👍",0,2025-11-16T16:04:27Z,2025-11-16T16:04:27Z,2026-09-19T00:23:02.435533+00:00
Ugx1sbgo-8cETIqrKGJ4AaABAg,Bx-XDBdN7nA,5e7f05b51aa46e078a2130704e07a258d83b16b1d35ebf8efcbcee62b50a01dd,"yang bisa dipelajari dari j5 , sebenernya fitur2 kekinian ky bgitu itu murah, tapi ky mobil jepang korea, dibikin mahal, konsumen yg dirugikan    dann apakabar honda listrik taun depan ya ? 100jt ?300jt? 450jt ?",2,2025-11-17T01:18:16Z,2025-11-17T01:39:27Z,2026-09-19T00:23:02.435533+00:00
UgzZpKHvNaTMrTKruSp4AaABAg,Bx-XDBdN7nA,b6db0c595d5cb6bf5ddd1d99762de7881c799295a31519b9bc04e86cb8af6751,"siapa rivalnya di mobil ini, silahkan dijawab ya",1,2025-11-16T04:38:25Z,2025-11-16T04:38:25Z,2026-09-19T00:23:02.435533+00:00
UgxhV13exwUVu7eqQ794AaABAg,Bx-XDBdN7nA,2d465e4917c0acaf8b7117e978c697d2c21b939a00fdf02a75409bf66b6b971e,"Jaecoo J5. sub merek dari pabrikan china (cherry)

gila gila, woow keren keren. atto1 sih lewat jauh sama ini maah
mendingan ini kamana2. cuma hrga naik dikits, lega lbh mewah, lebih gedean 😃
SUV yg mahal itu jga bisa kelibas / kelawan sama ini.
sudah masuk duduk di seat driper & duduk di baris 2nya.
Panorimac roofnya, mantap gede bener. sayangnya gk bisa kebuka.
yg bisa kebuka, Polytron G3+, hrga 339jt (tp sewa batery). hmmm naksir salah 1 nya

tp gw tggu bbrapa thn kedepan. mobil listrik makin murah.
pilihan makin banyak, pasti jenisnya bervariasi.
spklu makin banyak, ngecasnya makin cepat (info pabrikan lain dr china)

tp bgitu popupalsi makin bnyak, infrastruktur bnyak.
pajaknya dinaikin ............ hahahahahaha",1,2025-11-17T11:39:44Z,2025-11-30T16:32:57Z,2026-09-19T00:23:02.435533+00:00
UgyJ0hJ4h-xmicZUbOB4AaABAg,Bx-XDBdN7nA,865ae7a75818f13e3b5b3753a5ad55030bf0a0c764e953b65a9c50230e460642,Indent lama 😢,0,2025-11-18T15:50:38Z,2025-11-18T15:50:38Z,2026-09-19T00:23:02.435533+00:00
Ugzh8_7CXLOV_dwkSCJ4AaABAg,Bx-XDBdN7nA,cdbc3a14c9dd8322c24375f7c3bea68fe2bcba5cab9d497badab71eeecdad6aa,Ini yg harga 249 atau 299 jt bg?,0,2025-11-23T02:41:53Z,2025-11-23T02:41:53Z,2026-09-19T00:23:02.435533+00:00
UgyK-pkkrWE43ydS3F54AaABAg,Bx-XDBdN7nA,ecc37c53817006990eff066df429ada486ef63031ec9a451aeaa82415aa6f076,Kalau ada baris ke 3 maka avanza cs dalam bahaya,0,2025-11-16T09:53:31Z,2025-11-16T09:53:31Z,2026-09-19T00:23:02.435533+00:00
UgzEK_tEJcOEGgxFv_N4AaABAg,Bx-XDBdN7nA,cab9e6b62ae356e4153a3e813381914cfe13c7c4c4883fecc020fe33d56b0e61,Kenapa ya mobil jaman sekarang konsol tengahnya tinggi2? Jadi kurang enak kalo pengen duduk ngangkang gitu,1,2025-11-16T05:56:31Z,2025-11-16T05:56:31Z,2026-09-19T00:23:02.435533+00:00
UgzcyN24layZui8uGY94AaABAg,Bx-XDBdN7nA,2b98084381a412e72ffc2938c994ee944d8c35ef2f28d2ce2ec40d8127933d62,HYUNDAI KEMANA YA????,0,2025-11-16T14:22:39Z,2025-11-16T14:22:39Z,2026-09-19T00:23:02.435533+00:00
UgyySvky8G5RBWK6ys94AaABAg,Bx-XDBdN7nA,e0e4b8612c625dd58529b0638e9e805fac5fb84d37a43b8c289605a64e92575e,Nyesel aku beli geely ex5 buru2..😢,0,2025-11-16T09:10:13Z,2025-11-16T09:10:13Z,2026-09-19T00:23:02.435533+00:00
Ugwnh0BkBBpSdDQY9rB4AaABAg,Bx-XDBdN7nA,6ae65f49191c28ad5b02d85955622c9e128db517d61812980a0f41e9eec168fb,"*Designnya dari luar sangat BURUK. DI CHINA SANGAT BANYAK MOBIL LISTRIK YANG DIBUANG DILAPANGAN LUAS KARENA TIDAK LAKU DI PASAR DUNIA, KARENA TIDAK MEMENUHI PERSYARATAN NEGARA-NEGARA TUJUAN PEMASARAN CHINA. DI INDONESIA PERLINDUNGAN KONSUMEN ADALAH SANGAT LEMAH.  WASPADA MOBIL MURAH EV YANG DIJUAL DENGAN HARGA SANGAT MURAH SEBELUM KALIAN SUPER SANGAT MENYESAL. JANGAN PERNAH PERCAYA MENDENGARKAN NARASI IKLAN YANG DISAMPAIKAN SECARA MENGUNDANG KONSUMEN UNTUK MEMBELI.*",0,2025-11-19T12:55:14Z,2025-11-19T13:15:59Z,2026-09-19T00:23:02.435533+00:00
UgwijxNH_sXSy8dF2oN4AaABAg,Bx-XDBdN7nA,4f1e42ab88930de423c7b9ec1f7973cfb83741d94488e3a818d434b3e8eeb08b,Dapet wal carger ga ya ?,0,2025-11-16T16:29:02Z,2025-11-16T16:29:02Z,2026-09-19T00:23:02.435533+00:00
Ugyn7pmn4ebhvsu9pqR4AaABAg,Bx-XDBdN7nA,18fdcb176acfa3e73cc09890c3e1a4a4883c6d67bfd2d3e9165126c991159007,"Liat layar speedonya jadi agak off, ga dapet yg full colour kaya versi UK atau Aussie.",0,2025-11-16T11:09:44Z,2025-11-16T11:09:44Z,2026-09-19T00:23:02.435533+00:00
Ugx3Y9I-arVOhg6EwOd4AaABAg,Bx-XDBdN7nA,60be0f185fe42eaa5cc3b2e0da796ccd9ddf69a77591f310d5ac8e17ab62cbd9,Pengen beli . Tp ane di Kalimantan timur di kabupaten . Takutnya gak bisa service . Atau misalkan mau bersihin atau service AC aja takutnya di tolak mekanik lokal,1,2025-11-18T00:16:01Z,2025-11-18T00:16:01Z,2026-09-19T00:23:02.435533+00:00
UgyiaOWQ65Rs-nn1A-14AaABAg,Bx-XDBdN7nA,082f7403aeb025a536b6bbdf2db4faf346901ac78b079e4d8eff958aa9e7ab7d,"Denger2 kuota nik 2025 sudah habis, pesan skrg baru delivery Feb 2026. Kalau jadi ppnbm tdk gratis lagi bisa naik brp harganya ya?",0,2025-11-16T11:23:50Z,2025-11-16T11:23:50Z,2026-09-19T00:23:02.435533+00:00
Ugxy2B2Xon1h1BPRksd4AaABAg,Bx-XDBdN7nA,22de51dd480d6850f079b9afa4d2bf08b112b4aaabab04738ceaafb610fbe6af,Minus speedometer kek sepeda listrik 🗿,0,2025-11-21T03:29:13Z,2025-11-21T03:29:13Z,2026-09-19T00:23:02.435533+00:00
UgwMc4lCgIPE3BknjjV4AaABAg,Bx-XDBdN7nA,c85c92da9e679d940cc0978d3a9ca040592ba0b8e2dc4b5a8a7461d7690fba0c,Semua akan china pada waktunya,1,2025-11-17T03:09:23Z,2025-11-17T03:09:23Z,2026-09-19T00:23:02.435533+00:00
Ugw-ZdcR42fMvuOf1d14AaABAg,Bx-XDBdN7nA,a0391ebd958d7530049ba922b26968c912ff257e552921e51f20736c546f3870,kalo pake EV di tilang polisi ato PLN ??,0,2025-11-17T05:12:12Z,2025-11-17T05:12:12Z,2026-09-19T00:23:02.435533+00:00
UgzFJhIDEGAeUPXH1Jt4AaABAg,Bx-XDBdN7nA,f9566c01715ad35ad4b5b8a602f2e9f5224550352d97801b8808acbe014ed90e,"Kalau beli honda dapet brio rs
Kalau beli toyota daoet agya gr 
🤣🤣🤣",0,2026-04-24T10:22:56Z,2026-04-24T10:22:56Z,2026-09-19T00:23:02.435533+00:00
Ugz1FHPSWksTjqOym0N4AaABAg,Bx-XDBdN7nA,cb70209756611691006fb046227ffc45a57d0874e019b6654fa4ac52ba8ac952,"Lihat pintu cherger yang ""electronized"" Ku sudah tahu aku gak mau mobil itu. Sesuatu yang harusnya simple, sederhana dan kuat malah dibikin gampang rusak hanya demi gimmick. Sorry JAECOO: big NO!",0,2026-05-24T12:43:16Z,2026-05-24T12:43:16Z,2026-09-19T00:23:02.435533+00:00
UgyQQ6lX5y87Z1mr5y54AaABAg,Bx-XDBdN7nA,42dfb8e622c6e8cf46db01d43224978ea551041bb73e09e27b2c4f9aff118f78,Semua akan china pada waktu nya 😊😊😊,1,2025-12-07T19:21:22Z,2025-12-07T19:21:22Z,2026-09-19T00:23:02.435533+00:00
Ugw92UFnuqgYf53I9RZ4AaABAg,Bx-XDBdN7nA,5daa4165a1a8551626bbabc06c11c997f7997390b3646323266cd08fa81e0738,Sudah telat belum? diskonnya sudah habiskah 😢,0,2025-11-16T06:40:25Z,2025-11-16T06:40:25Z,2026-09-19T00:23:02.435533+00:00
UgwKxBFbXU452x_6Chh4AaABAg,Bx-XDBdN7nA,9e2878f7ae7d227a252cfa1f9f6a61ef492ab363f70e2f2333ce832d904214bd,Gelo Ganteng bangettttt..........,0,2025-11-16T11:43:48Z,2025-11-16T11:43:48Z,2026-09-19T00:23:02.435533+00:00
UgwGqwn5ge7mcUEBpLV4AaABAg,Bx-XDBdN7nA,b3475d75d1b21f6a5b5740508c1323d7b965f5b0259c5e7036749304779c8e51,"Tak henti hentinya gw geleng geleng mengingat harganya yg gak masuk akal...
Pertanyaannya....???
Selama ini siapa yg paling diuntungkan dg penjualan mobil baru?? 
Pabrikankah? Pajak kah? 
Kok bisa mobcin bisa ngasih harga segitu dg kelengkapan segitu banyak...",3,2025-11-17T01:27:03Z,2025-11-17T01:27:03Z,2026-09-19T00:23:02.435533+00:00
Ugx8gjlW7qFZLQlYRzp4AaABAg,Bx-XDBdN7nA,01e27c61e7a73371dc9b2319c48c1531ec9ee4671b6e4ed209896c3cac48d560,"udah test drive atto 3 atto 1 chery E5 jaecoo j5 akhirnya pilih Kona sign long range dpt harga 465jt tanpa test drive 😂, dulu jg beli creta tanpa test drive, entah percaya aja ma hyundai",2,2025-11-16T04:38:10Z,2025-11-16T04:38:10Z,2026-09-19T00:23:02.435533+00:00
UgwhBl1Tsqpb0S4w1nN4AaABAg,Bx-XDBdN7nA,5128fd0c494273da325450bcd6f74084a1b1bf2bdc85c266b2fbaf2ee8fca192,"Yg tidak elok dari seonggok mobil baterai adalah skema pajaknya yg terlalu disusui elite2 penikmat kekuasaan.
Disamping itu, banyak pembangkit listrik juga masih belum dari energi hijau dan banyak tambang metal yg terlalu masif merusak hutan dan ekosistem alami.
Tapi bila skema pajak mobil ICE diturunkan minimal 50% dan kualitas Pertamax adalah Euro 4, dengan harga dibawah 11.000, maka persaingan dengan mobil baterai lebih fair.",0,2025-11-17T21:51:24Z,2025-11-17T21:51:24Z,2026-09-19T00:23:02.435533+00:00
UgwiwkhaSqhJbg2k-cx4AaABAg,Bx-XDBdN7nA,076a043a1b82b1aeb8d5858210df382e443a151603da56df660d6f7b03ea544a,mobil GTA,0,2025-11-18T04:25:43Z,2025-11-18T04:25:43Z,2026-09-19T00:23:02.435533+00:00
UgzhYMBQuuKvb9KCQVp4AaABAg,Bx-XDBdN7nA,f6dc9e9887fccf76802bb5fd3e4404b4c06ba5e1c34e0a6cfafd09778e71d794,Kalo ga ada pabrikan otomotif china masuk kita dibodohin terus sama pabrikan jepang. Harga selangit fitur irit😂😂😂,0,2026-01-12T12:23:59Z,2026-01-12T12:23:59Z,2026-09-19T00:23:02.436535+00:00
UgxSmta1SuRbuCEmk094AaABAg,Bx-XDBdN7nA,5a366b503ec35408df6b8ad82911f5e369806b6e43c90f32b6e31d4a2a19f9db,"God created the world,
everything else is made in china 😂😂😂",1,2025-11-16T10:27:19Z,2025-11-16T10:27:19Z,2026-09-19T00:23:03.098248+00:00
UgxsL4PacQ5Y7zUF4Y54AaABAg,Bx-XDBdN7nA,90bbb69b97e789fcc02605ad48f1ecc2cdc7aad6356016b168be9255e5593329,Ini cod ato CBU ya?,0,2025-11-16T07:16:24Z,2025-11-16T07:16:24Z,2026-09-19T00:23:03.105243+00:00
UgxBYM6_unRsD8odZDt4AaABAg,Bx-XDBdN7nA,1b01d129fa6bc220c77a90d11153fe2edeb4e8be98e2c74a9767dd4bade92a8a,Semua akan China pada waktunya eaaa eaaaa,0,2025-11-20T05:06:25Z,2025-11-20T05:06:25Z,2026-09-19T00:23:03.105243+00:00
UgxniwvQioPnhcU1C354AaABAg,Bx-XDBdN7nA,29d96145f7d29692249e181990f93cba8fcdf83fcea29d5f998087385e286466,"gak jelas ah merk baru !!  .. belom tau after salesnya gimana, build qualitynya awet apa engga, dealer nya jg pasti masih dikit juga tuh

kebiasaan orang indo cuma kemakan design doang",0,2025-11-17T09:03:43Z,2025-11-17T09:03:43Z,2026-09-19T00:23:03.105243+00:00
UgxlrAu9mnwY_sVoriR4AaABAg,Bx-XDBdN7nA,e8e543bc99ee0bc56941e636087bdb5516b4eae07b086dfccf7918d41212bc88,Harga gak akan bohong. Kualitasnya belu terjamin. Tuh ada omoda disemarang  yang patah kaki² depannya,1,2025-11-16T11:02:30Z,2025-11-16T11:02:30Z,2026-09-19T00:23:03.105243+00:00
Ugybmh9KMN7xejU1tFh4AaABAg,Bx-XDBdN7nA,a5af59963590c61deb5405bc121d98d70b07302002de842bca1d8562d2c2685b,Harganya ngibul gak sih? Jalo udah 1000 pembeli pertama gmn?,0,2025-11-17T23:13:39Z,2025-11-17T23:13:39Z,2026-09-19T00:23:03.105243+00:00
UgwgyVD02WbWKGYGfLR4AaABAg,Bx-XDBdN7nA,1a804fc6ba611194df2c902d69d90b5d2965b4bdb93f251a19ea031964460029,"Jalanan indonesia nanti jadi banyak mobil china deh,, bikin jalan buat cina kita",0,2025-11-16T07:07:38Z,2025-11-16T07:07:38Z,2026-09-19T00:23:03.105243+00:00
Ugy74NSXutZqPMKCGcR4AaABAg,Bx-XDBdN7nA,e947f0861c010a89eb6da54156b386e7c971d17ae9fe734b436b1e05c085b3c4,😂😂😂 mantap semua akan China pada Waktunya 🙃🙃🙃,0,2026-03-21T09:13:03Z,2026-03-21T09:13:03Z,2026-09-19T00:23:03.105243+00:00
UgxGWFYcFPrNi8Dnlmp4AaABAg,Bx-XDBdN7nA,e64bf73e4164de73e42f6cf777ee5eb7fbc27316ce22c89b6ee0f19fae2f5a7a,"mobil dobol, gk ada kejelasan, malah katanya mau ada kenaikan, akhirnya saya batalkan SPK saya",0,2025-12-13T15:04:44Z,2025-12-13T15:04:44Z,2026-09-19T00:23:03.105243+00:00
UgwQAbAfen9o8BWnzo14AaABAg,Bx-XDBdN7nA,1089028ff70e3300c6cc301400dce11f5091681b285c33a0b0519f65091c8f00,"Tinggal diliat apakah after sales nya bagus atau ngak,soalnya belajar dri brand sebelah banyak kasus yang buruk pelayanan nya 😂",0,2025-11-16T06:24:22Z,2025-11-16T06:24:22Z,2026-09-19T00:23:03.105243+00:00
UgwvRz7x6piZ716CA0l4AaABAg,Bx-XDBdN7nA,6d4d219e503b9ff134a80301fb01c7a0d73652b60d932c3908c6e0b791110928,Mobil listrik si wajar  harganya murah. Bahkan semua bengkel bisa buat mobil listrik. Tinggal beli modul batterai dinamo penggerak ya suda jadi mobilnya. Sangat jau berbeda dgn mobil mesin yg dibuai dgn penggerak fosil yg rumit  dan mahal serta membutukan materilan dan industri canggi serta pengetahuan tinggi baru bisa buat mesin.,0,2025-11-17T14:11:13Z,2025-11-17T14:11:13Z,2026-09-19T00:23:03.105243+00:00
UgxEGgtVBE3rQKoWBo94AaABAg,Bx-XDBdN7nA,9ed276475069348b0a7a36c8e984b04b17f2ab9667def697e727a521dbcec4b7,Kenapa ga di buat 3 baris... dari dimensi nya bisa,0,2025-11-16T06:47:16Z,2025-11-16T06:47:16Z,2026-09-19T00:23:03.105243+00:00
UgyqT8saOxQVPqbjzVh4AaABAg,Bx-XDBdN7nA,a79554319b4b9b765976430fb6810141157326943b065ae2ff6eb73eaf8198bc,"Kalo harga bekas kondisi mulusnya 90jt low km, terus baru sethaun pemakaian sih bagus ini mobil 😛 aplagi limbah mochin gak bisa service sembarangan gak kayak mobil bbm fosil.🥱🥱",1,2025-11-16T22:14:53Z,2025-11-16T22:14:53Z,2026-09-19T00:23:03.105243+00:00
UgwdrBPuP74iPNobVp54AaABAg,Bx-XDBdN7nA,508c6378eb90d8ca5a1d49e3c4c62b47c17ecad32eda0e9ea3eafcf19788d285,Layanan purna jual bagaimana?,0,2025-11-16T22:45:18Z,2025-11-16T22:45:18Z,2026-09-19T00:23:03.105243+00:00
Ugy9u33fLgAMfkNPmap4AaABAg,Bx-XDBdN7nA,bb2c043446d23248536a271c79c9860090abf1ca3cf854bd09e713cbc8a57a99,Kalau di ketok panel pintu agak kaleng... bahkan dibandingkan dgn saudaranya j7shs lebih agak tebal.. panel interior belakang plastiknya agak murahan,0,2025-11-16T04:39:37Z,2025-11-16T04:44:30Z,2026-09-19T00:23:03.105243+00:00
UgwGEMhpEOEMUoRKUP54AaABAg,Bx-XDBdN7nA,a876669b5b9313f1919b6c53de77663e032d3e83ea4a830d1b6b91d84a8c6b95,"Garansi baterainya gmn bro ,.,?",0,2025-11-16T13:28:54Z,2025-11-16T13:28:54Z,2026-09-19T00:23:03.105243+00:00
UgzlWpx5swYkSebxqWx4AaABAg,Bx-XDBdN7nA,9f801d896038b39c5c44c779ebf96674f212075322210cc99e270fd7548c5ec7,Semua akan China pada waktunya.,0,2025-11-21T17:56:36Z,2025-11-21T17:56:36Z,2026-09-19T00:23:03.105243+00:00
UgyP6KYQQZ6jfDuyX4F4AaABAg,Bx-XDBdN7nA,cd7cb6b387dbbf49d13b5a58e8b145692cb180009627155d9378c6638e7462a1,Di jual kembali paling sisa 100jt....,1,2025-11-16T05:44:58Z,2025-11-16T05:44:58Z,2026-09-19T00:23:03.105243+00:00
UgwHMDK7KbZ0yw5sGO14AaABAg,Bx-XDBdN7nA,800e27bafb05d1f7012de1f2ec1cfd9f89b4308ef97c7462f7d4326e8a7e8443,"*Harga bekas nya nanti kira² brp ya,? Mungkin kah  150jt utk pemakaian setahun?*",0,2025-11-16T12:14:37Z,2025-11-16T12:14:37Z,2026-09-19T00:23:03.105243+00:00
UgwaFDTQg_QCaIMlYmF4AaABAg,Bx-XDBdN7nA,359aec98cbe838b7aa159db5e44c515755c91f7c20c7153539d960a5663876f3,"Saya masih nyaman dg innova diesel 2kd. Awet, spare part murah, minum solbus pun tidak masalah. Buat yg komplen solbus, noh liat histori innova diesel dilaunching tahun berapa dan apakah sudah ada dex, dexlite di tahun segitu? Cek jg buku manual minimal cetane berapa. Jadi tidak ada yg salah konsumsi solbus wkwkwk. Aku bangga pakai mobil diesel 💪💪",2,2025-11-16T05:46:34Z,2025-11-16T05:46:34Z,2026-09-19T00:23:03.106249+00:00
UgwvQH8TmWPULv0cutl4AaABAg,Bx-XDBdN7nA,41221edaf4bede4636db451c88bfc2760b2b790856443745552c9fe0e1186552,Mobil paling edan tahun ini 👍,0,2025-11-22T06:16:23Z,2025-11-22T06:16:23Z,2026-09-19T00:23:03.106249+00:00
Ugwmr35wclEtmgIg0_B4AaABAg,Bx-XDBdN7nA,7e24ecc2a5a55fd703cc4f8e8bdd319fb68963a3f61175aaf6a1e17ae5dcfa62,Dari mananya 300 jt kurang om? Cb aja spk sekarang kalo masi bisa dapet harga di bawah 300 itu.,0,2025-11-17T03:03:25Z,2025-11-17T03:03:25Z,2026-09-19T00:23:03.106249+00:00
Ugx2czGDcnXBXd8_6wF4AaABAg,Bx-XDBdN7nA,158909f339ba01008c1169608d010efaa0a7940424793cba0202da8b4380af9a,"Mending nambah dikit daprt hyundai Kona, jauh lebih proper dan bukan mobcin. Jauh lebih berkelas dan terlihat mewah .",1,2025-11-16T04:46:19Z,2025-11-16T04:46:19Z,2026-09-19T00:23:03.106249+00:00
UgzeaE0BcXNKk9ODunl4AaABAg,Bx-XDBdN7nA,c9ba0309bf1bf5466e88c145cb207c4470dc2b767e0bfb421a959363ec2595cb,Next DFSK 🤣🤣🤣.... Kalau smart tetap pilih mobil jepang paling aman sampai kiamat .,1,2025-11-16T06:08:24Z,2025-11-16T06:08:24Z,2026-09-19T00:23:03.106249+00:00
UgwNoryZlRYY9iXgP-54AaABAg,Bx-XDBdN7nA,3d333cdfdf964c21cb2ba0189421a61692e119b4a340cc948a3540cffc068096,"Harusnya Gak perlu pakai motor buat kotak cas gitu, resiko rusak. Terlalu banyak gimmick malah takut rewel. Pengalaman pakai mobil banyak elektrik rusak lumayan mahal benerin nya. Kebetulan suka pakai mobil dari baru di jual diatas 7 tahun",0,2025-11-16T14:57:57Z,2025-11-16T14:57:57Z,2026-09-19T00:23:03.106249+00:00
Ugz4jULS0Jnu10zTj7Z4AaABAg,Bx-XDBdN7nA,a8ada60f818c25df5397ca9cf82d257fb7953f8dbf4100bdaa410541bf071f62,"Desain mobilnya jelek, memang toyota lebih bagus desainnya",0,2025-11-16T05:51:38Z,2025-11-16T05:51:38Z,2026-09-19T00:23:03.106249+00:00
UgxQ2z8-oBn46LHUU8N4AaABAg,Vu0ayycGXbI,70f20a33e7fd5c5d04b8b1067362f7fc81799d90a6c06882cb9b9f68471db09f,"Harga terjangkau, pajak murah, anti ganjil genap,  jarak tempuh 461 km, fast charging 130kw, ground clearance 200 mm, tempat ban serep di bagasi, jok kulit, panoramic roof, ADAS 17...Value for money 🎉",236,2026-02-23T12:15:46Z,2026-02-23T12:15:46Z,2026-09-19T00:23:03.311589+00:00
Ugyl9vVUqvw1sqNEi_Z4AaABAg,Vu0ayycGXbI,37c2a28f81258ff96c81aa7bb447625216d9bf50f5edbc1840ad91f15dc22c2d,"kalau tes tanjakan, saya pasti mampir ke Moladin ehehee
channel mainstream soalnya ga ngadain tes ginian, heran.

good job moladin team, selalu istiqomah",39,2026-02-25T01:39:28Z,2026-02-25T01:39:28Z,2026-09-19T00:23:03.311589+00:00
UgzxdC3wGrFyA__M96d4AaABAg,Vu0ayycGXbI,6b7667c5ae79ccc6cf190351f35023b2caf0be7310cc87d083249ea6304874bb,23:43 muncul penampakan diatas sunroof😂😂😂,19,2026-02-23T23:17:05Z,2026-02-23T23:17:05Z,2026-09-19T00:23:03.311589+00:00
Ugzy3bQka_QnYrRayyd4AaABAg,Vu0ayycGXbI,3ee0d4ace9e480b8c0c7186918c8d65f092c5b1afa7f6b185e926ccb635911ff,Sudah 1 bulan pemakaian sangat puas dengan mobil ini terbaik jaecoo j5❤,30,2026-02-23T16:43:57Z,2026-02-23T16:43:57Z,2026-09-19T00:23:03.311589+00:00
UgyezJm-RVPI7nm-uYF4AaABAg,Vu0ayycGXbI,67add4b7de128ae7a86f45c35c3bae27aff54efd83ca112cdd5de7fc12f57bd0,"Selalu, urusan tanjak menanjak, Moladin fav gw, dites sampe dalam kondisi ga masuk akal pokoknya 😂",10,2026-02-24T04:27:44Z,2026-02-24T04:27:44Z,2026-09-19T00:23:03.311589+00:00
Ugwg_HDi0eRDYCLfT8R4AaABAg,Vu0ayycGXbI,2bbdc116143728502d330a28134ac934f5aa4fbe45317e9d49634a9d9549ad17,Setia menanti meski udah 3 bulan lebih. Mobil impiannnn,8,2026-02-23T15:20:32Z,2026-02-23T15:20:32Z,2026-09-19T00:23:03.311589+00:00
Ugzc1vx91nG8wF5XGIp4AaABAg,Vu0ayycGXbI,32b05d2f74c9dcf61b125bc5b25101ba88c06e52e94ca2cc299f2b449b73e644,Insya Allah akan jadi BEV pertama gw. Aamiin.,0,2026-06-17T06:59:38Z,2026-06-17T06:59:38Z,2026-09-19T00:23:03.311589+00:00
Ugy9kFXDm3voy-_s9BJ4AaABAg,Vu0ayycGXbI,f42ecf865599b52a665a125c3d21445c362238baa33c8cf44bcc816b914fb1f0,chanel mantep langsung test drive seneng gw sama chanel ini,1,2026-03-29T09:45:59Z,2026-03-29T09:45:59Z,2026-09-19T00:23:03.311589+00:00
Ugwu5FSdLHuHQMdOS_Z4AaABAg,Vu0ayycGXbI,64410d8dfee54e46cc3f670d63515b3e9c6643f0674909d3559c65e8f3d78c04,"Presentasi kalian bagus, good2 salam dari bandung",1,2026-03-24T15:40:35Z,2026-03-24T15:40:35Z,2026-09-19T00:23:03.311589+00:00
Ugw4tmBhl08DdSJ4Zq94AaABAg,Vu0ayycGXbI,d1172b25f4533982e57a7233a8ed83d1b0ba808235a99e40d5c57c03d4abf626,"ini video yg ditunggu tunggu semua orang, tes tanjakan moladin.
lanjutkan kerjamu guys 💪",8,2026-02-23T13:33:50Z,2026-02-23T13:33:50Z,2026-09-19T00:23:03.311589+00:00
UgwVjFYebO7z2NT84RN4AaABAg,Vu0ayycGXbI,43e27e1af0a7849000579fed76e823e7ce3692e2715cf9a584152ccf0bab7a9c,"Setuju bahwa handle pintunya kurang keren, tapi hidden door handle sudah dilarang pemerintah China karena alasan keselamatan.",1,2026-02-24T13:14:15Z,2026-02-24T13:14:15Z,2026-09-19T00:23:03.311589+00:00
UgyPqaQDK3dgIUzaQZ14AaABAg,Vu0ayycGXbI,f92cb15c7f0a57b28375b9792f7faa07e3ce4b42ccfe77c150b48b61b0e773b8,KAPAN MENTAL KITA SAMA ILMU KITA BISA KAYA CHINA. GERCEP DARI NGAK SEMPURNA SAMPAI NO KOMEN 👍🏻,0,2026-04-14T17:51:46Z,2026-04-14T17:51:46Z,2026-09-19T00:23:03.311589+00:00
Ugw8dSD6Ho7m1C0wbi54AaABAg,Vu0ayycGXbI,e667e41a12302eb010183112da8441fc9a8ffc156663c63ab490d3ec9f0fc57d,Ban nya mesti diganti sama yg lebih lengket lagi nih.,19,2026-02-23T20:22:11Z,2026-02-23T20:22:11Z,2026-09-19T00:23:03.311589+00:00
UgwoqNdreTfmbwvJOd94AaABAg,Vu0ayycGXbI,e926bd9dc64d837aa6f125d13c34927b8f8f93e30a7dea87d8e483a48410edaa,"Boleh juga nih jaecoo j5, semoga makin banyak brand Mobil Listrik Buatan Indonesia",1,2026-02-23T14:34:46Z,2026-02-23T14:34:46Z,2026-09-19T00:23:03.311589+00:00
UgzLilILuKulWPghHnZ4AaABAg,Vu0ayycGXbI,24689fa524e893220552ba0279fef9bc348d8b29cd7165f86b377f890654eaf5,Road noise berasa karena terlalu sunyi di dalam mobil tidak ada mesin bensin. Solusinya ban yang hening atau peredam di bagian roda,1,2026-02-23T15:15:03Z,2026-02-23T15:15:03Z,2026-09-19T00:23:03.311589+00:00
UgzgIUBaAufdfYZ6CcV4AaABAg,Vu0ayycGXbI,e79d9ac1aa36bf13c5b53fa5afadea304deaa0914cb2906bb6de74b8066b3d97,Kalo ada yg rentalin ini sih justru mantep ga mikir harga jual dan service jangka panjang,1,2026-06-17T07:01:43Z,2026-06-17T07:01:43Z,2026-09-19T00:23:03.311589+00:00
Ugz4lUZdZy4rvxcC4Lt4AaABAg,Vu0ayycGXbI,f780fecda6b85cf174645b8223b06b455d0c4b27a6960fcdc7bf7b84c78c88a0,Dah naek 10 juta skrg… tp menurutku masih worth it,1,2026-04-08T14:38:20Z,2026-04-08T14:38:20Z,2026-09-19T00:23:03.311589+00:00
UgztOUDvKaNsELkwJgV4AaABAg,Vu0ayycGXbI,61872bc241b55e32761a3fcdd875c9892532a85215e35d157ccd76c03cc2b633,profil/ kembang dari ban sangat ngaruh besar untuk tanjakan licin untuk cengkraman di jalan yang licin.,11,2026-02-25T11:31:09Z,2026-02-25T11:31:09Z,2026-09-19T00:23:03.311589+00:00
UgywPVPAcsgqP7QjeUB4AaABAg,Vu0ayycGXbI,08b3ded524495d85afab196ca434128b3673686f12d006684f30d6f2fae5364c,"Kalau yang mau aman maen di kota dan keluar kota…Cari AWD atau RWD ajalah dari pada pusing2. Itulah salah satu pertimbangan gw pilih Geely EX2 meskipun secara spek, value for moneynya mendingan ini.",2,2026-04-04T17:40:51Z,2026-04-04T17:40:51Z,2026-09-19T00:23:03.311589+00:00
UgyxFYuPl3ZKq_g2WR54AaABAg,Vu0ayycGXbI,5363882a7d9976f262dc632bf5f1a2f683c470dd6a86e97a475c3f01226bb145,Nungguin Moladin test MG S5 EV yg baru launching dengan motor listrik di belakang alias RWD,32,2026-02-23T11:15:37Z,2026-02-23T11:15:37Z,2026-09-19T00:23:03.311589+00:00
UgwKW0rDidm-zPF3TN54AaABAg,Vu0ayycGXbI,9c670002ab9841feb3e8be2f2e58a2ba043f9dd81f895408faf1c7f76ad41e70,Kerennnn..Moladin keren mksd gw😂..terbukti FWD nya EV ya begitulah 😅..coba berikutnya tes MGS 5 yg RWD jamin  beda banget hasilnya penasaran mau liat,0,2026-03-16T09:22:04Z,2026-03-16T09:22:04Z,2026-09-19T00:23:03.311589+00:00
Ugx5aHKmcnwXz5kO9s14AaABAg,Vu0ayycGXbI,c2774b1b10bd5a25dac6676f95bfe97601e9c09fc2742646cb9d758ceddb0648,"Moladin coba test mobil citycar 2000an dong kek visto, Atoz,karimun kotak,starlet buat used car sama test konsumsi bbm",1,2026-02-24T13:02:12Z,2026-02-24T13:02:12Z,2026-09-19T00:23:03.311589+00:00
UgxTie0nsFl9a0pjZkB4AaABAg,Vu0ayycGXbI,1ad70d4bab7b7fadffaea4a224d2250c4fe05c4a17fb46a6dc9c1fbf8194432d,saat riview tes sound juga dong...,0,2026-03-06T06:34:38Z,2026-03-06T06:34:38Z,2026-09-19T00:23:03.311589+00:00
UgyzT9JVUcnkT7S2R8J4AaABAg,Vu0ayycGXbI,3452018c9dd36e65ab0e410ffbd9081ed04aed7a373a09e16cfb9307f5ae75e3,Next tes kia carens,0,2026-02-23T15:00:59Z,2026-02-23T15:00:59Z,2026-09-19T00:23:03.311589+00:00
UgznCRnP9XxP-8cRL1B4AaABAg,Vu0ayycGXbI,a817b1b68bb81d018a744dc3da879f30a6ea00c324d945d887c028b86d620466,Akhirnya lama bet uplod,0,2026-02-23T10:43:44Z,2026-02-23T10:43:44Z,2026-09-19T00:23:03.311589+00:00
UgzjkGuqBDzPNdGwJ4B4AaABAg,Vu0ayycGXbI,5653d17568167ed224cf1c742772c440084a067f5c1ce4e2dac8e68250d00f4d,"Alhamdulillah spk 5 nov warna hijau baru dpt didelivery kmrn tgl 21 feb, gak sia2 nunggu 3 bulan lebih 😁",8,2026-02-23T16:57:29Z,2026-02-23T16:57:29Z,2026-09-19T00:23:03.311589+00:00
Ugz3pXv_T2MtNDfY8VF4AaABAg,Vu0ayycGXbI,4d4b034beae5873b6f260db4538a8c5f612d3fbb03a925aa753328a3ce7e4d28,Brand cina hrs nya kolaborasi 1 merek sj spy byk bengkel 3S nya,2,2026-02-24T18:11:55Z,2026-02-24T18:11:55Z,2026-09-19T00:23:03.311589+00:00
Ugz7WlFJxvq3zn1Yu7F4AaABAg,Vu0ayycGXbI,e35fb1d1edf39548407c25772a3ed1a7fa567ae2abdf27aa3069a30fa8128910,saya kirain itu range Rover Evoque taunya jaecco j5,1,2026-02-23T08:06:25Z,2026-02-23T08:06:25Z,2026-09-19T00:23:03.311589+00:00
Ugx5e-z_6GultpyPL7F4AaABAg,Vu0ayycGXbI,d19d42eb725fe06935b90057468d416383729616d4201c16b16814d8672c396b,Calon Tamia racing,0,2026-02-23T21:25:08Z,2026-02-23T21:25:08Z,2026-09-19T00:23:03.311589+00:00
UgyTmOiikj86XTEjXyN4AaABAg,Vu0ayycGXbI,9c909500a960ca969ce9f00315bd031a44b4183e95c5d5fe5c46213e78928f85,"Keren bgt review nya terbaik sih ini review nya, MG S5 donk bang sama Xpeng G6 belom test nanjak, sehat selalu smuanya tim nanjak nya ya",0,2026-02-23T13:29:22Z,2026-02-23T13:29:22Z,2026-09-19T00:23:03.311589+00:00
UgzaKSngGQixwE7jQhV4AaABAg,Vu0ayycGXbI,dca071b364d213082ebd68609cdf71cfe38253a1f8010e00d5e5c368246092f2,Sholawatin dulu aja insya Allah beli,0,2026-02-23T14:03:02Z,2026-02-23T14:03:02Z,2026-09-19T00:23:03.311589+00:00
UgzJ9NjBXTi5yFNiujt4AaABAg,Vu0ayycGXbI,642579504f34dfcd1659adb62acdeab69cbff7384ce6ff8acc0c6917684f460a,"Kalo mau fair, semua mobil yang di tes nanjak sama om aladin pada saat jalanan basah gini, karena kemungkinan kita terjebak macet di jalanan tanjakan kan memungkinkan banget",0,2026-02-23T13:35:11Z,2026-02-23T13:35:11Z,2026-09-19T00:23:03.311589+00:00
Ugw3-Mirywjtps1k7Kd4AaABAg,Vu0ayycGXbI,69a393578045780d0400821b5a3ec0bf3ece00b38fd50445f49e71275047a6df,"Ban standard bawaan nya, kurang mencengkram permukaan jalan beraspal.",2,2026-05-12T07:15:05Z,2026-05-12T07:15:05Z,2026-09-19T00:23:03.311589+00:00
UgwiTOnL4Gd1FE3P-yp4AaABAg,Vu0ayycGXbI,703ff2155148845bb4cabd39f142576e97d2c04fd98de4a4bb9e9d4061e5576b,D tunggu bnget review mobil MGS 5 ev bang,0,2026-04-30T15:33:17Z,2026-04-30T15:33:17Z,2026-09-19T00:23:03.311589+00:00
UgzSTiSejxuvExc2o8h4AaABAg,Vu0ayycGXbI,4139cecde686f2ae63009d8af5bfc99f6f5a6bec42fa340122fd0fbd341ac86b,Tolong point pengetesan ditambah dengan jarak pengereman,0,2026-07-12T06:30:18Z,2026-07-12T06:30:18Z,2026-09-19T00:23:03.311589+00:00
UgzsVdwo-_Qv_sJiZ7h4AaABAg,Vu0ayycGXbI,2f419551fcd0f1c76a343b5fcc5c633efdf73acd406a69042a5dda6f0f3a7919,riview full dong termasuk nanjak full tiggo 8 csh FWD,0,2026-02-24T13:21:17Z,2026-02-24T13:21:56Z,2026-09-19T00:23:03.311589+00:00
Ugy2SyG82tD9atGD1xt4AaABAg,Vu0ayycGXbI,59dc3e7e6b88c3ed81e660f922c68e8f5369708ea6a9c102c091becd6a730540,ADAKAH DISINI YANG NELEN LUDAH GARA GARA BELI WULING ALVEZ ATAU MEREK LAIN TERUS LIHAT INI ? WKWKWK,1,2026-03-02T01:45:22Z,2026-03-02T01:45:22Z,2026-09-19T00:23:03.311589+00:00
UgxcnIZxIu_H4enQQ0N4AaABAg,Vu0ayycGXbI,7669329fc7acdf4a5775178ae72df47f074616bd6a3312a35ed54068dbc8c5a4,Itulah minusnya FWD kalo tanjakan. apalagi mobil dan beban berat.. yang bisa ngebantu di tanjakan cuma sistem traksi dan jokinya itu sendiri 😅,6,2026-02-23T12:57:15Z,2026-02-23T12:57:15Z,2026-09-19T00:23:03.311589+00:00
UgzBRQyMPC5GyTWcEFV4AaABAg,Vu0ayycGXbI,fac1b4bb8b971a2b15e1d522e851223cd9618a9f494561b2d97989198d66cb78,So far pemakaian hampir 2 bulan puas banget compare dengan harganya sih.,4,2026-02-26T15:26:55Z,2026-02-26T15:26:55Z,2026-09-19T00:23:03.311589+00:00
Ugw3bQ4Q3TJt3-ib1EF4AaABAg,Vu0ayycGXbI,14dc7fa4ba8ee24287dcb5841f63aa0cb26341a9e863d1afcba0e87dc5e37021,nungguin tes nyebur jurang,0,2026-05-26T21:19:26Z,2026-05-26T21:19:26Z,2026-09-19T00:23:03.311589+00:00
Ugw7n8cHIMbxf2lpckh4AaABAg,Vu0ayycGXbI,c1cbd4092604f72ec7cd69abc19b1c6adfc05479dc1ec1d1142b47d6a83bc1f0,Tanjakan kering aja pasti slip apalagi basah. Ada ada aja moladin.🤣🤣,0,2026-02-27T09:51:17Z,2026-02-27T09:51:17Z,2026-09-19T00:23:03.311589+00:00
UgzPciwBRyGiPTJuTzt4AaABAg,Vu0ayycGXbI,d19b745e36f25c7295efe14bf182cd66fab83daf1d0540a96c06e0c35c074fc9,"Bang tolong bikin komparasi CR-V, Tiguan All-space, X-trail dan Mazda CX-8 dong pls",0,2026-02-23T08:36:44Z,2026-02-23T08:36:44Z,2026-09-19T00:23:03.311589+00:00
Ugw8Vyt80tQ4U16bZrJ4AaABAg,Vu0ayycGXbI,0e5fd8e70f97c94fa3b8d10df58a1a45789fdfcce1eb1e51c050a11b6f9597d3,riview lx 700h bg,1,2026-03-02T17:40:57Z,2026-03-02T17:40:57Z,2026-09-19T00:23:03.311589+00:00
UgyX48QhIVO3xYAtZkt4AaABAg,Vu0ayycGXbI,94b0d031e841f33a72db565f1e8a9ecb4f8b82e54eca661082e56d16eefddf54,"Kalau hidup di gunung, geely ex2 masih belum ada lawan buat ev murah.
Palingan ya mg s5 yang lebih mahal (agak jauh sih).",24,2026-02-23T11:53:36Z,2026-02-23T11:53:36Z,2026-09-19T00:23:03.311589+00:00
Ugx7wEkcy_SwU_fIrBt4AaABAg,Vu0ayycGXbI,2984ca68728baab3a260b31d84ed30a37cc2c017ae730c7dc2d625d1b6fb7166,"cloud ev dnk bang, coba tes nanjak juga 👍",0,2026-02-24T22:57:05Z,2026-02-24T22:57:05Z,2026-09-19T00:23:03.311589+00:00
UgzDZqBBf9w_iZ37w-14AaABAg,Vu0ayycGXbI,90e952bbebf06ad4c962050f118a9f87f9b0b6b463cbe8becc7e807f30d373c5,Request test MG S5 om..,3,2026-02-23T11:21:05Z,2026-02-23T11:21:05Z,2026-09-19T00:23:03.311589+00:00
Ugx0_eaaLT7z2_Fq2H94AaABAg,Vu0ayycGXbI,05dcdc44990776b12dee141094d424b751bf3333933a996193c9180eb4394984,"Gk suka lihat bemper depannya..
Tp kalo dr samping keren bgt, uda kayak range rover",0,2026-03-22T16:40:55Z,2026-03-22T16:40:55Z,2026-09-19T00:23:03.311589+00:00
UgwQgtrk3gY5U82FtTl4AaABAg,Vu0ayycGXbI,352cf642c56c27e710206c8c1b71b1c5570fcbef2d8bf05a4337eac3189ee5c4,"Ban y itu bang,,terbukti kalo zig-zag nanjak kuat karena ketika zig-zag grip ban pasti nambah di tanjkan",0,2026-02-23T16:35:27Z,2026-02-23T16:35:27Z,2026-09-19T00:23:03.311589+00:00
UgztiWGYtm7ofx5bkDp4AaABAg,Vu0ayycGXbI,8bebd5ff584b398baab0a83bbc0134d3aac4b0aeb2508089ccc50b22084d4db3,"Kasih pasir atuh atau datang waktu kering. 

Tes moladin utk tanjakan paling top.",0,2026-06-15T02:44:16Z,2026-06-15T02:44:16Z,2026-09-19T00:23:03.311589+00:00
UgwbUF_-2d7Ek-E7WPl4AaABAg,Vu0ayycGXbI,3b771d7289c35d9a512449b5e64f445c6de6fdc40ef4af721d23f45f2abfbdcd,bentuknya mengingatkan pada merk itu ya 🤔,1,2026-02-24T06:39:40Z,2026-02-24T06:39:40Z,2026-09-19T00:23:03.311589+00:00
UgzQWvgvz1CNmrp_0TB4AaABAg,Vu0ayycGXbI,38613fb127b6eddb63eb544c5159f096f0d57231a553567911694a50f422f8dd,Suruuh lengkapin ban serepnya bang 😂😂😂,0,2026-03-31T21:16:23Z,2026-03-31T21:16:23Z,2026-09-19T00:23:03.311589+00:00
UgxLAoFhj7l2FuI4Qe14AaABAg,Vu0ayycGXbI,84a8da1e5d8fafd4924af36c9ef0f5a1a9a3970c734a9e875cfd5426da93c68f,firstttt,2,2026-02-23T08:01:41Z,2026-02-23T08:01:41Z,2026-09-19T00:23:03.311589+00:00
UgwmfQuoJD8cH-884uN4AaABAg,Vu0ayycGXbI,354b7153ddc9bd6f7d812ecf6637248b474494d4b000a46991d5fcce6659a696,26:55 apa nama alat digital untuk ukur bagasi sepertu itu ya.,3,2026-02-25T08:41:07Z,2026-02-25T08:41:07Z,2026-09-19T00:23:03.311589+00:00
Ugwf1Dj7GIq08OQh6oR4AaABAg,Vu0ayycGXbI,3cec3952c81016096fe6d78bc73e60bf1413535ae4bff58db33d344bd84e5756,"Fyi, harga Makassar untuk SPK 9 November 2025 totalnya 323jt",4,2026-02-24T08:13:31Z,2026-02-24T08:13:31Z,2026-09-19T00:23:03.311589+00:00
Ugww1b7-Xj0OQytay1p4AaABAg,Vu0ayycGXbI,bf1885230be9d35fe39bec5c7f12d305c05b5dd9f4019a4d05e9b80efacc0738,"wajar aja sih kalo FWD, ga kuat di tanjakan moladin kalo untuk stop and go, tapi turunan pasti joss ... 😂",7,2026-02-23T14:07:13Z,2026-02-23T14:07:13Z,2026-09-19T00:23:03.311589+00:00
UgwOv2Zn0lF-ABBUuDR4AaABAg,Vu0ayycGXbI,30e3e51ceea24367918cdd1ce200ff3a2817685e0ec5d5a15e45424aee1f2ac6,buset warna item ganteng kali,0,2026-02-23T13:09:48Z,2026-02-23T13:09:48Z,2026-09-19T00:23:03.311589+00:00
UgyueLALD5kUrT0noXB4AaABAg,Vu0ayycGXbI,51c2b77dd277b7ec0c19ec89cd477e1628e9ccc6f5495bc34901eb6d865c21d2,"Ban bawaannya kek macam ban sabun, licin bgt 😂😂",0,2026-03-18T22:06:43Z,2026-03-18T22:06:43Z,2026-09-19T00:23:03.311589+00:00
UgyfGgniNOdzLOQzXzp4AaABAg,Vu0ayycGXbI,503e40da411fa244399341d1816ffd5677b33ff98d447c57802adb388e7caa73,"Sedih lah buat user user wuling awal2,wkwkwk",0,2026-04-03T09:50:52Z,2026-04-03T09:50:52Z,2026-09-19T00:23:03.311589+00:00
Ugy40pxhjXTD6k44JCx4AaABAg,Vu0ayycGXbI,a125d89cc6c826d1466fb49acc5b7ccba6d901b140a95b4fc71b351d8830a327,Mungkin next spec perlu ditambahin bobot kendaraan ya,0,2026-02-23T10:48:38Z,2026-02-23T10:48:38Z,2026-09-19T00:23:03.311589+00:00
UgwU4BQbf0MEjGc_Qw94AaABAg,Vu0ayycGXbI,fabab0920f6b7249b81ecb3ad7c8c33bd6c103cc8bfc0bd8a7cb1d0ce47930be,"Moladin spesialis tanjakan... Btw, itu jalan tanjakan lokasinya dimana ya?",0,2026-04-14T16:47:10Z,2026-04-14T16:47:10Z,2026-09-19T00:23:03.311589+00:00
UgzpZsvUK_o6LzOKqU54AaABAg,Vu0ayycGXbI,f55483b6b01e2241f74b7f72961eca3226070b050de8a56952c56c2164b47e94,Ganti ban pacul untuk ke2 roda depan pasti ngacir di tanjakan...😂,0,2026-04-02T12:52:38Z,2026-04-02T12:52:38Z,2026-09-19T00:23:03.311589+00:00
UgwRzsUijIyHanwevvN4AaABAg,Vu0ayycGXbI,6b320b305d26a1414c586b107acab383a2944ce604e846e326257a956b479117,Nunggu sekenny jadi 100 juta br gw beli😂,0,2026-02-27T04:13:50Z,2026-02-27T04:13:50Z,2026-09-19T00:23:03.311589+00:00
UgyDpagS0Q9Qsy564_B4AaABAg,Vu0ayycGXbI,b0e1504c73d9e5851a12a6be2abe40fe5dd138913bf698d749c674f52eca6226,Test aion UT pas hujan bro,0,2026-04-13T14:25:07Z,2026-04-13T14:25:07Z,2026-09-19T00:23:03.311589+00:00
Ugxx5eaar_AYCxJx7kR4AaABAg,Vu0ayycGXbI,ca454d0a5bfd25875d58f5bf1bd0c86fce461ec0f0b11c267146a04109d79c0b,Jd gak nyesel ambil tiggo cross csh karena kuat nanjak😂.,0,2026-07-27T06:57:41Z,2026-07-27T06:57:41Z,2026-09-19T00:23:03.311589+00:00
UgxgS_GCLUo725Rv7DR4AaABAg,Vu0ayycGXbI,235f6be66672149945a075679c0f6774b14d8102dad07ee5195a29b1927c08e1,"kenapa ban nya ga di semir dulu sebelum shooting, keliatan banget ban depan kanan nya putih2 g tau abis nyerempet apa",1,2026-03-08T04:51:18Z,2026-03-08T04:51:18Z,2026-09-19T00:23:03.311589+00:00
Ugw5zOmOmP6vyBnTgc54AaABAg,Vu0ayycGXbI,083f613bdb4f3ee6354a4ed20b1dbe2fd99e6f6cdbc75f0720a882215215dbb6,Khusus jalanan kering kalau naik J5,0,2026-02-23T22:48:43Z,2026-02-23T22:48:43Z,2026-09-19T00:23:03.311589+00:00
UgwN-QaMB_uD2GPn7W54AaABAg,Vu0ayycGXbI,baf9119b6c00940578833343d06118eeaa0c24d53d32754c2c0dcc1138d7949a,4:19 itu licin ban..di ridwan hanif nanjak extreem kuat kok,12,2026-02-23T22:07:52Z,2026-02-23T22:07:52Z,2026-09-19T00:23:03.311589+00:00
UgxxT1vlu4CFreCrBoF4AaABAg,Vu0ayycGXbI,8bf4655516f21b9895885b168057c178e98ccbf9a43736978c4a136460011ec5,👍👍👍,0,2026-02-23T17:18:42Z,2026-02-23T17:18:42Z,2026-09-19T00:23:03.311589+00:00
Ugyz9xA8qgJZVmMjBV54AaABAg,Vu0ayycGXbI,2a02c62672f893b9a76fdf8bad3491505187f9c77dba9e0b31f7703610c15c8a,harga yg premium di IIMS kmrn udah 320,0,2026-02-23T11:12:46Z,2026-02-23T11:12:46Z,2026-09-19T00:23:03.311589+00:00
Ugyk_pFAvWIINR1mcCN4AaABAg,Vu0ayycGXbI,ee0937e665bae590cd83d68e8332b5ff234040552b2d2927845fa5dd79239268,Rame pasti ini,1,2026-02-23T11:02:58Z,2026-02-23T11:02:58Z,2026-09-19T00:23:03.311589+00:00
UgxXor-QiCG3HnGXjWt4AaABAg,Vu0ayycGXbI,ceee829c2d87c349e88892ef6e3babaa514179fe36c420020425331e15d03a43,"Powernya gila nih mobil, tapi traksinya yang kurang buat tanjakan ekstrim",0,2026-07-28T20:58:16Z,2026-07-28T20:58:16Z,2026-09-19T00:23:03.311589+00:00
UgwkWh_hPMYnDro942p4AaABAg,Vu0ayycGXbI,9a0d183c5fa22a0332c3431791705a05fa94e5c9acce45f26f5e119fca7804e4,"buat ulang dong, pas jalan kering",0,2026-05-25T05:01:23Z,2026-05-25T05:01:23Z,2026-09-19T00:23:03.311589+00:00
UgwbFDklhVVExr69W_l4AaABAg,Vu0ayycGXbI,16a9b95983f70d3b5acaa33db16f8c57e52eb0be14066f9b501347ab491b9310,"Udah CKD mas Fik,",0,2026-02-23T16:36:58Z,2026-02-23T16:36:58Z,2026-09-19T00:23:03.311589+00:00
UgwGMUMyrLQR-9jQN994AaABAg,Vu0ayycGXbI,c1d4df6c73194919f127a948d412af70322ddc10a32ec812c82b79df5fc33958,"Krn udh ada yg se 'value' ini utk mbl listrik.. tinggal tunggu 1 thn kedepan utk penyempurnaan nya, entah dr jaecood sdri / mgkin dr kompetitor.. 

 Moga2 dpt yg RWD dgn harga ga beda jauh dr J5 & jarak tempuh yg mirip2",0,2026-04-07T07:25:25Z,2026-04-07T07:25:25Z,2026-09-19T00:23:03.311589+00:00
Ugx-GrT2o7kpPf-1wD14AaABAg,Vu0ayycGXbI,acd76fcbcbf1c8a05bbe051a41adcf53facbcdb6326ddd86c300cdbcf0d47fbe,Fix cancel pesan jaeeco j5 EV due to FWD 😂,1,2026-04-22T03:45:53Z,2026-04-22T03:45:53Z,2026-09-19T00:23:03.311589+00:00
Ugw0miRIUCDwST8zS8N4AaABAg,Vu0ayycGXbI,44dec211f2ab2ac48c51e18d613e0f559186d5482f9b71ea19fbeef47f9339d9,Yg bikin atto1 ketar ketir😅😅😅,4,2026-02-23T10:13:09Z,2026-02-23T10:13:09Z,2026-09-19T00:23:03.311589+00:00
UgwfbutAiPcbMcQ7-WF4AaABAg,Vu0ayycGXbI,1b68fb5fc669bfd3b88b7c56bcc1dbfd75b5f08e6883695a4bd9183433c73723,"Masa karena hujan jadi ga bisa yakali ges, ini mobil bukan buat orang panikan",0,2026-02-24T04:07:01Z,2026-02-24T04:07:39Z,2026-09-19T00:23:03.311589+00:00
Ugw8j3Qz0Wyh97Tm7o94AaABAg,Vu0ayycGXbI,523edd0861d220b778f6a869b7514fed2c0c025bce9305edc228689aff2ef59a,"Saran BosQu,.. kalo mau tes ev car jgn cuma buat nanjak Krn pasti nanjaknya.. coba test turunan ekstrem spt turunan cangar pacet (dari batu ke pacet).. klo pengeremannya bagus & safety,, bagus nih mobil.. pls consider ya...",2,2026-03-25T03:08:01Z,2026-03-25T03:08:01Z,2026-09-19T00:23:03.311589+00:00
UgyhXQiZEd76kp4c8Ad4AaABAg,Vu0ayycGXbI,88545f6645d6c311034f8fba2b3beeecf0c700ad28ec95b2235c3fa5ff486f16,Masalah fwd yg normal sulit naik dari diam walau tenaga gaban,6,2026-02-23T12:31:29Z,2026-02-23T12:31:29Z,2026-09-19T00:23:03.311589+00:00
UgzWOMuS4JSVXyoWWeB4AaABAg,Vu0ayycGXbI,f711fa7ca337e2cafd2b956ca1f3b52ae38978a09c09d2b18a725fe82c051431,"Geely ex2 udah barang indent , makin indent dah 😂😂😂",0,2026-02-23T14:45:37Z,2026-02-23T14:45:37Z,2026-09-19T00:23:03.312129+00:00
UgxlrLn_wCI_ikxvd3h4AaABAg,Vu0ayycGXbI,b19a24e62a83d309a621d6c0eb3507c281ca911db0e9fffcaf8f66d85c03805e,Rekomen donk. Ganti ban apa y yg gripnya ok,0,2026-04-13T07:30:48Z,2026-04-13T07:30:48Z,2026-09-19T00:23:03.312129+00:00
UgwJu_KC63wGVNo_oxF4AaABAg,Vu0ayycGXbI,ee0f54ef17e97471fa3bbc8bcfd63ee38a06199a0af91f82e08acc032fccae91,d gmap bakalan muncul tanjakan moladin,0,2026-04-05T07:11:58Z,2026-04-05T07:11:58Z,2026-09-19T00:23:03.312129+00:00
UgywOFZ86LcYXwhkJaV4AaABAg,Vu0ayycGXbI,627969ab00945c8568c4d49d18e501fd082d318e17a3a8c0756760d20583f585,"299 JT, Big batre, kulkas, kasur, mesin kopi, magic jar, mesin cuci, 😊",0,2026-04-09T23:42:35Z,2026-04-09T23:42:35Z,2026-09-19T00:23:03.312129+00:00
UgzqKiLnxm6gG-ISyIt4AaABAg,Vu0ayycGXbI,8ece713a550f073e9b52c67c76fce368f468b1cb00c6b3d900fc51e2bf050114,Gawat mundur bisa nabrak yg dibelakang,2,2026-04-11T18:07:47Z,2026-04-11T18:07:47Z,2026-09-19T00:23:03.312129+00:00
UgwBmMujnx7_srVFLhp4AaABAg,Vu0ayycGXbI,0d55da8ef80a0ffd24d35727f1b2d4cbc48dc4cf86e914cba54bc49b5d12129d,"Bukan ga kuat nanjak, tapi ban selip. 5:09",5,2026-02-25T14:20:56Z,2026-02-25T14:20:56Z,2026-09-19T00:23:03.312129+00:00
UgwYlnRmw2DKGejxy5l4AaABAg,Vu0ayycGXbI,7aec3d707436bbe75979a9f15dd2895f747d6ec32d70ab72826374602349181a,"Jalan licin, ban juga model keras, gimana mau dapat traksi 😂. untung aja traction controlnya canggih.",0,2026-03-30T13:01:23Z,2026-03-30T13:01:23Z,2026-09-19T00:23:03.312129+00:00
Ugx5DtZnkHlavdgjr7F4AaABAg,Vu0ayycGXbI,cebfea725443fe619c77104ef25f8bebe7a6be0a6c162ee8180e78b91fa5f19b,ban nya bpjs,5,2026-02-23T13:30:07Z,2026-02-23T13:30:07Z,2026-09-19T00:23:03.312129+00:00
UgwJbKjFLyJuxLblgUl4AaABAg,Vu0ayycGXbI,47e3f7e749a3096dc26b9612e6a9adc189c9f576292187c6611abb570ecc44d2,yahh apes tes waktu hujan 😂,3,2026-02-23T09:01:08Z,2026-02-23T09:01:08Z,2026-09-19T00:23:03.312129+00:00
Ugzx0sIIAeA5ErgiuOZ4AaABAg,Vu0ayycGXbI,33284f515bb254fcdb3d222baa36e70c8dd6a1accd2845d978873174b4d45c87,"Kok kayak patah patah video nya yah bang  ? 

Atau hp ku

Ehehhehhe


SEMOGA BISA BELI JAECOO J5 TAHUN INI YAA ALLAH

AAMIIN YAA ALLAH

DAN JUGA KALIAN SEMOGA JUGA BISA BELI TAHUN INI JAECOO J5 EV",0,2026-02-23T13:40:28Z,2026-02-23T13:40:28Z,2026-09-19T00:23:03.312129+00:00
UgwkMpqrzIV2YMRlpfZ4AaABAg,Vu0ayycGXbI,952f2e455ecbc1a8500fee8df1c0fb5da56b01b70c338166c82d2a8f3139377d,"Abang² Moladin..

Review dong AION UT Premium vs JAECOO J5 Premium

Walau beda tipe tapi spek kedua mobil ini hampir identik..apalagi harga AION UT di IIMS 2026 turun..",5,2026-02-23T21:03:02Z,2026-02-23T21:03:02Z,2026-09-19T00:23:03.312129+00:00
UgzoLPrem5lec6SIG454AaABAg,Vu0ayycGXbI,ad057c4de319be107967f312615602ed1081795fefd4bce9b46c606979b3028e,Fix bawa ini mobil cuma buat di kota aja + ga pake gmaps 😂,0,2026-02-23T17:08:50Z,2026-02-23T17:08:50Z,2026-09-19T00:23:03.312129+00:00
UgwkDKPBdnzkKa3vAzd4AaABAg,Vu0ayycGXbI,65f1efff7ddc97dd8b6d8edd291a0165cdc7c71a4bcf9323e3d654e6e22add07,Mesin Omoda E5 dipakein rangka ala2 range rover jadilah jeku j5🎉,1,2026-02-23T11:15:02Z,2026-02-23T11:15:02Z,2026-09-19T00:23:03.312129+00:00
UgywIPqpH-0xR48BJ7l4AaABAg,Vu0ayycGXbI,4ed60f986f44bc44eb2ae820f254811ea055c00fea53df594ae9ef6d07f9c842,"waduh kacau, masih mendingan atto 1 pas nanjak",1,2026-02-23T22:45:39Z,2026-02-23T22:45:39Z,2026-09-19T00:23:03.312129+00:00
UgxuWQrY7pdjSL9C6gl4AaABAg,Vu0ayycGXbI,8051eb1c3c3f7c76cb6e4df46e937386683d448d6d4b4931b97cab59e939597d,Bang mobil merk JAElani ada kaga yak??😂,0,2026-04-14T12:38:03Z,2026-04-14T12:38:03Z,2026-09-19T00:23:03.312129+00:00
Ugw-zGBlt_OfZpOPmxB4AaABAg,Vu0ayycGXbI,fab84586a03e4dd071d9c980ff8670a316adb26940caa274652460cac57b8df0,Sikat dlu itu lumutnya bang 😂,13,2026-02-23T11:07:51Z,2026-02-23T11:07:51Z,2026-09-19T00:23:03.312129+00:00
Ugxyg4OWqH7ht5PenCd4AaABAg,Vu0ayycGXbI,0e013f6e64ccd2ad26d8cd5db0f1de84cf3e16ae699225d5647f08c4aceb14d6,😂😂😂😂 bahya jg klw hujan,0,2026-04-26T02:27:45Z,2026-04-26T02:27:45Z,2026-09-19T00:23:03.312129+00:00
UgyO7tI3ZgOiV04LAtB4AaABAg,Vu0ayycGXbI,6614c81a58f83dd5d3f6814bda28ddaece0f73db53c1ff9cf1a920c6f1421d7b,Biar ga licin gimana ya bang? Tips dunk kawan2,0,2026-02-28T07:36:37Z,2026-02-28T07:36:37Z,2026-09-19T00:23:03.312129+00:00
UgyEHXstk4v9PCVt3KV4AaABAg,Vu0ayycGXbI,8bebd5ff584b398baab0a83bbc0134d3aac4b0aeb2508089ccc50b22084d4db3,"Sepeda motor di kemiringan segitu dan jalan basah juga bakal sulit, malah jatuh pwngemudinya.",0,2026-03-03T03:49:39Z,2026-03-03T03:49:39Z,2026-09-19T00:23:03.312129+00:00
UgzA8YWO8KLbhh1vlGh4AaABAg,Vu0ayycGXbI,f2bb509a92c119c4babad4f6eeb6213d0c2b56e25335f9d71f826ca65eec6f05,Ngeri kalo pas macet di tanjakan ini mobil kyknya kalo gitu 😮,0,2026-02-23T22:34:21Z,2026-02-23T22:34:21Z,2026-09-19T00:23:03.312129+00:00
UgwhlWA8Jafb3hx_Ogx4AaABAg,Vu0ayycGXbI,2b29b00eb82bb60ef272efa7cc1889d785a343814a9b48b3146be3121f4fff18,"kalo bisa habis tes"" dikasih leaderboard dongg, biar keliatan diatas apa dibawah mobil apa gt",3,2026-02-23T13:52:29Z,2026-02-23T13:52:29Z,2026-09-19T00:23:03.312129+00:00
UgycNQw4hbgxREDpFHd4AaABAg,Vu0ayycGXbI,1b83ab5dd309eb48a3e3bf5de8c933ba0afb47b31ef4d50ec52be24724356f3b,Fix ban nya licin,0,2026-04-01T14:02:29Z,2026-04-01T14:02:29Z,2026-09-19T00:23:04.026610+00:00
UgwG5WOfaXJwf73sFKx4AaABAg,Vu0ayycGXbI,4df75ad5a61a7db22216ff36c2b1b7d4717165d984c7c4935ed5b64a21ebbeec,"1:43 koreksi, Jaecoo J5 EV sejak awal sudah diproduksi lokal oleh PT Handal Indonesia Motor, sekarang untuk mengsupport pesanan yang membludak, J5 juga diproduksi oleh Inchcape Indomobil yang merakit mercedes benz ckd.

Walaupun J5 tidak akan kena pajak import, mobil ini tetap akan naik harga karena subsidi ppn 2% untuk ev sudah ditiadakan.",23,2026-02-23T08:35:04Z,2026-02-23T08:35:04Z,2026-09-19T00:23:04.026610+00:00
UgxtocYVRLZLhSrauj54AaABAg,Vu0ayycGXbI,007533e25abbd78314faea2a24651546574e82e3fe7c4c041cae01f7c27a7f5b,Ganti ban yang sesuai medan,0,2026-02-24T00:30:37Z,2026-02-24T00:30:37Z,2026-09-19T00:23:04.026610+00:00
Ugz4rn8Krgb5uGCouBF4AaABAg,Vu0ayycGXbI,90e2948dc99b0879d4b016379392d9358d95864df012b610a281b063991bdef1,3:50 ex2 : segitu doang? wakwakwkawkakak,5,2026-02-23T10:11:48Z,2026-02-23T10:12:33Z,2026-09-19T00:23:04.026610+00:00
UgzCGmgyqygjqO1M8rB4AaABAg,Vu0ayycGXbI,4f1e42ab88930de423c7b9ec1f7973cfb83741d94488e3a818d434b3e8eeb08b,Hrg nyaa udh naik sih 8-10 jt an di jkt tapi bahasa tenaga penjualnya lock harga. Sy yg udh utj saja di desember suruh nambah 8jt an kalau mau unitnya.,0,2026-03-09T22:28:59Z,2026-03-09T22:29:13Z,2026-09-19T00:23:04.026610+00:00
UgyBcZXOCc4YG1_KVRh4AaABAg,Vu0ayycGXbI,3298920f7e990c74b576cf27263e33ad9fae6e95532e14b52f8ac4ac91ea3738,Susah nanjak y😂,0,2026-03-01T10:39:24Z,2026-03-01T10:39:24Z,2026-09-19T00:23:04.026610+00:00
UgxygjhYzP-vr3ITcBd4AaABAg,Vu0ayycGXbI,1ffdd7b71d8b758ba2fda70c8489c5f6f1ac50efa1cd48b3043031f7decb71d5,"Apes jalannya licin bekas hujan, tapi better lah msh bisa naik mengingat sblmnya Geely EX5 malah gak naik spin terus",12,2026-02-23T12:09:28Z,2026-02-23T12:09:28Z,2026-09-19T00:23:04.026610+00:00
UgzgpeErpaKhd8YQdBF4AaABAg,Vu0ayycGXbI,078dfe735ab1ad284eae3a723c7a683a22e4badc9965526f394708bb2096240a,Depan kasih karung 200kg... kemungkinan aman buat nanjak. Kasihan power besar masalahnya FWD.... kalau RWD..... sempurna ini J5,0,2026-03-05T14:20:56Z,2026-03-05T14:20:56Z,2026-09-19T00:23:04.026610+00:00
UgxZv_tYut_9xMLAdNR4AaABAg,Vu0ayycGXbI,3ea89d46437a90b5702bf162d2d2a9fd3a7670ed6bab75a2134f0efa5a3d85d3,yg di test unit import cbu ya. yg 2000 pemesan pertama saja. test yg unit CKD rakitan lokal dong,7,2026-02-23T09:09:27Z,2026-02-23T09:09:27Z,2026-09-19T00:23:04.026610+00:00
Ugy4ZcCDcYl-AdQn3jZ4AaABAg,Vu0ayycGXbI,3f0bcc0524ea2285cd156880208ab5268679f921029f566a5e8795771a5cc248,Jaecoo DNA range rover evouge,0,2026-02-23T15:48:26Z,2026-02-23T15:48:26Z,2026-09-19T00:23:04.026610+00:00
Ugz0CiLiSsU_D0mMdeJ4AaABAg,Vu0ayycGXbI,3d3f6b55a9892cc9646efda24bd38c6437c06dddea9951b562ca092808aeab9b,"Keren  juga, cuma jok dua baris sih",1,2026-02-24T14:22:30Z,2026-02-24T14:22:30Z,2026-09-19T00:23:04.026610+00:00
UgzLCnSyi7uI6miue7J4AaABAg,Vu0ayycGXbI,b0e1504c73d9e5851a12a6be2abe40fe5dd138913bf698d749c674f52eca6226,"Emang selip,, coba aja test pas tanjakan kering",0,2026-05-26T11:24:16Z,2026-05-26T11:24:16Z,2026-09-19T00:23:04.026610+00:00
UgxLqArIQuo4WKO4hU54AaABAg,Vu0ayycGXbI,8958210cd4f1edfe6479fb9e9df6a303459c93d24671dcb5baae2928365c8868,Tak suka mukanya yg terlalu polos mesti dimodif pake after market biar agak ganteng,0,2026-02-23T13:59:15Z,2026-02-23T13:59:15Z,2026-09-19T00:23:04.026610+00:00
UgwVn1SLhEqcX1ZG3vJ4AaABAg,Vu0ayycGXbI,235f6be66672149945a075679c0f6774b14d8102dad07ee5195a29b1927c08e1,5:00 sempit banget kayanya kursi baris ke2,0,2026-03-08T04:43:19Z,2026-03-08T04:43:19Z,2026-09-19T00:23:04.026610+00:00
UgxjYTZq6iSK4izPYjV4AaABAg,Vu0ayycGXbI,d1cd274f7c41524420f63809622cb74536558a554ca3905a25c2e2d4ba25cefc,Untung udah ambil geely ex2…,0,2026-02-25T05:37:02Z,2026-02-25T05:37:02Z,2026-09-19T00:23:04.026610+00:00
Ugza4zWGUf7wv1QXzJ94AaABAg,Vu0ayycGXbI,f811cd23aea5c885857579d473741a3ed402a2e9a7fe2ee7d4e981fe34234ce7,Wew gagal nanjak😅😅😅,4,2026-02-23T10:47:11Z,2026-02-23T10:47:11Z,2026-09-19T00:23:04.026610+00:00
UgxGxCFoFsfvpETX1-V4AaABAg,Vu0ayycGXbI,9399c0ca562a29ac2c248235bbe3e9ffb0bc473c33eb8c84bf77e8f65b7d74ee,Menit 12 ban sebelah kanan kempis apa kenapa,0,2026-02-26T16:34:49Z,2026-02-26T16:34:49Z,2026-09-19T00:23:04.026610+00:00
Ugy4Hyf3u0qygY4DnFV4AaABAg,Vu0ayycGXbI,054bf401ddd6ee978ee0d91ec6bffbd3d3d299a3bfd9e0bf52066c737af654d1,ga ada foglamp nya ya,0,2026-02-24T01:48:43Z,2026-02-24T01:48:43Z,2026-09-19T00:23:04.026610+00:00
Ugyzj820Z_wtLyX3eBZ4AaABAg,Vu0ayycGXbI,89cda5dfa553c25aa09d0c07fa0cac7f1ed756bc161f56ec3c75b5e478bcd7f9,MGS5 aja ah,0,2026-02-23T14:41:30Z,2026-02-23T14:41:30Z,2026-09-19T00:23:04.026610+00:00
Ugw9hK5Vu-ijEzn63RB4AaABAg,Vu0ayycGXbI,f780fecda6b85cf174645b8223b06b455d0c4b27a6960fcdc7bf7b84c78c88a0,Ban nya ganti miselang kali ya… ato mending dikempesin dikit haha,0,2026-04-23T09:54:41Z,2026-04-23T09:54:41Z,2026-09-19T00:23:04.026610+00:00
UgyQFnLZkvgLGljS-z94AaABAg,Vu0ayycGXbI,9855983b18524f0fe49d9218984be5b4c7f632ca77cfae769285c6c93aa8b912,Roda depan kanan itu kenapa ya kaya ada palstik atau tulisannya?,0,2026-03-17T13:05:52Z,2026-03-17T13:05:52Z,2026-09-19T00:23:04.026610+00:00
UgxIyV7xAD61BtE2mZh4AaABAg,Vu0ayycGXbI,efa5109595253a64f6c24ae2d1eea97c679d07776a8fce4afb0e6f745dd42874,Row 2nya kasian bnget apalg yg pas nanjak.,0,2026-02-23T11:02:18Z,2026-02-23T11:02:18Z,2026-09-19T00:23:04.026610+00:00
UgxFedTwuf-a1cCaJrt4AaABAg,Vu0ayycGXbI,36704b78b0a4933ce665eae5dad6cdf68591b19c46b925d2592ede5c95f17c9e,"Kalau ga bisa nanjak, jangan dibelain. Musti kasih nasukan me pabrikan, utk user safety",8,2026-02-23T10:15:25Z,2026-02-23T10:15:25Z,2026-09-19T00:23:04.026610+00:00
UgwUQrTVs_NUYt6UAf94AaABAg,Vu0ayycGXbI,7fcf77b12ff496d2b8b9412b6ffe0662ff99f3d21cad758dd08b5efe307cdd91,"Nggak bisa beli range rover, ini pun jadi",0,2026-03-04T11:39:55Z,2026-03-04T11:39:55Z,2026-09-19T00:23:04.026610+00:00
UgwOg5Y6Tew3DwyPf9h4AaABAg,Vu0ayycGXbI,f42ecf865599b52a665a125c3d21445c362238baa33c8cf44bcc816b914fb1f0,sayangnya tampilan suv penggerak lcgc,0,2026-03-29T09:50:16Z,2026-03-29T09:50:16Z,2026-09-19T00:23:04.026610+00:00
UgzPVAgGprIQqYFELaN4AaABAg,Vu0ayycGXbI,c8a0b18b0cceb88bc9ed7299824a0fbc420a8fc1706b19df4f4cacd12249dbae,mobil apa pun kalau dinaikain gajah ngak nanjak bg,0,2026-03-09T11:13:30Z,2026-03-09T11:13:30Z,2026-09-19T00:23:04.026610+00:00
UgwB1zd39Z2kDdhgfMR4AaABAg,Vu0ayycGXbI,9c670002ab9841feb3e8be2f2e58a2ba043f9dd81f895408faf1c7f76ad41e70,Thanks Moladin...keliatan sekali kalau mobil favorit byk penggemar yg gak rela dengan fakta sangat susah nanjak (stop and go lho)😂..kebayang kan kalo macet dipuncak kan gk bisa belokin ban kanan kiri bgt 👍,0,2026-03-05T13:38:35Z,2026-03-05T13:38:35Z,2026-09-19T00:23:04.026610+00:00
UgzCfKIJ5Ediu3oiRi94AaABAg,Vu0ayycGXbI,2af73afb4cf3590323d14a498fb5b58a60280487940e8b1a51c7679cc0ad00be,Lah kan klo licin emg hqrus zigzag malah lurus terus,0,2026-03-27T11:57:53Z,2026-03-27T11:57:53Z,2026-09-19T00:23:04.026610+00:00
UgyBLEam_-NA0hIQjVx4AaABAg,Vu0ayycGXbI,bf60a9efe592ac8393d507984815025e492ac2ff08ee156e1b52f57b505d71b5,Banny tuker pk ban offroad,0,2026-02-23T11:58:53Z,2026-02-23T11:58:53Z,2026-09-19T00:23:04.026610+00:00
Ugz4ueMaPsPXhtILZCx4AaABAg,Vu0ayycGXbI,a64447d1819984d2f099599285f04012d49f051375f7901579cd651fd53792b3,"Dari awal, klo jalanan licin coba setir dikanan-kirikan",1,2026-02-23T11:51:20Z,2026-02-23T11:51:20Z,2026-09-19T00:23:04.026610+00:00
UgwkAptPHHJBdAjxtnh4AaABAg,Vu0ayycGXbI,9188c57dbacd3ccbc2f708c7264dd8d4873822365a069948f6a5ce1e9ded5fc9,Pantes Harganya segitu. Pakai dinamo tamiya kali yg warna Metal bawahnya merah,3,2026-02-23T12:48:09Z,2026-02-23T12:48:09Z,2026-09-19T00:23:04.026610+00:00
UgxqwHPC7ZUeL8fFSBB4AaABAg,Vu0ayycGXbI,80155873b74b834e37d900fbf2e15ae7e43d838169debd0cfebbd16d5cff875b,"Kok sekarang tinggal duo, ygaatu kemama bang",0,2026-06-13T20:44:29Z,2026-06-13T20:44:29Z,2026-09-19T00:23:04.026610+00:00
UgzyWbXRRvREQt2EeTx4AaABAg,Vu0ayycGXbI,c9542a34aa04f120b4c87cbc9b19382045a61c976170d7cae4e35a61889b7974,Klo RWD meski gak butuh pasti gw beli J5 ini.,0,2026-08-15T04:02:51Z,2026-08-15T04:02:51Z,2026-09-19T00:23:04.026610+00:00
UgxH0VdTg0Sv1n6p9ch4AaABAg,Vu0ayycGXbI,78da35be906be6b76b1217bbcf92c3f9a910b001e02e3977ed984a2c48e85fb0,Harga yg ditulis masih relevan kah yg SPK 2026?,0,2026-02-23T09:07:30Z,2026-02-23T09:07:30Z,2026-09-19T00:23:04.026610+00:00
UgzxziPJJacx03wy6IB4AaABAg,Vu0ayycGXbI,51b0843b42437a3a3af8c0d403144afc004dce2a62d080cebe356adfb6be93e1,kekedapan ford fiesta gua 59db dah.,0,2026-02-25T01:49:01Z,2026-02-25T01:49:01Z,2026-09-19T00:23:04.026610+00:00
UgzdgIjE9ovXuHGCqEx4AaABAg,Vu0ayycGXbI,6aa8585420a23a6e550e8ba2069e2c5f0b56befcef8f2dea1b297c4d4e8937aa,"ban bawaan giti p10 kacrut banget gripnya 
ganti Turanza 6 aja..bagaikan langit dan bumi",0,2026-04-11T16:11:08Z,2026-04-11T16:11:08Z,2026-09-19T00:23:04.026610+00:00
Ugxg7HURIBP2uotHsUF4AaABAg,Vu0ayycGXbI,d2af0e563cfa4fc1a47c0c3f75e2fce926ef12bdbb9f08ec62c7c3acc4697969,"settingan bisa disimpan gak? mungkin kyk game gitu bisa bbrp profile
aku rasa ini penting klo mobil sharing atau buat pengaturan sesuai kondisi jalan",0,2026-04-05T10:19:05Z,2026-04-05T10:19:05Z,2026-09-19T00:23:04.026610+00:00
Ugw-NqGBg8WFqPfZFsJ4AaABAg,Vu0ayycGXbI,e71e771dc569a2828a9772a5163dffba65edc5b02efd2a92d1d7fb831764f74a,12:16 handlingnya memang kureng J5 ini terlalu lembut setirnya gak cocok buat agresive drive apalagi speeding di tol cocoknya casual drive di dalam kota,0,2026-02-23T10:59:32Z,2026-02-23T10:59:32Z,2026-09-19T00:23:04.026610+00:00
UgyjnfzntYR8y9VhD-R4AaABAg,Vu0ayycGXbI,085568ff147dedd483196e8af2e842226225f09d5180024675fde4bfc5ab9d19,lama lama mirip sidoel,0,2026-02-24T14:27:04Z,2026-02-24T14:27:04Z,2026-09-19T00:23:04.026610+00:00
UgyFjeW5JSyiHz6fHUZ4AaABAg,Vu0ayycGXbI,ca2aaa599001bfbd0b543da94ac1d86499d8775f361e9960577edfa3866c9cb7,Jok baris keduanya bisa direbahin enggak? Kok kayak yang agak tegak ya? Untuk perjalanan jauh akan eggak nyaman sepertinya.,0,2026-02-24T12:54:31Z,2026-02-24T12:54:31Z,2026-09-19T00:23:04.026610+00:00
UgxMNYbaNGGZWhCV-V94AaABAg,Vu0ayycGXbI,dfe3d3c09719d843df67b707501b54865ebb083694d7b50884d6ec0e7e86e1e9,Big car. Long range. Murah brutality jcoo 5 wkwkkk,1,2026-02-23T15:21:18Z,2026-02-23T15:21:18Z,2026-09-19T00:23:04.026610+00:00
UgzMeFWsZ0O0RxeHacB4AaABAg,Vu0ayycGXbI,e2740fc9523195ada70454ddec3559ecaa746f3c47e82e4421e5709c58444f19,"Kalo harganya mirip sama wuling eksion, saya milih eksion aja😅",1,2026-02-23T09:21:22Z,2026-02-23T09:21:22Z,2026-09-19T00:23:04.026610+00:00
UgzNvV_QkhBdRMbnRZZ4AaABAg,Vu0ayycGXbI,80c77d26ab96eb6f188e7dcfb8065ca2bb57e6048565be691ad518897fbc1867,"kenapa ya mobil listrik tetap memakai penggerak depan, memang mungkin utk menghindari oversteer atau understeer ya, tapi kalau kekuatan nanjak dan manuver tetap lebih bagus penggerak belakang, kecuali utk mobil minyak ya, karna menghindari poros gardan",0,2026-04-12T16:59:01Z,2026-04-12T16:59:01Z,2026-09-19T00:23:04.026610+00:00
UgzQV3NuiqTgpW65NsB4AaABAg,Vu0ayycGXbI,7928630ff058f4cf9da1a8ea4c03df3434ee7b5cddf79960f2f718d658f0b943,Mobil terkini meminimalkan tombol short cut semua pindah ke layar konsol. Kapan nyetirnya kalo sering lihat monitor. Tak ubahnya pengendara motor sambil mainan hp. Sekarang jamannya nyetir mobil sambil mainan monitor gede di kabin 😢. Berbahaya di trafik Indonesia yg padat.,0,2026-05-01T19:11:42Z,2026-05-01T19:11:42Z,2026-09-19T00:23:04.027191+00:00
Ugz_gdtyBd_vMbxk1V14AaABAg,Vu0ayycGXbI,f40da77f625b3a0a17a8ccdd037ea518fe222c1a755ec3c0c6273a57018f29c9,"mantab, requestan gw di kabulin, ty moladin, masih nunggu wuling darion sama wuling eksion tes tanjaknya gmn 😁",0,2026-02-23T09:13:54Z,2026-02-23T09:13:54Z,2026-09-19T00:23:04.027191+00:00
UgyOFc_cWSOv6kk6vD94AaABAg,Vu0ayycGXbI,083f613bdb4f3ee6354a4ed20b1dbe2fd99e6f6cdbc75f0720a882215215dbb6,Memang ada yg standard?,0,2026-02-23T22:43:18Z,2026-02-23T22:43:18Z,2026-09-19T00:23:04.027191+00:00
Ugyw8QGXZ-8z8pi-BzR4AaABAg,Vu0ayycGXbI,33561c1bedc3e0394c47e496d4c4a6bbcc22984bf02e712400a529561d7f6764,"Itu salah banny bukan mobilny yakin gw, resiko ban tipis ya gtu kurang gigit pas nanjak",0,2026-02-23T11:39:59Z,2026-02-23T11:39:59Z,2026-09-19T00:23:04.027191+00:00
Ugw94xvhmHXaf3SeQk14AaABAg,Vu0ayycGXbI,e09dfdc018d69be9e0aae1e6ed8242ad6ffb285e1c1122c88119b64301fc1455,Harus ganti Ban gak sih berarti kalau berdasarkan 5:02,0,2026-04-03T13:42:46Z,2026-04-03T13:42:46Z,2026-09-19T00:23:04.027191+00:00
Ugw22vdrnox7Qmg4S0N4AaABAg,Vu0ayycGXbI,bbf110785aec0764b24260844951c2ddcf20fd3fb289bfa6b8fb2480bf6bbee7,semua test tsb apakah dengan tekanan angin ban yang sesuai ?,0,2026-04-22T08:05:31Z,2026-04-22T08:05:31Z,2026-09-19T00:23:04.027191+00:00
UgxGKKGXpYyYSJIQiL14AaABAg,Vu0ayycGXbI,204a65e5296d650e093be76ee228687b1b2c94147e84b084a0cbc5368025bc6b,"Ngeliat hrg J5 ev, kebayang marginnya mobil yg memberikan kualitas, fitur seadanya dg tagline: mau murah kok mnt bagus😁🤣",1,2026-06-27T11:46:38Z,2026-06-27T11:46:38Z,2026-09-19T00:23:04.027191+00:00
UgzsHuB2sDO7zFsU3At4AaABAg,Vu0ayycGXbI,9f6bdb67e1a4c5c38f300a250af296ac54a9aa6ee07b73c2ef1c7e1ea5996d0e,garansi batre nya apa spt pada umumnya? 8 tahun???,0,2026-03-16T13:28:55Z,2026-03-16T13:28:55Z,2026-09-19T00:23:04.027191+00:00
UgwbTCPTti8nBtUZf-94AaABAg,Vu0ayycGXbI,34a0eab85a8e3ddc2038da7f9bd76476e970c0c467d47ce5be93cedd07a8fa71,geely ex2 dong,2,2026-02-23T12:43:53Z,2026-02-23T12:43:53Z,2026-09-19T00:23:04.027191+00:00
UgzeoJ3ksy64K-dSPEt4AaABAg,Vu0ayycGXbI,571fc8413b991648eee030f98609c1665487c13160142af45658481dbd0c4678,Harga sesuai kualitas 😂,0,2026-09-11T07:52:06Z,2026-09-11T07:52:06Z,2026-09-19T00:23:04.027191+00:00
UgyS93PnMEe2pm_cjnx4AaABAg,Vu0ayycGXbI,f3a1dadbebf8fea18a03004c416e9b9af3b28a1125efa93663094073965c9881,Mendingan J5 atau MG 5 EV ?,0,2026-02-23T15:57:01Z,2026-02-23T15:57:01Z,2026-09-19T00:23:04.027191+00:00
UgwawB2OAGLMwxK5AS14AaABAg,Vu0ayycGXbI,569dccb3cf20039f4f8d24a000d404b3e0900cb6103ced43e4b636fd02c06807,"Mas, untuk kaca film bawaan J5 gimana?
Apakah bagus peredaman panasnya atau sebaiknya diupgrade lagi?
Makasih",0,2026-03-10T08:47:18Z,2026-03-10T08:47:18Z,2026-09-19T00:23:04.027191+00:00
UgzBqbGaqwBgez4iO4x4AaABAg,Vu0ayycGXbI,33c29b9fdc08c2a4fd0583b0705e42b292e1acc7a72e46227ff479911a8ba1fd,Bahas mg5 ev dong. Keren bener dah harga 300jtan  dapat nya ok bgt,1,2026-02-23T10:14:05Z,2026-02-23T10:14:05Z,2026-09-19T00:23:04.027191+00:00
UgzYXZza9AM71NjA9mZ4AaABAg,Vu0ayycGXbI,be8d49a473e78e58e14f1213a83d1bd67bf969566fce8aedd30187f4f0ac2cec,G jadi spk deh,0,2026-03-01T02:42:29Z,2026-03-01T02:42:29Z,2026-09-19T00:23:04.027191+00:00
UgwENaeG5DSZ5jqrGDJ4AaABAg,Vu0ayycGXbI,bb11096335a3a7906c895269d5d3800899418724ce01e94b066abf57a1a8e558,Tes nanjak kurang netral krn licin dan basah..usahakan test yg kering,0,2026-02-24T01:12:56Z,2026-02-24T01:12:56Z,2026-09-19T00:23:04.027191+00:00
Ugw34g4iKCdcLJpRNrZ4AaABAg,Vu0ayycGXbI,2c8aceabae194635f786dade93bc13947a7fb14fff417de0b53b51ccf6cef808,Tinggal ganti ban yg ngegripnya bagusan kyknya oke tuh,1,2026-02-23T12:34:56Z,2026-02-23T12:34:56Z,2026-09-19T00:23:04.027191+00:00
UgweaTNzqlOnS14bKgN4AaABAg,Vu0ayycGXbI,ac7882046e9f24f392087d203c641c26bc4c6122fbbc79e21a563ce01cd9a788,"seandainya ini mobil awd atau rwd XD juara paling top..kalah semua...masak mobilkuat narik wkw..,gpp mobil saya obil lama asal ndorong..",0,2026-02-24T00:30:12Z,2026-02-24T00:30:12Z,2026-09-19T00:23:04.027191+00:00
UgyfKGJ1MxDxo65kH8Z4AaABAg,Vu0ayycGXbI,7eca2f05243b2a80db86a5ee1e62d0216dcea2b19e7530650f055c402c9b8047,Bantinganya lebih enak mana dibanding atto1?,0,2026-06-14T13:59:15Z,2026-06-14T13:59:15Z,2026-09-19T00:23:04.027191+00:00
UgwJhLqzvXcXcvn0wut4AaABAg,Vu0ayycGXbI,3639640ddb68e2becb2026737afc926c3713f5b98bdbc665ad0817226f6746b9,Mike kpn kurus ?,0,2026-02-24T10:49:21Z,2026-02-24T10:49:21Z,2026-09-19T00:23:04.027191+00:00
UgwBx_HFZZXBq0d0kkB4AaABAg,Vu0ayycGXbI,21469a46d156e29339bf8905fd53da02e8e17b5facbd031c018044e1d6dfce98,Baterainya aman melewati banjir gak ya?,0,2026-03-13T11:27:30Z,2026-03-13T11:27:30Z,2026-09-19T00:23:04.027191+00:00
Ugw8Cx0cxMG611CmG5V4AaABAg,Vu0ayycGXbI,62fc80c4d605a2a2588bbb2e6574dec73892274b42fbba8e3eabe1ece789e1fb,ngga bisa nanjak jangan2 ngga ada traction controlnya nih,0,2026-06-10T02:43:55Z,2026-06-10T02:43:55Z,2026-09-19T00:23:04.027191+00:00
UgxixLYN9ef0RM6WJDV4AaABAg,Vu0ayycGXbI,f0cad63ac065ea9f66856b0d4f16b8198359e8f8a1cb99043df4be904e420f1a,mobil gede tapi fwd...ya kelaut aja kalo tanjakan cuy....,0,2026-09-02T15:54:52Z,2026-09-02T15:54:52Z,2026-09-19T00:23:04.027191+00:00
UgxgRXlIazO3xYMhUmh4AaABAg,Vu0ayycGXbI,f780fecda6b85cf174645b8223b06b455d0c4b27a6960fcdc7bf7b84c78c88a0,Paling tenang buat nanjak emang masih ex2 gara2 rwd,1,2026-02-27T21:10:15Z,2026-02-27T21:12:39Z,2026-09-19T00:23:04.027191+00:00
UgwpnyWz5u2Wk_pXC8d4AaABAg,Vu0ayycGXbI,f9566c01715ad35ad4b5b8a602f2e9f5224550352d97801b8808acbe014ed90e,Di bali 330jt 😢,0,2026-05-23T07:55:57Z,2026-05-23T07:55:57Z,2026-09-19T00:23:04.027191+00:00
Ugy8ZTOkUn4PMWiNFrt4AaABAg,Vu0ayycGXbI,ce16d2492c155e894bab3feb8b7cf8278ab78d38cce6ff3faa03f22f9ede61f7,"Selalu ada yg komen; bukan tidak kuat nanjak tapi ban licin/gak dapet traksi/ dll. Ya whatever lah  intinya FWD ada potensi sulit nanjak di kondisi tertentu. Masa harus ganti ban pas habis beli mobil? Atau jangan ke gunung pas habis hujan/ macet stop & go? Jadinya banyak batasan2 kondisi yg kita buat agar bisa nanjak (bukan kuat nanjak). 

Intinya jika mau peace of mind soal nanjak2, tetep RWD opsi terbaik.",1,2026-04-04T00:56:26Z,2026-04-04T00:56:26Z,2026-09-19T00:23:04.027191+00:00
UgwWoQw8zcD3L9rkSrx4AaABAg,Vu0ayycGXbI,43ea259dcf7708c058910f8427749ce8f4b5b016d2862020832ee7753a4a1a88,Test kekedapan kabin tekanan ban juga ngaruh kayaknya,0,2026-02-23T09:04:08Z,2026-02-23T09:04:08Z,2026-09-19T00:23:04.027191+00:00
UgxrogMj37EJJNalNJR4AaABAg,Vu0ayycGXbI,6aeb5b0bfee0ec824cc07cd6dd8d78a9ad5df2c1e5ad795ec6303ac9e1a225a1,"Hujan, power berlebih gk bakal naik😊😊 grip loss",2,2026-02-23T09:33:10Z,2026-02-23T09:33:10Z,2026-09-19T00:23:04.027191+00:00
Ugw-oYCfzljn_VhSF-94AaABAg,Vu0ayycGXbI,b30774b6233c9d1202833894cb7e46f6cde057e83e3a40963c7105a383ad7a54,Bandingin sm mgs 5 ev bang,2,2026-02-23T08:18:13Z,2026-02-23T08:18:13Z,2026-09-19T00:23:04.027191+00:00
UgyVg5WsPgCNk4a_4RJ4AaABAg,Vu0ayycGXbI,d07b51e8e31c4b6696bfc04181ad8ef536ce7a77df076fef75f3b881adfc7749,"Pengalaman gw yg udah pake 1500Km ini mobil , pesan 4 nov datang 6 Jan , harga sesuai otr riau (325.800.000)
Selama ini make yg di rasakan 

•Irit tergantung kaki atau gimana lah ya
Gw 10% average 38km full dalkot, berarti 100% cuman dpt 380km

•kaca film baru nyampe ganti, panas minta ampun, apalagi riau yg bisa 36-37 kalau tengah hari apalagi mobil di jemur, fan speed 5 ac LO masih ga bisa ngangkat, apa karena di rumah mobil toyota semua hahaha jd pakai mocin ac nya kurang nendang

• sekarang ada bunyi di bawah yg ga bisa di cari asal nya dimana, tiap low speed bunyi mendesis seperti di motor listrik nya (bukan bunyi mendengung bawaan kalau kita pelan kaya zenix) tapi kata Mekanik nya ini normal, di bandingkan sama mobil test drive dealer, punya dealer ga ada bunyi mendesis, cuman saya yg make saya yg lebih tau karena bunyi nya di km 1400 an kmren baru muncul, yg penting kata mekanik gpp yaudah lah toh

Tapi sejauh ini cukup puas lah terasa jauh irit di bandingin mobil ICE
Yg di ubah cuman karpet xmate + kaca film, lain standard aja",3,2026-02-24T02:58:15Z,2026-02-24T02:58:15Z,2026-09-19T00:23:04.027191+00:00
Ugy05Wgfss-NH-RGWpx4AaABAg,Vu0ayycGXbI,f24781f1c56064bb73dc0f9f3ccfb08321e55f03d5a83afb950d1d8e8cbd8905,Mending ini atau byd m6 ya ?,0,2026-07-25T14:08:11Z,2026-07-25T14:08:11Z,2026-09-19T00:23:04.027191+00:00
Ugyx7mtzeXFo0jWe-yx4AaABAg,Vu0ayycGXbI,ac3c6e98c71eb190f424afa1ee59341612fdcb9940a4e99000a56759cc978f19,Kalah di ban,0,2026-02-23T11:08:17Z,2026-02-23T11:08:17Z,2026-09-19T00:23:04.027191+00:00
UgyyDUzoPiG72DPNYF14AaABAg,Vu0ayycGXbI,0e68bcdb8079bd96f3524422741731781e7ab1a778d4b545dfd819594ffd9b82,yg depan ngelonjor begitu,0,2026-06-20T10:54:58Z,2026-06-20T10:54:58Z,2026-09-19T00:23:04.027191+00:00
Ugx_i6BuXiTp_-x1oFZ4AaABAg,Vu0ayycGXbI,645ba6c8643e5c347cf412dc563f8fb7935250b1bed0ccc04690611e85330a07,Masih gaib gak nih?,0,2026-02-25T18:15:41Z,2026-02-25T18:15:41Z,2026-09-19T00:23:04.027191+00:00
Ugy8IXQXpoWM1w7a3Z94AaABAg,Vu0ayycGXbI,bdea0e1db506f26caad60dac1d3372f464fb50672c4c46f45f13caea36caf24c,Mana rocky hybrid sama avanza hybrid,3,2026-02-23T09:27:21Z,2026-02-23T09:27:21Z,2026-09-19T00:23:04.027191+00:00
UgwyLKB2M40bRlABDO14AaABAg,Vu0ayycGXbI,431ca6809545477b6cb22bb86b87d7614c037b2154aeaddfb9289419e23b0b74,Ban harus ganti,2,2026-02-23T10:34:48Z,2026-02-23T10:34:48Z,2026-09-19T00:23:04.027191+00:00
Ugxhf7sHNC1XK_O82n14AaABAg,Vu0ayycGXbI,5209858d79b03e4dc0fcee3cf3f104043d9cd2d3b02a69148c175449a155dd98,324jt.. masih okelah,0,2026-09-17T04:19:17Z,2026-09-17T04:19:17Z,2026-09-19T00:23:04.027191+00:00
Ugzz_vjZW4L6LSO88vx4AaABAg,Vu0ayycGXbI,7d672168adfbf60af76bd2e6378e4975a86b4b4f22d8209d119a9e151adc6a7a,gw udah pesen avanza hybrid jadi nyesel liat ini. jauh bgt bedanya 😢,0,2026-02-26T09:31:32Z,2026-02-26T09:31:32Z,2026-09-19T00:23:04.027753+00:00
UgzfXd_MPY_iNXy6F1h4AaABAg,Vu0ayycGXbI,2bfcc0b1f40473dcb049880c5938eadf11df6f8bc88734c204f3bd998a2da914,"kameramen depan di suruh turun dulu deh , berat juga itu bobotnya 😂",0,2026-02-23T12:06:57Z,2026-02-23T12:06:57Z,2026-09-19T00:23:04.027753+00:00
UgwrTlVtD7829eUXn2h4AaABAg,Vu0ayycGXbI,22e659b65c97f731d92e560e25f3dddb8eec2f798732b2445deb38d01310bcaa,Ban nya terlalu cupu 😂,0,2026-02-26T11:09:54Z,2026-02-26T11:09:54Z,2026-09-19T00:23:04.027753+00:00
UgyNz8bNvJglzwdFYll4AaABAg,Vu0ayycGXbI,5c550ccae7e9148c57e8b2ef8795e544ebc1e41c9ca056bda2dd335b90c0326b,299jt masih harus bayar laen laen lagi. Trus blom dapet wall charger. Barang ghoib. Ya emang kudu sabar2 yg beli ini.,0,2026-03-04T00:03:14Z,2026-03-04T00:03:14Z,2026-09-19T00:23:04.027753+00:00
Ugzda4OUpzzRzA_ixRZ4AaABAg,Vu0ayycGXbI,6c65d2e110d521bb658e7e55b978e673901f60f153abdf13d396b576b5e40f0c,Kalau mobil bensin atau diesel SUV biasa yg bukan 4wd apa akan slip juga? Di kondisi yg sama?,0,2026-07-18T11:33:10Z,2026-07-18T11:33:10Z,2026-09-19T00:23:04.027753+00:00
UgyODt-a7r_OlwZMt1V4AaABAg,Vu0ayycGXbI,068b540c45daab1af79fc9b0789f5c5f16054487be4937f0b98abbe60cc91885,"SPK 5 NOV, sampai hari ini 27 Feb 21:39 blm dpt tuh unit, pembayaran ud full 299jt + 8jt. Tlg donk jaecoo",1,2026-02-27T14:39:54Z,2026-02-27T14:39:54Z,2026-09-19T00:23:04.027753+00:00
Ugw_5gvL5JzQaLuQYs94AaABAg,Vu0ayycGXbI,83e4f6f3535b543c798ae393c3fc731bcf72a1688f2c0232b2f2f6b42057d9a0,ada harga ada barang lah ngk ada yg sempurna,0,2026-02-23T16:13:40Z,2026-02-23T16:13:40Z,2026-09-19T00:23:04.027753+00:00
UgymLTj1flAGrZZqQdB4AaABAg,Vu0ayycGXbI,c54e3fdbcb437fec032b2633b4710fc7f1c5fe46f6f1f740ee848561a0ce8bed,ban nya merk giti p10 memang rada licin sih di jalan basah,28,2026-02-23T10:21:13Z,2026-02-23T10:21:13Z,2026-09-19T00:23:04.027753+00:00
UgyrFI4KiYA9AjEMfJ94AaABAg,Vu0ayycGXbI,ce95c8f128042e0f234d3abb0ccc9a6ce6bd1ae509f83d91afb1b0cca24ef29d,Geely ex2 vs Jaeeco J5,2,2026-02-23T10:38:17Z,2026-02-23T10:38:17Z,2026-09-19T00:23:04.027753+00:00
Ugwt4JE9kvblJBz8QyZ4AaABAg,Vu0ayycGXbI,1d1e1ffd5d6010d7d291df3ca8ebab6790c2c258d455bda5cea6a783f919d8b2,Anda membeli mobil listrik berarti memilih tidak terpengaruh gonjang ganjing minyak dunia akibat perang di timur Tengah dan negara Latin,0,2026-03-04T16:03:36Z,2026-03-04T16:03:36Z,2026-09-19T00:23:04.027753+00:00
UgyxvJlimkKRKrEw0HB4AaABAg,Vu0ayycGXbI,c8fce1074c5443365d2006f3052b07a5650e85978a8a11d56909b4676cce0678,Kalau traksi hilang coba stir diputar belok,0,2026-03-24T01:14:28Z,2026-03-24T01:14:28Z,2026-09-19T00:23:04.027753+00:00
UgxPlkdYZxXKxyHC_Rx4AaABAg,Vu0ayycGXbI,8580dc9e0d0229783fe1d5fd12616dad139d49ef64c12cab8192a9917fc66189,"jadi pengen ganti ini,
Mobil listrik ga ada yang di buat RWD ya.., 
Mengingat jalanan blusukan di indonesia banyak naik turun dan kadang gerimis/hujan.",0,2026-04-09T03:51:32Z,2026-04-09T03:51:32Z,2026-09-19T00:23:04.027753+00:00
UgxmfVGxZWB_BwHoqFN4AaABAg,Vu0ayycGXbI,6a9ec12716e37d3f002c77f2a38799e1b91db99a2bafb822f1f619a16fb3b2d4,"ganti ban-nya... jelek itu ban-nya, bukan mobilnya ",2,2026-02-23T08:56:55Z,2026-02-23T08:56:55Z,2026-09-19T00:23:04.027753+00:00
UgyKW5lZmuacn_MPcf94AaABAg,Vu0ayycGXbI,cfa559fa0364ea534b9cc0e5832ba00ee554e48e5658fa4a71236c5f5251bf0f,Kemaren udh pernah dites moladin ditanjakan sini nanjak kok cek aj videonya.. tp kondisi kering.. ini sih licin bgt sama ky kondisi pas ngtes honda stepwagon jg susah nanjak harus 2x nyoba,0,2026-02-24T09:34:00Z,2026-02-24T09:35:22Z,2026-09-19T00:23:04.027753+00:00
UgxhcSK9KNY4xDsr_Jd4AaABAg,Vu0ayycGXbI,5af5d8a75ea40a2f46147cfd784062664f429c6bd13aa1e2f14a5788e3b0752a,"coba diversus Omoda E5 dong, speknya mirip2 kan ya",0,2026-02-23T09:31:11Z,2026-02-23T09:31:11Z,2026-09-19T00:23:04.027753+00:00
UgyF6VlY1Dt_ckSTZvh4AaABAg,Vu0ayycGXbI,408d0c8d485e04dd8f020d2abcd9f9dfe518b4b7f0b5224406a3d2eee3212e6a,300 gak kuat nanjak bjir🤣 mending geely ex2,0,2026-02-25T01:43:41Z,2026-02-25T01:43:41Z,2026-09-19T00:23:04.027753+00:00
UgxK_eXiWzNOjo49U3d4AaABAg,Vu0ayycGXbI,c08776c9c0507fa39e25f3e8eacf845667b1dd154932802f171a3fc47658fe3e,Di ganjal batu dulu,9,2026-02-23T08:44:24Z,2026-02-23T08:44:24Z,2026-09-19T00:23:04.027753+00:00
UgxQlln65DtB4L2nP7B4AaABAg,Vu0ayycGXbI,6c67433d2e4f63af2bce735a2bfc016f24bd65079f91cc3504797632ab536eb1,"Kenapa handle harus pop up? Lebih fungsional yang seperti ini. Ngga perlu gimmick. Di China udah diban handle pop up karena urusan safety.

Masalah ukuran velg balik selera ya. Pengalaman saya kalau mobil keluarga enak velg kecil ban tebel buat kenyamanan.",10,2026-02-23T09:23:39Z,2026-02-23T09:27:27Z,2026-09-19T00:23:04.027753+00:00
Ugx4tNYWhQtd9z-4xKF4AaABAg,Vu0ayycGXbI,a13f7c0f1b0b610e89ee0ee48a310d4bc709a44bdff55bf5b3da38188d171454,"Yg ironis harga mobil di Indonesia itu bukan karena harga mobil CBU dan mobil ber-cc besar dikenakan pajak barang mewahnya. Tapi rakyat yg sudah membeli mobil baik itu CBU atau bukan, tetapi dikenakan pajak seumur hidup dan berlapis 😔",0,2026-02-24T04:57:31Z,2026-02-24T04:57:31Z,2026-09-19T00:23:04.027753+00:00
UgxFOLtIlgQOYavSZqd4AaABAg,Vu0ayycGXbI,f32c68d1d0cca500728564a8f5a662422f837448e8e08bbc8795dbf3fdaad81e,"Mobil fwd ngak usah tes nanjak dari diam di saat jalanan basah om. Sudah pasti hasilnya jelek semua. Kalo tetap tes, hasilnya ngak objektif",1,2026-02-28T05:00:22Z,2026-02-28T05:00:22Z,2026-09-19T00:23:04.027753+00:00
UgyERpAzYUpmjOCdUEB4AaABAg,Vu0ayycGXbI,5d67abaacc731eff8bb0189406c41ae50583ac29e312443a91d02a970bf36a65,"Diet broo, diettt",0,2026-04-07T05:16:41Z,2026-04-07T05:16:41Z,2026-09-19T00:23:04.027753+00:00
UgxEimquKqSljPmZzaZ4AaABAg,Vu0ayycGXbI,f5b63d21a680257b8a9401ad2d3cbc6da4f4590a855f0d61c2735fb5181a6ef4,Malu sama geely ex2,2,2026-02-23T12:25:52Z,2026-02-23T12:25:52Z,2026-09-19T00:23:04.671044+00:00
UgzuFuhY58QSpLbVdft4AaABAg,Vu0ayycGXbI,89cc2b385a1b0239c66ff0d9be899288180801b7ed2582ebcfcf5adf3ec85c9e,"Ac mau di atur dingin atau ga nya ga ga ngaruh, itu ev😂. Kecuali pake mesin iya😅",10,2026-02-23T09:20:13Z,2026-02-23T13:09:10Z,2026-09-19T00:23:04.671044+00:00
UgyXd-9TNjtIhXAZvBt4AaABAg,Vu0ayycGXbI,4b851f69f0b7408520c549df6d79cb7239fb05f2e156e9ff6713d3ed50722e00,Handle Pintu pop up kalo ga salah udah ga dibolehin di China sejak 2026. Perhatiin aja mbil China yang baru2 juga dah ga pake model pop up. CMIWW,0,2026-05-04T06:17:12Z,2026-05-04T06:17:12Z,2026-09-19T00:23:04.671044+00:00
Ugz4UMjrUVT_2jv2y9Z4AaABAg,Vu0ayycGXbI,7c261ffb15a0fbffc45a21c3b3a8e76ef423c457894b3201537310e86cbc8774,sayang belum ada mobil ev yang awd depan motor inruner belakang pakai dual hub motor itu akan berguna buat nanjak dan jalan tanah berlumpur,0,2026-04-05T08:10:08Z,2026-04-05T08:11:17Z,2026-09-19T00:23:04.671044+00:00
UgxoMz3qErUrTF74wxN4AaABAg,Vu0ayycGXbI,7e6f777e46b1e8ffd177ce9df235ca2a8e1a761bd5900314aec6e0320040571e,Untung gak jadi SPK mobil ini..,0,2026-02-25T20:55:38Z,2026-02-25T20:55:38Z,2026-09-19T00:23:04.671044+00:00
UgyL_Nwr72IxN_2oCxx4AaABAg,Vu0ayycGXbI,1e16d9597ee29e8c15ab3a47fffa33582c54f94b747ecb3c1ce20c4c44f2b962,Jauh betul sama OTR Kaltim tipe premium nya 345.8jt,0,2026-02-24T12:23:31Z,2026-02-24T12:23:31Z,2026-09-19T00:23:04.671044+00:00
UgyWlYAbtGNjmPWmkGZ4AaABAg,Vu0ayycGXbI,7fdb2c784a09a216ca8166e263aad1617f22d4ec7ee4fa94573b9aaf2da30f77,"Sy percaya mobil ini kuat. Masalahnya ssdh dibeli  ada pada baterenya, layanan purna jual. 
Garansi batre brp tahun? 
Harga batere 100 juta?",1,2026-02-24T02:45:19Z,2026-02-24T02:45:19Z,2026-09-19T00:23:04.671044+00:00
UgyzJ-PCZLlaUsfe3EZ4AaABAg,Vu0ayycGXbI,5ea0cf81c905b569466106eb7d7a7eeec79484d0ad2401b1d4a132ec9ed2db03,ban-nya kurang grip dan jalan licin..,0,2026-02-23T10:31:00Z,2026-02-23T10:31:00Z,2026-09-19T00:23:04.671044+00:00
Ugx1YA0TAictmCCJIBN4AaABAg,Vu0ayycGXbI,5b7bf91c91eff0a30e15b30722bffea9b347824a2b07175aba228663ca75f61b,"wajib ganti ban sih itu, bannya nggak mampu dapet grip dengan power sebesar itu",1,2026-02-23T09:40:40Z,2026-02-23T09:40:40Z,2026-09-19T00:23:04.671044+00:00
UgxFHS6V7hIkWIBb8iZ4AaABAg,Vu0ayycGXbI,85d08cdbda496b13494e6b3270289716a03949e0fad2ee011e5845ef97c09445,"tenaga sih oke ini mobil, kyanya yang masalah di ban bawaannya yang emang jelek atau traction controlnya yang payah",0,2026-02-24T18:43:01Z,2026-02-24T18:43:01Z,2026-09-19T00:23:04.671044+00:00
UgxlioLzKeRveE9X1Dx4AaABAg,Vu0ayycGXbI,3fa9ac1e6fff75e4e49265c43d800d5b68c4617b9514cf9e498960be2f4b585a,Harus dikempesin ban nya,3,2026-02-23T13:16:38Z,2026-02-23T13:16:38Z,2026-09-19T00:23:04.671044+00:00
UgwF6MLTUf2Bg2mNEg54AaABAg,Vu0ayycGXbI,53b7745e8350d292577e98514daa127a112949ab6d3b6ec39313d071bcb11c0c,Mau dapat barangnya?? DP sekarang dapatnya juni😂😅😂😅😂😅😂,1,2026-02-23T12:18:43Z,2026-02-23T12:18:43Z,2026-09-19T00:23:04.671044+00:00
UgxjRZbcNFD1mF1m-9V4AaABAg,Vu0ayycGXbI,24dbb4fdc3ff5f6f8212c457a6d059ec69282cf88e24fe472224a21fd6f3691f,"Mobil ini keluar setelah beli tanah sebelah rumah karena punya sodara sendiri. Andaikan kemaren gak ngebeli tanah. Pasti bulan nov kemaren udah spk, mobilnya bulan ini sampe rumah 😢😢.",0,2026-02-23T15:09:57Z,2026-02-23T15:09:57Z,2026-09-19T00:23:04.671044+00:00
Ugxs09Q_YzH6yQkryvV4AaABAg,Vu0ayycGXbI,be3a1c49f13b18ce122c45bde3182ebb5570f7b6df1d759a9bf196cea869d0f6,"andai ada phev lebih laku keras,
puyeng mobil jepang",0,2026-02-23T22:49:55Z,2026-02-23T22:49:55Z,2026-09-19T00:23:04.671044+00:00
Ugw7fxeroX8VFbgfsTp4AaABAg,Vu0ayycGXbI,d2add53fa63ad53528e23d91094061a9810cea3ad4fbac53a2b3959171888e3e,"Harusnya ujan itu bukan jadi Alasan untuk kekurangan J5, secara emg geografis Indonesia itu negara Tropis, dmna curah hujan tinggi, harusnya J5 udh paham ekspor mobil ini ke negara Tropis",0,2026-02-24T17:11:26Z,2026-02-24T17:11:26Z,2026-09-19T00:23:04.671044+00:00
UgwezKZmcWgomn5ENBV4AaABAg,Vu0ayycGXbI,2256460efa1ec0cbdc7eb93f2e0455538288dd35007c7c0060521bbad8d6e9bb,Ganti ban Michelin atau pirelli,0,2026-03-05T11:12:27Z,2026-03-05T11:12:27Z,2026-09-19T00:23:04.671044+00:00
Ugyj_YVIHAl5V0SrgBp4AaABAg,Vu0ayycGXbI,cc03ff010e9d91f33609028170d1a82f7793f98226791419a4b3a0e5181934a5,kalau di jalan umum yg ada lalulintas mana bisa jalan zig zag🤣🤣🤣,0,2026-02-24T17:21:24Z,2026-02-24T17:21:24Z,2026-09-19T00:23:04.671044+00:00
UgwojphTJ5eVunzfynN4AaABAg,Vu0ayycGXbI,875ab15b088a62d3146f679cfa34cd6984760de1fc991f719681d1656ba02885,"sistem kontrol traksi nya kurang bagus, sama kyk omoda e5 nya
tipe motor listrik nya juga bukan yang naik speed nya gradual, tapi yang langsung kenceng, jadi ban nya spin dan slip (Tipe yang naiknya gradual tuh AION sama BYD)
setir nya juga walau udah di kasih mode sport tetap ringan dan ga ada feel nya, sama juga seperti omoda e5
curiga 1 basis nih atau 1 sistem tapi beda casing aja ya jgn2 🧐",3,2026-02-23T13:04:59Z,2026-02-23T13:06:48Z,2026-09-19T00:23:04.671044+00:00
UgwqAuYEivAdQBmXor14AaABAg,Vu0ayycGXbI,2f10ed6d260319cd9fe221b659bfeb9e73c1f526d18412d3e08db3331842e568,Berarti depannya hrs ada beban... Biar ada traksinya... 🤔,1,2026-02-23T10:26:27Z,2026-02-23T10:27:22Z,2026-09-19T00:23:04.671044+00:00
UgwiY-C-yUJkUr18SuJ4AaABAg,Vu0ayycGXbI,ea6ee72884296895576af98f397af03b56eeba0190cd813a14185ce63aa30ddc,Berarti intinya nih mobil gk boleh dipake nanjak pas ujan .. gtu kan intinya?,1,2026-02-23T10:36:14Z,2026-02-23T10:36:14Z,2026-09-19T00:23:04.671044+00:00
UgxpdBSM2GN-TZ2sQe94AaABAg,Vu0ayycGXbI,1376fcd32d9dd6a0862bb37654c086b932788e84b3c71940158242fd37f21161,Apakah gak ada traction control ny jaeco ini ya?,0,2026-03-27T02:48:23Z,2026-03-27T02:48:23Z,2026-09-19T00:23:04.671044+00:00
UgydBCBUsK76-Y3p4Yh4AaABAg,Vu0ayycGXbI,cb5b501fbf32d3e456d7f8348d3f3b90e98d5536ab3e8279bcab2549a9433f25,"Entar lah wait and see dulu 2-3 taon ke depan ini barang2 china , gimana2 urusan nya ...",0,2026-02-24T06:28:58Z,2026-02-24T06:28:58Z,2026-09-19T00:23:04.671044+00:00
UgwPSriPeUNvwf_Gm114AaABAg,Vu0ayycGXbI,b2ca2d91acb944cdbb7d3cfd3df293514f5df9d84e4b6a698b8417eaec4f3ded,"Nambah 50jt MG S5 penggerak belakang, tombol fisik msh ada, sunroof/panoramic, dan rasa nyetir spt sedan. Kalian pilih mana S5 atau J5 ???",1,2026-02-23T12:03:21Z,2026-02-23T12:03:21Z,2026-09-19T00:23:04.671044+00:00
Ugx5unWz2bHA05Rlavt4AaABAg,Vu0ayycGXbI,606af24870e16f10fe5810c2e0fb7b5720666caf69d369a4cbf523b97460b3cd,cuma 1 model depannya datar banget kayak kehabisan ide 😅😅😅,0,2026-02-23T11:27:19Z,2026-02-23T11:27:19Z,2026-09-19T00:23:04.671044+00:00
Ugyg-zb4DeI8SHxg7-t4AaABAg,Vu0ayycGXbI,960f36b6a42836a17dd0ff82f87f58ea569bcd7b169ec64669abdf8fb6cb7173,kalau di banding dengan AioN UT ?,0,2026-02-23T17:44:44Z,2026-02-23T17:44:44Z,2026-09-19T00:23:04.671044+00:00
UgxasN6zPEI5rwJ1A8J4AaABAg,Vu0ayycGXbI,888f5aea6bdc7958c4fe71f6473f5dccf84088157170e95a806e98cdea379976,"Waktu nyoba mobil ini, keluarga ga ada yg mau, malah milih geely ex2. Biar ex2 ga kenceng, ga ada moonroof dan embel2. (Bnyk  yg di kurangin fiturnya.) Comfortnya jauh lbh bgs drpd j5 ini.",1,2026-02-23T11:47:12Z,2026-02-23T11:47:45Z,2026-09-19T00:23:04.671044+00:00
Ugy_8-_PwK67r8GrTlR4AaABAg,Vu0ayycGXbI,bad877719b52a117512f4dee700b7e9991a128492c30d84d95c3653be0baebca,"Utk harga sekelas, Geely EX-2 lebih nyaman ditanjakan terjal.  RWD gak pernah bohong.  😁",2,2026-02-23T11:46:44Z,2026-02-23T11:46:44Z,2026-09-19T00:23:04.671044+00:00
UgyoPXFO3Z5U0lK40Rp4AaABAg,Vu0ayycGXbI,87f2408c27270a01f25f2a9f7b4c710662d64374b1cc7a0dd052e00703d6e9a4,"dengan ukuran lebih besar dari calya, dan wheelbase juga lebih besar dari calya, seandainya dibuat 3 baris dan harga segini, kayanya semua mobil jepun bakal nyungsep ya?",0,2026-03-05T11:09:58Z,2026-03-05T11:09:58Z,2026-09-19T00:23:04.671044+00:00
UgyAcXg7Rg2fseMGwet4AaABAg,Vu0ayycGXbI,b353c08052620fcad320ff77d42a8d9d8593210e271cd3ac876241162cc98b4f,Padahal sdh pake ban GitiControl p10 khusus traksi,0,2026-02-23T09:47:18Z,2026-02-23T09:47:18Z,2026-09-19T00:23:04.671044+00:00
UgyzLxYooIw97S-Omx54AaABAg,Vu0ayycGXbI,d41493e91faf0413d486cb89076f137bfd64585c0fbb3dee950b6d06496a6705,"tenaga besar, traction control ON
tapi gagal nanjak?

TERUS FUNSSI TRACTION CONTROL ON APA KALO MASIH LOSS GRIP 😂",1,2026-02-23T09:29:35Z,2026-02-23T09:29:35Z,2026-09-19T00:23:04.671044+00:00
Ugz4RAkaI7F3bH-8wqt4AaABAg,Vu0ayycGXbI,ead8b75d399ab0a9a408abd1af61528b57a079d73b21ccdc93540da792621107,FWD kan....?? Jelas akan spin ditanjakanlah,1,2026-02-23T08:23:19Z,2026-02-23T08:23:19Z,2026-09-19T00:23:04.671044+00:00
UgxTFua-3Dk7iuzarZJ4AaABAg,Vu0ayycGXbI,39fa4ba0317db6f78f77c58fa07b42f659909d5ed9f1d63d73eef1c38189e589,"Jalannya basah dan licin  banget, ban gak punya grup, dan susah naik...",0,2026-02-23T09:45:05Z,2026-02-23T09:45:05Z,2026-09-19T00:23:04.671044+00:00
UgxdkD3kjSkmuhWf-Tl4AaABAg,Vu0ayycGXbI,b79de67a20c1c80343b046b0d2247abbf7980a69f2b09c2457b4e6484fdfba99,Cara biar ban ga slip gimna ya???ada tombol yg harus di pencet ga??,0,2026-05-14T12:11:16Z,2026-05-14T12:11:16Z,2026-09-19T00:23:04.671044+00:00
UgySAqwG-ZtxrASnH-94AaABAg,Vu0ayycGXbI,7279d56554652ad72efc3f72b322cb57e1ff33283f3ac66e4fd2502daa985d6a,"Membuktikan video amatir j5 kesulitan nanjak waktu itu gara gara ban spin, herannya kenapa TC nya ga intervensi mindahin power ke ban satunya ya, kaya di destinator yg kalau ban kiri spin, akan langsung pindah ke ban kanan",0,2026-02-23T09:25:55Z,2026-02-23T09:29:08Z,2026-09-19T00:23:04.671044+00:00
UgyGS-5PB8tQMTbzrgF4AaABAg,Vu0ayycGXbI,f79f9b92178c52f1d549fc83619f21060a25936a310015092c378f06b2647061,Udh paling bener beli mobil AWD d kondisi jalan indo apa lg ada beberapa mode lebih bagus,0,2026-02-23T15:17:47Z,2026-02-23T15:17:47Z,2026-09-19T00:23:04.671044+00:00
Ugx0vjUFDzTtTC-IdsJ4AaABAg,Vu0ayycGXbI,a520c03ae006a29b1ea946d31262bf44acb7e43b75cc096bdf6f3df8f8463ab4,Looh kok kalah nanjak sama Geely ex2,0,2026-02-23T13:43:16Z,2026-02-23T13:43:16Z,2026-09-19T00:23:04.671044+00:00
UgzxGHD8YyIaVITocYR4AaABAg,Vu0ayycGXbI,77e449d2dd3c5af05fbe9752128c3aeb3d3ee26244387ad71eeded946c8ab436,"bang, yang saya penasaran banget tapi takut nyobain sendiri: v2l buat ngelas bisa ga? barangkali mau coba tes-kan buat kaum penasaran",0,2026-03-09T14:30:16Z,2026-03-09T14:30:16Z,2026-09-19T00:23:04.671044+00:00
UgxCB_uVL-7RsbN6y3t4AaABAg,Vu0ayycGXbI,363fbb7646533eac7d5b8a8e6bc1d9bbedea25f0d9a8cb3e51510d948b756be7,"sengaja dipakein normal, kenapa ga pakai sport ? 😯",0,2026-02-23T10:04:17Z,2026-02-23T10:04:17Z,2026-09-19T00:23:04.671044+00:00
UgwZgDd0LWBbv7wBQsp4AaABAg,Vu0ayycGXbI,25100b9a1d0383afbe7974920f2194197e313343d9b1ff382997ea8a52519b14,Harus nya Jaecoo J5 dengan designnya yg macho di bawa test di tempat seperti in😊:  https://youtu.be/kzIVBV2JkoM?si=57pjAAi7nd3fTw0L,0,2026-02-23T12:43:37Z,2026-02-23T12:43:37Z,2026-09-19T00:23:04.671044+00:00
Ugz4xnsxCnr6pkNJx7t4AaABAg,Vu0ayycGXbI,f58ff386a5ca6dbbaa6578812f30d664d4428b277888316ff8509bc2bbe11742,Ban nya jelek kah?,1,2026-02-23T08:12:33Z,2026-02-23T08:12:33Z,2026-09-19T00:23:04.671044+00:00
UgzOe4JZnIAEOV6iZ0V4AaABAg,Vu0ayycGXbI,5a66025a7ad151f2596e5f31d5b698e2f569b0493ee72cd6e30eb7f679b3018a,"ni mobil hampir perfect dengan harga 319 (sekarang) cuma emang setirnya terlalu enteng kalo dipake di tol rada ngebut, tenaganya mantep tiba tiba 150 km/h udah padahal di speedo power cuma +9%, setirnya juga kayak kurang presisi di kecepatan tinggi sama pantatnya rada ngebuang kalo di kecepatan >100km/h mungkin karena terlalu empuk ya?",0,2026-08-22T15:19:10Z,2026-08-22T15:19:10Z,2026-09-19T00:23:04.671044+00:00
UgyA6FejGZ848X_oVQx4AaABAg,Vu0ayycGXbI,8bebd5ff584b398baab0a83bbc0134d3aac4b0aeb2508089ccc50b22084d4db3,Irit nya brp km per kwh?,0,2026-06-15T02:45:27Z,2026-06-15T02:45:27Z,2026-09-19T00:23:04.671044+00:00
UgyJYi8ZByc99ulHcoF4AaABAg,Vu0ayycGXbI,3649c1265252cecc5a920639d05d8cb0424a3835f3d734cb581f94162900c119,"mantab, mobil impian, bisa nanjak. tinggal pasang jok belakang tambahan. maklum orang indo, 7 seat lebih baik walaupun nda kepake. hahaha. power najaknya dapet, tinggal kempesin ban",0,2026-02-24T02:12:45Z,2026-02-24T02:12:45Z,2026-09-19T00:23:04.671044+00:00
UgzS6j3qQtidwz-qeqR4AaABAg,Vu0ayycGXbI,836d36526a2a37657698bcb9222d952169960cc8e20deb02306d990759d46caa,"PR pertama berarti, ganti ban",1,2026-02-23T08:32:19Z,2026-02-23T08:32:19Z,2026-09-19T00:23:04.671044+00:00
UgyGhke7mvnfkImrNPt4AaABAg,Vu0ayycGXbI,87fd7ec6b5553ee41b88907fe6081e985c705f8d38f58de4609cecc41079e5ac,"Seberapa besar tenaga, ban dan rem sangat penting. Terbukti kan J5, kurang tenaga apalagi sampe wheel spin terus saat nanjak & drag race.",0,2026-02-23T09:13:31Z,2026-02-23T09:13:31Z,2026-09-19T00:23:04.671044+00:00
Ugzz3mBhHmRuQkuq6mB4AaABAg,Vu0ayycGXbI,cdcf43d5e13f1c7e436c1635ccf678480f763d27965862ffb6791d6b29fb38b6,Bagus mana sama mgs5?,1,2026-02-23T08:24:06Z,2026-02-23T08:24:06Z,2026-09-19T00:23:04.671044+00:00
Ugy_WYkeVHVcKpPT1v94AaABAg,Vu0ayycGXbI,33a2a935c4c9536ddb9ee39c1f3b3418011c17c8617f6afcb0be1b8ee6a29428,Bannya pake apa ya ini? jelek amat gripnya,0,2026-02-23T11:13:57Z,2026-02-23T11:13:57Z,2026-09-19T00:23:04.671044+00:00
UgyZmPkvkjJTU4EDnLd4AaABAg,Vu0ayycGXbI,cfd37ae072ff3ffc552e99d383e020070cd268736cd9bf6bccdc7860d491b9ad,perusak harga wkwkwk,0,2026-02-25T08:18:15Z,2026-02-25T08:18:15Z,2026-09-19T00:23:04.671044+00:00
UgzqC1GcmOjQpMJPoXN4AaABAg,Vu0ayycGXbI,d19b745e36f25c7295efe14bf182cd66fab83daf1d0540a96c06e0c35c074fc9,Yhaaaa gagal nanjak,1,2026-02-23T08:38:16Z,2026-02-23T08:38:16Z,2026-09-19T00:23:04.671044+00:00
Ugy0lMAoQh_jPsDGrq94AaABAg,Vu0ayycGXbI,905be429b0ff74c18f663bb07130dedfeae5d3752f9bf70c187cbc5b92c155ae,Knp sulit nanjak?,1,2026-02-23T08:17:26Z,2026-02-23T08:17:26Z,2026-09-19T00:23:04.671044+00:00
Ugz7ClD_WxX_Xq7guJF4AaABAg,Vu0ayycGXbI,b7abaa99989bcfa567357416407952f14dff009212f787183fb7069f077bcbc4,"Dipake diderah pegunungan aman ga bang?
Mo beli jadi mikir2 lagi kalo ky gitu, apalagi tempat ane sering ujan dan jalanan naik turun.",0,2026-02-23T08:56:59Z,2026-02-23T08:56:59Z,2026-09-19T00:23:04.671044+00:00
UgzOlDr1hi7AE4f9TJh4AaABAg,Vu0ayycGXbI,2cb065b4b36b10a647c5a1148b58fde60757f7c494fa45a8f3f5bd5b4b066421,Yg beli atto1 dan binguo cuma bengong aja😂😂 itulah resiko mochin,0,2026-02-23T10:31:31Z,2026-02-23T10:31:31Z,2026-09-19T00:23:04.671044+00:00
UgxvM8kr0bxSGqvBn_l4AaABAg,Vu0ayycGXbI,ae4ce6a823176617a00a0402843abbc02787f82af736427a83e0a4e4f49ff296,"gini nih kualitas reviewer lokal, di tiongkok dibuat rules untuk aman pake handle pintu yang normal malah duo huruf O ini pilih handle pintu yang pop out yang ga aman. dikasih bagus malah dibilang terlalu mewah, dungu banget",1,2026-02-23T12:41:49Z,2026-02-23T12:44:18Z,2026-09-19T00:23:04.671044+00:00
UgwfQywiSjWRWSybALp4AaABAg,Vu0ayycGXbI,78261613b01742d271fd566fa8edc9f4082b8fc8976a5f7d2bcb9203ed0eac75,cupu,0,2026-02-24T08:04:15Z,2026-02-24T08:04:15Z,2026-09-19T00:23:04.671044+00:00
UgxJa0_0GRdxLD42KkB4AaABAg,Vu0ayycGXbI,841ec157a6da70093a00ebe928d8a55ec212815bf1398fbc65a07c7b226fbcea,"Yg kurang suka dari mobil ini bodynya kelebaran dan kegedean, klo misalnya ukuran masuk ke kelas small crossover dengan harga segitu pasti jauh lebih ganteng kyk jimny 5 door",0,2026-02-28T17:08:48Z,2026-02-28T17:08:48Z,2026-09-19T00:23:04.671044+00:00
UgyebwdNBTXAKqzKYe54AaABAg,A9niV2791gs,38d2dcad52ebfdcd0b006522168779f0b006ec8e47ad78ed5d59fb33f4eadbca,Semoga makin banyak mobil listrik yang punya harga semenyenangkan ini yaa.,18,2026-01-22T13:55:04Z,2026-01-22T13:55:04Z,2026-09-19T00:23:04.831083+00:00
UgzJCn_5xUhdzCT_GuF4AaABAg,A9niV2791gs,2ea00634333a9f27a56d95fa09648673bae6156d4d42815114c5d770add59c66,asli mobil ini keren... udah liat langsung d jalanan udah ada yg bawa,10,2026-01-23T06:55:39Z,2026-01-23T06:55:39Z,2026-09-19T00:23:04.831083+00:00
Ugw7ctJYxdo2RkCsHfl4AaABAg,A9niV2791gs,1515913cffc0a806b4071284c2ad83f6aa188eddc97cde43a4c391e2146ebeb1,"Asik memang mobil ini, yg belum dapat sabar aja ya...",8,2026-01-23T02:58:04Z,2026-01-23T02:58:04Z,2026-09-19T00:23:04.831083+00:00
UgyJP9L8BTz5Z6C1RHF4AaABAg,A9niV2791gs,0f3e67823b3a28ebe62cd2a0386933c6880249e230adeed0cd417d8d5983a278,Sangat sangat Menarique,0,2026-03-06T07:46:46Z,2026-03-06T07:46:46Z,2026-09-19T00:23:04.831083+00:00
UgxdKWalRGizoeZ0SbR4AaABAg,A9niV2791gs,efeb17e06b8d1548fb5163b879b5d1ad494fd2eb1e74f27707ea4ca5816466bc,"Dengan berbagai permasalahan indennya, model, fitur, harga memang terbaik sih, apalagi dibandingkan sesama harganya.",8,2026-01-22T14:16:00Z,2026-01-22T14:16:00Z,2026-09-19T00:23:04.831083+00:00
Ugzew9KFk8mI1ADk0Dd4AaABAg,A9niV2791gs,70f20a33e7fd5c5d04b8b1067362f7fc81799d90a6c06882cb9b9f68471db09f,Value for money,1,2026-01-23T09:22:08Z,2026-01-23T09:22:08Z,2026-09-19T00:23:04.831083+00:00
UgyUs6hY6n4WPHTCe394AaABAg,A9niV2791gs,bb3f5192e28f1a1b58b228fe5d7bf65e3bf4cd74c43af05f42495a97b5cb51e8,"Kalo di luar kota sdh terima unit banyak, pelayanan bagus untuk seles dan after selesnya❤",2,2026-01-24T16:11:55Z,2026-01-24T16:11:55Z,2026-09-19T00:23:04.831083+00:00
UgyGW8auGWKNb1TKX314AaABAg,A9niV2791gs,61872bc241b55e32761a3fcdd875c9892532a85215e35d157ccd76c03cc2b633,"mobil eV berdimensi cukup besar 4,3 mtr x 1,8 metr x 1,6 mtr clearence 20 cm dengan harga di bawah hanya Rp 300Jt masih disertai berbagai garansi serta pembayaran permudahan dan tampilan sangat keren, calon mobil sejuta umat, sangat keren tampilan bisa on road dan off road.",2,2026-01-23T11:27:02Z,2026-01-23T11:27:02Z,2026-09-19T00:23:04.831083+00:00
UgxJgaIbFtyLI6XXsEh4AaABAg,A9niV2791gs,f277873b24d9899dbecc771ee40c964a893334ed3b24751e25aba8de21a4aadf,"Semakin menyenangkan melihat harga mobil yang canggih semakin murah.
Tinggal fulusnya aja nih yang belum terlihat...😂😂😂",3,2026-01-23T02:31:05Z,2026-01-23T02:31:05Z,2026-09-19T00:23:04.831083+00:00
UgwBl_NdpIssoIZ_spd4AaABAg,A9niV2791gs,7283276aee16937dd6bf20be284aff07a71e891edebb403723c0530a8552639c,Mkasih mocin biar mobil jepang sadar,4,2026-02-19T16:15:10Z,2026-02-19T16:15:28Z,2026-09-19T00:23:04.831083+00:00
UgwoZxCk5mz18FpT3zh4AaABAg,A9niV2791gs,aee03aac215567aba86c10966a9f4f8a24eed31db550363223316f9011566c89,"Walau tunggu lama dikit, tapi worth it dari segi performa(over power utk berat mobilnya) , kenyamanan cukup baik. Utk mid sized suv sangat memuaskan kalau dibanding dgn kelas mid sized auv japan yg jauh boros dan mahal operadional. Saya tunggu hampir 2 bulan Barusan dapat. Kalau di pikirkan produsen mobil tidaklah gampang seperti bikin martabak. Keluarin model sampai siap jualan perlu biaya dan tenaga masif yg saling dukung sampai siap di rumah pembeli.",4,2026-01-23T01:38:07Z,2026-01-23T01:38:07Z,2026-09-19T00:23:04.831083+00:00
UgwyCOKv2bM2-XlQsrZ4AaABAg,A9niV2791gs,dfe3d3c09719d843df67b707501b54865ebb083694d7b50884d6ec0e7e86e1e9,Bravo jeco vs byd,2,2026-01-23T13:00:55Z,2026-01-23T13:00:55Z,2026-09-19T00:23:04.831083+00:00
UgzD0Uj1TcHlSKQM_P94AaABAg,A9niV2791gs,be457a5821e4e283c2e3b306093a1ce73e86814da064f777c7cf07521639c52d,"sepertinya jaecoo ga expect jumlah spk sebanyak itu, alhasil kewalahan itu pabrik lokal wkkw, beda dgn atto 1 walau banyak yg minat tapi dia masih cbu alias tgl nunggu kiriman dari kapal byd, begitu dateng langsung banyak, konsumen pun ga bete karna ga saling iri sama yg dapet dluan, soalnya denger2 dari org vendor yg pasang wallcharger chery di rumah bilang, yg kebagian J5 sekarang itu yg mesen pas giias aja dan itupun yang langsung bayar cash/dp besar, dan sisanya orang2 penting yg dapet sejenis influencer dsb wkwk",15,2026-01-23T03:08:29Z,2026-01-23T03:08:59Z,2026-09-19T00:23:04.831083+00:00
Ugzxz6jQSZxuVEVx-RB4AaABAg,A9niV2791gs,37771243e959aae40d50b0799babca9160fbe9d8f731fef76c9b22057eb6ae45,"Sabar nunggu seken nya, amin😊",1,2026-01-25T00:07:38Z,2026-01-25T00:07:38Z,2026-09-19T00:23:04.831083+00:00
UgxegqXqz0zVUEh0uwZ4AaABAg,A9niV2791gs,d3ddb389a640c23657e07655bb39e9bbd79eeafc0c9f1c47e5569729efeef763,"Waah ini bisa jd ngeri jg ya torsi yg tinggi, terutama klo driver cewek atau emak-emak yg gk hati-hati, salah bejek bisa celaka😅",7,2026-01-24T08:50:00Z,2026-01-24T08:50:00Z,2026-09-19T00:23:04.831083+00:00
UgzpUjuadc7NN_SdDSV4AaABAg,A9niV2791gs,93d9d42006853e2d19dd6953eb6f7b4cfdc9328dc2ca8944c487b61ca41bb631,"Ada Plakat prasasti dinasty Ming ukuran 13"" di tengah .... 😮😮",3,2026-01-23T13:50:52Z,2026-01-23T13:50:52Z,2026-09-19T00:23:04.831083+00:00
UgyyovBHc5LywHGvD0R4AaABAg,A9niV2791gs,04ec6acfc115bb6566a451b103defe4b7acee59ac8d99ec63ac6670470fa85f8,12:55 torque steering lebih tepat.,0,2026-01-27T12:39:04Z,2026-01-27T12:39:04Z,2026-09-19T00:23:04.831083+00:00
UgxVIqFYXBj6-Bapb4t4AaABAg,A9niV2791gs,c7c681b3f8d183d6742fdeae3ccf629f176e03cc2cbbb8c332f1c77df6e294b5,"Setuju sama yang bagian layar instrumen, kena downgrade jadi layar kalkulator, padahal yg versi luar dapat full screen",0,2026-01-26T04:30:01Z,2026-01-26T04:30:01Z,2026-09-19T00:23:04.831083+00:00
Ugx1yAv6JZwaKC3J-mh4AaABAg,A9niV2791gs,afe31f67c904cf9a6ec70d583a4e5928d621354b83d2025a3e83ef53e2b1cee3,Harga goib waspadalah..selesny aj PD mles respon soal bgnian 😂😊,7,2026-01-23T03:12:20Z,2026-01-23T03:12:20Z,2026-09-19T00:23:04.831083+00:00
Ugxbz67VFiqGRX3XZv14AaABAg,A9niV2791gs,4fac147934b50554abd2b7024152c001c78d2ed306251198a58d6f012f59b253,Belum dateng mobilnya...sabar sih,1,2026-01-23T03:49:12Z,2026-01-23T03:49:12Z,2026-09-19T00:23:04.831083+00:00
UgxczX3o-7ZXYtZUhHN4AaABAg,A9niV2791gs,61c121839ccfa3067bea69a3e58d1abae4c91056ad5364700e9e0394ca1127f5,Di tunggo atto 2 hadir.semoga bisa bersaing harga,2,2026-01-23T05:51:04Z,2026-01-23T05:51:04Z,2026-09-19T00:23:04.831083+00:00
Ugz7GbQYviu5l4l3brh4AaABAg,A9niV2791gs,c77e0ace4fff793e712c92ee2d8793777d555420b88b429b624a760cc93a68ce,mobil J5 ini tenaganya kuat tarikan instant. klo di jalan bbrp x ketemu pasti yg bawa ugal . Dan lagi harganya murah jadi biasanya yg beli mental avanza yg cuma 130Nm tiba2 bawa 250Nm keatas langsung ugal ,2,2026-01-23T03:09:59Z,2026-01-23T03:09:59Z,2026-09-19T00:23:04.831083+00:00
UgxOqGCPLsBqzUVPWZB4AaABAg,A9niV2791gs,ccc064a34a58c351a0eb8ec71ffacbddf603125b5864dc1ea4b2f2af9ec22da4,"dari channel besar otomotif d yutube ga ada yg bahas janji spk , lunas dl br antar unit.",1,2026-01-23T03:50:09Z,2026-01-23T03:50:09Z,2026-09-19T00:23:04.831083+00:00
UgwiNiB4fhspwlTxvix4AaABAg,A9niV2791gs,9c014051808092a9cf94c99997af33bac99269acce6b5393a07c4249eb407178,Hebat pabrik mobil china bisa menbajak desainer dan engineer range rover ke China Chery group,0,2026-01-29T04:39:17Z,2026-01-29T04:39:17Z,2026-09-19T00:23:04.831083+00:00
UgyIglqFejrftE2mSbd4AaABAg,A9niV2791gs,2dd787cf3eb61040ab708b994615367295fa9de657ef12f1f82d31d81370ae96,Tumben dashboard nya ga kayak mobchin umumnya,1,2026-01-23T02:08:29Z,2026-01-23T02:08:29Z,2026-09-19T00:23:04.831083+00:00
UgytICPvh0wLIJb2RHF4AaABAg,A9niV2791gs,881db43525f6296ccaa0b6743a892e89eb6988896ecf4889bfc4d2772acdfc1c,lebih banyak cerita beli mobil rasa scam tentang mobil ini daripada yang cerita betapa nyamannya mobil baru nan murah ini...,6,2026-01-22T18:30:29Z,2026-01-22T18:30:29Z,2026-09-19T00:23:04.831083+00:00
UgyaeGLclc8E1EpMBxh4AaABAg,A9niV2791gs,72c27f53c687ac31e55609c4e2de37111eb130a5e391695b7c70136550ed1a1c,"SPK 8 november '25, Terima unit 10 January '26. Dua hari di makassar bawa pulang kampung Kolaka utara. Berangkat Makassar 86% tiba Parepare sekalian charging di 56%, sekitar 30 menit selesai charging di 98%. Cukup bagus untuk perjalanan jauh.",6,2026-01-24T03:08:21Z,2026-01-24T03:08:21Z,2026-09-19T00:23:04.831083+00:00
Ugz8lapCE2D0d_75QxJ4AaABAg,A9niV2791gs,450546c0266e202c52622cfb751cd6cb6db22118afbadb08b832c8608d4cda14,Mobil Lustrik sejuta umat😂,0,2026-01-22T23:04:34Z,2026-01-22T23:04:34Z,2026-09-19T00:23:04.831083+00:00
Ugz5_GDf0rM_UtpJBmZ4AaABAg,A9niV2791gs,6674f0faa92fb9731a7052821ff9a2e5bd6ac7a7178a2d63de16f5a75d013a5b,Biar nggak nyundul² bisa di aktifin auto hold,0,2026-01-25T13:19:18Z,2026-01-25T13:19:18Z,2026-09-19T00:23:04.831083+00:00
UgzceHK9XewbWHi8kx94AaABAg,A9niV2791gs,26693b56d442f043add22de0025899d8cb706e00afa20fe4848cbfe95aea1b12,Bacanya Jaeku,2,2026-01-23T04:01:04Z,2026-01-23T04:01:04Z,2026-09-19T00:23:04.831083+00:00
UgxqcV6ll3QWvjYIf4p4AaABAg,A9niV2791gs,2216703923d69c6e1174533abb7ddc4a85327f8dd08990a81ab4c8d97c57f93d,Sodara saya sudah SPK ga Dateng Dateng 😅,1,2026-01-23T05:59:12Z,2026-01-23T05:59:12Z,2026-09-19T00:23:04.831083+00:00
Ugz7O3C_N1CUiQVsPH94AaABAg,A9niV2791gs,7daad7c9bb71ca0806b0e5320f79b91225980d3a363e86e9fdab509b4c03ca31,"Daripada beli Cherry J6 mendingan ini J5 ..... sodaranya dan harga 1/2 nya, heheheh .... gpp deh nunggu yg penting dateng!",1,2026-01-25T18:54:43Z,2026-01-25T18:54:43Z,2026-09-19T00:23:04.831083+00:00
Ugww6_AWwoMj4mTirxR4AaABAg,A9niV2791gs,62575bd8784209b49c3987bc6d7b2430322bd7074313994376e71d4279e20c37,"harga segitu dapet mobil ky bgtu, uda ga digoreng aja harganya uda bagus.. infonya margin nya jg sangat tipis, jd sangat worth it untuk di beli",0,2026-01-29T08:10:09Z,2026-01-29T08:10:09Z,2026-09-19T00:23:04.831083+00:00
Ugys0Lri_n_t8GGxBxN4AaABAg,A9niV2791gs,9e04ae0eb6c11d413853382b0412f84c07f7d65ea49497dd0bcd0a7ebb3ce470,bekas stelah 2 tahun ok sih ini..😂,1,2026-01-27T11:26:05Z,2026-01-27T11:26:05Z,2026-09-19T00:23:04.831083+00:00
Ugz6krmKZ2_ibpdhP5h4AaABAg,A9niV2791gs,294f75ac43e9ffd588c5916490ea8d60e2e87202561575f435f593befa11d3f5,Yg jelas2 ready stock ya merk Chery j5,0,2026-02-01T05:42:12Z,2026-02-01T05:42:12Z,2026-09-19T00:23:04.831083+00:00
UgzkB02dKspVFJp9cmB4AaABAg,A9niV2791gs,823e602f8d6ef0b38e3314446af80c8a3791a36c6783d6ebb5fa95b2d3ab5e87,Minusnya cuma satu : ga sampai sampai mobilnya 😂,68,2026-01-22T15:17:45Z,2026-01-22T15:17:45Z,2026-09-19T00:23:04.831083+00:00
UgxdkBWlMK0K8-5DlyZ4AaABAg,A9niV2791gs,8bbdb5828e75519de82d753f00222d443c3b5e0ff90a25d6657a2a514d604cd4,Jaecoo dibacanya bukan jaeko tapi JAEKU om hehehe,2,2026-01-23T01:58:41Z,2026-01-23T01:58:41Z,2026-09-19T00:23:04.831083+00:00
Ugw4BMik_s8Z7dWtEj54AaABAg,A9niV2791gs,8580dc9e0d0229783fe1d5fd12616dad139d49ef64c12cab8192a9917fc66189,Kalo 200jt cash mau dech..,0,2026-04-08T09:49:26Z,2026-04-08T09:49:26Z,2026-09-19T00:23:04.831083+00:00
Ugzp4Zs3HG-z8KdA46d4AaABAg,A9niV2791gs,64a94caa5a6a0495128ff585a1ca4ed0264a2f76cbfd9f57e70e7e0fa5302011,"9:37 ada perbedaan layar instrument cluster speedometer j5 bev indo vs australia https://youtu.be/qN-gGHthXTI?si=6tS0N2fytREDzGEB&t=7m28s

australia
8.88 inch slim tft lcd (active matrix) 16,7 juta warna. harga part 50-80 usd. harga mobil di aus ada 1 varian saja, aud 36.990 (idr 427 juta).

indo
8 inch standard low-cost tft (passive matrix) lcd (negative display) 65rb warna. harga part 10-15 usd. harga mobil di indo ada 2 varian, idr 299 juta, varian bawa idr 249 juta.",1,2026-01-23T06:41:20Z,2026-01-23T07:15:20Z,2026-09-19T00:23:04.831083+00:00
Ugz-vyVApQ6V8ZqKd1l4AaABAg,A9niV2791gs,6c3457d425e8c79f9966e22021c3965e29cedc00ecfeae2513db6b38902dc3de,Road noisenya aja yang ga kuaatt. 😢😢,0,2026-01-26T10:58:41Z,2026-01-26T10:58:41Z,2026-09-19T00:23:04.831083+00:00
UgzbXTS1cVpeNMHtxG14AaABAg,A9niV2791gs,369559d5ce01f1f624c6b77f13ca81889918080e875f1b9075524f86cb870c15,"sedikit info, layar instrument (MID) J5 indonesia itu beda dgn yg versi eropa, jadi kayak spec down, bandingin aja dgn review2 J5 UK",0,2026-01-26T09:05:42Z,2026-01-26T09:05:42Z,2026-09-19T00:23:04.831083+00:00
UgzoNJmd9wLQoFoKZVF4AaABAg,A9niV2791gs,3ba12baa8311270bc8ae5b998e27ccb2f7bd71c57a72bf50ff220697e6ebbc6c,bang coba di challenge bawa dari jakarta ke palembang bang,0,2026-01-25T17:23:10Z,2026-01-25T17:23:10Z,2026-09-19T00:23:04.831083+00:00
UgzOtMJz-2xTDtNM_Dp4AaABAg,A9niV2791gs,fa5bba2a7983dc0f02d509f40786eb31efddfbc2d1c5cf78a14aabdb8b98eb17,Greill depan nya sprti mbl lg di bgkel bongkar dlm perbaikan,0,2026-03-25T05:39:54Z,2026-03-25T05:39:54Z,2026-09-19T00:23:04.831083+00:00
Ugwovqu9EO353xkG5WN4AaABAg,A9niV2791gs,aeaba6b3b553edcb7737bd918f08c2b6e907542870140f072eef6947355464a3,Parkir sensor mahal kah kalo dibikin sewarna body?,2,2026-01-23T09:05:08Z,2026-01-23T09:05:08Z,2026-09-19T00:23:04.831083+00:00
UgwfhjZdfqTaSvviRRt4AaABAg,A9niV2791gs,776d8404fe6b9870bca41746bf002d0d56b0efd150bb7cec159e61ff86c4443d,Wo.. ambil gak nih?,0,2026-01-25T14:44:09Z,2026-01-25T14:44:09Z,2026-09-19T00:23:04.831083+00:00
UgzZgHnWHfDTLmKIS7V4AaABAg,A9niV2791gs,ed1e59792f8458324c05a039808811ee01f1ae44da57ecdce7b6ddc819e6c4ac,Set ganti ke eco mode saja. Jadi lbh gak loncat pas lepas gas?,1,2026-01-31T04:40:14Z,2026-01-31T04:40:14Z,2026-09-19T00:23:04.831083+00:00
UgysA75KtAi_-xBCahZ4AaABAg,A9niV2791gs,e17a37531dffe20ce6e769cf144ab2b51d115d693e057d6efcbbfe003dfbef80,"Saya sudah pakai mobil ini selama sebulan, so far puas dengan mobilnya. Dari sebelumnya harian pakai venturer diesel ini lebih nyaman, responsid dan effisien. Walaupun tetap ada minus nya minor.",4,2026-01-23T07:19:37Z,2026-01-23T07:19:37Z,2026-09-19T00:23:04.831083+00:00
UgyhJzHGDE88bZChfKB4AaABAg,A9niV2791gs,2a8555ac765e8e6bf92181b3640b96e731749ca77974a2930c7e09208412e848,Konsumsi listrik sy liat mayan jg ya,0,2026-03-25T03:27:13Z,2026-03-25T03:27:13Z,2026-09-19T00:23:04.831083+00:00
Ugx1UuzM8e8rgbjhT1B4AaABAg,A9niV2791gs,962f6b2b53457c23303c750318f6e7e8a650d065a573df7b2e3d0446d9608b9f,Kaki2 dan racksteer gmn y? Smg ada ulasannya 6 bulan lg,0,2026-02-16T08:53:03Z,2026-02-16T08:53:03Z,2026-09-19T00:23:04.831083+00:00
UgzUeMSFjabS0tLPoC14AaABAg,A9niV2791gs,b317fcb7f581444251bba105f4e909b353d4c9e6f2eb0f5e9e48f72ea3f88798,mirip dfsk 560,0,2026-02-16T03:57:28Z,2026-02-16T03:57:28Z,2026-09-19T00:23:04.831083+00:00
UgwJFjEvRM0hSlM3ETp4AaABAg,A9niV2791gs,bf6fe33b3cffdb6607ff8abf27356123ae92ffa8f128b2c74906069f19a5120b,3 baris lebih enak,0,2026-01-23T10:26:47Z,2026-01-23T10:26:47Z,2026-09-19T00:23:04.831083+00:00
Ugxjq4vmBSdeNV2gVtN4AaABAg,A9niV2791gs,d6f6a3192b7b2edfde839f5e9cda9e3a23c2f6635de9651ed926554530238420,rem cakram depan-belakang....suspensi belakangnya independent multilink....apa itu torsion beam?...hehe,0,2026-02-25T07:52:49Z,2026-02-25T07:52:49Z,2026-09-19T00:23:04.831083+00:00
Ugyh_0u2o9AHp1IHIAJ4AaABAg,A9niV2791gs,5653d17568167ed224cf1c742772c440084a067f5c1ce4e2dac8e68250d00f4d,SPK 5 nov 2025 tgl 2 Januari 2026 dpt no rangka hari ini td siang diksh info sm salesnya Minggu depan utk warna hitam n putih sdh siap delivery sdgkan hijau n grey tgl 14 februari delivery nya,6,2026-01-22T18:45:35Z,2026-01-22T18:45:35Z,2026-09-19T00:23:04.831083+00:00
UgwpwrXgBj-bXN0Rcip4AaABAg,A9niV2791gs,75418d3ca11111495895599e6375ad69c1e7c6fc6eebfbc22d66cbf2969cff64,"Uda dpt unit nya tgl 14 Jan kmrn. Spk 3 Nov pas loncing, pelunasan tgl 18 Nov. Uda hopeless nunggu nya. Mesen putih dpt Abu. Malah lbh bagus Abu nya. Bisa kayak berubah2 wrn nya tergantung terang gelap. Marah2 dulu ka ke dealer nya. Baru dikasi no rangka. Bs buat ke plan psg listrik baru buat ev. Masi dpt diskon 50%.",22,2026-01-23T01:52:28Z,2026-01-23T01:52:28Z,2026-09-19T00:23:04.831083+00:00
UgzpddZr6q-hFzgHyKN4AaABAg,A9niV2791gs,a322a4825a91523ac65ee607023255417c5ffdfa129df9a3f9c840c08b826b58,"Spk bln nov 2025,dijanjiin awal feb 2026 kalo ditanya blm ada trus,gk jelas nih.kpn keluarnya?di batalin ajalah",0,2026-02-11T08:48:26Z,2026-02-11T08:48:26Z,2026-09-19T00:23:04.831083+00:00
UgxTt9d9LxKjRXzG2KN4AaABAg,A9niV2791gs,15388fe297218636fbbd49227443449e280c9559757b15b939d2bfad6b28ae38,"Harga sgtu, 4 tahun lalu cuma dpt mobil kutu, yg jgnkan nanjak, jalan datar aja kaya yg stgh mau mati .. Njirr laaah brp itu dulu untungnya wulinh jual mobil bgtuan di 300jt 🤣",0,2026-01-23T04:29:38Z,2026-01-23T04:30:22Z,2026-09-19T00:23:04.831083+00:00
UgyanTblHgwk9jb0nCB4AaABAg,A9niV2791gs,8a7a914698f7478c9a1feec83a293ce3ff1951a7b09dcdc1835f68eacfa375d6,audionya kira kira perlu di upgrade tidak?,0,2026-02-22T04:24:06Z,2026-02-22T04:24:06Z,2026-09-19T00:23:04.831083+00:00
UgzE2jQMt0gzhw0GONt4AaABAg,A9niV2791gs,3a9dd857b4fa3484c352a983af2e3abf3ff1c3b00e98e7d50dd5d4b9b6b2238b,Emang ga ada fitur auto break hold??,0,2026-04-11T10:49:55Z,2026-04-11T10:49:55Z,2026-09-19T00:23:04.831083+00:00
UgyY_9YzA5rAVzfGAPZ4AaABAg,A9niV2791gs,6c18ba560a7fc297c3709719d362db36e1643bdc728bbf47864f84240a7e88c1,SEANDAINYA ADA YG VERSI 3 BARIS/7 SEATERS PASTI LEBIH LAKU LAGI.........,4,2026-01-24T11:14:39Z,2026-01-24T11:14:39Z,2026-09-19T00:23:04.831083+00:00
UgzSKJMCzEedbSWH0wd4AaABAg,A9niV2791gs,b90cf51cc395f2647c602c192268cc8676bde480b5838f1bb7e09eb184fb502f,"Di jaman semakin banyaknya mobil merk-merk Tiongkok di pasaran yang harganya saling bersaing dan makin terjangkau, sebagian besar orang di Indonesia tetap memilih kendaraan dengan teknologi konvensional, resale value, layanan purnajual dan ketersediaan sparepart nya. Dominasi kendaraan di jalanan kota/kabupaten di Indonesia sebagian besar diisi dari merk-merk familiar seperti Toyota, Mitsubishi, Daihatsu, Suzuki, Honda. Salah satunya Innova reborn diesel termasuk MPV dengan penjualan yang tinggi, walaupun banyak pesaingnya menawarkan teknologi yang canggih",2,2026-01-25T02:40:47Z,2026-01-25T02:40:47Z,2026-09-19T00:23:04.831083+00:00
Ugx1ulu2rv0Xl6v7HaR4AaABAg,A9niV2791gs,8fd7064e3f72689ce4d581f00781ec81ba38848926086c01df9d75eacdf033e3,300jt kurang 100rb😂😂😂,0,2026-01-23T06:02:57Z,2026-01-23T06:02:57Z,2026-09-19T00:23:04.831083+00:00
UgxzbTBUV3PTKAHk0Rx4AaABAg,A9niV2791gs,2bbdc116143728502d330a28134ac934f5aa4fbe45317e9d49634a9d9549ad17,SPK janji januari sampek skrg hilang kbr,13,2026-01-22T16:42:10Z,2026-01-22T16:42:10Z,2026-09-19T00:23:04.831083+00:00
UgzJO0wiX4Fr76ad2V14AaABAg,A9niV2791gs,dbcb359d26f3f25d02ec1a060111e3537969779ec59e0a432b752d0af550d360,Ga worth buat ditunggu lebih dari 3 minggu 🙈,0,2026-01-23T14:03:06Z,2026-01-23T14:03:06Z,2026-09-19T00:23:04.831083+00:00
Ugz0qm9h9D1c_6eapzh4AaABAg,A9niV2791gs,d17f2e3d1476d8bb96a6c2c73ba9c33ccc1c5a17daeb1231db58337210ff6152,"Kecewa pesan Jaeco5 . Indent sdh kasih Dp. Sdh tunggu 2 bln. Terus tiba "" minta dilunasin . Ditanya kepastian delivery , hanya janji "" . Mau duit nya saja. Tapi tdk ada kepastian delivery . Mentang "" lagi laku. Mau menang sendiri. Akhir dibatalin saja.  Krn takut mobilnya gak dikirim kirim.",0,2026-02-18T13:39:55Z,2026-02-18T13:39:55Z,2026-09-19T00:23:04.831083+00:00
Ugw1uIueMATpZBGcCb94AaABAg,A9niV2791gs,66af53fd8e148b8be94c44b63537504cb0295984585bdf98c02e42e040aa2bbe,"Jeco kereeen, mirif jeef rover usa. 

Maharnya cukup visible. 

Bila uji coba dari serang ke magelang dg jarak 1200 km (pp), cukup 3 x charging. 

Blm pajaknya pasti murah!! 

Healing dan kuliner jarak jauh ke bdg, jogya cukup murah! Bisa jd malah lbh mahal biaya tol nya!!",0,2026-04-17T06:12:34Z,2026-04-17T06:12:34Z,2026-09-19T00:23:04.831083+00:00
Ugzdi9H2v0sIejnjGe54AaABAg,A9niV2791gs,06367b32dfac6aa4448599f832e9ce3e2979e9f0f3bfa67b5e840d0fce750059,"SPK 11 Nov '25, tgl 17 Januari diinfoin No Rangka, Infonya sekitar Minggu depan atau Minggu pertama Februari udah delivery. harga tetap nggk ada perubahan sesuai info diawal SPK, ttp 312jt (OTR Surabaya, 299,9jt itu OTR Jabodetabek ya gaes).",2,2026-01-25T23:29:46Z,2026-01-25T23:29:46Z,2026-09-19T00:23:04.831083+00:00
Ugw9WCDpH43_byYlxCJ4AaABAg,A9niV2791gs,21f4fa40575d60a8b8067f9f4765e42cd57630321eb90e93d4595b5436d0b8fd,"Saya tertarik dg unit J5.
Dimana saya bisa membeli.",2,2026-01-23T03:21:01Z,2026-01-23T03:21:01Z,2026-09-19T00:23:04.831717+00:00
UgzAVdSaH7kizLywRIx4AaABAg,A9niV2791gs,c8b5d97a87513c208d788f02dbc78881ec2893ca727f0e7e6dfa28715e78b04b,"Mobil antrian membludak, rakitan jadi kewalahan sampe dirakit di pabrik Mercedes. Siap2 early batch banyak cacat pabrikan karena buru2. Segitu worth kah?",0,2026-01-24T07:53:19Z,2026-01-24T07:53:19Z,2026-09-19T00:23:04.831717+00:00
UgzPY2yoTb3S7F0XAdR4AaABAg,A9niV2791gs,5c5a9967fecc5a59e51bada38c8dd3101e05f8f311d539866eb0ae5ab061236c,"Kirain cuma hp china aja yang bisa ghoib, ternyata mobil china juga bisa ghoib. Dimainin sama tengkulak kah?? 😂",0,2026-01-27T05:06:59Z,2026-01-27T05:06:59Z,2026-09-19T00:23:04.831717+00:00
UgwoRhF7iBxUyscYrCd4AaABAg,A9niV2791gs,c0552e98b392d0dcc79b25faf106611f51d5b394823abc37f608136c05eba5c9,Makin kesini makin mirip sama esemka... hampir ghoib,7,2026-01-22T18:21:14Z,2026-01-22T18:21:14Z,2026-09-19T00:23:04.831717+00:00
UgylvMfx6LyUB552C4l4AaABAg,A9niV2791gs,334c01d33b11201676293411e96ce521d589cee8dd2519ee0544499db1db41cc,kurang? tinggal beli powerbank,0,2026-03-27T00:17:15Z,2026-03-27T00:17:15Z,2026-09-19T00:23:04.831717+00:00
UgxcJYjCqcUdHaq5j-t4AaABAg,A9niV2791gs,fcc29e1f3b1fbe1c4ff77c367d8753b03c9bb0bce0d97868f7afa96345cf77ec,Jaikuuu bulan jaekoo mase😂,0,2026-01-26T00:23:52Z,2026-01-26T00:23:52Z,2026-09-19T00:23:04.831717+00:00
UgyfZSvrq6l4C5zafdJ4AaABAg,A9niV2791gs,9c9e2e1f12b54147244a9c5de0b0c710561ba9e04200f0e6adf166703e1aa0e7,"Hmmm terlihat seperti blek kaleng toples dari depan, rancu",1,2026-01-22T20:27:01Z,2026-01-22T20:27:01Z,2026-09-19T00:23:04.831717+00:00
UgyzTQqrITkY_f_HwOF4AaABAg,A9niV2791gs,e8e3aa7188cbfdf32ee938c6b94aa1e55ec1509b26e03363cd0dc305addf2437,"Saya baru spk di iims 2026 kemarin, dapatnya mei😂😂😂. Jangan jangan maybe ga nyampe nyampe nih",1,2026-02-17T12:25:29Z,2026-02-17T12:25:29Z,2026-09-19T00:23:04.831717+00:00
UgxkkD6yhytbSD6OcV14AaABAg,A9niV2791gs,a1d1173f6b6e7223758d0fd91fff1cb83c6e6f53d1431de03f2a4f0a7d8ce4c2,Gk ada Unit woyyyyy,4,2026-01-22T22:47:02Z,2026-01-22T22:47:02Z,2026-09-19T00:23:04.831717+00:00
Ugw6X5rr66A99WYQSZx4AaABAg,A9niV2791gs,8958210cd4f1edfe6479fb9e9df6a303459c93d24671dcb5baae2928365c8868,Bentuknya membosankan,2,2026-01-23T02:05:54Z,2026-01-23T02:05:54Z,2026-09-19T00:23:04.831717+00:00
Ugxc3nQHI8eFTT1Ue1d4AaABAg,A9niV2791gs,cfff5de7b781b57ae61c22b039e6a0825a8d658b0aa493a30a5a1b80630fc430,"shortcut/tombol ac fisik, ga ada, 
merepotkan .....

skip nih mobil",2,2026-01-23T03:00:48Z,2026-01-23T03:00:48Z,2026-09-19T00:23:04.831717+00:00
Ugw6p3GPKi-nB7_Cmpp4AaABAg,A9niV2791gs,3f2c1dac25d5434288c17e205e4ed1170131dd1913490597c10ada62b86d9695,Jadi yang terungkap di balik harga murahnya apa?,0,2026-04-19T12:18:06Z,2026-04-19T12:18:06Z,2026-09-19T00:23:04.831717+00:00
UgxwHamyOugdU9ZLBPF4AaABAg,A9niV2791gs,90e2948dc99b0879d4b016379392d9358d95864df012b610a281b063991bdef1,J5 standart kayak esemka wakwakwkawak,2,2026-01-23T04:42:36Z,2026-01-23T04:42:36Z,2026-09-19T00:23:04.831717+00:00
Ugysow5OP0NbngOZxIR4AaABAg,A9niV2791gs,503775f9879ca6728dd87164fc36fde5955578bf6ec996bce83be1031e7dd96f,Tunggu aja review stlh 5 tahun lagi yah .... ditunggu.,1,2026-01-24T12:48:41Z,2026-01-24T12:48:41Z,2026-09-19T00:23:04.831717+00:00
UgxOZC6D1kGUEgnzC8F4AaABAg,A9niV2791gs,17003b2bdffadb13b12edd1c9f942957d3c637e2465da188378f416a9c4f948f,Saya sdh dapat unitnya seminggu yll,0,2026-01-23T00:51:18Z,2026-01-23T00:51:18Z,2026-09-19T00:23:04.831717+00:00
UgxF_JL6XQmbns1UaFx4AaABAg,A9niV2791gs,7d0f607dc972e3265c8f5ca371c1755cf23452a2318e1e1daa6ad596b7647d5d,Dah 2 bulan pakai. Kekurangany cuma tidak 3 baris buat aku. Padahal tambah 10 cm bisa 3 baris dah pasti jadi mobil paling laku.,1,2026-01-24T01:58:29Z,2026-01-24T01:58:29Z,2026-09-19T00:23:04.831717+00:00
UgwJBJg0u6W1FQJoHk14AaABAg,A9niV2791gs,3ee0d4ace9e480b8c0c7186918c8d65f092c5b1afa7f6b185e926ccb635911ff,Spk 8nov25 blm ad kbr,8,2026-01-22T17:47:17Z,2026-01-22T17:47:17Z,2026-09-19T00:23:04.831717+00:00
UgxfMoxJcczE3hzuXwJ4AaABAg,A9niV2791gs,f0cab93f5477045435c129214243e0677ff6a168cd7f548c62ec129789d320a3,"Sebenarnya rentang harga 300 jt up sudah diikuti Toyota Veloz hybird, andai ada model 150-250 mungkin bisa menjadi Game changer",0,2026-01-22T14:19:42Z,2026-01-22T14:19:42Z,2026-09-19T00:23:04.831717+00:00
UgxF1jQd-afYB5l-TWV4AaABAg,A9niV2791gs,9e0dd594c4f6864a2ed685666fa45772d1cb136c5ad3ea8333bde6ec430daa7b,"Ada fitur gps location vehicle? Jadi kita dapet aplikasi utk melacak posisi mobil. 
Bisa buka tutup pintu pakai kartu nfc / google wallet / samsung wallet?",2,2026-01-23T12:18:17Z,2026-01-23T12:18:17Z,2026-09-19T00:23:04.831717+00:00
Ugwjj2r5eHPlTW1aw5d4AaABAg,A9niV2791gs,c9c45e437c10d3704874738d0b08b7b08b1dc9702328631d9530d1468d15806c,Molis klo dah tempuh 200 rb kilo baterenya mati ya?,0,2026-01-25T12:46:11Z,2026-01-25T12:46:11Z,2026-09-19T00:23:04.831717+00:00
Ugz2S1jN3vUNlTF791x4AaABAg,A9niV2791gs,e0e104c41a65785263491451f035771f3e02f51be2f9060ee656bea4b3450af8,Info per 24 Jan. SPK hari ini harga tidak mengikat. Ada kemungkinan akan naik 10-12% atau sekitar 30-40jt imbas insentif dicabut. Silahkan konfirmasi ke sales kalian masing2.,0,2026-01-24T11:32:35Z,2026-01-24T11:32:35Z,2026-09-19T00:23:04.831717+00:00
Ugyvl8eRXdI5cF7GCf94AaABAg,A9niV2791gs,8f280145a62cf81d15c6d74d67676ec899b8f4957640dc93fc5d64c85d8d0107,ini jaecoo promosi lagi di beberapa influencer apakah ada kemungkinan unitnya udah banyak yg selesai dirakit? mengingat banyaknya spk yg belum ada kabar 😅,2,2026-01-22T18:56:54Z,2026-01-22T18:56:54Z,2026-09-19T00:23:04.831717+00:00
Ugxzjfgop53HUuao7Tt4AaABAg,A9niV2791gs,3b88bef48202fb177e6c1d3f23b6925b28f7d7f5806707f0005e06979de2df27,"Saya sudah beli atto 1 premium buat antar jemput anak sekolah, soalnya di Sulawesi antri bbm kelewatan. Kalau ni mobil ready unit mks, sy cash juga. Sy puas di atto 1. Apalagi ini keren",0,2026-01-23T03:49:53Z,2026-01-23T03:49:53Z,2026-09-19T00:23:04.831717+00:00
UgyNBBqNaWOEKd5HpWV4AaABAg,A9niV2791gs,1a2678e1f7929081132f58786a343fec0efe93020856c6b164075dbd6710a852,Sama geely ex2 worth it mana ya?,0,2026-01-23T12:55:29Z,2026-01-23T12:55:29Z,2026-09-19T00:23:04.831717+00:00
Ugy6yd_HBliFVSZ9S254AaABAg,A9niV2791gs,cc172b3bbd5c2fdd43f34ef3924431304e2fcf9c0892937669d2d42f6fa768d5,"299 jt harga Goib. Nipu.

Mana sampai sekrang yg sudah spk sejak Nov 25 nggak terkirim, yg ada di ancam sama sales disuruh bayar full tapi pengiriman 3 buln lagi 


Memanf harga Ampaz Nipu",7,2026-01-22T22:26:50Z,2026-01-22T22:26:50Z,2026-09-19T00:23:04.831717+00:00
Ugxon4rit0u3Gp6VFFZ4AaABAg,A9niV2791gs,888f5aea6bdc7958c4fe71f6473f5dccf84088157170e95a806e98cdea379976,"Asli gw tdnya berharap mau milih mobil ini. Kursi 1/2 jam duduk pegal2. Panas, ac nya kurang. Kekedapan kurang walau double glass... Aneh sih. Jd beli yg 260 merk lain deh.",0,2026-01-23T16:42:33Z,2026-01-23T16:42:33Z,2026-09-19T00:23:04.831717+00:00
UgzbKtjMb5fduRFh6vh4AaABAg,A9niV2791gs,207e299f11bb2f76891c38f2c36159b552c773b958c28221ddef5b41afd0d46b,secangih apa pun dan murah jk aftersale msh tanda tanya bisa2 jd rongsokan. hati2 sblm membeli,0,2026-01-24T13:11:31Z,2026-01-24T13:11:31Z,2026-09-19T00:23:04.831717+00:00
UgzUsexJHLwWDFiYFGx4AaABAg,A9niV2791gs,b87d8a2afa2001c6e3777a871f06fb94d3129a45e1556af7ab6f60408c3b1901,Kalo barangnya ghoib dan kagak ready mending jgn dijual lah kocak Jaecoo inii 😂,0,2026-01-25T14:14:48Z,2026-01-25T14:14:48Z,2026-09-19T00:23:04.831717+00:00
UgyO8mBxgaCJRrb9JHJ4AaABAg,A9niV2791gs,4112bec2df4a679988347a00b37294e8cf780e284a766c9ba9374f2c6c45c1df,"Ati2 kalau mau beli, terima uangnya iya, barangnya gk jelas dimana",0,2026-01-26T06:51:19Z,2026-01-26T06:51:19Z,2026-09-19T00:23:04.831717+00:00
UgxMFO6bQC4RD24Y7Px4AaABAg,A9niV2791gs,d94dc67c3fe5942646298aa49989f7a0e8199be2fbe9a38613c61483e0b4dd9a,Mirip esemka 😂,0,2026-01-23T05:46:05Z,2026-01-23T05:46:05Z,2026-09-19T00:23:04.831717+00:00
UgzYJtGUsmlhGWzHckt4AaABAg,A9niV2791gs,bc0e0fb3848f7eb016a574ae9724d132485e8fc801da81781a27c465c4a573a5,"Itu real SUV mas bukan small SUV. belajar dulu yg banyak sebelum membuat konten. Kalimat kalimatnya disusun yg baik dan benar, contohnya Harga sangat ""atraktif"".Kata "" atraktif"" tidak sesuai dengan harga. Maaf, sekali ya. mas tolong saya dimaafkan. Dan masih ada lagi narasi lainnya yang kata katanya tidak bersesuaian. Perluas pengetahuan dibidang otomotif",0,2026-04-15T04:57:45Z,2026-04-15T04:58:38Z,2026-09-19T00:23:04.831717+00:00
UgyVDbofeXRa4srMhrJ4AaABAg,j_6L3j7vrOc,3e4cc16709eca4655b07b0298d74c2ce9894f0db4e4e8ba883b64b67a9fb8668,"Bukan diluar nalar, aslinya emang segitu bahkan lebih murah lagi. Cuma di Indonesia sudah terbiasa diperas jepang dengan harga selangit untuk mobil kualitas rendah. Inilah kesempatan buat kita, untuk menikmati mobil high end dengan harga entry level..",82,2025-11-18T01:11:57Z,2025-11-18T01:11:57Z,2026-09-19T00:23:05.069705+00:00
UgxI3NliKFgRjnZVsQ54AaABAg,j_6L3j7vrOc,e18a1691593bebca2940137da9797b8c6fd1d2e22593ba373a1d6da26e735a22,Keren Persaingan Pasar Dunia otomotif Terutama Mobil Listrik sudah seperti HP Smartphone 🎉,26,2025-11-16T09:05:01Z,2025-11-16T09:05:01Z,2026-09-19T00:23:05.069705+00:00
UgyPsKFFuxrc9jDJx6Z4AaABAg,j_6L3j7vrOc,59c43c35ca93a19217058d20ca096ff28d577f40365d87dac9002ce07d5f62df,Calon mobil sejuta umat menggeser merek sebelah 👍,9,2025-11-17T16:00:05Z,2025-11-17T16:00:05Z,2026-09-19T00:23:05.069705+00:00
Ugwlr1ALR16Skr055-x4AaABAg,j_6L3j7vrOc,16b1fb5cba110972ba0ac589e1e0858589dae2652e9b368f37ec14bafbb2c9fd,"After sales jangan dilupakan, ekosistem ini sangat penting buat kemudahan konsumen dan meningkatkan penjualan kedepannya",3,2025-11-22T11:55:56Z,2025-11-22T11:55:56Z,2026-09-19T00:23:05.069705+00:00
UgxX6O_5tx_M7kArthd4AaABAg,j_6L3j7vrOc,62992936652c180901d38967498fb5c9718878690f8bc52caa1c552e6eb9cf62,Semua akan EV pada waktunya.....😂😂😂😂😂,14,2025-11-17T07:38:45Z,2025-11-17T07:38:45Z,2026-09-19T00:23:05.069705+00:00
Ugw5V7q9vI6x-BTEqup4AaABAg,j_6L3j7vrOc,03b91ba41c3fe6f1b32c4e9bf4b3805f22be7520c8aa3f1a02fd7680328544c6,"Manuver Jaecoo di Indonesia cukup tajam, shg namanya yg kmrn² krg muncul dgn J7 SHS maupun J8 Ardis SHS msh berkesan mbl SUV mahal yg high performance, maka lsg buka mata pengamat bhw ada jg versi harga terjangkaunya, good job",8,2025-11-16T10:12:59Z,2025-11-16T10:12:59Z,2026-09-19T00:23:05.069705+00:00
Ugz6T1PpO0dJjUmAAyp4AaABAg,j_6L3j7vrOc,1ffdd7b71d8b758ba2fda70c8489c5f6f1ac50efa1cd48b3043031f7decb71d5,"Gila sih Jaecoo, terbisa beli mobkas, baru kali ini sepengen ini dgn mobil baru🤲🏻🤲🏻🤲🏻",3,2025-11-16T14:48:43Z,2025-11-16T14:48:43Z,2026-09-19T00:23:05.069705+00:00
UgzQnc3MX0JKN-8mkXp4AaABAg,j_6L3j7vrOc,b048c3ae31dda469aa0fe3c5c60a12fa7e3761085e2ec246ec65762b6da896c2,Keren nie mobil fitur melimpah lg...,2,2026-06-09T12:30:50Z,2026-06-09T12:30:50Z,2026-09-19T00:23:05.069705+00:00
UgxI9YjDnHoPkXE1g5J4AaABAg,j_6L3j7vrOc,44d26f6997307df92e676a3f79ac40b9d07a23373a81ce2d7b005a94cf224c80,Thanks reviewnya bang,1,2025-11-18T05:57:18Z,2025-11-18T05:57:18Z,2026-09-19T00:23:05.069705+00:00
UgyT9v64OC6qNUPV4vB4AaABAg,j_6L3j7vrOc,9b4a6255bc804487f6ef6f8cf0cccba25aeecf4595260bca53a682c5159879f2,kereeeeen......,4,2025-11-16T23:40:38Z,2025-11-16T23:40:38Z,2026-09-19T00:23:05.069705+00:00
UgxjD3RuDBCv9UWI6TN4AaABAg,j_6L3j7vrOc,7d6d418950222cf4ec74b406225cd76698fc4997464f2d27891f627793014dca,mantap,2,2025-11-16T09:45:03Z,2025-11-16T09:45:03Z,2026-09-19T00:23:05.069705+00:00
UgyME6AbWTx4Nxdd2xV4AaABAg,j_6L3j7vrOc,792fbdd5932c9af9d41791a3ffc252d2f5982da957e7b7539db65c53b33368a4,Kalau saya baca jaecco 5 sudah di rakit lokal dengan kandungan 40 % berarti setelah insentif di cabut pemerintah harganya harus tetap,4,2025-11-22T20:35:46Z,2025-11-22T20:35:46Z,2026-09-19T00:23:05.069705+00:00
Ugy123Rubmb0ple49F54AaABAg,j_6L3j7vrOc,19a5925cde1ee1a385ddd9874d421445eb4934a86cc6bc0064c321b1890abc95,Wahhh keren ada bagasi depan juga gak cuman mobil eropa bermesin belakang terkencang lainnya,2,2025-11-17T01:00:30Z,2025-11-17T01:00:30Z,2026-09-19T00:23:05.069705+00:00
Ugx8Pfbr11IFanYHHEJ4AaABAg,j_6L3j7vrOc,6fe54e14782d3d6c2f2006e2391823fa253abf41f7ed8a95cbd6af38b650fe62,Wow.. Harga dan fiturnya menarik nih..,1,2025-11-21T12:46:15Z,2025-11-21T12:46:15Z,2026-09-19T00:23:05.069705+00:00
Ugw88RhN5Yqg-gKASUl4AaABAg,j_6L3j7vrOc,aafbea55b1d155795ac5e0df63a6360a8e598e18e7692b51607544031173834e,Uda saatnya berontak dari romusha merk jepun puluhan tahun. Malah merk tiongkok yang membantu konsumen Indonesia. Juga sekalian boikot BBM oplosan,7,2025-11-18T01:28:37Z,2025-11-18T01:28:37Z,2026-09-19T00:23:05.069705+00:00
UgxZeq-sU_6oz7AvNa94AaABAg,j_6L3j7vrOc,d58ee270fe45d400bce74947219210f11faaa0f871cece0250d5725c86c078ec,mantab banget nih,1,2025-11-16T13:12:48Z,2025-11-16T13:12:48Z,2026-09-19T00:23:05.069705+00:00
UgwJ5dfT6Scsb4EExNB4AaABAg,j_6L3j7vrOc,9e082a9b0593d4146fece113a310e763940e6f5ff01be3a5e891344c42c7c07b,keren,2,2025-11-17T18:24:06Z,2025-11-17T18:24:06Z,2026-09-19T00:23:05.069705+00:00
Ugy38zW-dIocTHiSvJB4AaABAg,j_6L3j7vrOc,3ee0d4ace9e480b8c0c7186918c8d65f092c5b1afa7f6b185e926ccb635911ff,Sudah Test drive langsung jatuh hati dan langsung SPK ga sabar tunggu mobilnya delivery the best jaecoo ❤,33,2025-11-16T12:45:31Z,2025-11-16T12:45:31Z,2026-09-19T00:23:05.069705+00:00
Ugys2JL_xJtz6gpQz_94AaABAg,j_6L3j7vrOc,eecaca5dfaf5f8cb32be9650e83db5eae02185a3796c115ee5665c70ec438c98,Mantaap,2,2025-11-17T00:18:32Z,2025-11-17T00:18:32Z,2026-09-19T00:23:05.069705+00:00
Ugy2J1P11JJqXUoDyDd4AaABAg,j_6L3j7vrOc,54813454c3c85c16d11ff7a62b2ac1ab05ff0331fdd935c16d72a30c1fc6e530,"Jargonnya mobil china sebagai perusak pasar sama halnya dengan era handphone china. Dulunya dipandang sebelah mata namun kini bisa bersaing dengan HP produk negara lain yang sudah eksis di pasaran puluhan tahun. So tidak usah ragu lagi ntuk memiliki mobil china terutama yang evy karena teknologi baterai listrik semakin hari semakin pesat perkembangannya, dan bukan tidak mungkin akan semakin murah dan berkwalitas❤❤❤",1,2025-11-24T15:11:20Z,2025-11-24T15:11:20Z,2026-09-19T00:23:05.069705+00:00
Ugyk-DJVeXcMm9YMG6d4AaABAg,j_6L3j7vrOc,e54bca66ed071943d9224c49fd4ec8b224d3c9f77c659ad5fc3be2578ad949a1,"Semoga dengan harga segini, bisa memenuhi permintaan yang membludak",1,2025-11-18T04:14:05Z,2025-11-18T04:14:05Z,2026-09-19T00:23:05.069705+00:00
Ugywh34Ck4M2nktrsHV4AaABAg,j_6L3j7vrOc,eced02e96522c93e27cb04f4e6dc6d1497c20e4c6d7eb51aca635345f905a1ab,Semakin kesini terus bermunculan produk2 yg makin canggih dengan harga makin menarik😊,0,2026-01-01T04:11:44Z,2026-01-01T04:11:44Z,2026-09-19T00:23:05.069705+00:00
UgyTGWtWFM7SzLlPqfR4AaABAg,j_6L3j7vrOc,a15bac3bf0fa2d603630f7478df099ccec506778d04ae04126bf7bf73c78b0e0,"Udah SPK, tinggal ganti ban yang lebih proper biar road noisenya berkurang, sama kasih bodykit yang agak keren dikit..",1,2025-11-30T14:51:41Z,2025-11-30T14:51:41Z,2026-09-19T00:23:05.069705+00:00
UgytVE6WSh41vn9OV2h4AaABAg,j_6L3j7vrOc,36ad5814f00f1a9b77c3ada01015fa338363f4b5b26b253bd1369039355ce0ad,Lama2 ada molis 250 juta full adas mantap buat competitor,2,2025-11-16T14:07:01Z,2025-11-16T14:07:01Z,2026-09-19T00:23:05.069705+00:00
UgxmvGmDFlVVNLGDw3h4AaABAg,j_6L3j7vrOc,1f3cfe5161b4c9d7360b536080ba50fc94fa50262f5c3cbdbf4c979a4dad3b96,Keren !!!,0,2026-05-20T02:33:31Z,2026-05-20T02:33:31Z,2026-09-19T00:23:05.069705+00:00
Ugyusa8nhQum1z5yQrN4AaABAg,j_6L3j7vrOc,e926bd9dc64d837aa6f125d13c34927b8f8f93e30a7dea87d8e483a48410edaa,"K5 ev boleh juga nih, semoga makin banyak brandMobil listrik buatan Indonesia.",0,2025-11-19T07:31:55Z,2025-11-19T07:31:55Z,2026-09-19T00:23:05.069705+00:00
Ugx2qKUqwlxKUF3r86d4AaABAg,j_6L3j7vrOc,62575bd8784209b49c3987bc6d7b2430322bd7074313994376e71d4279e20c37,"Gila sih kmrn tes drive akselerasinya ngeri bgt jambakannya, jd tkut ngbejek malah",2,2025-11-18T08:07:38Z,2025-11-18T08:07:38Z,2026-09-19T00:23:05.069705+00:00
UgwfS71Qj-_Y6tDy2XZ4AaABAg,j_6L3j7vrOc,99ea59ec708f85ed6d4774ff53af70302f8c76d7f900fa6daddc90138908769e,Mobil ini meluncur di saat percobaan Cherry nanjak mau mengikuti Range Rover Sport generasi terkini yang dicoba beberapa tahun lalu di China di tempat yang sama.,0,2025-11-16T10:56:31Z,2025-11-16T10:56:31Z,2026-09-19T00:23:05.069705+00:00
UgyxkVmVoY3aPSq8E6l4AaABAg,j_6L3j7vrOc,9931e33a1c0be838bfa1b0d15b6e4e41fadf4770f0b0ad777741c358b33e215b,"Hrg mirip launching ya air ev, tp fiturnya goks bgt",1,2025-12-05T10:32:05Z,2025-12-05T10:32:05Z,2026-09-19T00:23:05.069705+00:00
UgxoR48QFnzcUagr4Lp4AaABAg,j_6L3j7vrOc,40bcf3fc8abed3c1d30976926287fc0d6c63ac701b2c32e79f53e4baac7b54ca,Pertamax,0,2025-11-16T09:03:56Z,2025-11-16T09:03:56Z,2026-09-19T00:23:05.069705+00:00
UgwZaiM0s0Jfv1fDi2N4AaABAg,j_6L3j7vrOc,759580d13b47251042d69e67d3be9f37189feb9477c3fc91247d24975080a5dd,"Setelah saya tonton video ini, barulah saya paham kenapa Gubernur NTB bpk Lalu Muhammad Iqbal membuat keputusan yang sangat cerdas untuk menggunakan mobil listrik dan tidak lagi menggunakan mobil yg pakai bbm.",1,2026-03-24T23:51:03Z,2026-03-24T23:51:03Z,2026-09-19T00:23:05.069705+00:00
UgytJMvhwQj1Mdxf0ol4AaABAg,j_6L3j7vrOc,c04d762a4b1696f66221a8e61417cb7a6b8162c0153c8423df2e32a1409cd4a9,"Harga kompetetif berdampak pada kompetitor overprice, Jaeco J5 keren suv sempurna",1,2025-12-04T04:29:13Z,2025-12-04T04:29:13Z,2026-09-19T00:23:05.069705+00:00
UgwRkVXR2Y7afw4oJYx4AaABAg,j_6L3j7vrOc,7a6a2ad705e1fe6737c3770d9faf6cd46842d648a5f9e6200be6f17dcf8f5d61,Ini ditambah bangku lagi kayaknya bisa,2,2025-11-17T15:09:24Z,2025-11-17T15:09:24Z,2026-09-19T00:23:05.069705+00:00
Ugx8eW9ERWUzcunHofl4AaABAg,j_6L3j7vrOc,3c092641817d887625c580500c1b92f08f117df155250a728ff641acd8b8c188,bagasi depan sangat cocok buat pecinta duren ! 😂,32,2025-11-16T10:41:41Z,2025-11-16T10:41:41Z,2026-09-19T00:23:05.069705+00:00
UgzChp3Iyo4UYiCSA3N4AaABAg,j_6L3j7vrOc,50236301734ce48cdfb880ade9d3afdba9e051b602f7521fc0818069e3f48596,Dengan harga segitu udah gak khawatirkan depresiasi. Toh buat harian jangka panjang,0,2026-01-03T15:27:18Z,2026-01-03T15:27:18Z,2026-09-19T00:23:05.069705+00:00
UgwAWqs8fsrl_RTyWuR4AaABAg,j_6L3j7vrOc,811592dd6cb4a0968e71fc8419e8069631fbf836f47b2d55e87025c7beff6139,"Mantap, bebas BBM Pertamax turbo oplosan Aer 🙄😅😅",2,2025-11-17T00:26:03Z,2025-11-17T00:26:03Z,2026-09-19T00:23:05.069705+00:00
UgzoQT33Q6LLofNF5OB4AaABAg,j_6L3j7vrOc,0f35e906525848106518dc21a8b8a998cdb3bcbf9e7a214054053ea728759ac1,👍,1,2025-11-16T19:53:22Z,2025-11-16T19:53:22Z,2026-09-19T00:23:05.069705+00:00
UgxDd5gMlAEZGm5UXD14AaABAg,j_6L3j7vrOc,8bf4655516f21b9895885b168057c178e98ccbf9a43736978c4a136460011ec5,👍👍👍👍👍,1,2025-12-04T02:17:06Z,2025-12-04T02:17:06Z,2026-09-19T00:23:05.069705+00:00
UgyJ-YFU3zBRDpbbH3R4AaABAg,j_6L3j7vrOc,8ce184480fc8cc4cad6426c5bae7ec059b628d3f4e219a2e050cb701589c2306,Kalau dilengkapi dng kursi pijat....wow...langsung SPK deh....hehehe...,1,2025-11-16T10:30:54Z,2025-11-16T10:30:54Z,2026-09-19T00:23:05.069705+00:00
UgxHgNDDmMlyZh3gZBF4AaABAg,j_6L3j7vrOc,ce41ace3c60b8a4dfeaaa8b2102f8c2dbd5fe1af6793d7bf173cfa0050bc1a3b,"Udah waktunya ganti kamera nih otodriver. Gambarnya banyak yang overexposed/burning, atau jangan2 editornya lebay pas color correction.",0,2025-11-17T18:02:08Z,2025-11-17T18:02:08Z,2026-09-19T00:23:05.069705+00:00
UgzB2Tg3GthXNyuTKL14AaABAg,j_6L3j7vrOc,41d9191d971abd8ce599d1d9b191a2e84bb91a16684d5d46553fd8faf506b9eb,Demen sama modelmya tiggo 7 csh di malaysia. Apakah bakal masuk indonesia?,2,2025-11-17T00:40:52Z,2025-11-17T00:40:52Z,2026-09-19T00:23:05.069705+00:00
UgzHYeDgWiESEjbfu4J4AaABAg,j_6L3j7vrOc,e64bf73e4164de73e42f6cf777ee5eb7fbc27316ce22c89b6ee0f19fae2f5a7a,jir jadi gk sabar delivery nya,0,2025-11-16T10:19:13Z,2025-11-16T10:19:13Z,2026-09-19T00:23:05.069705+00:00
Ugxe-ITvBIVuWiuLSUB4AaABAg,j_6L3j7vrOc,2a5b7c86dbc13a5d54ed634bc1205f6e57406ff7ec77b4ee59710db409dc6907,"Genangan airnya kurang dalam om, bajir di jakarta lbh dalam",0,2025-11-16T13:31:03Z,2025-11-16T13:31:03Z,2026-09-19T00:23:05.069705+00:00
Ugyr9VEMyRLYpVYpod94AaABAg,j_6L3j7vrOc,2dc7756cbdd75fb0f60eff774b0334cce083cda1291d057111facf9e5b99e5dd,Ev yg mau masuk indonesia pusing mau pasang harga brp!!!😂😂,1,2025-11-18T00:12:29Z,2025-11-18T00:12:29Z,2026-09-19T00:23:05.069705+00:00
UgyLYE0MoFHIho6sWJt4AaABAg,j_6L3j7vrOc,945edd5ddbdd93b15b96f9a50e9722b8103e98f5eafb2b795925d4e80843018f,Kapan ya Avanza pakai ADAS System...,0,2025-11-27T09:28:53Z,2025-11-27T09:28:53Z,2026-09-19T00:23:05.069705+00:00
Ugwk8rIwrC3c68vHOE94AaABAg,j_6L3j7vrOc,8787d2d619e9cbfb26a10dc613eb1ea9c0dac3bca583837594da5026369d72e8,"krn mobil china kita semua saat ini menikmati kualitas premium hrg masuk akal dibanding kualitas standard jepang harga di luar masuk akal dgn fitur standard dr sejak dulu.  untung mobil china masuk shingga menghanguskan mobil jepun,",1,2026-06-01T13:53:40Z,2026-06-01T13:53:40Z,2026-09-19T00:23:05.069705+00:00
UgwPkbGMPFjq1re-pm54AaABAg,j_6L3j7vrOc,b9802e2063ca957fdee18c954883daf40cf468025b056194c6d011245660aafb,dream car grab driver 😅,1,2025-11-18T06:34:37Z,2025-11-18T06:34:37Z,2026-09-19T00:23:05.069705+00:00
Ugwt7Rsg84_MjbCQ18F4AaABAg,j_6L3j7vrOc,0e36be8a4759a2b772d5d1ff074e7ef39db08205b84dc00afd986993fb5f80ec,"penasaran dengan harga brand icar nanti,chery group pasti ngasi gebrakan buat ngelawan jimny😅",0,2025-11-16T18:17:04Z,2025-11-16T18:17:04Z,2026-09-19T00:23:05.069705+00:00
UgwarXPlXdkH40m3vpF4AaABAg,j_6L3j7vrOc,7401771510d2f0778e6546bbf5a6945cf137e99e65a575de162ccd64751a41ea,Rasanya daging Wagyu terasa lebih mahal karena keluar Wagyu dari china😅,1,2026-02-21T21:31:25Z,2026-02-21T21:31:25Z,2026-09-19T00:23:05.069705+00:00
UgwXf2zWzLbkFSKpzK54AaABAg,j_6L3j7vrOc,9da7b7d76dbe2963229d9eac7f76c1c96c9cdbc84c4c6b409e77d23c11f36c3e,17:15 ih apa itu di genangan belakang j5,0,2025-11-16T14:34:45Z,2025-11-16T14:34:45Z,2026-09-19T00:23:05.069705+00:00
UgxSZmeaaX2celL2OXV4AaABAg,j_6L3j7vrOc,680bec45226f623bcbe050b3b6a62abc7fb7d58bf785f54df9c4a4d85561681d,Yang belum pernah saya lihat test dr reviewer ev car. Mobil Dlm keadaan diam. Tahan berapa lama misal ac dinyalakan 😂😂,0,2025-11-18T14:38:45Z,2025-11-18T14:38:45Z,2026-09-19T00:23:05.069705+00:00
Ugw3_o1gq0B_p4L1RgV4AaABAg,j_6L3j7vrOc,15388fe297218636fbbd49227443449e280c9559757b15b939d2bfad6b28ae38,"Dulu yg dia blg 300jt cuma dpt moblis kutu kecil sempit g kuat nanjak, itu cuma 3 tahun yll 😅",6,2025-11-16T17:27:55Z,2025-11-16T17:27:55Z,2026-09-19T00:23:05.069705+00:00
UgwBb4MKzbBm_vxYfD54AaABAg,j_6L3j7vrOc,a4653e00ad0bdc68b12cb84e803597187158e473745a0274f4c11ac38fbb2e19,Geely ex2 ada front trunk lebih besar,0,2025-12-07T13:17:54Z,2025-12-07T13:17:54Z,2026-09-19T00:23:05.069705+00:00
Ugwh-oPwDaMxD6fRDhV4AaABAg,j_6L3j7vrOc,a520c03ae006a29b1ea946d31262bf44acb7e43b75cc096bdf6f3df8f8463ab4,"Kualitas kamera otodriver kok makin jelek ya, terlalu kontras",0,2025-11-16T13:22:46Z,2025-11-16T13:22:46Z,2026-09-19T00:23:05.069705+00:00
UgwMRSboKjOyQI9SG494AaABAg,j_6L3j7vrOc,b6d3bd146efe777cb50004fed35567e193fa44a0f9794dc3356b11ca8c1c551b,"Kalo harga bakal naik ga termasuk murah lah, lagian apa2 yg masuk indo di jamin mahal.",0,2025-11-19T07:12:24Z,2025-11-19T07:12:24Z,2026-09-19T00:23:05.069705+00:00
UgwXxVfbt00VrJAkfIl4AaABAg,j_6L3j7vrOc,7f5d9f3262ff04daa87f0e8d54008f4296315a22d00c3c1b2b5d4d9582a8f076,mirip range rover,1,2025-12-09T03:05:23Z,2025-12-09T03:05:23Z,2026-09-19T00:23:05.069705+00:00
UgyM9XrqemtQzxjtert4AaABAg,j_6L3j7vrOc,963426cf5113b85270262d2a1b1d569acaeb8f68d18a2bc5f16beb8c2de27afe,"Pemesanan sekarang di GJAW (akhir nov 2025).. Kemungkinan delivery tahun depan...bulan februari/maret.... 
Harga tidak mengikat... Terkonfirmasi naik...",0,2025-11-29T23:52:57Z,2025-11-29T23:52:57Z,2026-09-19T00:23:05.069705+00:00
Ugz0msiIsDCG2KWUH2l4AaABAg,j_6L3j7vrOc,20e4588d95ec7d52edb01dc7ff17fe0eb165757a251f1398ffc9bfa874c8cbc8,kenapa ga mirip Evoque sekalian ya?,0,2025-11-16T16:27:20Z,2025-11-16T16:27:20Z,2026-09-19T00:23:05.069705+00:00
UgzpFAt_5HkH0cN1ZIx4AaABAg,j_6L3j7vrOc,a93d47ef72ba2726222a59e97f84faf893e6ff1ec7308513e4ddbde7dc9017bb,kok saya mikirnya front trunk itu buat bawa durian. Jadi baunya ga masuk kabin,11,2025-11-16T12:03:25Z,2025-11-16T12:03:25Z,2026-09-19T00:23:05.069705+00:00
UgxIJl4jsSQhIQtVFdJ4AaABAg,j_6L3j7vrOc,4d52f1b82705eea1a689f19deeb9b95d7ab46adf98aa9ca095963f5fc2b4bee4,"tuas sein kiri kanan di sisi kiri setir. utk pengendara yg biasa bawa mobil jepang, terbiasa tuas sein di kanan, malah jd mengaktifkan transmisi P/R/D.... bahaya",0,2025-11-20T02:44:02Z,2025-11-20T02:44:02Z,2026-09-19T00:23:05.069705+00:00
Ugx_IVwe7Y9p4RxXMvx4AaABAg,j_6L3j7vrOc,6e5d5f70a3f1be1c59d745f47a87c4bd54c36624679a57c9ae588245db357891,tiba2 ga lama ada J5 AWD harga beti................ 🙃🙂,0,2025-11-23T11:53:04Z,2025-11-23T11:53:04Z,2026-09-19T00:23:05.069705+00:00
UgyQOy_EZt_EfcCPcJF4AaABAg,j_6L3j7vrOc,9e04ae0eb6c11d413853382b0412f84c07f7d65ea49497dd0bcd0a7ebb3ce470,secondnya 2 thn lagi jd brp y.. menggjurkan..❤,0,2025-11-21T12:34:52Z,2025-11-21T12:34:52Z,2026-09-19T00:23:05.069705+00:00
UgyIAPB6Um9WkRpe7EF4AaABAg,j_6L3j7vrOc,518a5d9428a1075493e3ff06d09f5a8270517a25313a3ef01f675805c1ef1f08,"Front trunk? You mean a Frunk
?",0,2025-11-16T12:13:38Z,2025-11-16T12:13:38Z,2026-09-19T00:23:05.069705+00:00
Ugx6seF8Gv18OioIQw54AaABAg,j_6L3j7vrOc,ac1bacfddb69df4b74e497ea8b04491a048a883a232e90da6ba2099f3110e619,Ke tukang specialist jok apa bisa dibikin lebih rebah bangku baris kedua nya?,0,2025-11-16T13:58:19Z,2025-11-16T13:58:19Z,2026-09-19T00:23:05.069705+00:00
UgzLLfROccezhLfuhR54AaABAg,j_6L3j7vrOc,354bda72e7fb5c7a47fbaa490a546e75474b8ef57d81266a05f3a709bd088595,gokilllllll,0,2025-11-17T10:34:06Z,2025-11-17T10:34:06Z,2026-09-19T00:23:05.069705+00:00
UgzJOBiudt2KOSZpkul4AaABAg,j_6L3j7vrOc,0dfef2a1558839726a276ef41dcec476b4f0391cb2ac9d2dead8152376fe1e7d,Boleh tau nama aplikasi untuk smarth vhicle jaecoo untuk ios?,0,2025-11-18T04:23:55Z,2025-11-18T04:23:55Z,2026-09-19T00:23:05.069705+00:00
UgyuVQMMNrgiUYcaK114AaABAg,j_6L3j7vrOc,f64d60402c24a2784fff04f50962d9fd3149fec4e1b2c3156595d2ae542bcfd3,Voice command-nya bisa diaktifkan dengan suara (tanpa tombol) juga kah ?,0,2025-11-21T12:47:58Z,2025-11-21T12:47:58Z,2026-09-19T00:23:05.069705+00:00
UgzcTHfKuheo-csT1Dp4AaABAg,j_6L3j7vrOc,c0a5bfab90be807c14be09e56a1f6ca5455348752b04ea67bcef33211333ed42,Bapak Fitra era ke mana ya,0,2025-11-16T10:02:17Z,2025-11-16T10:02:17Z,2026-09-19T00:23:05.069705+00:00
UgwyCFLqF80gwek7ve94AaABAg,j_6L3j7vrOc,3058be5a80b92dd33b3ead47ab2e9e58b715b5a92801d8738d9c7d00d9d52f43,Terus byd m6 mau dikasih harga brp secondnya...,0,2025-11-17T11:29:08Z,2025-11-17T11:29:08Z,2026-09-19T00:23:05.069705+00:00
Ugzq1IS9_D7aXp0e5Hx4AaABAg,j_6L3j7vrOc,75418d3ca11111495895599e6375ad69c1e7c6fc6eebfbc22d66cbf2969cff64,"Mau Tanya, home charger yg bagus buat jaecoo ini merk apa ya?",0,2025-11-16T12:58:06Z,2025-11-16T12:58:06Z,2026-09-19T00:23:05.069705+00:00
UgykK9TRN2ovd_n1RER4AaABAg,j_6L3j7vrOc,c51cd63521a12cd45691c8979f2ed91c955b343115ee73b08b5f9f85130a2740,Itu rambut kenapaa 😂......,0,2025-11-16T09:03:36Z,2025-11-16T09:03:36Z,2026-09-19T00:23:05.069705+00:00
UgzlLtHWkCk33Tk0ZOB4AaABAg,j_6L3j7vrOc,0c430c886933c4bb0ea7722bf5cfcd9352f9a25af1ab9c95030371578f67065b,NAHH,0,2025-11-23T03:42:45Z,2025-11-23T03:42:45Z,2026-09-19T00:23:05.069705+00:00
UgyIb-TzeBXY7eOvoHZ4AaABAg,j_6L3j7vrOc,aeb45de654a5313ad9eeba73f9cb68283897e2d8e57669375badbb74ec6fe998,Di HP android pake aplikasi apa pak ?,0,2025-11-22T14:12:13Z,2025-11-22T14:12:13Z,2026-09-19T00:23:05.069705+00:00
UgzwmxFyHzTMkSyU45F4AaABAg,j_6L3j7vrOc,adafb1df4984ea5939b9ecb1eb0beee2238d4ef1fe158e4d52f770e501398ed4,"Boleh lah harga segitu dapat molis SUV dgn baterai lumayan daripada beli mobil bensin, isi bensin mulu kaya onta ga minum sebulan. Hajar pertalite mobil ngelitik, boros, mesin rusak. Mau beli pertamax turbo tapi mahal. Solusi nya ya ini mobilnya Jaecoo J5",1,2025-11-16T16:47:18Z,2025-11-16T16:47:18Z,2026-09-19T00:23:05.069705+00:00
UgzwbbmZTROwxNAo8_V4AaABAg,j_6L3j7vrOc,3f70d5432de8eb909850f939d4b75b14b4861a487ad6a9b6d2761b512ee41f97,Itu buat 1000 pembeli pertama gak sih,0,2025-11-20T00:40:33Z,2025-11-20T00:40:33Z,2026-09-19T00:23:05.069705+00:00
Ugx11TYPnm9J06XZ_m94AaABAg,j_6L3j7vrOc,44ae013b4e40f021ce5d7c13cda98db920518b0129d12d25fdf2beb6e41eb568,Chery Omoda E5 saudaranya J5 jg ga laku,0,2025-11-17T03:26:49Z,2025-11-17T03:26:49Z,2026-09-19T00:23:05.069705+00:00
UgzQexj0n2gTU66uhiR4AaABAg,j_6L3j7vrOc,36919513a96724336d5493afe6283c5f2eac90912e79c7afa92a5604d0060d65,6:40 salah Mulu lu dit 😅 ngopi dulu & bewok cukur biar ga berat,0,2025-11-19T02:55:19Z,2025-11-19T02:55:19Z,2026-09-19T00:23:05.069705+00:00
UgyBQ_rouYroKRTx99F4AaABAg,j_6L3j7vrOc,7f6bf23002ae279fea45ce2714b94864787567e9bc7af219f4a7d12d3a12c299,"Aplikasi apa namanya Om ?
Dari HP iphone ke mobil jaecoo j5 ?",0,2026-05-08T12:21:55Z,2026-05-08T12:21:55Z,2026-09-19T00:23:05.069705+00:00
Ugz1_koYuootRuNdTDl4AaABAg,j_6L3j7vrOc,76ec025b1f8a5035c4388aadcf106f17d6b8a125589511ea65abd6120a8f6e93,"btw, Jaecoo tu akan bisa memenuhi syarat TKDN ga sih ntar nya?
*ini akan berpengaruh ke total harga jual kan.",0,2025-11-20T12:03:26Z,2025-11-20T12:03:26Z,2026-09-19T00:23:05.069705+00:00
Ugwfocz7d7RnLIw_mRh4AaABAg,j_6L3j7vrOc,b485855f921a0f51d193a91be8b5ed12686a188e8c899c66579c2eba1e2e3f51,"Drama, barusan saya cek  jaeocco gak ada kepastian harga nya masih di 299,.. SPK dulu harga belakangan, gmn KLO jadi 500 JT ? Dah atto 1 saja paling tidak konsisten, harga nya sgtu ya sgtu",0,2025-11-16T11:31:15Z,2025-11-16T11:31:15Z,2026-09-19T00:23:05.069705+00:00
Ugxg4y85W5Qn9xQONv94AaABAg,j_6L3j7vrOc,002f49b2eafc1be3639b2cb927b4c0094f9a5216632c463a8948eb9835efec5b,honda dan toyota produk lcgc nya jadi ketiban jauh :v,2,2025-11-16T12:19:09Z,2025-11-16T12:19:09Z,2026-09-19T00:23:05.069705+00:00
UgyJSrldHzfVlZIvB3Z4AaABAg,j_6L3j7vrOc,d53505923a1cd34fc6408a8a99a637d1686580e97972d3fcb3cfe1e0be690687,Bahkan Chery J6 yg harganya 500 jt lewat,2,2025-11-16T13:06:48Z,2025-11-16T13:06:48Z,2026-09-19T00:23:05.069705+00:00
Ugwt3DALiglpV3OHHaZ4AaABAg,j_6L3j7vrOc,542129f2dda930903ff3af04a651a80bdf1b9405a87f22f6e33a0eed33f822a1,Memang harga aslinya segitu..mobil jepang tu kemahalan,0,2025-11-18T23:29:57Z,2025-11-18T23:29:57Z,2026-09-19T00:23:05.069705+00:00
UgxL8Rp6ZFpMgkC9dKh4AaABAg,j_6L3j7vrOc,7ca4065c4986a1f107d87dce832168459efa5ef2638f2e6cdb7a5f9125175a2c,"Gile hargane, lebih murah dari Avanza Velos, Xpander..  Listrik pula. Ngerii cok. 🇨🇳👍",2,2025-11-18T10:21:39Z,2025-11-18T10:21:39Z,2026-09-19T00:23:05.069705+00:00
Ugy4JIFZlIOXLVX2JNx4AaABAg,j_6L3j7vrOc,ba084fca5690f3e41d32e72d46af9f647a31271c4eb3a9cbd9141cddf29685b9,"Jadikan MOBIL SEJUTA UMAT !!!!
Mantap jaecoo",2,2025-11-16T13:56:27Z,2025-11-16T13:56:27Z,2026-09-19T00:23:05.069705+00:00
UgwWXKcD4QdlCMeL6up4AaABAg,j_6L3j7vrOc,62992936652c180901d38967498fb5c9718878690f8bc52caa1c552e6eb9cf62,Mobil EV yang ingin.....digoreng-goreng....😂😂😂😂😂,0,2025-11-17T07:47:49Z,2025-11-17T07:47:49Z,2026-09-19T00:23:05.069705+00:00
UgxE5LlCcSGpv-aFMf94AaABAg,j_6L3j7vrOc,fbf4b71472d54ef4e06c4d99f9d42779a2258f2a4d201e613f08b4c5029fed6a,"Serius nanya; 

Kalau sudah punya Wuling Air EV dengan Wall Charger di rumah yang daya listriknya 11,000, pasang Wall Charger JAecoo J5 harus pasang meteran baru ga ya? Ada yang bisa bantu jawab atau ada yang punya pengalaman sama?",0,2025-11-21T08:41:20Z,2025-11-21T08:41:20Z,2026-09-19T00:23:05.069705+00:00
UgxTNRHAQzWeklPCFzd4AaABAg,j_6L3j7vrOc,c0a5bfab90be807c14be09e56a1f6ca5455348752b04ea67bcef33211333ed42,OTO DRIVER GA SERU LAGI GA ADA BAPA FITRA,0,2025-11-16T10:05:45Z,2025-11-16T10:05:45Z,2026-09-19T00:23:05.069705+00:00
UgzrWtgOTvyZBTbZRmt4AaABAg,j_6L3j7vrOc,bc27f8c974a47c91900642a252ef76ae5427b41f00b2ea86f7baf48f9304f142,Harga di luar Jakarta selisihnya bikin sedih kak.. brand lain di bali hny 8-9jt ini selisih 20juta,3,2025-11-16T11:22:25Z,2025-11-16T11:22:25Z,2026-09-19T00:23:05.069705+00:00
UgzvZ9pGwGii2zhzqSZ4AaABAg,j_6L3j7vrOc,060bd8cedd330178df8b4dcb6892cc709492223eb411cdb96f4264502a58be97,"Perbandingan J5 UK inggris dan Indo:
#Versi UK dapet ban continental, layar speedometer lcd, speaker sony
#Versi Indo down grade jadi ban giti, speedo kalkulator, speaker non brand

Padahal bagus jg tuh, bikin 1 varian lagi yg super lengkap seperti UK punya. Banyak yg mau saya yakin",2,2025-11-16T11:36:22Z,2025-11-16T11:36:22Z,2026-09-19T00:23:05.069705+00:00
UgzMrjrJOMOJ-eqmrdx4AaABAg,j_6L3j7vrOc,b353c08052620fcad320ff77d42a8d9d8593210e271cd3ac876241162cc98b4f,Ingat harga 300jt hanya untuk 1500 pembeli pertama. Pembeli ke 1501-2000 hrg kembali ke 250jt. Dan pembeli ke 2001 - 5000 harga sdh kembali normal ke 200jtan 😅😅,2,2025-11-16T09:33:45Z,2025-11-16T09:33:45Z,2026-09-19T00:23:05.069705+00:00
UgzK0WKL_xDrCz8kz914AaABAg,j_6L3j7vrOc,63c6b455a8930ceafb7072b20f1c75e6ce1e5f9a1cde5f941654be78d0a583d5,"Nunggu Jaecoo J5 SHS-H (hybrid 1.5 turbo) masuk Indo 😍

 https://www.youtube.com/watch?v=HJ8yOzq_AJk
https://www.youtube.com/watch?v=deTxw7kUNds",0,2025-11-17T00:48:49Z,2025-11-17T00:55:41Z,2026-09-19T00:23:05.069705+00:00
UgwG3MOFs92klx7XNGF4AaABAg,j_6L3j7vrOc,c6e72ff6dfc26c193c3735c7fb65d66b43bff35d234ae57ea0c52c4f5db63e33,😂boleh beli bagi orang ikhlas yg mobil rusak lem biru..😂😂kalo gak ikhlas jangan beli😂ntar oleng😂,0,2025-11-20T12:35:28Z,2025-11-20T12:35:28Z,2026-09-19T00:23:05.069705+00:00
UgwyRCQ6gudBfAHk_JN4AaABAg,j_6L3j7vrOc,43ee062121b2ed686b378a21255f52eb5804367e56fe4b8c540c72113c2c0d9c,Sayangnya belum ada dealer di daerah bogor,0,2025-11-27T06:44:47Z,2025-11-27T06:44:47Z,2026-09-19T00:23:05.069705+00:00
UgzNzgMxIOhUh_OyBdJ4AaABAg,j_6L3j7vrOc,38918fbf1bb41006967c71df4edf07de51855a3f707a79262a17fe87292cab0f,lagi ngebayangin sales2 mobil2 bensin di rentang harga yg sama,0,2025-11-18T05:47:54Z,2025-11-18T05:48:18Z,2026-09-19T00:23:05.069705+00:00
Ugwv1EC7QCV66byOyxp4AaABAg,j_6L3j7vrOc,77790817db7c73a31a9e828b6e7f7ddffd477b7ab78d3150984072c40f576dc6,"mobilnya udah mau sempurna, tapi dirusak karena speedometernya.",0,2026-04-01T14:45:59Z,2026-04-01T14:45:59Z,2026-09-19T00:23:05.069705+00:00
UgzEdyPkTIL0xaiwNPh4AaABAg,j_6L3j7vrOc,fd8e15118bc2eecb232ae2561239e08d57a2b9844d03147d64f6409370bb76d9,Kalau pesan lewat mana Bos maklum saya tidak tahu dari Kalimantan Barat tolong dibantu.,2,2025-11-18T02:36:44Z,2025-11-18T02:36:44Z,2026-09-19T00:23:05.069705+00:00
UgxeUFCW1dLSiIc1k6B4AaABAg,j_6L3j7vrOc,e8c98be1364da78030dc2e41622a589107084dd49d6936f25ccac73ec5ae9997,Andaikan dpt wall charger pasti lbh mantap lagi.. sayangnya nggak dpt..,1,2025-11-16T10:19:40Z,2025-11-16T10:19:40Z,2026-09-19T00:23:05.069705+00:00
Ugz4Ribo9pmoRsUIl9Z4AaABAg,j_6L3j7vrOc,d41119e10570d18a6fc51b857a6e86ee6e29803931fe9529cf5f30b875e97fce,"Harga yg wajar, sesuai ini.. 

mobil jepang dan korea jga hrusnya sgtu, itupun msih kemahalan mengingat mobil jepang n korea minim fitur tpi hrganya ga msuk akal..cma krna di peras pejabat, alias londo ireng, ya jdi mahal..bayangkan anda beli mobil, 40% hrga dri mobil itu buat negara, tpi kwalitas jalanan amburadul..",0,2026-02-14T13:05:34Z,2026-02-14T13:05:34Z,2026-09-19T00:23:05.069705+00:00
UgwlWdsnwKkMkTQoICt4AaABAg,j_6L3j7vrOc,63c6b455a8930ceafb7072b20f1c75e6ce1e5f9a1cde5f941654be78d0a583d5,"1:18 ""kami akan membahas kehebatan, kemudian kelebihannya dan juga apa saja hal yang tidak dimiliki oleh beberapa rivalnya"". 

Wow, mantap, no minus2 acan mobil ini 😀",2,2025-11-17T00:37:50Z,2025-11-17T00:40:27Z,2026-09-19T00:23:05.069705+00:00
Ugz7PAPSqIABGXox6eR4AaABAg,j_6L3j7vrOc,80cfa96fa707848a82b803d8f8184124fa0b40ac77d952bacf76d53860f0a5ab,"Tetap Jepang kita mah, bensin lah",0,2025-11-17T12:23:43Z,2025-11-17T12:23:43Z,2026-09-19T00:23:05.693202+00:00
UgzK40idnDm3qacOF394AaABAg,j_6L3j7vrOc,35e4f054562cab44a6d886e08924462cd00ed9251db77d30e9a1ae8679b91228,"Minta argumentasinya dong, bagaimana dengan purna jualnya dan masa depan keberadaan pabriknya?",0,2025-11-17T04:44:42Z,2025-11-17T04:44:42Z,2026-09-19T00:23:05.693202+00:00
Ugw01-F0EukGb9PlWpV4AaABAg,j_6L3j7vrOc,f03a096012355705f049f22b8e858db1f5a765b7eefb3b80b86915500fa88b3f,Jika presentasi bateray listrik nya tersisa dibawah 50% apakah power motornya msh stabil .. atau lemot 😊,1,2025-11-18T01:48:20Z,2025-11-18T01:48:20Z,2026-09-19T00:23:05.693202+00:00
UgzjeumWU4dM6Soj1qp4AaABAg,j_6L3j7vrOc,cd112a59567bbb6b084c32515ea35a86a18ca03c428034a966c5bf7d7a1ddd48,"Om mau tanya itu audio nya apa?(Kalau chery kan sony)apakah sama,??",0,2025-11-18T14:52:25Z,2025-11-18T14:52:25Z,2026-09-19T00:23:05.693202+00:00
Ugz6V0pn-f88_xnLvJp4AaABAg,j_6L3j7vrOc,80cfa96fa707848a82b803d8f8184124fa0b40ac77d952bacf76d53860f0a5ab,Pakek 5 thn jd rongsokan😅,0,2025-11-17T12:23:24Z,2025-11-17T12:23:24Z,2026-09-19T00:23:05.693202+00:00
UgzOy_w2zc5kd38-_Kh4AaABAg,j_6L3j7vrOc,2d465e4917c0acaf8b7117e978c697d2c21b939a00fdf02a75409bf66b6b971e,"gila yaa. pabrikan china. genpur terus. hajar-hajaran sesama pabrikan sekampung. 
belum lama si atto skrang si J5. pepetin hargane
bkin pabrikan jepang / korea ngerut dahi + garuk2 kepala, pusing.
mau jualin hrga brapa Moblisnya
harganya sdah makin gak lonjong lagi (gak ngotak)😁😁😁",0,2025-11-17T06:10:00Z,2025-11-17T06:11:34Z,2026-09-19T00:23:05.693202+00:00
UgzuIn0KiOdVMmiro-Z4AaABAg,j_6L3j7vrOc,7b52204ef7a85cf7a36e78e040517121ff3cd5472077ee8fda72dd1bcef5cc89,"kl audio nya di upgred (hanya skedar ganti speaker), kira2 ilangi garansi ga ya,,
syang aja mobil udh keren gini, harus nya sekalian bisa di nikmati untuk audio nya,,
udh spk soalnya di medan, ready kata nya januari",2,2025-11-17T05:02:18Z,2025-11-17T05:02:18Z,2026-09-19T00:23:05.693202+00:00
Ugx3KrZJ_h-0Jkw03F94AaABAg,j_6L3j7vrOc,6ae65f49191c28ad5b02d85955622c9e128db517d61812980a0f41e9eec168fb,"*Designnya dari luar sangat BURUK TIDAK MENARIK. DI CHINA SANGAT BANYAK MOBIL LISTRIK YANG DIBUANG DILAPANGAN LUAS KARENA TIDAK LAKU DI PASAR DUNIA, KARENA TIDAK MEMENUHI PERSYARATAN NEGARA-NEGARA TUJUAN PEMASARAN CHINA. DI INDONESIA PERLINDUNGAN KONSUMEN ADALAH SANGAT LEMAH. WASPADA MOBIL MURAH EV YANG DIJUAL DENGAN HARGA SANGAT MURAH SEBELUM KALIAN SANGAT MENYESAL MEMILIKI EV CHINA. JANGAN PERNAH PERCAYA MENDENGARKAN NARASI IKLAN YANG DISAMPAIKAN SECARA MENGUNDANG KONSUMEN UNTUK MEMBELI.*",1,2025-11-19T13:01:39Z,2025-11-19T13:02:20Z,2026-09-19T00:23:05.693202+00:00
UgyG1PFk5U7dLsvkd-t4AaABAg,j_6L3j7vrOc,5e7f05b51aa46e078a2130704e07a258d83b16b1d35ebf8efcbcee62b50a01dd,"gila2 ya, apa kabar honda listrik yg rilis taun depan, mau lawan dengan harga brp bentuknya kaya gt apalagi jepang pelit fitur? hahaha",0,2025-11-18T01:26:37Z,2025-11-18T01:26:37Z,2026-09-19T00:23:05.693202+00:00
UgwkFTvR-Iy7ql6BTLF4AaABAg,j_6L3j7vrOc,d254ceb26181366307c400f6564df6e3bed379b86d3bbf7967205b8ef7e2ccc3,"Inget ini unit NIK 2025 yg akan delivery awal2 masih CBU dan masih dapat PPnBM 0%. Awal tahun 2026 udah pakai NIK 2026 dan ngga ada lagi subsidi PPnBM, estimasi harga bakal naik",1,2025-11-16T11:10:30Z,2025-11-16T11:10:30Z,2026-09-19T00:23:05.693202+00:00
Ugw2nlQyQ32KZaUoSSV4AaABAg,j_6L3j7vrOc,dfe9253363c74248620e304bf1710f5aabdea9453c778dc85f598f4586cec625,Durabiliti nya gmna ya kira2 perawatannya juga,0,2025-11-18T06:16:10Z,2025-11-18T06:16:10Z,2026-09-19T00:23:05.693202+00:00
UgxFgMQXmjqtx-4HBuR4AaABAg,j_6L3j7vrOc,479e5a50926ec2b1b0866d7b682d1c2719b3f64f31ef42eb053dcc8149108c53,jok dpn kiri kanan ventilated..itu ada pendingin gak?,0,2025-11-16T13:30:37Z,2025-11-16T13:30:37Z,2026-09-19T00:23:05.693202+00:00
UgwPSfiXKLqGRjshPQB4AaABAg,j_6L3j7vrOc,f558363e6c2acda41e35163863b5dc6f998609f447a34642547349b8e751b055,"apakah mobil listrik aman untuk di cuci steam dengan semprot kolong?
coz sy punya kebiasaan klo abis banjir2an, mobil ""wajib"" cuci kolong biar ga mudah karatan...",0,2025-12-05T03:16:54Z,2025-12-05T03:16:54Z,2026-09-19T00:23:05.693202+00:00
UgxXa0pJefnI5sK2tP94AaABAg,j_6L3j7vrOc,945edd5ddbdd93b15b96f9a50e9722b8103e98f5eafb2b795925d4e80843018f,seandainya si sigra di desain dari teamnya range rover... mungkin harganya melebihi si fortuner... hehehe....,0,2025-11-27T09:24:34Z,2025-11-27T09:24:34Z,2026-09-19T00:23:05.693202+00:00
Ugx-gNZ6MvNNkl0nGpp4AaABAg,j_6L3j7vrOc,8efe24550fadd5b01189d76ea4f6bc20de01e80c7a2c18dd44614eaf9702369b,"Secara pribadi saya bertanya tanya:
1. Apakah harga modalnya memang dibawah 300 jutaan?
2. Atau karena politik dumping (buang barang) bisa jadi murah?",1,2025-11-16T10:12:01Z,2025-11-16T10:12:01Z,2026-09-19T00:23:05.693202+00:00
UgzHzAe9HASgH_wo5il4AaABAg,j_6L3j7vrOc,1d4bf0b73ac1026f71a9d6553465c42e063d41870d13d75eab70a14b56db25b2,"Kenapa harus anak magang sih yg ngereview, jadinya males nonton",1,2025-11-16T09:12:46Z,2025-11-16T09:12:46Z,2026-09-19T00:23:05.693202+00:00
UgxNdd0gQEUDAo5a5dx4AaABAg,j_6L3j7vrOc,161c44cb1193f190ff0c259db5619a2a65060cd1005711ec7aa784cf1d1b8909,Si kriwul gagapan cengengesan 💩💩💩💩💩,0,2026-06-22T10:59:39Z,2026-06-22T10:59:39Z,2026-09-19T00:23:05.693202+00:00
UgzVhKt895y0DHG39154AaABAg,j_6L3j7vrOc,5592a0cfffa37d797d45f898bc88abd35cab789074961c25018a76c554f8a6ce,MOBIL2 LISTRIK EV HEMATNYA KEBANGETEN BIKIN KANTONG AMAN.. (1 KWH BISA JALAN 10 KM...HARGA PER 1KWH 1700 RP DENGAN CHARGE DI RUMAH.. BIAYA PER 1 KM = 1700 : 10 = 170 RP.. JADI BIAYA PER KM CUMA RP. 170).. LEBIH HEMAT DARI HONDA BEAT..,0,2025-12-06T06:59:49Z,2025-12-06T07:04:26Z,2026-09-19T00:23:05.693202+00:00
UgwS7erBWFtPz-K7sKB4AaABAg,wWoTrVO2Hk4,da93e646499656614ed65743eb40ce58314e54ee917b1cd90e6f4f98ecd57e3c,"Ini pasti lanjutan dr ""Mobil 200 Jutaan Kok Gini Amat?""",14,2026-04-22T14:02:55Z,2026-04-22T14:02:55Z,2026-09-19T00:23:05.982688+00:00
UgwmlJzNEs5QOEhYPpR4AaABAg,wWoTrVO2Hk4,879e2f37570e16fe2c8716c77553c4e6801cf53aebcecf64f449c4102d8d11cc,"Sama sama, terima kasih sudah mengonten 😅",1,2026-05-06T23:42:28Z,2026-05-06T23:42:28Z,2026-09-19T00:23:05.982688+00:00
UgziZM335qWpsuHi3eN4AaABAg,wWoTrVO2Hk4,1ffdd7b71d8b758ba2fda70c8489c5f6f1ac50efa1cd48b3043031f7decb71d5,"Selain fitur lengkap dan value for money, juga rasa mengemudi nya refined, berasa mobil mahal",1,2026-04-24T12:34:04Z,2026-04-24T12:34:04Z,2026-09-19T00:23:05.982688+00:00
Ugz-pI34BtA3bRO3nAZ4AaABAg,wWoTrVO2Hk4,59b7fd31325fe2c5616ae0fdca06c46faff11ceb3a46d1c53dfed1cb400a707c,"ini mobil keren banget ya om , lengkap banget teknologi nya , sudah power back door bahan bahan soft touch tutup charging nya juga elektrik sudah panoramic dan masih banyak lagi fitur-fitur yang super keren , mantap om",16,2026-04-22T22:16:11Z,2026-04-23T10:38:57Z,2026-09-19T00:23:05.982688+00:00
Ugx9UcWS_UfuW1DNcSp4AaABAg,wWoTrVO2Hk4,9622324ad385607d3df7ce0bde1902baaff811ee16ba0314c9a2a59c9d370f85,Untuk harga semurah itu ini mobil fiturnya Bintang 5... tinggal keseriusan aftersales nya... moga bisa bertahan lama dan bisa bersaing dg merek2 jepang,12,2026-04-23T02:06:02Z,2026-04-23T02:06:02Z,2026-09-19T00:23:05.982688+00:00
UgyXB0p-q9VSyvh70SR4AaABAg,wWoTrVO2Hk4,b354e19593e36539ab855e1f3e3c48c47cc8b817d948898f496fb483c3051238,Mantul kali,1,2026-04-25T12:40:24Z,2026-04-25T12:40:24Z,2026-09-19T00:23:05.982688+00:00
UgwcKgwUTT_DVqMLu9l4AaABAg,wWoTrVO2Hk4,7d6d418950222cf4ec74b406225cd76698fc4997464f2d27891f627793014dca,mantap,1,2026-04-22T14:01:08Z,2026-04-22T14:01:08Z,2026-09-19T00:23:05.982688+00:00
UgxMphTXshjTakPUvs94AaABAg,wWoTrVO2Hk4,3179d2e7ba7075683a3859a307bf94af2e5e1a66ebb8d419ed0eb56f96db4d78,"Hadir om b channel, ❤❤❤",0,2026-04-22T21:20:15Z,2026-04-22T21:20:15Z,2026-09-19T00:23:05.982688+00:00
UgxsQH_VvFJbtdAvCOR4AaABAg,wWoTrVO2Hk4,84280a569452537c6a964aa43339da7ca9eb30b059897f9c8a1935cc2a7182dd,Desain nya cakep om,1,2026-04-22T14:21:40Z,2026-04-22T14:21:40Z,2026-09-19T00:23:05.982688+00:00
UgxdoEYs28Qr94J2gtV4AaABAg,wWoTrVO2Hk4,204a65e5296d650e093be76ee228687b1b2c94147e84b084a0cbc5368025bc6b,"Seru👍👍👍
Atto 2 menyusul dibwh 300jt.
V23 bila ingin sukses juga hrs kompetitif.

Merk lama yg kemahalan, kualitas seadanya akan tergerus bila tdk segera berbenah.
Konsumen diuntungkan bila pemerintah tegas & cerdik mengatur regulasi🙏🙏🙏",2,2026-04-25T00:22:52Z,2026-04-25T00:22:52Z,2026-09-19T00:23:05.982688+00:00
Ugwn8Tf3aWJWniVQUUx4AaABAg,wWoTrVO2Hk4,20f1c23219ed6f17eaf3487108353bb72f7abf54c597e5b3c9705f6176e25854,"Ini mobil idaman keluarga saya om b, anehnya anak dan istri sy juga suka",1,2026-07-25T08:13:58Z,2026-07-25T08:13:58Z,2026-09-19T00:23:05.982688+00:00
UgxO0s_jl0-rxD0_S_14AaABAg,wWoTrVO2Hk4,6d1901eab2b6d80f3600c175c21c6188dc8b0e83a5b3ccbdb318ac6fc1747048,Keren nih mobil,1,2026-07-12T12:10:27Z,2026-07-12T12:10:27Z,2026-09-19T00:23:05.982688+00:00
Ugzd5Tls8rRbR5_6NLl4AaABAg,wWoTrVO2Hk4,fdbfb1550b052936129701a23d5718f1556c2b4f83f582870af678935c992e5c,"Mantap bang, mobil 200 jutaan vitur melimpah, sy beli 1 deh yg terbaru di bulan september 2026 ini buat istri sy antr jemput anak ke sekolah. Aamiin ya robbal alamiin",1,2026-09-13T03:31:57Z,2026-09-13T03:31:57Z,2026-09-19T00:23:05.982688+00:00
Ugxe4_3eGtwkr1nQiXJ4AaABAg,wWoTrVO2Hk4,3f0bcc0524ea2285cd156880208ab5268679f921029f566a5e8795771a5cc248,Cocok buat di jakarta mobil ev nih,1,2026-05-25T14:14:43Z,2026-05-25T14:14:43Z,2026-09-19T00:23:05.982688+00:00
UgwhaRnc-jMjWqDlDax4AaABAg,wWoTrVO2Hk4,32b05d2f74c9dcf61b125bc5b25101ba88c06e52e94ca2cc299f2b449b73e644,Insya Allah segwra meminang mobil ini meskipun ada sedikit kekurangan yg cukup mengganggu yaitu absennya acces smart entry.,0,2026-06-14T12:51:03Z,2026-06-14T12:51:03Z,2026-09-19T00:23:05.982688+00:00
Ugy52nR8AG1_ST-PRL94AaABAg,wWoTrVO2Hk4,59b7fd31325fe2c5616ae0fdca06c46faff11ceb3a46d1c53dfed1cb400a707c,hadir om b,0,2026-04-22T22:07:46Z,2026-04-22T22:07:46Z,2026-09-19T00:23:05.982688+00:00
Ugyz9tyhYkfGriInTL14AaABAg,wWoTrVO2Hk4,6ff373ba9ec191fe122be7ef81709f45ac593cc9bf10bb8ee576217c4d416411,"Insyaallah mobil Jaecoo J5 EV ini keren, sayangnya pengelola di pusat kurang amanah dalam pendistribusian unitnya, masak kami di Malang Jawa Timur yg sudah indent dibulan Nov'25 sampe skrg belum terima unitnya, padahal dulu dijanjiin akan mendapatkan unitnya pada bulan Feb'26, sementara kami dengar yg ordernya di Jabodetabek, jangankan yg ordernya di tahun 2025, yg ordernya di bulan Feb'26 pun sudah pada terima semua, jadi tolonglah manajemen pusat utk juga peduli dengan costumer yg diluar Jabodetabek, terimakasih 😢",5,2026-04-30T04:52:32Z,2026-04-30T04:52:32Z,2026-09-19T00:23:05.982688+00:00
UgyVqpygfdHMVpUxpwx4AaABAg,wWoTrVO2Hk4,33d504a61572cbbc09421065aaccb5a5f08c676726c8d7da480f07378c8334b7,suara ganti² drive modenya ngingetin xbox 360🤣,1,2026-04-29T07:39:41Z,2026-04-29T07:39:41Z,2026-09-19T00:23:05.982688+00:00
UgwGSgWUxfvK44joMYR4AaABAg,wWoTrVO2Hk4,c07cc12deadc3f82470a837a810d1158147bd1388f819d37ab90c02398a0828b,Nyimak aj,0,2026-04-23T03:54:08Z,2026-04-23T03:54:08Z,2026-09-19T00:23:05.982688+00:00
UgyS_zEQpmrhMahUmB14AaABAg,wWoTrVO2Hk4,9f24bb9c196f8d839c47cf6d9dbea1250327401dc1fafddecba16e328b504078,Modelnya kayak range over,4,2026-05-14T09:11:03Z,2026-05-14T09:11:03Z,2026-09-19T00:23:05.982688+00:00
Ugy1uAleMYuZe1wiI-14AaABAg,wWoTrVO2Hk4,4c7d4bd7b8dd4ae74a2530c7a7db86d2bab155caabcd0fa0c7406eecae425c49,Next IDT Linxys G050 di GIICOMVEC 2026 Ya Om B Channel 😊,1,2026-04-23T06:01:42Z,2026-04-23T06:01:42Z,2026-09-19T00:23:05.982688+00:00
UgyVcJJwoOzUWGuTZAx4AaABAg,wWoTrVO2Hk4,1f451311522a84067bf0b4c1cd66e05625401b07a0bef6381114ccc452cb2fa0,80% pembahasan untuk interior aja,0,2026-05-13T09:21:40Z,2026-05-13T09:21:40Z,2026-09-19T00:23:05.982688+00:00
UgzqMvXXMlGeAgOle7R4AaABAg,wWoTrVO2Hk4,4c7d4bd7b8dd4ae74a2530c7a7db86d2bab155caabcd0fa0c7406eecae425c49,Next IDT Isuzu Traga AC di GIICOMVEC 2026 Ya Om B Channel 😊,1,2026-04-23T14:26:31Z,2026-04-23T14:26:31Z,2026-09-19T00:23:05.982688+00:00
Ugz3D2nVFILhmpslLrt4AaABAg,wWoTrVO2Hk4,9a4a34a55df39759f97ff0aa34d2cb6286ae0887a203b326e9d1cdc1d2e49f64,Keren sih om mobil dibawah 300 jtan fiturnya kayak mobil di bawah 1M om👍👍👍👍👍👍👍👍👍👍,2,2026-04-22T14:11:07Z,2026-04-22T14:11:07Z,2026-09-19T00:23:05.982688+00:00
UgxYPrlF32qH5lG4YTB4AaABAg,wWoTrVO2Hk4,8b5c035cefe6979de1360db284f361d8c87df601933caf6745fb48bbe86cfb0f,klo logonya Toyota pasti sudah 1 M lebih harganyaaa😂,18,2026-04-22T17:15:06Z,2026-04-22T17:15:06Z,2026-09-19T00:23:05.982688+00:00
Ugwa70yKftVTCIXqSGR4AaABAg,wWoTrVO2Hk4,e6b239737f216f50bfba012c09aa4e27c4eb0c9cb5f1516bebd9d7a04d474876,Terimakasih om B.. sukses sehat selalu.. Tuhan Yesus memberkati,1,2026-04-23T02:10:20Z,2026-04-23T02:10:20Z,2026-09-19T00:23:05.982688+00:00
UgxH2U1-zc14lGkd1Cd4AaABAg,wWoTrVO2Hk4,1c37f190c73de5e8ebb20f0c9bbe39db76f2f085e493f585403042ea8f8ff75e,"Pamtesan udh banyak di jalan.. harga ok, fiture melimpah plus mobil EV",4,2026-04-25T11:08:37Z,2026-04-25T11:08:37Z,2026-09-19T00:23:05.982688+00:00
UgzPfIzhnH_Md90pqHd4AaABAg,wWoTrVO2Hk4,2c123d28d72fa78df6d95ec391d506425939de8b2ef69f01b1d7ed2fcb4406f0,shooting di perumahan apa itu .. Om .. kayaknya pernah lewat ..,0,2026-04-25T09:01:18Z,2026-04-25T09:01:18Z,2026-09-19T00:23:05.982688+00:00
Ugy0VhFo1Um-T2iJofh4AaABAg,wWoTrVO2Hk4,bbf212a8465c42f299e0fe66ef6ca9db519be5df92cc920d2eae943304c6c2e4,300 jutaan lah 😁 299,1,2026-05-21T13:38:45Z,2026-05-21T13:38:45Z,2026-09-19T00:23:05.982688+00:00
UgwMKfR0TLUo5GGouF14AaABAg,wWoTrVO2Hk4,ff282268cf1b9b7cfeef8aaf8295701175e5009a195b56c61ee1581e6af867f5,Jelas bagusan ini drpd eksion yg overpriced. Sayang tp ini ga 7 seat,3,2026-04-22T23:57:01Z,2026-04-22T23:57:01Z,2026-09-19T00:23:05.982688+00:00
UgyV4H5E6YIwadm0c7J4AaABAg,wWoTrVO2Hk4,35e607936fb621b0484bff3db954bf323bd8ff962586388a9fe2ad2d52fe0a6e,Gmana ngk laku keras .. klo mobil nya lengkap kayak gini,1,2026-04-23T17:57:58Z,2026-04-23T17:57:58Z,2026-09-19T00:23:05.983222+00:00
Ugwfv5tweg3TYP1wDmR4AaABAg,wWoTrVO2Hk4,ca49c84a3e70c08eaad4152744bf275660e218848b65b99656070f5c25bf1f5d,Next review grand vitara GL mc om,0,2026-04-22T16:18:33Z,2026-04-22T16:18:33Z,2026-09-19T00:23:05.983222+00:00
Ugx9QW45MSvNaUFrC4V4AaABAg,wWoTrVO2Hk4,3e97dcce886e37d536dc402870901e124c9bc1b68cbe93ca4e6f77920673f95c,"bagus banget mobil nya, sayang speedometernya kaya sepeda listrik",4,2026-04-23T22:36:12Z,2026-04-23T22:36:12Z,2026-09-19T00:23:05.983222+00:00
UgzYzdJ0-s6sC9ZPNjB4AaABAg,wWoTrVO2Hk4,3179d2e7ba7075683a3859a307bf94af2e5e1a66ebb8d419ed0eb56f96db4d78,"Om b channel, Setelah Review Jaecoo J5 EV Premium, Next Review Wuling Eksion EV CE, Wuling Eksion EV EX, Wuling Eksion PHEV CE dan Wuling Eksion PHEV EX ya om b channel, ❤❤❤",0,2026-04-22T21:24:25Z,2026-04-22T21:24:25Z,2026-09-19T00:23:05.983222+00:00
UgzS7FpyD731Yr0jFxF4AaABAg,wWoTrVO2Hk4,2a56b5b598e6854326ac9167c3cb5a64fa7073a120e969f7db870c980f21f278,"Dimensi mobil ini besar,bahkan lebih besar dari HRV...fitur sangat lengkap dan kualitas bahan nya bagus..bahkan harga juga jauh banget lebih murah dari HRV
Masih ada yg mau beli HRV?",2,2026-04-22T23:36:27Z,2026-04-22T23:36:27Z,2026-09-19T00:23:05.983222+00:00
UgxP-AlmJ3WYFNWHt3l4AaABAg,wWoTrVO2Hk4,08871f5150ebccb321a483c53b1f811bfccb5c37d69a7f6dc0b2fc0d1e99eecb,"hal kecil yg cukup mengganggu: saat wiper depan diangkat, tangkainya mentok dg kap mesin.",1,2026-05-26T11:43:38Z,2026-05-26T11:43:38Z,2026-09-19T00:23:05.983222+00:00
UgyndUS61BLPMNd91BJ4AaABAg,wWoTrVO2Hk4,8f09b294a870a3f6c65a5edecec46eb05db86645dc042e1dfa0cf9d5ec7156c7,"Tombol2 atau Control2 apa saja yg via LCD?   Kalo LCD tiba2 rusak, semua tombol2 atau control2 via LCD tidak bisa dipakai?",0,2026-04-24T10:23:14Z,2026-04-24T10:23:14Z,2026-09-19T00:23:05.983222+00:00
UgxPl1wR8GYbxz8w1mp4AaABAg,wWoTrVO2Hk4,5375488738c3da338c939d7dba9ef2d6ba3d4aa4d7fb987a78f6a489f0676759,"299,9 JT . disebut nya 200jt an trus.. hadehhh",0,2026-04-27T18:18:49Z,2026-04-27T18:18:49Z,2026-09-19T00:23:05.983222+00:00
UgxjFA27l3vGBU1QY254AaABAg,wWoTrVO2Hk4,3fedfb21aa338b01e59d92b0e3098c791305fbd2fbf6c181593bb3a5a6421544,"Saya kebetulan juga ambil ini kena harga 309.900 karna udah bukan 1000 pembeli pertama 😁 

Tapi di harga 309.900 terlalu murah menurut saya yg build quality nya kayak mobil 1M an 😅",3,2026-04-22T17:32:58Z,2026-04-22T17:32:58Z,2026-09-19T00:23:05.983222+00:00
UgywNO6ZAJ7mA9ZEYdl4AaABAg,wWoTrVO2Hk4,4ac294dba7313ae4fa1018c1b18b963ab0caecd32378653b527ed97b4ba8199b,"Final spek dan trim tertinggi msh ada dumy tombol, layar TFT dan ga ada tombol start stop sama kaya tipe standart😂",1,2026-07-27T05:40:49Z,2026-07-27T05:40:49Z,2026-09-19T00:23:05.983222+00:00
UgyBPvdS3tchxLLq5Zd4AaABAg,wWoTrVO2Hk4,51f8480578a6ce0a3096ccdde929a31af4c75df10fb902624c4e822c241b6341,Ini klo merk H tegak harganya jdi 780 jt an😂,2,2026-04-23T10:05:04Z,2026-04-23T10:05:04Z,2026-09-19T00:23:05.983222+00:00
Ugyxbon59WadtmtiN0x4AaABAg,wWoTrVO2Hk4,d165b08e83216a2b6598b93ab3188e708019cc2fbcf2d6c94f6a25e0f5b28cf4,"Ohh... Yang ""Mobil 200 Jutaan Kok Gini Amat"" Itu Sebuah Trailer Atau Teaser ""In Depth Tour Jaecoo J5 Premium"" (Atau Apa?) Ternyata. 😅🤦",0,2026-04-23T14:15:20Z,2026-04-23T14:15:40Z,2026-09-19T00:23:05.983222+00:00
UgzwblctAusdf7lzppB4AaABAg,wWoTrVO2Hk4,0d072f27fed8f876b3d84ff731ae6a7b229fa51c203e6c44b67b60e9427bd897,Udah 300jt an om b wkwkwk,2,2026-04-22T14:06:13Z,2026-04-22T14:06:13Z,2026-09-19T00:23:05.983222+00:00
UgwUx3IOzQ4hWIzATF54AaABAg,wWoTrVO2Hk4,9865f1cf5b348e25c6cd52d1dcb31d9bb52794f8afb0d271e667f0327817c969,Nyebutnya mobil 200 jtaan.😨😨,0,2026-04-23T00:16:57Z,2026-04-23T00:16:57Z,2026-09-19T00:23:05.983222+00:00
UgxxfclkrhsBY9Ax_Zd4AaABAg,wWoTrVO2Hk4,4c7d4bd7b8dd4ae74a2530c7a7db86d2bab155caabcd0fa0c7406eecae425c49,"Om B Channel, Setelah IDT Jaecoo J5 Premium, Next Review Nambah 4, 9jt Sekalian Ambil Geely EX2 Pro atau tetap BYD Atto 1 Premium Ya Om B Channel 😊",1,2026-04-22T22:21:33Z,2026-04-22T22:21:33Z,2026-09-19T00:23:05.983222+00:00
Ugw0Ivv92PY2gPbQ6v94AaABAg,wWoTrVO2Hk4,58eec629a81fb793a98247074c3d787b668faae5f12f4aa64f88083cf8073409,Distribusi nya emang banyak. Tapi penjualan beda ceritanya,0,2026-06-16T01:32:03Z,2026-06-16T01:32:03Z,2026-09-19T00:23:05.983222+00:00
UgwcRHvQP_hVGVTqHrF4AaABAg,wWoTrVO2Hk4,b663983ac513a491134b6df4f09910a6d73db8bcf1408b3cc87cd06d26a56cdb,"Nama mobilnya jadi inget nama seri HP Samsung (jaman² J Series) - J5, J7 & J8 😜

*Ntar ada Jaecoo J1, J2, J3, J4, J6 🗿",0,2026-04-22T15:03:44Z,2026-04-22T15:03:44Z,2026-09-19T00:23:05.983222+00:00
UgwtMu2xiT4iTZYn-fx4AaABAg,wWoTrVO2Hk4,dcdc7c08638cfc2a4796921a264e1d4cedb5a607b76db0755e7508c673b01114,"ini mobil keren. cm yang ganjel sm sy cm 1

speedometernya kaya speedometer selis. alangkah lebih baik di kasi speedometer yang bagusan itu. pasti ud ga ad claah di harga segitu.",0,2026-04-23T03:47:26Z,2026-04-23T03:47:26Z,2026-09-19T00:23:05.983222+00:00
UgwWYZ9ef3eth-QowtN4AaABAg,wWoTrVO2Hk4,b5bc7f47f6fde9d0facb1c33b880a0c9c6b4ba97612aa7398574ae330e74d202,Udah naik 319 kemarin spk giias. Ada bonus sih. Antara bodykit atau asuransi all risk 1 tahun,0,2026-08-03T01:10:50Z,2026-08-03T01:10:50Z,2026-09-19T00:23:05.983222+00:00
Ugz4nEI5oM3At75oaiV4AaABAg,wWoTrVO2Hk4,49e9994f4389c62908e3cc3fca1a830fe2bb927aafbea0a3036df03417917c02,"Mobil seharga 299,9 juta pun om B menyebutnya ""mobil 200 juta an"". Itu pun di sebut berulang kali. 🙃",0,2026-04-23T00:22:36Z,2026-04-23T00:22:36Z,2026-09-19T00:23:05.983222+00:00
UgwpQRwPqwSj287i4TV4AaABAg,wWoTrVO2Hk4,2db76379e9b1f715db764a344de429cd4b0a1fa5e51c1942b97743f541ef4d2e,Mama mertua saya baru terima unit nya. Sama kaya yang di video ini. Gila 309jt mobil begini. Ancur ancur pasaran 😂 yang saya paling demen dia pas unlock bisa set headlamp nyala kaya Mercedes 😂 bantingan juga mantap. Tapi yah saya bandingin sama GK5 2019 saya. Wajar aja jauh perbandingannya. Saya jadi pengin ganti ke J5.,1,2026-07-14T20:38:16Z,2026-07-14T20:38:16Z,2026-09-19T00:23:05.983222+00:00
Ugw5mk5Y9tIFQ8-62ax4AaABAg,wWoTrVO2Hk4,2077c55965f45a020b79ff1dee66f207c3843b2098a8adce105738262aca38b7,"Masukan aja buat next review om, ditambahin bagian batre dan motor listriknya yg jadi jantung pacu 😂",0,2026-04-24T14:25:26Z,2026-04-24T14:25:26Z,2026-09-19T00:23:05.983222+00:00
Ugx_ShBPHUNyTk8bgpN4AaABAg,wWoTrVO2Hk4,90e2948dc99b0879d4b016379392d9358d95864df012b610a281b063991bdef1,"""mantap ya mobil 200 juta dapat power backdoor""  harganya 200 jutaan kah?",0,2026-04-23T07:05:48Z,2026-04-23T07:05:48Z,2026-09-19T00:23:05.983222+00:00
UgxMrPymCXjavIoQFkt4AaABAg,wWoTrVO2Hk4,191563b5019e5f82e15bf69488e8b253361804a111ad1d9d2f47fa7b9878aee6,Yah gabisa menyanding harga 200jtan kok gini amat lagi deh 😅,1,2026-04-22T16:18:48Z,2026-04-22T16:18:48Z,2026-09-19T00:23:05.983222+00:00
UgxAPZpDVWaQxEz0zwN4AaABAg,wWoTrVO2Hk4,5db905207ffc38615eac7a9f182304fdb1c966ae2ba171325014ad44f0ae3368,"Om B Channel, Setelah IDT Jaecoo J5 Premium, Next Review Nambah 4,9jt Pilih Geely EX2 Pro atau tetap BYD Atto 1 Premium Ya om b Channel 😊",0,2026-04-22T14:03:40Z,2026-04-22T14:03:40Z,2026-09-19T00:23:05.983222+00:00
UgxH0AAcxP7hNoEFEhV4AaABAg,wWoTrVO2Hk4,28357b40e524dd72b90e2af2cf44964b46f79cc319853434bca7c0c7e5a0b894,Seharga Veloz..wkwk,0,2026-08-20T13:22:56Z,2026-08-20T13:22:56Z,2026-09-19T00:23:05.983222+00:00
Ugws4At2PtPzTDJKR8V4AaABAg,wWoTrVO2Hk4,de40e79dc17fca0fc15006c129c99ff423699e1b9445c95592aade6f53f04a03,Tu speedometer bisa di upgrade gk si?,0,2026-08-07T06:19:59Z,2026-08-07T06:19:59Z,2026-09-19T00:23:05.983222+00:00
UgyV3ji80hFxpNd7Zk54AaABAg,wWoTrVO2Hk4,d84aaa00d58061568e8010b9ae3c0f0789a5acb1143cca6069e498c30895cf04,Dmna mas bero hrga 299.9,0,2026-04-24T00:18:34Z,2026-04-24T00:18:34Z,2026-09-19T00:23:05.983222+00:00
UgxjhP-SK63l5Tba6rV4AaABAg,wWoTrVO2Hk4,4793b781f747d51b108acc42599b6dda96de339f45bdf7d58e8ca9e73bf2190b,Jadi kena pajak kah ini bang?,0,2026-04-22T15:11:33Z,2026-04-22T15:11:33Z,2026-09-19T00:23:05.983222+00:00
UgxpY_o3UBwMFVS1wDp4AaABAg,wWoTrVO2Hk4,5902645f44151823439b6a1c56b97489e0a1918e12aa57c059293329251c1c6c,Worth it ga mobil ini om?,0,2026-04-30T09:01:09Z,2026-04-30T09:01:09Z,2026-09-19T00:23:05.983222+00:00
UgzCAb6qPXGRpVVFGoN4AaABAg,wWoTrVO2Hk4,37e34a1eefd603ba990a5b6ca1da4aaec7ddd8576049f6847f619d35fbdc6b8e,Petamax,0,2026-04-22T14:00:39Z,2026-04-22T14:00:39Z,2026-09-19T00:23:05.983222+00:00
Ugx37CvzJSvbVsFeCBV4AaABAg,wWoTrVO2Hk4,c9fd58536f8932b1014c688c9f8089ac09fb057e145d8fd1e204254519b5a7ca,J5 premiumnya bukannya udah pernah idt ?,0,2026-04-22T14:04:43Z,2026-04-22T14:04:43Z,2026-09-19T00:23:05.983222+00:00
UgyVNgHXvOXS5vpMtQ94AaABAg,wWoTrVO2Hk4,e88708f312b234a47437b9e635bccc9d82e4c03672be9321baea98cda2f30dab,Ga ada akses smart key di handle pintu om? Jadi hrs pencet remote? Atau ada auto lock/unlock kalau mendekat bawa kunci?,0,2026-04-24T23:46:26Z,2026-04-24T23:46:26Z,2026-09-19T00:23:05.983222+00:00
UgyNeriDfEjAax8briB4AaABAg,fjWvVFT0vr0,819a46f57a42c2930c7916e313d52ae556d4596770d6263d1e0b0b82452a3753,"Tiap nonton review atto 1 iklannya selalu Toyota, langsung skip iklan 😂",74,2025-07-26T06:19:37Z,2025-07-26T06:19:37Z,2026-09-19T00:23:06.549873+00:00
UgyDXw8ax1MVkua3E2p4AaABAg,fjWvVFT0vr0,aafbea55b1d155795ac5e0df63a6360a8e598e18e7692b51607544031173834e,"Sementara ampas kaleng rombeng LCGC pakai emblem RS, GR uda tembus 250 😂. Uda saatnya berontak dari romusha jepun. Merk tiongkok malah yang membantu konsumen Indonesia",784,2025-07-26T04:27:43Z,2025-07-26T04:27:43Z,2026-09-19T00:23:06.549873+00:00
UgzT0zfCs90pzvcHrNN4AaABAg,fjWvVFT0vr0,4b4ebfbf144130b67a0f91569f36b715b9f970af3940a1e1c4ec86432b2f8f2b,Akhirnya Carmudi upload juga... Sengaja nggak nonton review channel lain karena kurang afdol aja kalo yang jelasin bukan abang botak satu ini 😊,43,2025-07-26T03:45:49Z,2025-07-26T03:45:49Z,2026-09-19T00:23:06.549873+00:00
UgwjIj7Se1x050bjYVZ4AaABAg,fjWvVFT0vr0,c909c48516ea35565bdd9bd33d0dc3fc0872494c065510104bac8b85536f86e0,"Cuma Carmudi yg review mobil secara konsisten proper, detail dan lengkap. Ga pakai masukin gimmick² seperti overhyping, ngiklan atau terlalu fokus ke pembawa acara (termasuk itu tuh, youtuber reviewer 'the big 3' yg apa² selalu colab dan riya banget klo beli² baru buat istri, engkong, kantor, dll) 😂",6,2025-07-27T01:09:54Z,2025-07-27T01:09:54Z,2026-09-19T00:23:06.549873+00:00
UgxyL3FVL0tzBa8JcaB4AaABAg,fjWvVFT0vr0,a5911eeebd5408b1b5e0fa6a762e16c9d05543e54d5066e960ab4c39f53dbd30,Keren ...cuma carmudi om botak reviewer mobil enak disimak..krn bikin skrip dulu gak lgsg ngomong ditempat....semoga yg pengen punya byd akan dimudahkan memilikinya dgn cara halal dan barokah...,35,2025-07-26T10:52:31Z,2025-07-26T10:52:31Z,2026-09-19T00:23:06.549873+00:00
UgxJHanS2Iiz9DizFAB4AaABAg,fjWvVFT0vr0,602c3cfd41b1d8411ea101c0ee5437817fe5361bb7583079a5237549db6350d0,"Orang kalo punya style yg bagus juga bisa lihat ini designnya dengan harga 235 udah juaranya banding lcgc sebelah, masuk wish list",10,2025-07-26T08:00:02Z,2025-07-26T08:00:02Z,2026-09-19T00:23:06.549873+00:00
UgwpDCX7flI7z6-TTYR4AaABAg,fjWvVFT0vr0,5b66aabb08c67cc89454997d8fab19e98d7f997f28a42131291695780016e6ef,"Diluar video ini, semenjak ada even mobil, iklan youtube jadi toyota mulu😂",30,2025-07-26T03:45:33Z,2025-07-26T03:45:33Z,2026-09-19T00:23:06.549873+00:00
UgzPJeSKmqY1HCIH2OJ4AaABAg,fjWvVFT0vr0,804480188272f0c9826dd436bd494b886f50991c784ecd898d2a04b783d56bbf,"semoga di Kaltim makin banyak SPKLU, biar tenang kalo mau beli mobil listrik.


Kesel banget LCGC makin mahal, kualitas gak ngikut naik.",12,2025-07-26T04:59:22Z,2025-07-26T04:59:22Z,2026-09-19T00:23:06.549873+00:00
UgzhD5rO3SjuQ8Egj_94AaABAg,fjWvVFT0vr0,3461197049b2298df9d38492c2c0249b6e4ddb431ffc0344e08f993b71ab0934,"Nah gini, semakin banyak pesaing semakin kompetitif dan semakin masuk akal harganya.",23,2025-07-26T03:13:27Z,2025-07-26T03:13:27Z,2026-09-19T00:23:06.549873+00:00
UgwBKtdYj7A1L52rPSt4AaABAg,fjWvVFT0vr0,f829287f57cacf576b28476e1c67265ed7cef946a767f60e4d6f1e3ba32cdb6f,"Yg di jkt worth it ini sih, jauhh sekali.
Maintenance, servis & pajak murah, worth it bgt

Otw spk 1 aamiin",18,2025-07-26T07:36:37Z,2025-07-26T07:36:37Z,2026-09-19T00:23:06.549873+00:00
UgyZCRvfNskVAgpvnB94AaABAg,fjWvVFT0vr0,46e2448d2824697b2ce17e4e262b763722dad40f59ef4670a3682451d30a7b6c,"INI PENGALAMAN SAYA DI DUNIA TEKNOLOGI. saya lama sekali bekerja di sebuah brand smartphone asal tiongkok.. di sana saya belajar bahwa selain takdir tuhan bahwa kemajuan teknologi tidak bisa dihindari..
cuman dengan pesat dan persaingan yg luar biasa, selain efek baik harga yg murah dan kualitas terus membaik... akan terjadi brand2 tumbang.  contoh di smartphone banyak sekali brand besar hilang di Indonesia.. dulu juga sama smartphone harga second bagus lalu dengan kemajuan seperti ini lama2 orang ga peduli sama  harga second.

jadi menurut saya ini akan seperti dunia smartphone.. MOBIL tiongkok akan terus semakin merajalela dan berkuasa. Brand besar akan ada yg tumbang.. lama2 orang akan tidak perduli dengan harga jual kembali...",111,2025-07-26T03:41:53Z,2025-07-26T03:41:53Z,2026-09-19T00:23:06.549873+00:00
UgyJAlY-lQOaeX9SNxJ4AaABAg,fjWvVFT0vr0,f709c15daae93eb09ee7550c0a8b857d532277a218f95e95a9d4294b78d314d5,"mang cuantik banget ini mobil,ceren di pakai anak2 ABG jaman skrng,modis simpel irit murah,sukses slalu byd,",65,2025-07-26T05:04:03Z,2025-07-26T05:04:03Z,2026-09-19T00:23:06.549873+00:00
UgxlMejjN9H6QGAyyQB4AaABAg,fjWvVFT0vr0,48ce5a6c826b6ca3aa699b1e02a4392ca94dc449c83c4969caa7c334017dbb33,"Ayo donk chery dan kawan2, produksi citycar yg murah & berkualitas. Biar ga suv terus😢",65,2025-07-26T03:17:53Z,2025-07-26T03:17:53Z,2026-09-19T00:23:06.549873+00:00
UgzfsiU2aE8JWbjPDEZ4AaABAg,fjWvVFT0vr0,42da24bd96b9b6310e5c162b5a18d1aa422143f8b16d56b9ef9ef15d342db626,Gila ini BYD di Eropa mereka sudah menggusur TESLA jadi mobil listrik terlaris sekarang di Indo mereka mulai menyenggol dominasi pabrikan Jepang kita liat aja ke depannya,145,2025-07-26T06:00:45Z,2025-07-26T06:00:45Z,2026-09-19T00:23:06.549873+00:00
Ugy7c9CqqT2vOpMjDBN4AaABAg,fjWvVFT0vr0,19d1086de1b68447353fb345b455b39b2725bad5125df6ba78c03e69fccef7dc,Insya Allah mudah mudahan kita semua yg nonton ini video bisa membelinya May menjelang hari raya idul fitri thn 2026. AAMIIN YA ROBBAL AALAMIIN,37,2026-02-11T12:34:31Z,2026-02-11T12:34:31Z,2026-09-19T00:23:06.549873+00:00
Ugzb9jq1RNBivvtrZat4AaABAg,fjWvVFT0vr0,fec606c3663ad469a6a0d300c0659aefd7a42afe303d99c40c3e66509e30f05a,Reviewer paling terniat carmudi... opening nya keren banget... isi nya selalu singkat dan padat... love carmudi,4,2025-07-26T14:40:00Z,2025-07-26T14:40:00Z,2026-09-19T00:23:06.549873+00:00
Ugyw3oaeiPL2YOP-Hb54AaABAg,fjWvVFT0vr0,029f69577e9d2d1b86f11b1fa94ecaa86a80248fa116fc4412d0e1724819cb18,"Alhamdulillah berkat brand brand China harga mobil baru di Indonesia tidak lagi terus melambung tinggi. Byd atto1, Semoga kebeli..",73,2025-07-26T06:30:46Z,2025-07-26T06:30:46Z,2026-09-19T00:23:06.549873+00:00
UgyXs59Oc0IrECLCIqV4AaABAg,fjWvVFT0vr0,1dd04fab562e794c52b6ef9fc3b5f9423a45ea31b25cf5ef969bf1375b1c4a53,"Gua Selalu senang kalau Carmudi,
Pengambilan Videonya Selalu terbaik !",8,2025-07-26T05:29:07Z,2025-07-26T05:29:07Z,2026-09-19T00:23:06.549873+00:00
Ugw-PdtODTqD2ZFCuKZ4AaABAg,fjWvVFT0vr0,88c7115e583c659b779992614e89281c64d2f122fc28d1415fa565d9db72c00d,"Bismillah, Insya Allah pengen beli mobilnya. Semoga Allah kasih rezekinya. Aamiin Ya Allah",17,2025-07-26T03:33:36Z,2025-07-26T03:33:36Z,2026-09-19T00:23:06.549873+00:00
UgylK4zVovCdKWiXXId4AaABAg,fjWvVFT0vr0,1b0dacb6a2de96fca0a8507f0e40d34993fb18a1d01fe6c68e228b0d74247ab2,"Paling suka kalo Carmudi yang bikin review , benar2 lengkap dan comprehensive mantep banget",3,2025-07-26T09:24:07Z,2025-07-26T09:24:07Z,2026-09-19T00:23:06.549873+00:00
UgyarQEIH1VnxW9GWZd4AaABAg,fjWvVFT0vr0,410c15f4d7be122136a60ae4ce2f3b24007b38be74629da081d4fa6ce3d7b839,"Bagus sekali, semakin banyak mobil tiongkok masuk ke indonesia maka kita makin banyak pilihan dan MAKIN TERASA mobil brand jepang terlalu overpriced, termakan iklan melulu.....",309,2025-07-26T03:31:52Z,2025-07-26T03:31:52Z,2026-09-19T00:23:06.549873+00:00
UgwZHHsg7NEWK-sBjQJ4AaABAg,fjWvVFT0vr0,e54a81c5083197c0fac6c499131f474e4431272c08332599c2bf262356a88cb1,"wah gila sih byd, bisa abis banget ini brio, agya, ignis dkk",9,2025-07-26T05:30:06Z,2025-07-26T05:30:06Z,2026-09-19T00:23:06.549873+00:00
UgzqGc0wwus9TcTAxqV4AaABAg,fjWvVFT0vr0,0efc047b81d17c5e930d51639397d30f5332153afec04b4ae5fd233be7306b64,Bukan Toyota/Honda dkk langsung yg terdampak tapi Astra & Atpm2 lain. Kmgkn mereka bakal merevisi investasinya dari pasar Indonesia ke depan karena cdrg suram. Tiongkok sedang gencar mengalihkan pasar moblis mengincar negara2 yg harga bbmnya relatif tinggi - bukan produsen besar migas. 😅,6,2025-07-26T06:02:13Z,2025-07-26T06:02:13Z,2026-09-19T00:23:06.549873+00:00
UgxNz_FQvl59CTJb5XJ4AaABAg,fjWvVFT0vr0,1845508162fbac265dd6ede45c78a74eeb5cb5b47550ae18fd96ab7180e52ff3,"Duh jadi pingin, Bismillah semoga bisa ke beli BYD Atto 1 Dynamic, aamiin",8,2025-07-26T11:52:10Z,2025-07-26T11:52:58Z,2026-09-19T00:23:06.549873+00:00
UgxHMtZvCyFi_qMrmo54AaABAg,fjWvVFT0vr0,cc93ff270f667af8aaf9f95201e7c1bb47770c6e5499ede41fcda3ff22be6834,"Tadinya lagi nabung untuk Beli Agya G CVT 2023 (yang second) karena harganya value for money dengan fiturnya untuk mobil pertama. Tapi lihat ini jadi kepikiran nabung lebih biar bisa beli BYD Atto 1. huaaa wkwkw. As always belum nonton reviewnya tapi tahu kalau di review sama carmudi, will be beyond outstanding.",52,2025-07-26T03:13:25Z,2025-07-26T03:13:25Z,2026-09-19T00:23:06.549873+00:00
UgyxCS-SciE3hNKggM54AaABAg,fjWvVFT0vr0,e4cd854621450e16251afb7331b618d4651bd8979d42ca1cb6d2a2c8153ec0d3,"Ya kali ini aku akui bahwa ini lebih keren daripada kelasnya, bahkan lebih keren daripada Suzuki espresso",3,2025-07-26T06:07:10Z,2025-07-26T06:07:10Z,2026-09-19T00:23:06.549873+00:00
Ugz5yRLgvkPVXs78kVJ4AaABAg,fjWvVFT0vr0,f54ed57158798bd85db295b7d4ecde7de9d9d2778eb412a4abf165c10dd1b050,nungguin dr kemarin2 review atto 1 dr carmudi cz yg lain udah pada review....review terbaik emang,4,2025-07-26T04:23:20Z,2025-07-26T04:23:20Z,2026-09-19T00:23:06.549873+00:00
Ugy7ruXv-3_yhQmBHGp4AaABAg,fjWvVFT0vr0,57b14cbd094c8ac5df081654cbb957291a7b580078095edd115ad500f75e3c62,Yang gw suka dari carmudi itu. Reviewnya tersistem. Jadi gak ada yang terlewat. Beda dengan reviewer lainnya. Yang sudah kelas atas juga gak bandingin pertipe. Jadi bingung bedanya apa aja. kalo carmudi gak ada yang terlewat. Nice.,1,2025-07-28T08:00:17Z,2025-07-28T08:00:17Z,2026-09-19T00:23:06.549873+00:00
UgxASPcfyzW8hvSlC4p4AaABAg,fjWvVFT0vr0,4ef70834a7b42fb8053069cfbb723cbf57f7c999c973ac342bbf5a5e229ea253,Ini baru cocok untuk nama LCGC (Low cost green car),23,2025-07-26T03:09:51Z,2025-07-26T03:09:51Z,2026-09-19T00:23:06.549873+00:00
Ugyh3T_RGHSFquY-fi14AaABAg,fjWvVFT0vr0,e1b69d81675e01e2ba0d0c807f72033cd00adafdca0e1c35aae28ad993918b52,"gila bos sy lsg spk 5 unit ktnya gk usah ragu beli byd ud dijual di eropa kalo mobil ud msk eropa ud gk kaleng2 quality controlnya ketat, kalo mbl di indo selain ev kebanyakan ambil cuan serakah😂",19,2025-07-26T05:47:09Z,2025-07-26T05:47:09Z,2026-09-19T00:23:06.549873+00:00
Ugx1FIfdb0MxmKO9RHh4AaABAg,fjWvVFT0vr0,bcff9a19d8a7721f655101e6d40e741404716790a1099a2e0a3b06524d7c1cd3,"Ini mobil bakal laku keras harga entry level 195jt design eropa dipandang dari sudut manapun cantik mantaaab, saya sudah test drive tarikan ok untuk mobil sekecil ini, liat ayla brio jadi kuno banget ❤👍",147,2025-07-26T04:10:57Z,2025-07-26T04:10:57Z,2026-09-19T00:23:06.549873+00:00
Ugxno5WaeMo3n-gSivZ4AaABAg,fjWvVFT0vr0,492dced913ffbb42065d2a8fd8c7afa7c3198496f3f272eb769304cef0ee4604,"5000 unit aja menggantikan mobil bensin, jakarta (jabotabek) makin seger udaranya, berkurang emisinya.
dan berkurang impor bbm nya..!",34,2025-07-26T06:00:50Z,2025-07-26T06:00:50Z,2026-09-19T00:23:06.549873+00:00
Ugy0ul6rI0LYkEN7PgF4AaABAg,fjWvVFT0vr0,a520c03ae006a29b1ea946d31262bf44acb7e43b75cc096bdf6f3df8f8463ab4,The real LCGC,31,2025-07-26T03:13:07Z,2025-07-26T03:13:07Z,2026-09-19T00:23:06.549873+00:00
Ugwg5vyzJjAcESSKerR4AaABAg,fjWvVFT0vr0,f3e4c9644fde0e82a286f5b242636e370e6d3069dd68c54d6471dc60607389ff,Saya aja orang astra malah pengen banget punya BYD ATTO 1 ini 😊👍🏻👍🏻👍🏻👍🏻👍🏻,37,2025-07-26T05:09:33Z,2025-07-26T05:09:33Z,2026-09-19T00:23:06.549873+00:00
Ugzm2evrRkmvy8_r3Cx4AaABAg,fjWvVFT0vr0,aa8b4395869e05a2c4a55640ef5fa883bb8c2436cbdeec2885b1a57fbf4a076e,Kali ini BYD sedang memasak🔥🔥🔥,80,2025-07-26T04:18:19Z,2025-07-26T04:18:19Z,2026-09-19T00:23:06.549873+00:00
Ugwid_l7Ro7TbMT63yt4AaABAg,fjWvVFT0vr0,38cf7be80588d32993037685dc3097ce3f39eaafa8202a73f94b0424beac0216,"Udahlah kalian langsung aja hijrah beli produk BYD sama Chery, 2 merk china tersebut kualitasnya bagus dan tidak diragukan lagi saatnya ngk beli yang overprice dan dikibulin jepun dan buat kaya terus brand jepun saatnya kita realistis sesuaikan harga dengan fitur, kecanggihan,kualitas👍🏻",19,2025-07-26T05:33:29Z,2025-07-26T05:33:56Z,2026-09-19T00:23:06.549873+00:00
UgzfuTlYni_e59KRf7V4AaABAg,fjWvVFT0vr0,c0226fcb55b08f796a5097e179a8a840975105492b5bda285fc6197ba5105aea,Persaingan semakin ketat nih. Yang  paling mutakhir dan efisien lebih unggul.,3,2025-07-26T23:40:10Z,2025-07-26T23:40:10Z,2026-09-19T00:23:06.549873+00:00
UgzYBotfJyL31me18054AaABAg,fjWvVFT0vr0,8436b1b10b5d74aa1241eb9b65fd95cd26fc6cf7cbd6f7dc7db2d04d64724659,"Beuh, ini tumben kantor kas istri Langsung bunyi ""Cetingggg"" gas setelah kmrn ditolak beli M6.. Eeh ternyata dapetnya sekitar Oktober - November 😄 nanti aja ah biar beli langsung bawa pulang.",4,2025-07-26T10:50:03Z,2025-07-26T10:50:03Z,2026-09-19T00:23:06.549873+00:00
UgxTqHnyHpdpPUD8Xct4AaABAg,fjWvVFT0vr0,09204ce9b7c00797a11d390793facfb74b7a4c49f25e64e13ae008e6b8ee7fb8,Akhirnya ada city car yg keren. Udah lama idamin mau ganti picanto lama ke picanto GT line terbaru tapi ga masuk2. Mobil baru kebanyakan SUV mulu. Ini masuk suamiku langsung minta beli ini aja daripada picanto yg ga ada kabar😂,11,2025-07-26T05:37:25Z,2025-07-26T05:41:14Z,2026-09-19T00:23:06.549873+00:00
UgwwVzaZBZqFDf2tgkh4AaABAg,fjWvVFT0vr0,47d0efb95ff20d199bf55749bd59b95061598148ac50fb821bcfc9c48024c0e1,"beli mobil dipake sampe rusak juga ga rugi,, ga rugi bensin. tampillannya lumayan keren bisa dimodif",5,2025-07-26T08:49:06Z,2025-07-26T08:50:13Z,2026-09-19T00:23:06.549873+00:00
UgyIR4Dk5JzjhkkNQa94AaABAg,fjWvVFT0vr0,c3d1029df06cb9d4289e8755dfb8d9a65aabb7811b7053d96e8a09120be29f4b,siap meramaikan kemacetan khususnya di jakarta dsk,3,2025-07-26T05:27:22Z,2025-07-26T05:27:22Z,2026-09-19T00:23:06.549873+00:00
UgynqR-msbcfq7-neix4AaABAg,fjWvVFT0vr0,8b3ec67e295a73d5603540618e723077a20402551641dd88c3d0d47f8ef63366,"Allohumasholliala Muhammad,semoga tahun depan kebeli🥹🤲",0,2025-08-17T12:51:44Z,2025-08-17T12:51:44Z,2026-09-19T00:23:06.549873+00:00
UgzX1F7xPBcFZ7tbkvV4AaABAg,fjWvVFT0vr0,bf3de2c4b8fa61e2d48d5fbfcba2d9e28585302fba684ebd60d3ece60ad3f1b9,dihantam iklan toyota gila-gilaan nih... mantap BYD,18,2025-07-26T13:01:29Z,2025-07-26T13:01:29Z,2026-09-19T00:23:06.549873+00:00
Ugx9oJCIor2DsFpNYJV4AaABAg,fjWvVFT0vr0,9a54b92036f308360941c17e15b0d01d7180b3d10c95add9a9bb490cdf1679ba,Desainnya keren. Sporty dan futuristik.,2,2025-07-26T12:15:35Z,2025-07-26T12:15:35Z,2026-09-19T00:23:06.549873+00:00
UgwxxnFjAgawyp9U1bl4AaABAg,fjWvVFT0vr0,57f718d0058f87a5af215403acaa6b9865266939bc9854d73c7640af3db6e9d5,Bakal lihat banyak di jalanan mulai oktober,4,2025-07-26T08:13:35Z,2025-07-26T08:13:35Z,2026-09-19T00:23:06.549873+00:00
UgyIPvX9pQ85aFQOzYR4AaABAg,fjWvVFT0vr0,ed1400aa043fd2a538b8af557e3898e1c2c41d9c98bca0b56d593fa66c354136,mantap..brand2 besar jepang harganya udah mulai ga ngotak...sekarang dengan kehadiran mobil2 cina dengan harga bersahabat kita konsumen jadi banyak pilihan dengan harga yang lebih masuk akal...mantap!!!,2,2025-07-27T22:49:37Z,2025-07-27T22:49:37Z,2026-09-19T00:23:06.549873+00:00
UgxnCsIrdIXIMEa4eYJ4AaABAg,fjWvVFT0vr0,3e8bd8efe78c7b68daa2c8c56644186842565e312486581f94ff386b4830ecc7,Mau percaya atau nggak diGa ru da-Hoki gacor bgt boss😍,284,2025-07-26T05:39:29Z,2025-07-26T05:39:29Z,2026-09-19T00:23:06.549873+00:00
Ugx5_WACD-aJeoaJwgl4AaABAg,fjWvVFT0vr0,5edadb4b0ff7e098c3fd105a97e7be59d727e1ab7898b34b93e6e59da52ed5f9,"Om botak ini terbaik kalo ngereview monil, terstruktur dan lengkap.",0,2025-11-05T07:40:33Z,2025-11-05T07:40:33Z,2026-09-19T00:23:06.549873+00:00
UgytbX0QGgE0uU0EO6V4AaABAg,fjWvVFT0vr0,2931cf1473381a381a510409aad6161bb550a1e4bc6a54fbcd007be8f7d40eb1,"Berapa kali om bilang gila, haha. Ini kayaknya sales byd ga usah nawarin juga udah banyak yg beli. Semoga ga digoreng yaa",6,2025-07-26T04:31:22Z,2025-07-26T04:31:22Z,2026-09-19T00:23:06.549873+00:00
Ugx8HCWuVGlCBjyqsQh4AaABAg,fjWvVFT0vr0,0fa55d5d72e20f19c5be132d9aaf2caacf85949a89c2d90700a5a10259b0a1f0,THE REAL BUILD YOUR DREAM !!!!,1,2025-07-26T05:47:31Z,2025-07-26T05:47:31Z,2026-09-19T00:23:06.549873+00:00
Ugx7kVGlW9GKqLzY-s94AaABAg,fjWvVFT0vr0,ccc428f79fd8fe7d9abddedd36961dec85592a894e24b07b4f240bc058406ef0,Dan iklan Toyota keluar terus😅,7,2025-07-26T03:46:30Z,2025-07-26T03:46:30Z,2026-09-19T00:23:06.549873+00:00
Ugx62y1IEkzhl2T6Ms14AaABAg,fjWvVFT0vr0,f3d94d991830ae6d444a968deb00f1db29b7cd8be6d04a1fd6fe367cf2d08186,"Senang nonton carmudi. Review terlengkap, detail 🎉🎉",0,2025-07-29T05:24:47Z,2025-07-29T05:24:47Z,2026-09-19T00:23:06.549873+00:00
UgzdBtnro0_vt8uDuGJ4AaABAg,fjWvVFT0vr0,de60829835d0ab73ddfb3addb3929d9bd4fd76cc24be9056bee3b752f7175c2c,"Blm mau mobil listrik krna harganya ga masuk di saya, ada harga yg masuk ga suka modelnya... and now boooooommm oke akhir thn spk mobil ini",20,2025-07-26T07:43:56Z,2025-07-26T07:43:56Z,2026-09-19T00:23:06.549873+00:00
UgxTf4lL0d6kpYA4ZNp4AaABAg,fjWvVFT0vr0,e752aa09070eccbe190d7855781b68ce632f6697cfdd931c6853be9f253ee6c6,"Headlampnya terinspirasi lamorghini ya krn desainernya ex lambo 
Keren",2,2025-07-26T09:32:10Z,2025-07-26T09:32:10Z,2026-09-19T00:23:06.549873+00:00
Ugw37P7DHlE0Z_QKHvV4AaABAg,fjWvVFT0vr0,0206483640eefd1cdf1c75cc88f87d22242196090ae28104662248709dcc88a4,"Semuanya kena libas Atto 1. Siap siap ganti harga: AYLA, AGYA, BRIO, WULING AIR EV, BINGUO, CITROEN EC3, NETA V II, SERES E1, VINFAST VF 3, SUZUKI S-PRESSO",5,2025-07-26T05:19:57Z,2025-07-26T05:21:24Z,2026-09-19T00:23:06.549873+00:00
Ugy8gQiP0QVPissms_Z4AaABAg,fjWvVFT0vr0,28f34717865a3ae906b5082733ad6891826a2d22e0317e285b95d41283dc7218,"ya Allah mudahkan membeli Mobil Amiin. 
Doa di 21 Romadhon 2026",0,2026-03-09T22:34:37Z,2026-03-09T22:34:37Z,2026-09-19T00:23:06.549873+00:00
Ugwg_OvtmxEJHak-X914AaABAg,fjWvVFT0vr0,547bf7a702616a578658e6ae17b93f8ccaf7806faa0a637225d8a7cc357a8d66,Wah ad mobil global dgn harga lcgc,4,2025-07-26T03:24:36Z,2025-07-26T03:24:36Z,2026-09-19T00:23:06.549873+00:00
UgzN8_GF9Rr4cct1OeN4AaABAg,fjWvVFT0vr0,1ad8ca370e933a1e050eb90ad3519d063fcab9109a2b21594105a2313adefad7,BYD ALTO 1 itu LCGC (Lambo Cost Green Car) 😂,5,2025-07-26T04:09:30Z,2025-07-26T04:09:30Z,2026-09-19T00:23:06.549873+00:00
UgxOkd78MFWu5Z0RqGx4AaABAg,fjWvVFT0vr0,9b3464b52423f0d044cf10f811bfd4b38d4b014fbeb1a924aaa4c09ccba6a23e,Selalu puas dg reviewer satu ini. Penyampaian selalu paling lengkap & jelas.. good job bro sano 👍🏽,0,2025-08-24T15:00:19Z,2025-08-24T15:00:19Z,2026-09-19T00:23:06.549873+00:00
UgybQQjQT1NMaG_Glu54AaABAg,fjWvVFT0vr0,e930a636982defd2891245fccc48d2f4b045bb2fcd240fa3c1f6b19bdfb43496,"Merhatiin nggak beberapa hari ini iklan video mobil di youtube langsung diisi sama T*yota yg ngaku ""bisa dibilang juaranya hybrid!"" 😂😂😂",12,2025-07-26T05:31:27Z,2025-07-26T05:31:27Z,2026-09-19T00:23:06.549873+00:00
UgwT33EiCkcRNzf2Fnt4AaABAg,fjWvVFT0vr0,ac2770df61ca65e55fe8e4525cfe11d00bfd372001e1766ae2ac1fb90e23dbe4,"Ini menurut gue semua pabrikan mobil yg di indo wajib banget bayar carmudi sih, effort banget itu ngeditnya 😊",0,2025-08-09T08:18:44Z,2025-08-09T08:18:44Z,2026-09-19T00:23:06.549873+00:00
UgxwW--NNVDWaXHRe154AaABAg,fjWvVFT0vr0,e930a636982defd2891245fccc48d2f4b045bb2fcd240fa3c1f6b19bdfb43496,"Habis Atto-1 keluar, gw pengen tau alasan org2 yg masih beli brio / agya / sejenisnya apa.",7,2025-07-26T05:36:04Z,2025-07-26T05:36:04Z,2026-09-19T00:23:06.549873+00:00
UgyiOgelMqrXSGG1REh4AaABAg,fjWvVFT0vr0,888ecce3bf95485c3e85a08270f5ebec6f1fc67d6abe7f6746590e0056d46e5f,Baguslah ada mobil2 keren murah kayak gini.,1,2025-07-26T07:05:38Z,2025-07-26T07:05:38Z,2026-09-19T00:23:06.549873+00:00
Ugxnv-xq8cN4MVFnS-h4AaABAg,fjWvVFT0vr0,08b3781d9b1e1bf3ecb868bf32eb97d78dd76632dca01c97eb37490481805988,"Planing mau ambil ertiga second , di pikir2 nabung lagi dulu buat ambil ini aja 😁",5,2025-07-26T10:02:39Z,2025-07-26T10:02:39Z,2026-09-19T00:23:06.549873+00:00
UgzNpzrfCR2CQlUvwId4AaABAg,fjWvVFT0vr0,65ef50f7bc4b32d60e29355e7bbcca10c277b3ec4163bf40b6f26910ed513875,"masuk list wish list, bersama cortez darion, dan chery v23",2,2025-07-26T13:31:53Z,2025-07-26T13:31:53Z,2026-09-19T00:23:06.549873+00:00
Ugx2sZqj3j1T7kBaGCJ4AaABAg,fjWvVFT0vr0,1951ee978d6e12887a251d776c8a0366aff7754b7b31c44707b41c744f1cdd4b,Brio dan agya sudah sepantasnya lengser karena kualitas KALENG...  kalau pakai dalam kota maka atto1 sudah sangat pantas,5,2025-07-26T04:43:52Z,2025-07-26T04:43:52Z,2026-09-19T00:23:06.549873+00:00
UgwJuGiSp137s2yKEaB4AaABAg,fjWvVFT0vr0,510d254a9a790e628af27ba40310ca9472836399a3899d1ff2846933fdc27143,Di sholawati dulu ❤,0,2025-08-22T11:16:18Z,2025-08-22T11:16:18Z,2026-09-19T00:23:06.549873+00:00
UgxtfZclesqjAMjC_-x4AaABAg,fjWvVFT0vr0,faaaadb32defb0183ae000a5e7b3ee590961dde3c1c9c2946e4dbb0df1286d41,Niat hati ambil Brio RS nanti Desember pas lihat ini ko😂😂😂😂 buat di kota mnding ini lahhh,14,2025-07-26T08:01:16Z,2025-07-26T08:01:16Z,2026-09-19T00:23:06.549873+00:00
UgzC-EFKO3823mnpxlR4AaABAg,fjWvVFT0vr0,7875cd408d32e96dd5e6044cee7d196354f084820c6893ea65e3d9aa06017fc2,Membangongkan😮 0:37,0,2025-07-28T01:02:15Z,2025-07-28T01:02:15Z,2026-09-19T00:23:06.549873+00:00
UgyslL4aJukZMHe8ffF4AaABAg,fjWvVFT0vr0,3d37746e83a04448a67233a50036461143896b7d489ed2e9ff432b956a3ab58a,"taxi online pake ini.. low cost nih.. gak pake bensin, gak pake ganti oli.. :)",14,2025-07-26T04:52:12Z,2025-07-26T04:52:12Z,2026-09-19T00:23:06.549873+00:00
UgydObvYVISUCMpgG4N4AaABAg,fjWvVFT0vr0,579dc949b4a81dc049078fa2acf03d077d34e05d0cd6b1244e5bb74a2134d99d,Semoga jet tempur Tiongkok bisa masuk di Indonesia biar bisa diriview juga 😊😊,0,2025-07-26T05:30:05Z,2025-07-26T05:30:05Z,2026-09-19T00:23:06.549873+00:00
Ugzm9w87Jixw_LtGonl4AaABAg,fjWvVFT0vr0,b7833a36ee1e3f17d9ec8020aae0d5b0f5ed923ec99ee608425cc427c936824b,"tiap liat youtube tentang mobil, iklannya toyota mulu. resah apa gmn nih toyota?😂",6,2025-07-26T03:26:58Z,2025-07-26T03:26:58Z,2026-09-19T00:23:06.549873+00:00
UgyfzjNZwrLwQtWPRpl4AaABAg,fjWvVFT0vr0,f600c8b80228bb72e42fa1214ef537a06f535e64dd71a49a07e51c52bd94ff0a,"Ya Allah, pengen banget.",1,2025-07-26T05:56:06Z,2025-07-26T05:56:06Z,2026-09-19T00:23:06.549873+00:00
Ugzqltn_HQa-O6z9nRR4AaABAg,fjWvVFT0vr0,ac27cfcdf4f03562814a88ebe03fb9de395d33654b34e36cd1a7f5ab31f69a1b,kalau penjualan tidak melebihi Brio berarti masyarakat belum banyak berfikir,10,2025-07-26T05:51:22Z,2025-07-26T05:51:22Z,2026-09-19T00:23:06.549873+00:00
UgxLTOjioTe7wM6lJMF4AaABAg,fjWvVFT0vr0,af3809ae9426eff888259d21e8ff66fd89d209412835e1dd66acaf40b9cfde78,"Sudut pandang konsumen, tentu ini sngat bagus, gak bela2 in mobcin atau mobpang, konsumen mau yg worth to buy, buat produsen yg mahal2 krn ambil margin besar, harus berhati hati.",1,2025-07-26T04:40:40Z,2025-07-26T04:40:40Z,2026-09-19T00:23:06.549873+00:00
UgyJgWQ2UwHCIUpPEi14AaABAg,fjWvVFT0vr0,f500cb5425b99e305ff338bc58fa4fd1d09da6c95b8f867eafe3c6942b5a88f3,"ini kalo udah tesdrive byd atto1, masih mau beli lcgc si toyo sama si hon hon, bener-bener kebangetan.",18,2025-07-26T04:40:38Z,2025-07-26T04:40:38Z,2026-09-19T00:23:06.549873+00:00
Ugz3lXt3NyR488nbSBx4AaABAg,fjWvVFT0vr0,05caae8d27df6ef78f8130dcbdd961a5ad7d40bed56a859dbc116597c757aee9,KEREN SEMOGA AJA KEBELI TAHUN INI ❤❤❤,0,2025-07-31T22:16:36Z,2025-07-31T22:16:36Z,2026-09-19T00:23:06.549873+00:00
Ugyw_l24w9X4duMwUZx4AaABAg,fjWvVFT0vr0,1a495bcd73d09a990fc0af1d0d56e6a1ac48fb928142588f7053b552fde98ff1,"BYD ini bukan mobil kaleng2 woy, ini merk ternama dan mengalahkan pasar Eropa bahkan Tesla ketar ketir kalah omset karena mobilnya canggih2 dari BYD sih",33,2025-07-26T03:33:29Z,2025-07-26T03:33:29Z,2026-09-19T00:23:06.549873+00:00
UgxajcW0KwgZ6jHryhV4AaABAg,fjWvVFT0vr0,559d31a79f607839e6ffe708031bbec9d767a5ee06c8c3175831b6773c0ad3f6,Bismillah kebeli mobil ATTO 1..Aamiin Ya Tuhan🤗🤲,0,2025-07-28T03:43:25Z,2025-07-28T03:43:25Z,2026-09-19T00:23:06.549873+00:00
UgzPxJGaX0mJE8Nh0ep4AaABAg,fjWvVFT0vr0,61d9b69c5590a4bd43cb9e22a5cbae39123adf802ae1bb461ca7189c9f6ca359,"berkat China harga mobil jadi normal, ilove China",7,2025-07-26T03:25:30Z,2025-07-26T03:25:30Z,2026-09-19T00:23:06.549873+00:00
UgxeEFd6c-jqEvJpUF14AaABAg,fjWvVFT0vr0,5746ad383eaa56ec98a776577d72aa9b522f73ec0f3888b8133c179e686f145d,"Sya gk nunggu mobilnya saya nunggu review nya carmudi , mantap 😂",0,2025-07-26T05:48:41Z,2025-07-26T05:48:41Z,2026-09-19T00:23:06.549873+00:00
Ugzi5OzcKvqAzkoKkLd4AaABAg,fjWvVFT0vr0,949e85aacc184698c78f8f0ea3df9a27a1f000cbef71fc7c99a75cfbf00b4972,"Kenapa ya MobCin ga niru Jejepangan untuk kasih trim fitur2 di mobilnya , biar lebih murah lagi. Misal nya sunat bagian spion, sun visor, velk kaleng, jog, head unit di kecilin ukuran nya, camera dll . Atau semakin tinggi trimnya di tambahin kosmetik crom , body moulding . Hehehe ... Jokes but Real.",3,2025-07-26T04:28:53Z,2025-07-26T04:28:53Z,2026-09-19T00:23:06.549873+00:00
UgyodYT-pafkGGwjWXZ4AaABAg,fjWvVFT0vr0,2df606eb95ca586ba8bcd7714cb9a45a4329ccf9f0b591e81aaea0e8c1446588,Editor cinematic terbaik tetap carmudi,0,2025-07-26T05:15:08Z,2025-07-26T05:15:08Z,2026-09-19T00:23:06.549873+00:00
Ugz_67U2pMZj2w6WrXl4AaABAg,fjWvVFT0vr0,f9e7fe31f7fea6bb81869b6df456b4f8accfcad80d69053a8c1e9159093322a9,"Dulu suka banget pake mobil Fortuner dan Brio, semenjak mobil China hadir semua mobil di garasi berubah pakai Chery icar 03 dan sementara mau incar ini Atto 1 BYD. Intinya mobil listrik irit terus pajak murah dan paling utama kenyamanan berani diadu sama mobil jepun😂",8,2025-07-26T10:15:24Z,2025-07-26T10:16:31Z,2026-09-19T00:23:06.549873+00:00
UgxfSJLn5PPUyN3yS3V4AaABAg,fjWvVFT0vr0,9aed0190298e9325cdd9fc08134b2335fe0438962812d96bf69b8c5f2e4f4f36,"Asli Keren murah BYD,mulai dri premium sampai kelas murah.....Bissmillah moga bisa beli  dan kalian juga yaaaa",0,2025-07-28T10:40:54Z,2025-07-28T10:40:54Z,2026-09-19T00:23:06.549873+00:00
UgxyDokfxgkHnjJIYBV4AaABAg,fjWvVFT0vr0,9fea1d176291611b14b7df8e3d101e1ae5d9124d97843ed3e507c62e5dd23d61,"Akan sama saja dengan wuling, awal peluncurannya digembar gembor akan membunuh dominasi toyota,suzuki,honda tapi ending sampah juga.",4,2025-08-03T04:56:25Z,2025-08-03T04:56:25Z,2026-09-19T00:23:06.549873+00:00
UgxTEBYdlTXj4fc2HJN4AaABAg,fjWvVFT0vr0,51ef21b35ccc7eda5d7e16a997cd103ed68b15b8301380c4e24cbd84cf1031c2,I LOVE BYD❤❤ AND CHINA... THANKS bner2 melihat ras yg cukup2❤❤,0,2025-08-04T09:38:44Z,2025-08-04T09:38:44Z,2026-09-19T00:23:06.549873+00:00
UgzBvMRHl8TV1zLcqV94AaABAg,fjWvVFT0vr0,96fef957b8866626645f559bc53cef5f8ad140e7085aeeba705b762ec327c7bc,"Brio seketika jd kelihatan seperti produk zaman pra sejarah... 

Harunya ini jd momentum buat mobnas listrik juga.. kayak polytron dll... 


Keluarin mobil entry level mepet LCGC   
Sebenrnya ngk perlu canggih2 amat.. yg penting harga di bwah lcgc,  fitur diatas mobil ICE standart kyqk brio... 
Baterai diatas jarak 300km.. 

Durabilitas kaki dan bahan di jaga.. ud auto laku.. 
Karena entry level itu plg takut di durabilitas dan hrga jual kembali.. 
Durabilitas bs di jaga dengan cara jrpang, kasif fitur seadannya.. fitur dikit , dikit juga yg diperbaiki,  yg p3nting badak aja mobilnya",5,2025-07-26T10:48:03Z,2025-07-26T10:48:03Z,2026-09-19T00:23:06.549873+00:00
Ugz1sh-jlRgoFOcBw9V4AaABAg,fjWvVFT0vr0,1053219b48e5f8451a530367f9f185bc2fa4ba44a4f9b00b34462ff52176a49b,"Kontennya bagus sekali, terimakasih.",0,2025-07-26T19:12:49Z,2025-07-26T19:12:49Z,2026-09-19T00:23:06.549873+00:00
Ugx0SI1plRcNgsYiiVJ4AaABAg,fjWvVFT0vr0,4666dff30bf51eff48328d0b99501c789f4dabdfb7a1bd53ffe8a9c4f21fb5b5,Member baru diGar-uda-Hoki Pasti jepey😎,0,2025-07-26T05:39:29Z,2025-07-26T05:39:29Z,2026-09-19T00:23:06.549873+00:00
UgwKz0KyQpvqNTQJcxl4AaABAg,fjWvVFT0vr0,07b794e1299674317ce97e26e1e4be6fdf0ebcc379bbc932f7a6c3bc4759950e,"Ayoo kita hitung bersama ada berapa banyak kata ""YAH"" 🤣di dalam video ini",1,2025-07-28T04:22:38Z,2025-07-28T04:22:38Z,2026-09-19T00:23:06.549873+00:00
UgxJKp2RqwIvZCEMSPJ4AaABAg,fjWvVFT0vr0,1b9d4740f72a715db6403e37bace4b8f0a15a768eb893c3ad847f7ebe3464c04,Cakep Uyee,1,2025-07-26T05:52:59Z,2025-07-26T05:52:59Z,2026-09-19T00:23:06.549873+00:00
UgyIICjFBTii7tUQMZp4AaABAg,fjWvVFT0vr0,fed0f694e67c52883abf72785acdc64e4d8cb865ecb1ac53638733cf9c4d0722,GA RU DA HO KI..member baru pasti jepe💛,0,2025-07-26T05:40:17Z,2025-07-26T05:40:17Z,2026-09-19T00:23:06.549873+00:00
UgzBJwehlGgOe2gkf_14AaABAg,fjWvVFT0vr0,02050f41933a09c962ea6eb1648ba950535e3b1a76bc974eb79ab874e06423a0,"Cukup layak untuk dipertimbangan,selain model yg lebih keren dari kompetitor,cocok buat yg mau punya mobil tapi rumahnya kecil,cocok buat kekuarga kecil yg terdiri dari 3-5 orang,dan cocok kalo mau ambil mobil tampang sporty harga murah",0,2026-04-04T00:51:19Z,2026-04-04T00:51:19Z,2026-09-19T00:23:06.549873+00:00
UgzJeEY-ADOYA4AM7RB4AaABAg,fjWvVFT0vr0,42cb21e331a79e7613105ffc57e8f2b2940eb409a80477c005fc185c4485d497,Keren insya allah beli akhir bulan..aminn,0,2025-07-28T11:08:45Z,2025-07-28T11:08:45Z,2026-09-19T00:23:06.549873+00:00
Ugxge9y5UWVLTSxQgWB4AaABAg,fjWvVFT0vr0,eec6ab7df5154ea7ad0d30910eedb731fa53d5884e2b893e107139b14ba41f98,"Model okey harga ekonomis 
China emg gila... 
Bismillah Tak sholawatin ini",0,2025-08-14T23:50:53Z,2025-08-14T23:50:53Z,2026-09-19T00:23:06.549873+00:00
UgxIsyqKiVaOllKC_bh4AaABAg,fjWvVFT0vr0,88775dd162e0cbb263ec8c5889804e5dd6dbc8328114cb616b0ea824bbcba07e,Menarik.. sesuai dengan peruntukannya yaitu mobil dalam kota..,0,2025-07-26T13:09:20Z,2025-07-26T13:09:20Z,2026-09-19T00:23:06.549873+00:00
UgyYg15BfXKp1-G0viB4AaABAg,fjWvVFT0vr0,d1343c43c0d8280e8229c84b99b747ea838885103840f733ef88ad1d5d6f0e8d,"wow sangat menggiurkan ini..Design Bagus, Merek Bagus, Fitur oke, Harga Oke ....worth to buy...",0,2025-07-27T00:17:57Z,2025-07-27T00:17:57Z,2026-09-19T00:23:06.549873+00:00
UgzV-94dR_s2wVPkDih4AaABAg,fjWvVFT0vr0,5c801da364200a5fdaa082a678677cc4e2e2cdb32db9cdef82790d76f3deed03,"Mobil yang bakalan laku keras, apalagi yang mau coba2 pake mobil listrik. Mobil inilah pilihan dari sisi harga dan Compact. BYF gelooooo 🎉",0,2025-07-27T10:15:29Z,2025-07-27T10:15:29Z,2026-09-19T00:23:06.549873+00:00
UgyWSmxqMjgN02Hqoy14AaABAg,fjWvVFT0vr0,8a91ceeb022c9d2e52946a628c8b5d22e86481a14610c44c5d0ecf78ac6f087f,"Interior exterior keren banget plus harga murah banyak,ga salah BYD bisa menjadi no 1.",0,2025-07-28T10:02:34Z,2025-07-28T10:02:34Z,2026-09-19T00:23:06.549873+00:00
Ugw44K4DA8BXQ3rBtlN4AaABAg,fjWvVFT0vr0,43cf319c829185c455d169f745a11e57f55a8f3ea2b98bbd0289557c6ded0e3b,"Yg ripiuw bnr2 memuaskan detail,... .",0,2025-08-22T01:42:15Z,2025-08-22T01:42:15Z,2026-09-19T00:23:07.332434+00:00
Ugx_Y4jjR9ruUeBGII94AaABAg,fjWvVFT0vr0,7d04a103920da185fc74b5716991c329f7544c24c7f49f91a0ddfe22107684dd,Setiap zaman selalu ada inovasi dan masa,0,2025-08-16T02:43:12Z,2025-08-16T02:43:12Z,2026-09-19T00:23:07.332434+00:00
Ugwxqni5qIolAZ-po5x4AaABAg,fjWvVFT0vr0,bd529be5d7100b7affef89c31447f375446f56b4f18d77fa9373049e0af265d8,Smga ada ibgkel resmi nya..mnimal d regional deh ..,0,2025-07-27T14:41:06Z,2025-07-27T14:41:06Z,2026-09-19T00:23:07.332434+00:00
UgyKl113fSwhV-hztOh4AaABAg,fjWvVFT0vr0,44b24b0ac5e2568846985aff6a9c0b0d913dd58a45af7e4ee606382d0bb5c2c5,tidak ikut beli tapi ikut senang dengan hadirnya mobcin,0,2025-08-08T09:22:52Z,2025-08-08T09:22:52Z,2026-09-19T00:23:07.332434+00:00
UgzlM6XM6gcpBfrLTPd4AaABAg,fjWvVFT0vr0,c5c517c5dc48a7722116e02486e411a7300a43ce15344d3385fc82c0bf46bed9,"harusnya bakal laku banyak.  dulu air ev aja laku banget.

malah bisa jadi fenomena kek brio.",1,2025-07-26T07:41:51Z,2025-07-26T07:41:51Z,2026-09-19T00:23:07.332434+00:00
UgwtJ8r_9P0eNhBp9BR4AaABAg,fjWvVFT0vr0,fa8cc181e344d01ca1ef1c2c7b11d170db2e7b0ff01286912e368e5808dbf8b8,wajib punya ini..bismillah,0,2025-08-13T00:23:09Z,2025-08-13T00:23:09Z,2026-09-19T00:23:07.332434+00:00
UgzTZSp3-79ISwVvqUB4AaABAg,fjWvVFT0vr0,9ebdca65aa1006df632d984453476d73f11f02608fed7f1a548ad802e6d0202e,"Gas ramaikan pasar, biar gk ada lagi monopoli pasar 1 negara",0,2025-07-26T16:27:37Z,2025-07-26T16:27:37Z,2026-09-19T00:23:07.332434+00:00
UgzvdNtcUmY922Pue-94AaABAg,fjWvVFT0vr0,029060e916c4e605d573e63f7182e638e5cfe039bbb2f895d1f18c7079d68706,1-2 tahun lgi ni mobil jadi umum buat abang2 gocar,1,2025-07-26T14:27:19Z,2025-07-26T14:27:19Z,2026-09-19T00:23:07.332434+00:00
UgyZnN3OEJPz1IJfzs54AaABAg,fjWvVFT0vr0,a176bca3a7472fd1574f57c05fc657031218ac312bba6d501b9b914760074be1,"Aku sholawatin aja dulu bang,..bismillah😂",0,2025-11-16T17:43:30Z,2025-11-16T17:43:30Z,2026-09-19T00:23:07.332434+00:00
UgwHCx5Hdes-l3ce1Z94AaABAg,fjWvVFT0vr0,f1034ee1b5f3eb5be002d788914f37ee578a6e9ab5f03e24ed7ec5228fd911f4,Bismillah.. semoga bs beli mobil ini.. amiin,0,2025-07-27T11:27:04Z,2025-07-27T11:27:04Z,2026-09-19T00:23:07.332434+00:00
UgxB_-8jEO27HE-VK9d4AaABAg,fjWvVFT0vr0,9ee9e27103cb1636a47da48776d5d561723af2995c371c1fb0bf3953c1e8ec3a,"5:50 setuju ini interior bagus, ga kayak si sebelah, macam bajaj yg bisa sepak2an antara driver dan pengemudi wkwkwk",1,2025-07-26T06:54:22Z,2025-07-26T06:54:22Z,2026-09-19T00:23:07.332434+00:00
UgwZTS_Y0YGCRR9-4A54AaABAg,fjWvVFT0vr0,0403615ab0fa4e600c923a71376e9fe6c6515e3010fea095865670d6434496ca,Review ter lengkap channel ini,0,2025-07-26T10:14:35Z,2025-07-26T10:14:35Z,2026-09-19T00:23:07.332434+00:00
UgyO7j8WmDUS95l6Qh54AaABAg,fjWvVFT0vr0,60db0c4827a0224993323afed97af545d1f59133383740952084b5cfb5be44c8,"Di tunggu dealernya di Samarinda, Kaltim",0,2025-07-26T07:12:37Z,2025-07-26T07:12:37Z,2026-09-19T00:23:07.332434+00:00
UgwrGPJV-swUJRsGTz54AaABAg,fjWvVFT0vr0,390647b50d6e171570dfcd4bce50287575d85c433acf6265a30e11aeb120f6ad,Siap menjadi mobil sejuta umat,0,2025-08-14T05:25:56Z,2025-08-14T05:25:56Z,2026-09-19T00:23:07.332434+00:00
Ugw_UYxha1T7Tc-V-i14AaABAg,fjWvVFT0vr0,1c6c1a5b69b823f89ed6d8b6fd288de2efd9915f1ca9ce902949ab6479a0524d,"Ini baru mobil listrik murah, bukan grobak mie ayam",0,2025-07-26T04:52:20Z,2025-07-26T04:52:20Z,2026-09-19T00:23:07.332434+00:00
UgwQt_Gg0xt1kZQTqp54AaABAg,fjWvVFT0vr0,87cc57e4328ef22d048127f2ef6913e1703de8bbe8d101c0662c3fe01d596245,"design keren, cocok nih buat taksol😊",0,2025-07-28T22:57:01Z,2025-07-28T22:57:01Z,2026-09-19T00:23:07.332434+00:00
UgxWCHXViJPxkvZI7EF4AaABAg,fjWvVFT0vr0,d9d7fd8408c4d75af9ece1f6fe5aafb300fe41daba71e80240f628b092004565,Gilakkkkkkk sleek and exquisite banget ❤❤❤❤❤❤❤ gasssss,0,2025-08-10T02:22:42Z,2025-08-10T02:22:42Z,2026-09-19T00:23:07.332434+00:00
UgyItBNdZ2WwcERViQB4AaABAg,fjWvVFT0vr0,be7db6930c8faa226a2adba70e6c724813c9fabb1fdd0c72216c28d9a758b1f1,Biwadi sangat worth it,1,2025-07-26T08:48:14Z,2025-07-26T08:48:14Z,2026-09-19T00:23:07.332434+00:00
UgxpA5OgLgyTMSiiBVZ4AaABAg,fjWvVFT0vr0,1e48a75840ff1590c46aacc1529a10eaeee6ed0b26eed06b985bf66b0278230b,Semoga bisa beli mobil ini benar-benar keren ni mobil,0,2025-07-26T14:36:32Z,2025-07-26T14:36:32Z,2026-09-19T00:23:07.332434+00:00
UgylTQ67Tbt_ilgsqi14AaABAg,fjWvVFT0vr0,870971e55a5efcd726560178fad72e9c20a23d927c8e693e5fd857ae6180b5c3,sumpah.. pengambilan gambarnya luar biasa.. kaya iklan BYD,0,2025-10-13T15:09:55Z,2025-10-13T15:09:55Z,2026-09-19T00:23:07.332434+00:00
UgzOh1exCsCJtTd7yIN4AaABAg,fjWvVFT0vr0,edc177ec942d381c731a9df0f3bc5e61b10dbbc0ee2aa8c061419bc892badb5e,"Cocok untuk perkotaan,bisa lah mulai kumpulin uang skrng biar bisa kebeli",0,2025-08-09T13:14:30Z,2025-08-09T13:14:30Z,2026-09-19T00:23:07.332434+00:00
Ugw163TH_gomDGGrhxl4AaABAg,fjWvVFT0vr0,5cd2df75134f9215c24ca38d5df36ec5cce3815dd82e91cddb55118cf97159b3,Auto beli ni mah😅,1,2025-07-26T05:34:44Z,2025-07-26T05:34:44Z,2026-09-19T00:23:07.332434+00:00
UgwZpedoxRwt5YGZMzx4AaABAg,fjWvVFT0vr0,032acc09d6b58bc6addd40d9ef6af26b94a4a7a6796e69c0b8c6a5b8e38b5f5f,Model nya cakep banget.. Ini walaupun bukan mobil listrik.. Pasti tetap laku banget... 😊😊😊,0,2025-07-28T09:17:03Z,2025-07-28T09:17:03Z,2026-09-19T00:23:07.332434+00:00
UgxxMV9VX5VjnV6vsil4AaABAg,fjWvVFT0vr0,2347f9915a9fb3259d509d12d4aad36e1edbf0f9dd4808fc2f3a10e355e47bcc,Indonesian kapan bikin ginian.,0,2026-03-08T08:07:54Z,2026-03-08T08:07:54Z,2026-09-19T00:23:07.332434+00:00
UgyyOFJFFXfBatvQMmJ4AaABAg,fjWvVFT0vr0,109b61da3a5fc91f802c6f4467b81a7a9d2ba6f799f26edf8bad7c461fec7ff4,semoga ada yang lebih murah lagi dengan kualitas bagus,0,2025-08-01T08:46:53Z,2025-08-01T08:46:53Z,2026-09-19T00:23:07.332434+00:00
UgzyRXMTQco3_V8algp4AaABAg,fjWvVFT0vr0,d622ca2dcdaeb9a2227ea2ed76a7e49bf5e4482c7ae982acac66ef9f95d0071a,Udah ada slot buat radar dibawah plat nomor depan 😁 keliatannya buat next facelift,0,2025-07-27T00:54:07Z,2025-07-27T00:54:07Z,2026-09-19T00:23:07.332434+00:00
Ugy7QBaQRbu44KS4Ttl4AaABAg,fjWvVFT0vr0,7fea876a5f0bf6b38a987c97b45e5f812a09d352c8ea7b829f837dbda79c8f08,"sya suka bnget klu cenel  ini membahas soal mobil baru, tpi syang banget abng nya terlalu cepat ngomong nya jdi kadang gk jelas suara nya bang 😁🙏",0,2025-11-25T19:25:47Z,2025-11-25T19:25:47Z,2026-09-19T00:23:07.332434+00:00
UgyulYiS8Z78avX11Gl4AaABAg,fjWvVFT0vr0,e2c2e531ef8140b7f6f7f676bc3a5ddeacfb85c527dcf50b3ea95612f6a1fbde,"Kalau mesin ,saya minat",0,2026-03-31T00:37:15Z,2026-03-31T00:37:15Z,2026-09-19T00:23:07.332434+00:00
UgxwgxKDlHjSdww5Xgl4AaABAg,fjWvVFT0vr0,2daa686992faad511f9800918f2ee2a05b06ab7d1174005b5b645de85591bfcf,Keren ini.. Cocok buat mobil listrik pertama,0,2025-07-29T01:27:55Z,2025-07-29T01:27:55Z,2026-09-19T00:23:07.332434+00:00
Ugw-lYP5JR7JrBBFdkJ4AaABAg,fjWvVFT0vr0,507d32b99f6f36aeb093c8a1e535ddab0876f2c07375d1cd3d9b9754547960a1,mantab banget cocok  buat ev pertama gw,0,2025-07-26T23:37:08Z,2025-07-26T23:37:08Z,2026-09-19T00:23:07.332434+00:00
UgxJpJ440Jcgczf7g714AaABAg,fjWvVFT0vr0,dadcc8773a1b34af76a691b651e561bdec1cad83e1d227bbd117854b1af4c6de,Kerenlah kapan Konoha bisa buat mobil sendiri ya,0,2025-11-15T01:20:23Z,2025-11-15T01:20:23Z,2026-09-19T00:23:07.332434+00:00
Ugw--gM7XZuHsdqp-XB4AaABAg,fjWvVFT0vr0,707663c67a13bbd2689955b48aa5cfb793003f0ace83251b3ed8d8d481856830,Headlamp nya kyk lambo🎉,1,2025-07-26T07:15:31Z,2025-07-26T07:15:31Z,2026-09-19T00:23:07.332434+00:00
UgwcsyJVw8JN5R-uZyF4AaABAg,fjWvVFT0vr0,016cb9cfcbab95c83c6185eb71bea0d461f7025743ee52c5f8935151947b007d,Mantap 🎉🎉🎉,0,2025-08-02T13:37:29Z,2025-08-02T13:37:29Z,2026-09-19T00:23:07.332434+00:00
UgwHmS2Bo75a1iW80tN4AaABAg,fjWvVFT0vr0,137a45181cdced0890b257eeab9a0bc9f63456d514d02ee451844d7608c8b3dd,"bisa lebih murah lagi kalau pabrik yg di indonesia sudah beroperasi, dan baterynya juga diproduksi di Indonesia secara bahan bakunya dari sini juga",0,2025-07-26T16:08:45Z,2025-07-26T16:08:45Z,2026-09-19T00:23:07.332434+00:00
UgyfyE8e_iyRJIsiEyV4AaABAg,fjWvVFT0vr0,566b7fc96e2b84492eb17f8c902acd537142d32b144dc424435706db428dffa7,Sangat menarik,0,2026-02-10T03:23:30Z,2026-02-10T03:23:30Z,2026-09-19T00:23:07.332434+00:00
Ugw9yj2u-aVeXfAkSPx4AaABAg,fjWvVFT0vr0,a2ff4a4a5e0d97814ada9780cefd9f5919b38cbd69ba5a56aed9a497afb61df2,Allahumasolialla syaidinna muhammaddd.....😍,0,2025-07-31T13:58:33Z,2025-07-31T13:58:33Z,2026-09-19T00:23:07.332434+00:00
UgzyG1_Qs3cU2KCj7GR4AaABAg,fjWvVFT0vr0,556b516cb9425d9e3d08e0efa0d419c053dd77dd8edc0ab285bb954372ac65a9,Tolong dong gua kejebak depo DiGa-ruda Ho-ki jd candu bgt🙈,0,2025-07-26T05:39:29Z,2025-07-26T05:39:29Z,2026-09-19T00:23:07.332434+00:00
UgzgRtifSSxXePZuOuF4AaABAg,fjWvVFT0vr0,b2148e4a6d8af982fb19c1663fbbfffb8eec1170cddf07114e88c01f65214981,"Tiap buka chanel byd muncul iklan Toyota juara hybrid , seperti nya mereka ketar ketir. Hahahaha",0,2025-07-28T13:44:05Z,2025-07-28T13:44:05Z,2026-09-19T00:23:07.332434+00:00
UgxfJ8hhn29HeOkAyu94AaABAg,fjWvVFT0vr0,d845566b0dfec88ce0350a7cdffa455256cc5873732408fae5c94e70abdd1234,"Dg harga sgtu, seharga mbl pickup ringan... AsliKeren bgt ❤",0,2025-10-10T13:41:35Z,2025-10-10T13:41:35Z,2026-09-19T00:23:07.332434+00:00
UgxWSMZjrCWRBG7Fi6R4AaABAg,fjWvVFT0vr0,1387998e2d589c1dc5e1071c2929e6312525ada9949c7b9a62ac878eb6370a09,Dari depan mirip Lamborghini.. keren bangett 🎉🎉🎉🎉,0,2025-07-30T11:56:23Z,2025-07-30T11:56:23Z,2026-09-19T00:23:07.332434+00:00
UgyTfXE8RL_mNs5Eow54AaABAg,fjWvVFT0vr0,6073afdd0e3fef705485f0a4710b4bdc8a50af5836526c1d9890940613efc865,Dari segi desain aja udah ngalahin kemana2 ini 😮❤,0,2025-08-07T23:45:50Z,2025-08-07T23:45:50Z,2026-09-19T00:23:07.332434+00:00
UgzHRM3HL2HQQNielGt4AaABAg,fjWvVFT0vr0,a37f6beb861586eec9bdab014e4a774228934e90f7ae9da9bb005b5fefc3d659,"design tajam tajam merupakan favorite warna indo, termasuk aku pribadi hehehe. btw di akhir video omnya ngomong apaan dah hahaha",0,2025-07-30T06:52:02Z,2025-07-30T07:09:08Z,2026-09-19T00:23:07.332434+00:00
Ugxh_FqWksP1QklJRVx4AaABAg,fjWvVFT0vr0,0b696595ae6ce8fcd7edc01f989fec66fde6467d201fcef4b5cec1d0969dc553,"Byk sales nya disini untuk up kan, semangat2,,,",0,2025-07-28T09:54:22Z,2025-07-28T09:54:22Z,2026-09-19T00:23:07.332434+00:00
UgxLF9iSPbM0xsUGrC54AaABAg,fjWvVFT0vr0,fcc538c862b2ff12e876394926ab4f272efd5909fa0533601a4467ef10a40fb3,Naisss.....!!!,0,2025-07-27T01:39:31Z,2025-07-27T01:39:31Z,2026-09-19T00:23:07.332434+00:00
UgxHA5o-Ib3VyRNx0hx4AaABAg,fjWvVFT0vr0,550a1d4654fc31a28cbed2a563449e5f44d263f8ce8fb9f1794efe51c4f585ca,desainnya asli keren seger,0,2025-07-31T11:59:35Z,2025-07-31T11:59:35Z,2026-09-19T00:23:07.332434+00:00
Ugy8Nsg1CYuIGzo7JKR4AaABAg,fjWvVFT0vr0,83a51dddd8b04228003313ccdef1da9e17243d9ed39062a6f60775a8897c15d5,BRollnya ga kaleng kaleng. kelas kameramen,0,2025-08-03T12:16:09Z,2025-08-03T12:16:09Z,2026-09-19T00:23:07.332434+00:00
UgzQpVK16rDuudzzRxh4AaABAg,fjWvVFT0vr0,c2f678700df8c3043017c948d22e076da50636a8d5001c0dd1c512ff18195966,Keren bang botak,0,2025-07-26T07:55:06Z,2025-07-26T07:55:06Z,2026-09-19T00:23:07.332434+00:00
Ugw0XqzQWirtWaVD5Uh4AaABAg,fjWvVFT0vr0,bd071871ced6e5dc009356848ddbfa79ba107ff8ce411bc7cb09230ca1439106,Ditunggu review tiggo 9 CSH nya dari carmudi,0,2025-08-10T13:43:25Z,2025-08-10T13:43:25Z,2026-09-19T00:23:07.332434+00:00
Ugzsy9fTnzeAwciNDDV4AaABAg,fjWvVFT0vr0,aba2c19d5f879ed4c7ce30978a1a70421b6efd163542d2fc9798bffa4a93b7d1,Semoga segera kebeli,0,2025-07-27T12:07:58Z,2025-07-27T12:07:58Z,2026-09-19T00:23:07.332434+00:00
UgyaO0cv53L5UZ9xHY94AaABAg,fjWvVFT0vr0,127b63e63e43b8a9713e808ac6cc97c915bc66ff69cee41166ddd157e8bd93c1,Untuk mobil taksol cocok bgt sih ini,0,2025-07-27T04:58:06Z,2025-07-27T04:58:06Z,2026-09-19T00:23:07.332434+00:00
UgycWdAaQdok2z1EQQ94AaABAg,fjWvVFT0vr0,6f0851897ad405d1bf1acf2db0d829cc1c83e380a3f8dfd4c85d125c72734491,Negara Daxia ini pinter bisnis dan penguasaan tekhnologi dihargai,0,2025-09-23T03:26:34Z,2025-09-23T03:26:34Z,2026-09-19T00:23:07.332434+00:00
UgxzkDRaC9LXsSoNPEV4AaABAg,fjWvVFT0vr0,e74131bb0689d147ad532f9068bce694963fb162f9da1142e9eeb96008594c88,"mantep, lambo versi sachet",0,2025-08-26T07:42:18Z,2025-08-26T07:42:18Z,2026-09-19T00:23:07.332434+00:00
UgzUqrgG3LCItLF-Jid4AaABAg,fjWvVFT0vr0,93c72814aef0686558bf894d9943388549e7186597f16e7a32ba9bc4443fdeec,kalo sudah CKD dalamnegeri bakal 150 jutaaan otomatis lebih banyak pilihan nih soal mobil EV,0,2025-07-27T01:39:52Z,2025-07-27T01:39:52Z,2026-09-19T00:23:07.332434+00:00
UgzHOJHpSsHvJKkZ7014AaABAg,fjWvVFT0vr0,5a9545f6907617901da1c97825c060948b5c89406b5a171be089be6d34221272,Terima kasih byd sudah release atto 1 di indonesia sehingga kami bisa merasakan mobil yg proper dengan harga terjangkau 😁,1,2025-12-15T15:06:51Z,2025-12-15T15:06:51Z,2026-09-19T00:23:07.333419+00:00
UgyZ-vrfYPlgXemtQS14AaABAg,fjWvVFT0vr0,f135b22e768ef84f7fdf409fda33406286faa7548a7588a7389b945774d1888b,ROMUSHA JEPANG akhirnya berakhir 😅,1,2025-07-26T05:39:38Z,2025-07-26T05:39:38Z,2026-09-19T00:23:07.333419+00:00
UgzfgpKILlBR99QfVfh4AaABAg,fjWvVFT0vr0,b77cb8ce4ae98310b213aca8b0036ee382f09128b8611979b88d1781379ae713,"Gilaaa, editornyaaaaa wajib naik gajiiii",0,2025-08-13T06:54:30Z,2025-08-13T06:54:30Z,2026-09-19T00:23:07.333419+00:00
UgzJkIJxYTNzCKuxYyN4AaABAg,fjWvVFT0vr0,1a51dff30bc05a6a4a2a963c6cee11c9f3675c8df71d9bfba449a9a12aa215f5,"Kapan jepang keluarin  BB hidro, ditunggu bang Mukidi, eh Carmudi",0,2025-07-29T23:40:33Z,2025-07-29T23:40:33Z,2026-09-19T00:23:07.333419+00:00
UgyYgFvU5X4crMe_bch4AaABAg,fjWvVFT0vr0,71c1e6648d67b3db05219793fb9e11e084c0258a1e18b7eddebc4e6e791ca9a1,Pernah liat emang bagus bgt mewah unik keren pokoknya,0,2025-12-07T16:17:50Z,2025-12-07T16:18:19Z,2026-09-19T00:23:07.333419+00:00
UgziX4p2RvVyhzCqoWN4AaABAg,fjWvVFT0vr0,7269a35b36a5eaa1f86e68826925a08f8c1cd32471e22a9c9f44cf0db8c4ed67,Build your dreams,0,2025-07-26T04:40:18Z,2025-07-26T04:40:18Z,2026-09-19T00:23:07.333419+00:00
UgwHaHcFTn2aQkviU4Z4AaABAg,fjWvVFT0vr0,14d259fc55e23811014d8fc436f60c8a36babb32ddec3e7a7b8148f1e60a9f30,Mukanya kek mobil sport 🔥,0,2026-03-30T05:08:36Z,2026-03-30T05:08:36Z,2026-09-19T00:23:07.333419+00:00
UgxsWvyEqmjPwLhafuh4AaABAg,fjWvVFT0vr0,b6170ae4c4fd94a96ab6761da20d54fd9c4f3d66ae17e10e80bdccf2c258077b,Baru bisa kebeli tahun depan,0,2025-07-26T04:39:50Z,2025-07-26T04:39:50Z,2026-09-19T00:23:07.333419+00:00
UgzmtHLljwvCFATI8Xd4AaABAg,fjWvVFT0vr0,b809d8170bf80636cd77959e252ce4cd6a7e255de42b6a3a211c8c1f0571549e,jadi keinget mobil Selo nya pak Dahlan iskan😅,0,2025-07-28T06:52:28Z,2025-07-28T06:52:28Z,2026-09-19T00:23:07.333419+00:00
UgzsCZFoaVsvm76IjgB4AaABAg,fjWvVFT0vr0,2501d9946a7f0ee2ed0c1243e1bc41e4e670f44fdb55a2bfc2d1066f90599fed,Keren bgt interiornya,0,2025-07-29T01:19:50Z,2025-07-29T01:19:50Z,2026-09-19T00:23:07.333419+00:00
Ugwc_nnjIgH6OQypFLF4AaABAg,fjWvVFT0vr0,88aa51f44ec9a3c13a4460b3e43ae707c28fe14c904d9cfb769d17c34d49648d,Tahun depan beli ahh...,0,2025-07-26T13:17:43Z,2025-07-26T13:17:43Z,2026-09-19T00:23:07.333419+00:00
UgyTcuC1XultNkS2KhF4AaABAg,fjWvVFT0vr0,76ca191a7d272c8b67210f5701740b1da2bed8817710930fd760e6ee7b308460,Asal pajak produksi & impor Indonesia jangan gila2 an naik nya. Ya pasti murah😌,0,2026-03-12T05:34:15Z,2026-03-12T05:34:15Z,2026-09-19T00:23:07.333419+00:00
Ugz3AWJ4r17AUyno86V4AaABAg,fjWvVFT0vr0,472e3c66369255a0ba328b468f01b8049e9c630a7abd18aec5b5f775200c98ad,25:06 pelan2 bang ngomongnya,1,2025-08-07T01:34:41Z,2025-08-07T01:34:41Z,2026-09-19T00:23:07.333419+00:00
UgxkXEwL8fcfd7WClhN4AaABAg,fjWvVFT0vr0,d4b13b5e4bfb43df840d38fd707e7c6882d954b6fcfc46678907997b68be23d9,"Makin banyak pilihan sekarang, tinggal konsumen pilih sesuai selera. Mau mobil jepang, eropa, china, korea. Pada dasarnya mobil itu sama saja, tinggal sesuaikan budget dan kebutuhan. Yg penting gak maksain beli kalo belum mampu",0,2025-07-27T10:10:38Z,2025-07-27T10:10:38Z,2026-09-19T00:23:07.333419+00:00
UgyoRR4C2oYQpgV2zrV4AaABAg,fjWvVFT0vr0,3399688359fa8de18efe9bbc285d09d4bae3e261fade60deba4dadb96fe21f60,Mobil premium ajalah saye 🙏,1,2026-03-30T06:09:24Z,2026-03-30T06:09:24Z,2026-09-19T00:23:07.333419+00:00
UgwZRE4GEBTu--V284t4AaABAg,fjWvVFT0vr0,52da47f7d6d24152b45405f17c5e423a79f32711fa376262143e3d21f8fc023f,"yaaeeelaahhh,, jadi pengen tuker yg sekarang. :(",0,2025-07-26T12:30:47Z,2025-07-26T12:30:47Z,2026-09-19T00:23:07.333419+00:00
Ugwv7sDW7uNZ-RM5R3d4AaABAg,fjWvVFT0vr0,c500d51750b799880616122b784be39210ecbb67c0db152780affa412c171b78,Semoga bisa beli mobil yaallah ❤❤❤,0,2025-08-05T01:10:24Z,2025-08-05T01:10:24Z,2026-09-19T00:23:07.333419+00:00
UgzZAN6Yz-YJSRSLhtN4AaABAg,fjWvVFT0vr0,4d2d4c779c086d09feca96d0a6e58a65c63d98d90a9ceb2dd62212aef0e67540,"Yakin bakal bnyk dijalan2 nih,.",0,2025-08-08T09:56:57Z,2025-08-08T09:56:57Z,2026-09-19T00:23:07.333419+00:00
UgwE7sIR-Xzc-I3Fbjl4AaABAg,fjWvVFT0vr0,9c1efce095ebebc1a88a8e11112e3a2321b6274b49ebaad211ac287881e1a995,Good job BYD,0,2025-07-26T05:47:00Z,2025-07-26T05:47:00Z,2026-09-19T00:23:07.333419+00:00
UgxiQ6idM9jAgNX9Jqh4AaABAg,fjWvVFT0vr0,edee4ba2a6db3180aebcf0eedb3fbb428a6688a38114c711c1f31592e6e324e4,Cepet banget om ngomong e....weleh weleh,0,2025-07-26T15:26:51Z,2025-07-26T15:26:51Z,2026-09-19T00:23:07.333419+00:00
UgxhPhFZAh3mCy6KwUB4AaABAg,fjWvVFT0vr0,aafbea55b1d155795ac5e0df63a6360a8e598e18e7692b51607544031173834e,Skillz editor carmudi masih di atas channel lain nya,0,2025-07-26T06:01:16Z,2025-07-26T06:01:16Z,2026-09-19T00:23:07.333419+00:00
UgxUjva1F4SMMIQBXbN4AaABAg,fjWvVFT0vr0,4b9169bda496cf34ce13e5a433c840eadfeba6d98ef9d37ada5f10f2023593ae,"Posisi duduk, genggaman tangan di setir,  dan ergonomi kursinya si Brio emang gokil sih (baca: enak banget) untuk ukuran harga mobilnya.",0,2025-07-30T02:02:11Z,2025-07-30T02:02:11Z,2026-09-19T00:23:07.333419+00:00
UgwgEqUsxOBwE-et5uR4AaABAg,fjWvVFT0vr0,598cc2c108089dfe51bf1544e95090dfe0c669e671bb23dea7689dc193c47fab,"makin besar fee sponsor semakin bagus reviewnya, sampai2 sebut merk lain., insiden2 BYD malah seperti dilupakan..",0,2025-11-04T19:26:57Z,2025-11-04T19:26:57Z,2026-09-19T00:23:07.333419+00:00
UgynBw-4oHDqyn3iIxZ4AaABAg,fjWvVFT0vr0,66a07b43751aa16a91767a2128ca4d79dae66fe8bff7b2bfd5a0b3867a63c37c,"ni satu2ny gebrakan yg palong waw di industri otomotif tahun 2025 yg hypeny bner2 tinggi abis, bahkan bner2 guncang pasar hahaha,",0,2026-01-26T12:59:52Z,2026-01-26T12:59:52Z,2026-09-19T00:23:07.333419+00:00
UgzTjcijq28Bc8KKKeV4AaABAg,fjWvVFT0vr0,93457b837a0613f5a5637e7aefdc35ec12a0e9bf86607eb4c98615de3c9ee479,"Yg penting afterseles nya di jaga, ketersediaan part dan onderdilnya kalo melimpah murah danudah di dapat pasti laris",0,2025-07-29T00:13:29Z,2025-07-29T00:13:29Z,2026-09-19T00:23:07.333419+00:00
UgxzKN67MqdBpTWHEEV4AaABAg,fjWvVFT0vr0,676f1c9ec319b680af53daf193d30e550e4ca3d9dd3e572499e71c7f02ce20ee,Menarik,0,2026-04-10T15:51:34Z,2026-04-10T15:51:34Z,2026-09-19T00:23:07.333419+00:00
UgxBXZIxEgk1sufe2ot4AaABAg,fjWvVFT0vr0,3113282cef30eeeff8556e23093eba966b1d287e39ea55e8e6dc1de9f42f7214,Apakah ada versi yg berpenggerak roda belakang (RWD) ?,0,2026-03-25T06:42:24Z,2026-03-25T06:42:24Z,2026-09-19T00:23:07.333419+00:00
UgxZzyYNMOWJ0PQUXT14AaABAg,fjWvVFT0vr0,9eba4b9ab0ce7f12b5a9f7cfb31df17eeecdd7dc7b5f91b2fa38e8413333feae,Desain BYD semuanya keren,0,2026-02-06T13:37:17Z,2026-02-06T13:37:17Z,2026-09-19T00:23:07.333419+00:00
UgyGkakNEOqscV92cIR4AaABAg,fjWvVFT0vr0,36b9eecf441eabddc23c98716447c2eacf62e85d877358cd413d3e89edce2afa,Keren cukkkk,0,2025-07-26T09:34:40Z,2025-07-26T09:34:40Z,2026-09-19T00:23:07.333419+00:00
UgxnEzLRv2FNWT7qD2p4AaABAg,fjWvVFT0vr0,045b1506c19a33a20be83e122bcd95a3d5e212a26468301f515631792290374b,Makin panas persaingan pasar otomotif Indonesia,0,2025-09-03T02:50:39Z,2025-09-03T02:50:39Z,2026-09-19T00:23:07.333419+00:00
Ugy2OaIBTf9YYknEvBt4AaABAg,fjWvVFT0vr0,b69becdca1b5d1685e311bf780b4e717febb7db0d9ae61d9797245c6b954cc64,Mobil keren nih,0,2025-07-26T04:28:01Z,2025-07-26T04:28:01Z,2026-09-19T00:23:07.333419+00:00
UgzViO0eCeJYPFT01TV4AaABAg,fjWvVFT0vr0,d9cac76e657f470d884d63d175da6caaa179accb01c882fa43efcbbd9e030c3e,Keren bener,0,2025-07-27T00:43:34Z,2025-07-27T00:43:34Z,2026-09-19T00:23:07.333419+00:00
Ugx31nTftIDPQW3wB894AaABAg,fjWvVFT0vr0,95864f0a033115c3e6fc7b9081d442b8026e5b1360436eaa6c9f7acf7932395b,Desain nya oke banget tinggal di kasih wing besar lebih cakep lg,0,2026-01-19T22:20:57Z,2026-01-19T22:20:57Z,2026-09-19T00:23:07.333419+00:00
UgyloUWuLI7qgPzDVXl4AaABAg,fjWvVFT0vr0,67d1477c83a0e40f67b2f829319c08a38a288e94384a164b1659d70eb6a0bb8f,udh liat di  jalan  di emerald bintaro  warna hitam unit test drive keren  sih  utk  dalkot,0,2025-07-28T07:54:11Z,2025-07-28T07:54:11Z,2026-09-19T00:23:07.333419+00:00
Ugza2YbTeHag50_wBcF4AaABAg,fjWvVFT0vr0,9bed08a91a51e9b22f548d2d5d16a3a87fc503902d290bc216b77fc138745f64,"Gw salfok sama Closing Video nya, nge rap gitu 🤣",0,2025-07-26T07:09:23Z,2025-07-26T07:09:23Z,2026-09-19T00:23:07.333419+00:00
Ugz_gsmgmuprkezp3dN4AaABAg,fjWvVFT0vr0,924ffd409fc78c8d9056843ae4b38fc245900eb382decb779cb63cd94c13d612,Kalau yg paham bawa mobil...tetep pilih mobil berbahan bakan PERTALIT.perawatan mobil listrik sangat mahal bos...apalagi kalau ganti baterai...coba aja cari infonya.,1,2025-08-03T23:29:45Z,2025-08-03T23:29:45Z,2026-09-19T00:23:07.333419+00:00
UgzvpJksJE3kWd3x7_x4AaABAg,fjWvVFT0vr0,786722449c1c5002a08e57baaea4ce73033e4a14a9f6d9bd05f5168daedbccb4,Cocok ini demi kelangkaan BbM dan harganya Murah...,0,2025-08-02T11:37:52Z,2025-08-02T11:37:52Z,2026-09-19T00:23:07.333419+00:00
UgxTAtfAhEV2-AVl_0t4AaABAg,fjWvVFT0vr0,29a81e62ad895a9db8abecf165be9d8cc04fc13542d460cbff98afc9ac4fc726,Semoga aja motornya seera menyusul,0,2025-11-21T13:09:12Z,2025-11-21T13:09:12Z,2026-09-19T00:23:07.333419+00:00
UgxW5LEjKVwXMv9WaR94AaABAg,fjWvVFT0vr0,bfd1ecda8d3e8faaa610d4cf1efc7815c8b31435f9fbbefd9765ac405d5fbe8c,cakep banget sih lekukannya...,0,2025-08-12T08:04:50Z,2025-08-12T08:04:50Z,2026-09-19T00:23:07.333419+00:00
Ugz7xqpry0uzq8sO5St4AaABAg,fjWvVFT0vr0,a05af3945f2da92a747563aa88a5b88dabda410c216a314a5d36935ab76b3454,wah...jadi ingat isuzu deseo...😊,0,2025-09-16T16:56:13Z,2025-09-16T16:56:13Z,2026-09-19T00:23:07.333419+00:00
UgxLz3GEV6PdkPrOryV4AaABAg,fjWvVFT0vr0,2f3d730f40c4d90610b032bebd973f38a7b606f8120f5b78163c1cc7615446e7,Lebih elegan juga dan PD mobil Jepang,0,2026-03-03T13:32:29Z,2026-03-03T13:32:29Z,2026-09-19T00:23:07.333419+00:00
UgzC7e2jELOIwSMempJ4AaABAg,fjWvVFT0vr0,566b41f1b0dcc8b1987399dd7e419882fa9e8b43a489ca11f3d0727ba07eafcd,Mobilnya semokk banget keren sih bisa test Drive gak yaa inii menarik,0,2025-07-26T14:00:19Z,2025-07-26T14:00:19Z,2026-09-19T00:23:07.333419+00:00
UgzF8x9bCeUQjY8JaNJ4AaABAg,fjWvVFT0vr0,d579c035eead689d55cc3dbb275814277b230d21ac272e246e4aa951c54c0fcf,Alhamdulillah di syukuri walau kemampuan cuma bisa lcgc😅,0,2025-07-27T13:42:48Z,2025-07-27T13:42:48Z,2026-09-19T00:23:07.333419+00:00
Ugz_mumdqwFvvQ5MeBR4AaABAg,fjWvVFT0vr0,c86b833324c970bf47439436c8183fa7f41e5ac599270651f16687e100d94a65,"video intro carmudi biasanya keren-keren. baru kali ini ""B"" aja",0,2025-07-26T13:08:56Z,2025-07-26T13:08:56Z,2026-09-19T00:23:07.333419+00:00
UgzyjQw_ut2fY0aSA694AaABAg,fjWvVFT0vr0,c807aeb8d9b62c6fc79e5c86587a8843950234e8f458e7ed237c0bca018a14a9,"Bagus, Harus ada pesaing",0,2025-07-26T09:24:37Z,2025-07-26T09:24:37Z,2026-09-19T00:23:07.333419+00:00
UgwRWSp2L2cVb4wQr5l4AaABAg,fjWvVFT0vr0,7a792638e67cdbc91145227ef72cf8aa077539f8eb6e23e140c269a8bb11b157,Ini keren,0,2025-07-27T03:21:22Z,2025-07-27T03:21:22Z,2026-09-19T00:23:07.333419+00:00
UgzEnF5BNlcPUqNzTJ54AaABAg,fjWvVFT0vr0,b5877dbe58fc1b12515f07773030f20db4194a0ff5df782cef38e4ff4a3a8a95,"Coba ada yg bensinnya ya,mau banget 😍",0,2025-11-27T02:49:28Z,2025-11-27T02:49:28Z,2026-09-19T00:23:07.333419+00:00
UgwH91JiIVDeIj8qh994AaABAg,fjWvVFT0vr0,d8296640e9011434add3eedfafee29e9422c82e9573cfee87854ccee6dfd2759,semoga aftersalesnya bisa sebaik mobil jepang dan eropa,0,2025-08-08T08:26:35Z,2025-08-08T08:26:35Z,2026-09-19T00:23:08.164869+00:00
UgxG2X_Wy3AZHUEglbJ4AaABAg,fjWvVFT0vr0,9255e63b6f5cf6193a0c56d09f5b35b3a453ed8952bfaef4b8fc0fe413f2132f,Cocok kayanya buat narik gocar ini,1,2025-07-27T15:25:18Z,2025-07-27T15:25:18Z,2026-09-19T00:23:08.164869+00:00
Ugzp4z8hBD68EZibZ094AaABAg,fjWvVFT0vr0,26f04314ccd3587000469178a52ac36fa9e2f63c2d57f112080506e436e18978,3YD Atto 1 yg ke 2 kayanya sempurna nanti bagasinya kayanya,0,2025-08-06T11:03:19Z,2025-08-06T11:03:19Z,2026-09-19T00:23:08.164869+00:00
UgxlCGO6R6mxaWoGoPd4AaABAg,fjWvVFT0vr0,d377bfd80a1a8dc737b6560d6f937c6b91249b53f5da367b6819eceba33784b1,masih wait and see 5-8 tahun kedepan untuk beli mobil listrik. semoga after sales service lebih cepat perbaikannya,0,2025-07-30T05:03:53Z,2025-07-30T05:03:53Z,2026-09-19T00:23:08.164869+00:00
UgwWxM3iks8anv0l2eR4AaABAg,fjWvVFT0vr0,a000e31e187a1ef7a2b42f3987b4d174ada840a9e037003e2ba2878cab22db03,"Kalau ada versi bensin nya...Fix, insyaAllah aku mau beli",0,2025-07-28T03:12:38Z,2025-07-28T03:12:38Z,2026-09-19T00:23:08.164869+00:00
UgwiHDzrr9iy3tT13r14AaABAg,fjWvVFT0vr0,aabb334b21a5b78979e44088fc0d72d8a3c55e51bf932708d3ca0a767061ec0e,"jok udah kulit mewah
 langsung dari pabrik, agak laen emang china made😄",0,2026-03-17T02:57:50Z,2026-03-17T02:57:50Z,2026-09-19T00:23:08.164869+00:00
Ugw4rTtpIT3Wu0tu5314AaABAg,fjWvVFT0vr0,e97c5ba2ecb29217a6bd6fbe892b1b753a581fd9fcf5e60f4e0ee023b5549d04,Apakabar wuling??,1,2025-07-28T12:05:18Z,2025-07-28T12:05:18Z,2026-09-19T00:23:08.164869+00:00
UgyWICqgTlREg0yzh894AaABAg,fjWvVFT0vr0,152ec699e52640cdbcae9305c6f9c01e0094c46ac4e238fd75571ea3aad96b0a,Jauh dong kalau brio sejenisnya kalai sama ini...😂😂 jomplang bgt,0,2025-08-04T05:17:11Z,2025-08-04T05:17:11Z,2026-09-19T00:23:08.164869+00:00
UgxBsKUix7p7A8g3o8h4AaABAg,fjWvVFT0vr0,b89781dd540f4b417c4dd0fff2fb84478392815408868df955fcef7065e6ab0c,"Ini iklan TOYOTA yang ngasi ide placement di youtube pas konten lagi bahas mobil merk lain siapa si? bukannya bikin tertarik malah bikin malesin. Iklan lu udah kaya brand desperate aja, tolong lah.",2,2025-07-27T14:49:15Z,2025-07-27T14:51:57Z,2026-09-19T00:23:08.164869+00:00
Ugz7g-FsVgmQQMcNNul4AaABAg,fjWvVFT0vr0,eb6e23b49ed0795457ef62ea764e6b3e228fc90995fb9eb200c23c9f3a82da8e,"Best.... Baterai garansi panjang 8thn, 30 menit 80% auto jarak jauh.... semoga pln makin support di setiap spbu.... 😍🥰",0,2025-07-28T16:08:10Z,2025-07-28T16:08:10Z,2026-09-19T00:23:08.164869+00:00
Ugxrgk2mc0hFIWEihY54AaABAg,fjWvVFT0vr0,f8790eac833655c5b766c4fb56d28b309a16a2a3976cabe438cdc2133a689455,Ini keren..,0,2026-02-02T08:18:14Z,2026-02-02T08:18:14Z,2026-09-19T00:23:08.164869+00:00
UgznoBz3I6BcVohWMC14AaABAg,fjWvVFT0vr0,3dcb19533942765b1e3d55d3bf586af6ef2946baff1113b16775c464f4b1a8d4,Wajib beli nih,0,2026-05-13T07:39:42Z,2026-05-13T07:39:42Z,2026-09-19T00:23:08.164869+00:00
UgyI_gIlhj3ll0BWOPt4AaABAg,fjWvVFT0vr0,fba1b8f6b3a18787467124be79f6b1c5142e3f941b8c029d245ede4b510601ea,"Bakal banyak banget Komunitasnya nih
Belum di Modif aja udah kaya lambo",0,2025-07-27T14:44:07Z,2025-07-27T14:44:07Z,2026-09-19T00:23:08.164869+00:00
UgyZFRAI-UOIMbutD694AaABAg,fjWvVFT0vr0,ca397aa66d5329ccda285bbf6c28239e5cbaa47f10d79d8ebf3c113e5e3addc1,"Ayo beli guys,gw nunggu second kalian aja😂",0,2025-07-28T17:05:34Z,2025-07-28T17:05:34Z,2026-09-19T00:23:08.164869+00:00
UgzpnRA7SVk_aIOV2Hh4AaABAg,fjWvVFT0vr0,fb0178945f0b53fc9faeb1df65ee4d49b39c5be3fa8a85b8e1e8b64d8b48aec3,Aku masih setia pakek city sama sania,0,2025-08-06T05:57:14Z,2025-08-06T05:57:14Z,2026-09-19T00:23:08.164869+00:00
UgzdwnGjc9v97R-o3Mx4AaABAg,fjWvVFT0vr0,bf48e74d9862db7f2fc3d3a7812a3d13ec83eb64eeedb96aeb717a6869ce1611,Padet reviewx😊,0,2025-07-27T06:01:46Z,2025-07-27T06:01:46Z,2026-09-19T00:23:08.164869+00:00
Ugy14BbQlVVYJqZ3SoV4AaABAg,fjWvVFT0vr0,abb3456c3378ab5a50b991f589c64d7eb950c5c336cba1fb37335ef66d82b289,"Taun depan laah yaa, kalo ada duit 😅 masih nontonin dulu aja",0,2025-11-03T23:16:54Z,2025-11-03T23:16:54Z,2026-09-19T00:23:08.164869+00:00
UgyiSigHWHOG1plN21h4AaABAg,fjWvVFT0vr0,500f739f6e5d658efdd279d77af0da4f3d7e439118924c7280a7060d645991b2,Sekarang tinggal didukung infrastruktur pengisian daya mobil listrik yang perlu diperluas hingga ke remote areas.,2,2025-07-26T06:44:01Z,2025-07-26T06:44:01Z,2026-09-19T00:23:08.164869+00:00
UgztdHaRpAdEtNoXm294AaABAg,fjWvVFT0vr0,7bc122b12ba9cccb46957628f70a33d829532abace0c7e87d964548e3ec71c61,Luar biasa mudah2an kebeli 😢😢😢,0,2025-08-02T16:51:58Z,2025-08-02T16:51:58Z,2026-09-19T00:23:08.164869+00:00
UgyO0lhhM0c_PP7sBYJ4AaABAg,fjWvVFT0vr0,50ce0dd1223ec62bc580df929f80f87c017790264217bfc6e271c482b392b7df,Cakep nih mobil,0,2025-11-13T12:39:21Z,2025-11-13T12:39:21Z,2026-09-19T00:23:08.164869+00:00
UgyfcCszYYN-qa0l7A14AaABAg,fjWvVFT0vr0,a5cd534289a5e94e79a6d17907f2631cee7e1621f425d608be146ada4a589669,"cuman dikota besar, kota pinggiran masi belum support baik dari sparepart dll. ataupun emergency listrik",0,2025-08-30T02:48:20Z,2025-08-30T02:48:20Z,2026-09-19T00:23:08.164869+00:00
UgxDEdboLVK0bOZsiFp4AaABAg,fjWvVFT0vr0,72ba6bee83c8b74a5b1b1449f1752ac72c68822728b500670ac19ebc6a4d5fa5,"Fix gw jual sawah 1 buat beli ini yg gw tunggu2 dri kmaren.. mobil manusiawi..murah, keren, lengkap",0,2025-07-26T07:12:00Z,2025-07-26T07:12:00Z,2026-09-19T00:23:08.164869+00:00
Ugz-r8eKF4oXugwTdbN4AaABAg,fjWvVFT0vr0,d3de530ec275a60feff948c7beb12ab09559ec3daeab7e614bf75bf92ab90350,Keren byd,0,2025-07-30T22:03:45Z,2025-07-30T22:03:45Z,2026-09-19T00:23:08.164869+00:00
Ugx_iOGBQ8m1nmvhSUV4AaABAg,fjWvVFT0vr0,5042fe31093af31ef217fd0bfea21264b15ecfde9ebfd8948b9f1a91dd2871f7,Kerenn harga murahh lagi,0,2025-07-31T14:12:17Z,2025-07-31T14:12:17Z,2026-09-19T00:23:08.164869+00:00
Ugz4KAO3zAJ_KcVVIgZ4AaABAg,fjWvVFT0vr0,bf6ad9a8d54e433e8306eb813b497f41de3fa56a564f4758caafef5f05a4576e,lambo keren nih,0,2025-07-30T01:33:40Z,2025-07-30T01:33:40Z,2026-09-19T00:23:08.164869+00:00
UgwpytZOzAE1OCqOZld4AaABAg,fjWvVFT0vr0,a532650d8283c2994ee7d1f45795e6cb21c67f4c3c06511059b258f598539759,Kalau bisa nambah beli kendaraan lagi aku pilih beli mobil ini mudah mudahan...,0,2025-08-02T22:31:57Z,2025-08-02T22:31:57Z,2026-09-19T00:23:08.164869+00:00
UgwA9OjrFxO0dEQMLI14AaABAg,fjWvVFT0vr0,81e6ca823143501413caf66daa87a1a608d4a07478da6d87ef575348cef48f51,"Bang, di menit terakhir ngomong apa sih ? hhaha",1,2025-10-07T11:41:30Z,2025-10-07T11:41:30Z,2026-09-19T00:23:08.164869+00:00
UgxEZi8BnoMiuiQ8rNB4AaABAg,fjWvVFT0vr0,09336a752a6f0593de5dfc8301d9d84c7eb572d21bf188b0607da565af11cf75,auto alya dan agya jadi buat angkut barang doang ini mah😁,1,2025-12-14T14:19:36Z,2025-12-14T14:19:36Z,2026-09-19T00:23:08.164869+00:00
UgwYVyi0aXEkYkCnzm14AaABAg,fjWvVFT0vr0,2e1ffdbda05e94751c8f0676ee8afa80967edf593086f7c5c66c8ecd30b2dcc5,"Bagus , semoga warga +62 khususnya yang berkependudukan Jakarta nantinya dengan munculnya BYD Atto 1 kendaraan Listrik di Jakarta lebih dominan dari pada kendaraan berbahan bakar.",0,2025-07-28T02:51:51Z,2025-07-28T02:51:51Z,2026-09-19T00:23:08.164869+00:00
UgxlSPyQzMR67rC-S514AaABAg,fjWvVFT0vr0,3d4d22a9195f6ff41c15cc6129dcf00d64d1916f488f9743f80ed4049c69f087,Mulai tergoda dgn mobil listrik gegara mobil ini,0,2025-07-26T06:04:50Z,2025-07-26T06:04:50Z,2026-09-19T00:23:08.164869+00:00
Ugy_4traFw2qTt8sk354AaABAg,fjWvVFT0vr0,29e61937f884c27ae15314afb859cc6563c3a5e3cde0b06eecd928a14da27159,"Next BYD ATTO1 gen 2 ,,layar lebih gede ,spion bisa tutup elektrik,jok belakang  40/60 ,USB buat penumpang belakang",0,2025-07-26T09:17:00Z,2025-07-26T09:17:31Z,2026-09-19T00:23:08.164869+00:00
UgzUb-i6MQa3lzpHs754AaABAg,fjWvVFT0vr0,b668974890c8ff5b5579b8c949bdd0b358d7b82e8a17ffe65da44b12eede5d1a,Sedang menuju senja kala mobil-mobil Jepang di Indonesia….,0,2025-07-26T07:08:36Z,2025-07-26T07:08:36Z,2026-09-19T00:23:08.164869+00:00
Ugycuiv4bUWRBC9kANZ4AaABAg,fjWvVFT0vr0,fc38d21f2baaab4a9db44c7524ac3a8b2bfda73dacf3f887427a18d3edd49f35,"Designer nya di bajar dari Lamborghini. 
Jepang mah lewat 😂😂😂",1,2025-07-26T05:04:05Z,2025-07-26T05:04:05Z,2026-09-19T00:23:08.164869+00:00
UgwElvcEbdThvHC2JQF4AaABAg,fjWvVFT0vr0,4c2723a3fd2783d74667e1b1a27b5f7376dce675e8e51b3fcbc8a582b4cbbcd7,"Hehehe masuk gajrukan body bawah penyok...
Battery end😮",0,2025-10-01T15:36:14Z,2025-10-01T15:36:14Z,2026-09-19T00:23:08.164869+00:00
UgxlJGHPZHgiGVO4MZR4AaABAg,fjWvVFT0vr0,1b2e7dd7d4625be75bbed1592343cf3e1ab79706e9e79a29ee1ffe68a6487762,Bagus mobil nya,0,2025-07-30T12:38:07Z,2025-07-30T12:38:07Z,2026-09-19T00:23:08.164869+00:00
UgyJ1rtnoAsaTC54gLl4AaABAg,fjWvVFT0vr0,e94ab4531dfb13e12858bf56234618963c25cce46a72d8a2706d5e4b6f32c3fe,Keren❤❤❤lampunya mirip lambo😅😅,0,2025-08-03T08:01:38Z,2025-08-03T08:01:38Z,2026-09-19T00:23:08.164869+00:00
UgyE9nHQxYKZzvgts0t4AaABAg,fjWvVFT0vr0,46c6879d8ed4be56f5e4f7195afda613adc2bbb21e608ae5026963a41e27caf7,Mobil jepan sd mulai di senggol ni.,0,2025-11-05T14:36:10Z,2025-11-05T14:36:10Z,2026-09-19T00:23:08.164869+00:00
UgwJe278d9ZP1O22EOF4AaABAg,fjWvVFT0vr0,d4b56b911855488a54cd55f027e5a5f7d4d4185af483c596cde785e703fc986e,"dari pada ketiganya tetap yaris bapo s limited ,.. tetap dihati,.. kalau service lebih gampang ;)",0,2025-07-29T03:50:10Z,2025-07-29T03:50:10Z,2026-09-19T00:23:08.164869+00:00
UgxhSkySbo7OIiPheQN4AaABAg,fjWvVFT0vr0,424c599721e2e8406c527d418bc25129e09c387b10eadc299ef6326a566ecb61,Gokil,0,2025-07-28T11:17:44Z,2025-07-28T11:17:44Z,2026-09-19T00:23:08.164869+00:00
UgwNBUFvhDVNjL0AK8p4AaABAg,fjWvVFT0vr0,c91df62a60908ca3ffa3b30517ecd7d53590c9258c82688eb8e230de6345e918,BYD ga pernah gagal sial design....💥💥💥,0,2025-08-03T23:50:12Z,2025-08-03T23:50:12Z,2026-09-19T00:23:08.164869+00:00
UgyRm9vTLYbndx6eEyR4AaABAg,fjWvVFT0vr0,05f7d54bf641e31b0df91f9eeb155b1da218087e0dcd7ec7421ece1bebc3d3aa,"pabrikan jepang seperti toyota langsung melawan dengan meluncurkan iklan terus terusan di semua channel yang ngebahas mobil, creator auto cuan banyak dari adsen 😁",0,2025-07-31T01:56:47Z,2025-07-31T01:56:47Z,2026-09-19T00:23:08.164869+00:00
UgzDKhiPCCsL5qY1aJ14AaABAg,fjWvVFT0vr0,281591fed6d855226a8aefd2a5dcb767d369712ae1f56836bbdb8db69d9d0364,Gass beli warna ijo stabilo,0,2025-07-27T13:00:09Z,2025-07-27T13:00:09Z,2026-09-19T00:23:08.164869+00:00
Ugyvdm3DcQGUs2XL8V14AaABAg,fjWvVFT0vr0,6a0d3efe9b75b90dd2b4dd93aaba301eab409a2aba27d344ce399270d3380a6e,Lg asik nonton byd ini malah iklan toyota  muncul teruss,0,2026-03-29T06:54:24Z,2026-03-29T06:54:24Z,2026-09-19T00:23:08.164869+00:00
Ugwin5OXs7sGaLpGjAh4AaABAg,fjWvVFT0vr0,5e787bd1501765efa88138df3f56832d797626f8298beffa1e987d2d109801eb,"BYD cakep2 desainnya, uda mulai era-nya kendaraan listrik, makin modis, daya tempuh jauh, ngecharge makin cepat.",0,2025-08-16T16:13:22Z,2025-08-16T16:13:22Z,2026-09-19T00:23:08.164869+00:00
UgyKuoWzfpKK4d4Ej-14AaABAg,fjWvVFT0vr0,c23f2257f23d376b7dce296c821dcb57700d58d5acb5346c232382776fd6867d,wowwww......,0,2025-11-02T10:49:57Z,2025-11-02T10:49:57Z,2026-09-19T00:23:08.164869+00:00
UgzzNtsbO4_unLNc_C14AaABAg,fjWvVFT0vr0,cd4cf71e5e0f3569a96c9db5279108e5a309a1cb86d8a6f8f7f591875e86ba1c,"Untung belum sempet beli brio kemaren, baru ada tabungan 37rb soalnya",0,2025-07-26T06:55:44Z,2025-07-26T06:55:44Z,2026-09-19T00:23:08.164869+00:00
UgzTHxcoadFBJVIEMhR4AaABAg,fjWvVFT0vr0,94f417e6a8c2ddb1b7b007865be66ae9dbb957f33378a0c64e959ca1d6b18287,Coba sebutin uda berapa kali muncul iklan toyota,0,2025-07-26T04:58:58Z,2025-07-26T04:58:58Z,2026-09-19T00:23:08.164869+00:00
Ugza87dups3H6BSpo1N4AaABAg,fjWvVFT0vr0,9c3f1e519c2ba52e53b17c615060ab1906037d1544647b959ceeee96d7b5b46e,"User Brio agya calya sigra ,mupeng liat unit ini😂😂",0,2025-11-18T16:18:29Z,2025-11-18T16:18:29Z,2026-09-19T00:23:08.164869+00:00
UgzemONb1nHp93jaZP14AaABAg,fjWvVFT0vr0,17755a0b33d3affe705edbdbd165ced57cc8ef1761e098844ab87e38c4621c30,klw daerah perkotaan yg aman after sales...kacang goreng kyknya...tpi utk luar kota...perlu kerja keras BYD....,0,2025-07-26T15:54:18Z,2025-07-26T15:54:18Z,2026-09-19T00:23:08.164869+00:00
UgwLFPEf-knLG-50Mnh4AaABAg,fjWvVFT0vr0,8fb3e6a2826a494e6988c6c513cd00c64f4c34c42c627e2341b3af1d808ae386,Kelihatannya akan bali  ALTO 1 ini kalau ekosistemnya di Medan sudah mulai berbenah,0,2025-07-26T11:19:39Z,2025-07-26T11:19:39Z,2026-09-19T00:23:08.164869+00:00
UgwriwPufXPtnDADqrx4AaABAg,fjWvVFT0vr0,c2084b14ff53c169659cc872f23b59a80e3d50ad1b31967b1bd78d25ed5ed059,Depannya mirip lambo ❤❤,0,2025-07-28T00:06:00Z,2025-07-28T00:06:00Z,2026-09-19T00:23:08.164869+00:00
UgwUCzqoKvLw80Geg5N4AaABAg,fjWvVFT0vr0,171182075de1cdb9420ca9612b948672b03278ffae1905743ffd34c4a680e994,"Kalo bukan molis, auto jadi primadona ini mobil.. 😅😅",0,2025-07-28T16:16:08Z,2025-07-28T16:16:08Z,2026-09-19T00:23:08.164869+00:00
UgzsoOOI_HxcAhVtTNh4AaABAg,fjWvVFT0vr0,0a7c59d8f942087bfb609c25d37d99ec0e87864cb0d6275b9a7d9a4cb8441a92,Review xpeng dong,0,2025-07-29T00:37:43Z,2025-07-29T00:37:43Z,2026-09-19T00:23:08.164869+00:00
Ugyq-94hW9hg3aMMBNd4AaABAg,fjWvVFT0vr0,1c874a03d1abbbe0f649b60d88160250cde43e37cc129a738708e7c927f7c839,"bang coba Compare in sama Citroen C3 bang ya walaupun beda Segmen tp kn harganya mirip2 😁😁 pengen tau Detail2 nya bang, sama kalau boleh di Adu2 test drive dikit bang 😁😁 🙏🙏🙏",0,2025-07-26T06:34:12Z,2025-07-26T06:34:48Z,2026-09-19T00:23:08.164869+00:00
Ugwx6imviLGI9HXKMiV4AaABAg,fjWvVFT0vr0,1ee30932ac4a4f5f94b306605e771fd8912a0447348c48434517b4a9820711bd,Ada harga ada Quality,0,2025-11-27T18:37:53Z,2025-11-27T18:37:53Z,2026-09-19T00:23:08.164869+00:00
UgxKrbOAf1Epzc1_nrd4AaABAg,fjWvVFT0vr0,08e95fb74cb67dc6f8cd62177c4549c4530bb6ed5d0d3e417fef99584839135e,"cakep , tapi Sayang listrik dirumah masih 900",0,2025-07-29T02:03:14Z,2025-07-29T02:03:14Z,2026-09-19T00:23:08.164869+00:00
UgwJQ6whz6aT0Iy2Z4F4AaABAg,fjWvVFT0vr0,b1415c101541581a70070297d8ad6138cfdf769ca68bbb9ec82878b149ace98c,Coba ada versi mesin konvensional nya bukan listrik doang,0,2025-11-09T15:10:27Z,2025-11-09T15:10:27Z,2026-09-19T00:23:08.164869+00:00
Ugyen6Hy6Qy_MXSMgKR4AaABAg,fjWvVFT0vr0,8d299378c35014955ac40c62cdcee75bd5eb4d912e440b68f00c7c2f89b90649,atto dalang...ke.,0,2026-04-02T11:01:38Z,2026-04-02T11:01:38Z,2026-09-19T00:23:08.164869+00:00
UgzfB62n325BBQWf-Up4AaABAg,fjWvVFT0vr0,0a8eb86b6e0a5cef5d126d719220211d7bb9d7d47da8ce7f37e69d1c65d518c4,Otw byd,0,2025-08-06T15:49:41Z,2025-08-06T15:49:41Z,2026-09-19T00:23:08.164869+00:00
UgzKrb7PYJmmelljDyB4AaABAg,fjWvVFT0vr0,2bd8ece49019acc1859a342c02a86ee52673cffc142efb2bba0e1b00bafd5218,25:20,1,2025-07-26T16:04:15Z,2025-07-26T16:04:15Z,2026-09-19T00:23:08.164869+00:00
UgzEl7q6xbqmjDGhYUp4AaABAg,fjWvVFT0vr0,8efe24550fadd5b01189d76ea4f6bc20de01e80c7a2c18dd44614eaf9702369b,Ntar punya ane tak namain Pak Raden atau Mas Adam kyknya 😂😂😂,0,2025-07-26T05:54:09Z,2025-07-26T05:54:09Z,2026-09-19T00:23:08.164869+00:00
UgwEwnTzlWeE3DTXGe54AaABAg,fjWvVFT0vr0,bb3f3d8aed99e2fa8d8296c91ccb0d7283e7b125b4dcb82a792f1de6cfd30a88,Lamborghini banget keren,0,2025-07-29T08:38:55Z,2025-07-29T08:38:55Z,2026-09-19T00:23:08.164869+00:00
UgyzASQWGxipr1Xq3fB4AaABAg,fjWvVFT0vr0,9c1431279a1ab67e43538070320366d47ee8ac85f6e836cdeadf6eba1f113d09,"Allohuma shalli 'ala Sayyidina Muhammad, shalawatin dulu 🤲",0,2025-07-27T03:28:34Z,2025-07-27T03:28:34Z,2026-09-19T00:23:08.164869+00:00
UgzygMzArmwVlcrwLWV4AaABAg,fjWvVFT0vr0,c9fe085ae157ad01dfc57fbbbe7b4de57ef2f2c4d5af15fdb51b084b60c90c1b,Kayaknya satu hal yang kurang dibicarakan tapi sangat diapresiasi itu lampu sen nya ada di sisi kanan setir :v,0,2025-07-26T07:48:32Z,2025-07-26T07:48:32Z,2026-09-19T00:23:08.164869+00:00
UgyeHrChupP597f9gTd4AaABAg,fjWvVFT0vr0,a2586ccc3237d887011228ceb5d5c4f82231d529a2eb6574cb2098084eb2c13c,Klo bs dikeluarkan versi mesin bensin+hybrid pasti makin laku,0,2025-08-07T14:05:04Z,2025-08-07T14:05:04Z,2026-09-19T00:23:08.164869+00:00
Ugzp1h7oGGzvCTxD0SR4AaABAg,fjWvVFT0vr0,7a7f88b766ea4a9fd8b1c7db08d4aef860943bc95101d17528d9e67026912dac,Mslh di akhirnya jika  jangka hayat batrynya habis.. berapa harga tukar batry dan bagai mana proses tukarnya . Ini yg konsumen terlepas pandang,0,2026-03-24T13:18:16Z,2026-03-24T13:18:16Z,2026-09-19T00:23:08.164869+00:00
Ugwsfw2POMLgwm8NkHl4AaABAg,fjWvVFT0vr0,88c8dd05bcc5be49802493e1cf2b57fe95426a3df77105d8850ed1b8ffa4c73e,Astra ngamuk wak,0,2025-07-26T22:25:04Z,2025-07-26T22:25:04Z,2026-09-19T00:23:08.164869+00:00
UgzA-ugVGPlXGjKxjjl4AaABAg,fjWvVFT0vr0,d2ac27f22ec123954150324ec197a9bf81499a9e7e2702b1fec6448ba93ca3bd,Mantaappp,0,2025-11-04T23:50:21Z,2025-11-04T23:50:21Z,2026-09-19T00:23:08.164869+00:00
UgwSITtoPYZAMJ5hwVV4AaABAg,fjWvVFT0vr0,e88f26c31aabf35b0344781b8e130df2ad8e3e29ac6914a3e90e54ef9e4f279b,video nya bahas BYD dpt iklannya kok si toyota mulu sihh WKWKWKW 😂😅,0,2026-01-18T14:46:23Z,2026-01-18T14:46:23Z,2026-09-19T00:23:08.164869+00:00
UgwrW1Hl0H0iCdrne414AaABAg,fjWvVFT0vr0,67ce08af6b81d20eee44f3fab289af2a4be0adfc299817344b84225acf71b0ee,keren bangtt bentuknya. cuman belakang g ada wiper. lampu depan led. kalo daerah berkabut ga keliatan. sampingnya ga ada lampu sen nya.dibagian sopir ga ada pegangan di atas.,0,2025-07-27T04:36:52Z,2025-07-27T04:36:52Z,2026-09-19T00:23:08.164869+00:00
UgzbuOvxkn1w7DhQaYJ4AaABAg,fjWvVFT0vr0,c1eaf97d0526c2fdaca1b59acbd93e36c5e08a5c73da19e297a0e9282ad2e9f6,bang transmisi nya gada yang manual ya 😁 keren tuh klo ada yg manual.,0,2026-02-19T20:13:59Z,2026-02-19T20:13:59Z,2026-09-19T00:23:08.164869+00:00
UgzE9V7qxLgikDMvBI14AaABAg,fjWvVFT0vr0,91cd6307389619269e54a82058366e04ef71601bb8fb47bac1b1cc9889c1e3a4,Seumpama pake mesin combustion. Bakal ngeri ini.  LCGC lewat.,0,2025-07-27T15:52:45Z,2025-07-27T15:52:45Z,2026-09-19T00:23:08.164869+00:00
Ugx1Ic2gswHXHvIX4Ap4AaABAg,fjWvVFT0vr0,1d669092271fd8bb3bcf181221fc2d1fa60c2c3955b99eaebfe2fd4a33a5f5be,nice,0,2025-07-26T05:16:58Z,2025-07-26T05:16:58Z,2026-09-19T00:23:08.164869+00:00
UgxLDcMQXvCIyanNjnB4AaABAg,fjWvVFT0vr0,730e51dedefab3401f093091b7b889d8f8e0205b32b06b9516c7fa186c697e86,Joozzzz….,0,2025-07-27T08:05:26Z,2025-07-27T08:05:26Z,2026-09-19T00:23:08.164869+00:00
UgwH8svRCN-mpVHsa1d4AaABAg,fjWvVFT0vr0,9e0dd594c4f6864a2ed685666fa45772d1cb136c5ad3ea8333bde6ec430daa7b,Sayang ga ada retract spion. Krn mobil ini termasuk lebar.,0,2025-07-26T06:59:31Z,2025-07-26T06:59:31Z,2026-09-19T00:23:08.164869+00:00
UgyI3Oi6MTW39TUQnR14AaABAg,fjWvVFT0vr0,22fea917ff964219e0e4ea8f8eb9d3777961c516727636966adb839034d31166,"setelah sekian lama nonton baru sadar gw,,, ngapain juga nonton ginian, ga mampu beli juga. tapi semoga suatu hari mampu beli sebuah mobil yang layak untuk kebutuhan keluarga. Amin.",0,2026-06-11T14:53:24Z,2026-06-11T14:53:24Z,2026-09-19T00:23:08.164869+00:00
UgxkjitVE1JT00jfPCx4AaABAg,fjWvVFT0vr0,e6dcd0430e839e9f1e669ff92fc89c2ff114b5db56500a6a7599ef92c505cbda,fiturnyaa 😮😮😮😮 3 sks sendiri ini yakin,0,2025-07-26T11:49:27Z,2025-07-26T11:49:27Z,2026-09-19T00:23:08.164869+00:00
UgykGPZcnJKedlBc_bd4AaABAg,fjWvVFT0vr0,f03f919e0d9f752be9c4024f7bd3b44aee9db6568bbc74fb21d1d54f470d1c07,Depannya mirip lambo❤,0,2026-05-29T08:54:37Z,2026-05-29T08:54:37Z,2026-09-19T00:23:08.164869+00:00
UgxfqoZ7iP6w9eCR0PF4AaABAg,fjWvVFT0vr0,f8b7fd3849c448c89f69d3dad6f0cf0490af17b1d81ec5daa768f6ea122a6071,"Pakai hybrid dong, meski 1000cc",0,2025-07-26T05:02:08Z,2025-07-26T05:02:08Z,2026-09-19T00:23:08.164869+00:00
Ugy0SWuqup1Cb4D0tht4AaABAg,fjWvVFT0vr0,d2a12f690b341fcdf259ea8a7f5d259260c776f88d5aca19dfac1d73a46a1c9e,Ok nich kayanya,0,2026-04-29T10:49:30Z,2026-04-29T10:49:30Z,2026-09-19T00:23:08.164869+00:00
UgxIutGX4oPVwRpWY2B4AaABAg,fjWvVFT0vr0,706fd24de9ab43e95c6734f079fdddea7578609cedd1b16e526bd1f51945c7de,Kalo sdh masuk kalsel kalteng ada daeler resmi nya dah enga mikir dua kali langsung bungkus.,0,2025-07-26T12:42:36Z,2025-07-26T12:42:36Z,2026-09-19T00:23:08.164869+00:00
Ugw6S4cf9Mqs99d65bR4AaABAg,fjWvVFT0vr0,4e4e5282f0b0212f6f1a438043ab71648a6a146b2e6b562df0c64262371d81ed,"gear control dkk kalo pindah ke console tengah will be nicer sih daripada di dashboard...
repot bener mau rem/ganti gear haris angkat punggung dulu...",0,2025-08-22T01:28:10Z,2025-08-22T01:28:10Z,2026-09-19T00:23:08.164869+00:00
Ugw7Q5vRkBOSEwUTYZl4AaABAg,fjWvVFT0vr0,38a4050be4f65805ef093d008f32692414b135a3a34784e2b4d2b2b2729c08ee,"LCGC mah lewat jauh ini,, asli keren parah",0,2025-07-27T06:18:06Z,2025-07-27T06:18:06Z,2026-09-19T00:23:08.164869+00:00
Ugw5f6XOjC-tLfKXyrt4AaABAg,fjWvVFT0vr0,e927491600ffa4b376452d3489c35868d0decd84bb2ccd7768ed67fc16e23d62,"Iya betul kalo versi Eropa dibagasi malah ada lobangnya bisa untuk nyimpan kabel charging, v2l, pompa ban, dll...versi Indonesia rata",0,2025-10-07T01:12:10Z,2025-10-07T01:12:10Z,2026-09-19T00:23:08.164869+00:00
Ugwrboj0T2NaPwH5ENF4AaABAg,fjWvVFT0vr0,867513511fdee778a883a6d062d6b37c41981aa5ca42446e6cb1632ebf6ba19f,Bentuk lebih bagus,0,2026-03-25T03:28:44Z,2026-03-25T03:28:44Z,2026-09-19T00:23:08.164869+00:00
Ugw2-DpLPEBCGqnrO6t4AaABAg,fjWvVFT0vr0,ef2dd7a19f0499b9f9a5752466391d5f820164b30910a9f004f1e93a29a93216,"Anjay ala lambo depannya,velgnya",0,2025-07-28T15:38:46Z,2025-07-28T15:38:46Z,2026-09-19T00:23:08.164869+00:00
Ugz2mPl9xm5L9PJFt6N4AaABAg,fjWvVFT0vr0,9a8771d548814689dab88da4a40d7385b61106dee92405dba85647ea7fde21b7,Jos,0,2026-06-24T18:30:20Z,2026-06-24T18:30:20Z,2026-09-19T00:23:08.164869+00:00
UgyT759bA7oxiSGl09F4AaABAg,fjWvVFT0vr0,fd28c8cf2662d1a1183f52f08958f65b543dfa386d696c6cb0f301cc27fa512d,Lamborgitu 🥰😁,0,2025-07-26T10:37:05Z,2025-07-26T10:37:05Z,2026-09-19T00:23:08.164869+00:00
UgwdwVLqKa32QB8xK_B4AaABAg,fjWvVFT0vr0,bd400641aa297ddf3698fa284ca997a11dc539344aeb902fd4069785510b5a79,"3 bulan yg lalu Pernah parkir bareng di Rawamangun pinggir kali depan depanan BYD Atto 1, belum launching, mungkin sedang test jalan 

Mobilnya warna biru dongker",0,2025-08-02T10:11:01Z,2025-08-02T10:11:01Z,2026-09-19T00:23:08.164869+00:00
UgzMdo0M5nd3qd2L20J4AaABAg,fjWvVFT0vr0,57fcb587ed64466a2ac2aa9b96c86e03380e0af8916384dbb5bf9eb332d04d31,part yg ditunggu 25:05,0,2025-07-28T08:41:07Z,2025-07-28T08:41:07Z,2026-09-19T00:23:08.164869+00:00
UgxMFAShwwPW3xa9zKZ4AaABAg,fjWvVFT0vr0,894f0b9673746bf8b19098b77c6c11e5c7d2bf21737ec5dbff41c74f6b70f978,14:55 screenshot,0,2025-07-26T07:41:50Z,2025-07-26T07:41:50Z,2026-09-19T00:23:08.164869+00:00
UgzjvGSsGG7g71_n5294AaABAg,fjWvVFT0vr0,aea4fb7a66c25fd37db7745f8c1824cb8e2bc29f6fce40b6b7979fa07de369a7,"Secara hitungan lebih irit ,semoga ke beli",0,2025-07-27T03:43:38Z,2025-07-27T03:43:38Z,2026-09-19T00:23:08.164869+00:00
UgxKcgeyChRLjx7QsoR4AaABAg,fjWvVFT0vr0,41b1463baa687404ca1c72d19dd4415a17476fbaff336af637efdd0dbb0b93b1,"Klo mau bersaing di pasaran indonesia,hrsnya ada yg versi bensin,klo ev aja susah bro...😂",0,2025-08-10T05:37:56Z,2025-08-10T05:37:56Z,2026-09-19T00:23:08.164869+00:00
Ugw8v3t2vKHeGGl7zuF4AaABAg,fjWvVFT0vr0,43ea259dcf7708c058910f8427749ce8f4b5b016d2862020832ee7753a4a1a88,Rela nonton iklan toyota yang juarannya hybrid 3 dekade🥲 demi nonton BYD,0,2025-07-29T07:59:39Z,2025-07-29T07:59:39Z,2026-09-19T00:23:08.164869+00:00
Ugxf00XBnFgcaXDwTL14AaABAg,fjWvVFT0vr0,44a8aae06990416d911910a68188adfcac52f11bc29b34e4c143759471f2927b,Canggih mobil,0,2026-01-18T23:33:07Z,2026-01-18T23:33:07Z,2026-09-19T00:23:08.164869+00:00
UgzFem8hVL7rKEss1B94AaABAg,fjWvVFT0vr0,2fe18d74fd2e5cb4a9436e4011f7260e762fabdd9a549e7b164dfec04d1d5758,Intinya kalau hilirisasi nekel berhasil pasti acu di produksi di Indonesia utk mendukung mobnas listrik. Apalagi batu bara sumber listrik juga diutamakan utk dalam negeri. Kedepan pasti moblis mendominasi. Kita tunggu saja,0,2026-07-04T11:59:53Z,2026-07-04T11:59:53Z,2026-09-19T00:23:08.164869+00:00
Ugykz13sfyRCm52q1U94AaABAg,fjWvVFT0vr0,d4d789263690a880f5b6db4e1199043a9f6cf245296dd51bf1ca9f6d2567e4e5,"Buat ngojol enak bgt ini, murah , irit, ga kena gage. Beeuuhh",0,2025-07-27T03:06:47Z,2025-07-27T03:06:47Z,2026-09-19T00:23:08.164869+00:00
UgyV-VDQ61Pym2-5k3J4AaABAg,fjWvVFT0vr0,0b6b8866174f8cf63693fb1a31e3f11b24016e048e8fb5b1af41e4b1de4f7ec1,klo duit ada auto beli saya ini,0,2025-07-29T18:48:02Z,2025-07-29T18:48:02Z,2026-09-19T00:23:08.164869+00:00
UgwY-WUAvPilCindF7l4AaABAg,fjWvVFT0vr0,da05854faba1f53a027d4250d19ce774bde60a954f1917c577b7ebeba4c6a082,pernah liat di jalan ganteng bangt..,0,2025-11-19T10:46:07Z,2025-11-19T10:46:07Z,2026-09-19T00:23:08.164869+00:00
UgxJKy5xinU_RvGANC94AaABAg,fjWvVFT0vr0,606ab3b952d8506a0412890feaeed315ec2def319e27d261091a0b9e162a56a5,Kalo gw nunggu sekennya aja 1 ato 2 tahun ke depan....hehe,0,2025-07-27T07:10:17Z,2025-07-27T07:10:17Z,2026-09-19T00:23:08.164869+00:00
Ugy1bGiudntC8cP-8cN4AaABAg,fjWvVFT0vr0,ba515ca03e258007a3f3e7ed8162ed1197050feb414574ad4c82e1f58b6557cb,bagus makin sesak jalanan jakarta.....ayo bikin dong pengisian2 di seluruh indonesia secara merata.....biar bisa dipake jauh2 bahkan ke pelosok,0,2025-07-29T01:06:24Z,2025-07-29T01:06:24Z,2026-09-19T00:23:08.935049+00:00
UgyMxkbDHn_zmmtrnpd4AaABAg,fjWvVFT0vr0,d61e36b06c0643a26661561c52f6ad159ef277eebb238c22b573ecdae7dc6d33,Buat taxol..enak nih..😂,0,2025-07-26T09:04:15Z,2025-07-26T09:04:15Z,2026-09-19T00:23:08.935049+00:00
UgxY7kxgSHockJbrnMd4AaABAg,fjWvVFT0vr0,1b4e2767204414ee378b31b3a669f893420ced5c594fc05e82488ed269d647ba,Lampu depan sekilas lambo punya 😂 dn warnanya hampir sama klo di zoom,0,2025-08-09T06:21:35Z,2025-08-09T06:21:35Z,2026-09-19T00:23:08.935049+00:00
Ugy0k1d3no7-kYBHr-R4AaABAg,fjWvVFT0vr0,98479137c1aae3f96bff99a4b7980acc2fc8bd449a80767ace04db106c3e7486,Spek interior nya ga pelit.. lcgc kebanting lah..,0,2025-07-26T05:03:30Z,2025-07-26T05:03:30Z,2026-09-19T00:23:08.935049+00:00
UgwCXBWPSnOuvux_KDB4AaABAg,fjWvVFT0vr0,b9c44792360fbe781f507f4cbdd6e0cbc32c0cd0a0f5fd29e67308c5d6cd2313,ngerii byd,0,2025-07-28T11:48:13Z,2025-07-28T11:48:13Z,2026-09-19T00:23:08.935049+00:00
UgyV1L-t-HONgvBqT2R4AaABAg,fjWvVFT0vr0,bd574b969bfc40d3c30f01dfc67e83cb76b17117a0c0c3e852a2c582e4a6b524,Perasaan aja atau memang mobil produkan china exterion cakep sama interiornya udah mewah dengan harga lebih murah,0,2025-08-05T13:01:56Z,2025-08-05T13:01:56Z,2026-09-19T00:23:08.935049+00:00
UgznD64Jl8EuikZNqZF4AaABAg,fjWvVFT0vr0,3c26cf51ae465396e28f0e6c8c559566c4ef6a6d6b2d70ebc09042d4cc63dd90,Enak kek nya untuk ke kantor.,0,2025-08-03T13:14:06Z,2025-08-03T13:14:06Z,2026-09-19T00:23:08.935049+00:00
UgxPtG1mtrW8dNQ_22t4AaABAg,fjWvVFT0vr0,ab9bbce248c7873586ba50d156169d15d57587cf4815c5687e2ce09c3a0cbceb,Endingnya ..... 😀😀,0,2025-09-05T05:30:32Z,2025-09-05T05:30:32Z,2026-09-19T00:23:08.935049+00:00
UgymAy8d8ChNBapGn294AaABAg,fjWvVFT0vr0,1860f03bfb626b1e9fb00439c4fadbbffc879407b5fa1aea7202e107b927a801,Berapa harganya,0,2026-03-29T02:59:00Z,2026-03-29T02:59:00Z,2026-09-19T00:23:08.935049+00:00
UgwGWpHMkgrI0u-NY5x4AaABAg,fjWvVFT0vr0,27a8b3673fd6b0db807b3e2863f4ffb3e79ef7e863ad878adb5da9ded55916ce,"Udah gak notice sama permobilan semenjak full pake transportasi umum mobil di rumah cuma dipake pas
weekend aja itu juga seputaran deket2 rumah.",0,2025-07-29T03:03:28Z,2025-07-29T03:03:28Z,2026-09-19T00:23:08.935049+00:00
Ugxxut4TNiyCvKzp5aR4AaABAg,fjWvVFT0vr0,0b970ec462c880fc7aa2a278afe6d6f09852011d170f157255f15506a3613d81,Di mana iklannya Toyota terus 😢😢😢,0,2025-07-26T04:55:45Z,2025-07-26T04:55:45Z,2026-09-19T00:23:08.935049+00:00
UgyKXEk8dbWU79NBHyR4AaABAg,fjWvVFT0vr0,ab834bbee2243c11af177c57a287f77ceef108ad8a77b984c29d5fbcd03b7232,Mantap depan belakang udah pakai rem cakram,0,2025-07-28T10:05:13Z,2025-07-28T10:05:13Z,2026-09-19T00:23:08.935049+00:00
UgxidTfEKYYNXX8WJzl4AaABAg,fjWvVFT0vr0,509bd2d8ca59277d44ca0899de94e25b709f1264dfc584bbdafd65c153d3392c,Bagus klo namamya SURF,0,2025-07-27T02:02:33Z,2025-07-27T02:02:33Z,2026-09-19T00:23:08.935049+00:00
Ugyw6_ElV4dqJ3nVvaV4AaABAg,fjWvVFT0vr0,e1dce0c86267b0b7c7245981f10aa6c9517df8b9323d837c4e56a11aa31fa122,"Klo lihat dari harga dan model, ini sih Aman banget sih asli aman banget😊",0,2025-07-30T09:58:26Z,2025-07-30T09:58:26Z,2026-09-19T00:23:08.935049+00:00
UgxI7x6HauN93xWq7XR4AaABAg,fjWvVFT0vr0,8e16c10d94750858a118c7f49ca2a39f58d449a55f0bd55afc1e1efdd25958f2,Allohumma ini as aluka byd 🤲,0,2026-09-11T12:45:44Z,2026-09-11T12:45:44Z,2026-09-19T00:23:08.935049+00:00
UgyWoZS88Rt6hK9XU0p4AaABAg,fjWvVFT0vr0,1a8fb7fac78a748460c5c2fd5d9da5b8c56ad9a6c452c4b7f982d0bd8f79bc5a,Kuasa membeli pengguna membimbangkan.,0,2025-07-27T08:06:51Z,2025-07-27T08:06:51Z,2026-09-19T00:23:08.935049+00:00
Ugyn_vb4KrOv-pFaQAV4AaABAg,fjWvVFT0vr0,841abe1eb1142ed99365eec9997a15eed6de4157b85a382392ea6f13347d476b,beli nya di mana,0,2026-04-02T05:56:34Z,2026-04-02T05:56:34Z,2026-09-19T00:23:08.935049+00:00
UgySePiFhKX_FV1c_Nx4AaABAg,fjWvVFT0vr0,51b00aedf707251c6e9693d67486a7c85307656272b5dea6f87b559ab441c1ad,Mobil jepang ga boleh sombong sekarang,0,2025-07-30T10:46:26Z,2025-07-30T10:46:26Z,2026-09-19T00:23:08.935049+00:00
UgxlwZA0eH4giEz_oc14AaABAg,fjWvVFT0vr0,3384000eb16c9ebcc118c7ae3848eba06050cf45b2e5491b4bfd3bf48a3f5f9e,Baby Huracan...❤,0,2025-07-29T02:38:03Z,2025-07-29T02:38:03Z,2026-09-19T00:23:08.935049+00:00
UgzcQO26maqTV-4eG1R4AaABAg,fjWvVFT0vr0,13df04cfd3ae9a82ab0c75ffe2e778306f289d20b9e932965c59b557f95d72b8,"25:05 sudah dilambatin playback nya, tetep gak ngerti apa yg diomongin. 🤣",0,2026-02-16T15:42:25Z,2026-02-16T15:42:25Z,2026-09-19T00:23:08.935049+00:00
UgxKO8erqBTRhu9sNTl4AaABAg,fjWvVFT0vr0,c78b621574a1b7b3e9eb86d9ef55aa95b26286afc65a60c6bf6f6ddc863143d3,Netta makin bangkrut deh.,0,2025-07-26T05:23:46Z,2025-07-26T05:23:46Z,2026-09-19T00:23:08.935049+00:00
UgzWDxOi2uX0BqbIiQt4AaABAg,fjWvVFT0vr0,cd57c4e7a42849e32d1965f84dfa1b6b8edad21da705d157e6e056025e5d15b3,Time to cook - BYD,0,2025-07-26T05:28:47Z,2025-07-26T05:28:47Z,2026-09-19T00:23:08.935049+00:00
UgwEQsMUY854rV28RNR4AaABAg,fjWvVFT0vr0,be7db6930c8faa226a2adba70e6c724813c9fabb1fdd0c72216c28d9a758b1f1,I like biyadi,0,2025-07-26T08:46:23Z,2025-07-26T08:46:23Z,2026-09-19T00:23:08.935049+00:00
Ugxw5UP-Tk3kfI4EL1x4AaABAg,fjWvVFT0vr0,3f4ba08626f62a4d20f9299dcf9ecb535cbcf3fc853fd565c2784b5628cbf2e2,Depan nya mirip Lambo Urus,0,2025-07-26T04:57:56Z,2025-07-26T04:57:56Z,2026-09-19T00:23:08.935049+00:00
UgzOWPTgA5I7uImQPiV4AaABAg,fjWvVFT0vr0,c2ccfa3cc2c060e724542d13fe9c0878b8731b3fcccdae163fe7347809ec6603,Sepertinya lebih Manusiawi ini dibanding LCGC merek Jepang.,0,2025-07-26T07:05:27Z,2025-07-26T07:05:27Z,2026-09-19T00:23:08.935049+00:00
UgxGlAfPZDvsgAI50lx4AaABAg,fjWvVFT0vr0,f91e33a3c09382a32f44cebff226049f72a66d5e2811300b5d8db90bd2d41443,Nonton aja dulu.walau gak mampu beli😂,0,2026-05-24T06:25:58Z,2026-05-24T06:25:58Z,2026-09-19T00:23:08.935049+00:00
Ugzy3FXy2si7y1f4q8N4AaABAg,fjWvVFT0vr0,117f269def0b044371e0badeceac67f08a0289781fd76c4506a8b3e688b883ed,saya suka mobil pabrikan cina designnya berani. Kalo pabrikan jepang mereka gatekeeping design sesuai segmen harga,0,2025-08-14T03:28:08Z,2025-08-14T03:28:08Z,2026-09-19T00:23:08.935049+00:00
UgzHH5BHLTMp8LIAaH94AaABAg,fjWvVFT0vr0,0db9a4d97129fc828e3a33894ff342681b862a2116d476974eb6ba993687da8c,"Resolusi layar head unit nya jg kayanya dibawah dolphin ya,….kaya garis2 gt",0,2025-07-26T07:14:51Z,2025-07-26T07:14:51Z,2026-09-19T00:23:08.935049+00:00
UgxalrbQxwpqYKeO2Oh4AaABAg,fjWvVFT0vr0,bf393226bc3f7849fa7bf69cba5fd81dbe86a0acbbaaad5f44efa077360299e6,"Hampir semua chanel riview mobil skrng iklanny toyota hibryd terus, fenomena apakah ini????",1,2025-07-26T05:48:39Z,2025-07-26T05:48:39Z,2026-09-19T00:23:08.935049+00:00
UgzRVegkPMoJhV2tn4t4AaABAg,fjWvVFT0vr0,3d34024582c19d4f1f0f1c00d1272f8d42ca1c0fcde279c412d45f57743089cc,depan list hitam kyak kumis mas adam 😄,0,2025-07-31T03:07:03Z,2025-07-31T03:07:20Z,2026-09-19T00:23:08.935049+00:00
UgzTGUgNdaJzYfPw71F4AaABAg,fjWvVFT0vr0,1f661c6723db357f93632bbcae3d9ecf1efbcf4a3133bfe6bf8208390db84030,Coba kalo ada ynk bensin pasli laku klo di p desaan kya sini,0,2025-07-29T11:09:18Z,2025-07-29T11:09:18Z,2026-09-19T00:23:08.935049+00:00
UgxtiubVdeapoWA-E8t4AaABAg,fjWvVFT0vr0,d17dd87186b19c6c5edea3ac140cbb0218a4376f890d548114a5eb3ac1e6e82d,ini sbnrnya utk pasar malay sklian ke indo krn “Atto oo atto” tampangnya kyk pake kumis mas adam,0,2025-07-26T12:39:25Z,2025-07-26T12:42:19Z,2026-09-19T00:23:08.935049+00:00
Ugy7FkE_Rjomr_SmmYJ4AaABAg,fjWvVFT0vr0,068e7f39b07de8f0980e4c8f05495e805a1a8c4538c6bc97133d0cb54882d15e,"Coba aja ada yg Hybrid, pasti gw usahakan beli, sayangnya adanya listrik doang.. 😩",0,2025-08-13T16:00:26Z,2025-08-13T16:00:26Z,2026-09-19T00:23:08.935049+00:00
Ugy9hWcKRSJ9hHRUDqF4AaABAg,fjWvVFT0vr0,ba3bf57798bb045d65b36bc74b1587eb5648f4530a9ad8a6bd44561cb9522a44,Desain mata nya sekilas mirip lambo.,0,2025-07-26T12:56:10Z,2025-07-26T12:56:10Z,2026-09-19T00:23:08.935049+00:00
UgygojhULcKF7umcqxh4AaABAg,fjWvVFT0vr0,65ef50f7bc4b32d60e29355e7bbcca10c277b3ec4163bf40b6f26910ed513875,barusan skip lg iklan 'toyota hybrid',0,2025-07-26T13:39:21Z,2025-07-26T13:39:21Z,2026-09-19T00:23:08.935049+00:00
Ugw-SyOr1_-6f5dsMMp4AaABAg,fjWvVFT0vr0,fc88cf618070e6a03c0062da6c23a1152a9443d7af51835de6bc827b968f0ec5,semoga harga baterai nya seharga ama spaRepart mesin bbm,0,2025-07-26T07:37:02Z,2025-07-26T07:37:02Z,2026-09-19T00:23:08.935049+00:00
UgzJHP4f5KR8F1JWSGF4AaABAg,fjWvVFT0vr0,ef509a93b295f2c8641aaae119aa55d2d5a191bfee71e8eea1b22a29397739e7,"saat ini namanya masih pakai baterai...teknologi masih berkembang,,,nanti hitungan minggu atau bulan ada yg keluar lebih murah lagi dengan teknologi yg lebih baru",0,2025-07-26T16:20:14Z,2025-07-26T16:20:14Z,2026-09-19T00:23:08.935049+00:00
UgxVnLHF3y8o86ZQZJB4AaABAg,fjWvVFT0vr0,c415e31ba01b5742dbdbcc8f2057855aa220ec0baa6005a0f5aea432d8d05aa8,Ganteng bgt,0,2025-07-27T03:18:10Z,2025-07-27T03:18:10Z,2026-09-19T00:23:08.935049+00:00
UgzR5VC7E-SW25VUpg14AaABAg,fjWvVFT0vr0,afe31f67c904cf9a6ec70d583a4e5928d621354b83d2025a3e83ef53e2b1cee3,Bang botak KLO ngomong pnutupan CPT bner 😂,0,2025-07-27T12:29:14Z,2025-07-27T12:29:14Z,2026-09-19T00:23:08.935049+00:00
UgzfVeYpA1_NFHwM8NF4AaABAg,fjWvVFT0vr0,1d019c00c4f2a2638cbc4686e26fba47a9760cc3aa1b38abf52f52e5edb193c8,"Tinggal aftersales nya diperluas dan diperbanyak, makin banyak konsumen terjaring ini",0,2025-07-26T04:52:40Z,2025-07-26T04:52:40Z,2026-09-19T00:23:08.935049+00:00
Ugwxu4kNa6MF1YjOEFR4AaABAg,fjWvVFT0vr0,031f9a52c7243c49cfec59f53d83034f7b549336fd4163075ee3883f6df85f69,Sayang nya gk ad wiper belakang  klo  hujan kecil udh pasti pandangan ke belakang pasti buram,0,2025-11-01T15:17:16Z,2025-11-01T15:17:16Z,2026-09-19T00:23:08.935049+00:00
UgzskEDZilKG5X9alnJ4AaABAg,fjWvVFT0vr0,6f2627af98772cdd90bcff874f021717dbfdb528395e6a741301f53b72e2790d,"Mobil yg susah di charge, sama di indo belum merata untuk pengisianya, jadi hanya bisa dalam kota",0,2025-08-09T03:33:10Z,2025-08-09T03:33:10Z,2026-09-19T00:23:08.935049+00:00
UgwsWQOBCsvGZNgZ2OZ4AaABAg,fjWvVFT0vr0,eea7666d7a8861d52a9baabc0de139e7bb779c8923f87d53687d61b1cbe0fe9f,"belum tentu.....otang indonesia gak mudah bemgkok prinsipnya kalo r
urusan mobil....",0,2025-08-04T13:01:57Z,2025-08-04T13:01:57Z,2026-09-19T00:23:08.935049+00:00
UgwnXgN_sANnsnLfzn94AaABAg,fjWvVFT0vr0,99ee4987a5893951f63a958128f4e62bc0ebc3b5888a902295bf37f35e24c059,LCGC KILLER,0,2025-07-26T11:58:43Z,2025-07-26T11:58:43Z,2026-09-19T00:23:08.935049+00:00
Ugwi-TkA_Jq7IaHtwpV4AaABAg,fjWvVFT0vr0,0d87a0dc04db07c8b08991dd96153262e36637edfebeddb345de58dea2c20fd4,"Selama berita di China banyak ditutup2ii, masih serem merk 1 ini 😢",0,2025-07-27T00:05:33Z,2025-07-27T00:05:33Z,2026-09-19T00:23:08.935049+00:00
Ugy9FDEuzPZo5FqZ9z54AaABAg,fjWvVFT0vr0,35ec62c2679402688f16473765c22977d37dc42ad03f552102ce88931777ad27,"Klo ngomong jgn kecepetan om kesan'a Mala kaya blibet gitu, nyante aja om jadi enak denger'a...",0,2025-07-28T11:39:15Z,2025-07-28T11:39:15Z,2026-09-19T00:23:08.935049+00:00
Ugzczto6USJ2lpY-CU14AaABAg,fjWvVFT0vr0,3429d51aadd4d5495fc0a758fd11fc03aa038748c3ccfc2685062a83d6ccfbbc,"LCGC terbaru bakal rontok oleh BYD model keren, tapi aq masih punya kRimun tetep aq pertahanin karena terkendala isi dompet. Kpn bisa punya ya mobil ini.. 👍👍",0,2026-04-07T22:16:34Z,2026-04-07T22:16:34Z,2026-09-19T00:23:08.935049+00:00
Ugw7iB1kcjEgveoj1EJ4AaABAg,fjWvVFT0vr0,111469a6ddb76d5c628926c1a9ef31711cc50f17a1820dc46caf10b68596a75b,Ga heran kalo editor carmudi digaji 30jt ampe 45jt tiap bulan.. Hasilnya editannya edannnnnn..,0,2025-07-26T07:08:52Z,2025-07-26T07:09:05Z,2026-09-19T00:23:08.935049+00:00
UgyR10Pit3MKWBKNQ6N4AaABAg,fjWvVFT0vr0,93ec00dd26927dd337e4dffadd4a3476455cd97b4102196c0c7e997739636e8f,iya bang iyaa,0,2025-08-15T05:54:45Z,2025-08-15T05:54:45Z,2026-09-19T00:23:08.935049+00:00
UgztVCUKiU9a3wmTWSh4AaABAg,fjWvVFT0vr0,105405003fd172b8f484a90bb8d552fb6e09b9f1fde155eb5f78d18a6d4c3134,Pasti selalu ada iklan toyota hybrid...,0,2025-07-26T06:34:27Z,2025-07-26T06:34:27Z,2026-09-19T00:23:08.935049+00:00
UgyCQEWIA5EhA100fPt4AaABAg,fjWvVFT0vr0,ebba7763794a78e82e055917e292a2eb52609f5fdebd5046606596b0b058eba4,Masih itu. Ada yg kursi cuma 2 lebih cakep lagi,0,2025-08-23T23:43:40Z,2025-08-23T23:43:40Z,2026-09-19T00:23:08.935049+00:00
UgxBqZ0mBMoM2SXQGjB4AaABAg,fjWvVFT0vr0,7f434212bfe46d8269e485787825c81995b6446ffe430768ef8972d67fd827ec,"Mau dong, 2 unit",0,2026-05-29T04:07:34Z,2026-05-29T04:07:34Z,2026-09-19T00:23:08.935049+00:00
Ugy4XYVRAdOjewhUKfh4AaABAg,fjWvVFT0vr0,3ac04557007997094c8c823e7624b673ef0ffcb23009e802c8250061f10a2425,"BYD memang pandai masuk celah. EV 7 seater, langsung digebrak dengan M6. Akhinya 7 seater EV lain tiarap. Lanjut ""LCGC"" EV. Bikin keder warung sebelah. Bahkan yang beda kelas saja langsung menarik diri. Selamat ya BYD. Ayo LCGC lain siapkan amunisi yang lebih joss. Jaga pasar di luar Jabotabek. Catatan: bukan pemuja mobil listrik apalagi BYD.",1,2025-07-26T05:12:54Z,2025-07-26T05:12:54Z,2026-09-19T00:23:08.935049+00:00
Ugz_yfWtZuo5qmFnUs14AaABAg,fjWvVFT0vr0,8df7f568782d17fcc3eb61ffabca8c8e261cd8a0ac1821d1cec9b49eff30f4d0,"Sy yang tiap nonton video BYD trus muncul iklan toyota be like:

Dih ini apaan sih aki2 gangguin mulu 😂",1,2025-07-27T14:03:56Z,2025-07-27T14:03:56Z,2026-09-19T00:23:08.935049+00:00
UgzvFXxAkIfD0C6qUqt4AaABAg,fjWvVFT0vr0,bd451f1b1305047905206fe32dcd3163c9ee4802f3b469dfcd86241b4cf5d377,"Perusak pasar LCGC, mantap",0,2025-11-11T06:37:09Z,2025-11-11T06:37:09Z,2026-09-19T00:23:08.935049+00:00
UgydO-KFgYkr4rSH-Vl4AaABAg,fjWvVFT0vr0,903b5c268a2859a1f4e21590e34c0319196c093ec1a7f4f006fd8998f51931f4,Anjirrr cakep banget ni mobil👍👍👍,0,2025-08-10T13:20:50Z,2025-08-10T13:20:50Z,2026-09-19T00:23:08.935049+00:00
UgzdGOOs0D5k9acK8Dx4AaABAg,fjWvVFT0vr0,bff6d007386c402fb31a08b609e423e51a401b15effe9aed79b6ae893e8ce2fe,"Idealnya punya 2 mobil.. 7 seater bensin untuk jarak jauh, 4 seater elektrik untuk kota2.. dengan harga segini yg lain ketampar pasang harga mahal",0,2025-08-03T05:43:00Z,2025-08-03T05:43:00Z,2026-09-19T00:23:08.935049+00:00
Ugx-pRVM3DNAwci7IS14AaABAg,fjWvVFT0vr0,a56275aab2c13946a5e3519db121562720da624ca25d843ed550be8269bedc61,Yg di khawatirkan cuma batre hya doank usianya entah sampai kapan 😊,0,2025-07-26T08:17:02Z,2025-07-26T08:17:02Z,2026-09-19T00:23:08.935049+00:00
Ugy4CjKZZ3HZiiIIlZ54AaABAg,fjWvVFT0vr0,4ed60f986f44bc44eb2ae820f254811ea055c00fea53df594ae9ef6d07f9c842,"Gada ban serep adalah kekurangan mbl ini, user indo masih asing dan ga PD tanpa ban serep",2,2025-07-26T09:32:59Z,2025-07-26T09:32:59Z,2026-09-19T00:23:08.935049+00:00
UgyAuVLQ0K6TRuPX0Ml4AaABAg,fjWvVFT0vr0,16fc48ac82d1a7b24edb95edc1a6bda6bed82043a26a5e96b8dea245e1a9092e,"Bagus sih, pertanyaannya suku cadang gimana? Kalo dah seperti mobil jepun merek t, okelah...",0,2025-07-27T11:31:02Z,2025-07-27T11:31:02Z,2026-09-19T00:23:08.935049+00:00
Ugwk7d-_PH7n_35qdr14AaABAg,fjWvVFT0vr0,5ea5de99aee2d4c89670d12de5fbb299af062c3a880da3225f4b5fbdba0dcf21,Lampu depan nya lamborghini bgt,0,2025-07-26T17:30:15Z,2025-07-26T17:30:15Z,2026-09-19T00:23:08.935049+00:00
UgwEcq-ePLiobMElI2h4AaABAg,fjWvVFT0vr0,b45c484a1b55db61515f2d65bb515fd88cf38decf452e5ab1ae8817651f836ee,Gua diGaru da-Hoki Gapake pola tetep aja jp juga🔥🙊,0,2025-07-26T05:40:17Z,2025-07-26T05:40:17Z,2026-09-19T00:23:08.935049+00:00
UgwqrqBAv6T5OEVAswJ4AaABAg,fjWvVFT0vr0,ad70427b6ad432cb0d65a4e2e2df83e26e49b25d2496c9c958894f1f43c634ab,Politron ketar ketir😅,0,2025-07-27T03:12:26Z,2025-07-27T03:12:26Z,2026-09-19T00:23:08.935049+00:00
UgxeEDjyn5yYUfRLj7F4AaABAg,fjWvVFT0vr0,03b6b5b8c9f6edca34ff8988c051ea7f8077300b10d310a0e25083eed02fcd93,Bau² konsep lambo ya,0,2025-07-29T11:46:33Z,2025-07-29T11:46:33Z,2026-09-19T00:23:08.935049+00:00
UgxPvJk3oTy8-0gcXDd4AaABAg,fjWvVFT0vr0,1fb2d9cdbd9c4341e94228a2919fdb31ca346237e2c21c5774c964334100d1e5,mobil lambo versi hatchback,0,2025-08-09T08:24:40Z,2025-08-09T08:24:40Z,2026-09-19T00:23:08.935049+00:00
Ugx6Kz6t09bFXUYhu0p4AaABAg,fjWvVFT0vr0,74b8c131726d00c8386a2a67a646374a956445b2a39ff6f8bdacb38f8f5b1754,Sayang sekali pintu belakang ga ada speaker dan jok belakang masih bench,0,2025-07-27T10:29:28Z,2025-07-27T10:29:28Z,2026-09-19T00:23:08.935049+00:00
Ugyf8GNr0A5TSmFnViB4AaABAg,fjWvVFT0vr0,2b013a394c7cd06e1328e0bf766d2c648ee0385cb7cfa5e2108e10478a08d7fd,Depannya mirip lambo urus,0,2025-07-26T09:35:49Z,2025-07-26T09:35:49Z,2026-09-19T00:23:08.935049+00:00
UgzBdOv5DNd9nlrjcCx4AaABAg,fjWvVFT0vr0,e5d2ef611862895230c134370072b9f1de63bfe62853bd039c9d1c1439dbd069,ahh sial knp baru keluarrr,0,2025-07-27T13:16:43Z,2025-07-27T13:16:43Z,2026-09-19T00:23:08.935049+00:00
UgyoS7qDQ9t6FU06HT54AaABAg,fjWvVFT0vr0,5e17dab45ace1664e54417344d49bd988aee9e461692899687ad4159fe471fd6,Lamborghini urus versi mini,0,2025-08-03T01:41:02Z,2025-08-03T01:41:18Z,2026-09-19T00:23:08.935049+00:00
UgyowNHxNFablMGe8yd4AaABAg,fjWvVFT0vr0,61405623f089f9b7c209d98dad7c70e2f0dc0f94dd23aecdb0a6019de881620d,Ekonomi sekrng lg sulit gk mikirin mobil,0,2025-07-29T13:17:15Z,2025-07-29T13:17:15Z,2026-09-19T00:23:08.935049+00:00
Ugz244mwoVZ_cqQLVtl4AaABAg,fjWvVFT0vr0,b9cf5849617a2deaab16089abd8af456bb7413e3ccd8b2e19b712aa170642a23,yang udah pasti wd yaGa-Ruda-Hoki dong⚡️,0,2025-07-26T05:40:17Z,2025-07-26T05:40:17Z,2026-09-19T00:23:08.935049+00:00
UgzwhBhqGKBqhVzMor54AaABAg,fjWvVFT0vr0,c9156b7c00468497168683a5e127423ec7ea120a80cd80bb1dfc5fdc5f1b992e,karena produk china bisa merasakan teknologi murah.. Alhamdulillah,0,2025-08-09T12:08:58Z,2025-08-09T12:08:58Z,2026-09-19T00:23:08.935049+00:00
UgzsjitIw6fdBvYXVwl4AaABAg,fjWvVFT0vr0,d6b9e32101c2b2d4602aca96724e69e2d41868a8c7645cc1c3da7da7a9c5048a,masih ngeri sama harga batrenya ... seharga mobil baru kabarnya,0,2025-08-01T11:37:27Z,2025-08-01T11:37:27Z,2026-09-19T00:23:08.935049+00:00
Ugxs6bU51CVUS7Twhwd4AaABAg,fjWvVFT0vr0,fc88cf618070e6a03c0062da6c23a1152a9443d7af51835de6bc827b968f0ec5,ayo sparepart byd dilimpahkan   seperti astra dijamin banyak avanza jadi rongsokan😂,0,2025-07-26T07:31:53Z,2025-07-26T07:31:53Z,2026-09-19T00:23:08.935049+00:00
Ugzf3IgGb25lsBI6MnB4AaABAg,fjWvVFT0vr0,35bdb6c423a7d3be2d5ca1a5ddeb4c6bb89372294610f30752cefe4e169b85f9,Abis tuh lcgc😂,0,2025-08-18T17:55:31Z,2025-08-18T17:55:31Z,2026-09-19T00:23:08.935049+00:00
UgzpqkAvRuQjmEbQEqh4AaABAg,fjWvVFT0vr0,08973114bd36cf6376b043c15339ba9f9a3839dd54f3888659a94447dc155fbe,Nunggu sekenan di harga dibawah 150jt 😅,2,2025-07-26T04:43:38Z,2025-07-26T04:43:38Z,2026-09-19T00:23:08.935049+00:00
UgwTkn3zPbhvQu76z9F4AaABAg,fjWvVFT0vr0,71967e961f0f153ec8d1028f4ceb26229cb0fa02d3f657c7d3b1b73d22ed287a,"cocok buat taxi online, bebas biaya perawatan dan isi bbm,",0,2025-07-29T07:32:34Z,2025-07-29T07:32:34Z,2026-09-19T00:23:08.935049+00:00
UgzvqQ_vJwbwzskAi5x4AaABAg,fjWvVFT0vr0,483c705ef5002416a7c606a7a43a61f40ffdf2993ed53038f2dab56eed4197f4,Sekilas keinget kayak Lamborghini gak sih lampunya?,0,2025-07-27T11:11:06Z,2025-07-27T11:11:06Z,2026-09-19T00:23:08.935049+00:00
Ugwp2Xsc-XstbJ-rZ094AaABAg,fjWvVFT0vr0,a9a48b51301a1bd181ce589a39b1f2a130dc30de11e6d79d7c3444bf23ce42eb,Good 5:18,0,2025-07-28T12:50:04Z,2025-07-28T12:50:04Z,2026-09-19T00:23:08.935049+00:00
Ugz5yplfJNpVEtQ1eIt4AaABAg,fjWvVFT0vr0,afed85107796ac3fd4f512bd6c6e2945449e4d87ea6c5a6283cb9f3f9a60f02c,"tetangga gw punya BYD seal, uda pke setahun, kaki2 mulai ga nyaman, ga ada tmpat servis dan partnya susah, tmbah lg ada sebagian batrenya uda bengkak jg, skrg pusing mau beli batrenya, bs dpat avanza second, dan parahnya, susah mau modifikasi, krn dari diler blg klo ada mau nambah sound system dll, garansi hangus",1,2025-07-29T13:02:33Z,2025-07-29T13:03:06Z,2026-09-19T00:23:08.935049+00:00
Ugyko6Tt91FyiN60k5R4AaABAg,fjWvVFT0vr0,9ec319f3964682f0c3f5a6dcc191945b6489d378d39bc1d26b3d3c657cfc432f,Saya tertawa sambil nahan sakit perut😂,0,2025-08-10T04:25:37Z,2025-08-10T04:25:37Z,2026-09-19T00:23:08.935049+00:00
UgzCsqvSZrx1aQkoLeh4AaABAg,fjWvVFT0vr0,a1cc537f64eb47d23e2cc1dca34d7e52b21f6e5452a2fef5dc6ad9d47862b07c,"Anjay,lampunya kayak lambo",0,2025-07-29T10:15:39Z,2025-07-29T10:15:39Z,2026-09-19T00:23:08.935049+00:00
UgwdSxhMcD-DZFMiTWB4AaABAg,fjWvVFT0vr0,251c42182f8b86512a1592d6077b51d6cdafcf510f8728ec3ebe6d2ba5d0c190,Kirain saya saja yang iklannya Toyota 😂,0,2025-07-27T06:11:03Z,2025-07-27T06:11:03Z,2026-09-19T00:23:08.935049+00:00
UgzpQ_c9vdkrfPG8tcx4AaABAg,fjWvVFT0vr0,a9794a036bd9e579a9102d2e31445b2373b413cd35f2f2e138ba9ec0adb5ac1d,Liat aja nanti jangka panjang nya😅,0,2025-07-27T00:16:36Z,2025-07-27T00:16:36Z,2026-09-19T00:23:08.935049+00:00
UgxHUwt0dU20Jq3SHV54AaABAg,fjWvVFT0vr0,d8fa78507adb923f66cbfaa1719335263704db7ea310e39440da039adb41a98b,"Kalau tempat servis udah mulai banyak, mungkin dari Honda bakal beralih ke brand ini",0,2025-08-24T04:12:40Z,2025-08-24T04:12:40Z,2026-09-19T00:23:08.935049+00:00
UgyjOXzkYL2TzU4lX254AaABAg,fjWvVFT0vr0,fe9f99179ed48bf0ab1d417d9e136029b2b0c4d8b91fe12f73f3582aa35d8cb4,Jebakan batman lagi kah?,0,2025-07-27T01:56:51Z,2025-07-27T01:56:51Z,2026-09-19T00:23:08.935049+00:00
UgxnXebrMzcnqMvaVgp4AaABAg,fjWvVFT0vr0,5fec7cdbcbb4070cf54f28c1a2dd92bc60d9a0d5c6c70666de4e46082c05f2bb,VO nya kurang clear. Terlalu cepat,0,2025-08-11T01:21:18Z,2025-08-11T01:21:18Z,2026-09-19T00:23:08.935049+00:00
Ugx7e-3WIDCWhUooV9R4AaABAg,fjWvVFT0vr0,45409234b248993597f833d1c9e7803e434c964e4b85c32d22bfaf3488623645,Welcoming lamborghini URAKAN,0,2025-07-27T02:58:52Z,2025-07-27T02:58:52Z,2026-09-19T00:23:08.935049+00:00
UgzjK0vnJ69QuSIC9lJ4AaABAg,fjWvVFT0vr0,3d6e6269bcdb35a6048d306f169983342301b1c104b43a464a7f76aa395a7837,Sama kyk Politron,0,2025-07-30T14:35:35Z,2025-07-30T14:35:35Z,2026-09-19T00:23:08.935049+00:00
UgwHMHs8-FrhgJ_KfjB4AaABAg,fjWvVFT0vr0,bf48e74d9862db7f2fc3d3a7812a3d13ec83eb64eeedb96aeb717a6869ce1611,Adakah di papua ini brg nanti?,0,2025-07-27T06:03:22Z,2025-07-27T06:03:22Z,2026-09-19T00:23:08.935049+00:00
UgzAaKqVhWuZnRx8dwd4AaABAg,fjWvVFT0vr0,a5b50075a81f29dfce0c018ceb92d29de09d8788e52998145ed777758199781f,wow,0,2025-09-14T03:12:13Z,2025-09-14T03:12:13Z,2026-09-19T00:23:08.935049+00:00
UgzAqVfGrkBnjm9Bpsl4AaABAg,fjWvVFT0vr0,0d37cb74abaa61e90a9b3d4d47dac124248251e47076b4d4586d650d8ac235dd,Nyimak,0,2025-10-20T13:03:36Z,2025-10-20T13:03:36Z,2026-09-19T00:23:08.935049+00:00
UgyGT8EWboKkFnuuq5d4AaABAg,fjWvVFT0vr0,1dafebaa35f8f3582bfec160d580c5b0709d61aec1be660eb59067190da88ec5,"tetep cakep honda dengan wrv nya , suzuki dengan Swift nya",0,2025-08-13T22:14:35Z,2025-08-13T22:14:35Z,2026-09-19T00:23:08.935049+00:00
UgzIdp1sWahmmEWExel4AaABAg,fjWvVFT0vr0,ba65da61327316af1ecd43e667f22491daedeb3da6cd4593f25fdbc7cb348052,Japun ketar ketir😂,0,2025-08-05T12:25:11Z,2025-08-05T12:25:11Z,2026-09-19T00:23:08.935049+00:00
UgxGqPdnbNoLYm5l8nl4AaABAg,fjWvVFT0vr0,7101b5c0fa9635d1113d0ffbd377867512a432a1ce26ccd572113105a089ee71,bjir lampu depan Lamborghini urus,0,2025-07-29T13:29:53Z,2025-07-29T13:29:53Z,2026-09-19T00:23:08.935049+00:00
UgwgfNiTPQTbMWavMSB4AaABAg,fjWvVFT0vr0,9375670c2b63abacd082dd5cc97a48f0a45c766fb92cf8c27e83fcbc1b6b9097,Agya ku pasti ku jual ini sebelum Atto 1 meluber dipasaran,0,2025-07-26T06:53:49Z,2025-07-26T06:53:49Z,2026-09-19T00:23:08.935049+00:00
UgzFbuydPttClTEOSfl4AaABAg,fjWvVFT0vr0,00ac3b6d373fb929e90bbd07b07e849952923937aaaf06929b2727bcff31fcc2,Mobil listrik yang mirip c@lya sigr@ ada nggak?,0,2025-08-12T07:59:50Z,2025-08-12T07:59:50Z,2026-09-19T00:23:08.935049+00:00
Ugxb2J-wBpXuMwZnkOl4AaABAg,fjWvVFT0vr0,a5c03838dbbabfc61b3451af8e52f9c17415e54d9e5387f8866ac1eb7aed77d7,"Gokil mobil china kok bisa murah2 banget, jangan2 disini banyak yg......",0,2026-03-21T01:12:50Z,2026-03-21T01:12:50Z,2026-09-19T00:23:08.935049+00:00
UgxYxQGY_jCZXwNzsqV4AaABAg,fjWvVFT0vr0,f03a5506f9abb40749e8fbfa21221c9caf98070412eb80b0949752b68c10fd94,sd 5 thn pakai brio aman2 sj,0,2026-06-03T06:09:53Z,2026-06-03T06:09:53Z,2026-09-19T00:23:08.935049+00:00
UgyG4QU2sjhEBBLWLaZ4AaABAg,fjWvVFT0vr0,2961bd354994428959365ed0cc80fc6796b52b3bbf6121d0f65b41acbc7102b2,"Mobil Toyota listrik harga OTR tinggi Krn blum ada saingan nya dari merk lain nya,  sekarang ketemu rival yg sepadan dari BYD atto jadi harga bisa lebih kompetitif di pasaran otomotif,  tinggal para konsumen yg pintar2 utk memilih sesuai kebutuhan nya..",0,2025-07-27T22:54:44Z,2025-07-27T22:54:44Z,2026-09-19T00:23:08.935049+00:00
UgynlI1UHb1OcMkgI8V4AaABAg,fjWvVFT0vr0,a54130a6f78ca93f0e171698951aeb94d268576b445cd22cc38a7a7a40a2d8f0,"Ini keliatannya kyak mobil 300 jutaan, china emang gokil jualnya ko murah2 bener",0,2025-07-29T16:51:08Z,2025-07-29T16:51:08Z,2026-09-19T00:23:09.885658+00:00
UgwGRRjZI175fs6x0354AaABAg,fjWvVFT0vr0,5991e9a4f2b45ccdcb404a17e8ebaf5d0c51705101bdffd95e605517699a4f26,apakah cocok buat ngegrab/gocar?,1,2025-07-26T06:14:04Z,2025-07-26T06:14:04Z,2026-09-19T00:23:09.885658+00:00
UgzV8ZtKxLPxa6sEQt54AaABAg,fjWvVFT0vr0,dcd89775b6658385bab63b9e5658eff727543e98cc6153f973a7b0e754f7fcd9,"gw pribadi lbh suka plafon hitam, biar gak mudah kliatan kotor... dan Atto 1 so far bagi gw the best design micro ev",0,2026-02-16T15:10:17Z,2026-02-16T15:10:17Z,2026-09-19T00:23:09.885658+00:00
Ugzj4BvxuRW6m-qBvK14AaABAg,fjWvVFT0vr0,a3d4c3d15ad79bb5c7c73ee81fd9d1dbbde46c071af04065d7c07b89d5c934fb,Headlamp nya ala huracan ya,0,2025-07-26T06:14:25Z,2025-07-26T06:14:25Z,2026-09-19T00:23:09.885658+00:00
UgznRjcNPiRG77Nll454AaABAg,fjWvVFT0vr0,6a1f32f53e57cb2088f780715c8b03fc06d7b4cca2c7faf8d1257a9b06996a1c,Spbu pertamina auto tutup kolapsss😅😅,1,2025-07-27T15:48:58Z,2025-07-27T15:48:58Z,2026-09-19T00:23:09.885658+00:00
UgxKOx5igLFJzOauXOx4AaABAg,fjWvVFT0vr0,38bb6760cf857ac47c0111f44c996a9a6f9605741f03dd27830be9e6cd1f4ec4,DP 30 kayanya masuk tuh,0,2025-08-10T03:37:35Z,2025-08-10T03:37:35Z,2026-09-19T00:23:09.885658+00:00
Ugy2gix2D4jNk2Xd76d4AaABAg,fjWvVFT0vr0,14f05991e9733a28cc2ae96f3a2cb2bd013a34e7ba9f69a30a5b682a02dff7bb,Aanjiirrrr ada huracan city car 😂,0,2025-07-27T01:24:38Z,2025-07-27T01:24:38Z,2026-09-19T00:23:09.885658+00:00
Ugwd5AMlbBXqLuyKXz54AaABAg,fjWvVFT0vr0,f87d2968fc63d9eef1580f5a871b364fe72ef8df8c6513c857b1512816e19d1f,"Berasa kek jaman dlu hphp buatan china masuk ke indo , diremehin awalnya dan akhirnya banyak juga pemakai nya 😂",1,2025-07-28T16:38:22Z,2025-07-28T16:38:22Z,2026-09-19T00:23:09.885658+00:00
UgwT8jwvYM685S78By14AaABAg,fjWvVFT0vr0,f5a4b98a21b5eecdec542ddec0383c8d250ec5c07b32046a6b5d0bfc9f230fec,Suara reviewernya nge-gas2 bikin kaget,0,2025-07-28T07:12:46Z,2025-07-28T07:12:46Z,2026-09-19T00:23:09.885658+00:00
UgySqzGFF5zSxFmd9N54AaABAg,fjWvVFT0vr0,9ec3668ad14ab1aecbadeabed01622a2529c56c294c6f312e31dd09fd89dae99,Gorengan pajak masuk indo yg ketinggian.,0,2025-07-31T12:44:24Z,2025-07-31T12:44:24Z,2026-09-19T00:23:09.885658+00:00
Ugw4VNXrSDLw50iJmaN4AaABAg,fjWvVFT0vr0,23774bd6638b07c7a33e5b21d01175c6f88de0f00e34449ac12c3bb4cb170460,Mirip lamborghini huracan designnya,0,2025-07-26T13:09:34Z,2025-07-26T13:09:34Z,2026-09-19T00:23:09.885658+00:00
UgwVV1446decPk4DXQB4AaABAg,fjWvVFT0vr0,71bac3d8b1cf6182b097b94d86fb546160a84993ca13ad30e4bd66813e4e9237,"BYD paling ganteng ini, dan beneran liat Seal, Sealion bahkan Yangwang B aja, tapi liat ini buset keren abis, padahal entry levelnya, tapi desainnya paling ganteng.",0,2025-11-15T07:36:51Z,2025-11-15T07:36:51Z,2026-09-19T00:23:09.885658+00:00
Ugz8-exN58wZ6GW2DTV4AaABAg,fjWvVFT0vr0,21918b460a87cd1142662eebea735620f51b998541fa84b3eeefd2395f267361,16:05 manual toh,0,2025-10-22T06:01:23Z,2025-10-22T06:01:23Z,2026-09-19T00:23:09.885658+00:00
UgzGvS33JHBSHY4Wgt14AaABAg,fjWvVFT0vr0,a75bcaa3ae3cdba4373c5fdacfc0a5a79f627ffe6b76780957e8888375419c8a,"Mereka mengejar prospek dari pengendara yang mau pindah dari mobil bensin ke ev. Karena yang punya mobil bensin itu jutaan, khususnya LCGC, maka itu akan menjadi pasar yang menggiurkan. Jadi mereka bisa pasang hrg murah dengan untung lebih dikit utk mengambil ""kue"" yang paling besar itu. Kalau sudah menguasai pasar, perlahan akan naik harganya. Semua pabrikan juga begitu.",0,2025-07-28T07:25:42Z,2025-07-28T07:27:56Z,2026-09-19T00:23:09.885658+00:00
Ugzd0OP5K4KwJG7yaxt4AaABAg,fjWvVFT0vr0,5cb56e7d1dfc0743b95368e294ea87f0305df0511963ef4ac825651f5760bcb0,Sebener'a carmudi kalo review mobil detail bgt cuma sayang'a kalo ngomong dibikin ngegas kalo dengerin pake headset kadang kaget njir..😂,0,2025-07-30T12:47:48Z,2025-07-30T12:47:48Z,2026-09-19T00:23:09.885658+00:00
Ugyxk30lY7VMqYRSapx4AaABAg,fjWvVFT0vr0,d896eed813fc313c41f85117cda1c18947854388c85adfd96ec9a044e903d5f3,Ini yg dipurwakarta bukan pabriknya?,0,2026-04-13T05:46:01Z,2026-04-13T05:46:01Z,2026-09-19T00:23:09.885658+00:00
Ugz8PY-JsjMiNpFQWzN4AaABAg,fjWvVFT0vr0,aebaae9179df1ed52e52099d9fdfd6e656f55a4ffb070c7fa9ca33c362a7e0e1,Ani ani auto ganti model 🙉,0,2025-07-27T08:36:09Z,2025-07-27T08:36:09Z,2026-09-19T00:23:09.885658+00:00
UgxQXxDAwx_D-61cDMB4AaABAg,fjWvVFT0vr0,c6fb94f9d00472d2119d3c39372ac3abe64e5dfef19961de22f386ac1acfa460,Wuling. Menjerit sampe cepirit 😂,0,2025-08-03T13:22:22Z,2025-08-03T13:22:22Z,2026-09-19T00:23:09.885658+00:00
UgzEHU0rxAi0pWbRLaN4AaABAg,fjWvVFT0vr0,7e288763de18f89212d27d595999f87762a59f6aa20ca168e9a8dcdf11980459,Depannya malah mirip Lamborghini huracan,0,2026-02-18T18:19:17Z,2026-02-18T18:19:17Z,2026-09-19T00:23:09.885658+00:00
UgwoBjK05g4TAEW_C2R4AaABAg,fjWvVFT0vr0,96b4554049aff1a0c16e2175ad649f119a4994f068f40f9c3707f3dc89b27465,Saya baru SPK baru aj d giias,0,2025-07-26T11:56:50Z,2025-07-26T11:56:50Z,2026-09-19T00:23:09.885658+00:00
UgxyqRu-bKJg_To939p4AaABAg,fjWvVFT0vr0,5af9e6051804d7feb304e3aeb79eebe2e667a18691b3947ef3c1af13a31513c2,Exterior belakang nya kurang sporty dikit nggak sih..... tail light nya gede an dikit udah ganteng banget pasti,0,2026-01-17T12:48:59Z,2026-01-17T12:48:59Z,2026-09-19T00:23:09.885658+00:00
UgyYO9IOAo3VZ_cCRlp4AaABAg,fjWvVFT0vr0,a56f2521a53a5709b6f1f1858b6c27b0d4e477f2556cc00f606f7625887f8f45,Depanya mirip lambo,0,2025-07-27T12:31:46Z,2025-07-27T12:31:46Z,2026-09-19T00:23:09.885658+00:00
Ugy_rys_huO-gsZtN1t4AaABAg,fjWvVFT0vr0,2b0a3ec53dcefb9d000c714ee6bbe5751449aac4fe620bb6c8c8e811142d205b,Sayang sekali tak ada pakai BBM dan baru sebatas listrik.sebab gimanapun yg namanya listrik ya bgtulah,0,2025-09-09T16:13:14Z,2025-09-09T16:13:14Z,2026-09-19T00:23:09.885658+00:00
UgwqKwydzLSKvuWdhZt4AaABAg,fjWvVFT0vr0,334947888e65a748fd802ab257fd5e6010c75fbb18175e0c133d907eb77de5a4,"murah sih, tapi mobil sekali pake.",0,2025-08-08T17:41:19Z,2025-08-08T17:41:19Z,2026-09-19T00:23:09.885658+00:00
UgxbepL6qUeurNnc7mt4AaABAg,fjWvVFT0vr0,9ff5d0331c5bcaa6f8a5af6bc34e993aed8c1cbd08cb45922078fd7dc5f2221b,Sayang bukan BBM.. Buat yang didaerah susah ini,0,2025-08-19T06:47:41Z,2025-08-19T06:47:41Z,2026-09-19T00:23:09.885658+00:00
UgyQ2YjVcQZfZq3DRN94AaABAg,fjWvVFT0vr0,f81439dac9038f081d6101f17876f130a595aa0f0d518e6b6f3bf7db1265db8b,Kalo punya uang pengen spk ini unit 😂😂😂,0,2025-08-04T15:15:36Z,2025-08-04T15:15:36Z,2026-09-19T00:23:09.885658+00:00
UgzzkjeWF6A_SJWOWwx4AaABAg,fjWvVFT0vr0,41279862ca315ed310047ba0d384a439f3dacbc68ff37723fad086fc4cc194b2,Bisa di custom pasang ADAS dan 360 kamera g kayak versi luarnya ?,0,2025-07-27T13:01:58Z,2025-07-27T13:01:58Z,2026-09-19T00:23:09.885658+00:00
UgxURrQUl3jby3reSmp4AaABAg,fjWvVFT0vr0,6c18ba560a7fc297c3709719d362db36e1643bdc728bbf47864f84240a7e88c1,PASTI AKAN LEBIH MURAH LAGI HARGANYA KALO BYD ATTO 1 INI SUDAH DIPRODUKSI DI PABRIK BYD INDONESIA........,0,2025-07-29T10:17:40Z,2025-07-29T10:17:40Z,2026-09-19T00:23:09.885658+00:00
Ugx3D4-ac6a3roZPyPt4AaABAg,fjWvVFT0vr0,0ca636e5043b580369af7d8ed41ea5e93414f966d513d0ab9beccceace476d98,Head lamp nya mirip Lamborgini,0,2025-07-27T13:21:55Z,2025-07-27T13:22:26Z,2026-09-19T00:23:09.885658+00:00
UgxQ9Si09OLAzrCNJlB4AaABAg,fjWvVFT0vr0,3d8777f747d8092e0a9707ea175f3db38561e768fbe59667aa01570efa415554,Om mendingan atto 1 / bingou ev,0,2025-07-31T16:11:32Z,2025-07-31T16:11:32Z,2026-09-19T00:23:09.885658+00:00
UgybRKa98ZuMCPH2Q7l4AaABAg,fjWvVFT0vr0,54da8d1c333e19fc0cb790e870613699b2680c228d93bde72b22b8449681184d,❤,0,2025-07-26T05:49:00Z,2025-07-26T05:49:00Z,2026-09-19T00:23:09.885658+00:00
UgzKE2102TK0Q5JEq1l4AaABAg,fjWvVFT0vr0,c8cf23744a80b487d40dc44238c1470d5f5f1c4ebaf08af509bbd9683e769444,klo dari Depan mirip kumis mas Adam grab 7rb,0,2025-07-27T04:12:50Z,2025-07-27T04:12:50Z,2026-09-19T00:23:09.885658+00:00
UgwdNrjnIk3PDk0No7V4AaABAg,fjWvVFT0vr0,6e568e176f7a202ce8138c4891d21af41864d0b3f19c74b4101e6f34a37113e0,Pemilik brio kaleng kerupuk pada masuk goaa😂😂😂,1,2025-07-26T04:41:13Z,2025-07-26T04:41:13Z,2026-09-19T00:23:09.885658+00:00
UgzHh71idD4oPOrxCfJ4AaABAg,fjWvVFT0vr0,defd3b5c352e8cc11e7ffe47272b2c724aef4ceff904bd6a9f9e09b545181236,Layarnya kayak slow resp gitu ya,0,2025-09-06T02:26:20Z,2025-09-06T02:26:20Z,2026-09-19T00:23:09.885658+00:00
UgwX5fLR28W9o-KV6414AaABAg,fjWvVFT0vr0,28c637dacf46fbdea68ee6ad7a90fba80707f02e3d8a8a299f47dc3e85d5f11f,saingan wuling air ev kah ?,0,2025-07-27T04:53:56Z,2025-07-27T04:53:56Z,2026-09-19T00:23:09.885658+00:00
UgwXwtTyj7YmgkUWkd54AaABAg,fjWvVFT0vr0,7b52204ef7a85cf7a36e78e040517121ff3cd5472077ee8fda72dd1bcef5cc89,"mmg sih harus nya LCGC kek brio n agya udh habis, krna di ev kenak atto1, di ice kenak fronx",0,2025-08-20T05:59:10Z,2025-08-20T05:59:32Z,2026-09-19T00:23:09.885658+00:00
UgzKd0lCaHmVGwY_CRx4AaABAg,fjWvVFT0vr0,edba4bbd929bcc2bc2387cb655f42a68c3357e80ec83b492b7b9ef8a90bc4cbf,"cakep sih sayangnya mobil listrik,egak deh",0,2025-08-09T13:49:36Z,2025-08-09T13:49:36Z,2026-09-19T00:23:09.885658+00:00
UgyHhD96WGc9A_NQO0J4AaABAg,fjWvVFT0vr0,c8a31a2066d15b3e3866b529202e9e0b976ebae667011cbe7760898bbaabce85,"Bang, Ban Serep nya di Taroh dimana? 
Tolong jawab, Besok Gw Mau BELI",0,2025-07-26T09:11:39Z,2025-07-26T09:11:39Z,2026-09-19T00:23:09.885658+00:00
UgzMtSlDwL8jV6CVYoZ4AaABAg,fjWvVFT0vr0,a98e2af3f757b09e6bb59efa06b53c8302b1fb95bae0526b41c7247df49da25f,Yang penting punya mobil biar kalau. Bawa anak anak jalam tidak kepanasan dan kehujanan lagi 😢😢😢,0,2025-10-31T08:40:29Z,2025-10-31T08:40:29Z,2026-09-19T00:23:09.885658+00:00
UgwuKrmxOGfscc2yEV14AaABAg,fjWvVFT0vr0,fa6d4f162663304d30e2376ddaafa73ee8da3b758175c1ca15a325722d5a89c4,2:01 kok bisa beda panjang sampe 24cm gitu?,0,2025-07-26T13:31:30Z,2025-07-26T13:31:30Z,2026-09-19T00:23:09.885658+00:00
UgxcJDhr1GFJ48Z4pjd4AaABAg,fjWvVFT0vr0,ef2208305496b6549156ab44da9353a6dfbc8ef23f73fa630ca6576283f8f5d4,"Coba ada yang pke bahan bakar, pasti laku",0,2025-07-29T16:07:10Z,2025-07-29T16:07:10Z,2026-09-19T00:23:09.885658+00:00
Ugxk6QGhxW2VN4NRE4F4AaABAg,fjWvVFT0vr0,37afd270e9dec3425f589611b5716c8893a66ee9e97d542aed3ef55c876885cb,"Kalau ini mobil bengsin.. Yakin.. 

Bakalan rame",0,2025-07-28T12:35:08Z,2025-07-28T12:35:08Z,2026-09-19T00:23:09.885658+00:00
UgwCkfive8NVs5ABF494AaABAg,fjWvVFT0vr0,6b5b2ca5dba392f2d08e01587bf39d79ec320bc23dae47ce1da8034a0ebdf47c,Gigit jari sma byd dah,0,2025-08-14T08:37:54Z,2025-08-14T08:37:54Z,2026-09-19T00:23:09.885658+00:00
Ugw9nltb9wpya0cWUVV4AaABAg,fjWvVFT0vr0,88d3005c8361c45efa5f754cb459bde1deda497f85f6e16c630429b925a4437a,Anyinh depannya ke lambo,0,2025-07-27T00:36:58Z,2025-07-27T00:36:58Z,2026-09-19T00:23:09.885658+00:00
UgxS_-7OFoHiSPYluHx4AaABAg,fjWvVFT0vr0,a46ce76b018a140f80ce222bd1c4dc0e7491f518527893347bff4dabef83cba4,Sayang di jatim jadi 209jt selisih 14jt dr otr jakarta,0,2025-07-27T09:07:25Z,2025-07-27T09:07:25Z,2026-09-19T00:23:09.885658+00:00
Ugwm3hH6XVwPsbdXYJZ4AaABAg,fjWvVFT0vr0,1553a8e11e8e6075adff11e3aeacf7ca1d6f4c60f95f3bfe6c14f69fb86f113d,wkwkwk bagus sih sayang bgtu liat kolongny kok zonk tnp cover 😂😂😂,0,2025-08-11T10:19:14Z,2025-08-11T10:19:14Z,2026-09-19T00:23:09.885658+00:00
Ugz2ap5cyzsdq6uu6yJ4AaABAg,fjWvVFT0vr0,2bb35b4d4b52dc65f2dc8e41e7729e212a9d033c379263fcb7fff1ce2a3813af,Masih awal keluaran memang begtu pasti d puja2. 😂,0,2025-07-28T16:40:23Z,2025-07-28T16:40:23Z,2026-09-19T00:23:09.885658+00:00
Ugwpv6qHUV-hFecUPMB4AaABAg,fjWvVFT0vr0,a7bface28ff7ee4d3fb98dd90986d627af67fcfafd18e8cf413594be01939311,"Jenis honda itu udah banyak yg merasakan, BYD itu pendatang baru, belum banyak yg tahu kwalitasnya",0,2026-05-26T11:07:49Z,2026-05-26T11:07:49Z,2026-09-19T00:23:09.885658+00:00
UgyZiJ_sfCYbvmwXGWN4AaABAg,fjWvVFT0vr0,1d92b146146c7c25f3a334492276361a1ca272a991bc60805a7ceb33fc32d255,Thr mbg nih😊😅,0,2026-04-04T05:48:58Z,2026-04-04T05:48:58Z,2026-09-19T00:23:09.885658+00:00
Ugwyzwcq4OdhaDKYNZx4AaABAg,fjWvVFT0vr0,3435029fe60b8cd9f43936aac7101c0ead3ac1edcd140a36cb9e14f9cbd3e38a,"Gapunya wall charger ya sama aja, SPKLU belum banyak",0,2025-07-26T06:25:09Z,2025-07-26T06:25:09Z,2026-09-19T00:23:09.886682+00:00
Ugxhi1ynlBnecrd9YI14AaABAg,fjWvVFT0vr0,e9f9021ba096cfc68dee484bd9347b0d72e70ccccfd1ede1072d74bfc8df1acf,Apakah atto 1 ini radionya sudah support Radio Data System?,0,2025-07-26T12:51:35Z,2025-07-26T12:59:19Z,2026-09-19T00:23:09.886682+00:00
UgxEYYID14ZktzMToYl4AaABAg,fjWvVFT0vr0,087aaf30ccc64e1caf1e540c95a82041c481a447258336c50446f0f5add089db,Honda sama Toyota kalo gak niat bikin mobil under 200jt sih bakal gak laku kalo udah ada kompetitor yg kaya gini,0,2025-07-26T07:31:31Z,2025-07-26T07:31:31Z,2026-09-19T00:23:09.886682+00:00
UgyjhATrcaYoy3Z0-mB4AaABAg,fjWvVFT0vr0,5f0adf374bc10d7a51022e4d244624c1d33658175f43c3312fe18129cacddedb,❤,0,2026-02-26T03:47:50Z,2026-02-26T03:47:50Z,2026-09-19T00:23:09.886682+00:00
Ugze8iZi8kWIinmhLIx4AaABAg,fjWvVFT0vr0,42796eb705cbeee651a415b4205ad75f7112bc35c26ddf5d7c1ffc52c0d7a9c0,Barang apapun klo sudah masuk di indo pasti mahal,0,2025-08-19T11:03:22Z,2025-08-19T11:03:22Z,2026-09-19T00:23:09.886682+00:00
Ugyk4JjzkEosLhSo0f94AaABAg,fjWvVFT0vr0,1c381c1b3d4de84d45282002a12f925cc5f6942a5011521fd28eadcf411951d7,Medan tanjakan pegunungan gacor gak ya bang?,0,2025-12-02T01:40:01Z,2025-12-02T01:40:01Z,2026-09-19T00:23:09.886682+00:00
UgyvOsem1DBBGFomQp14AaABAg,fjWvVFT0vr0,a849f923194a2982854d5c2f2abbb8ff55106427d7282d4e95c49a51ad5dbc62,Mending mobil yg berbahan bakar bang dri pada listrik. Law bagi saya. Krn UD terbukti tahan dan GK mati pasaran,0,2025-08-19T12:57:18Z,2025-08-19T12:57:18Z,2026-09-19T00:23:09.886682+00:00
UgxlveNuAOFEXJkbvNp4AaABAg,fjWvVFT0vr0,b0a395bbf33f853cfef25a1791ff440edde792e4f39846740e6e7314fab3cef5,"Beda lah, bensin sama listrik, justru malah yang ke ganggu air ev",0,2025-07-26T08:15:08Z,2025-07-26T08:15:08Z,2026-09-19T00:23:09.886682+00:00
UgwAIT2ws2KsGEPaAyh4AaABAg,fjWvVFT0vr0,b0eb7ef14412a982800375812160133ca6211b575849b143a3732a2721f9883b,Ganjilgenap makin kusut dahhh😅,0,2025-07-26T09:16:18Z,2025-07-26T09:16:18Z,2026-09-19T00:23:09.886682+00:00
UgyCoB2h719PkDZC2Mx4AaABAg,fjWvVFT0vr0,db549cb591174bf45137b3e0510f156ffa6ba317bc52187dde98ebc6288efa4d,Cocok gak untuk mobil pertama yang baru belajar nyetir?,1,2025-12-15T13:44:42Z,2025-12-15T13:44:42Z,2026-09-19T00:23:09.886682+00:00
UgwVImJV9rf8dVCZXwR4AaABAg,fjWvVFT0vr0,3ee0d4ace9e480b8c0c7186918c8d65f092c5b1afa7f6b185e926ccb635911ff,Brio Agya Ayla Nasibmu Kini,1,2025-07-26T04:37:15Z,2025-07-26T04:37:15Z,2026-09-19T00:23:09.886682+00:00
UgypZ3wQroMs5rD7tzJ4AaABAg,fjWvVFT0vr0,a8bc4372c4fabaf8a1d6d69f318651497fdf8f225c9a579d9c6bb8a71915f967,Duh gantengnya ini si Atto. Andai gw bisa merayu suami gue buat beliin. Bosen pake Honda atau toyota nih gue bosen bosen bosen,0,2025-08-16T07:38:19Z,2025-08-16T07:38:19Z,2026-09-19T00:23:09.886682+00:00
Ugxu8hoZJWsx30onex14AaABAg,fjWvVFT0vr0,aebcebe0444df708ec5d85495be18fa9bc53e35fa292986c0ef4e781b6d9ed06,LCGC siap2 tutup pabrik kayaknya,0,2025-07-27T14:22:55Z,2025-07-27T14:22:55Z,2026-09-19T00:23:09.886682+00:00
Ugwh5nGcKrn2QdqZf0F4AaABAg,fjWvVFT0vr0,2f3a4600e28a5041ce25a5a016a9b66ed9499385cf79dc2fe5b5528aad30e71a,Sedikit masukan bang kasih tau tinggi abang yg nyobain brpa jadi kita bisa ngira2 klo kita lbh pendek apa lebih tinggi bang,0,2025-08-23T05:54:47Z,2025-08-23T05:54:47Z,2026-09-19T00:23:09.886682+00:00
UgzFiMfOwCv16DZeMXR4AaABAg,fjWvVFT0vr0,91fa12f95efcfd1d8085f8edea4090e70758c489fac44fbb5e1799318610b962,msh blum brni pake mobil listrik banyak beredar video di X byd di parkir tiba2 berasap dan terbakar....,0,2025-07-28T18:54:22Z,2025-07-28T18:54:46Z,2026-09-19T00:23:09.886682+00:00
UgxUdLBQf9XjshujoyV4AaABAg,fjWvVFT0vr0,eb0dd8de2bf56e1684bb1a0fa40468a807c0c6e362e29c9414727c7ac655fc99,Habis,0,2025-07-26T12:44:48Z,2025-07-26T12:44:48Z,2026-09-19T00:23:09.886682+00:00
Ugyc9tkgunN0Jr7LRdx4AaABAg,fjWvVFT0vr0,64a00590363f95dc30ad399f3149deafe35be70a9a1540fff52116b0564b2169,Berkaitan bagasi apakah bisa untuk golf bag 18 hole atau 32 hole?,0,2025-07-26T09:54:45Z,2025-07-26T09:54:45Z,2026-09-19T00:23:09.886682+00:00
UgxhILdnMdNYz4xG8lJ4AaABAg,fjWvVFT0vr0,1446c568577b6b50aa67216b1d19cc0616e050e495bdbb5c25cf2b91440c1df6,Saya masih yakin sama mobil Jepang karena harga jual bekasnya lebih tinggi.,0,2025-07-28T23:03:11Z,2025-07-28T23:03:11Z,2026-09-19T00:23:09.886682+00:00
Ugx7qdbrXNyO5_9xgPF4AaABAg,fjWvVFT0vr0,c1ce7868d2f6aa5db563a0e9d9fedbffb1e4ecc84deec489f4bf399999cbbf06,Bukan untuk willayah sumatra,0,2025-08-08T10:02:54Z,2025-08-08T10:03:08Z,2026-09-19T00:23:09.886682+00:00
UgzrJdrlectF0JBOzQZ4AaABAg,fjWvVFT0vr0,0bf155102cc1720d4b82696e0fa9c53a8eb156b8bb5dd55acd52f99ab0afbf5d,"buat antar ank sklah sma blja dipasar ccok sih ini.,",0,2026-04-11T08:13:27Z,2026-04-11T08:13:27Z,2026-09-19T00:23:09.886682+00:00
UgzedHstLE-OBmfQcVh4AaABAg,fjWvVFT0vr0,ee5d9caece986e46f2524add1306a7b2c3e9a12ce4da7bd36b590637c3fecb8a,👍,0,2025-08-03T16:23:37Z,2025-08-03T16:23:37Z,2026-09-19T00:23:09.886682+00:00
Ugz1tPCHrhVRb2FCcs14AaABAg,fjWvVFT0vr0,41f641774c9969ea03d6bdf4fcae68f05f6e35594dcbf5ee93a5f062fa87a485,Pintunya sampe bawah ya...ngga ada pembatas bawahnya,0,2025-07-26T12:41:48Z,2025-07-26T12:41:48Z,2026-09-19T00:23:09.886682+00:00
UgyMKXZ9tg7K8KxN4DJ4AaABAg,fjWvVFT0vr0,f2f2df90b06c87952dec5742141ef794b1961c59d145270bab88ff11362c23c7,"kata-kata hari ini: ""NAES YA!""",0,2025-08-24T04:18:18Z,2025-08-24T04:18:18Z,2026-09-19T00:23:09.886682+00:00
UgyveFud4K2bQ83ZvIZ4AaABAg,fjWvVFT0vr0,e361205f530343f35548773c2cd50f3cc713609cc4c1f97619bf00813a5c5e7f,Baterai 38.8 kwh utk capai 380 km range klaimnya maka butuh capai efisiensi 10 km/kwh alias 10 kwh/100 km. Sepertinya terlalu optimis😊,1,2025-07-27T01:14:49Z,2025-07-27T01:14:49Z,2026-09-19T00:23:09.886682+00:00
Ugxml1bUOlS3ynGfQgd4AaABAg,fjWvVFT0vr0,39732c4dc9416290a1708744a0078933ccfaaa38ef319db5831ebd59f81f41d5,Adakah warna lain pak?,0,2025-12-27T07:50:19Z,2025-12-27T07:50:19Z,2026-09-19T00:23:09.886682+00:00
Ugw5qriuZObQP2Wm3654AaABAg,fjWvVFT0vr0,67633b6a77ef43f4c5609bc489af371ddec8d909f755a24a8d4c2775963fe07b,"@carmudi ,batteray garansi berapa tahun itu om",0,2026-05-31T12:26:41Z,2026-05-31T12:26:41Z,2026-09-19T00:23:09.886682+00:00
UgxGgy-ILW3XPoIW6EN4AaABAg,fjWvVFT0vr0,6c8958510a4a942924e6f38cf42e218ea3d902a037c92194aaa30ae0f5fb535b,iklan toyota hybrid makin meresahkan 😂,0,2025-07-26T08:41:34Z,2025-07-26T08:41:34Z,2026-09-19T00:23:09.886682+00:00
UgwRutRKo9zYB6bX4VR4AaABAg,fjWvVFT0vr0,c090294377217f41862e439e6c050fae2cd1a6243be3a624e16213cde709a0e3,Karimun Wagon R tetap yg terbaik.... he he,0,2025-10-07T20:05:29Z,2025-10-07T20:05:29Z,2026-09-19T00:23:09.886682+00:00
Ugz1483G18tEL9QBkHN4AaABAg,fjWvVFT0vr0,86f1dbab248e41476a3a3a04b3dbdb3ebaef9ae4864b738e33d902f96d7e5bd8,Ban cadangan mna bos ko gk ada y,0,2025-07-26T20:22:59Z,2025-07-26T20:22:59Z,2026-09-19T00:23:09.886682+00:00
Ugwobd3QQ1lOWDQl1AV4AaABAg,fjWvVFT0vr0,a9d0b63dc4b7bdaa3f737671e7b4554a2dcda0acecbeda718b9a53121d51af1a,Pabrik di subang mulai produksi awal 2026,0,2025-08-22T00:23:27Z,2025-08-22T00:23:27Z,2026-09-19T00:23:09.886682+00:00
Ugwvdk_KCU7Wh6T2Ked4AaABAg,fjWvVFT0vr0,19466a152e8f5416ccb552731e1e9c45ace29736ef2ebb552958c5bd0fb202f9,Bukan cuma kalah murah... Tapi kalah semua muanya min😂😂,0,2026-01-20T23:34:13Z,2026-01-20T23:34:13Z,2026-09-19T00:23:09.886682+00:00
UgyOdxQDc58JrVv-2Vh4AaABAg,fjWvVFT0vr0,d388efda00b5ae2f20a9632dd5b33b440e0e61556718c44a62e8a856da3dfe4e,semoga toyota daihatsu kesenggol liat ini dan keluarin all new calya sigra dgn fitur baru tp ga naik harga,0,2025-07-26T14:40:49Z,2025-07-26T14:40:49Z,2026-09-19T00:23:09.886682+00:00
Ugw6Y3aZbt_HX5zu8xh4AaABAg,fjWvVFT0vr0,be1c12c5b511d57fb46fc90c6e10e3e1db5e6c93bf7e92e30d249166af2360b9,gimana untuk servis dan kemudahan spare part BYD semua variant? yang udah punya mohon bantuan jawabannya,0,2026-04-15T09:43:08Z,2026-04-15T09:43:08Z,2026-09-19T00:23:09.886682+00:00
UgwhOiJ2MW8RNSBe5nx4AaABAg,fjWvVFT0vr0,0bc5f13807f5794f95023bbfe59c05a49cafddce4dc908d1de1920579bd8acba,Ban cadangan😢....kenapa ya gak di kasih ban cadangan. Hal penting bagi  gw 😢karena wilayah senen ranjau nya luar biasa,0,2026-01-13T06:47:24Z,2026-01-13T06:49:27Z,2026-09-19T00:23:09.886682+00:00
UgwZnEidc1jmh2Yw3f94AaABAg,fjWvVFT0vr0,7cbfef69c16c0e18a7a0c15ede88159eb6f0e2656f70d779319d530232524e87,Itu Ban Serepnya dimana Om...?,0,2026-01-27T05:17:21Z,2026-01-27T05:17:21Z,2026-09-19T00:23:09.886682+00:00
Ugwr12sJMXICsLrWnOB4AaABAg,fjWvVFT0vr0,73855e0665762ea99bceaa2c6c2b6f7f39ac2f67f2bb72feafddf783ddd43e63,"Kalau bukan listrik kayanya lebih laku , mobil listrik masih kecil peminat di Indo .",0,2025-07-26T18:18:45Z,2025-07-26T18:18:45Z,2026-09-19T00:23:09.886682+00:00
UgzrVnuWhawfind5B5B4AaABAg,fjWvVFT0vr0,62490c08356fa6db593f2dfea024b6f6df0ff8b24afa59de142b09d2b05933bf,"Kenapa setiap buka channel yg bahas mobil ini selalu iklan nya si Toyota, ada yg tau?",0,2025-07-26T14:45:38Z,2025-07-26T14:45:38Z,2026-09-19T00:23:09.886682+00:00
Ugz7B22EQhIHw40zYf54AaABAg,fjWvVFT0vr0,65726fbfbdcfe0fd1c57cd99c14ad32b52977b7bcc1d3d5cea4ab5b6a3e5f33b,cocok harga mobil skrg diluar nurul. apa gara gara monopoli 2 merk. jadi kaya kartel/mafia bsa menentukan harga se enaknya,0,2025-08-02T11:26:21Z,2025-08-02T11:26:21Z,2026-09-19T00:23:09.886682+00:00
UgyKnwJnWg4udjdBnIp4AaABAg,fjWvVFT0vr0,a22b22a6d6db0583522ca92285ba2be28059be7eef736b90d9fcdf770a9a73d2,Layanan Purna jualnya gimana ? Terjamin bagus dan tanggap gak ? Ribet gak ?,0,2025-12-11T18:13:39Z,2025-12-11T18:13:39Z,2026-09-19T00:23:09.886682+00:00
Ugwmcz9yMGh5k_PFAVF4AaABAg,fjWvVFT0vr0,ee817290fef517289f736c0b71b2cd1f5bd82061e253aa061ed40d9e3a424290,Sayang mobil listrik untuk jangka panjang di pake masih blm ada yg membuktikan mobil listrik buat jangka panjang,0,2025-08-10T10:03:07Z,2025-08-10T10:03:07Z,2026-09-19T00:23:09.886682+00:00
UgyJQIb7IEc-xiQEkWN4AaABAg,fjWvVFT0vr0,161bc28eb9e368a3940f5b143e3932389a30cb4429e3c98b0f9aaf9dcc1c044a,PR nya adalah... spare part ready apa tidak? Jng sampe klo service part inden lama,0,2025-08-02T23:49:32Z,2025-08-02T23:49:32Z,2026-09-19T00:23:09.886682+00:00
Ugz5JnKpeW6QqAbvQ6B4AaABAg,fjWvVFT0vr0,00beecebce935d6a9548fd2d6ab5496a1f27796ab3168181037c146c2e0e481b,Di deskripsi ditulis standard range & long range kok sama klaim jarak tempuhnya (300km)?,0,2025-07-27T06:12:29Z,2025-07-27T06:12:29Z,2026-09-19T00:23:09.886682+00:00
UgzbrFxA0u14Dkw7Byp4AaABAg,fjWvVFT0vr0,61a2c8e08731754df0d2c27e32919780975a7b141b27c9b6f91c4549cc63c260,thanks china,0,2026-02-27T04:27:09Z,2026-02-27T04:27:09Z,2026-09-19T00:23:09.886682+00:00
UgwoJty9hHFPJP_xWat4AaABAg,fjWvVFT0vr0,6bf79a3d277af71fd14d1c7964cdad650fbf1a5ba5195571c13a0ad6446219a4,Mirip lambo tuh mata,0,2025-07-27T11:33:30Z,2025-07-27T11:33:30Z,2026-09-19T00:23:09.886682+00:00
Ugzhe5mc9-dzk9mDZEJ4AaABAg,fjWvVFT0vr0,b73fa5c65a5175b55f4378dd24ad6a861eef97b3358b7378568f2f1fa865f178,"Beli kendaraan itu yang fungsi nya tidak bikin kwatir orang,,bisa di pakai jangka panjang,,suku cadang ready,,purna jual ga bikin kecewa,,,mobil listrik begini kan cuma untuk orang di kota,,,",0,2025-07-29T23:40:00Z,2025-07-29T23:40:00Z,2026-09-19T00:23:09.886682+00:00
UgwUJbCk2ryR-5d7T1p4AaABAg,fjWvVFT0vr0,b97b7c9422d8c03a8ba19a9fb9052be9abf55ef0648a06ad4a4c222ca96fa5f5,tpi tetep beda sensasi mobil konvensional atau listrik,0,2025-09-10T23:41:52Z,2025-09-10T23:41:52Z,2026-09-19T00:23:09.886682+00:00
Ugy77q73uS8cuvdVwmx4AaABAg,fjWvVFT0vr0,3eb394b09801621d0a9b469f8f967442fdabe9411b996cb0b5837f28749e3eeb,"Cocok ni, buat bini antar bocil sekolah",0,2025-08-04T20:01:59Z,2025-08-04T20:01:59Z,2026-09-19T00:23:09.886682+00:00
UgxXiAznaIU81VRAKw94AaABAg,fjWvVFT0vr0,56617ede2c74c206247a1a8df9354fd213f10b4d2b3467b6c9bf79bb78b68c2f,sparepart nya gimana utk 10 tahun ke depan?,0,2025-07-30T01:18:36Z,2025-07-30T01:18:36Z,2026-09-19T00:23:09.886682+00:00
Ugzs4u-_CQlylh8HgWl4AaABAg,fjWvVFT0vr0,1361c4fae0bc821d8e1a63c4039a23d5b829e4f67a08fabb04ff618d7e63eb16,"Saya pecinta desain BYD, cuma blm nyaman dgn listrik nya saja",0,2025-07-29T12:18:25Z,2025-07-29T12:18:25Z,2026-09-19T00:23:09.886682+00:00
UgwNxMbNaQQVKe8ujIJ4AaABAg,fjWvVFT0vr0,1641dd2c8d091b13c741f22be256497afbd8aef794fc9cf073bbd2498d123389,"Ground clearance rendah banget kayanya.. ngga cocok buat jalanan dlm kota, banyak polisi bobo",0,2025-08-03T13:30:05Z,2025-08-03T13:30:05Z,2026-09-19T00:23:09.886682+00:00
UgzIMCyGCSfZK3wYzCF4AaABAg,fjWvVFT0vr0,bc5ae7aad5b1bc4ad13f7257ed5efc765e6de33133032393e665a75e231c9464,"Masyalakat apa masyarakat 
Dengarku seperti itu kawan",0,2025-08-02T03:54:17Z,2025-08-02T03:54:17Z,2026-09-19T00:23:09.886682+00:00
UgwYgLNzPY-K3x0LUT94AaABAg,J00aDzfK8WQ,e9f9021ba096cfc68dee484bd9347b0d72e70ccccfd1ede1072d74bfc8df1acf,"Paling terasa bedanya
- Tuas sein jadi 1 dengan wiper
- Transmisi pindah ke tuas kanan
- Layar lebih besar
- 360 kamera
Yang hilang
- Rear defogger
- Slippery mode",63,2026-05-25T15:04:28Z,2026-05-25T15:04:28Z,2026-09-19T00:23:10.549263+00:00
Ugz1UV1IleoPP-D7nht4AaABAg,J00aDzfK8WQ,f779dd6ad10f68bd439ea0a5d17fcb8e73dc618dfc906b485f31a58e4caf92ef,Om next in depth tour Toyota Hilux 2012,6,2026-05-26T14:09:10Z,2026-05-26T14:09:10Z,2026-09-19T00:23:10.549263+00:00
UgxUSkKMdMn24PgFL4x4AaABAg,J00aDzfK8WQ,d0554a24c8681f2d0eda142f7909410d234c12c155a5038ae704072ab2cf5d98,Udh pke yg versi 2025 dynamic emg enak dipakenya ini mobil. Utk retract blm terlalu penting,10,2026-05-25T14:17:56Z,2026-05-25T14:17:56Z,2026-09-19T00:23:10.549263+00:00
UgxvlAZB8CbUAnA89TF4AaABAg,J00aDzfK8WQ,5acd745fca17487529965e72afbb7144bf3d51676f64f52839181e6535259ddb,"Bg, next in depth tour GWM Tank 500 Diesel ""BLACK WARRIOR EDITION""",7,2026-05-25T23:42:11Z,2026-05-25T23:42:11Z,2026-09-19T00:23:10.549263+00:00
UgyzsuxJ_BkVzs2KrAF4AaABAg,J00aDzfK8WQ,f780fecda6b85cf174645b8223b06b455d0c4b27a6960fcdc7bf7b84c78c88a0,"Semenjak pake transmisi d tuas kanan setir, rasanya maju mudur jd simple banget 😅 enak dipake pas parkir 🎉",3,2026-06-28T12:51:25Z,2026-06-28T12:51:25Z,2026-09-19T00:23:10.549263+00:00
UgxbXtLVJQ3g4VMb9F94AaABAg,J00aDzfK8WQ,4c7d4bd7b8dd4ae74a2530c7a7db86d2bab155caabcd0fa0c7406eecae425c49,"Om B Channel, Next IDT BYD Atto 1 STD Improvement 2026 Ya Om B Channel 😊",9,2026-05-25T14:07:30Z,2026-05-25T14:07:30Z,2026-09-19T00:23:10.549263+00:00
Ugzf6RosAw_a54BFBBV4AaABAg,J00aDzfK8WQ,5acd745fca17487529965e72afbb7144bf3d51676f64f52839181e6535259ddb,"Bg, next in depth tour Volvo EX90",3,2026-05-25T23:39:57Z,2026-05-25T23:39:57Z,2026-09-19T00:23:10.549263+00:00
Ugx6QQekpyGyRQh2XlF4AaABAg,J00aDzfK8WQ,d98d36a5d06ba308e8b42cbd904888c925afd400ac3547fb8ab822cbb1dbfb06,"Ckd udah good,sayangny ada beberapa yg hilang,next review volvo ex90 om b",4,2026-05-26T10:41:16Z,2026-05-26T10:42:10Z,2026-09-19T00:23:10.549263+00:00
UgzjSh4yI-dEVa7Btnt4AaABAg,J00aDzfK8WQ,3179d2e7ba7075683a3859a307bf94af2e5e1a66ebb8d419ed0eb56f96db4d78,"Hadir om b channel, ❤❤❤",2,2026-05-25T21:10:42Z,2026-05-25T21:10:42Z,2026-09-19T00:23:10.549263+00:00
UgzGKSYk_dBbxcttOml4AaABAg,J00aDzfK8WQ,4024c2289cb504fb101749bd34d0a654549deed30d7b89217bffb41fa0dfb3b6,Lanjut type standar SMA dynamic improvement yah,4,2026-05-25T15:02:30Z,2026-05-25T15:02:30Z,2026-09-19T00:23:10.549263+00:00
Ugx_dbc-RahFSREFlwh4AaABAg,J00aDzfK8WQ,0369e1520a3dc9b07914c4043f3db616f10ede11b8e7d812ddeb08f35890e790,Ditunggu review versi fleetnya (standard) 😊,3,2026-05-25T15:07:32Z,2026-05-25T15:07:32Z,2026-09-19T00:23:10.549263+00:00
Ugz794I5VPeaP_Hmrgh4AaABAg,J00aDzfK8WQ,84280a569452537c6a964aa43339da7ca9eb30b059897f9c8a1935cc2a7182dd,"Hadir 
Keren om",5,2026-05-25T14:29:42Z,2026-05-25T14:29:42Z,2026-09-19T00:23:10.549263+00:00
Ugz1SyWr5u4kjvTP7w14AaABAg,J00aDzfK8WQ,b354e19593e36539ab855e1f3e3c48c47cc8b817d948898f496fb483c3051238,Mantul kali,1,2026-06-03T12:41:15Z,2026-06-03T12:41:15Z,2026-09-19T00:23:10.549263+00:00
UgwTyNXSFrkAWoHxN_54AaABAg,J00aDzfK8WQ,59b7fd31325fe2c5616ae0fdca06c46faff11ceb3a46d1c53dfed1cb400a707c,hadir om b,3,2026-05-26T01:42:39Z,2026-05-26T01:42:39Z,2026-09-19T00:23:10.549263+00:00
Ugw1R5gyk6k1fl8wgVR4AaABAg,J00aDzfK8WQ,fc5add5f3e548dec27113fcb45f4b2f3508a45513a9944a2968de69ca797395f,Keren sih rem belakang udah cakram,2,2026-05-29T05:33:49Z,2026-05-29T05:33:49Z,2026-09-19T00:23:10.549263+00:00
UgyIttfcKP6ftlwUMgd4AaABAg,J00aDzfK8WQ,2b9d911781ae8994086e96bd9c5341cc209fe7fae90a40836fb437e850bbddd4,Hadir om b,3,2026-05-25T14:07:32Z,2026-05-25T14:07:32Z,2026-09-19T00:23:10.549263+00:00
Ugwi5CyXuFVICWbcnCx4AaABAg,J00aDzfK8WQ,7d6d418950222cf4ec74b406225cd76698fc4997464f2d27891f627793014dca,mantap,1,2026-05-25T14:03:28Z,2026-05-25T14:03:28Z,2026-09-19T00:23:10.549263+00:00
UgxL4zsrcBKMh901_gN4AaABAg,J00aDzfK8WQ,fa50db167f28567ebf0f52e39c8717ea1702dfa99d298bfec9e2fd3b41d2e7f1,Brio menangis di pojokan kalo gini 😂,3,2026-06-02T07:24:07Z,2026-06-02T07:24:07Z,2026-09-19T00:23:10.549263+00:00
UgxR-fS875HghsEQYMt4AaABAg,J00aDzfK8WQ,eb229e506076fea37e65dfcebb93ef2053f8f97d9da6368ead1658061e41926e,hadir om,1,2026-05-25T14:02:59Z,2026-05-25T14:02:59Z,2026-09-19T00:23:10.549263+00:00
UgyysAlT2GUZ0TIvsH14AaABAg,J00aDzfK8WQ,4c7d4bd7b8dd4ae74a2530c7a7db86d2bab155caabcd0fa0c7406eecae425c49,"Om B Channel, Setelah IDT BYD Atto 1 Premium Improvement 2026, Next IDT Toyota Alphard G Welcab HEV e-Four Ya Om B Channel 😊",3,2026-05-25T14:06:36Z,2026-05-25T14:06:36Z,2026-09-19T00:23:10.549263+00:00
Ugw2deDmoSpCNoesjb94AaABAg,J00aDzfK8WQ,8bf4655516f21b9895885b168057c178e98ccbf9a43736978c4a136460011ec5,👍👍👍,2,2026-05-26T00:47:46Z,2026-05-26T00:47:46Z,2026-09-19T00:23:10.549263+00:00
UgzjKdRk4MGkoKpNdlN4AaABAg,J00aDzfK8WQ,585f7154ffc15aa73b6330a48c788c5517bb55461de236337c1b0166ecc493f4,Yang varian type Dynamic improvement nya jangan lupa membuat video In Depth Tour Nya ya Om B.,1,2026-07-03T10:44:40Z,2026-07-03T10:44:40Z,2026-09-19T00:23:10.549263+00:00
UgzrZbyIP_QjNn1Lq814AaABAg,J00aDzfK8WQ,b6e9e8a3f298fd5230873ae78f19688e1482e4d5f9cb9f707caea6ceb6901cef,Wih udh ckd,3,2026-05-25T23:58:30Z,2026-05-25T23:58:30Z,2026-09-19T00:23:10.549263+00:00
UgzlsweZsd8bFnz2X8J4AaABAg,J00aDzfK8WQ,c07cc12deadc3f82470a837a810d1158147bd1388f819d37ab90c02398a0828b,Nyimak aj,4,2026-05-26T03:13:06Z,2026-05-26T03:13:06Z,2026-09-19T00:23:10.549263+00:00
Ugz1tlAcEsTLF1gvZtt4AaABAg,J00aDzfK8WQ,494f92087b9075368877a0328ffe4a9a659553fcca9dfb7553a3ad1e17bb6e3e,Tinggal tipe Standard & Dynamic sekalian,2,2026-05-25T14:09:19Z,2026-05-25T14:09:19Z,2026-09-19T00:23:10.549263+00:00
Ugy00FS-1d2Mk9o1A4B4AaABAg,J00aDzfK8WQ,e8c98be1364da78030dc2e41622a589107084dd49d6936f25ccac73ec5ae9997,Hrsnya utk tipe premium ini byd ksh fitur ADAS biar bisa bersaing dgn geely EX 2 yg max..,3,2026-05-26T00:06:28Z,2026-05-26T00:06:28Z,2026-09-19T00:23:10.549263+00:00
UgwgAhUHe5B_LtJahoZ4AaABAg,J00aDzfK8WQ,87de508c170257b2c4850de83a55ab7d8db7afa60ca3c32db615245c09066743,Next review atto 1 tipe std,3,2026-05-25T23:27:26Z,2026-05-25T23:27:26Z,2026-09-19T00:23:10.549263+00:00
UgzaZxyqPBSWZipbY594AaABAg,J00aDzfK8WQ,0cc9101a2bf59de4bbc34a48f4763bdd3242f2f1973fc6b1a587e26bbc26a6a2,ada mirip2 sm lambo urus modelnya,1,2026-05-28T08:54:38Z,2026-05-28T08:54:38Z,2026-09-19T00:23:10.549263+00:00
Ugz5ImOiiKrHX26FyeN4AaABAg,J00aDzfK8WQ,d7dc142325c0b13cf132e0226d76dd87d7a4bb795ed949f74de0948ac0834e05,Mobil BYD ATTO 1 motornya OMOWAY X,2,2026-06-11T12:49:21Z,2026-06-11T12:49:21Z,2026-09-19T00:23:10.549263+00:00
UgzQyTF_wzvb1Wkv5254AaABAg,J00aDzfK8WQ,f12b892625dc5ec2b2a1908b12f150797c838ca5533bd99c53b39f58a2690c45,Msh penasaran sm yg lampu halogen 😂 199jt itu,1,2026-05-25T15:16:51Z,2026-05-25T15:16:51Z,2026-09-19T00:23:10.549263+00:00
UgxHaVx2CkIA4eqkiP54AaABAg,J00aDzfK8WQ,15eb51b492ca0eba948ca82e6cd2db0486831079748b10e2396b508f69c32bfe,Baru ini operator lampu kurang briefing wkwkwk,0,2026-05-26T01:16:24Z,2026-05-26T01:16:24Z,2026-09-19T00:23:10.549263+00:00
UgzXTmdb_pm-W5d3BP54AaABAg,J00aDzfK8WQ,5b739cee14276669b802b745ad7daafa8524300f10fb9511809f7d10bff9efe8,"kalau aku lebih enak fasiah tengah yang lama malah. Lebih ada karakternya yang membulat, kyak roll buat voulme tuas transmisi hazaradnya itu. Sekarang malah jadi generik",5,2026-05-25T16:27:19Z,2026-05-25T16:27:19Z,2026-09-19T00:23:10.549263+00:00
UgzTC-CAfcu7lYTgu_B4AaABAg,J00aDzfK8WQ,355c2e48a8f0d2284487c63d3e56266f409819d5b6b77f8b7df6b3c384fe5b6f,"Lah dikira ilang defogger diganti wiper, ternyata cuma diilangin

Yaa berembun dan ga bisa lihat tuh pake spion kalo hujan deras, ngandelin kamera doang",2,2026-05-26T15:30:57Z,2026-05-26T15:30:57Z,2026-09-19T00:23:10.549263+00:00
Ugxj5vJQ_v_xV7qfjtF4AaABAg,J00aDzfK8WQ,0d3834036262f4bbb918d244586675445287fe85daedeca958689bf0aa2c1b04,Dulu pertama x all new pajero sport CKD itu fitur ditambah tp hrg tetap gk naik dr hrg CBU thai.,0,2026-05-26T06:56:15Z,2026-05-26T06:56:15Z,2026-09-19T00:23:10.549263+00:00
UgzckKxNwtrR1WHD-NZ4AaABAg,J00aDzfK8WQ,9812100be918449526bc4bf37a7bdfea0b43c9e5e6dc099a1364031b6800d5c6,Harga pas om 150 jt,0,2026-05-25T22:04:07Z,2026-05-25T22:04:07Z,2026-09-19T00:23:10.549263+00:00
UgxB1hANnxj8Z0xDfax4AaABAg,J00aDzfK8WQ,bbfeb9057694e7e653c9b91c9cd926ce63161099655dd2ff12ef9a6feaf39e85,"BYD udah CKD gaes, dan lu masih beli Toyota 😂",10,2026-05-26T00:04:58Z,2026-05-26T00:04:58Z,2026-09-19T00:23:10.549263+00:00
Ugze67aBE5ifrCgawGh4AaABAg,J00aDzfK8WQ,7da8300ae51054ff93c3442a73377146d9bfb2f09d6a83daae17b9d4cfe187e7,Bikin juga dong byd atto 1 versi DM-i nya kayak nya menarik 1200cc DM-i,4,2026-05-25T14:48:03Z,2026-05-25T14:48:03Z,2026-09-19T00:23:10.549263+00:00
UgzxkOfs6Pib52wZzn94AaABAg,J00aDzfK8WQ,ccc428f79fd8fe7d9abddedd36961dec85592a894e24b07b4f240bc058406ef0,harga naik karena dollarnya jg naik,0,2026-05-25T15:54:31Z,2026-05-25T15:54:31Z,2026-09-19T00:23:10.549263+00:00
UgyuC4A5kkrMZJFg_fR4AaABAg,J00aDzfK8WQ,ce3e0167bd0206cf8c00f25858e95be99f0e9d33824d03f35d53f62af630b7be,Review juga yang Tipe Standard apa bedanya,0,2026-06-23T04:55:16Z,2026-06-23T04:55:16Z,2026-09-19T00:23:10.549263+00:00
UgxSu2vhzenb8PGoczx4AaABAg,J00aDzfK8WQ,be038438b14f0eacef422bfc241005f8a508132cc750b90e7adcdaf99474ff56,"transmisi knpa pindahnya di kanan ya, pdhal kaya eksion aja,,, hmm",1,2026-05-26T23:39:55Z,2026-05-26T23:39:55Z,2026-09-19T00:23:10.549263+00:00
UgwoEl2atEXw21ybGxd4AaABAg,J00aDzfK8WQ,2a56b5b598e6854326ac9167c3cb5a64fa7073a120e969f7db870c980f21f278,"Masih ga habis pikir Brio RS 274 jt fitur purba,bahan full hard plastik...boro boro elekric seat juga😅
Desain dan build quality jauh banget sama atto 1😅
Ga heran dealernya pada tutup",31,2026-05-25T18:20:44Z,2026-05-25T18:29:09Z,2026-09-19T00:23:10.549263+00:00
Ugy3fobfc9ZrU1K9nX94AaABAg,J00aDzfK8WQ,4c7d4bd7b8dd4ae74a2530c7a7db86d2bab155caabcd0fa0c7406eecae425c49,"Om B Channel, Next IDT BYD Atto 1 Standard Improvement 2026 dan IDT BYD Atto 1 Dynamic Improvement 2026 Ya Om B Channel 😊",2,2026-05-26T03:59:52Z,2026-05-26T03:59:52Z,2026-09-19T00:23:10.549263+00:00
UgzE_KIJBtw0QFWFNGJ4AaABAg,J00aDzfK8WQ,4c7d4bd7b8dd4ae74a2530c7a7db86d2bab155caabcd0fa0c7406eecae425c49,"Om B Channel, Next IDT Toyota Alphard XE Gasoline Ya Om B Channel 😊",2,2026-05-26T04:02:53Z,2026-05-26T04:02:53Z,2026-09-19T00:23:10.549263+00:00
UgxDqIZFLt0UtP4oC9B4AaABAg,J00aDzfK8WQ,9dd5aed89cfa95097c968baa3dc2160d599c3a096738721e347361424abed1e9,"belakang gak ada defoger, gak ada wiper, siap2 gak keliatan belakang kalo ujan",3,2026-05-26T01:17:22Z,2026-05-26T01:17:22Z,2026-09-19T00:23:10.549263+00:00
Ugy13sHBU8FJLBpIn794AaABAg,J00aDzfK8WQ,02ce1393f467e8145f4c941a4db95d80160f3e485a7537684b896151d85c354f,"Knp sih transmisi pindah ke sein.. 
gw lbh suka transmisi di tengah dan bener2 pake tuas kaya punya seal.
Itu bikin kagok bgt dah.
Hazard jg harusnya tombolnya besar dan terpisah gitu ya.",18,2026-05-25T14:50:36Z,2026-05-25T14:50:48Z,2026-09-19T00:23:10.549263+00:00
UgwcF40BmmuY6MR71Fh4AaABAg,J00aDzfK8WQ,0768cf8ae91d7bf5a999b09e3d8146f8b69c2eb9042f486a54a9bb686a9ad8a0,"syuukurlah, karena udah pesan dari bulan Mei, dapet VIN 2026 masih dapet harga lama 235jt.",1,2026-06-11T11:33:14Z,2026-06-11T11:33:14Z,2026-09-19T00:23:10.549263+00:00
UgwHeqAw3tXgB0Y2B0t4AaABAg,J00aDzfK8WQ,4c7d4bd7b8dd4ae74a2530c7a7db86d2bab155caabcd0fa0c7406eecae425c49,"Om B Channel, Next IDT GWM Tank 500 Diesel Black Warrior Ya Om B Channel 😊",2,2026-05-26T03:58:34Z,2026-05-26T03:58:34Z,2026-09-19T00:23:10.549263+00:00
Ugz4RMKLxWWy6qVj-KN4AaABAg,J00aDzfK8WQ,3aeb12f7f59c0943a4ffb478d0fd8cbb133d05d1aa1473af87666c0944af1491,"Nah lampu sen pisah,",0,2026-05-26T07:08:57Z,2026-05-26T07:08:57Z,2026-09-19T00:23:10.549263+00:00
UgxZj6mAaTrMW8pimi14AaABAg,J00aDzfK8WQ,f8d9c8dda36031af77c6c7268692d794745e28e15fb480b5d38599791dde158a,Di jalanan udah bnyk nih mobil,0,2026-06-06T09:23:04Z,2026-06-06T09:23:04Z,2026-09-19T00:23:10.549263+00:00
Ugz9rvqSQ5UP3dmYPLJ4AaABAg,J00aDzfK8WQ,4f1e42ab88930de423c7b9ec1f7973cfb83741d94488e3a818d434b3e8eeb08b,"Ckd malah naik harga , lama lama harga byd mau ngitkutin brand japan nih. Sering naik harga lalu belakangan kasih disc gede. Tapi harga dinaikkan dulu.",0,2026-05-26T02:53:55Z,2026-05-26T02:53:55Z,2026-09-19T00:23:10.549263+00:00
UgyEZenB-8LJjXFrEod4AaABAg,J00aDzfK8WQ,8aa9bfc5ca24e5e6176b9a1545e29ec0e4d637aea42fe617a1d5ae5163fc7584,masih bingung CKD tu di dealer resmi byd kah?,0,2026-09-10T04:37:25Z,2026-09-10T04:37:25Z,2026-09-19T00:23:10.549263+00:00
UgwYthz0LXVQvHnTA-x4AaABAg,J00aDzfK8WQ,87313c73817e9af48cc54ec523538acd3b68652d90eb9b7c87fec56726ce7ccd,"Kenapa sih banyak EV yg gak dibuat kayak mobil ICE biasa aja? Transmisi di konsol tengah, tuas sein di kanan dan wiper di kiri (sebaliknya untuk mobil eropa). Kalo pindah-pindah kayak gini bikin kagok dan malah rawan celaka karena muscle memory yg perlu di adjust lagi.",5,2026-05-25T23:06:03Z,2026-05-25T23:06:03Z,2026-09-19T00:23:10.549263+00:00
UgxcJTvKRjDtchfrx_x4AaABAg,J00aDzfK8WQ,6e3a435bbe5484c9284c94f18699ba259e0cd3d193db8b8c2cef64a96818b6dc,ambil ini ato nti aj ambil wuling aira ya? ane soal sukany keicar2 gni,0,2026-06-15T09:34:31Z,2026-06-15T09:34:31Z,2026-09-19T00:23:10.549263+00:00
UgxNwP5lH8f5zNnB1Fh4AaABAg,J00aDzfK8WQ,1ffdd7b71d8b758ba2fda70c8489c5f6f1ac50efa1cd48b3043031f7decb71d5,Yang sangat disayangkan Airbag dikurang 2,0,2026-05-26T03:15:40Z,2026-05-26T03:15:40Z,2026-09-19T00:23:10.549263+00:00
Ugw640-92pa6D8KEgtF4AaABAg,J00aDzfK8WQ,42efae8ba36e1818fad84872271ddf37e4a0a233f5e610de148fd8c9c895b168,Penasaran yg dynamic om.. krn yg downgrade cuma defog blkg 😂,13,2026-05-26T02:15:49Z,2026-05-26T02:15:49Z,2026-09-19T00:23:10.549263+00:00
UgyCwpYLwtN8k4sOeRZ4AaABAg,J00aDzfK8WQ,adafbcd76742ad7cf2a783d11cf50a3aaaa3e1cf76c01b6ff0f14969eb0b67b5,"Ada yang aku perhatiin yang banyak ngga di bahas reviewer, Heaternya hilang :(

Pemanas kabin, di bandung pas hujan kepake bgt, apalagi de-fogger depan jadi beneran kepake, 

ngga cuman dinginin kaca :(",24,2026-05-25T14:39:51Z,2026-05-25T14:39:51Z,2026-09-19T00:23:10.549263+00:00
UgxsleFTyS5WYUhh_Lx4AaABAg,J00aDzfK8WQ,aafbea55b1d155795ac5e0df63a6360a8e598e18e7692b51607544031173834e,Kenapa sih uda CKD warna gak ditambahin? Padahal di negara lain banyak warna. Pilihan warna di sini cuma 3. Pasang stiker wrapping gak kelihatan bagus,3,2026-05-29T16:07:19Z,2026-05-29T16:07:19Z,2026-09-19T00:23:10.549263+00:00
UgyDP_OlrEzI3Fku9V14AaABAg,J00aDzfK8WQ,191563b5019e5f82e15bf69488e8b253361804a111ad1d9d2f47fa7b9878aee6,"Baru ini denger ckd harga naik 😂
Calon” nyungsep",14,2026-05-25T16:16:27Z,2026-05-25T16:17:00Z,2026-09-19T00:23:10.549263+00:00
UgyOFTG3GkSlpLD7lSZ4AaABAg,J00aDzfK8WQ,ead8b75d399ab0a9a408abd1af61528b57a079d73b21ccdc93540da792621107,"Sdh CKD tp harga malah lebih mahal, disitu gue terbagong bagong! Kok bisa",1,2026-05-27T00:25:21Z,2026-05-27T00:25:21Z,2026-09-19T00:23:10.549263+00:00
UgzrkR8Q8gXxtt-BDjV4AaABAg,J00aDzfK8WQ,83e4f6f3535b543c798ae393c3fc731bcf72a1688f2c0232b2f2f6b42057d9a0,Gile naik harga mobil unyil mending tambah ke J5,1,2026-05-25T17:00:23Z,2026-05-25T17:00:23Z,2026-09-19T00:23:10.549263+00:00
Ugz8CgQpIs4IULvQqFR4AaABAg,J00aDzfK8WQ,de0ab39a40f631b124d4c61025f028a6bac97397ed1c113f436482ace4a6bc76,"Improvement atau ""Penyesuaian"" ya jdnya ? Heater nya malah hilang, padahal cukup berguna buat warga pegunungan yg tertarik EV karena males cari SPBU",3,2026-05-26T02:22:57Z,2026-05-26T02:22:57Z,2026-09-19T00:23:10.549263+00:00
UgwnNEWVyLv2yiTFEdh4AaABAg,J00aDzfK8WQ,fbab17f4f89a28563028c131edc217360675873b23cec57810dcd7167a794d3e,"Ane pikir tadinya item ini bakal punya range 505 km N punya LIDAR, coz di 🇨🇳 katanya sih gitu untuk atto 1 yang 2026 ini 🙄🤔",2,2026-05-25T14:18:17Z,2026-05-25T14:18:17Z,2026-09-19T00:23:10.549263+00:00
UgzqyLxY4N9f56pOcpZ4AaABAg,J00aDzfK8WQ,238c6338dcaa93d40e43eaaa9f52bd5296c9ba39591745803634b02dc9f56259,Kalo facelift yang 2026 ini versi dynamic udah pindah juga belom bang gigi nya ke kanan ?,1,2026-06-11T14:15:25Z,2026-06-11T14:15:25Z,2026-09-19T00:23:10.549263+00:00
UgwndxXpnHtA_myw7Vd4AaABAg,J00aDzfK8WQ,421751995e4e058cd4e47a43332939cd8e3db725c9acb51d6f62e6520924c765,"Tombol start stop jangan di satukan dengan tombol hazard. Malah bisa sering salah pencet kayanya. Pas di lampu merah perempatan, mau nyalain hazard malah matikan mesin 🤔",8,2026-05-25T14:41:00Z,2026-05-25T14:41:00Z,2026-09-19T00:23:10.549263+00:00
UgxzRZ_Tc7XU5XsJ6OZ4AaABAg,J00aDzfK8WQ,8ef158996a1edad39c6599307d6fceef2cc84d87aec81b1b5182b77b44fa3608,itu di headunit Youtubenya bisa play video sambil mobil jalan?,4,2026-05-25T16:09:50Z,2026-05-25T16:10:08Z,2026-09-19T00:23:10.549263+00:00
UgyhmssrZUHwxvo6F9h4AaABAg,J00aDzfK8WQ,ad5f221b761508d10cfc1868f7fb835f6e7e7914f3f471c438167b00c06c38e3,abis ni dbantai harga nya ama ceri... 😂😅,17,2026-05-25T15:27:23Z,2026-05-25T15:27:23Z,2026-09-19T00:23:10.549263+00:00
UgwJuvdZ53rnp2Il6L14AaABAg,J00aDzfK8WQ,86ec524b5445ecaeb6f32cbf51191c1f8b9f8c4e9d9dcd5a8b550fb8e7125202,Kalo ban oem udah abis cocok nih diganti hankook ion st as,1,2026-05-30T02:38:03Z,2026-05-30T02:38:03Z,2026-09-19T00:23:10.549263+00:00
Ugyww6NPU_aPQRv4-Yx4AaABAg,J00aDzfK8WQ,16e73561aebdb0e3ab4ee96778c9fd72c9210bc9c67944ec3137fc49f4444186,Semoga aman dan tidak meledak.,0,2026-05-26T06:17:44Z,2026-05-26T06:17:44Z,2026-09-19T00:23:10.549263+00:00
UgysgGHRO8uPxvYwdSd4AaABAg,J00aDzfK8WQ,9c03bd259d52682b93bb832ac8be0379a7b69575a8e6a94d8e86534ebcc8afb2,Kenapa atto 1 2026 yang dibahas selalu premium. Ga pernah bahas yg tipe baru standard itu...,0,2026-06-01T15:20:08Z,2026-06-01T15:20:08Z,2026-09-19T00:23:10.549263+00:00
UgyF2ohUUemjTkqN1gt4AaABAg,J00aDzfK8WQ,fdabe69f057109d5a21baf4d63d8d2db4d33c1f4466522f220909e0eb9d7a2e7,Bang bahas yang atto 1 dynamic ckd juga donk. Btw mending ambil yg dynamic atto premium skalian? Yg dynamic bisa V2L gak bang?,2,2026-05-27T00:39:31Z,2026-05-27T00:39:31Z,2026-09-19T00:23:10.549263+00:00
UgyrKrmcWY9l0tl-7uR4AaABAg,J00aDzfK8WQ,cfa559fa0364ea534b9cc0e5832ba00ee554e48e5658fa4a71236c5f5251bf0f,Knp makin terburu² reviewnya om..,0,2026-05-26T07:42:25Z,2026-05-26T07:42:25Z,2026-09-19T00:23:10.549263+00:00
UgyHY9vuzUxS_c9M0cV4AaABAg,J00aDzfK8WQ,2d86a9d63c41fcc378c41c95572608175948c50e0f3ab87e0f0ba1d416df56d5,Kl info terbaru untuk pajak mobil listrik gimana ya jadinya?,0,2026-05-26T05:59:01Z,2026-05-26T05:59:01Z,2026-09-19T00:23:10.549263+00:00
Ugy5g_zEY_FhmzBeP1R4AaABAg,J00aDzfK8WQ,a5e4d4854d80a8fdeee36b7e0fd9dacabd080fb15b935edab7be3b18854e7f59,"btw, diatas nya penumpang depan ada buletan itu apa ya?",1,2026-05-28T03:26:54Z,2026-05-28T03:26:54Z,2026-09-19T00:23:10.549263+00:00
Ugy7NoF-VRSlfDuqHlR4AaABAg,J00aDzfK8WQ,28ddf64a0bb3234a33ce310fa20d80b0332c3ec5fc69f29793d923d18ff33da5,yg ckd build quality gimana om?,1,2026-06-26T02:02:18Z,2026-06-26T02:02:18Z,2026-09-19T00:23:10.549263+00:00
Ugz6-Yr5T4tZgvYhBuR4AaABAg,J00aDzfK8WQ,00f134f049cea3284739ef6e4f330c715e65a6a764642ee0831d9558c893774a,"Ckd malah naik hrg nya😅
Kebiasaan Indo😅",7,2026-05-25T15:20:06Z,2026-05-25T15:20:06Z,2026-09-19T00:23:10.549263+00:00
Ugzxjcsxc_1fuP8VeRV4AaABAg,J00aDzfK8WQ,f600c8b80228bb72e42fa1214ef537a06f535e64dd71a49a07e51c52bd94ff0a,Yang disuruh nyalain lampu lampu gak konek gitu om.,0,2026-05-25T15:08:48Z,2026-05-25T15:08:48Z,2026-09-19T00:23:10.549263+00:00
UgzfD3DFOfuPMvyK8l54AaABAg,J00aDzfK8WQ,5b06f3096184c063d0430b8c37f445e3538cf51ecb39eaf1bacc70bededca621,"Lah tumben ckd malah naik 
Biasanya udah ckd pasti harga turun",0,2026-05-26T02:06:58Z,2026-05-26T02:06:58Z,2026-09-19T00:23:10.549263+00:00
Ugw_CXL0mcMkvp_qiA14AaABAg,J00aDzfK8WQ,f9c1de32e0c930dcd9b992d8d06132eec52402a6fd6746ab857ff9c6c333e57d,Bulatan diatas plafon depan sun visor itu apa ya? Yang dulu ga ada,0,2026-05-26T04:25:04Z,2026-05-26T04:25:04Z,2026-09-19T00:23:10.549263+00:00
UgxO20YxES_YU5Mc1d94AaABAg,J00aDzfK8WQ,f298c18fb675d85c1f532059722b84e03786de7ea592033ca6e90de32d4fda51,"yang kurang kebanyakan yang nggak bisa ditambahin sendiri ya, airbag di kursi sama pilar a-c, heater ac, defogger...",0,2026-06-08T02:33:14Z,2026-06-08T02:33:14Z,2026-09-19T00:23:10.549263+00:00
Ugw4MGXNjJ_jrfIZgfV4AaABAg,J00aDzfK8WQ,db057e460cb0b30b25af7a26161de86ea9e7d432ac52b585915a94cf81915468,Tombol star stop menurut saya kurang bagus di situ krn klo ada anak kecil yg nakal gak bisa diam takutnya pas di jalan ke pencet🙏🏻🙏🏻,0,2026-05-26T00:10:27Z,2026-05-26T00:10:27Z,2026-09-19T00:23:10.549263+00:00
UgzLKHBDP1_V5AnhSdd4AaABAg,J00aDzfK8WQ,a5e4d4854d80a8fdeee36b7e0fd9dacabd080fb15b935edab7be3b18854e7f59,layar nya makin gede ya? beda berapa inch dari yg sebelum nya?,0,2026-05-28T03:24:08Z,2026-05-28T03:24:08Z,2026-09-19T00:23:10.549263+00:00
UgzZSIl9quRMgqjFNIp4AaABAg,J00aDzfK8WQ,077d14fa8a79f31fd015ccf08750575cd0157f1aaa382eeabdc300b8635498ef,"Info awal, kaca spion jadi hitam, gak sewarna body mobil... keliatannya gak jadi ya?",0,2026-05-26T05:36:34Z,2026-05-26T05:36:34Z,2026-09-19T00:23:10.549263+00:00
UgxY814LuidwWbRSWYx4AaABAg,J00aDzfK8WQ,2a37b3583a03fcedd84c81e734ae4a34976e4d4e771237c4623e671cdc5302bd,Opsi warnanya masih sama kah? 🤔,1,2026-05-26T01:46:51Z,2026-05-26T01:46:51Z,2026-09-19T00:23:10.549263+00:00
Ugw5q8VojfgUMxuF_TJ4AaABAg,J00aDzfK8WQ,9434cb3611f8e085c56814ab29d4eb1ca5ef7567a94192c3e9e256eba6cab423,Kapan ready di pasaran yg ckd ini om?,0,2026-05-26T14:07:11Z,2026-05-26T14:07:11Z,2026-09-19T00:23:10.549263+00:00
UgzRsvUN5TjxmWrcDRB4AaABAg,J00aDzfK8WQ,819756395d5ec33daa34d199c13ac44fb4b298581b70dcb720ca4b8878a22651,Built qualitynya gimna om? Lebih bagus atau kurang dibandingkan cbu,0,2026-06-15T22:07:12Z,2026-06-15T22:07:12Z,2026-09-19T00:23:10.549263+00:00
UgzxVMjCxMQYjiyB1R54AaABAg,J00aDzfK8WQ,3c3fa1664ae42bee2ff10a8d1e3ef5fb4c0308b4845bda138d073919d04d4584,kalo lagi tiba2 rem mendadak sih biasa gw nyalain hazard biar orang blakang ready. tapi susunan tombol kaya begitu malah bikin gw ditabrak dr blakang krn mobil tiba2 mati salah pencet stop engine,0,2026-05-26T03:36:35Z,2026-05-26T03:36:35Z,2026-09-19T00:23:10.549263+00:00
UgzdcY0fMW9Rf0HymWN4AaABAg,J00aDzfK8WQ,e2ac2a42f0461419e1bc66bb1ffb6744c95086da626de9dd85ae0bcf92cf710e,Katanya 100jtan om?😢,0,2026-05-27T11:31:35Z,2026-05-27T11:31:35Z,2026-09-19T00:23:10.549263+00:00
UgwuvgCaO788IWqzcPt4AaABAg,J00aDzfK8WQ,773496c0fe63d812268988ed60cfd3103163b79eb04306d89424aa4bd424e364,Apa bisa di charger dirumah om?,0,2026-07-11T00:43:37Z,2026-07-11T00:43:37Z,2026-09-19T00:23:10.549263+00:00
UgxoBgpyVkU3kkn7EDx4AaABAg,J00aDzfK8WQ,e7ccc0f407a89cd214500f8196ef44b0cf1136964d8839426ed6057c04493ecc,Dynamic ckd vs build up beda nya apa ya?,0,2026-06-22T15:23:08Z,2026-06-22T15:23:08Z,2026-09-19T00:23:10.549263+00:00
UgzDz7mDSF93vhn2IYV4AaABAg,J00aDzfK8WQ,585f7154ffc15aa73b6330a48c788c5517bb55461de236337c1b0166ecc493f4,Kira2 yang varian type Dynamic juga ada improvement seperti varian type Premium ini nggak ya ?.,0,2026-05-25T14:23:23Z,2026-05-25T14:23:23Z,2026-09-19T00:23:10.549263+00:00
UgzYBs13lFIxOASDJ-p4AaABAg,J00aDzfK8WQ,b469d74beb393bdcdd77677310ce364cf18cd7aaf2eb11d975ad09c6d61fa54c,Itu di mana om?,0,2026-06-01T18:03:18Z,2026-06-01T18:03:18Z,2026-09-19T00:23:10.549263+00:00
UgyvUKERKrKWeJH18Hh4AaABAg,J00aDzfK8WQ,54289342a4f6558b765a75862acd8a9fc181e5a3aafb5c8f6e29adf6e97f9045,Kumis nya masi aja tebel,0,2026-05-25T15:34:50Z,2026-05-25T15:34:50Z,2026-09-19T00:23:10.549263+00:00
Ugwc0O1M514Me3MUOSh4AaABAg,J00aDzfK8WQ,a9393138904775e93ffcf58be810e5ed2d77c68a891c50703f3280f2bc9584ba,"Kok bisa ya range mobil ini lebih banyak dari icar v23 rwd. Padahal baterai icar 2x lipatnya ini, dan bodynya juga gak sebongsor zenix/j6. Apa v23 seboros itu yak?",0,2026-05-25T14:09:22Z,2026-05-25T14:09:22Z,2026-09-19T00:23:10.549263+00:00
Ugx52YoCKoKb-YaCIsh4AaABAg,J00aDzfK8WQ,f1f1f1e84e4e958c14bb22994505de29fd2943245a447cf0ca74cae6d4118ab5,Yg tipe premium sudah ada blind spot monitoring dan lane departure warning blm?,0,2026-08-27T13:58:17Z,2026-08-27T13:58:17Z,2026-09-19T00:23:10.549263+00:00
UgzCj0VbcXOVIquQ8jt4AaABAg,VEXJp_L57Nk,d7ad7f8bbf76fa23b33475c58e1f8c89df8828a0f2215355cb737aaab313197f,Udah oktober nih.. semoga unit nya cepet serah terima… dah ga sabar BERPALING ke BEV biar ga capek sama drama kualitas BBM🥹🥹🥹,74,2025-10-03T13:32:09Z,2025-10-03T13:34:08Z,2026-09-19T00:23:10.716076+00:00
Ugzi5AFuN83YNh23jLN4AaABAg,VEXJp_L57Nk,a7f1ac9cd2741a9b01110ff8d7bced35c1f627c224951e53843a95fcdef2973a,Gepengin aja terus jadi lamborgihini😅,4,2025-12-21T05:53:34Z,2025-12-21T05:53:34Z,2026-09-19T00:23:10.716076+00:00
UgzQ3ef9ndb6QL-XczB4AaABAg,VEXJp_L57Nk,ad9c19dff30a58cb454dc16c528bd9e87a3385d9b6e32913fd431ee1a043b296,Mobil paling worth it untuk dipinang...percayalah!,3,2026-03-14T16:10:57Z,2026-03-14T16:10:57Z,2026-09-19T00:23:10.716076+00:00
Ugwoh-4ynesJhpTQnd94AaABAg,VEXJp_L57Nk,9dfbc5a1d456af01f79f3aed6eaef79b9cd2ac14465263b383dbc5008507f523,"setelah coba test drive bbrp wkt lalu, ini kyknya lbh cocok dibilang sekelas Yaris gen 1 dan Jazz, kualitas dan kelasnya jelas diatas LCGC small MPV yg ada di pasaran skrg.",4,2026-01-15T13:41:19Z,2026-01-15T13:41:19Z,2026-09-19T00:23:10.716076+00:00
UgyjXVI14B-UyDIst7J4AaABAg,VEXJp_L57Nk,6b5c5284471e8049bf1e6b4a7d0b95af58be914e51523d53197a9d5795943f77,"Video ini membahas tentang BYD Atto 1, mobil listrik termurah dari BYD di Indonesia. Berikut adalah rangkuman dari video tersebut:
Desain
 * Tampilan depan dan samping BYD Atto 1 sangat menarik dan eksotis, mirip dengan Lamborghini Huracan [02:08].
 * Bagian belakangnya mungkin tidak seoke bagian depan dan samping, namun desain adalah masalah selera [03:02].
 * Pilihan warna terbatas (tiga), tetapi sudah cukup untuk menonjolkan lekuk bodi [02:43].
Akomodasi
 * Ukuran interior sebanding dengan mobil seperti Toyota Agya, Honda Brio, atau Daihatsu Ayla [04:02].
 * Legroom dan headroom cukup memadai, tidak sempit [04:14].
 * Posisi duduk rendah dan sandaran jok depan yang tinggi membuat pandangan ke depan agak terhalang, kecuali jika duduk di tengah [05:01].
 * Kapasitas bagasi cukup untuk dua koper kabin size dan dapat dilipat untuk kargo ekstra [06:09].
Fitur
 * Varian premium ini memiliki fitur lebih lengkap dibandingkan varian di bawahnya [07:00].
 * Setir dapat diatur naik-turun dan maju-mundur (teleskopik) [07:08].
 * Pengaturan posisi pengemudi secara elektris [07:15].
 * Dilengkapi dengan wireless charging, USB Type A, dan Type C [07:44].
 * Baterai lebih besar dan daya lebih besar, sehingga jarak tempuh lebih jauh [08:02].
 * Fitur keselamatan lengkap, termasuk airbag [08:18].
 * Memiliki mode berkendara Eco, Normal, dan Sport [09:56].
 * Build quality interior sangat baik, terasa solid dan tidak kopong [10:25].
 * Mekanisme transmisi menggunakan knop geser [10:04].
 * Kekurangan dalam kepraktisan, kompartemen tertutup terbatas dan tidak ada USB di baris belakang [09:03].
Rasa Berkendara
 * Kualitas berkendara lebih baik dibandingkan mobil sekelasnya seperti Brio atau Agya [11:07].
 * Insulasi kabin dan suspensi memberikan kesan yang lebih bagus, mampu meredam guncangan dengan baik [11:30].
 * Setir nyaman digenggam, bobotnya terasa dan memberikan koneksi yang baik antara pengemudi dan mobil [12:28].
 * Suspensi lincah untuk perkotaan, enak untuk bermanuver cepat dan zigzag, namun tetap nyaman dan tidak terlalu keras [13:23].
 * Akselerasi di kecepatan perkotaan (0-50/60 km/jam) cukup cepat (sekitar 5 detik), namun akselerasi 0-100 km/jam lambat (15 detik) karena tenaga yang lebih kecil dibandingkan rival ICE [14:35].
 * Efisiensi energi di rute dalam kota 8.8 km/kWh, rute tol 6.1 km/kWh, dan rute kombinasi 7.4 km/kWh [15:58].
 * Jarak tempuh sebenarnya sekitar 340 km, tidak sesuai klaim 380 km [16:57].
Kesimpulan
 * Harga BYD Atto 1 sangat menarik, berkisar antara Rp 195 juta hingga Rp 235 juta, menjadikannya kompetitif di kelasnya dan bahkan bisa bersaing dengan mobil ICE seperti Brio, Agya, dan Ayla [18:00].
 * Menawarkan value yang tinggi dengan fitur lengkap dan build quality yang bagus [19:57].
 * Sangat cocok sebagai mobil listrik pertama bagi mereka yang sudah memiliki mobil ICE dan mencari mobil untuk penggunaan di perkotaan [19:38].
 * Meskipun demikian, ada kekhawatiran jika dijadikan mobil satu-satunya karena keterbatasan infrastruktur pengisian daya di luar kota [20:15].",29,2025-10-03T21:20:48Z,2025-10-03T21:20:48Z,2026-09-19T00:23:10.716076+00:00
UgyXFyqr3SMREGEH5PR4AaABAg,VEXJp_L57Nk,77790817db7c73a31a9e828b6e7f7ddffd477b7ab78d3150984072c40f576dc6,"Drama Build Quality di mobil Indonesia sudah tidak ada lagi sejak ada mobil China (Co. BYD, Wuling, Geely dkk)",5,2025-10-28T03:48:43Z,2025-10-28T03:48:43Z,2026-09-19T00:23:10.716076+00:00
UgwgPIKYGCnUzyluws94AaABAg,VEXJp_L57Nk,429acd6c77fab8b42302ebb2b0894117ce8c425a9562101f2ac5028c89759ae8,❤❤,1,2025-10-05T01:36:05Z,2025-10-05T01:36:05Z,2026-09-19T00:23:10.716076+00:00
UgyZcCC-qMmSiUOjYEF4AaABAg,VEXJp_L57Nk,bb9dda2a9619413487423d914986a86634c5eee6f8f9ce434d34e7eb57245954,Harusnya ada warna merah biru atau silver ya...,4,2025-12-31T10:12:18Z,2025-12-31T10:12:18Z,2026-09-19T00:23:10.716076+00:00
UgwFNJAw9OECuU1XIQZ4AaABAg,VEXJp_L57Nk,8bf4655516f21b9895885b168057c178e98ccbf9a43736978c4a136460011ec5,👍👍👍,1,2025-10-04T02:06:12Z,2025-10-04T02:06:12Z,2026-09-19T00:23:10.716076+00:00
UgxMAizeez-TagrvAeZ4AaABAg,VEXJp_L57Nk,a635e7c7c0a595a9c239d67bb526f5bc73d7976850fb2542acceff004132b039,Modelnya juara ini,1,2026-04-20T10:37:27Z,2026-04-20T10:37:27Z,2026-09-19T00:23:10.716076+00:00
UgzRYBk3A1i1d4vIuRl4AaABAg,VEXJp_L57Nk,26ccbc3e8db03f74a82ab7b66305c483d6aebfb71a11ea48d0694187a2906162,👌👌👌👌😍😍😍😍,1,2025-10-04T16:04:44Z,2025-10-04T16:04:44Z,2026-09-19T00:23:10.716076+00:00
Ugz5_OR7ezvAYNZiWNB4AaABAg,VEXJp_L57Nk,8f280145a62cf81d15c6d74d67676ec899b8f4957640dc93fc5d64c85d8d0107,tadi gw liat di priok udah mulai di towing unitnya,5,2025-10-06T12:26:57Z,2025-10-06T12:26:57Z,2026-09-19T00:23:10.716076+00:00
UgySuF2ve8OThuNGS3l4AaABAg,VEXJp_L57Nk,5a3b6ad371656a61a1e86dcc78c67bce633d5a7b5b9d9a43c37b0637b1ae1530,Coba warnanya merah maron kek yaris GR jadinya kwwkwkwk,4,2025-10-08T11:10:36Z,2025-10-08T11:10:36Z,2026-09-19T00:23:10.716076+00:00
UgxndqWWxCsjGuEWkVJ4AaABAg,VEXJp_L57Nk,f40da77f625b3a0a17a8ccdd037ea518fe222c1a755ec3c0c6273a57018f29c9,"next, tes nanjak stop and go plis",0,2025-10-04T03:41:38Z,2025-10-04T03:41:38Z,2026-09-19T00:23:10.716076+00:00
UgxqYgFGuPjY16YWUcN4AaABAg,VEXJp_L57Nk,aafbea55b1d155795ac5e0df63a6360a8e598e18e7692b51607544031173834e,Lah belum pernah review ini? Ketinggalan lama,3,2025-10-04T05:17:56Z,2025-10-04T05:17:56Z,2026-09-19T00:23:10.716076+00:00
UgxIceKXLO3d6HVvJ9d4AaABAg,VEXJp_L57Nk,63453610f1b4492e600e900a86c2d410feb7934a6613808cdfeda42cbac5de52,"sejak ga ada Bang Rais, kontennya gak sebanyak dulu ya. kayaknya
video komparasi aja kayak gak pernah lagi",13,2025-10-04T02:14:12Z,2025-10-04T02:15:44Z,2026-09-19T00:23:10.716076+00:00
UgzMndmFiQVOE7wFWQZ4AaABAg,VEXJp_L57Nk,40b663450226c2f74812ddaac00a34d5868c6a6a259d2d3b20c492881f9b2ac6,Ternyata begitu ya😂,1,2025-10-09T03:06:51Z,2025-10-09T03:06:51Z,2026-09-19T00:23:10.716076+00:00
UgyyJpz_zoqCNJDwAQN4AaABAg,VEXJp_L57Nk,0bc47d773be59ff1b45aa39b133e98151203b4048ce91d7e5a3ee8d39f06e1d3,Geely gnome kapan nih keluar?,3,2025-10-03T18:14:27Z,2025-10-03T18:14:27Z,2026-09-19T00:23:10.716076+00:00
Ugx6REBmjIMT3VYrepd4AaABAg,VEXJp_L57Nk,7fec4777a265fd442b8640968c6b1dc4e5ff9798097aba61214bbb223996b4a5,Xing yuan ngk sabar hrga brp😅,1,2025-10-04T03:22:53Z,2025-10-04T03:22:53Z,2026-09-19T00:23:10.716076+00:00
UgzgVEclOO4LF7U8YpR4AaABAg,VEXJp_L57Nk,0aee3f495343b9d21407e72037b8f41ae6e1e13fa84c1678abab744c0c1411d5,"Saya sudah test drive minggu lalu yg tipe rendahnya.
Tapi memutuskan tidak jadi ambil karena mainly 2 hal: Pertama, bagi kebutuhan saya, ukuran mobilnya terlalu kecil untuk jadi mobil satu-satunya.
Kedua, tarikannya agak kurang bagi saya yang tinggal di kota yg banyak tanjakannya.
Perbandingan saya dengan Wuling Binguo tipe tertinggi (jatah kantor) yg sudah saya pakai 1 tahunan.

Selebihnya, ride quality bagus, desain menarik, harga oke.",11,2025-10-04T02:22:34Z,2025-10-04T02:26:32Z,2026-09-19T00:23:10.716076+00:00
UgwpHEPsVKGWDrOwAWt4AaABAg,VEXJp_L57Nk,47ed531ce8ed9a92cc8cce8bf7b15e0df51761b4fdb7fd1cef7468a49e694e99,"Tergantung loo pakainya,, jgn nyinyir tong",1,2025-12-01T19:05:36Z,2025-12-01T19:05:36Z,2026-09-19T00:23:10.716076+00:00
UgwRdYe4D-zn3EkjR9h4AaABAg,VEXJp_L57Nk,52ab1457262f2f481edd2c702577159f3658e6bcb94d24105e99738c2d00a182,Blm kelihatan dijalan raya..dah november...apa indentnya lama?,1,2025-10-19T01:19:40Z,2025-10-19T01:19:40Z,2026-09-19T00:23:10.716076+00:00
Ugy3-Vb3Shfkp6PCKZZ4AaABAg,VEXJp_L57Nk,a0da0cdc87e5fac6a2692ef5759b1c9fc3a93e81edca0eca37e7a200b734bc5b,"Bang, tolong compare Byd atto 1 sama Lamborghini Huracan. Please",8,2025-10-04T01:13:09Z,2025-10-04T01:13:09Z,2026-09-19T00:23:10.716076+00:00
Ugz0_hlt9lowteMY4K94AaABAg,VEXJp_L57Nk,2f9bca84446a87ceb6c92f9e206210884ea7f2a8a43120f9979425bf823564b2,bagaimana bila ditambah solar panel diatasnya.. lumayan wkt parkir,2,2025-10-05T00:13:34Z,2025-10-05T00:13:34Z,2026-09-19T00:23:10.716076+00:00
UgxMgIJ-eNVd7pvERaN4AaABAg,VEXJp_L57Nk,fd652fab9c7ceaa35374d13a32fd2ab78784549072efdda0f3dbb05945902ca8,0-100 jk speed limiter dilepas mk jauh lebih cepat EV 👍,1,2025-10-12T19:58:36Z,2025-10-12T19:58:36Z,2026-09-19T00:23:10.716076+00:00
UgwhxeykH3oSfyWa3MZ4AaABAg,VEXJp_L57Nk,65d3eb33205d454041aee379f9107f74f8b952d4025a949724b1b0b28cd29eb0,"Mas bowo,srkng jadi sendiri atau emang bang aries nya udah ga di grid oto?",0,2025-10-03T13:04:57Z,2025-10-03T13:04:57Z,2026-09-19T00:23:10.716076+00:00
UgyR-LDzdwZgpckvwoJ4AaABAg,VEXJp_L57Nk,aad85f5299cf586746c4fef47e4b7a9806b5f701f1dd863e1720ce31766a890b,"Berubah pikiran dari mobil ice gegara ulah si monopoli minyak oplos, lagi lirik2 mobil listrik",6,2025-10-04T14:41:02Z,2025-10-04T14:41:02Z,2026-09-19T00:23:10.716076+00:00
Ugygihjq876ZgvZd85d4AaABAg,VEXJp_L57Nk,b10bc9438287c5f4189e37b5bb08491bb4f584b0337f952bb800e2e4859d959e,"ah tambah 5jt, 240jt dapet Baleno Vin 24.",1,2025-11-04T13:14:00Z,2025-11-04T13:14:00Z,2026-09-19T00:23:10.716076+00:00
UgwXKOLiF6613Wq0vfl4AaABAg,VEXJp_L57Nk,31e76f1adf362b594205af75e1199787526078e165bece9264cc81c6a3305871,Klw sm Spresso mending mana?,0,2025-10-08T05:23:34Z,2025-10-08T05:23:34Z,2026-09-19T00:23:10.716076+00:00
UgynVDUiBLwYDMibqvV4AaABAg,VEXJp_L57Nk,8b7562ac3fe982a9cacbf595ad25cd684dca4c0b20893d78cdd5547ba65d0b2c,"10 tahun memakai mobile ice (brio), setelah test drive, langsung masyaallah gapake lama SPK, banyak sisi positifnya teman², serius 😁",24,2025-10-03T15:55:59Z,2025-10-03T15:55:59Z,2026-09-19T00:23:10.716076+00:00
UgxcVCq9y3vHYtU2Urh4AaABAg,VEXJp_L57Nk,60db0c4827a0224993323afed97af545d1f59133383740952084b5cfb5be44c8,Kira2 bagasinya muat kursi roda gak sih...?  Buat ngantar ortu terapi😅,0,2025-11-18T10:42:40Z,2025-11-18T10:42:40Z,2026-09-19T00:23:10.716076+00:00
UgyG5_-mtNHdyA16nbx4AaABAg,VEXJp_L57Nk,72200590c0ed1008722c3fa3465521bfc6c49596f1ad09263cc1b8e8e5b005b4,Mudah2an ada yg kreatif jual kamrea 360 ama auto retract spion...😊,0,2025-10-03T16:02:02Z,2025-10-03T16:02:02Z,2026-09-19T00:23:10.716076+00:00
Ugz02kzWrz7gTtFWnXV4AaABAg,VEXJp_L57Nk,e48c6a924e447fe3c57653eafb3c01839c41ce5b7d7b3125966cad0030b84edc,Tes dref banjir gimana ?,1,2025-12-12T23:02:09Z,2025-12-12T23:02:09Z,2026-09-19T00:23:10.716076+00:00
UgyrDxskT_KtHJ-fqHN4AaABAg,VEXJp_L57Nk,b06988baf326bfe72727eb8bfa5df06a897d16a2cb469b63d4b59deb5dbc74dc,Sayang yg warna silvernya ga dimasukin pdhl cakep bgt,0,2025-10-03T14:46:17Z,2025-10-03T14:46:17Z,2026-09-19T00:23:10.716076+00:00
UgzU-gu5y-cwq7cgrMR4AaABAg,VEXJp_L57Nk,268c38e041f10332724d15c169db2d10fe7e4ddbb7cf4a1b543989fd3f0b55f4,"Cocok buat dalam kota, kalau keluar kota juga ga masalah asal matang hitung jarak dan perkiraan charging.
Keluar kota bagusnya charging saat sisa 30% sampai ke 80% atau lebih dikit, karena ini rentang charging paling cepat daripada memaksakan sampai 100%. Di atas itu proses charger akan melambat.",4,2025-10-04T02:39:48Z,2025-10-04T02:39:48Z,2026-09-19T00:23:10.716076+00:00
UgxqDgfE8Isstxu1mPt4AaABAg,VEXJp_L57Nk,e58c08bcd75accaa435cb3036a736e88886a5c27fd133ea8f66a156d8f2eb0a8,Apakah wuling cherry dll akan diam saja? Tentu tidak! Jangan beli dulu!,0,2025-10-08T14:22:42Z,2025-10-08T14:22:42Z,2026-09-19T00:23:10.716076+00:00
Ugx8RBfwXrWiW3SCW_t4AaABAg,VEXJp_L57Nk,99606b51af021c69f07f0444c7b2ffba7c90ad2132dc9eeb76a2e5d2a948a729,Acnya adem gk bang?,0,2025-10-20T06:03:59Z,2025-10-20T06:03:59Z,2026-09-19T00:23:10.716076+00:00
UgzdMSB1qcwnv304Tjl4AaABAg,VEXJp_L57Nk,c3364ef3da4d78e74c440a363ab56a401b6ed4fb25dd7535a83072153591c72d,"Kealingan
Bahasa mana tuh bang? 😂",0,2025-11-01T13:30:18Z,2025-11-01T13:30:18Z,2026-09-19T00:23:10.716076+00:00
UgwPiByCYrpksE3PRqR4AaABAg,VEXJp_L57Nk,a007c18a79efc678a201e897afe09db4e81df11156c276476046ec2082379a1e,"Mending bensin, biar bahlil bisa joget2 depan spbu",1,2025-10-04T03:30:05Z,2025-10-04T03:30:05Z,2026-09-19T00:23:10.716076+00:00
Ugxc4Zb7SSLxk3cchBl4AaABAg,VEXJp_L57Nk,6ada23edf49755e10e979b454dcc96a0ad02e59ee2ce73366e9f6626f018a21e,gak ada yang bahas kolongnya yang tanpa pengaman ya,6,2025-10-08T03:10:16Z,2025-10-08T03:10:16Z,2026-09-19T00:23:10.716076+00:00
UgwEFfpRHr1-0t8M9eV4AaABAg,VEXJp_L57Nk,4ed60f986f44bc44eb2ae820f254811ea055c00fea53df594ae9ef6d07f9c842,bentukan mirip gr yaris malah,4,2025-10-03T14:42:48Z,2025-10-03T14:42:48Z,2026-09-19T00:23:10.716076+00:00
Ugx7Q02VgXNi4wD-x3V4AaABAg,VEXJp_L57Nk,6312c472016597b94dba650316487982d972c5b08fd9df61529a6ecfe8ecdec4,Ni mobil makan 2 segmen yaitu lcgc dan hatchback ya notabenenya mobil city car semua,2,2025-10-04T02:57:00Z,2025-10-04T02:57:00Z,2026-09-19T00:23:10.716076+00:00
UgzE7fwydWcAbkXHDoZ4AaABAg,VEXJp_L57Nk,80c77d26ab96eb6f188e7dcfb8065ca2bb57e6048565be691ad518897fbc1867,"beyede atto satu, seharusnya pihak pemerintah diwajibkan kembali utk brand berbahasa asing membuat brand khusus utk indonesia agar mudah di eja dan diucapkan oleh orang indonesia, jangan lagi memajang plang nama toko atau swalayan serta nama produk yg di eja dengan ejaan non fonetik semacam inggris, cina atau prancis, kalaupun tidak lansung berbahasa indonesia seenggaknya pakai kata yang di eja persis seperti pengucapan orang indonesia, semacam bahasa latin, spanyol atau romawi, seperti wuling yang bikin almaz, toyota dengan agya, avanza, honda dengan brio, merek merek seperti raize dibaca rez, atau hrv dibaca eij ar vi, akan menyulitkan orang awam dalam membacanya, dimana di sumatra mobil fortuner dibaca porcun",0,2025-11-01T21:09:38Z,2025-11-01T21:09:38Z,2026-09-19T00:23:10.716076+00:00
UgwMVSpDc1XKLu9B8ht4AaABAg,VEXJp_L57Nk,b28dc017a115781501cc2413c203adf804538439f16c660506a846c50a685299,Masih menunggu saingan atto 1 harga di bawah atto 1😅,1,2025-10-03T12:30:47Z,2025-10-03T12:30:47Z,2026-09-19T00:23:10.716076+00:00
Ugz_vzKwDdD19KE2FuZ4AaABAg,VEXJp_L57Nk,9654b3cb89ee269b676607f275a9177b065629d4a6b568a131d467353b22603b,"10 tahun pakai pajero sport dakar 4x4 dan 4x2 ultimate, ganti atto 1 spk Agustus 😂😂 moga2 Oktober ini deliver",0,2025-10-12T11:34:49Z,2025-10-12T11:35:50Z,2026-09-19T00:23:10.716076+00:00
UgwqWoICf2NNEq9lmYp4AaABAg,VEXJp_L57Nk,5b4260fa883617b9a93be2fc9e67877c2dd38c11ebcc434f4d4ca3e079e24629,Kalau untuk pengguna mbil pertama bijak ga ya beli byd?,0,2025-10-07T08:06:14Z,2025-10-07T08:06:14Z,2026-09-19T00:23:10.716076+00:00
UgzhxJ9qDATfKcdxxsl4AaABAg,VEXJp_L57Nk,9b5d27cd3bc22165c8418d0c11c08c285db4d87e37717894e0bbe2dde3e07e79,Saya punya byd m6. Aftersales mau ganti spion aja nunggu 1 bulan. Sampai sekarang di ghosting terus sama bengkelnya di KALIMALANG. catet tuh BYD Dan ARISTA. NO VIRAL NO SERVICE.,6,2025-10-04T00:33:18Z,2025-10-04T00:33:45Z,2026-09-19T00:23:10.716076+00:00
Ugx8s2k0_Rx5PtoqMPV4AaABAg,VEXJp_L57Nk,54289342a4f6558b765a75862acd8a9fc181e5a3aafb5c8f6e29adf6e97f9045,Dari giias masih belum muncul ni. Mobil di jalan 🙄,0,2025-10-03T22:11:01Z,2025-10-03T22:11:01Z,2026-09-19T00:23:10.716076+00:00
UgyRNYtgV8_ER-iQNBB4AaABAg,VEXJp_L57Nk,774010dba01e649a17a8c62f913386a362af827d839cb0bf0883c27709101d72,apakah bijak menjadi kan mobil listrik sebagai mobil pertama?,0,2025-12-03T05:54:33Z,2025-12-03T05:54:33Z,2026-09-19T00:23:10.716076+00:00
Ugy1izA4fC2urt6NheF4AaABAg,VEXJp_L57Nk,b9a14c8d7c56e9726b6acb204699cfe99f0c8480307f7958cf1713ec59d52447,Klo dijadiin mobil Taxi Online kuat gak ya ?,0,2025-10-08T06:42:20Z,2025-10-08T06:42:20Z,2026-09-19T00:23:10.716076+00:00
Ugy49t1JQC4pC2TZyTZ4AaABAg,VEXJp_L57Nk,6312c472016597b94dba650316487982d972c5b08fd9df61529a6ecfe8ecdec4,"Real range yaaa sekitar 350-340 km sm yg premium, sedangkan utk yg dynamic sekitar 270-250km",1,2025-10-04T02:56:10Z,2025-10-04T02:56:10Z,2026-09-19T00:23:10.716076+00:00
UgwPlP0fnvFiHSG_5pN4AaABAg,VEXJp_L57Nk,7cf01ee4c6f0b20a925dcd45e1143b3abc2014c2d838fe159e535825bf656c60,Spion atto1 udah bisa lipet otomatis ga sih bang?,0,2025-10-09T03:28:39Z,2025-10-09T03:28:39Z,2026-09-19T00:23:10.716076+00:00
UgyrmTmwh_DQmtPMSfV4AaABAg,VEXJp_L57Nk,a4653e00ad0bdc68b12cb84e803597187158e473745a0274f4c11ac38fbb2e19,"Jadi better ambil ini atau geely EX2 ya? Bingung nih..
Denger2 dapat bocoran kalau EX2 itu harga nya 250-280 juta",3,2025-10-07T03:59:20Z,2025-10-07T03:59:20Z,2026-09-19T00:23:10.716076+00:00
UgwBg3YogmdttxcQWnl4AaABAg,VEXJp_L57Nk,d7f5050292ee21fd5513e5b94362515a31caafe2d1d5b7701cbc18333c99410f,"Pakai m6 bisa 1:7 mpe 1:8...
Atto 1 sudah spk, klo dlm kota aku coba bisa koq 1:10 lebih",0,2025-10-03T23:58:31Z,2025-10-03T23:58:31Z,2026-09-19T00:23:10.716076+00:00
Ugw82G0HvoEeX4Gujkh4AaABAg,VEXJp_L57Nk,1ffdd7b71d8b758ba2fda70c8489c5f6f1ac50efa1cd48b3043031f7decb71d5,"2:40 Pilihan warna cuma 3 jelas sangat tidak cukup, mengingat ini mobil kecil dan akan jd EV sejuta umat

Apalagi model2 BYD yg lebih besar bs ksh banyak warna bahkan Denza D9 pun pilihan warnanya lebih byk dr Atto1",1,2025-10-03T14:24:50Z,2025-10-03T14:24:50Z,2026-09-19T00:23:10.716076+00:00
UgzBUoPSDGrg2tJQHk54AaABAg,VEXJp_L57Nk,f2bb509a92c119c4babad4f6eeb6213d0c2b56e25335f9d71f826ca65eec6f05,Kok w keliling jkt saban hari blm pernah liat atto 1 wara wiri ya 🤔,1,2025-10-03T19:26:07Z,2025-10-03T19:26:07Z,2026-09-19T00:23:10.716076+00:00
Ugy4dpclte94z3SXsKJ4AaABAg,VEXJp_L57Nk,c583867950fde1a95d33846c534336dfb0193474e1a4557ccd2dee86add6663c,Jadi konsumsi per kwh g sesuai claim dong ya kalau dibawa sesuai pengetesan ini,1,2025-10-04T08:34:49Z,2025-10-04T08:34:49Z,2026-09-19T00:23:10.716076+00:00
UgxudsdwimRqPzM6FUh4AaABAg,VEXJp_L57Nk,6a4bfe5d1e588f1975b1c658363ddf865581066c315c9150ee7ee81accac6df7,ngga ada ban cadangan yaa,0,2025-10-03T23:52:46Z,2025-10-03T23:52:46Z,2026-09-19T00:23:10.716076+00:00
Ugwrnji4N2rgXU25n3B4AaABAg,VEXJp_L57Nk,8d153bd5917e78cad49305f3829da7de44632b2c380f36e61b51eccca6739bd0,Ga ada ban serep,0,2025-10-04T01:15:51Z,2025-10-04T01:15:51Z,2026-09-19T00:23:10.716076+00:00
UgzZsVu950hQBQXxgUZ4AaABAg,VEXJp_L57Nk,3c092641817d887625c580500c1b92f08f117df155250a728ff641acd8b8c188,ga ada warna abu !!  payah !,1,2025-10-03T15:26:02Z,2025-10-03T15:26:02Z,2026-09-19T00:23:10.716076+00:00
UgyD1nbsMs53FF6D7iV4AaABAg,VEXJp_L57Nk,ced9a3f33a8d8fdc4289c3c10f502f4bdf85d162dd91cfe3bf2c28b3646bc9ee,"Mau beli, masih khawatir pom listrik nya. Gak semua ada sih.",0,2025-10-03T23:51:50Z,2025-10-03T23:51:50Z,2026-09-19T00:23:10.716076+00:00
Ugwor9NxnPqKnMLbg9x4AaABAg,VEXJp_L57Nk,f6d7627828067bf7a1b2cca19d9f0963bf69facfb9dc91c3f625a1598f1bae89,"Tadi di info SPK siang tadi bisa serah terima unit November karena ada stok free 3 unit.
Tqpi jujur aja pas liat langsung agak kurang sreg, mamng di banding LCGC terasa lebih bagus, tapi kalau di banding binguo, BQ menurut saya bagus binguo.",1,2025-10-03T14:10:47Z,2025-10-03T14:10:47Z,2026-09-19T00:23:10.716076+00:00
UgwTtjkn_X4wIWOEIfB4AaABAg,VEXJp_L57Nk,f8790eac833655c5b766c4fb56d28b309a16a2a3976cabe438cdc2133a689455,Kenapa y.. sampai hari ini saya belum tertarik sama yg namanya mobil listrik.. masih ragu..,0,2025-10-03T17:37:07Z,2025-10-03T17:37:07Z,2026-09-19T00:23:10.716076+00:00
UgwtIzgWHJoWyqEDjDR4AaABAg,VEXJp_L57Nk,2cf86459c19a79d1864c997b2972bb1cdd4220dceb8ba3fe1be82ee3265e6dc5,"setuju siksoal design .. depan keren, samping cakeep bgt, belakang yg kureng",2,2025-10-05T08:27:00Z,2025-10-05T08:27:00Z,2026-09-19T00:23:10.716076+00:00
Ugy7PDu1VTMs4f9oQph4AaABAg,VEXJp_L57Nk,2fc2ff8cf2355ce7519d055f3324a49ab29477fe0a907e76a04c438459569c30,Saya msh ragu beli mbl listrik perasaan takut koslet,0,2025-10-03T12:15:23Z,2025-10-03T12:15:23Z,2026-09-19T00:23:10.716076+00:00
UgydUf4Wcs6x97z_VkV4AaABAg,z1fWo8tYynA,6ea6b350b1c01c631c997cc494f463ec45bcf127272996f77744b441c8e40616,"Pemirsa.....
Silahkan anda Beli Mobil apapun yang anda mau ,tapi ingat selalu parkir Mobil anda Di Garasi Rumah anda.
dan Jangan Parkir di Jalan Umum apalagi parkir di jalan Komplek.....",73,2025-10-09T17:45:40Z,2025-10-09T17:45:40Z,2026-09-19T00:23:10.960426+00:00
UgwB6iuuwOtSAxQSn9F4AaABAg,z1fWo8tYynA,a5911eeebd5408b1b5e0fa6a762e16c9d05543e54d5066e960ab4c39f53dbd30,Yg sdh ngiler dgn byd atto semoga segera memilikinya di parkiran rumahnya...,399,2025-09-17T13:53:00Z,2025-09-17T13:53:00Z,2026-09-19T00:23:10.960426+00:00
Ugza6BoRg3Us2i8WF3Z4AaABAg,z1fWo8tYynA,2fae44c58fde4d6d4e4ae1bd11d4aee9fb65ad9fc30ef15719898bed12862098,"Udah lihat aslinya di jalan kemarin,ternyata aslinya lebih ganteng gaess BYD atto 1 ini❤",30,2025-09-19T13:17:47Z,2025-09-19T13:17:47Z,2026-09-19T00:23:10.960426+00:00
Ugw7jI2DKnxQXkO1gWd4AaABAg,z1fWo8tYynA,ec6469afd1347d2038dd93818b0225d46b7e7d11267ff73ae02d44215b40514e,Bakal jadi mobil sejuta umat nih,107,2025-09-17T16:19:39Z,2025-09-17T16:19:39Z,2026-09-19T00:23:10.960426+00:00
UgxnFToalT4_BRC6eWZ4AaABAg,z1fWo8tYynA,11a1317ff706283f9cc1111b2dcf73100702299424718586816fd5f586dfe009,"Mobil listrik murah sekarang desainnya udah manusiawi, bukan kayak mobil mainan lagi.",9,2025-09-18T00:03:33Z,2025-09-18T00:03:33Z,2026-09-19T00:23:10.960426+00:00
UgzRYdyuJpkO8kjQFqR4AaABAg,z1fWo8tYynA,5cf5ca5f5d9c6c0021aacabb38d6ccd32a22dcc5a57cd19b41c8692426f2cf46,"Saya doakan yg baca komen ini di  mudahkan membeli mobil BYD, amin",159,2025-09-23T07:54:51Z,2025-09-23T07:54:51Z,2026-09-19T00:23:10.960426+00:00
Ugy0u7s4YcNqkt2gJEJ4AaABAg,z1fWo8tYynA,55d7ebceedc58c3379fa0bd0913ef589469c237901c7c8448b946ed7d7f3fa88,"Utk buyer byd, pastikan suoaya dapat tahun ini, karena yahun depan uda pasti berubah skema nya.
Thn ini subsidi cbu china lbh besar drpd yg uda invest di indo, ga heran harga bs lebih murah.
Uda lbh murah, masih dpt barang cbu china. Kalo dibandingkan cbu china vs produk lokal indo, jelas menang cbu china.
Tp kalo anda dpt nya tahun depan, silahkan berpikir ulang.
Utk harga sendiri atto1 vs binguo di china jelas lebih murah binguo.
Yg disini anomaly karena besaran subsidi import lbh menguntungkan produsen",15,2025-09-21T04:59:39Z,2025-09-21T04:59:39Z,2026-09-19T00:23:10.960426+00:00
UgzHiNclCaW3CAe7Ult4AaABAg,z1fWo8tYynA,f8f64a61dac30a2f672e6ceefbb474dda1c5b10b39dea2887e7db4cf89e5e8e1,Bismillah pasti Allah kasih beli cash di tahun 2025,21,2025-09-18T05:48:34Z,2025-09-18T05:48:34Z,2026-09-19T00:23:10.960426+00:00
UgxUjup3pgjJsPiPn854AaABAg,z1fWo8tYynA,8683d84f41da15d7ed6d3c533a29c0fafff0fa0a4b851235cec9615735ac790c,"Semoga tahun depan bisa kebeli atto aminn 🤲🏻 
Semoga juga  kedepan nya bisa ganti unit baterai only dan harga 25jt an 😅",10,2025-09-17T22:25:22Z,2025-09-17T22:25:22Z,2026-09-19T00:23:10.960426+00:00
Ugzuoy6WaKvA6au5CWl4AaABAg,z1fWo8tYynA,f138c66b16ccd9545edc97952eea1d53cb5514b08614a3988101176a0352e204,"BYD bahkan serius dgn mau bangun pabrik disini, intiny ap, ketersedian parts , service lebih terjamin, kdg males jga list antrian pom makin rame..tpi ingat kalian harus disiplin dlm penggunaan per km.. jgn sampai batrei abis.. wat harian urban its ok lah..untuk dalkot",17,2025-09-22T06:15:57Z,2025-09-22T06:15:57Z,2026-09-19T00:23:10.960426+00:00
UgwtBeCWO_6Domt1Pe54AaABAg,z1fWo8tYynA,4a452dc1428a2e72c5be94c48bbcaed0a2f8784e04a2a97bea4ef0ed5db03507,"Semoga para pahlawan pembeli mobil china semakin banyak.
Biar nanti kami menikmati kedepanya dengan banyakanya sparepat and bengkel resmi maupun bengkel pinggiran semakin banyak seperti toyota",22,2025-09-17T16:31:14Z,2025-09-17T16:31:14Z,2026-09-19T00:23:10.960426+00:00
UgycjPb457L5KVb9zcR4AaABAg,z1fWo8tYynA,0f9dc2eefbb11af73c2a077ebce62535c21fd60f8fd9aaefd003cb94f0a025f4,"edukasi dong bang ... bikin garasi sebelum beli mobilnya.
karena bakal jadi mobil sejuta umat nih.",6,2025-11-17T04:22:43Z,2025-11-17T04:22:43Z,2026-09-19T00:23:10.960426+00:00
UgwI6qsyhSLtoPnYQ2F4AaABAg,z1fWo8tYynA,a105188e9ed9b12c31507c6574d679b1024f721c90edaf961d444ec0c6626628,"Akhirnya sang penggebrak pasar city car listrik di-review juga 🔥 Semoga makin banyak pemain di segmen ini setelah munculnya Atto 1, dan semoga brand W tobat",12,2025-09-17T12:18:19Z,2025-09-17T12:18:19Z,2026-09-19T00:23:10.960426+00:00
UgyXeEs-xDXaLV4setZ4AaABAg,z1fWo8tYynA,b9f2b9fe1723c08e558df41c55e279587eb48c27461422e4e113bd7b282e054f,Yang Atto1 nya udah pada sampe rumah angkat tangan semuaaaa setelah lama nunggu heheee,4,2025-11-05T16:25:30Z,2025-11-05T16:25:30Z,2026-09-19T00:23:10.960426+00:00
UgxUWdUse-vYvuqwIBB4AaABAg,z1fWo8tYynA,5556d43834c018e25813a40831b4c35cf9436bcfc115a321065e2aa4a2573437,"Mobil impian, mudah mudahan harganya tidak naik dan kuliatasnya makin bagus. Thanks BYD",1,2025-09-18T06:01:48Z,2025-09-18T06:01:48Z,2026-09-19T00:23:10.960426+00:00
UgzngtuMJKdRKZyz-Sh4AaABAg,z1fWo8tYynA,b99c716f0d6656092818fc44bf1a59033466c9d0ae135b74539b0d89f5e72132,"Saran bang, untuk review/penjelasan alangkah lebih baik bahas setiap part secara detil, baru lanjut ke part lainya. Jadi lagi bahas desain exterior nih, gak tiba2 lompat ke kuci, trus balik lagi ke body. Udah bahas perbedaan dinamic dan premium, bahas interior, terus bahas balik lagi ke perbedaan dinamic premium 🙏🏻.",1,2025-09-23T07:51:07Z,2025-09-23T07:51:07Z,2026-09-19T00:23:10.960426+00:00
UgywZc9fZozhs41i6HF4AaABAg,z1fWo8tYynA,68da4fbb276a3dbaf38f4d9e9270973ada92710c89bb4fe279d96d50fc82cfc6,"Mobil paling layak di beli di THN 2025 ini , LBH murah dari LCGC tapi LBH nyaman dan menang fitur",7,2025-09-19T05:16:15Z,2025-09-19T05:16:15Z,2026-09-19T00:23:10.960426+00:00
UgznAmKXizMpb_lHL3V4AaABAg,z1fWo8tYynA,8b7562ac3fe982a9cacbf595ad25cd684dca4c0b20893d78cdd5547ba65d0b2c,"Yang ditunggu-tunggu dari motomobi bahas byd atto 1 secara lengkap, saya sudah SPK pertengahan bulan agustus lalu om 🎉 ❤",60,2025-09-17T12:42:57Z,2025-09-17T12:43:41Z,2026-09-19T00:23:10.960426+00:00
Ugz_XYgDvIMDu6RPZtJ4AaABAg,z1fWo8tYynA,f3befd64f95c8a9a3f66da2d4e8dacfca7e4963b95ab9dde7882ba2a048a804f,Di Riau sudah mulai banyak konsumen BYD berseliweran dijalan.,3,2025-09-19T13:17:45Z,2025-09-19T13:17:45Z,2026-09-19T00:23:10.960426+00:00
UgwYnCU7OlWvc7iRHrh4AaABAg,z1fWo8tYynA,18a7c6b71eeed0798cc31e5d270140095d711e74aa29707d01a5caf2823e72dd,Dari dulu ga suka mobil modern. Saya dr mulai 2014 SMA baru punya sim a sering pake honda cielo 98 punya bapak. Udah kerja bisa nabung beli greco. Dipake 2 tahun ganti ke jazz gd3 2007. Baru setahun dipake dapet rejeki akhirnya kebeli mobil civic fd 2011 dipake sampe skrg. Secandu itu motuba buat saya. Misal Dikasih 200jt disuruh buat beli lcgc. Saya mending ambil mobil 120 jt yg saya suka trus 80jt nya buat ngeberesin PR + Modif nya. Akhir2 ini kepikiran pengen beli mobil listrik krn pertamina mulai ngelawak tp bener2 ga ada yg suka sama molis yg masuk budget. Dan baru kali ini saya kesengsem sama molis. Bismillah semoga bisa segera kekumpul duitnya.,38,2025-09-18T05:04:37Z,2025-09-18T05:04:37Z,2026-09-19T00:23:10.960426+00:00
UgyFCgTZOkYG9ewqg854AaABAg,z1fWo8tYynA,b8016d707442afafd049ce9a1baa7a2d7348b3d4fdb8807e3840d34f57c96ce3,TERIMAKASIH INFOLENGKAPNYAA OM MOBI👍🏼,1,2025-09-18T13:25:26Z,2025-09-18T13:25:26Z,2026-09-19T00:23:10.960426+00:00
UgzaSLye6E_xCq86BRJ4AaABAg,z1fWo8tYynA,4cb7015ae6ce5f1328a24047e494f20579f1f3db04aa5c77f85c06b4ef74d5d3,"Om mobi ini seperti boim bin sain, suara, gaya, dan cara bicaranya mirip loh😮",2,2026-01-09T15:05:44Z,2026-01-09T15:05:44Z,2026-09-19T00:23:10.960426+00:00
UgygHXxJwIOkXWtJZfR4AaABAg,z1fWo8tYynA,d5d476bb9fa40e3af9c2596ec1af1e9370a6b5958ad060631818e7f785f6ab8d,"BYD jual harga segitu, termasuk strategi marketing..dengan fitur lengkap harga segitu, bakal banyak logo BYD berseliweran di jalan ...",31,2025-09-18T09:52:21Z,2025-09-18T09:52:21Z,2026-09-19T00:23:10.960426+00:00
UgwIY1d9WUSIQiEy3zZ4AaABAg,z1fWo8tYynA,425fa4dfe067a70e30d9f8e8286bde7805ae8dd3a0aea21534222659972caa0f,biarin dah ada kompetitor biar lcgc ngaca perbaiki fitur jangan seenaknya bikin mobil,27,2025-10-29T05:39:32Z,2025-10-29T05:39:32Z,2026-09-19T00:23:10.960426+00:00
UgxHD3SWWA45un5yIVB4AaABAg,z1fWo8tYynA,003866bb0d6be620fc94c6a884c987125497450e41489870369b1e1100f81574,"Sangat wajar mobil china begitu murah di antara lain nya,karena mereka menguasai rantai pasok",3,2025-09-20T14:25:33Z,2025-09-20T14:25:33Z,2026-09-19T00:23:10.960426+00:00
UgzXPQM74qRbALhTfAd4AaABAg,z1fWo8tYynA,f597e25bc8356144ec17563725683885fa35828ea14bad9e6a98e6107d751de1,"Tetiba Jaecoo J5 launching, dhuuaarrr…",11,2025-11-05T13:41:25Z,2025-11-05T13:41:25Z,2026-09-19T00:23:10.960426+00:00
UgwOS1sgebD7XUHcGN54AaABAg,z1fWo8tYynA,9dfbc5a1d456af01f79f3aed6eaef79b9cd2ac14465263b383dbc5008507f523,pertama kali test drive ini rasanya sangat solid disetirnya untuk mobil 200jt. impressive,1,2026-01-15T06:34:44Z,2026-01-15T06:34:44Z,2026-09-19T00:23:10.960426+00:00
UgxRrw44oL6YGGntgB14AaABAg,z1fWo8tYynA,c1b44ab1c63c173efc984b37ec4189889b3a242ccb269f9b6a9dd4f5cef10f20,Semoga Allah memudahkan untuk beli BYD amin ya rabbal alamiin,0,2025-10-04T07:15:49Z,2025-10-04T07:15:49Z,2026-09-19T00:23:10.960426+00:00
Ugy20hmAX3a9_AZYHHV4AaABAg,z1fWo8tYynA,6b5c5284471e8049bf1e6b4a7d0b95af58be914e51523d53197a9d5795943f77,"Berdasarkan video tersebut, berikut adalah ringkasan ulasan tentang mobil BYD Atto 1:
Informasi Umum dan Harga
 * BYD Atto 1 sangat populer dan banyak dipesan karena harganya yang terjangkau, mirip dengan mobil LCGC, namun dilengkapi fitur yang lebih banyak [00:29].
 * Terdapat dua varian: Dynamic (Rp195 juta) [01:09] dan Premium (Rp235 juta) [01:20].
Spesifikasi dan Fitur
 * Desain: Mobil ini memiliki desain yang unik, mirip dengan Lamborghini dengan garis-garis tegas [01:57]. Ia dilengkapi dengan over fender kecil, pelek 16 inci, rem cakram belakang, dan tidak memiliki knalpot karena merupakan mobil listrik [06:05].
 * Performa: Motor listriknya menghasilkan 74 hp dan torsi 135 Nm [07:46]. Akselerasi dari 0-100 km/jam membutuhkan waktu 14,12 detik [25:09]. Tersedia mode berkendara seperti Echo, Sport, dan Normal [14:50].
 * Baterai & Pengisian:
   * Varian Dynamic memiliki baterai 30,08 kWh dengan jangkauan 300 km [03:37].
   * Varian Premium memiliki baterai 38,8 kWh dengan jangkauan 380 km [03:52].
   * Menggunakan konektor CCS untuk pengisian DC charging [03:07].
 * Kenyamanan & Interior: Kabinnya senyap [19:36] dan suspensinya nyaman [20:38]. Posisi mengemudi terasa pas [18:35], dan ruang di kursi belakang cukup lega [08:55].
 * Fitur Lain: Mobil ini dapat dibuka menggunakan kunci model 'peti mati' atau kartu NFC [05:02]. Sistem infotainmentnya mendukung karaoke, pengunduhan aplikasi, dan menonton YouTube [12:09].
Perbedaan Varian Dynamic vs. Premium
 * Setir: Dynamic (karet) vs. Premium (kulit) [10:13]. Setir Premium juga dapat diatur secara teleskopik, tidak seperti Dynamic [10:29].
 * Kursi: Dynamic (fabrik, manual) vs. Premium (kulit, elektrik) [10:59].
 * Pengisian: Varian Premium memiliki wireless charger, dan pengisian DC yang lebih cepat (40 kW) dibandingkan Dynamic (30 kW) [03:26], [10:40].
 * Jendela: Power window Premium memiliki fitur auto up dan auto down, sementara Dynamic hanya auto down [10:47].",113,2025-09-17T13:27:41Z,2025-09-17T13:27:41Z,2026-09-19T00:23:10.960426+00:00
UgxQIOBsGpRefNOaRAh4AaABAg,z1fWo8tYynA,3473da9ad43621b5034924f81d776b55ad2329c4d1db560751a46a9e9dad5bdb,"bentuknya lambo banget
ternyata yg desain emang desainer Lambo wkwkwk",13,2025-09-18T01:06:11Z,2025-09-18T01:06:11Z,2026-09-19T00:23:10.960426+00:00
UgzaunnsGen7N7l-NuZ4AaABAg,z1fWo8tYynA,d0ef058ce76b9b8ab9580d091045255f57f94b3ccb2fa2a64f1f3e9749bce163,"Saya bukan pengemar mobil listrik.. tapi mobil ini layak dipertimbangin sih..
Worth pake banget dengan harga Dan fiturnya ❤",100,2025-09-17T19:11:09Z,2025-09-17T19:11:09Z,2026-09-19T00:23:10.960426+00:00
Ugyv4wux0W7eGXr5As14AaABAg,z1fWo8tYynA,6e23d22c89ce84aa32829376f6a0760207b9830d00f7a8a22db77abc5bec1501,Handle pintu belakang di umpetin kayak Nissan juke cakep tuh dari samping kyk 2 pintu,2,2025-11-06T04:12:49Z,2025-11-06T04:12:49Z,2026-09-19T00:23:10.960426+00:00
UgzUUxdaG_Pm8n5gy6J4AaABAg,z1fWo8tYynA,70ffdca583e056c56f8521a811c924815e173c1e8cbaa9ab997eb4f9631795f2,isunya kemarin itu yg naik soal pengecekan rutin/service rutin yg klo diluar tgl yg udah di jadwalin mereka ngenain charge atas pengecekan/service yg mana mobilnya masih dalam cover gratis dari dealer,3,2025-09-24T02:00:24Z,2025-09-24T02:00:24Z,2026-09-19T00:23:10.960426+00:00
UgxGljvouv-yMnRCnF14AaABAg,z1fWo8tYynA,c40ef6f68fd638ae07abacceb9c55052e966e076a4eb350cdc6a80c8ce334c73,bahkan yang lebih mengejutkannya lagi Mobil ini dapat bintang 5 atau 5 star di euro ncap. bayangkan euro ncap bintang 5 di harga segitu dengan ukuran sekecil itu gelooo 😮😮,141,2025-09-17T14:46:46Z,2025-09-17T14:46:46Z,2026-09-19T00:23:10.960426+00:00
UgzGSZqC0F5gU-VTleV4AaABAg,z1fWo8tYynA,0480b912beadb1a000a3ebeefc98e881a917c383c08d8f75057265bd51ddddd4,Engineer BYD emang inovatif.. Suka kunci nfc nya,1,2025-09-18T10:20:15Z,2025-09-18T10:20:15Z,2026-09-19T00:23:10.960426+00:00
Ugw0gZz3aZ1yip6bWYh4AaABAg,z1fWo8tYynA,15004c0544e467cffaa7d56edd37ddb6636f232809d863ac819190765ccb823d,"Buat yang beli mobil ini saya mohon kalo parkir jangan terlalu mundur yaaaaa, biar keliatan dari jauh kalo parkirannya occupied 

Bismillah yang pengen punya mobil ini disegerakan bisa punya 
🙏",1,2025-09-19T18:14:03Z,2025-09-19T18:14:03Z,2026-09-19T00:23:10.960426+00:00
UgxdBrZmBkSM0j0tuDl4AaABAg,z1fWo8tYynA,3ea89d46437a90b5702bf162d2d2a9fd3a7670ed6bab75a2134f0efa5a3d85d3,PERCAYALAH.. BEBERAPA YG NONTON VIDEO INI HATERS EV 😂,2,2025-09-18T10:57:13Z,2025-09-18T10:57:13Z,2026-09-19T00:23:10.960426+00:00
UgzfeIpsm-71p7nX3CJ4AaABAg,z1fWo8tYynA,19ab88b1c5ca308b4ae252f0ac9788e5564dcbb1719c33ada980dde2f94153bb,"punya moblis, + charger panel surya = unlimited energy 🔥",21,2025-09-18T15:59:37Z,2025-09-18T15:59:37Z,2026-09-19T00:23:10.960426+00:00
UgzjEVTNWCeFPvyGCRZ4AaABAg,z1fWo8tYynA,f941cb1c40b6d45852f3922135b05e1116e801f7e5dcc2d8c9d429352487c558,"Brand china ini emang berpotensi jadi raksasa teknologi bisa diliat dari produksi handphone contohnya seperti transsion holding (Infinix,Tecno, Itel) bahkan produsen mobil listrik buatan china juga punya spesifikasi mobil negara lain dengan harga yang lebih murah gila sih",1,2026-01-07T05:24:57Z,2026-01-07T05:24:57Z,2026-09-19T00:23:10.960426+00:00
UgwqHJzfR1kd1FK1asR4AaABAg,z1fWo8tYynA,d7ad7f8bbf76fa23b33475c58e1f8c89df8828a0f2215355cb737aaab313197f,Selagi nunggu unit dateng.. nonton ini dulu…,0,2025-09-17T14:17:59Z,2025-09-17T14:17:59Z,2026-09-19T00:23:10.960426+00:00
UgzeVtIrt5XzvIY3m2p4AaABAg,z1fWo8tYynA,38cf4ffd875d69638f408633c77c1868a53798dfe13ad9ab257faa3613c0b1c5,"Agya murah om yg tahun 2018an 😂 kaum mendang mending, maunya fitur lengkap harga goceng 😂",2,2025-12-13T13:54:16Z,2025-12-13T13:54:16Z,2026-09-19T00:23:10.960426+00:00
UgwX3neOKLxOvjN6OyB4AaABAg,z1fWo8tYynA,bc6d3bd283f5c7ce2679fbcc106b3a4378660da620265cf5846d715a093285f9,"Mobil listrik 2025, acnya malah balik ke model jadul. Bukan pake climate control lagi yg udah jadi standard.. tapi lagi2 termaafkan dengan harga yg lebih murah dibanding mobil listrik lain 😂",3,2025-09-23T22:55:41Z,2025-09-23T22:55:41Z,2026-09-19T00:23:10.960426+00:00
UgxeAxBl7EnvI53_w2x4AaABAg,z1fWo8tYynA,b2fdc0fc6a4b424adac6224ae7631234a94694f690647767445bc47c1fe2fc29,Nunggu pesenan nyanpe november. Pas test drive emg enak sih nyetirnya dbanding M6 yg posisi duduk driver dan pedalnya aneh bgt. Belom lg injekan rem M6 gk enak bgt. Klo atto 1 pedal dan injekannya ud kyk mobil normal,2,2025-09-18T02:51:04Z,2025-09-18T02:51:04Z,2026-09-19T00:23:10.960426+00:00
Ugz8RozHjQ1Inrz7pZh4AaABAg,z1fWo8tYynA,e4fcf4878ee34d7d7ddcf21435f33618e7c08e66c1e273f893c0aff9d3ca3c08,mantab sukses selalu om.,1,2025-11-02T16:33:44Z,2025-11-02T16:33:44Z,2026-09-19T00:23:10.960426+00:00
UgxrkFeFqPP2hfOWFgp4AaABAg,z1fWo8tYynA,ef249579c9022586c835fb35970e65e56974d63754af7f0b9987ac3eea27879a,Semoga target jaga lilin nanti malam bisa buat beli ini mobil amiin,0,2025-10-07T11:43:50Z,2025-10-07T11:43:50Z,2026-09-19T00:23:10.960426+00:00
UgwACPjWG6IWjwBDHT54AaABAg,z1fWo8tYynA,57d325eb2e5ca1d8a8ec78e9dd28e368c0f70a9e8e85af0ff843ff93cd5f33f5,Om mobi gemukan lg nih..,1,2025-09-17T23:02:36Z,2025-09-17T23:02:36Z,2026-09-19T00:23:10.960426+00:00
Ugxd_wQ_20PYV-_nen94AaABAg,z1fWo8tYynA,6b225d75ae4f5890f8c6a00246982debee88697cd5ee05ed0c248b7028367518,Harus mobil listrik adl mobil nasional. Harga cukup 150 juta. Dibangun dlm negeri,2,2025-11-08T08:11:32Z,2025-11-08T08:11:32Z,2026-09-19T00:23:10.960426+00:00
Ugw-_JYQZnrM19clGBp4AaABAg,z1fWo8tYynA,1ffdd7b71d8b758ba2fda70c8489c5f6f1ac50efa1cd48b3043031f7decb71d5,Mobil ini sangat bikin ngiler,1,2025-09-19T11:58:46Z,2025-09-19T11:58:46Z,2026-09-19T00:23:10.960426+00:00
UgxddVUejLRvGJjd7gR4AaABAg,z1fWo8tYynA,f24263664503e04870cb1ec0acaf3bd69d37779b1945d193100aa9d99b556849,"14:20 om epb = tombol P karena di ev tidak perlu transmisi P jadi gantinya rem tangan dijadikan tombol P,
P ada tombol di konsol tengah.

Kalau auto hold ada tombolnya om di konsol tengah, cmiiw 🙏",12,2025-09-18T11:51:04Z,2025-09-18T11:51:04Z,2026-09-19T00:23:10.960426+00:00
Ugzm4U6IknrQO3Wu-414AaABAg,z1fWo8tYynA,80de8516a773436b42e73356da0fadfc264afb0972008f031ca33dd57de8ffa9,6:48 lebih bagus lagi kalo handle pintu belakang di taro di samping kaca (kyk hrv/juke) jadi lebih clean look nya. Terus handle depan nya terlalu ke bawah bgt posisinya andai agak ke atas dikit lebih oke look nya,1,2025-10-02T03:50:06Z,2025-10-02T03:50:06Z,2026-09-19T00:23:10.960426+00:00
Ugz4Mlx2bO2fGUfM2YF4AaABAg,z1fWo8tYynA,b17886b6756ec3928530b0f7de8154200bc4f17f291a3f86706d06a51bd5d81d,keren banget Atto... seger,0,2025-09-17T12:22:34Z,2025-09-17T12:22:34Z,2026-09-19T00:23:10.960426+00:00
UgxZTOUmpSVGewDe9m94AaABAg,z1fWo8tYynA,da9f371964ba73d262b9ca2977a582125c429a5ef99deda094e547434db7628e,"Udah test drive mobil ini , gilakkk joss pokoknya❤",0,2025-10-25T17:14:43Z,2025-10-25T17:14:43Z,2026-09-19T00:23:10.960426+00:00
Ugx-uJ22k6DLw7mZa-V4AaABAg,z1fWo8tYynA,5ff9eca4c8310b4007abfb79cc6c43a660f2fe7790897be8534e730dcd7c5803,"7:15 ""dapet maiikroponn"" medok  suaranya mirip kang somay depan rumah ogut om ",0,2025-09-17T23:31:42Z,2025-09-17T23:31:42Z,2026-09-19T00:23:10.960426+00:00
UgxgL41QkBbsJp1Wpm54AaABAg,z1fWo8tYynA,08810d6cbb37e965e413297ab75198d83a53eeeb63272e7fd21e39f1bbe5862b,Saking buru² upload sampe typo judul : SETALAH 😂,10,2025-09-17T13:23:16Z,2025-09-17T13:23:16Z,2026-09-19T00:23:10.960426+00:00
Ugw6_0JHZLHaIo080_N4AaABAg,z1fWo8tYynA,c909c48516ea35565bdd9bd33d0dc3fc0872494c065510104bac8b85536f86e0,Gw malah salfok sama kijang super kotak dibelakang. Mulus banget cuy. Ngiler gw,0,2025-12-03T13:55:12Z,2025-12-03T13:55:12Z,2026-09-19T00:23:10.960426+00:00
UgxSuKmmoDsWUkskRdp4AaABAg,z1fWo8tYynA,9f2e57e09d03f50183231e908bf46f28401dfa1ad029090731981461a405af0b,Smeoga cepat ada sistem nyetir sendiri😊❤,1,2025-09-19T19:50:27Z,2025-09-19T19:50:27Z,2026-09-19T00:23:10.960426+00:00
UgzFNL4ca-gOQCAo2MZ4AaABAg,z1fWo8tYynA,5036290cc2331f56a217751bff9af5b17feb0247e582e1186347d4edbbfe43a9,Pertamax👍🏻,0,2025-09-17T12:16:19Z,2025-09-17T12:16:19Z,2026-09-19T00:23:10.960426+00:00
Ugx4Ax1JtNqE536LKKt4AaABAg,z1fWo8tYynA,466562137539948e5496aea86fb119fe3747b9a22738a2dbaf226387d973fd40,"Sudah pakai dirumah
Tidak mengecewaakan beyond expectation 🎉",38,2025-09-17T15:20:24Z,2025-09-17T15:20:24Z,2026-09-19T00:23:10.960426+00:00
UgyAWrDDDBUNJs3tTEB4AaABAg,z1fWo8tYynA,574cfd6f9d13b3660c030388d7d8764244d88452991cbcbf616277f9104d9a21,bissmillah punya 😍,0,2025-09-23T04:48:13Z,2025-09-23T04:48:13Z,2026-09-19T00:23:10.960426+00:00
UgwcJc-c2TtPr6q07_54AaABAg,z1fWo8tYynA,37d52b2793e4fae067989d96095c5630e9053bac986918de254c05b6db9bc945,wah pantes sering liat ini di bekasi.. di pake timnya om mobi toh yaaa,0,2025-09-18T00:30:33Z,2025-09-18T00:30:33Z,2026-09-19T00:23:10.960426+00:00
Ugw4ZavpXhQ0TWnTh614AaABAg,z1fWo8tYynA,c2ccfa3cc2c060e724542d13fe9c0878b8731b3fcccdae163fe7347809ec6603,Lebih Manusiawi ini sih dari pada LCGC.,7,2025-09-17T12:48:08Z,2025-09-17T12:48:08Z,2026-09-19T00:23:10.960426+00:00
UgxyK7yz7rEm72mEHix4AaABAg,z1fWo8tYynA,72df6c6ac3baab7c10b43902e70457caebbd409cfbf4e136a8d6c497d28831bc,mantap 🔥,0,2025-09-18T12:53:44Z,2025-09-18T12:53:44Z,2026-09-19T00:23:10.960426+00:00
Ugzz4iSAvDGe_mXy0094AaABAg,z1fWo8tYynA,1625211753022db9f89dcfaea7e5ed5877eeb23d00d734a390ddcbb99706d4c0,om mobi semangat banget reviewnya berarti mobilnya bagus nih,0,2025-10-29T06:46:58Z,2025-10-29T06:46:58Z,2026-09-19T00:23:10.960426+00:00
UgxuESZAAFSNm0TpcmN4AaABAg,z1fWo8tYynA,2fa7316d3f1b40ff738f25ec1762d3d99cbe406f57f7e4ace7a9d54bba9978a7,"Masker nya waktu ganti itu om,dah mbladussh 😂",1,2025-09-20T03:23:20Z,2025-09-20T03:23:20Z,2026-09-19T00:23:10.960426+00:00
UgwzGZH_hkP6BzAM8Xh4AaABAg,z1fWo8tYynA,4a452dc1428a2e72c5be94c48bbcaed0a2f8784e04a2a97bea4ef0ed5db03507,"Coba review  mobil hitam pinggir,yg sejuta umat itu...sayang banget sampe berdebu😂😢",0,2025-09-17T16:38:49Z,2025-09-17T16:38:49Z,2026-09-19T00:23:10.960426+00:00
Ugylx8v1PaRxyIEFTGt4AaABAg,z1fWo8tYynA,95f6e2d1b45c819b6cd251641f3308d733a02a556778b125737ec1e7b032fb1c,alhamdulillah baru kebeli mobilnyaa🤲,0,2026-02-14T08:08:52Z,2026-02-14T08:08:52Z,2026-09-19T00:23:10.960426+00:00
Ugy1BTni3DZxze4idG94AaABAg,z1fWo8tYynA,188567a807b32fbef0b489e2e0c1eac062586e7ed1263903c4527822735636e9,Hai aku fans kamu om mobiii,0,2025-09-17T13:03:13Z,2025-09-17T13:03:13Z,2026-09-19T00:23:10.960426+00:00
UgzXT1JPyk3T5jk7jbh4AaABAg,z1fWo8tYynA,5675fe47526074760311be66b82b7a214ffb2d134f1c623daae8aadaeee3936b,Langkah kikinya presisi juga om buat ngukur panjang & lebar bangun ruang. Keren!,0,2025-09-19T01:46:47Z,2025-09-19T01:46:47Z,2026-09-19T00:23:10.960426+00:00
UgyWIDSQENhu0_8lvkd4AaABAg,z1fWo8tYynA,bc24870c54cec6d36761d49498cb663265c5735aa71d2870c618ea16c1311b65,Ini mobil keren luar dalam.,0,2025-09-19T13:12:51Z,2025-09-19T13:12:51Z,2026-09-19T00:23:10.960426+00:00
UgxsUM84Ggnz-FuwBw54AaABAg,z1fWo8tYynA,1d1c25ef7cfe37949d55605eb61cd05531cb9fe2ab06afbb1002ca399060debf,"Segera mobil ini dijual di seluruh indonesia, udh saatnya seluruh warga menggunakan mobil listrik biar si tukang oplos (pertamina) itu bangkrut, semoga juga ada motor listrik yg harganya murah kyk beat",19,2025-09-20T16:28:49Z,2025-09-20T16:29:06Z,2026-09-19T00:23:10.960426+00:00
Ugw3FLi_PVh5EiyfNy14AaABAg,z1fWo8tYynA,5ca624a18b3e04bef2f459b60dac8ddc8e63eced8b8b0a235668a0646bfd33a4,Nunggu second nya aja om..😁,1,2025-11-02T12:06:29Z,2025-11-02T12:06:29Z,2026-09-19T00:23:10.960426+00:00
UgxulVfITyyV49vmaKl4AaABAg,z1fWo8tYynA,da9148cdaaccd833826c8f0a7941c8b807cf8e09d1e2978b57a1b3b48d1c9e31,19:07 lho itu daerah sekitaran Jl. Benda/Jl. Sungai/Andara ya? Jangan² Om Mobi tetangga saya? 🤔,2,2025-09-21T03:20:34Z,2025-09-21T03:20:34Z,2026-09-19T00:23:10.960426+00:00
UgwTHrEGpPjhKS6W4YN4AaABAg,z1fWo8tYynA,60197ec50f1e1d21467550b21fc8a398c99583a9b1b20212d8eac85440daca25,kridit utk grab wahh bagus ini,2,2026-01-08T00:23:41Z,2026-01-08T00:23:41Z,2026-09-19T00:23:10.960426+00:00
Ugycog1mT5uJeohTqCV4AaABAg,z1fWo8tYynA,473b019294bd95a068455497220a26bf9cad6b59a8553fd8cfc6084908c1a305,"Ku sudah SPK warna hitam premium, perdana punya mobil listrik",11,2025-09-17T17:06:05Z,2025-09-17T17:06:05Z,2026-09-19T00:23:10.960426+00:00
UgzO-mBCZyKtSjSGTz94AaABAg,z1fWo8tYynA,c41b15c9453888ced69decdafcc975a1db3bc4da5cf0aadd253135865353ac97,"smoga suatu saat taxol ada opsi EV byd Atto, iseng naek unit test. sebagai penumpang ini lbh baik dr agya sihh",7,2025-10-19T14:55:20Z,2025-10-19T14:55:20Z,2026-09-19T00:23:10.960426+00:00
UgyJUJpjteyOUqxosg54AaABAg,z1fWo8tYynA,ef5467fcf5193e8ced4081d6dba40ea3fe31ec9520542dd9e287ca2c51d93117,"Alhamdulillah udah spk, malah sales info dapet bulan Oktober, tapi saya bilang undur aja di bulan Desember atau Januari 😂
Soalnya destinator nya baru dateng,bisa diamuk nyonya yg ada 🤦",2,2025-09-19T12:51:35Z,2025-09-19T12:51:35Z,2026-09-19T00:23:10.960426+00:00
UgxXJSs3Is7TCo22aPB4AaABAg,z1fWo8tYynA,93d9d42006853e2d19dd6953eb6f7b4cfdc9328dc2ca8944c487b61ca41bb631,Reviewer Otomotif favoritku sekarang Tambah Slim aja...manteps... thanks To para SPG yang sudah memberikan dorongan spiritual ... 🔥😁,1,2025-09-18T09:26:36Z,2025-09-18T09:26:36Z,2026-09-19T00:23:10.960426+00:00
Ugyc6hbmDZ196Z3Br6l4AaABAg,z1fWo8tYynA,0299267c259e8f77e0acc1be69f1450b89aee614797eeca13642a750245f1343,Numpang lewat ah 🤭,0,2025-09-19T03:17:12Z,2025-09-19T03:17:12Z,2026-09-19T00:23:10.960426+00:00
UgzT34cfUq-v0TnF_gt4AaABAg,z1fWo8tYynA,625609ffd077d741414331ccd2008263905f6115de5c283411f26479d8e4b580,"Om bahas mobil toyota kluger 2003 om
Kayanya menarik",0,2025-09-20T13:58:50Z,2025-09-20T13:58:50Z,2026-09-19T00:23:10.960426+00:00
UgxTd3rH7WDbLXY7-fd4AaABAg,z1fWo8tYynA,3792c421c0955867e5c1f14bf8f5b0ddf66df22157786fc5c1291ce57668d3c9,Semoga mobilnya segera hadir di rumah gua,1,2025-11-16T04:20:01Z,2025-11-16T04:20:01Z,2026-09-19T00:23:10.960426+00:00
Ugxdh47kZJqTShK3kcR4AaABAg,z1fWo8tYynA,40286d6340560657e0536a3cf1e68623d2d118b82c02c14e569d12838cf64564,Bismillah bntar lagi ada di bagasi rumah gue aminn,0,2026-02-05T15:20:31Z,2026-02-05T15:20:31Z,2026-09-19T00:23:10.960426+00:00
Ugww4n6qSTAuXbuW8lJ4AaABAg,z1fWo8tYynA,e67a987bb7e585dff18c781d576843a588a5e9781e78090f7740c965fb1edcdb,"Masih nunggu cherry ngobrak ngabrik kelas lcgc, udah deh bakal kelar tuh mopang",4,2025-09-17T23:10:24Z,2025-09-17T23:10:24Z,2026-09-19T00:23:10.960426+00:00
UgwzWrYAHwHKPVEazVd4AaABAg,z1fWo8tYynA,bb6e2afd07f41c76c148c82a8ae5f3617726ef34553ec2fb297363533d4b9a7f,Mobil jepang kalo udah mayoritas / laku biasanya  dimahalin harganya.,6,2025-09-17T12:37:51Z,2025-09-17T12:37:51Z,2026-09-19T00:23:10.960426+00:00
UgwnLeI7HUGh6vAqan94AaABAg,z1fWo8tYynA,d9c3b46172b656aef93c1ab4a18c7cbf21f017af81589f6726ea809eadcf33ab,Semoga kebeli tahun depan cash aamiin,0,2025-12-03T14:44:35Z,2025-12-03T14:44:35Z,2026-09-19T00:23:10.960426+00:00
Ugy_3-pHsfXBSBEjImN4AaABAg,z1fWo8tYynA,fe938c6fa0b6974db7dbc11fca331bb99867a33771c50b4d6eeeb02b0080a494,"Semoga ketersedian sperpartnya aman, ya walaupun baterai pasti akan ganti bila sudah drop",1,2025-09-19T00:09:05Z,2025-09-19T00:09:05Z,2026-09-19T00:23:10.960426+00:00
UgxCB4XA2UWS2E71Ey54AaABAg,z1fWo8tYynA,7e57a467247ad44f31a944b8f8586e72ae633eafb8d188165990841e844dad29,Keren mobilnya 🎉🎉🎉,0,2025-09-20T10:05:46Z,2025-09-20T10:05:46Z,2026-09-19T00:23:10.960426+00:00
UgwceNEdFuNEVQWBeNp4AaABAg,z1fWo8tYynA,7b6033471a88650a9318a82387f4801abc194db0540f9398e51bfc0a5f3d519b,Pertama,0,2025-09-17T12:15:44Z,2025-09-17T12:15:44Z,2026-09-19T00:23:10.960426+00:00
UgyGZw3Z1Au6WsleXYF4AaABAg,z1fWo8tYynA,fad78ef21ecfce8a3dff479b38c67cbc68596e3824ce0f7d75250369f624bbf4,LCGC nangis klo liat konten ini😢,1,2025-09-17T13:13:19Z,2025-09-17T13:13:19Z,2026-09-19T00:23:10.960426+00:00
UgyJmY0eU6OBJv07T8t4AaABAg,z1fWo8tYynA,154da88b84022ccc01d3b7f97691c3faec38b89f461df3d47ca2997b7889f8b0,Sedap,0,2025-09-17T12:18:03Z,2025-09-17T12:18:03Z,2026-09-19T00:23:10.960426+00:00
Ugwy4H1m6VNaw1xxrOx4AaABAg,z1fWo8tYynA,cc9e676166ff0777e0caf4097d3ac71df66c2ecbb0e8501898829d20ecd3c012,"Byd atto 1 hadir untuk mengoreksi harga mobil LCGC favorit mbak"" LC",11,2025-09-18T00:58:58Z,2025-09-18T00:58:58Z,2026-09-19T00:23:10.960426+00:00
UgzvPqxKWZtdsUH8N8B4AaABAg,z1fWo8tYynA,4ffa71d13974810b7d79a5a7a8f9300aaef73cf223f1b2f200daefd8bc280bbe,"Nunggu avg youtube comment yang ""semoga saya segera bisa memiliki......"" 😅",1,2025-09-20T13:52:32Z,2025-09-20T13:52:32Z,2026-09-19T00:23:10.960426+00:00
Ugwj0TSJxAuY8GOCWid4AaABAg,z1fWo8tYynA,aafbea55b1d155795ac5e0df63a6360a8e598e18e7692b51607544031173834e,"Harga segitu uda lebih dari semua ekspektasi. Yang LCGC ampas kaleng pakai emblem GR, RS, dapat apaan tembus 250jt",27,2025-09-17T14:26:05Z,2025-09-17T14:26:05Z,2026-09-19T00:23:10.960426+00:00
Ugyw173Kiadf2CQbWHR4AaABAg,z1fWo8tYynA,4e8ce8502746774d2e5bed315b0bcaca9e2142e96aa5eadd624358d531453496,mantaf mobil BANGYADI nya,1,2025-12-16T08:18:30Z,2025-12-16T08:18:30Z,2026-09-19T00:23:10.960426+00:00
UgwE_YhzPRoS7X27xPp4AaABAg,z1fWo8tYynA,fa94d979ae47cc33e10917d553f4c7edfe928c3f644e41dcecb111770cb7e56c,Next Aion UT omm,0,2025-09-17T15:55:04Z,2025-09-17T15:55:04Z,2026-09-19T00:23:10.960426+00:00
UgxGrymh-4T6usdLQG14AaABAg,z1fWo8tYynA,976d075b0d6c81bc62b49bdc62a6a9b95253bcfd0e58e593a7e959bf59ccd105,Desainnya bagus mnurutku. Simple gitu,0,2026-03-31T08:29:56Z,2026-03-31T08:29:56Z,2026-09-19T00:23:10.960426+00:00
UgxImG8dQnLhS0-5cCl4AaABAg,z1fWo8tYynA,acb18561782e23b5d6cb2454563871966a9270b00c3234e177e8bc4dfa86b8a4,enak klo bisa ngecas dirumah,1,2025-10-26T13:50:59Z,2025-10-26T13:50:59Z,2026-09-19T00:23:10.960426+00:00
UgyocsuAHrQ751FhFyx4AaABAg,z1fWo8tYynA,f0c6d6de895a474989686b88f1b88cd41095799bdb15a930cc59d21a82877044,Coba tes ke puncak om,0,2025-09-17T17:31:34Z,2025-09-17T17:31:34Z,2026-09-19T00:23:10.960426+00:00
UgwbEq3Zbm_kVRRDPlB4AaABAg,z1fWo8tYynA,2daf84c9f754add1ccdd1cf8ee379c7fbbeebc1ac4900ee6fb6524515893f933,Nunggu bekassnya az,0,2025-09-18T01:48:59Z,2025-09-18T01:48:59Z,2026-09-19T00:23:10.960426+00:00
UgwP5Zyxygsp7YXrkZN4AaABAg,z1fWo8tYynA,4cc6a38e6fa0dcfa7af44f5b339e341779041065d8eea0e466db4534fe3c934b,Pesan ah ....nnti 😅😅😅,0,2025-09-17T13:06:14Z,2025-09-17T13:06:14Z,2026-09-19T00:23:10.960426+00:00
UgxGYIadsIVpluaOo4B4AaABAg,z1fWo8tYynA,94385494e0ac5770036136723a55ce063844748c6f4da7d5bee0ccdf71764fd1,aaaaa mauuu❤,0,2026-04-10T22:50:43Z,2026-04-10T22:50:43Z,2026-09-19T00:23:10.960426+00:00
UgyjC6QyquOfJbSCwmF4AaABAg,z1fWo8tYynA,9014c725bba28c4fee15a2660e5419ff87489a8430893e4d5929fdfe573fa71c,Ya Allah semoga bisa beli ini mobil,0,2026-03-01T02:38:57Z,2026-03-01T02:39:09Z,2026-09-19T00:23:11.766454+00:00
UgxxqfVP2mxRBytgZqV4AaABAg,z1fWo8tYynA,efd19b47d3390f2166e9b5907ef254142152c97859bf3f9da46f3dd4606ac29e,"Cakep amat ni mobil,, pengen gue jdi nya",0,2025-10-09T18:18:18Z,2025-10-09T18:18:18Z,2026-09-19T00:23:11.766454+00:00
Ugz1iYalGsbTeO_9Cvp4AaABAg,z1fWo8tYynA,5743359e845deb90443a67405cd6a19f62346b71d3c2d770aedb6646e0a2a171,"Setahun ke depan persaingan semakin keras, tampaknya bisa turun lagi",1,2025-09-21T09:51:43Z,2025-09-21T09:51:43Z,2026-09-19T00:23:11.766454+00:00
UgwZsp7hHj-Q36W6rX94AaABAg,z1fWo8tYynA,a3c913648baaeacb9aed40b3f53f7b976fe0f52b262148d185506b7a35546b03,cm saran untuk tim editornya... mgkn bisa d upload versi yg lbh tinggi resolusinya? 1440 p atau 4k? lbh nyaman untuk d liat d pc atau tv,0,2025-09-19T02:58:48Z,2025-09-19T02:58:48Z,2026-09-19T00:23:11.766454+00:00
Ugzy05hjSqhYr7K4Vi94AaABAg,z1fWo8tYynA,f291485eaf6025e129f7e6a44515a73cf261169cee7ae36e372df00815af014f,"Desainernya Wolfgang Egger, makanya depannya mirip Lamborghini",6,2025-09-18T00:58:34Z,2025-09-18T00:58:34Z,2026-09-19T00:23:11.766454+00:00
UgxDnEElso9ijUgEVy54AaABAg,z1fWo8tYynA,3ddcd75ec64258c718ca33394ed2badfce8e99ae7252d398030ad145fb69a5e9,Ajak nanjak full passenger om,0,2025-09-17T14:45:17Z,2025-09-17T14:45:57Z,2026-09-19T00:23:11.766454+00:00
UgwhXqLfOzlNxrtYRDp4AaABAg,z1fWo8tYynA,d78abae2d37548a53bd716f029c3b9c3d5e3dcdb03d40d1cf00e16693ab999e8,"Izin om masukan untuk si editor kalo pas dapet bagian yg video yg ngeblur bisa di alihin ke footage lain. Jadiyg bagian blur ga dimasukin
Bikin sakit mata Ngga ada guna nya juga kan penonton nonton video blur",0,2025-09-27T13:30:47Z,2025-09-27T13:30:47Z,2026-09-19T00:23:11.766454+00:00
UgxN9Nv9zkkE1MT8ujJ4AaABAg,z1fWo8tYynA,f5326c2417c8a4f052e8a4b5227a736c96d775780496b3feb54d7e386ebae22d,Keren si menurut gw designya,0,2025-09-19T00:56:55Z,2025-09-19T00:56:55Z,2026-09-19T00:23:11.766454+00:00
UgzrsyosUJ4_V7m12Yx4AaABAg,z1fWo8tYynA,c37561fd533a8c23336581061a926e7c75095490bfdec411c785803f9c7d3494,ya ALLAH engkau sudah kasih mobil ini.. 😂,0,2025-09-20T12:25:19Z,2025-09-20T12:25:19Z,2026-09-19T00:23:11.766454+00:00
UgyX18up5fzxfsLjXJZ4AaABAg,z1fWo8tYynA,78e9ab6d3e538a4e3c6ca7f6a0af3917b62b3594cb4859fee6c375d6f8dc7045,Mantap nih,0,2025-12-31T07:50:58Z,2025-12-31T07:50:58Z,2026-09-19T00:23:11.766454+00:00
Ugx1ApOxz60kz6qGn2J4AaABAg,z1fWo8tYynA,f1922ce025fba9ab8756dc9f72b8816562baf46216ef061cf00c9f36c873c909,Semoga tahun depan,1,2026-01-11T11:18:49Z,2026-01-11T11:18:49Z,2026-09-19T00:23:11.766454+00:00
UgxZ4H-MZV233Gq0oNV4AaABAg,z1fWo8tYynA,0a04ce06e77203ffd853e9b5119276838e4470d9fc372b3623fb9d421232f36f,cakep benar ne mobil,0,2025-09-19T08:10:54Z,2025-09-19T08:10:54Z,2026-09-19T00:23:11.766454+00:00
UgwiCgZJO4X6w7etQFN4AaABAg,z1fWo8tYynA,1440eea0f91b7f11669715ab2e4ef12e64f8d92277ba0b03238881580f61c81e,Dirumah : 1 destinator dan 1 atto  1. Aminnn.,27,2025-09-17T12:44:49Z,2025-09-17T12:44:49Z,2026-09-19T00:23:11.766454+00:00
UgwWwVUMx-wJPuHf1K94AaABAg,z1fWo8tYynA,0a0d74897e8cde4c9864200010b526ece7f02466705f97021b1944e7cfaa11ad,kualitas cahayanya boleh kali dibenerin hehe,1,2025-09-18T04:40:59Z,2025-09-18T04:40:59Z,2026-09-19T00:23:11.766454+00:00
UgyMxXPxVHGEVYSVXo14AaABAg,z1fWo8tYynA,a52fc5e32589bf8fccfbf90bcc9cecea49efa7c8ed6a77783ad34b89c0be8f00,Nunggu secondnya,0,2025-09-26T18:16:52Z,2025-09-26T18:16:52Z,2026-09-19T00:23:11.766454+00:00
UgzWn0_7iQvWJZ_5i9h4AaABAg,z1fWo8tYynA,4a59479dcc3bf7756402f996e29a4fb2ac7159b056eafdda396ebe3793018108,Thanks om,0,2025-09-22T16:05:26Z,2025-09-22T16:05:26Z,2026-09-19T00:23:11.766454+00:00
Ugy4vkD4yGJ9_n94YdB4AaABAg,z1fWo8tYynA,428a24c33d670b25fb0297ef98f324d04b7d3c36220bfa7277b02d8135d1c696,Auto beli,0,2025-09-23T13:46:33Z,2025-09-23T13:46:33Z,2026-09-19T00:23:11.766454+00:00
UgychLh2dzBMK6bXNL94AaABAg,z1fWo8tYynA,a6145abbc748e1bb425c97b1268fbc03fea31665b6b12fc838005ebbb3468ab0,"dari info di video, daya tempuh 10 kwh sekitar 100an kilometer.
dengan asumsi efisiensi listrik 75 persen maka dibutuhkan 13,33 kwh untuk ngecas 10 kwh.
terus 1 kwh sekitar Rp. 1.450, maka untuk menempuh 100 kilometer hanya butuh ongkos listrik tidak sampai 20 ribu rupiah 😅
10 kwh dibagi 75 persen = 13,33 kwh
13,33 kwh dikali Rp. 1450/kwh = Rp. 19.333

edit:
biaya 1 kwh kategori R2/R3 = Rp. 1.700
13,33 kwh dikali Rp. 1700/kwh = Rp. 22.661
untuk spklu 1 kwh = Rp.2.500
13,33 kwh dikali Rp. 2.500 = Rp. 33.325
data ini hanya perhitungan kasar aja dan untuk spklu, efisiensi nya bisa sampai 95 persen, tapi malas ngitung lagi.
kita tunggu saja pengetesan real nya kalo mobil nya udah banyak yg punya 😅",39,2025-09-17T16:20:43Z,2025-09-18T04:30:42Z,2026-09-19T00:23:11.766454+00:00
UgyGZzU0bmbP0n8PGWN4AaABAg,z1fWo8tYynA,21ccb6ec4d8457cdbe7321de0150d121c14eac0f3c7c96a2c522418e90793af6,Belilah sesuai fungsi dan kebutuhan harian anda. Itu lebih baik😊,1,2026-01-23T05:19:01Z,2026-01-23T05:19:01Z,2026-09-19T00:23:11.766454+00:00
UgwTsq5J83SyvEkpXMV4AaABAg,z1fWo8tYynA,5445812fd6deb67ce9ab65a98ec43981bc7b645ca02af8c7f0041b175b5dbff4,harus di test tanjakan sama moladin,0,2025-09-19T12:56:44Z,2025-09-19T12:56:44Z,2026-09-19T00:23:11.766454+00:00
UgzOlwACuzoibCjmD0Z4AaABAg,z1fWo8tYynA,f32d6d8d38f4c16a875a841af0e6362bff615fcef9bb637f1d2f379170141c89,Mantab mobilnya kayanya enak wkwkwwkkw,0,2025-10-22T13:26:08Z,2025-10-22T13:26:08Z,2026-09-19T00:23:11.766454+00:00
UgxD1KVllC8-83TKi-l4AaABAg,z1fWo8tYynA,a256f51bfdbbd6506da404909858ca2b24cc5772ce5e034a874ebb7722aef93f,Bismillah atto 1,0,2025-09-19T06:30:13Z,2025-09-19T06:30:13Z,2026-09-19T00:23:11.766454+00:00
UgxB3wsGkoY9CGGbtbB4AaABAg,z1fWo8tYynA,dce00b58a4b1b49933803a25e20a4d799ef5892953f65541a522637202789eb1,Facelift dpn nya mirip lambo malahan,1,2025-09-23T04:40:16Z,2025-09-23T04:40:16Z,2026-09-19T00:23:11.766454+00:00
Ugx2pBhOwt3sCUgZBNR4AaABAg,z1fWo8tYynA,be2566d79a855fce654edbaef85de51efa2fb330bd709b038141f79fd499d926,Buat tol bakauheni - palembang baterainya ngepas banget berarti,1,2025-12-14T01:16:22Z,2025-12-14T01:16:22Z,2026-09-19T00:23:11.766454+00:00
UgxUhqHNpGRQStwPLUl4AaABAg,z1fWo8tYynA,843ad4c22e6edc6fc9c873f410355edf1a7154f87b70c59d53f180fe24bc504f,Feellnya emak2 dan ABG banget😊,0,2025-11-24T07:34:16Z,2025-11-24T07:34:16Z,2026-09-19T00:23:11.766454+00:00
UgwWyjCDiG0CB3_PZ_p4AaABAg,z1fWo8tYynA,1f731b4e027f8e6438aed29630d4e0772c8555c6571cc3c8ebe26e7b47be0888,Good post,0,2026-02-17T01:17:04Z,2026-02-17T01:17:04Z,2026-09-19T00:23:11.766454+00:00
UgzWRHz6dLytu7_w6RR4AaABAg,z1fWo8tYynA,5b7bf91c91eff0a30e15b30722bffea9b347824a2b07175aba228663ca75f61b,"nyari review stop and go di tanjakan full penumpang, apa ada yg sdh nemu?",11,2025-09-17T14:44:27Z,2025-09-17T14:44:27Z,2026-09-19T00:23:11.766454+00:00
Ugz5saALf_n5dCuHMc94AaABAg,z1fWo8tYynA,e0a7c265deab54f9bac50a0d144566e03c23e1d6366d0915e935c976548b7317,Vs wuling bingo dong omm,0,2025-09-17T12:56:24Z,2025-09-17T12:56:24Z,2026-09-19T00:23:11.766454+00:00
UgyfFCEEdlyWgitlXjF4AaABAg,z1fWo8tYynA,aa3519f7a614639e746a8596015e04bdb050588cef783351300fd00edf808910,Pingin punya❤❤😊,0,2026-03-25T15:06:42Z,2026-03-25T15:06:42Z,2026-09-19T00:23:11.766454+00:00
UgxCvYsxsKWg595Gl554AaABAg,z1fWo8tYynA,b37cc8753f8443d07685538b02acd8d45ba0599db09437cbb75a845a300718ba,20:28 tertangkap kamera ada yg videoin dari para pengguna jalan tol.,5,2025-09-18T08:55:29Z,2025-09-18T08:55:29Z,2026-09-19T00:23:11.766454+00:00
UgxpS0JbILwlSZ4Q69p4AaABAg,z1fWo8tYynA,5c3807e8ca80b03d16479178ae77d9f64fd5f80aa8d274da4fe1f9bf4462cf6f,Masih lebih suka manual tombol karena ga mesti nengok ke layar. Nanti aj tunggu BYD bikin plug in hybrid,0,2025-09-24T09:35:38Z,2025-09-24T09:35:38Z,2026-09-19T00:23:11.766454+00:00
Ugwirpl8fIUnNcDIbOd4AaABAg,z1fWo8tYynA,cd824bd6f8090354a0b301007be62a446aeafe078a36f9df33b1a9151a401d45,itu klo ga salah rear fog lamp om,1,2025-09-18T16:39:17Z,2025-09-18T16:39:17Z,2026-09-19T00:23:11.766454+00:00
UgyxtRlwatKNLkdJn7F4AaABAg,z1fWo8tYynA,11786e5916ca2f017f58c3917865051bc3e8fe98cb27b5f9523672d367ee78b9,Cakep,0,2026-01-23T12:35:07Z,2026-01-23T12:35:07Z,2026-09-19T00:23:11.766454+00:00
UgwcmtSTkh9yBdxxrYV4AaABAg,z1fWo8tYynA,d09a17bdefe4148dc198504b1ae83a0eb2b8a31fbd1b8a2b173b3b93fd07c33d,nice,0,2025-09-23T10:46:14Z,2025-09-23T10:46:14Z,2026-09-19T00:23:11.766454+00:00
UgxjyZ6wvtXYXv0r4mh4AaABAg,z1fWo8tYynA,f9c99e8e6255252af92c1a71d0d53fe470e61d98086d4958a7562ff21cffafad,"12:37 ooooo, om mobi punya pacar skrg…",0,2025-09-18T06:40:51Z,2025-09-18T06:40:51Z,2026-09-19T00:23:11.766454+00:00
UgwdMbhGjh2mLbzjLc94AaABAg,z1fWo8tYynA,05aa3f2e62eb18a74a039d147f5deaa4c218938d07a3843175f73949cf3f359f,Om salpox sama Xenia 8V nya kangen lama engga di bahas,0,2025-11-24T01:11:22Z,2025-11-24T01:11:22Z,2026-09-19T00:23:11.766454+00:00
UgzJu80c0xMWv_dGW994AaABAg,z1fWo8tYynA,5766132358551542b771274ef81d7865406aa0549a4aa2f246d1367e3f89a3f4,Innova reborn sy belum terkalahkan😂,1,2025-09-22T12:28:47Z,2025-09-22T12:28:47Z,2026-09-19T00:23:11.766454+00:00
UgxvVyAM1fJOUbKdenV4AaABAg,z1fWo8tYynA,cf87b8944e44b0f56851ebaefea60d4071f9fe42bc50c9c07c5b738911810914,Suara jalan masuk bgt ya. Krg peredam,0,2026-01-01T07:03:04Z,2026-01-01T07:03:04Z,2026-09-19T00:23:11.766454+00:00
UgydGr_pHcgvNOcWtcR4AaABAg,z1fWo8tYynA,6cf13c3f594ec42c457d43ffae4d7cac6a5bb6750c1d6f182425ec8e16ebc5e9,menurut saya kl proporsi jendela pintu belakangnya diperbesar dan posisi handle pintunya dkt dgn jendelanya bakal lbh pas,2,2025-09-18T05:22:57Z,2025-09-18T05:22:57Z,2026-09-19T00:23:11.766454+00:00
UgyLPDCQLHUQS4QqThN4AaABAg,z1fWo8tYynA,3a44111a250a3f4536f11223b4fd23548e838e7eeaaa0097ab5fee2c6f50dd56,Belum banyak nemu di jalan. Ntah klo dah ganti tahun.,0,2025-09-20T06:53:43Z,2025-09-20T06:53:43Z,2026-09-19T00:23:11.766454+00:00
UgxwaIL4I_Z1fh1WVmZ4AaABAg,z1fWo8tYynA,a84066680cb0f820c61391708e0da6e6dbcf604d7d02dd5d1e43120f25d01d37,Tiba tiba しばらくお待ちください,0,2025-09-18T20:01:47Z,2025-09-18T20:01:47Z,2026-09-19T00:23:11.766454+00:00
UgwLn_xVhqnIGJYOSMd4AaABAg,z1fWo8tYynA,1d4bf0b73ac1026f71a9d6553465c42e063d41870d13d75eab70a14b56db25b2,Seharusnya sensor nfc nya Jangan taruh di spion karena disitu rawan ketabrak/senggol. Baiknya di pilar pintu,4,2025-09-18T02:01:55Z,2025-09-18T02:01:55Z,2026-09-19T00:23:11.766454+00:00
UgzmpMal1q32Viqsx214AaABAg,z1fWo8tYynA,ce5a56802f16fc4d8253099bd5468242ab9727544fe56d967ee7aa21300927f1,Semoga tukang ojeg online pada bisa beli tunai,0,2025-09-18T12:45:50Z,2025-09-18T12:45:50Z,2026-09-19T00:23:11.766454+00:00
UgyPy0r0rNIVRVyTs-R4AaABAg,z1fWo8tYynA,dd83fb65f65f1967a6ef44f0657bb024aaaf16c58a4ef1aec9c6f5e74142f164,Kami suka turbo di ganti kami suka listrik dong mang,1,2025-09-17T17:09:01Z,2025-09-17T17:09:01Z,2026-09-19T00:23:11.766454+00:00
UgzWvxTFb5ALyrroVMt4AaABAg,z1fWo8tYynA,c23f2257f23d376b7dce296c821dcb57700d58d5acb5346c232382776fd6867d,yoiii........,0,2025-11-02T10:04:48Z,2025-11-02T10:04:48Z,2026-09-19T00:23:11.766454+00:00
UgwLJlcMZe78FgH_KON4AaABAg,z1fWo8tYynA,aecdfb3ef0c3c7369458689c1cc7f38590acd31cc6380a91934ebcbd2a9da79e,"berpa kali LCGC di sebut,,,ini pembulian LCGC wkwkwk",1,2025-09-17T23:08:08Z,2025-09-17T23:08:08Z,2026-09-19T00:23:11.766454+00:00
UgwmhOUOBjcSKxwmZ5J4AaABAg,z1fWo8tYynA,6b361fb855f2404fe5ebbcd85e4915647aed8367cfc2f7ed934b9889a0454c44,wuih udh ada lampu,0,2025-09-19T04:56:26Z,2025-09-19T04:56:26Z,2026-09-19T00:23:11.766454+00:00
UgzkBpIXTAaq8RyL4eZ4AaABAg,z1fWo8tYynA,968a67565951820ead8570bc5e2733f3156fb23d844f098c77e1d09ae423afbb,"Jam 9,21 ada penampakan mercy classic , nggak tau mercy kebo ,batman atau pagoda😊",0,2025-11-13T01:59:23Z,2025-11-13T01:59:23Z,2026-09-19T00:23:11.766454+00:00
UgxoTiHiQ5SsOxbb13d4AaABAg,z1fWo8tYynA,1f922eebfd4f8a1c4c008599e2d5e43fd56776a4b82e56361bf16e8e5b3589e3,"anjay, lamborghini urus listrik kelas rakyat",0,2025-09-20T13:10:57Z,2025-09-20T13:10:57Z,2026-09-19T00:23:11.766454+00:00
Ugz6bLp5s-7eM0hrE9J4AaABAg,z1fWo8tYynA,c85b281fa39ac13fa33a4b3809ed4f9ee369944a0db195c2a35beddf93a90416,Yang mau gantiin SPK saya boleh bangettt.. saya berubah pikiran dan jadi ngepush budget ke mobil listrik yang lebih tinggi nih 😅 reply aja oom2 sekaliaan,7,2025-09-18T13:31:01Z,2025-09-18T13:31:01Z,2026-09-19T00:23:11.766454+00:00
Ugx1lkOd5QXmMCb4F054AaABAg,z1fWo8tYynA,a70223536305791eb50eb85e4ef16ec9b141cc116de10543a3f3f81a015c2ab2,Tembok backroundnya kotor om sayang sekali😢,0,2025-09-17T14:39:22Z,2025-09-17T14:39:22Z,2026-09-19T00:23:11.766454+00:00
UgwoyXvNWTiXLwC20cN4AaABAg,z1fWo8tYynA,5f05e8cce959091f7fadacae8ccdbc8113b795e45d9d6b1ab140b0e4cbf5c30b,"Seminggu sy beli brio mobil ini baru lounching di bsd, tau gitu sy beli ini😢",0,2025-09-20T04:49:35Z,2025-09-20T04:49:35Z,2026-09-19T00:23:11.766454+00:00
Ugwfw-gjPNrrc6Eo8yB4AaABAg,z1fWo8tYynA,3eae7445e0e7cbe365d01add1e5c613a9e04481fb3e85f6fb68320ddc540bd89,"Keren byd atto 1 ini dan harganya seperti wuling air ev, wuling air ev belum ccs2 dan ban masih velg kaleng 12 inch lalu pintu hanya 2, wuling air ev kemahalan atau byd atto 1 kemurahan ya",8,2025-09-20T02:09:58Z,2025-09-20T02:09:58Z,2026-09-19T00:23:11.766454+00:00
Ugw014GewiWeCRwdJpR4AaABAg,z1fWo8tYynA,44bd9f5debb798db15dfdfe129be53c99018a60c4ff794e982ebbb6e6cc855fc,Bissmillah beli 1 kontainer,0,2025-09-18T04:32:47Z,2025-09-18T04:32:47Z,2026-09-19T00:23:11.766454+00:00
Ugx4vfZs5a61RPPL1Kp4AaABAg,z1fWo8tYynA,429acd6c77fab8b42302ebb2b0894117ce8c425a9562101f2ac5028c89759ae8,❤❤,0,2025-09-21T02:05:03Z,2025-09-21T02:05:03Z,2026-09-19T00:23:11.766454+00:00
UgzLT2Tdwzeh3POARrp4AaABAg,z1fWo8tYynA,d3ea7a5de501234e5e3efd70080c523eb58c3af1dc4bd22591d0050e2c603a4e,setelah ini akan banyak Maxim pakai ini nih,0,2025-09-19T00:32:16Z,2025-09-19T00:32:16Z,2026-09-19T00:23:11.766454+00:00
UgzHkTdbU1JsJkEEXdt4AaABAg,z1fWo8tYynA,dcc63bfdbe41f5580f33b1652ef23a85203ce457dfa5eb9276a9f4d2d4203657,Udah murah tp ganteng😂😂,0,2025-09-22T03:42:40Z,2025-09-22T03:42:40Z,2026-09-19T00:23:11.766454+00:00
UgzkiUAtPDyo0te6dXl4AaABAg,z1fWo8tYynA,e1227090edd5879e4c8bc11c1d94343f20cbe85734f7b9091071eec0f49606c1,sdh spk awal muncul,0,2025-09-17T19:01:47Z,2025-09-17T19:01:47Z,2026-09-19T00:23:11.766454+00:00
Ugy2Dbdfolfi4Gj4Hjd4AaABAg,z1fWo8tYynA,5f639c40d8bdc3efeb3602192ea675ecd0ca8c96c2921ac3c42153d69c98faba,Bagus tapo saya ga yakin akan bisa dipakai sampai 5 tahun 10 tahun 15 tahun kedepan,0,2025-09-21T01:03:57Z,2025-09-21T01:03:57Z,2026-09-19T00:23:11.766454+00:00
UgwuTwl7sNyr_rTTUuZ4AaABAg,z1fWo8tYynA,e69c0281832a4e0ea81105b40d6c8ed4e53964be913323fd45ca04d059020ec9,wow,0,2025-10-01T10:13:11Z,2025-10-01T10:13:11Z,2026-09-19T00:23:11.766454+00:00
UgwIhle3W_tD6KfnxOR4AaABAg,z1fWo8tYynA,2dd46e2e2aa72aa25da560ad70d0159b536fff6e49f72081c9c5d5de617f8bc7,👍,0,2025-09-17T16:52:54Z,2025-09-17T16:52:54Z,2026-09-19T00:23:11.766454+00:00
Ugz_AmHab1Z41tkpVKh4AaABAg,z1fWo8tYynA,ad919cedbf6281e922116c79dfe36c545926010620e762a0309c133e3323d6b9,"😂😂😂 para lcgc jepang pada nangis nohh di pojokan,, 
harga muahalll kalah total sama ini😂",4,2025-11-01T16:44:35Z,2025-11-01T16:44:35Z,2026-09-19T00:23:11.766454+00:00
UgwrQH5oWUS7VdDSZTt4AaABAg,z1fWo8tYynA,76cb2813af0ed2b088f5f92abbf81812aaa3374838b27d370a4471638cbb051d,Alhamdulillah sdh 1 minggu ada digarasi.,0,2026-09-03T13:03:05Z,2026-09-03T13:03:05Z,2026-09-19T00:23:11.766454+00:00
UgzezGcSmb0-ritFHPh4AaABAg,z1fWo8tYynA,8f8ae5f6234674a070ce44eb1ef5b58d007dfbd55a7fe6a2e0c2623f60c6381a,"Masa garansi batrey 8 thn giliran hbs masa garansi di ganti battrey yg sdh mulai drop harus kelua uang 80- 120 jt  indah pada waktunya pahit pada akhirnya anjjayyy,,,😃",1,2026-04-13T16:39:24Z,2026-04-13T16:40:34Z,2026-09-19T00:23:11.766454+00:00
UgzkGeZfJS8uJGR0k554AaABAg,z1fWo8tYynA,c520b8a98eacb06df122b666c5ab60fb58386b4423fef339399d974650fb6deb,👍👍,0,2025-11-11T10:39:10Z,2025-11-11T10:39:10Z,2026-09-19T00:23:11.766454+00:00
UgxxQd_12n83C9F774l4AaABAg,z1fWo8tYynA,c2a8f80d4db5d38f365f2bdc25a3585aab4e0ccb0eede57681e9fd21ca5dfb13,Warna hitam paling ganteng,0,2025-11-05T14:21:26Z,2025-11-05T14:21:26Z,2026-09-19T00:23:11.766454+00:00
Ugz8z1lk56gytTGWKlF4AaABAg,z1fWo8tYynA,341174b28ddddf9ca145b62b0b70864c918bda00cb9849ab543a8b799854a7a6,nfc card rawan di copy tanpa sepengatahuan pemilik,0,2025-11-18T08:07:17Z,2025-11-18T08:07:17Z,2026-09-19T00:23:11.766454+00:00
UgxwmDkxthQllupqxV14AaABAg,z1fWo8tYynA,c526fd0f0a2f21fd290c52cd2bce384b2e01e65c876c5aaa76d0012330d05aef,Aamiin,0,2025-11-19T06:22:00Z,2025-11-19T06:22:00Z,2026-09-19T00:23:11.766454+00:00
UgyNJ4lC6iSHgbO_QuB4AaABAg,z1fWo8tYynA,eed17fcf05adb2d35b2738172e405026992a97f3e3765c6e5f2243265eb6ad9f,Om mobi revewnya rada kaya ngga niat🙃,1,2025-09-19T03:53:13Z,2025-09-19T03:53:13Z,2026-09-19T00:23:11.766454+00:00
Ugz5JUKAgKcT8fwhG7N4AaABAg,z1fWo8tYynA,e99e6bb80a6d38dea85e713c30c8badcf7a4a75077fc9704b3b59434ca4a56c7,nunggu taon depan di pasar mobil bekas....hahahaha,0,2025-09-20T10:37:01Z,2025-09-20T10:37:01Z,2026-09-19T00:23:11.766454+00:00
UgxNGJRvW8seQnjYp0t4AaABAg,z1fWo8tYynA,0c6cf6c65718ebb7640a39b8902ee368e2169520da0bc2abfdab93e6c7e5b843,Jarak tempuh real nya berapa km sampai 0% untuk tipe premium?,2,2025-09-17T21:06:53Z,2025-09-17T21:06:53Z,2026-09-19T00:23:11.766454+00:00
Ugx4p2ctfW1fpyuRi7x4AaABAg,z1fWo8tYynA,8bf4655516f21b9895885b168057c178e98ccbf9a43736978c4a136460011ec5,👍👍👍👍👍,0,2025-09-28T08:48:02Z,2025-09-28T08:48:02Z,2026-09-19T00:23:11.766454+00:00
UgyaLIk2I_tJg8R__uB4AaABAg,z1fWo8tYynA,5a5fad2b22afaaa96a37e66c9b82c2d4c335ae6ec39524380df0f0b46eee113f,Bissmilah mobil ini sebagai mobil pertama.,10,2025-09-17T12:39:56Z,2025-09-17T12:39:56Z,2026-09-19T00:23:11.766454+00:00
UgxJ9i55fyci-_iaw1Z4AaABAg,z1fWo8tYynA,ee9f0ab9d78c4560bdd51afa76db285a9e73213ba08936c8b926e25eeb3a83e1,"Tes drive nya ngga sekalian makan seafood di anyer om, kayak om fitra 😂",0,2025-09-17T14:13:42Z,2025-09-17T14:13:42Z,2026-09-19T00:23:11.766454+00:00
Ugzg1XL6-FxrzFIHkY54AaABAg,z1fWo8tYynA,c445cf57c7d5efac11a62994c7b86a08cb3afd75d15baa0fd40d5a87212525e8,Hand brake di layar.. wadidaw...,0,2025-09-18T04:35:54Z,2025-09-18T04:35:54Z,2026-09-19T00:23:11.766454+00:00
Ugxe4W1saNpERt6JuPF4AaABAg,z1fWo8tYynA,87a56afbf8baec981575e50588c0e0e2a2df9fa2d7bd20b15f4de4031b610cfb,"mobil listrik skrg murah ya, tp sayangnya saya baru mampu beli sepeda listrik",0,2025-09-21T10:43:39Z,2025-09-21T10:43:39Z,2026-09-19T00:23:11.766454+00:00
UgyT5otpn-fXVf_iQnx4AaABAg,z1fWo8tYynA,8ceba3dd122a743fbc8efe23e37bda7ad6f7d38f537321fdb1c30f05f42ffb95,Ini city car / dlm kota .. klo mo luar kota ... lbh baik pake yg 6/7 kursi,0,2025-09-19T12:27:37Z,2025-09-19T12:27:37Z,2026-09-19T00:23:11.766454+00:00
UgzR56eBzGi7D90jNMZ4AaABAg,z1fWo8tYynA,586066ef2d8427f3b6361b30132cb2317e19413d2ce87be088838a994a8ce31b,"Next Atto 2,3,4,5 .... dst 😂",0,2025-11-15T10:35:27Z,2025-11-15T10:35:27Z,2026-09-19T00:23:11.766454+00:00
UgwUXSQsxrgTp7YqS2t4AaABAg,z1fWo8tYynA,7277aca91a3a730afcb0bfbd5be58b9a7f9d6111c3a7819bd39bcfbc913e80d2,blade battery ini bisa diganti per cell/per segment kayak batere mobil li-ion lfp sama nikel lainnya om?,2,2025-09-17T15:03:01Z,2025-09-17T15:03:01Z,2026-09-19T00:23:11.766454+00:00
UgwTGS6N7WC6ekc6eMZ4AaABAg,z1fWo8tYynA,0585ae30b50d4b6c14e8ba8e449109e80e34cc1501a9389fce48bc633ab20b79,Mobil listrik di Indo hanya cocok buat orang yg udah punya rumah sendiri karena butuh di charge mandiri di rumah..,1,2026-03-31T08:06:35Z,2026-03-31T08:06:35Z,2026-09-19T00:23:11.766454+00:00
UgwtzFe2AhBvw8UpAt94AaABAg,z1fWo8tYynA,c2304fd2904fb9b233667e49cec287e4786e620e6f7493cf764f059cc9e17d74,Geely kstanya mau keluarin sekelas dsn semurah ini yg fi negara nya terlaris,0,2025-09-18T02:33:24Z,2025-09-18T02:33:24Z,2026-09-19T00:23:11.766454+00:00
Ugx7QZzcwi8O8ApooNJ4AaABAg,z1fWo8tYynA,1cf35968eafe7e6d936c2e215f4a11dd568abd70c144a857e7a1a9d22d6e0c73,"Om please masker om waktunya ganti, saya nonton dari awal yang episode motor sampai sekarang ngerasa masker om udah buluk",0,2025-09-20T03:30:06Z,2025-09-20T03:30:06Z,2026-09-19T00:23:11.766454+00:00
Ugzx0t0ABySAV0aXmqd4AaABAg,z1fWo8tYynA,4d51b8457c5e49d27aa95e579c0c76df3bbd79b58e367cc88a1b518db56f9fd4,Macem Review seorang sales.,0,2025-09-18T05:32:08Z,2025-09-18T05:32:08Z,2026-09-19T00:23:11.766454+00:00
Ugyoh5mLSpnUU7baM2Z4AaABAg,z1fWo8tYynA,576f011e43be97c66e58a4c066887d08ae9f1d5c65652a3b5ef640f7b5a060fc,12:36 semua laki laki mapan pernah setidaknya menjadi gadun,0,2025-09-18T04:44:08Z,2025-09-18T04:44:08Z,2026-09-19T00:23:11.766454+00:00
UgwP0H2lczm0ZDLye2V4AaABAg,z1fWo8tYynA,b8f0a470f95654ca5cbf9e93bee7b01d45e2106b43249722581a583fe74d29ef,Sayang untuk fitur-fitur yang dasar seperti spion lipat elektrik dan hand rest tengah belakang malah gak ada. Agak tanggung,0,2025-09-18T09:35:05Z,2025-09-18T09:36:03Z,2026-09-19T00:23:11.766454+00:00
UgxHWCN3nWHKhR7478B4AaABAg,z1fWo8tYynA,12fee0b4d8d0bcfaf05bcbb72e92f5466bafe1cc84176f5ab329e38d9a5065a4,Baru aja pesen tpi belum nyaampe,0,2025-10-25T09:32:27Z,2025-10-25T09:32:27Z,2026-09-19T00:23:11.766454+00:00
Ugxg1jL6SJlJ6NHFH5Z4AaABAg,z1fWo8tYynA,02d67b20c33f871497df045b76f0b73ed34e4d3585fd8f74bb66eb2723954449,Saya sudah SPK...langsung beli 2 atto 1 premium...utk saya dan anak saya...warna putih dan ijo stabilo,1,2025-09-28T07:16:27Z,2025-09-28T07:16:27Z,2026-09-19T00:23:11.766454+00:00
UgwD43fvy_vq10QPpwF4AaABAg,z1fWo8tYynA,45740dbc54c165dea43d55b8cb5f5e2febcc09a1b960e4d49f6203b1a0cbee9c,Om request coba bahas kekurangan dan kelebihan byd atto 1,0,2025-09-17T15:14:35Z,2025-09-17T15:14:35Z,2026-09-19T00:23:11.766454+00:00
UgxhOuVfADwJ0yLlVnJ4AaABAg,z1fWo8tYynA,058e1546fe68863fe989098546f31e1656ba3c79831626f7190e723bd0c83065,"Sayang listrik, klo ada lubang knalpotnya...mmmantap",0,2026-04-02T15:50:24Z,2026-04-02T15:50:24Z,2026-09-19T00:23:11.766454+00:00
UgwsjTbffNUNlIEUqpR4AaABAg,z1fWo8tYynA,87cc57e4328ef22d048127f2ef6913e1703de8bbe8d101c0662c3fe01d596245,ini micnya yg ganti atau orangnya yang ganti ya? kok suara om mobi beda ama seperti biasanya..?,0,2025-09-20T07:37:18Z,2025-09-20T07:37:18Z,2026-09-19T00:23:11.766454+00:00
Ugwe15PShf9vhnapR6V4AaABAg,z1fWo8tYynA,9478e8cbdfe013bead356639123262f2506550926cd294c2eb46cc20f760379e,Budget lcgc nambah sikit,1,2026-01-15T02:44:52Z,2026-01-15T02:44:52Z,2026-09-19T00:23:11.766454+00:00
UgztZ3hpdGeawUiwtwx4AaABAg,z1fWo8tYynA,807b0e249fcec035a9b1b2c5d5fd81fcaf3357fee2ef03369817df0fbd6e23d6,"saya sudah liat di china juni lalu , pelek agak beda",0,2025-10-08T08:24:53Z,2025-10-08T08:24:53Z,2026-09-19T00:23:11.766454+00:00
UgzfY4tYsji99Qci42N4AaABAg,z1fWo8tYynA,e17a1c84c2b86eb74b73ec97e55e7e086519763e5aab327b3c334e3296b92703,microphone beli sayangnya,0,2025-11-30T07:24:45Z,2025-11-30T07:24:45Z,2026-09-19T00:23:11.766454+00:00
UgxQ4Gj98O2DlZcHby14AaABAg,z1fWo8tYynA,f07bdd2f671f83acfb04470a8917602e75713bb52ea2b2a85b893e0c76faa2df,belum pernah liat di jalanan Bandung sampai hari ini.. beneran ada ini mobil ?,0,2025-09-22T02:02:51Z,2025-09-22T02:02:51Z,2026-09-19T00:23:11.766454+00:00
UgxsJJ2zraBCAG211Op4AaABAg,z1fWo8tYynA,d49fb1473fc355065bb5fa096e4b664e4d9d0a91560bf7d9c32dc3079f492945,20:27 ada yg ngerekam,1,2025-09-23T01:45:57Z,2025-09-23T01:45:57Z,2026-09-19T00:23:11.766454+00:00
UgyXqlTfRMZMoiop2cJ4AaABAg,z1fWo8tYynA,2722c447706a398d679ee5eb0893e0d62ea84e39bd6d3c3211d7b5761c95419a,Jakarta...gak pake ban serep?   OMG..😢,0,2025-09-17T22:17:29Z,2025-09-17T22:17:29Z,2026-09-19T00:23:11.766454+00:00
UgyA7Hd-J5XaRoO5zfB4AaABAg,z1fWo8tYynA,1508be2932c35799269f6b374456e086ba5f50f472c31513a99db29a130cb51c,Sekilas emang keliatan spt lamborghini urus,0,2025-11-22T00:11:57Z,2025-11-22T00:11:57Z,2026-09-19T00:23:11.766454+00:00
UgwvXFSPQJxmSn4WgHN4AaABAg,z1fWo8tYynA,5e4b7ed1086272a9ad423ce5c40428d0eec3c8804b015487c0c4d6adf939dff1,"Koreksi tim om @motomobi judulnya setalah tuh, dibenerin",0,2025-09-18T01:08:51Z,2025-09-18T01:08:51Z,2026-09-19T00:23:11.766454+00:00
UgwB3cyKGniy2oWd3GB4AaABAg,z1fWo8tYynA,c01d7b925df03c6c6e23d28c359d7956cce47ccfa83feccd90a097585cdd3bf3,Pertama,0,2025-09-17T12:15:52Z,2025-09-17T12:15:52Z,2026-09-19T00:23:11.766454+00:00
UgwweitBdUHzup5HRcR4AaABAg,z1fWo8tYynA,d40e8d838795e32aefec7cc862acfa98da61f99fb0214e7474318fe4225b59a9,Pertama,0,2025-09-17T12:16:47Z,2025-09-17T12:16:47Z,2026-09-19T00:23:11.766454+00:00
UgzUljw1nVyuoHZMG-V4AaABAg,z1fWo8tYynA,a4e45e9bcf2feea35e09afa4fcefabd2b95af01c09791ba6b00a95fd2ca54225,"Dulu keluar LCGC mobil termurah bisa kredit panjang, banyak mobil atau motor pajak mati di atas 2 tahun berkeliaran bebas berkeliaran bukannya di sita negara, beli mobil baru tanpa garasi di perbolehkan, sekarang muncul EV harga LCGC. Yang sebelumnya setelah ada LCGC jalan semakin padat, dengan adanya EV murah akan membuat traffic jam dimana-mana termasuk daerah, belum termasuk populasi motor bebek.
Negara ini membutuhkan transportasi umum seperti Singapore yang terarah, bukannya kendaraan murah. Kereta cepat Whoosh itu di buat asal ada, siapa yang mau naik terminalnya jauh tidak strategis, termasuk LRT Palembang. Indonesia tetaplah Indonesia yang penting korupsi.",0,2025-11-09T05:49:56Z,2025-11-09T05:49:56Z,2026-09-19T00:23:12.527826+00:00
UgwRqn16nIOILvruo2Z4AaABAg,z1fWo8tYynA,8f847bfda18e1dea71e0af868064717445b29df8b8a847832f2c9236fda5e4b0,jadi pertimbangan banget buat beli mobil listrik daripada ngebiarin pertamina monopoli bbm,0,2025-09-25T02:29:00Z,2025-09-25T02:29:00Z,2026-09-19T00:23:12.527826+00:00
UgyzUZX3lsLwFwKv_4F4AaABAg,z1fWo8tYynA,8efe24550fadd5b01189d76ea4f6bc20de01e80c7a2c18dd44614eaf9702369b,"Oom SPK 10 mobil listrik di GIIAS 2024 Bagaimana kabarnya??

Kok gak pernah jadi konten?",0,2025-09-18T11:57:27Z,2025-09-18T11:57:27Z,2026-09-19T00:23:12.527826+00:00
Ugy9mSzmipiNES7Gyxl4AaABAg,z1fWo8tYynA,1bbc295e9b2b53a3309a6bd6db188790b0e0a486bdbfaa24eef9a8742a0fce80,maxwin beneran gua diGaruda-hoki😮,0,2025-09-18T04:24:23Z,2025-09-18T04:24:23Z,2026-09-19T00:23:12.527826+00:00
Ugwvss_lQlDFLnJZQMt4AaABAg,z1fWo8tYynA,b6d2a951530484ab4eb1b444c4b95ac9bf86b319ec06af89217e71cee9895f3a,Beli BYD nya di BYD SOUTH JAKARTA ID  ya 🥰,0,2025-09-17T22:41:56Z,2025-09-17T22:41:56Z,2026-09-19T00:23:12.527826+00:00
UgzNZ6yp21AlalIYlLN4AaABAg,z1fWo8tYynA,2cd192fddbb8fedaf8b98aa9bf2349e59dd5a07091f5f0de64f41a68320e8745,Ga ada ban cadangan hanya ada tire car kit,0,2026-03-21T11:34:07Z,2026-03-21T11:34:07Z,2026-09-19T00:23:12.527826+00:00
UgwD8_ZJs7K9a1fYeqR4AaABAg,z1fWo8tYynA,2f91f15977eed6ebaaed43e84ec5a2cffe8d8b7ba17aad62e986b9fa5bf935d8,Tunggu tahun depan diskountnya gde2,0,2025-11-09T11:04:34Z,2025-11-09T11:04:34Z,2026-09-19T00:23:12.527826+00:00
UgyXEHKcYaCXsPghlXV4AaABAg,z1fWo8tYynA,00dd0cd3ccc0a11da30742a4ea31a9dff5d6ced0ba0ceabe361d7a10f4ca3007,semoga danantara segera memulai proyek pembangkit listrik tenaga sampah dan beli kendaraan listrik jauuhh lebih baik daripada kendaraan bbm,0,2025-09-22T11:28:11Z,2025-09-22T11:28:11Z,2026-09-19T00:23:12.527826+00:00
UgyMQ-8mYbTp2lrDb_14AaABAg,z1fWo8tYynA,fb25c0997c65e30ca7df4ad9a6223d5bcfbfe058e4fe495660bdfe65c844a3cc,"Selalu happy bang Salim,Ga ruda Hoki-Gookil🤗🔥",0,2025-09-18T04:25:26Z,2025-09-18T04:25:26Z,2026-09-19T00:23:12.527826+00:00
Ugyidv31h37CdieaVlZ4AaABAg,z1fWo8tYynA,96216b7d1935ab32a89df8e2e2072eaf71c41ebf54f3e6278891f11d05e431fd,Kalau homecharger belum punya cukup repot yah.,0,2025-12-22T14:00:40Z,2025-12-22T14:00:40Z,2026-09-19T00:23:12.527826+00:00
UgxhALKl2dVtrk7ylvp4AaABAg,z1fWo8tYynA,d209ff852f123231daed611f7897fd06df1309d4a486ab56b1624d58eaa5bf02,"Om mobi review juga donk hrga baterainya kalaupun ganti harganya brpa perkiraan jangka panjang di pakai apakah masih wort it walaupun misalkan ada garansi seumur hidup , bagaimana kalau garansinya hangus",0,2025-09-17T15:54:24Z,2025-09-17T15:54:24Z,2026-09-19T00:23:12.527826+00:00
Ugx9AxWj-Ua6u1tIOSN4AaABAg,z1fWo8tYynA,6bf317b6ecd58475103a2fc6ea1f365de8f394aded95803229a5d68dc9dc129d,Kayaknya bandingan nya bukan dgn LCGC deh om,0,2025-09-18T21:22:55Z,2025-09-18T21:22:55Z,2026-09-19T00:23:12.527826+00:00
UgzK77VywFTY2yqnJsl4AaABAg,z1fWo8tYynA,4c8e501ff0ac0f0a3b94575eb091f3743392157b2cb8b336091bda88e0645ec8,avanza..selalu ada,0,2025-09-20T09:15:28Z,2025-09-20T09:15:28Z,2026-09-19T00:23:12.527826+00:00
Ugwx8SRTc8AhQuVEQ554AaABAg,z1fWo8tYynA,5fd6bbff60682d57fe7f0cf7b59821b9bfa1407c9b75b102782b75ec2529d811,sama dengan lamborgini jumlah bannya,1,2025-09-19T07:41:29Z,2025-09-19T07:41:29Z,2026-09-19T00:23:12.527826+00:00
UgwqEglFUjwJbAHiXoJ4AaABAg,z1fWo8tYynA,5b46d6c46fed31d0b0144b429ac05b173889f01deefe4e5ba1f71b1889f91c8a,"Saya bingung katanya review setelah dipakai setiap hari, malah isinya gak beda review2 kayak lainnya saat review atto baru, fitur ini itu 😅😅
Kagak ada bedanya",1,2025-09-18T15:06:11Z,2025-09-18T15:06:35Z,2026-09-19T00:23:12.527826+00:00
Ugyc7hC1Q74w-qfYzhR4AaABAg,z1fWo8tYynA,168956eadfa4df44ee05c9678d024258857c48ec65cddfcfba3d89427c2dc793,tetap BeAT Karbu merah dihati😂,0,2025-09-23T05:21:19Z,2025-09-23T05:21:19Z,2026-09-19T00:23:12.527826+00:00
UgwiqDqWjHZNHwkha9F4AaABAg,z1fWo8tYynA,f93d023a68148c689f59c0b19fb90bfd3bc51b7838a6c84e13a960de5cdfa1d3,Mauuuu pesan dimnaaa,0,2025-10-06T22:17:03Z,2025-10-06T22:17:03Z,2026-09-19T00:23:12.527826+00:00
Ugws8Wv7pd4AWflU5SB4AaABAg,z1fWo8tYynA,7afea676a21340a282ec4dc2e5186a1a55843043daca0afbb2d70bd33c842796,"Ngiler mobil ini tp sayang uang udah kepake buat invest yg lain,smg ada rejeki lain utk beli mobil ini sblm pajaknya naik 😅",1,2025-09-17T23:08:02Z,2025-09-17T23:08:02Z,2026-09-19T00:23:12.527826+00:00
UgyLFxaGKXtKL3ew2bl4AaABAg,z1fWo8tYynA,5d5f1d60d276344c8c260969c39d3c46a0be0938cfc25574f0bbbe019300d9ea,Yg belakangnya ada beat karbu,0,2025-10-04T05:30:48Z,2025-10-04T05:30:48Z,2026-09-19T00:23:12.527826+00:00
Ugx-9fPMRTfLru-a4tN4AaABAg,z1fWo8tYynA,6b225d75ae4f5890f8c6a00246982debee88697cd5ee05ed0c248b7028367518,Pertimbangan utk bli adl murah biaya operasional sehari2. Dan pjk pun g mhl,0,2025-11-08T07:59:06Z,2025-11-08T07:59:06Z,2026-09-19T00:23:12.527826+00:00
Ugzs_wBfNARxH5-BJ2R4AaABAg,z1fWo8tYynA,e9f8ea7519fdf7bcc7f40beb0f1f76cde4e38375e5c973998ceb9e6e814f1ed7,Gak masalah 😅😅😅,0,2025-09-22T15:48:14Z,2025-09-22T15:48:14Z,2026-09-19T00:23:12.527826+00:00
UgxIhJIrHu73uR3GY-54AaABAg,z1fWo8tYynA,ecb480104e96426290342e1e00d45189f5809dd3b71e21d2fff6bdc8a4b4956f,gak masalah,0,2025-11-22T05:50:20Z,2025-11-22T05:50:20Z,2026-09-19T00:23:12.527826+00:00
UgzcDMlq87SEfE7gPCl4AaABAg,z1fWo8tYynA,cf54f1c0e1a0d1fa8702a2e3d0ec05eddbab8101514e3163930bbee64c18fddd,"Pengen tapi jelas ga cook buat saya yg tinggal di Kalimantan dimana jarak daerah satu dengan lainya terlalu jauh dan SPKLU masih sebatas di area perkotaan,,so,,Mobil BBM masih panjang umur n ga tergeser hingga puluhan tahun ke depan,,,😂",0,2025-10-24T00:23:33Z,2025-10-24T00:23:33Z,2026-09-19T00:23:12.527826+00:00
UgxM4cplV8xjMEGyWy14AaABAg,z1fWo8tYynA,52543efd59460fdb3d47d3981ad1f217325fe316814dad775f291498ed1ef4c1,"bang  , buat saat ini , dgn berbagai pertimbangan , dengan budget segitu , untuk pakai harian  , lebih baik beli mobil listrik atau masih tetap mobil bensin , dan pertimbangan bisa di pakai 10tahun kedepan",0,2025-12-03T08:00:42Z,2025-12-03T08:00:42Z,2026-09-19T00:23:12.527826+00:00
Ugx6gC6GWkEKN6yhkFN4AaABAg,z1fWo8tYynA,36fccfc985de18a0b301695530e1b7f6366b637cc18dc569fa54b16d9bb2dc93,Nanti beli kaya wuling keluar fitur baru atau jarak lebih jauh harga lebih murah...,0,2025-11-23T05:57:34Z,2025-11-23T05:57:34Z,2026-09-19T00:23:12.527826+00:00
Ugy__vokhC5ta8T_qrV4AaABAg,z1fWo8tYynA,e6acfb15f7a7a66da1d3e218dd97a0561e1c133a469a0dc873815e379dd39569,"Pantesan banyak mobil second Toyota daihatsu tipe tertinggi padahal masih keluaran terbaru,.",0,2026-06-03T11:55:32Z,2026-06-03T11:55:32Z,2026-09-19T00:23:12.527826+00:00
UgymXgTxY5MNJzx4MmZ4AaABAg,z1fWo8tYynA,53216898caf9a7b1e56609ca3f0a6e9ff29f3e1ae83a578d4344fc46a3e122b4,😊,0,2026-03-01T08:40:04Z,2026-03-01T08:40:04Z,2026-09-19T00:23:12.527826+00:00
Ugya8c4as9S7U2YLqG14AaABAg,z1fWo8tYynA,7726f9c65abe50914321696176edeca7d9f4937dc0417bd0796c564d0daeec22,tau nih posisi markas motomobi di deket tol apa wkwk,0,2025-09-21T02:56:09Z,2025-09-21T02:56:09Z,2026-09-19T00:23:12.527826+00:00
UgytlvXjwdyTsaF7wwN4AaABAg,z1fWo8tYynA,aa591ab093adaf71bdb55addf0d7c6552ac6b3b51950d6790442c84e7ee698b3,Harusnya harga EV lebih murah daripada ICE karena lebih sedikit partnya 😂,0,2025-09-18T09:01:49Z,2025-09-18T09:01:49Z,2026-09-19T00:23:12.527826+00:00
UgwbhzhyW94d25wgkaF4AaABAg,z1fWo8tYynA,a84e9dc25c042d97b22b9330cded868295e460f87340c44e67ba37bbf69104df,Mkin bnyak pbrik mobil apkah hrga mobil bakal trjangkau?semoga 🤲,0,2026-01-01T03:44:26Z,2026-01-01T03:44:26Z,2026-09-19T00:23:12.527826+00:00
UgxvOY5L7y-Vl_vsrBJ4AaABAg,z1fWo8tYynA,4606b98280554a6bf827539039140a6ad84d0eb891c664b141fcac0686a3e202,Kalo spion ilang masuknya gimana om 5:26,1,2025-10-06T04:19:09Z,2025-10-06T04:19:09Z,2026-09-19T00:23:12.527826+00:00
UgyaQthdRfKHUr-Gh6l4AaABAg,z1fWo8tYynA,72a6c3f71578012d9fc2fa24e3db08d11333bbd9e8753b8de8c6ed0e7086cf3f,Handle pintu belakang nya coba di tarok di atas pasti lebih ganteng,0,2025-09-17T14:54:05Z,2025-09-17T14:54:05Z,2026-09-19T00:23:12.527826+00:00
UgxpKsfVmMrb_EiebtN4AaABAg,z1fWo8tYynA,36aeee59d4014152b4b6d1d88bd9e4bd0f0b841183f4377cfc82441d97efc374,"Saya suka Liat nya 
Body ukuran standar gak Lebar kayak BYD SEALION...

duit sih jauh dari kata bisa beli ...boro boro buat saya 

Saya cuman Sebagai Pengemudi nya mobil BBM aja 😅",0,2025-11-11T05:26:39Z,2025-11-11T05:26:39Z,2026-09-19T00:23:12.527826+00:00
UgxbwLbPwyYU5PzMgAl4AaABAg,z1fWo8tYynA,a007c18a79efc678a201e897afe09db4e81df11156c276476046ec2082379a1e,dgn tanda2 penghapusan pajak buat ev CBU di tahun depan yakin sih yg order tahun ini bakal GORENG abiss harga bekasnya sampai hampir 300jt seperti kasus Honda CUV-e yg dijual bekas 25jt setelah beli dgn diskon 19jt.,4,2025-09-17T12:18:43Z,2025-09-17T12:18:43Z,2026-09-19T00:23:12.527826+00:00
Ugx8QhIzgHvIwJ-ZGex4AaABAg,z1fWo8tYynA,ff6253a35fd3f191bcd6672e6cd7399cec7c1506675b75908e973829d3bb4283,Om beli satu,0,2025-10-27T02:20:40Z,2025-10-27T02:20:40Z,2026-09-19T00:23:12.527826+00:00
UgzmLwsfjxORryjb4u14AaABAg,z1fWo8tYynA,3e82ab11b139f92dc683fda4d1a8c3f7822c26dfb41319b40cdd7a887ca5ddd1,"Om, baju nya baguss. 
boleh minta 1 atau itu di jual juga?",0,2025-09-18T10:35:50Z,2025-09-18T10:35:50Z,2026-09-19T00:23:12.527826+00:00
UgwpeYeyigl6vJ8LVBl4AaABAg,z1fWo8tYynA,9800100eb420ff3cd9911b0a1e250544951b3b3a354bbac91f44eb38ee4080bd,"Kekuatan untuk tanjakan bagaiman ya?
Kemiringan berapa yg mampu didaki?
Makasih",1,2025-12-14T11:56:35Z,2025-12-14T11:56:35Z,2026-09-19T00:23:12.527826+00:00
UgwJkN_iJIll5ahwYXx4AaABAg,z1fWo8tYynA,84f8256956bc237ce9f14bcdabe04b5bf63152ce164783c047855c5d05573dce,Mobil listrik buat kepuncak kuat nggak sih ya?,1,2026-03-25T04:39:59Z,2026-03-25T04:39:59Z,2026-09-19T00:23:12.527826+00:00
UgwjsAyYjFApd7llZV54AaABAg,z1fWo8tYynA,c2a1358cf6d949d3e58e6e4379e6da72f645abf3f8034cc0d17b038f8f06422a,Amen,0,2026-04-09T18:11:55Z,2026-04-09T18:11:55Z,2026-09-19T00:23:12.527826+00:00
UgwHFv658uBY3PwCqPt4AaABAg,z1fWo8tYynA,bbfeb9057694e7e653c9b91c9cd926ce63161099655dd2ff12ef9a6feaf39e85,"gue heran knp om mobi, fitra eri dan ridwan gak pernah beli BYD",3,2025-09-18T00:19:58Z,2025-09-18T00:19:58Z,2026-09-19T00:23:12.527826+00:00
UgxyJJg-i956qMNyicN4AaABAg,z1fWo8tYynA,6811806ba0d04f023b878760b54d3a095537384eaba9c9332cc98f6f23cad727,"Om Motomobi, apa perbedaan fungsi tombol virtual ""Auto parking brake"" di monitor dengan tombol fisik ""Park"" yg ada disamping tuas ""shifter""?",0,2025-09-18T03:19:27Z,2025-09-18T03:19:27Z,2026-09-19T00:23:12.527826+00:00
Ugz-XQaF7CgsAQsNdXZ4AaABAg,z1fWo8tYynA,eec369c8aef7354429cbba25af4cd8dfe3d0a8d8ace737ae0d3f9ba97de5f445,warna birunya knp ga dimasukin.,0,2025-09-18T02:15:14Z,2025-09-18T02:15:14Z,2026-09-19T00:23:12.527826+00:00
Ugxys6SMmLKuzadukKd4AaABAg,z1fWo8tYynA,c85fa0203819ef779aa747ef6a6da002176ae6eaf990d62b11d26827b635f626,*setelah min,0,2025-09-18T01:25:43Z,2025-09-18T01:25:43Z,2026-09-19T00:23:12.527826+00:00
Ugyvg1nm5av2pFEO0sl4AaABAg,z1fWo8tYynA,cf5833b01170f7631ffee219138ace2c5ca1101a1dbb87f40137ccc2bf5fb6a2,om custom masker lagi itu udah pudar keliatan dekil,0,2025-09-18T05:46:50Z,2025-09-18T05:46:50Z,2026-09-19T00:23:12.527826+00:00
UgzAM9Si9lDic7yCkX94AaABAg,z1fWo8tYynA,af74203ece873751568b8435064dbb784314b821e5c8ac3d782abcb31dce7498,Habis olahraga di gbk spionnya ilang diambil orang timur bingung mau pulang gimana 😂 sensor nfcnya di spion,2,2025-12-29T07:51:38Z,2025-12-29T07:51:38Z,2026-09-19T00:23:12.527826+00:00
UgxxY4ZcGY90A5hgBjt4AaABAg,z1fWo8tYynA,840ad2e5b18112c6e19125ed94cce7fbc4fdfb105e22c1c8755933219434fb88,Mending vinfest atau ini minta saran hehe,0,2025-10-09T06:42:23Z,2025-10-09T06:42:23Z,2026-09-19T00:23:12.527826+00:00
UgwPxy8ocqgzsSp5Tbp4AaABAg,z1fWo8tYynA,3768a705e408ee76a51d00d56fbaaf7bc3df9cfe35b37f01b8ccecd466060052,tas ditaruh didepan juga bisa kyknya....kan gak panas ya,0,2025-12-12T06:31:59Z,2025-12-12T06:31:59Z,2026-09-19T00:23:12.527826+00:00
UgzQJYM58tyL6G5YP6p4AaABAg,z1fWo8tYynA,89840fd5017204f3ca93943e91ac6f7d9c0eda3bf96e3f4759b93649aace1f36,5:45 bisa disalin ke HP yang ada NFC nya ga ya? Jadi ga perlu bawa apa2. Modal hape aja.,1,2025-09-18T16:31:51Z,2025-09-18T16:31:51Z,2026-09-19T00:23:12.527826+00:00
UgyzNe5vWPCOnkNP3_p4AaABAg,z1fWo8tYynA,ab5785e3fe4b04a96110594b564d60c7c44bb5b933165dfb2d97695b21808db2,Bisa gak sih diisi token aja biar ga usah ngecas nungguin 😂,0,2025-10-18T03:45:21Z,2025-10-18T03:45:21Z,2026-09-19T00:23:12.527826+00:00
UgxM86GoQWgtCbLxr494AaABAg,z1fWo8tYynA,d8cb9ec151412dffb859a0d151170488322dbd4f1d5e1e251be89edcd865bc84,apakah serelah subsidi impor ev dihapus thn 2026 harga naik drastis,0,2025-09-20T02:26:52Z,2025-09-20T02:26:52Z,2026-09-19T00:23:12.527826+00:00
UgxMxqApWv_-0nVMM214AaABAg,z1fWo8tYynA,f202f6e7673d100c6276b2328c054f0f1a41955929e58df1f779cd110ead1517,"Pantes aja sales brand ICE sebelah langsung buat propaganda iklan dimana mana 😂
Karena jelas ancaman nyata . 
Btw belum ada buzzer sales brand LCGC di sini berkomentar negatif rentang atto 1 ini kan.. 😅",1,2025-09-25T12:13:15Z,2025-09-25T12:13:15Z,2026-09-19T00:23:12.527826+00:00
UgwSnwilFYns-1ywLgF4AaABAg,z1fWo8tYynA,b3356050e6e9d154711958ba915c3a51464e93ef49ee7f12b0459cf13f444b21,"Gak.ada ban serep...
Kok bocor gimana boss😂😂😂😂",1,2025-11-17T03:49:55Z,2025-11-17T03:49:55Z,2026-09-19T00:23:12.527826+00:00
UgwIf5FCPViNtUvGKfl4AaABAg,z1fWo8tYynA,5a78e0d6e6ce1eb83d0e537de75f018047a1acfbc66650b3c3afc5e30dd276f6,kalau bisa di bawah 150jt waht a deal sih.,0,2026-02-05T23:52:14Z,2026-02-05T23:52:14Z,2026-09-19T00:23:12.527826+00:00
UgzYbRtlLHiLeIS0yRR4AaABAg,z1fWo8tYynA,d094b61f756f494562934a09686afd1335e40546f9529804733d00a8e11a617f,Spion retract itu harusnya udah jadi hal wajib buat mobil dua ratus juta. Kalo ADAS okelah diilangin.,0,2025-10-28T01:07:15Z,2025-10-28T01:07:15Z,2026-09-19T00:23:12.527826+00:00
Ugy7Heo9KR09dNdIdCt4AaABAg,z1fWo8tYynA,cc8d17be590558328e0c939d5fc34e30b747fc019f08099a0cfaafebe2b7bee2,"Lamborghini Urus, from walmart",0,2025-09-18T20:28:14Z,2025-09-18T20:28:14Z,2026-09-19T00:23:12.527826+00:00
Ugz1zWSjKNIP9kldn2l4AaABAg,z1fWo8tYynA,2b6561506692fdaf323c6c37410795ec73a0fe2e6a1df161c65b8d404cb9fe38,Kami tidak beli karena tidak mampu bang 😅,0,2025-09-18T23:18:44Z,2025-09-18T23:18:44Z,2026-09-19T00:23:12.527826+00:00
UgwLz7emFOwmyqmgIwl4AaABAg,z1fWo8tYynA,a81148ecfceae4735d0ad9094fa73077d7e17261cc145d7661e4228509ec39f8,"Kenceng kayaknya masuk kantong, sampe review nya semangat🤣",1,2025-10-29T01:27:37Z,2025-10-29T01:27:37Z,2026-09-19T00:23:12.527826+00:00
UgxV_e0gSGDuHYWeEXh4AaABAg,z1fWo8tYynA,996a0052deb3a29cbd8b2071c24c37fe25a7151afb3f50692a0cc80d42e1fdcb,Yah sayang bgt FWD. Padahal vinfast bikin yg RWD loh. Apalagi buat nanjak2 curam pst butuh RWD.,0,2026-02-15T09:21:10Z,2026-02-15T09:21:10Z,2026-09-19T00:23:12.527826+00:00
Ugw3URuypiE873dz72d4AaABAg,z1fWo8tYynA,40614856b6b80af684fbdf77d96df288637cb0deee68ca109c096d46b2fa8f5a,"""kami suka turbo"" ada yg kangen dgn jargon ini di om mobi... Om turbo jg apa kabar ya? 😅 Naahh ini mobil listrik di proyek turbo lahh om biar pusing. 😅",0,2025-10-27T15:08:52Z,2025-10-27T15:08:52Z,2026-09-19T00:23:12.527826+00:00
UgyyPn0BAAdmtnog_K54AaABAg,z1fWo8tYynA,a696fc6e4f3f13033dc9a6011da156c145644ff74dfb906005da986d7b0807a6,Tahun depan y🩵,0,2025-09-19T01:39:35Z,2025-09-19T01:39:35Z,2026-09-19T00:23:12.527826+00:00
UgwENg18BmlKjf5jgLF4AaABAg,z1fWo8tYynA,bea1de75581818fb119355b870f482b0dc1bf3e4b863301f046599fdde4b6065,enaknya mobil listrik ga ngisi BBM yg banyak drama..,2,2025-09-18T02:28:51Z,2025-09-18T02:28:51Z,2026-09-19T00:23:12.527826+00:00
UgwgGpuZZEoz5Zum6cB4AaABAg,z1fWo8tYynA,2c8d2ed37c79bc9ed6739e926250c315b70cbd9d1b16b996040bea6dc51650b5,"Om Mobi, kira2 aman gak ya untuk dibawa ke luar kota? Rencana mau buat trip jkt-malang PP?",0,2026-03-02T04:23:44Z,2026-03-02T04:23:44Z,2026-09-19T00:23:12.527826+00:00
Ugy8-N6QWaBS7eqsaRF4AaABAg,z1fWo8tYynA,63c6b455a8930ceafb7072b20f1c75e6ce1e5f9a1cde5f941654be78d0a583d5,Tenaga75 HP ya cuilik....,0,2025-10-20T04:24:44Z,2025-10-20T04:24:44Z,2026-09-19T00:23:12.527826+00:00
UgzK4c4L4iF5jRhONaB4AaABAg,z1fWo8tYynA,838190c92ed30af0b0a45e7177de75c4c7606616eb6cad4f81ad13b7d36e9423,"ngapain ambil videonya dibawah sunroof wkwkkw, silau men",0,2025-12-23T07:15:54Z,2025-12-23T07:15:54Z,2026-09-19T00:23:12.527826+00:00
UgxGQyzpdVBzWADpnV14AaABAg,z1fWo8tYynA,aba7932c065311fb44f353463ada9021acd6ce287934384305d32d4a8dd93376,Beat karbu nya dijual GK om?,0,2025-10-03T01:41:06Z,2025-10-03T01:41:06Z,2026-09-19T00:23:12.527826+00:00
UgxvaKyrPTgrjqTPk8N4AaABAg,z1fWo8tYynA,87798e506e36eeb57864d792e553bea33a6946ad4c6be48ac98d228019cd2932,"kalau pakai nama LCGC, namanya jadi apa?",0,2025-09-18T02:57:28Z,2025-09-18T02:57:28Z,2026-09-19T00:23:12.527826+00:00
UgwPWoqC0lvPgXG-0Z54AaABAg,z1fWo8tYynA,91bd94f61564de0657f96e659d0c51ce301fd740294dd5a6efbe0e087b270d83,"Om, kira kira setelah 8 tahun gimana nasib baterai ny ?",0,2025-09-18T05:40:06Z,2025-09-18T05:40:06Z,2026-09-19T00:23:12.527826+00:00
UgwgrXnWGB91grY1JrN4AaABAg,z1fWo8tYynA,cc76d5f159d33f4270b3022c19c79bade98c004fd792faf3cf8932164e01e645,"Om mobi, atto 1 ini gimana rasanya di tanjakan kaya jalur puncak bogor cipanas tenaganya mobil ini? Pingin beli mobil ini untuk mobil ke 2. Buat pake pp cianjur bandung atau cianjur jakarta soalnya",0,2025-09-18T01:46:40Z,2025-09-18T01:53:06Z,2026-09-19T00:23:12.527826+00:00
UgxTz6yuDJJDKOEQYoB4AaABAg,z1fWo8tYynA,08027be298857d58ab664151c4861bb9c0a824bc6284219246985287d5c285d2,🤲🏻🤲🏻🤲🏻🤲🏻🤲🏻,0,2025-09-17T18:49:29Z,2025-09-17T18:49:29Z,2026-09-19T00:23:12.527826+00:00
Ugy1dIrF4EDYsblg1mF4AaABAg,z1fWo8tYynA,8b2d9b6ac40c2faad8e8eac568156d3673ed9bc7cec02d0dcd12a17d065e761c,"mau mobil EV, Hybrid, atau bukan tergantung pilihan masing masing.",0,2025-11-26T00:55:02Z,2025-11-26T00:55:02Z,2026-09-19T00:23:12.527826+00:00
UgzRA8mRzkQwHXbjIkN4AaABAg,z1fWo8tYynA,bd6eabee73d7b8de9f9716bbd57ff16fd0941815623a737a17f31605adb15ab2,mending nunggu Geely EX2 sih.,0,2025-11-17T17:07:12Z,2025-11-17T17:07:12Z,2026-09-19T00:23:12.527826+00:00
Ugy2UYNbR59ixi6j5f14AaABAg,z1fWo8tYynA,cc03ff010e9d91f33609028170d1a82f7793f98226791419a4b3a0e5181934a5,suspensi agak keras menurut saya,0,2025-09-27T09:59:36Z,2025-09-27T09:59:36Z,2026-09-19T00:23:12.527826+00:00
UgxBcVFqQOsBf8a9wGx4AaABAg,z1fWo8tYynA,bc56c342777fa9f1f91b189c02b6eee45b3632274419d1aee452f024dd4bcfbb,"Lamborghini,mini,boxy",0,2025-09-17T17:13:27Z,2025-09-17T17:13:27Z,2026-09-19T00:23:12.527826+00:00
UgzV6D1Tc7y71-zc12h4AaABAg,z1fWo8tYynA,5f77038b9988b739a481320aecedea8c9f2a5c66d1aebe3ad4f9efaf0d9edf17,"Top speed nya berapa om mobi..?
Tembus gak 140Kpj..?",0,2025-09-17T15:33:36Z,2025-09-17T15:33:36Z,2026-09-19T00:23:12.527826+00:00
Ugytr0NOylyu_mIZBRd4AaABAg,z1fWo8tYynA,6fe18d29292981155c7739d3cb950d7ee41ca1a8b62bce1d6171f6980b100358,Kenapa tes akselerasi matiin ac? 🤔,0,2025-09-17T18:12:58Z,2025-09-17T18:12:58Z,2026-09-19T00:23:12.527826+00:00
Ugz68-8W57dujktAQ4p4AaABAg,z1fWo8tYynA,6e3c4b69b6a45d4bb15b419a6233b2837a2fc7c7fb638b3c7f86bb2ddbd6f461,"Jadi pingin....buat anter jemput anak... Enaknya tetep pake jazz gen 2 ato tuker ini ya? Ga pernh dipake kluar kota sih, klo kluar kota pake crv suami",0,2025-09-17T23:56:23Z,2025-09-17T23:56:23Z,2026-09-19T00:23:12.527826+00:00
UgzKVj-h9Kpcc2tDA0Z4AaABAg,z1fWo8tYynA,cadff475ba3c3a39ba73b7d738490b097ee64f3573d91d66b16fc493993691b4,Menarik om mobi . Tapi kalo di pake buat gocar atau ngojol sanggup NDA om mobi buat sekelas LCGC mobil listrik . Dari body bagus . Dari interior mendukung buat kenyamanan tapi untuk safety di pake ngojol bagus nda om dan juga sanggup NDA listrik di pake ngojol,0,2026-05-17T16:35:09Z,2026-05-17T16:35:09Z,2026-09-19T00:23:12.527826+00:00
UgwkDH1Xad4CNdIw2VB4AaABAg,z1fWo8tYynA,32a8f74fbc4a942d39a0547b331cc79d9bd68b78136539fe508be7dc1e0f6c29,Ac nya dingininnya lama..? Ga cocok sama cuaca Jakarta palagi Bekasi wkwkwk,0,2026-03-26T12:29:05Z,2026-03-26T12:29:05Z,2026-09-19T00:23:12.527826+00:00
UgzAPCwZ3VPMtj0iXip4AaABAg,z1fWo8tYynA,6c99e3d4f15a93894fa2e36aec33fc04246dab212646e229f38d8feafde98346,"Tes sampek baterai abis 0% donk, nyampek berapa km real nya ?",0,2025-09-18T06:51:21Z,2025-09-18T06:51:21Z,2026-09-19T00:23:12.527826+00:00
UgyjdzK9_AircZzrHjF4AaABAg,z1fWo8tYynA,4f0a8f61afd97c2c6a06a355f2c03e982bddacc0ed263dfbfcf59460b41fdc06,"om  itu ada pengaruh ga suspensi nya klo pake dynamic dan premium, goel2 atau mantul2 nya ??",0,2025-09-18T07:46:36Z,2025-09-18T07:46:36Z,2026-09-19T00:23:12.527826+00:00
UgzhIIx-8lMhrzZBvNh4AaABAg,z1fWo8tYynA,798172db67e4eac10f8a7c0f40992df9781a44fe0fcbea2c2a73d0816bc37cdf,kalau untuk nanjak di bandung / bogor kuat ga ya?,0,2025-09-21T00:11:50Z,2025-09-21T00:11:50Z,2026-09-19T00:23:12.527826+00:00
UgyWaeH4Or52CC-5m8N4AaABAg,z1fWo8tYynA,6d259e8086904014df7d125d874c7d06e5e510702d29376bb5514a2708531d1c,Masih jarang om di jakarta dan tangerang ehe. Koreksi jika salah,0,2025-09-18T02:41:02Z,2025-09-18T02:41:02Z,2026-09-19T00:23:12.527826+00:00
UgxyBtYjpqbEM3dmvVd4AaABAg,z1fWo8tYynA,9e03669a40fee65677a15f7135e16dafe6476d9bb175f3f4bc8511152d01ef0f,"Desainnya menurut sya koq aneh yak, malah bagusan cloud ev apa sama binguo. Enak aja diliat. Kalo harga emang juara sie ini",0,2025-09-21T01:04:04Z,2025-09-21T01:04:04Z,2026-09-19T00:23:12.527826+00:00
UgwXkSuqlNvhcZRLw4F4AaABAg,z1fWo8tYynA,2209646711c9b6262bc9267c77e8012ad5c36bdd0f0b8afe2c2a1cf79a7e703a,Cocok gak ya untuk mobil pertama bagi pemula.?,0,2025-09-24T00:39:11Z,2025-09-24T00:39:11Z,2026-09-19T00:23:12.527826+00:00
Ugz_ai_jPrL8tqBHR0x4AaABAg,z1fWo8tYynA,28994ca979465ef4b6e233eb642be04dae294513289696d43af2ca8e441867b4,Mobil listrik itu jika di kendarai bisa kesetrum gak bang? Serius nanya,1,2025-12-19T08:16:33Z,2025-12-19T08:16:33Z,2026-09-19T00:23:12.527826+00:00
UgzCUMcSc1IRXiaAnAd4AaABAg,z1fWo8tYynA,8359945573a178ead70090aa27713a16aba6a64c6f4941e8172b45a044d21bb6,"barusan ditawarin agya atau byd atto 1, jadi bingung mau pilih mna",0,2026-04-02T12:16:31Z,2026-04-02T12:16:31Z,2026-09-19T00:23:12.527826+00:00
UgzhoC_NqHuRUeE5_XN4AaABAg,z1fWo8tYynA,f217b912745829ed5d45f09ada49b935f30b237c20c4a2f7a515176177bd73ac,Lambo mini nih,0,2025-12-25T04:34:04Z,2025-12-25T04:34:04Z,2026-09-19T00:23:12.527826+00:00
UgyyMxcGcmASK1trwSB4AaABAg,z1fWo8tYynA,7849858040ac618ad238f0c92c7a08972b7addf08b454383394ab271cb8e8694,Pabrikan Mobil Jepun panik ga ya,0,2025-10-13T12:47:31Z,2025-10-13T12:47:31Z,2026-09-19T00:23:12.527826+00:00
UgwO2vJ_Wn1381qHuhV4AaABAg,z1fWo8tYynA,ab5ad3371614f5c5139144cc35e94285723a233c361ce30a1d56992826deda92,Bukannya autohold ada tombol fisik?,0,2025-09-28T10:08:00Z,2025-09-28T10:08:00Z,2026-09-19T00:23:12.527826+00:00
UgznzdytqBgaETjPR3t4AaABAg,z1fWo8tYynA,2126e1232b232c1489115febe1b241f40049a8caabab3d15b610e18f846e5bc2,Ini klo terjadi banjir gimana? Kan batrai nya di bawah 😅,0,2025-10-15T18:24:37Z,2025-10-15T18:24:37Z,2026-09-19T00:23:12.527826+00:00
UgzVt44LrflhmJr5v4R4AaABAg,z1fWo8tYynA,8683d84f41da15d7ed6d3c533a29c0fafff0fa0a4b851235cec9615735ac790c,"Sekedar informasi tambahan berdasarkan info Ai yang saya tangkap mengenai lama pengisian byd dinamic atto
1. Dc charging SPKLU ( 30 menit) untuk baterai 50%
2. Ac charging Rumah ( 8-12 jam) 100%
3. Wallbock listrik 3 phasa harga 4 jt - 19jt ( 4-6 jam ) 100%

Note listrik rumah minimal 2200 watt ya atau MCB min lebih  12 A",7,2025-09-17T22:58:05Z,2025-09-17T23:00:21Z,2026-09-19T00:23:12.527826+00:00
UgwfkoCnQrLLaZ4n29l4AaABAg,z1fWo8tYynA,7db6b3e3d7523eb492aad6227961855f54ee48a887df4bc23d1850facb8870d2,"Susah berhubungan dgn org bertopeng .. dia mengenali kita , kita tdk mengenali dia !",0,2025-11-21T13:38:36Z,2025-11-21T13:38:36Z,2026-09-19T00:23:12.527826+00:00
UgwuABz3TGFgZgLjpEt4AaABAg,z1fWo8tYynA,0bcd7b66e6378ee5831b61262ea7a44ca6ced57ce49d7f3b54fc031790ed25f7,Garansi batre sama motor listrik nya brp tahun bang kira2,0,2025-09-23T12:00:16Z,2025-09-23T12:00:16Z,2026-09-19T00:23:12.527826+00:00
UgzNYpEIU_jTGTGNwDN4AaABAg,z1fWo8tYynA,7d937ea51ffff8a32147b45d871b5c03c31b565310b03e3df8dd87347f6513a1,"Adzan berhenti, BIG RESPECT 🫡",0,2025-09-18T01:51:05Z,2025-09-18T01:51:05Z,2026-09-19T00:23:12.527826+00:00
UgyWcgB2ZmtTC5HjIi54AaABAg,z1fWo8tYynA,b491de7d6a2d6e3ca2cf19759240c95ca5182c43e65660fdd810a65a302c19f8,Platform charge 400 volt fast charging kah,0,2025-10-25T09:04:05Z,2025-10-25T09:04:05Z,2026-09-19T00:23:12.527826+00:00
Ugxt95ZEKOW1H6MsEYZ4AaABAg,z1fWo8tYynA,011ba0af17160c630dce39c5ddb9a6a935b4a88f3390e517952576b2cdde8974,5:21 kalau NFC bisa dicopy ke hp gk ya?,0,2026-03-25T02:41:03Z,2026-03-25T02:41:03Z,2026-09-19T00:23:12.527826+00:00
UgzCF4gj0lAVutHO_HF4AaABAg,z1fWo8tYynA,f5e2787cca653aca7b47a40640c8bd28381adc94fd985d02929f4cf87b5732ae,Bang itu pintu kebuka mana ac bs dingin,0,2026-03-17T08:15:07Z,2026-03-17T08:15:07Z,2026-09-19T00:23:12.527826+00:00
UgzH1nzNq3LUjHKRMiV4AaABAg,z1fWo8tYynA,98a96615f7c6b64f473d5a674b67b63547d2180434331c23467a5785a6d4c069,Kira2 apakah akan berkembang pesat ya industri mobil listrik di indo? Hmm,0,2026-03-13T15:48:54Z,2026-03-13T15:48:54Z,2026-09-19T00:23:12.527826+00:00
UgwrPcBZ9K-636iUVqx4AaABAg,z1fWo8tYynA,cfdf187511ebdab1e9809fdb434cacbdd7be6027683ca37320aa1d5b70b8f2ba,"Bang ini saya mau tnya jikalau cas drumah gtu bisa ? 
Harus pasang pengecas dr mreka bukan ?",0,2025-09-18T20:48:12Z,2025-09-18T20:48:12Z,2026-09-19T00:23:12.527826+00:00
Ugxl1xiH_TiGxlSO_UF4AaABAg,z1fWo8tYynA,b9c79a673640c764017c6421985e0b9fb8c9cd0712454091df1e752657ca6450,"Klaimnya 300km, realnya 215km 😮",0,2025-09-18T01:49:49Z,2025-09-18T01:49:49Z,2026-09-19T00:23:12.527826+00:00
UgxPHyr1QMPuqKbCmmx4AaABAg,z1fWo8tYynA,27d292bc082178f5a94a204fde7c5d96e34c71bdd033d95a3a78b00949777e8f,lampu nya terang ga sih klo mlm / saat hujan?,0,2025-09-18T07:12:22Z,2025-09-18T07:12:22Z,2026-09-19T00:23:13.237523+00:00
UgyUvpSqy-cZJJF5uJF4AaABAg,z1fWo8tYynA,3e1b64088a57f3b607efb9df75a5eee7cdd9f86755a2abc8c94bef63b453dc12,NFC di Spion kalo patah / dicolong repot juga ya,0,2025-09-23T14:58:11Z,2025-09-23T14:58:11Z,2026-09-19T00:23:13.237523+00:00
UgzONqV20i2D5zfgBu94AaABAg,z1fWo8tYynA,37981f686d988cf91df02ecfd880c4dabf9c2662f9e63c3eb85f4414b458ca8e,9 tahun kemudian ganti baterai 80jt😂,0,2025-12-09T20:24:48Z,2025-12-09T20:24:48Z,2026-09-19T00:23:13.237523+00:00
UgwZ0tXvlCdvA6QrZ6R4AaABAg,z1fWo8tYynA,0760df35f2ea2ca9536b85ce64fc3a69cda95b241a3a6b24cd12e4d72432a9ab,Mobil listrik gini bisa buat mudik ga ya,0,2025-11-29T17:20:51Z,2025-11-29T17:20:51Z,2026-09-19T00:23:13.239008+00:00
UgzjuYhyXP0MrltTgsR4AaABAg,z1fWo8tYynA,19da742fc896757403e57758d46590e17462e731a3e90e3a68090b1d0830ad0f,"Bayangkan mobil ini mobile bensin 1000cc, bakal seberapa larisnya wkwkwkwk",0,2025-09-18T13:29:32Z,2025-09-18T13:29:32Z,2026-09-19T00:23:13.239008+00:00
UgyTSIllVgcbqdn6nVF4AaABAg,z1fWo8tYynA,e0798b93c3220dfed22cead6309e4f93f05d4dad01bb2ea5a7e2279bf1c4eda2,"Masala nya di indo ini jalan nya banyak pendakian yg cukup exstrim, apa lagi jalan perovinsi, apa kah mobil listrik kuat buat di jln yg kayak itu??",0,2026-01-02T05:50:22Z,2026-01-02T05:50:22Z,2026-09-19T00:23:13.239008+00:00
Ugxr6wf18pmOi4nb3r14AaABAg,z1fWo8tYynA,5bab394911e001f81c3d57066a0aa3b2e9e491b9b1474cb5930c64cf8f4e66a9,Cek harga bekasnya min?,0,2025-10-06T08:02:20Z,2025-10-06T08:02:20Z,2026-09-19T00:23:13.239008+00:00
Ugw-9FbLB-_oZoKLibp4AaABAg,z1fWo8tYynA,56f3a38ebd53b9027775a72bfb707df33f3912c4b55519b0e8dedf00de9ffa8d,BYD harus berterimakasih ke gua karena org org kampung gua tau kepanjangan BYD dari gua.. BYD = Bang YaDi.,0,2026-02-23T02:59:31Z,2026-02-23T02:59:31Z,2026-09-19T00:23:13.239008+00:00
Ugx-xeilvynHNzoVUbF4AaABAg,z1fWo8tYynA,6d1c96840bfa2c7b7080e616dc33f5323d1a4c54f3f645a8d715dbc1e64916be,yang jadi rasa penasaran saya sejak lama knp mobil listrik ga ada yg bikin solar panel di atapnya ya..pemikiran saya yg awam di negara tropis indonesia kalau ada solar panel kan bisa nge charge waktu pagi sampai sore,1,2025-09-19T02:15:00Z,2025-09-19T02:15:00Z,2026-09-19T00:23:13.239008+00:00
UgwJJ3Jh_CzOcbqEqrt4AaABAg,z1fWo8tYynA,8fa6bb76c1d046eddcb17b72ea5a99c045c61d8ffa31ec88276983c87e1955b0,"Sudah seharusnya electric car lebih murah Dari ice, bukan aneh bang",0,2025-10-11T13:02:54Z,2025-10-11T13:02:54Z,2026-09-19T00:23:13.239008+00:00
UgxWTjc3dou6Ec7WpRt4AaABAg,z1fWo8tYynA,317a335756f0801cbda18681ab9df454db9c4de5215726edee309f5a56d60fef,Kalo hpp nya brrapa kira kira ya ?,0,2025-09-18T18:01:37Z,2025-09-18T18:01:37Z,2026-09-19T00:23:13.239008+00:00
Ugyr_K5hqyqI9Vxhqex4AaABAg,z1fWo8tYynA,bb507cf7816544dee9bf685883ab17fd8b94f462c468783f2d5c5db4b6fc0ad3,Kalau sepion nya ilang gmna om,0,2025-09-19T01:52:05Z,2025-09-19T01:52:05Z,2026-09-19T00:23:13.239008+00:00
Ugwai66zUlG-6_dVVEZ4AaABAg,z1fWo8tYynA,370b4362a91079a57dc455bc0131d3283d426281743b842a4f837766f9ef6c46,Ini yg direview byd atto 1 yg premium?,0,2026-04-23T08:29:56Z,2026-04-23T08:29:56Z,2026-09-19T00:23:13.239008+00:00
UgyqyN6D9-NUmC1IANp4AaABAg,z1fWo8tYynA,8f2208cc6354729baa70bff3c9b56c3d97e7002caf0735c6102265548cb82e3a,"Tahun depan paling ev ini dilupakan, pasti muncul ev baru lebih murah dan fitul lebih baik.",0,2025-09-18T09:02:28Z,2025-09-18T09:02:28Z,2026-09-19T00:23:13.239008+00:00
UgyHSfTTI6m2pEKCwFB4AaABAg,z1fWo8tYynA,625806c5a3fc860c743a7db3c2df29ec62eded4a868a1c0c10c781ccabd5abe0,"Asa gampang bgtt 200jt 200jt,, 😮",0,2025-09-17T16:07:52Z,2025-09-17T16:07:52Z,2026-09-19T00:23:13.239008+00:00
UgxV2wtCpJXq1KYD8-94AaABAg,z1fWo8tYynA,162b94c9eee2ef957999252b0812ef4a1b44798f10b076b0626916c943d9e9f7,Ayah M6 Mamah Attowan,0,2025-09-24T07:58:48Z,2025-09-24T07:58:48Z,2026-09-19T00:23:13.239008+00:00
UgwrYXnm_9qV_oAa3ox4AaABAg,z1fWo8tYynA,bcbf460e5e8f456e3db545208f226d44aa4e4610ed407d0973a691616434a94a,Bang. Itu sensornya di spion. Mau tny. Seandainya spionnya patah apa ada cara lain? Untuk sensor buka tutup pintu mobilnya?,0,2025-11-18T05:58:14Z,2025-11-18T05:58:14Z,2026-09-19T00:23:13.239008+00:00
UgwQLmkZHH0_NHvNSAt4AaABAg,z1fWo8tYynA,c8aa502f79a8f7d7ac54b5460850b39e4af8ec753a2cdb54efc6d74426353f60,apakah kendaraan yg laku sekali ini memiliki konsep yg sama dgn sepeda listrik ?,0,2025-09-22T05:23:19Z,2025-09-22T05:23:19Z,2026-09-19T00:23:13.239008+00:00
Ugwe41jUr4053__9ZCB4AaABAg,z1fWo8tYynA,f7bea41f39fabe685d6fcc6395b05a816c0c953993c92a2be59d4bfb2da47e7c,Kalau rusak layarnya gimana itu?,0,2025-09-18T04:13:45Z,2025-09-18T04:13:45Z,2026-09-19T00:23:13.239008+00:00
Ugx3UmS0a6rprJf1tHZ4AaABAg,z1fWo8tYynA,233de8a64262288d20bd6f264a0f47ff7e7b7b5bb5d173cb62749b0ec8a884c5,"Masa ""tiba2 adzan"" 😅",0,2025-09-18T00:18:10Z,2025-09-18T00:18:10Z,2026-09-19T00:23:13.239008+00:00
UgzosiPqraO4XpAgqCh4AaABAg,z1fWo8tYynA,04e6d382d19d3a1259f38664f5a737655d51530a101c44807cc84f8c24eac490,Apakah harga 2nd nya akan jadi dibawah 100jt? 🤣,0,2025-10-31T03:54:00Z,2025-10-31T03:54:00Z,2026-09-19T00:23:13.239008+00:00
Ugw4hOX8QTugWme2xlF4AaABAg,z1fWo8tYynA,ae9dfe9aae17c0ea6cdb36e455ba89292aaad366ceefbfe8f364ce7d9876a56a,Buat tanjakan curam kuat gak ya?,0,2025-10-11T11:46:56Z,2025-10-11T11:46:56Z,2026-09-19T00:23:13.239008+00:00
UgyKr5bl7F2AH7ZK5l94AaABAg,z1fWo8tYynA,6fa98b63b9e5f3d9cc03fa4414f75a4fe8b3dd2af58e94a0e2eae13df117777d,Apa serunyaa pke mobil gada suaranya dan musti ganti battery lagi,0,2025-10-05T16:01:51Z,2025-10-05T16:01:51Z,2026-09-19T00:23:13.239008+00:00
UgzkFED7iW-LbKiqF4h4AaABAg,z1fWo8tYynA,195f299924aa652dca628dcc099381b16ef5b9d9816fa83b962480a6eb99b5ae,"Kami suka ~turbo~❌

Kami suka DINAMO✅",0,2025-09-18T15:01:36Z,2025-09-18T15:01:36Z,2026-09-19T00:23:13.239008+00:00
UgweHr8dXZnlI04xLtR4AaABAg,z1fWo8tYynA,9ff790c88f8f9ee50817b8764d33caf1bac720f9d8064fac71a7470d8e3f1826,Buat pakai di luar pulau jawa yg blm ada bengkel byd nya kira2 aman gak ya?,0,2026-04-06T18:14:02Z,2026-04-06T18:14:02Z,2026-09-19T00:23:13.239008+00:00
UgxIqPfmY4NXFPZ1fMB4AaABAg,z1fWo8tYynA,2871dc137a0ff1109ecb5265f141b331c52849ac8e9f6bed5e7e4bd633ba12f5,"Menarik tapi listrik rumah 900 VA, charger mobil ini make 2200 VA jadi minimal harus naik listrik ke 3500 VA kena biaya beban listrik 200k perbulan. ah sudahlah lcgc aja pake pertalite wkwkwk",0,2025-11-19T08:10:18Z,2025-11-19T08:10:18Z,2026-09-19T00:23:13.239008+00:00
UgxJ1MRG0CR82PjXvxZ4AaABAg,z1fWo8tYynA,265cb903ed65c90e205d025f931aa52fe08866e92e82724fafd02b7908128c0c,"Bisa jadi alasan hapus LCGC dari  bumi dan bisa reduksi macet 60% ,menurut saya lho ya  bisa  dibilang hatters LCGC",0,2025-09-19T12:40:32Z,2025-09-19T12:40:32Z,2026-09-19T00:23:13.239008+00:00
UgzxANXlr4uWvB-FHn54AaABAg,z1fWo8tYynA,04287f88b31820fe24da3c2fe2afc12f48529de6e9df9055e061a244374bba67,Sudah pakai berapa bulan bang? Minusnya apa?,0,2025-11-05T08:15:53Z,2025-11-05T08:15:53Z,2026-09-19T00:23:13.239008+00:00
Ugy5bYsedEK6MY96qEh4AaABAg,z1fWo8tYynA,e6b4247d5754728f408601b43982f7850d87bbe3ada8c7d08706aa6a2bad345f,Baterainya gmna?? Masa pakainya brapa tahun trus berapa duit kalo ganti??,0,2026-03-20T05:51:45Z,2026-03-20T05:51:45Z,2026-09-19T00:23:13.239008+00:00
UgzlAxZStBJTneqdaIZ4AaABAg,z1fWo8tYynA,ec71cd90103f4dffb46367540447633d8c265b4eb2b5e34168acf4a8ec946116,Kuat ga klo ke tangkuban perahu atau dieng,0,2026-08-30T02:15:22Z,2026-08-30T02:15:22Z,2026-09-19T00:23:13.239008+00:00
UgxwJrQvEHoHtbhO-BV4AaABAg,z1fWo8tYynA,60646699ba2de44b141c1854d27bd512432657024354b7eba3d985ad2d19b72c,Jadinya konsumsi daya nya gmn ya? Premium bener bs sampai 380km kah?,0,2025-09-27T14:02:36Z,2025-09-27T14:02:36Z,2026-09-19T00:23:13.239008+00:00
UgyfnNI5aWyJvWhEHNl4AaABAg,z1fWo8tYynA,1c515e0065644673e4f7514a4da6fbbc91dae57a66f49adc49ff62edfacca801,Worth it ngak buat mobil pertama ?,0,2025-09-20T01:17:28Z,2025-09-20T01:17:28Z,2026-09-19T00:23:13.239008+00:00
UgzxYQw0A1DoskRD01p4AaABAg,z1fWo8tYynA,8b5c035cefe6979de1360db284f361d8c87df601933caf6745fb48bbe86cfb0f,kalo beli ini minimal daya listrik di rumah berapa ya?,0,2025-09-20T01:21:35Z,2025-09-20T01:21:35Z,2026-09-19T00:23:13.239008+00:00
Ugy3Gi1RvpyQel2buIh4AaABAg,z1fWo8tYynA,ae14f67cca166fbe27d4c00a8cad721b6e0265391b15b134eb048b6acc76f45b,"Baru Atto 1, belum 2, 3... 9000 unit laris!! Desain Atto xtra futuristik cantik, membuat boil2 jepun terasa kuno klasik!! Jepun sangat2 luar biasa pelit ngeluarin model baru!! Model2 futuristisnya cuma dipamer2in dipajang2 doang!! Desainernya sudah sepuh kakek2, mandek !! Boil EV futuristik China sudah menjelajah dimana2. Effortnya sudah kalah jauh!! Ini mungkin titik balik !!",0,2025-11-24T13:58:36Z,2025-11-24T13:58:36Z,2026-09-19T00:23:13.239008+00:00
Ugx-XlWdiboJ_8w6hll4AaABAg,z1fWo8tYynA,71ea5ecafef3d0516a5d7a158452164163872ca06508f710cccd08e60ba1bbab,Beda level sama LCGC overprice,0,2025-10-01T00:50:41Z,2025-10-01T00:50:41Z,2026-09-19T00:23:13.239008+00:00
UgxPwa-izo9bZbySktF4AaABAg,z1fWo8tYynA,7c9557bebb06d303e04b26e2319e78dc6e6102c3f665bef1dc6ed8c7eb4e69e9,13:50 apa²an itu?,0,2025-12-15T11:28:47Z,2025-12-15T11:28:47Z,2026-09-19T00:23:13.239008+00:00
Ugy0_Q3U4Kc9G7NxEad4AaABAg,z1fWo8tYynA,260b073b550e430e37d8e786b0b8548b6f87b9b497c22be303ffc14bdcb18c05,Daya Listrik d rumah harus brp ?? 6600 ??,0,2025-10-09T02:39:13Z,2025-10-09T02:39:13Z,2026-09-19T00:23:13.239008+00:00
Ugz8ONL9jNP4llFdZIV4AaABAg,z1fWo8tYynA,a1e43b0f8fd0051e6747b0cee782bd6dfec928681be299841e248635902ba022,Skali ngecas brpa lama ya?,0,2025-09-18T02:59:37Z,2025-09-18T02:59:37Z,2026-09-19T00:23:13.239008+00:00
Ugygq2GsBUmXubi_UZV4AaABAg,z1fWo8tYynA,4c2a0fe76654d1ee380c77667a7556daff9d5d9145e8ae9b235e226d3ffaf624,Udah gak usah beli mobil lagi... Naek woooshhh aja.,1,2025-10-19T13:53:30Z,2025-10-19T13:53:30Z,2026-09-19T00:23:13.239008+00:00
UgwjxMHp6hzobrg8GPh4AaABAg,z1fWo8tYynA,2025eb1fae3f07b5e1b4de9d9d4bea88bcf6032d28b75ab1a632d6143252e4ba,Charging nya di mana ya,0,2025-11-15T06:25:41Z,2025-11-15T06:25:41Z,2026-09-19T00:23:13.239008+00:00
UgxBzQ29-KqxCslXxul4AaABAg,z1fWo8tYynA,0e6e4ac894442dfd47fbf0985d8c8fe72d3016f05c3594bb446a58c9012c002c,Akselerasinya loyo bngt🤔. tidk seperti motor listrik biasanya.,0,2025-09-18T07:31:48Z,2025-09-18T07:31:48Z,2026-09-19T00:23:13.239008+00:00
Ugx3zKXAPTS2ytPaJ8l4AaABAg,z1fWo8tYynA,737050ce866adea76d3452f5f1ec46b5576aac6209da9ba95085e6c4f404a010,"Bukak dong batrenya mau liat kalo cuma nengok yg sudah tampak, buat apa direview orang bisa liat dan baca brosur sendiri",0,2025-09-18T12:00:26Z,2025-09-18T12:00:26Z,2026-09-19T00:23:13.239008+00:00
Ugz9cJ-eA4nErXYZ30t4AaABAg,z1fWo8tYynA,2cd192fddbb8fedaf8b98aa9bf2349e59dd5a07091f5f0de64f41a68320e8745,Ga ada ban serep ? 🤔,0,2025-09-18T10:25:31Z,2025-09-18T10:25:31Z,2026-09-19T00:23:13.239008+00:00
Ugxy9IjVpe2gxCWwMNt4AaABAg,z1fWo8tYynA,5a2fc4848202a9effac694d7b4825e3ecdfdc681fc0e3b943346989c1325f9cc,Semua dipindah ke layar untuk mengurangi jumlah komponen di dalam mobil yang mengurangi biaya produksi,0,2025-09-18T06:31:09Z,2025-09-18T06:31:09Z,2026-09-19T00:23:13.239008+00:00
UgwcZGa-cxGyKvbV1s94AaABAg,z1fWo8tYynA,1b51f2a8672b5f89d1ea0d7449c29d40928e0a84d12279f618a7ac6f684dbd24,Lamborghini Jowo,0,2025-11-06T08:12:58Z,2025-11-06T08:12:58Z,2026-09-19T00:23:13.239008+00:00
UgzsID1UQijadmG57kB4AaABAg,z1fWo8tYynA,7536722ea3e2920efc64ccb585f74d705ed9452e0813513c485ec32f67343cb4,"Spion kanan hilang, gak bisa  masuk ke Mobil kalo ini.",0,2025-11-08T07:33:02Z,2025-11-08T07:34:08Z,2026-09-19T00:23:13.239008+00:00
UgxeaECmdTcw2PTjcKx4AaABAg,z1fWo8tYynA,4574d6d1dc3f138bd209ec7f68d518081c9b6ad9d88884814f09fa2e0e5e99bf,pajak cuma 150 rb,0,2025-10-07T04:15:18Z,2025-10-07T04:15:18Z,2026-09-19T00:23:13.239008+00:00
UgzrIXtjeZ27K4VMVGR4AaABAg,z1fWo8tYynA,970bc8c90cdd52248417bc695472472bf831549124c37f5fdfb8553ee771217a,"Semurah²nya mobil,tetep mahal buat yg gajinya umk,motor 20jtan msh kredit & rumah msh ngontrak 😢",1,2025-09-21T15:43:17Z,2025-09-21T15:43:17Z,2026-09-19T00:23:13.239008+00:00
UgzTAYSZn1xFGqFGpyt4AaABAg,z1fWo8tYynA,9466166783f4b6c369d2a21e7c92d5775a4421dc48ca5395e06a8e04eb176392,"Tes nanjak dong, gw tau city car. Cuma di indo gak semua jalanan kotanya gak nanjak. Ada yg nanjak ekstrem",0,2025-09-17T22:55:17Z,2025-09-17T22:55:17Z,2026-09-19T00:23:13.239008+00:00
Ugwgg8lSsaR2wtN2kNV4AaABAg,z1fWo8tYynA,919c4fccb1904e7bd7872e7208adbde28b58215b9d4a65a5e0b643056ec7c0cf,Parking brake di layar😂,0,2026-08-21T03:44:29Z,2026-08-21T03:44:29Z,2026-09-19T00:23:13.239008+00:00
UgwUUz_ix3Ltxln_ZLB4AaABAg,z1fWo8tYynA,9c0b8e12eda988b9c95fbb057db8e95653d6e68d0678636868d79649c68d23b6,Brp hrga nya,0,2025-11-09T02:25:46Z,2025-11-09T02:25:46Z,2026-09-19T00:23:13.239008+00:00
UgykHTLCXR5nChkwLIl4AaABAg,z1fWo8tYynA,a60eb10f86be61d8062990923e2dc090f02aea18b308f760b9c1eb68b20462fd,Jir yang standard harganya naik 10jt skrg 😂,0,2026-08-08T17:55:50Z,2026-08-08T17:55:50Z,2026-09-19T00:23:13.239008+00:00
UgwkY4OorBYUh7g-AOp4AaABAg,z1fWo8tYynA,d358ef91c7ba95736d7956e2a72856d3ff7aabebcd7c8d40c746e3d5d5493db3,Yg jadi pertanyaan kenapa 3 sekawan gk ada ketertarikan untuk membeli mobil ini yak? Kan lumayan bisa jadi bahan challange mobil listrik😂,0,2025-10-10T06:27:01Z,2025-10-10T06:27:01Z,2026-09-19T00:23:13.239008+00:00
Ugwu_mHLLZTclNeeilp4AaABAg,z1fWo8tYynA,b710078a02e2932572929058ab2cb1ae4e617e7e5c017734e666d6d42cc63745,"jarak tempuh 40KM, itu bolak balik jaktim jakbar deg deg an",0,2025-09-18T03:01:15Z,2025-09-18T03:01:15Z,2026-09-19T00:23:13.239008+00:00
UgzUyR36jEvoxJviuqt4AaABAg,z1fWo8tYynA,3de2edba3deb201f8be480bcff01b1d2a4456b1f1a0123a39f59729d716bca6f,mobil ini pake oli gk sih,0,2026-01-04T14:04:55Z,2026-01-04T14:04:55Z,2026-09-19T00:23:13.239008+00:00
Ugx2qkoMnKvBNFUIBsV4AaABAg,z1fWo8tYynA,25d1a225293bca389398960c46284dc5832c6f2183d626a61947f34a161a19cb,"penasaran sama feeling kalo dibawa ke luar kota, pengalaman bawa air ev bandung - jakarta via tol, rada serem + berasa under power untuk gue yang terbiasa pake mobil 3 baris 1500cc",0,2025-09-18T13:00:00Z,2025-09-18T13:00:00Z,2026-09-19T00:23:13.239008+00:00
UgyTefHyeqMTwFPzcT14AaABAg,z1fWo8tYynA,4d589cd891dcdac468930cfe61a2f41338b60df6d9f7c800a34f6b5aaf71ea0a,"Bagaimana jika banjir melebihi poros ban-nya, aman kah ?",0,2026-04-05T13:53:52Z,2026-04-05T13:53:52Z,2026-09-19T00:23:13.239008+00:00
UgyiuAHSJy3DnnSMArJ4AaABAg,z1fWo8tYynA,d057eab2dc42a55e382c2f221217b0db5ec4d616edce81485bda7dcc408f3f02,Kami suka TUR...EH...MURAH !! 😂,0,2025-09-17T23:18:45Z,2025-09-17T23:18:45Z,2026-09-19T00:23:13.239008+00:00
UgymKDIsAnGQYEtcUDt4AaABAg,z1fWo8tYynA,074cff1698328b5e86f5a684cae4d42e1b2ba41387b4d1822dc9f24650554751,"05:30 kalau punya hp yg ada fitur access card bisa tuh dicopy data kartunya, jadi kalau kartu hilang tp udah dicopy cukup pakai hp aja.",1,2025-09-17T17:33:55Z,2025-09-17T17:33:55Z,2026-09-19T00:23:13.239008+00:00
Ugzim7mMAYVnkeXjzAJ4AaABAg,z1fWo8tYynA,c756b7ced2ca36766a2c4f36eba47b0d88d2332bce1f910d968e498ca3abde4c,Huracan Lite,0,2025-10-13T15:51:42Z,2025-10-13T15:51:42Z,2026-09-19T00:23:13.239008+00:00
UgxZSDzgLlKNZ0Ln5m54AaABAg,z1fWo8tYynA,47831277a9ffab39749c08be6e4933c124731d0aa1d70210bf13c6f221f83e0b,"Nanya dong, apakah mobil listrik bisa parkir paralel? Infonya saat mesin mati kalo di dorong2 saat parkir paralel bisa merusak baterainya karena ada arus balik dari motor listriknya.",0,2025-09-22T15:08:57Z,2025-09-22T15:09:15Z,2026-09-19T00:23:13.239008+00:00
Ugzj0Tfz0XCkLqIKcK14AaABAg,z1fWo8tYynA,bdacac7b8d75fc93ad2ab3fbd044ede710bf97c0c025c104ae6a39bc43b2a6b1,Apelidjo,0,2025-09-17T12:38:41Z,2025-09-17T12:38:41Z,2026-09-19T00:23:13.239008+00:00
Ugw9KGDqQYGn8AqAg5N4AaABAg,z1fWo8tYynA,8ebd4440b2de9cb8f391896ff253d29b212013af2f7b78919bb94ea196888a4d,nulis judulnya yang bener bang,0,2025-09-19T18:42:52Z,2025-09-19T18:42:52Z,2026-09-19T00:23:13.239008+00:00
UgyF3-nIv5EzKh8f61N4AaABAg,z1fWo8tYynA,6039caca3185d73f2875746d1e20d8fa719012fff7b07640b2ac2cc8a9489476,ada gak sih mobil 15jt?,0,2025-09-19T14:44:28Z,2025-09-19T14:44:28Z,2026-09-19T00:23:13.239008+00:00
UgwTtdMxvrDMIoIeTvB4AaABAg,z1fWo8tYynA,be6bd119de821f688b66a52371703df3e0c5c1a2f96d4eef230f09356c4526d5,Listrik 900watt apakah bisa ngecharge mobil ini? 😂,0,2025-09-19T02:47:32Z,2025-09-19T02:47:32Z,2026-09-19T00:23:13.239008+00:00
UgzGTTn_nNnssq0YGFp4AaABAg,z1fWo8tYynA,a4e5097f3de843ac37f3551ecbc72e170134eac1d6b4e4b95d512194223dd568,Mau beli tapi sayangnya listrik di rumah cuman 1300 Watt ...😅😅😅,0,2025-09-18T04:30:29Z,2025-09-18T04:30:29Z,2026-09-19T00:23:13.239008+00:00
Ugwpz5B63I76mfrTjVl4AaABAg,z1fWo8tYynA,02153c6ffb0c684597902a48e8d7612dec1a7b3b661c0252711587e514d6d2d3,"Sy udh beli. Motor 50kW aja dah mayan tarikan nya buat nganter anak sekolah rumah les. Ga kbayang atto 3 yg 150kW. Btw, speed max kok di 104km/h y?",0,2025-11-23T03:47:52Z,2025-11-23T03:47:52Z,2026-09-19T00:23:13.239008+00:00
UgzWDBfXeqyDXct6z3B4AaABAg,z1fWo8tYynA,24b1dbd4982c4e504c5be2a2dc2064462f59f43e7546477f3d03cb69009d1a8d,Bismillah AllahummashollialasyadinaMuhammad,1,2025-09-25T15:45:16Z,2025-09-25T15:45:16Z,2026-09-19T00:23:13.239008+00:00
UgzKV3u1BVvZjzwGqrR4AaABAg,z1fWo8tYynA,dcfc91cfa20dd6c5cd055c139d907e3d7b395a1f9e5e0d26c5595419017df0dc,"Saya suka ketika Om Mobi bilang watt bukan wott krn menurut saya pas saja mengingat om mobi bilang enam ribu enam ratus watt (bahasa Indonesia semua, nggak nyampur nyampur) 😊",0,2025-09-17T23:16:37Z,2025-09-17T23:17:46Z,2026-09-19T00:23:13.239008+00:00
Ugx4NSTiMQbg4lG0BFh4AaABAg,z1fWo8tYynA,38918fbf1bb41006967c71df4edf07de51855a3f707a79262a17fe87292cab0f,jadi pengen beli...buat muter2 di jakarta,0,2025-09-17T15:17:54Z,2025-09-17T15:17:54Z,2026-09-19T00:23:13.239008+00:00
UgzFClSlZrf2pznX4gR4AaABAg,z1fWo8tYynA,e3fa8d353d977924154cf797cb30417b80f4319b82c77d088179a4f2f765dde7,Menurut gw mah lebih enak dibanding apansah terbaru wkwkwkw menurut kalian gmn?,0,2025-09-18T05:19:01Z,2025-09-18T05:19:01Z,2026-09-19T00:23:13.239008+00:00
UgxqK7jW2G4W6LZAhxl4AaABAg,z1fWo8tYynA,6289bc1e6a217a8505fe194c42d0b2d3f82c919b2b78565889c1638c5db25e65,Dibawah zebra ya horse powernya bahkan yang 1.0 pun😂,0,2026-08-01T03:39:31Z,2026-08-01T03:39:31Z,2026-09-19T00:23:13.239008+00:00
UgywO8XZuUYngy-QhWd4AaABAg,z1fWo8tYynA,5a5e0b8fb3b91afe90441598e029c896ac4eb8050b3b68f20c44d82df0516f8f,Ga ada bedanya sama mobil ICE selain charging.,0,2026-01-18T09:16:21Z,2026-01-18T09:16:21Z,2026-09-19T00:23:13.239008+00:00
UgwRnTsXVItgkMmwyI94AaABAg,z1fWo8tYynA,dcc63bfdbe41f5580f33b1652ef23a85203ce457dfa5eb9276a9f4d2d4203657,Lebih ganteng dari agya,0,2025-09-22T03:47:06Z,2025-09-22T03:47:06Z,2026-09-19T00:23:13.239008+00:00
UgxHzBnWr3vNn7b7qjh4AaABAg,z1fWo8tYynA,6d537183d622f7b726dff59a3291387087441d4d51510c3a220e65dae115152a,jadi pengen jual Brio di ganti ama BYD atto 1  😅,0,2025-10-07T05:50:07Z,2025-10-07T05:50:07Z,2026-09-19T00:23:13.239008+00:00
UgwplmitaiK7Edum6yV4AaABAg,z1fWo8tYynA,f51e54b5e0cfbf4ae01cec0c99a8a3c4f1687122a47d71923c947cba27580f4a,Byr sudah bnyak laku di malaysia,0,2025-09-17T12:57:17Z,2025-09-17T12:57:17Z,2026-09-19T00:23:13.239008+00:00
UgxBBsc8neRQaLj4REl4AaABAg,z1fWo8tYynA,18d8ca4f68ba34a42c0af91c770655398d3683f1dc3f03524b187e99919131dc,YANG DUKUNG MOBIL2 LOATRIK BELUM TAHU KELUHAN MOBIL LIATEIK DI CHINA SAINGAN 2 BYD SEMUA MAU NANGIS,0,2025-11-12T04:58:57Z,2025-11-12T04:58:57Z,2026-09-19T00:23:13.239008+00:00
UgxKeGEaOblN7G8oWxN4AaABAg,z1fWo8tYynA,5361566b8a9a6b703741754fdd66223ef2c0ff252d04ff1f6a5c5e6cefe99134,orang yg. bilang ini jelek org yang gak mampu beli 😂,0,2025-12-11T03:55:07Z,2025-12-11T03:55:07Z,2026-09-19T00:23:13.239008+00:00
Ugwpj9VlbyR-cnSiAEd4AaABAg,z1fWo8tYynA,3d6b7a14ec0e2335bf42d87ce1d5061fecdd20218402771ef7b8ced0fc5de5b0,Tidak untuk dijual kembali ya kak harganya anjloookkk batrenya mahallllllll!!!,0,2025-10-09T06:35:54Z,2025-10-09T06:35:54Z,2026-09-19T00:23:13.239008+00:00
UgzMsPV0eP0cJF5E8d14AaABAg,z1fWo8tYynA,d61384bc963a8e87cf2bcae1774bc42b5f0f5df7900a7f998c4e7bd5dd34b7ab,"Males bawa kunci, bawa kartu.
Kartu ilang, spion dimaling
Gimana ya
#canda",0,2025-09-19T09:42:27Z,2025-09-19T09:42:27Z,2026-09-19T00:23:13.239008+00:00
UgwJMPriQCZzRolOBz54AaABAg,z1fWo8tYynA,9943662bcc8c2eb503310fe3726c8a035b1c6bde39a24384613a7e2ac6497025,Baby Lambo,0,2025-09-17T12:16:40Z,2025-09-17T12:19:07Z,2026-09-19T00:23:13.239008+00:00
Ugzdadqg14CVHgh97554AaABAg,z1fWo8tYynA,9bb0cb0bf08811d14a93f7f4013c72579ce086242385ec4950de41d008296008,Tidak keliatan maklum sfh tua,0,2025-09-18T07:48:14Z,2025-09-18T07:48:14Z,2026-09-19T00:23:13.239008+00:00
UgwXhrPvKQ5Eoc5P1gh4AaABAg,z1fWo8tYynA,b80dafc4cbd9a0f565ed971c6b6c7e91c5ff498a959d9ff3e13e05a537038713,"yg bikin turn off, spion lipet manual😢",0,2025-09-17T22:57:42Z,2025-09-17T22:57:42Z,2026-09-19T00:23:13.239008+00:00
Ugyxq3AgUMTIfpkVnyl4AaABAg,z1fWo8tYynA,3bc8d9171f00bad21255e864f09f66817da37061c4cfd09824b01d0001b00ba8,Entahlah akan laku atau ga disaat ekonomi indonesia lagi begini 😢,0,2025-09-19T04:34:48Z,2025-09-19T04:34:48Z,2026-09-19T00:23:13.239008+00:00
UgyfhszvR1i1wCR1erZ4AaABAg,z1fWo8tYynA,687848f43344a13f7d4ec81da1540cf8bf963d99f067b67b71a9b55445ac105d,Pengen tapi rumah listriknya cuma 2200,0,2025-09-19T21:30:51Z,2025-09-19T21:30:51Z,2026-09-19T00:23:13.239008+00:00
UgwcjgJdDbJk0Ox0Op54AaABAg,z1fWo8tYynA,4197faf5455bc4e6b0463788c0f2378604b07a5bec9f536ba0621c32fab4528c,Kalau batre soak….beli batre dimana,1,2025-10-25T08:41:50Z,2025-10-25T08:41:50Z,2026-09-19T00:23:13.239008+00:00
UgzKy4MqYDAnntu_x5N4AaABAg,z1fWo8tYynA,3d2cbe46aa0348f8781573313247e2d82822fd7677aa35f8ba2cab56c71f8001,Klo seumpamanya spion nya di srempet motor yg hobi nyalip2 kek punya 9 nyawa trus mobil nya mati sendiri ga? Biaya pergantian nya mahal ga?,0,2025-11-18T04:49:36Z,2025-11-18T04:49:36Z,2026-09-19T00:23:13.239008+00:00
UgznjSyH0zV9FlqvoCx4AaABAg,z1fWo8tYynA,6c332ae2c62de3147beaa3db8aeadc2e69a71727320c37aa87d5da27f71282c0,klo lht blkang aneh...,0,2025-09-19T00:18:09Z,2025-09-19T00:18:09Z,2026-09-19T00:23:13.239008+00:00
UgxUdNjB8o_xaIXjFtd4AaABAg,z1fWo8tYynA,d02ba5b48c455390bda912a792567ff30e42a1db1e18fe72d8bf2daceabfdb9e,Daripada beli innopah zenix atau portuner.. mending beli BYD atto 1 ☝️,1,2025-10-24T13:38:06Z,2025-10-24T13:38:06Z,2026-09-19T00:23:13.239008+00:00
UgySKLSDmFlmMo8nEZ94AaABAg,z1fWo8tYynA,73c3740faaf8dd26b4ca5b85de8a9ec8f0c301dc7ebe174c24eb30d9dba59631,"Baterei ev harus sering ganti itu mitos bos
Faktanya menurut laporan konsumen luar negeri
95% batrei ev bisa tahan diatas 10 tahun
Ini lom ditambah fakta batrei ev bakal makin murah
Dalam 10 tahun saja sudah turun 80%",0,2025-12-21T02:12:11Z,2025-12-21T02:12:11Z,2026-09-19T00:23:13.239008+00:00
UgxiHhFDWDfybKYSuDN4AaABAg,z1fWo8tYynA,96f18a9b6e9c365c0b434268e40b3e3da01fbd76d6773aa5f3e161b21a8334d0,Muka di tutup why ?,0,2026-08-28T03:51:24Z,2026-08-28T03:51:24Z,2026-09-19T00:23:13.239008+00:00
UgxNEet82d59r1oZcAd4AaABAg,z1fWo8tYynA,34dd53be234a2fa07797856c6c0514f9d8290467d88839b1cbb694b6735181b0,Kayaknya om mobi saja yg bilang suspensinya enak. Padahal hampir semua reviewer bilang suspensinya keras gak enak.,0,2025-09-17T14:29:29Z,2025-09-17T14:29:29Z,2026-09-19T00:23:13.239008+00:00
UgygT1RJtiHp5EemiqF4AaABAg,z1fWo8tYynA,dabe1d83c639ec355414c92c53cc17d1c1523963c6970ab94d89c79b9a9f4123,"Masih ingat waktu dulu Motor2 merek China jiplak motor2 Jepang, ada Kanzen, KTM, Jialing dll. Semua waktu itu kualitasnya sangat buruk. Tapi di akhir2 tahun ini baik Motor dan Mobil China kualitas, Desain dan Harga sangat bagus. Berbeda dengan di Indonesia hanya konsumtif dan mengurusi hal-hal yang ga penting.",15,2025-09-17T16:07:39Z,2025-09-17T16:07:39Z,2026-09-19T00:23:13.239008+00:00
Ugy6BY65guRo1ksbiZ54AaABAg,z1fWo8tYynA,8dd5dc47d83a3b140e72eab9f24fefe0c9c8708244657d3da24074b24f75738b,Kalau ke Samarinda jadi berapa ya harganya Bang??,0,2025-09-20T10:40:29Z,2025-09-20T10:40:29Z,2026-09-19T00:23:13.239008+00:00
UgyMYIBZmg8XHeS9Ioh4AaABAg,z1fWo8tYynA,80287b681ddfe4a251527553d1d86fe22adb9b437a3f102c6b3ceafbb20689f7,"om ada nggak byd yg bisa ngecas sendiri pakai tenaga surya, mungkin atapnya di kasih balutan panel surya jadi saat parkir di depan kantor bisa ngecas sendiri hahaha....mungkin ada 5 tahun lagi kali ya.......",1,2025-11-12T06:51:48Z,2025-11-12T06:51:48Z,2026-09-19T00:23:13.239008+00:00
Ugz12ZEcXsuj9aYps-V4AaABAg,z1fWo8tYynA,20847873075478af21a09fb4c5e278839f5f8d156a76873bc3613f069aecc64d,buat yg males bayar pajak 3jtan..atto cocok...1thn 300rb pajaknya...anti maling...maling males embat mobil listrik...gak perlu ganti oli dll..cuma sproring kaki aja,2,2025-09-18T19:00:16Z,2025-09-18T19:00:16Z,2026-09-19T00:23:13.239008+00:00
UgyWjnm5M2tZwxsVpC14AaABAg,z1fWo8tYynA,19d441cb027b95ec1dab9d64022656e295736fae480c80e97a9a916106256b85,Parking brake sebelah mana tuh,0,2025-09-19T10:44:06Z,2025-09-19T10:44:06Z,2026-09-19T00:23:13.239008+00:00
UgxvVvkVI-XZ5USmCc94AaABAg,z1fWo8tYynA,49095d349c342bbd3425f3611d0e1a8300c455d554f6e8d6f1664a3ef088dceb,Tahin depan harga nya pasti ga segitu.,0,2025-09-17T14:05:16Z,2025-09-17T14:05:16Z,2026-09-19T00:23:13.239008+00:00
UgzxSPtb4rEJB_AchQp4AaABAg,z1fWo8tYynA,f6d0bcfd23666c587b6f8c6c5b76de3011309e5d46b0c1a9164ae9dda8caaec9,Setalah?,0,2025-09-21T02:48:41Z,2025-09-21T02:48:41Z,2026-09-19T00:23:13.239008+00:00
Ugx0RsQg5_ALtPhmXMF4AaABAg,z1fWo8tYynA,90f972e42365178ff0847db022bf826d45e21fcc5a9a6ded1fdcf49bc4913d57,yg gak ku suka dari modelnya cuman lis item di bawah lampu knpa gak di bikin full body cat sama,0,2025-09-17T13:59:41Z,2025-09-17T13:59:41Z,2026-09-19T00:23:13.239008+00:00
Ugz3yYeDWvIHQ4msY5d4AaABAg,z1fWo8tYynA,5d2e80ae710baf6767b7314b953004f0b5271d109b3ceecdf035216a5b4512fb,Kartu nfc itu bisa di clone ke hp vivo yg ada fitur wallet digital. Bawa hp saja uda cukup,0,2025-09-18T13:39:34Z,2025-09-18T13:39:34Z,2026-09-19T00:23:13.927196+00:00
UgxB0172YUC92h0P1ix4AaABAg,z1fWo8tYynA,719eab86ab03926b66023cc683eff869229aeb8b919e647ae678274ca281950c,Skaliannya rusak klistrikan ratusan juta,0,2025-10-10T16:49:52Z,2025-10-10T16:49:52Z,2026-09-19T00:23:13.927196+00:00
UgwDeVarVMbYTSy4OZZ4AaABAg,z1fWo8tYynA,08221aab418e784bd308bcf3ce2db089adeb528474b7160a9dc5367c6ea4a2d7,"Tunggu siklus hidup produknya akan menurun seiring akan cenderung kurang permintaan pasar, apalagi bicara baterai. 

Mobil listrik sama saja dengan memanggil doraemon dan meminta senter ajaib untuk memperbesar mainan mobil2an dengan baterai menjadi besar.",1,2025-10-07T23:31:30Z,2025-10-07T23:31:30Z,2026-09-19T00:23:13.927196+00:00
UgzUYsdvSszoR-QGUYV4AaABAg,z1fWo8tYynA,248967e638f555984cc75d5c26755e6763444133546abae8d6de0a94100ec97a,"200 juta , nggak ada retract spion? Sedih ....",0,2026-04-03T07:24:54Z,2026-04-03T07:24:54Z,2026-09-19T00:23:13.927196+00:00
UgwSINPG-mxOUfMvtDx4AaABAg,z1fWo8tYynA,dbf35e31961e40a7384d995bba2ae88942a21ca48505050bf7d77fe1e1f865cc,Kecepatannya klo dibandingin sama brio mana yg lebih cepat?,0,2025-09-21T05:47:53Z,2025-09-21T05:47:53Z,2026-09-19T00:23:13.927196+00:00
UgyNMn9GuXu0IdzkhUJ4AaABAg,z1fWo8tYynA,e665f02700fb65ec5f50b4c6511b493f857e392c341693c2ebfe730a75c910e4,V2L itu apa bang (7:14).. maap Newbiew jgn di bully,0,2025-11-08T02:35:02Z,2025-11-08T02:35:02Z,2026-09-19T00:23:13.927196+00:00
UgweADQr8xU7M0CtexB4AaABAg,z1fWo8tYynA,174f36174e569ad5db48e18d36b0dadfe1fa7525b3653cae78bdb1e75471fcd7,"Mahal cicilannya, berasa kaya beli mobil harga 270an",0,2025-09-18T09:14:42Z,2025-09-18T09:14:42Z,2026-09-19T00:23:13.927196+00:00
Ugy8ENRX-pHp8-KqSSF4AaABAg,z1fWo8tYynA,b3eb147094ecba0f9570bc8b9a890e260ff426f6753fcd85310c49af40c5a12a,PP JKT Bdg harus carg ga ya,0,2025-10-13T03:00:26Z,2025-10-13T03:00:26Z,2026-09-19T00:23:13.927196+00:00
UgyO0cWuFmOFL4malT14AaABAg,z1fWo8tYynA,1ad70d4bab7b7fadffaea4a224d2250c4fe05c4a17fb46a6dc9c1fbf8194432d,Dibawa keluar kota sampe mana habis batrenya??/mogok,0,2025-09-23T09:05:47Z,2025-09-23T09:05:47Z,2026-09-19T00:23:13.927196+00:00
Ugz4bFqHl0QGnsv3Lrt4AaABAg,z1fWo8tYynA,95f0de7a51400f40682e0d8036ac3aaf67ddd2ae6fbcf74ef56f3e8c812ef90e,"Nanya serius nih..
Listrik rumah 1300 Watt apa bisa buat ngecas mobil begini.??",0,2025-09-18T04:28:51Z,2025-09-18T04:28:51Z,2026-09-19T00:23:13.927196+00:00
UgzzCepCooYuk4xUhSd4AaABAg,z1fWo8tYynA,407eb2646fd0910d9a01d972167a7598f9f0afc49123a3d23cec56d295530205,kl mobil listrik gini pajaknya nyampai berapaan ya?,0,2025-11-14T07:44:45Z,2025-11-14T07:44:45Z,2026-09-19T00:23:13.927196+00:00
UgziqDTmR34a-GfJoyV4AaABAg,z1fWo8tYynA,5bf77582f86041680d4476cb2ef5f94b54d9ddecc77d5d4c7cebcf2ef483f0ce,minusnya mobil listrik apa ya guys?,0,2026-04-25T06:04:05Z,2026-04-25T06:04:05Z,2026-09-19T00:23:13.927196+00:00
UgzuLmugryqst3IWXOJ4AaABAg,z1fWo8tYynA,38fd47b9e61f0dc277609108e182229c675d08c9be0870db55200beacb407d57,GK perlu emosi beli sabar saja nanti klw sudah stock melimpah di cuekin biasa saja harga juga pasti turun apalagi harga second pasti ambruk bisa tukar tambah DP ringan dll lebih terjangkau kabarnya ada pabrik nya di indonesia wah...tambah murah lg.,0,2025-09-18T01:06:41Z,2025-09-18T01:06:41Z,2026-09-19T00:23:13.927196+00:00
UgwepkRBvMVFMnAzRl14AaABAg,z1fWo8tYynA,1990c59b34ebad77f1d92cc361ad9e463f94b565aa43bdf2ea3e292529b4daa3,ini mah review first impressions atau first driver bukan review setelah dipakai setiap hari om...... click bait zzzzzzzz,0,2025-09-20T04:46:14Z,2025-09-20T04:46:14Z,2026-09-19T00:23:13.927196+00:00
UgydSbBHXFZRmnnwxdd4AaABAg,z1fWo8tYynA,521a295dc7a58dd37fc561e0eeb940c364d82d641ffdc9ee32b859bc1195193c,Kami suka karna murah ????  Bagi kaum umum harus di pikirkan lagi,0,2025-10-07T02:24:20Z,2025-10-07T02:24:20Z,2026-09-19T00:23:13.927196+00:00
UgzA1k8LlmDZwauFQkN4AaABAg,z1fWo8tYynA,698bd87fb6117ef3ae6727fbf8f10d415f81608d93fd056e97f70bc3c7a2c76c,Calon taxol,0,2025-10-02T00:47:40Z,2025-10-02T00:47:40Z,2026-09-19T00:23:13.927196+00:00
Ugw57vcdz99PY0uLQzh4AaABAg,z1fWo8tYynA,945478466279037d28cb957fcd33f2f68ad4a0906cd8d20f1057ce4a36e06144,Berasa ketipu mobil di indo yg sudah lebih dulu mengakar... Bertahun2 bikin monopoli dengan fitur ekonomi lemahnya 😂. Tinggal banyakin bengkel resminya aja ni mobil2 baru.,0,2025-11-22T15:04:54Z,2025-11-22T15:04:54Z,2026-09-19T00:23:13.927196+00:00
UgzzOGHtgc8aijRzlXR4AaABAg,z1fWo8tYynA,230f75aafdedb60cab414f540f09c0c878daeb56f47095ec262d1a92e9fa2a14,buat malu mobil jepang,0,2025-09-17T12:52:12Z,2025-09-17T12:52:12Z,2026-09-19T00:23:13.927196+00:00
UgxkddSc7yI4UwdJnD54AaABAg,z1fWo8tYynA,31a9724868279b0f564418167be61e15c2ee343c8518d5ede11cd06ca93b16f1,"Kekurangan mobil ini cuma 1, knpa ksh nama Atto 1 bukan Seagull ? Secara nama Seagull khusus pasar global & cocok buat di Indonesia, kalo nama Atto kan identik dengan SUV macem Atto 2 & Atto 3",0,2025-09-17T13:00:11Z,2025-09-17T13:00:11Z,2026-09-19T00:23:13.927196+00:00
Ugzg2aijmjI3VwHugaN4AaABAg,z1fWo8tYynA,4c3b7a6347582db1d603530c9890fb7337abad899763e2021a801c79336c0eb5,"Om, bisa pasang turbo gk itu?",0,2025-09-17T13:54:29Z,2025-09-17T13:54:29Z,2026-09-19T00:23:13.927196+00:00
Ugw51VA3rdfYP4lBy9h4AaABAg,z1fWo8tYynA,66f8e589a98e4dff6a1543a6bae52989f06461446b7000972ae3b1b1b5d51a42,"Kunci digital (NFC) di spion. Kalo spionya patah atw dicuri, masih bisa  lock atau open pintu nya om?",0,2025-09-18T04:20:37Z,2025-09-18T04:20:37Z,2026-09-19T00:23:13.927196+00:00
UgwYKOsYq2jw_UdbIkF4AaABAg,z1fWo8tYynA,5802f74b2d0f5235a79342061cd906e83b10c33a4f50272bb9738846d4730cfd,Sy sebenarnya SGT Suka tapi Istri sy Bilang Listrik nanti byr mahal  benar ngak makan Listrik mahal itulah takutnya istri sy  harap tolong mintah penjelasan adik2ku trimkasih byk,0,2025-09-22T06:26:07Z,2025-09-22T06:26:07Z,2026-09-19T00:23:13.927196+00:00
UgzJjSC8KvPVahmrU0R4AaABAg,z1fWo8tYynA,0282f1368742917097dd52e09a4d01b8cf0b7a7c293714e7fb4ef61fdb626e08,Sebenernya suka tapi kok banyak yg ngomong mkbil listrik harganya anjlok 😢,0,2026-08-16T02:07:34Z,2026-08-16T02:07:34Z,2026-09-19T00:23:13.927196+00:00
Ugy8Do1NFo5-q7D3HqJ4AaABAg,z1fWo8tYynA,a59860fe1f6d7893769633b7ab72932e61b91c953909309e8001ef86b06901ee,untuk pajaknya pertahun brp ya,0,2025-10-23T23:11:40Z,2025-10-23T23:11:40Z,2026-09-19T00:23:13.927196+00:00
Ugyt375rSXLQkL9RDRB4AaABAg,z1fWo8tYynA,265334287ac3ac4dd5b8fe1dd7be59cf628a4821148305aff00f9c645c2aa579,"kalo pakai pln 2200 watt bisa charge ? 
pln rumah 2200watt trus pasang pln lagi 2200watt token bisa kah ?",0,2025-10-14T08:26:09Z,2025-10-14T08:26:09Z,2026-09-19T00:23:13.927196+00:00
Ugy4_RqCamtyKURuPxp4AaABAg,z1fWo8tYynA,14200c2fb024c0053ab9a8074fea7d64d901db6172446c582f372a5fb2807864,Harga segitu...hancur LCGC....kemahalan....😂😂😂😂😂😂,0,2025-10-07T07:22:35Z,2025-10-07T07:22:35Z,2026-09-19T00:23:13.927196+00:00
Ugxft4yGFmwnFX6cSFJ4AaABAg,z1fWo8tYynA,6fcfdc10ff28cef05af87e1b6a25311e6b710c863f1e27a922669826890101cb,"Gua kira mahal, teryt termurah gk sampai 200😂. Gitu org gym banyak gaya teryt murah, iya emg ada yg mahal tp puny dia yg termurah baru tau😂.",0,2026-04-06T23:17:47Z,2026-04-06T23:17:47Z,2026-09-19T00:23:13.927196+00:00
UgzaHMC2o42VDlmK6E14AaABAg,z1fWo8tYynA,ebff882aa9b732a5a3832e02a2fcb79b64d1ff8381ef48de66eea8ddc6b83641,"In Indonesia premium package: € 11,000
In very poor nature Europe especially The Netherlands the basic package starts from € 23,000 🤣🤣🤣🤣

BYD Seagull/Dolphin Surf/Dolphin Mini/Atto 1 

Original design by Lamborghini's designer himself Wolfgang Egger. 
The end of the Japanese automotive industry colonization in Indonesia. 
Thanks to China the automotive industry colonization is also about to end in Southeast Asia. 
I would say culture of hypocrisy instead of respect and manner.
Real rich will never colonize and scam others so sadistically like Japan, the west, etc.. 
The entire northern hemisphere was and will always be the true poorest of the world according me a complete multiracial born Indonesian living around the world all alone since a child.
Even the world map is on purpose belittling Huge Super Rich Indonesia since hundreds of years. The only world's ""The Emerald of The Equator"".",0,2025-09-23T11:54:02Z,2025-09-23T11:54:02Z,2026-09-19T00:23:13.927196+00:00
UgxmK8nXvlPcjgvPJC54AaABAg,z1fWo8tYynA,55d7ebceedc58c3379fa0bd0913ef589469c237901c7c8448b946ed7d7f3fa88,"Yg bikin khawatir mobil listrik ya hanya batere nya, sayang cm 8thn. Kebayang nge drop lgs bayar brp ya, karena info nya hatus ganti nya seglondong semua",0,2025-09-21T05:04:52Z,2025-09-21T05:04:52Z,2026-09-19T00:23:13.927196+00:00
UgyNK8UP5vKn5zk72jl4AaABAg,z1fWo8tYynA,e84d60921a92270c94281f229d6dc780fbb7983362aecb2beaf99782e9228730,"yang menjadi minus profile bannya tipis 165/55 16inch cukup keras dan waswas karena ga ada ban cadangan kalo bocor hanya mengandalkan kompresor mini & sealent anti bocornya yang mahal satu botol 300rb++.
mungkin kalau pakai 15inch 175/65 lebih asik bantingannya dan aman dijalan jabotabek yang rawan ranjau",0,2025-09-19T02:20:22Z,2025-09-19T02:20:22Z,2026-09-19T00:23:13.927196+00:00
UgweT53XQbryiHe12xp4AaABAg,z1fWo8tYynA,09f0d873a8520b4684dbbcc5b5f9eb8b164013f37fd3cbbf888dc6b1dd4e110b,Limbung jujur aj,0,2025-09-17T13:18:58Z,2025-09-17T13:18:58Z,2026-09-19T00:23:13.927196+00:00
Ugww2VI3c4kfqvCtwlh4AaABAg,z1fWo8tYynA,59b0a5923b10c19b9ab704141db6e65d71caed888735c34ee7886e38dee9c9e0,gak enak ngereviewnya om,0,2025-10-04T14:54:56Z,2025-10-04T14:54:56Z,2026-09-19T00:23:13.927196+00:00
Ugz6Njuc8n7NMpYS_nt4AaABAg,z1fWo8tYynA,029d47ce6b8581ae3b960ff8c2ba0dbb177747b3668aaa8c817464c3f1e2ccb1,KUNCINYA SEPERTI PETI MATI.. 😂😂😅😅 GAK JADILAH BELINYA.. NGERRII AMAT..,0,2026-02-18T02:48:39Z,2026-02-18T02:48:39Z,2026-09-19T00:23:13.927196+00:00
Ugwqg8V3wX0hlExu4hR4AaABAg,z1fWo8tYynA,b5d4c6d02a78a53d2734169caf7a3e44d0cd2d2253c26f1062d769bed78c8221,Disamping ada tipe Dynamic dan Premium ini ada BYD Seagull,0,2025-11-12T08:16:24Z,2025-11-12T08:16:24Z,2026-09-19T00:23:13.927196+00:00
Ugzxd7_byK-qJyP9-B54AaABAg,z1fWo8tYynA,aa8c57453168103e827767aa4ce634d354840f8cdcc11ea7f89ee0934d940685,"jgn buru2 beli mobil china 😂 

rugi boss 😂😂",1,2025-09-18T12:19:10Z,2025-09-18T12:19:10Z,2026-09-19T00:23:13.927196+00:00
UgxaQs88Mk79DuLtTXd4AaABAg,z1fWo8tYynA,86a47a278a8575f237d4b32aa58c8b285761dfcede67417c52864b3f61e443e1,"jika semua sudah full software, udah mulai berani pasang biaya langganan, micro transaction, trus di shutdown pabrikan,,,baru kerasa umur mobil  bakal dibatasi 😂",1,2025-09-17T13:38:58Z,2025-09-17T13:38:58Z,2026-09-19T00:23:13.927196+00:00
UgxJFalLQ-DDcIIb7nt4AaABAg,z1fWo8tYynA,b932d8cb82a823f56c4015e4458608d449a1cef67725ae06691094e67996cea2,Mampus lo pabrikan overprice pelit fitur 😂,0,2025-09-20T13:58:51Z,2025-09-20T13:58:51Z,2026-09-19T00:23:13.927196+00:00
Ugx1z6qmKBD1juMUEth4AaABAg,z1fWo8tYynA,e0018627b511bb1141142a0ed71bc6b1aa682710c679f6e3a14112bfd1b10e5d,Harusny emang mobil listrik jauh lebih murah harusny malah di bawah 100 jt spaya banyak pembeli nya..,1,2025-09-17T14:32:31Z,2025-09-17T14:32:31Z,2026-09-19T00:23:13.927196+00:00
UgwIQU16jdDaZ9GiPSZ4AaABAg,z1fWo8tYynA,5bc2798bdd55d1bb7acba7b324cf8502e5fe50d46389badb56a34573b4ccd7cb,Kayak mobil-mobilan modelnya. Kayak kaleng2. Ogah gw beli mobil yg model beginian. 1tahun jadi sampah,0,2026-01-16T02:02:32Z,2026-01-16T02:02:32Z,2026-09-19T00:23:13.927196+00:00
Ugx53a_5PNTka-T6eTt4AaABAg,z1fWo8tYynA,5bc2798bdd55d1bb7acba7b324cf8502e5fe50d46389badb56a34573b4ccd7cb,Kayak mobil-mobilan modelnya. Kayak kaleng2. Ogah gw beli mobil yg model beginian. 1tahun jadi sampah,0,2026-01-16T02:02:32Z,2026-01-16T02:02:32Z,2026-09-19T00:23:13.927196+00:00
UgwxkSb3BF-pe7r4yEB4AaABAg,z1fWo8tYynA,f3f43d74b7847db75d6ed6b8a0b06f423f3f5770daca6984b35d0d015bc63307,Nunggu ESEMKA listik aja,0,2025-10-31T12:02:32Z,2025-10-31T12:02:32Z,2026-09-19T00:23:13.927196+00:00
UgyHFsV2zMXl7EvEhrZ4AaABAg,z1fWo8tYynA,7e1fcc75e54fcf69ffd0461405eb4ea59a5d1481683405b42c33c6b632115745,Judulnua typo,0,2025-09-17T12:29:06Z,2025-09-17T12:29:06Z,2026-09-19T00:23:13.927196+00:00
UgwtSXbc9KxFTjQ_kBF4AaABAg,z1fWo8tYynA,ca8a13e2b31bb4a1d15043a49ccce54aefb369aea4c09531cd5dc96b8b1458da,Kapan punya ya. 🤔🤔🤔🤔,0,2025-11-16T09:44:32Z,2025-11-16T09:44:32Z,2026-09-19T00:23:13.927196+00:00
UgwkkRa1Bupj23kvMoN4AaABAg,z1fWo8tYynA,131350f03adc7ed71d224f911c29764b4fb713d12266d2942ef9e67a4d4f1eef,Kayanya utk 30 tahun kedepan masih minat mobil bensin seee om,0,2025-09-20T07:39:33Z,2025-09-20T07:39:33Z,2026-09-19T00:23:13.927196+00:00
UgweMcv6wV1Oj4hKl214AaABAg,z1fWo8tYynA,95aab760924113ca5a3699af6a73f207541ffad205b68a3d82dbe5295bcd1ff2,"Tapi jasa Suharto memang besar bagi republik, pemerintahan yg sekarang aja blm bisa menyamai Suharto yg dulu.",0,2025-11-11T10:47:18Z,2025-11-11T10:47:26Z,2026-09-19T00:23:13.927196+00:00
UgxRbSZiOLZnRfyN8Lt4AaABAg,z1fWo8tYynA,21dcc7ee2ab7d96c7f35626d154fe16b8b02b1ec34014e681f87a5475e61cd5e,"Hrganya udh naik ke 209jt 😢.
Masang wall charger nya nambah 20jt 😢😢😢",0,2025-09-25T15:38:53Z,2025-09-25T15:38:53Z,2026-09-19T00:23:13.927196+00:00
UgxEtvVSxLr2uDaEXLN4AaABAg,z1fWo8tYynA,b9a14c8d7c56e9726b6acb204699cfe99f0c8480307f7958cf1713ec59d52447,Buat dijadiin Taxi Online kira2 kuat gak ya ?,0,2025-10-08T06:39:01Z,2025-10-08T06:39:01Z,2026-09-19T00:23:13.927196+00:00
UgwbE7XHrs8c3LW37hV4AaABAg,z1fWo8tYynA,c5f8b0e11c88f26440a14bc69b0a421b2457bcd9d6bf44533a9747fef3c0b311,"Sebenarnya Indonesia bisa buat mobil listrik seperti ini.. mudah malah, cuma masalahnya pemerintah ga mendukung. Bj Habibi dari ratusan juta orang Indonesia aja bisa buat pesawat apalagi cuma mobil yang rancangannya lebih sederhana",0,2025-09-21T02:25:59Z,2025-09-21T02:25:59Z,2026-09-19T00:23:13.927196+00:00
UgxIwlrXNlPVk7zlMD14AaABAg,z1fWo8tYynA,996dcf22bd3be6e0dede811e36945639add97b16503e3ca09517e9a193a05466,Kami tetap tidak suka karena listrik,0,2025-09-18T05:54:46Z,2025-09-18T05:54:46Z,2026-09-19T00:23:13.927196+00:00
UgzS08FaobWRWdIiWtl4AaABAg,z1fWo8tYynA,bb54aabc8c3e4811e930153a2840549d54ad7b05e9d8f50d266eb03ca52e4d22,bilang aja gw dibayar byd promosiin,0,2025-09-28T04:18:11Z,2025-09-28T04:18:11Z,2026-09-19T00:23:13.927196+00:00
Ugz3AOOYJvxwJ58UbU14AaABAg,A-qeEyGaJM0,48152975a61b26e53b8bf18b5366f267d91b7712644c60e664f29dd32609d179,"Buat yang pakai mobil listrik, sudah pernah diajak road trip kemana & bagaimana pengalamannya? :D",14,2026-09-15T11:10:25Z,2026-09-15T11:10:25Z,2026-09-19T00:23:14.160865+00:00
Ugwiu9KGicXz21AcIvB4AaABAg,A-qeEyGaJM0,fb751b95a574d7bf7c145197002eb749c3d3cb87832d1d26b475792533219964,"resume persentase2 dan km perjalanannya 
data pertama : kotwis cibubur - km 130 cipali (jarak tempuh 130 atau 150 KM tergantung lewat mapnya yang mana) => 80% ke 30 % (terpakai 50%)
data kedua : km 130 cipali - km 379 batang = jarak tempuh 249 KM di => 100% ke 6% (terpakai 94%)
data ketiga : pintu tol solo ke teras melati (695A) = jarak tempuh google map 252 KM ==> full ke baterai udah mau abis sisa 26KM

sepertinya dari data pertama dan kedua di percobaan ride ini (2 penumpang berat barang bawaan relatif ringan dan dengan kecepatan variatif/ada info relatif ngebut ngerjar waktu) keliatan kalau penggunaan di tol-nya mobil ini fully charge bisa cover jarak tol sekitar 250~260 KMan. 
Kalau mau tenang mungkin perlu berhenti di sekitar 200an KMan untuk ngecharge

data ketiganya juga mirip2 KMnya dari full ke baterai mau abis",21,2026-09-16T02:08:58Z,2026-09-16T02:17:31Z,2026-09-19T00:23:14.160865+00:00
Ugx8DM40o-axyJb-ifp4AaABAg,A-qeEyGaJM0,3d57e254d3c57d61007b15f824d4df13481a92e46e77d107d078c6e6e5c54c5d,"Geely EX2 ini udah banyak yang pake ya, sering banget liat di jalan",14,2026-09-15T11:21:16Z,2026-09-15T11:21:16Z,2026-09-19T00:23:14.160865+00:00
UgzM09nnX6FaVsdo1Mh4AaABAg,A-qeEyGaJM0,92e4b3adb46bb54c9a718b9902cccb75a0f47dd3c2c5df19a7d636aa5656d505,"Sering sering touring gini donggsss ,semoga bisa kebeli ni mobil aminnn",0,2026-09-17T12:49:07Z,2026-09-17T12:49:07Z,2026-09-19T00:23:14.160865+00:00
Ugw2rEGjf7n-y-EEdWN4AaABAg,A-qeEyGaJM0,a520c03ae006a29b1ea946d31262bf44acb7e43b75cc096bdf6f3df8f8463ab4,"Mobilnya bagus tapi sayang dealer nya masih sedikit, after sales nya pun masih tanda tanya",5,2026-09-15T22:39:58Z,2026-09-15T22:39:58Z,2026-09-19T00:23:14.160865+00:00
Ugxa1POlGgj7BIu4Mp14AaABAg,A-qeEyGaJM0,5b58bcec6c7c6708f0d402907c395b3de3d42d55294dc8144e9f3e01833c9b93,"Pernah ketemu sama si geely ex2 warna silver, cakep.",3,2026-09-16T06:50:29Z,2026-09-16T06:50:29Z,2026-09-19T00:23:14.160865+00:00
Ugyb4cGWzlDlnuKYZed4AaABAg,A-qeEyGaJM0,8069f366aa32f82e9022d1ccc149782f8aa0342891adef59a872fb1c57438f72,Dan ini RWD❤❤❤,9,2026-09-15T15:10:25Z,2026-09-15T15:10:25Z,2026-09-19T00:23:14.160865+00:00
UgxkTJGoX2NvO83fCYB4AaABAg,A-qeEyGaJM0,47ceba5609964be2c10436cf234b59002f33afa8aa72d2e7b12691bb7230e18a,"kalo aja ada lane keep assist, mantep banget ini mobil",2,2026-09-16T03:05:17Z,2026-09-16T03:05:17Z,2026-09-19T00:23:14.160865+00:00
UgxvvDqcprzXDhnruhJ4AaABAg,A-qeEyGaJM0,73f9fd5aa04f5587f7714de2ae5d9f6386270cff240494dabb4b33d70b1c2db7,Sering sering concept long trip begini,1,2026-09-16T00:58:42Z,2026-09-16T00:58:42Z,2026-09-19T00:23:14.160865+00:00
Ugzw-dQAeiP1uz-mPC14AaABAg,A-qeEyGaJM0,302a553a3807a377ace14fd60a588b0a1f77b1b3234210d3d0a5a54c598f3fb8,"Wil, si Faiz gak diajak sekalian 😁",0,2026-09-15T16:37:14Z,2026-09-15T16:37:14Z,2026-09-19T00:23:14.160865+00:00
UgwQOxxkJbRbfRRy7rF4AaABAg,A-qeEyGaJM0,d1c3c4e233f5db049f1a954eb34a22689d0b12eb405e97a6fb744ca3fb6b23d0,Circle2nya Ebem Martono nih..,0,2026-09-16T07:22:46Z,2026-09-16T07:22:46Z,2026-09-19T00:23:14.160865+00:00
Ugzq9ELR1XjjwowpHsN4AaABAg,A-qeEyGaJM0,c7ef0f1408a92dd7b0c7235f94721065db8d3128865d6e163c7661950d4a65ea,ke gunung kidul donk bang ❤,0,2026-09-15T15:15:30Z,2026-09-15T15:15:30Z,2026-09-19T00:23:14.160865+00:00
UgwbSPE38eMGRX9yMCF4AaABAg,A-qeEyGaJM0,53dac7e51c82bd58d0b13c97a8f26d53ac976a4adeb9d5bc339e29fcacee8825,"Jualan aja bang dimal, dari pada beri info tidak 100% untuk calon pengguna. Istirahat karena harus dichargè mobilnya😂😂😂😂",0,2026-09-17T06:50:03Z,2026-09-17T06:51:19Z,2026-09-19T00:23:14.160865+00:00
UgwR3jlCECjd0hfdSt94AaABAg,A-qeEyGaJM0,9282bb87c5693ec80bfe6e4183a591a9c9ed2ba854b00a459f3ac4815c0f14a4,Duh jadi pengen tuker atto 1 ke ex 2 abis liat ini,4,2026-09-16T06:21:26Z,2026-09-16T06:21:26Z,2026-09-19T00:23:14.160865+00:00
UgwPwCloqFIgf7olbjF4AaABAg,A-qeEyGaJM0,6a35cd834f578ab92f354017e024d9b49f213bc5ff40a6f6c7e58efe1f006f69,Bang coba tes di jalan Kalimantan sampe Kalimantan utara,0,2026-09-16T04:17:12Z,2026-09-16T04:17:12Z,2026-09-19T00:23:14.160865+00:00
UgxF4EgQxbK0Fjira8N4AaABAg,A-qeEyGaJM0,0b1f7b18ada9ae431c4e230241d4d9a2a9a3d82a49a28f82eb689a98ac325434,Bantingannya empuk bener,0,2026-09-15T13:10:12Z,2026-09-15T13:10:12Z,2026-09-19T00:23:14.160865+00:00
UgxNKOF7UQvheLcPivp4AaABAg,A-qeEyGaJM0,6aa8585420a23a6e550e8ba2069e2c5f0b56befcef8f2dea1b297c4d4e8937aa,ngisinya lebih cepet dari pada antri isi pertalite upps,0,2026-09-16T10:28:26Z,2026-09-16T10:28:26Z,2026-09-19T00:23:14.160865+00:00
UgyyKgdMbW1R2ODZE214AaABAg,A-qeEyGaJM0,25aa98442742c61854d8ce343552481d0967fc64c7fae708ea8e7f40dd9ed490,Geely ex2 ini gua seneng bgt bentuk nya. Warna nya. Mudah mudahan suatu saat ada mesin hybrid nya. Pasti lebih gacor penjualan nya dari brio.. Hehe.,0,2026-09-17T13:17:08Z,2026-09-17T13:17:08Z,2026-09-19T00:23:14.160865+00:00
Ugx-_yev1iu2lbz_P3x4AaABAg,A-qeEyGaJM0,d7b2cb96f438dcf4597b73b79aebd4375760fea8bc9a747c2e8e144833c566d3,yu nyetir duluan ya... pegel kuping ai dengernya,0,2026-09-17T04:46:10Z,2026-09-17T04:46:10Z,2026-09-19T00:23:14.160865+00:00
UgwPOSF0-e_jlndC9jd4AaABAg,A-qeEyGaJM0,cdedb19e5039e209a326028dcaace922f3b990006cb7cca8711ce0dc3e5f1111,Bang cobain jakarta - surabaya pake atto 1,0,2026-09-18T01:53:21Z,2026-09-18T01:53:21Z,2026-09-19T00:23:14.160865+00:00
UgwU2tIXrlCruqEetMd4AaABAg,A-qeEyGaJM0,63453610f1b4492e600e900a86c2d410feb7934a6613808cdfeda42cbac5de52,bro kok pindah2 channel,1,2026-09-17T01:14:04Z,2026-09-17T01:14:04Z,2026-09-19T00:23:14.160865+00:00
UgzBbibBLNLRxgg4LEh4AaABAg,A-qeEyGaJM0,ab52a06e106bf014725c9e3681ef6c14c0c84dcc8d49a0cfa838696b1a709622,Vf3 tangerang madura sumpah lama sampai nya,0,2026-09-18T07:20:41Z,2026-09-18T07:20:41Z,2026-09-19T00:23:14.160865+00:00
UgyXubjVjvlVvoZAKAl4AaABAg,A-qeEyGaJM0,3836383c2140299fc60960f8b69384ae28854ba79e80541495cbae166c154d88,Mohon maaf hilsat skg mirip kaya anggota dewan yg tinggal di priuk 😁,0,2026-09-17T04:17:26Z,2026-09-17T04:17:26Z,2026-09-19T00:23:14.160865+00:00
Ugzd3RCuqzY1_wXQMr54AaABAg,A-qeEyGaJM0,b97803268c9eab1e0e0c5eb7f956746615ab734a47064242da48c19a01a8a27b,Kesannya mentul mentul yg belakang seperti Avanza THN 90an.,0,2026-09-18T02:20:46Z,2026-09-18T02:20:46Z,2026-09-19T00:23:14.160865+00:00
UgwUIgmXjnr5h3_zd094AaABAg,A-qeEyGaJM0,31468d240d554d05c162a46f4b3165a3fe3e7b1c92e79712d20603db11c85ba6,Jangan wrong ga tuh 😂,0,2026-09-17T01:15:48Z,2026-09-17T01:15:48Z,2026-09-19T00:23:14.160865+00:00
Ugx1v5-sYrPVb1StllZ4AaABAg,A-qeEyGaJM0,d088d5d8928141f4b5689e2bca597ae3de08d8942ecc263072379ee9b0e319cb,Aion UT the best,0,2026-09-17T15:08:22Z,2026-09-17T15:08:22Z,2026-09-19T00:23:14.160865+00:00
Ugx85acARSn2mtKEiaF4AaABAg,A-qeEyGaJM0,eef268ae861a45fc32e77abe829b0edc08cbe7b4df3a30ba6091a5a606714bdd,Kok bisa bareng si dia,0,2026-09-15T14:19:05Z,2026-09-15T14:19:05Z,2026-09-19T00:23:14.160865+00:00
UgzqZzhyIfxtjD1i5I54AaABAg,A-qeEyGaJM0,5de9cdf8df573276d03702342deb44e9edeb86e8142221ccf847c0d0ae54e931,"hmm... EV kl buat perjalanan jauh (perkiraan 1000 km) jatuhnya ga terlalu jauh ya sama ICE, anggap saja perbandingan sama calya 1 liter :17,5 km (luar kota), dengan jarak yg sama habis bensinnya paling 570 ribu (pertalite) tp waktu pengisian sigra lebih cepat hitungan menit jd lebih cepet sampe tujuan. Buat dalkot / ga-ge / stnk tahunan EV emang juara sih, tp buat penggunaan jangka panjang (diatas 8 tahun rata2 garansi baterai EV atau dipaksa pakai sampai baterai rusak sekitar 15 tahunan) ""mungkin"" masih menangan ICE.",0,2026-09-18T17:19:14Z,2026-09-18T17:20:25Z,2026-09-19T00:23:14.160865+00:00
Ugz0tz8ZRQ_Y91pyvaF4AaABAg,A-qeEyGaJM0,c674f90929359ef5c8dc511cc6052a34664bd89308bc257035a2ea0eee8ac92c,Wisata dari SPKLU ke SPKLU..,0,2026-09-17T12:28:31Z,2026-09-17T12:28:31Z,2026-09-19T00:23:14.160865+00:00
UgzlFBSefelpKBLMDv14AaABAg,A-qeEyGaJM0,434898a19ba72d1604375efcc012df9cffedf9d18735a5d77e2d11147ff6a8a5,"jujur nonton roadtrip tu enak liat jalan depan daripada muka kalian, dibikin balance gitu lah jangan cuma sinematik scene dari kamera mobil lain, pake kamera pov atau kacamata yg rekam gitu buat liat dashboard dan feel roadtrip ke penontonnya lebih kerasa dan nyatu dengan mobil. 

intinya menurut gw jangan kebanyakan liatin muka aja jadi agak males nontonnya, gw cuma puter audio background aja jadinya (berasa podcast)",1,2026-09-15T15:16:46Z,2026-09-15T15:19:15Z,2026-09-19T00:23:14.160865+00:00
Ugyxs9a5WkrrPjKKqu94AaABAg,A-qeEyGaJM0,2d0c496d65ebe7c522215fd55430878e952c514c9e1b526895487ce357936f88,"Geely EX2 mah bukan mobil kecil, lebarnya aja 1,8m agak susah masuk jalan2 kecil. Tampilannya aja yg kelihatan kecil",0,2026-09-16T17:25:09Z,2026-09-16T17:25:09Z,2026-09-19T00:23:14.160865+00:00
Ugyxnk3f3ugC1vJGlfl4AaABAg,A-qeEyGaJM0,c8ae4d53cc9a587b18889a054894085d4e979d35596e0659577c85ff92ee7b2e,"Hahahaaa senasib dgn mobil yg hanya mau minum BBM Shell. Cuma ada di Jawa Barat dan Jawa Timur, waktu di Surabaya antriannya juga panjang.",0,2026-09-17T08:09:39Z,2026-09-17T08:09:39Z,2026-09-19T00:23:14.160865+00:00
Ugw3loZjLlerMwwQBe14AaABAg,A-qeEyGaJM0,3c3fa1664ae42bee2ff10a8d1e3ef5fb4c0308b4845bda138d073919d04d4584,"kmrn abis ke surabaya naek m6, mesin ultra fast charging 200kw nya kynya ud tua cm bs 60kw aja masuk nya, mobil nya bs masuk 100an kw mesti nya. mending colok ke mesin yg lbh baru yg warna putih smua. kalo ga urgent n ga ada charger laen slaen si 200kw mending skip ke next RA aja biar bs full power. ud ngalamin 2x di RA102B dan 62B, pas pergi aman dapet yg mesin baru smua. di km 102B ada yg charge jg disebelah, kebagi 2 lagi cm 25kw yg masuk, bs 2 jam baru penuh, kapan nyampe nya, ke toilet lgsg cabut aja pindah ke 62B.",0,2026-09-16T17:10:58Z,2026-09-16T17:10:58Z,2026-09-19T00:23:14.160865+00:00
UgwiB7luFplPW8xV4a94AaABAg,A-qeEyGaJM0,cb7766aa7a50b39dc8ea036ab5e9b1e35f8857e2e428b6bd76b24a81304c7f8b,"Bgm jika Autonetmagz roadtrip di pulau sumatra dr jkt ke medan dgn mobil listrik krn di pulau jawa prasarana dan sarana spklu sudah bagus dan juga sudah banyak konten nya. Tampaknya lebih seru sekaligus explore mobilnya, pariwisatanya, dll.",2,2026-09-17T06:59:40Z,2026-09-17T06:59:40Z,2026-09-19T00:23:14.160865+00:00
Ugywv2eG4Wk87KvsYXN4AaABAg,A-qeEyGaJM0,9c6bcb2c69e32c834aa8f91ae9372d6e96e9220806e296a7d04c4edc3d3ed24c,"saya roadtrip pakai aion y+ enak bgt juga, ev aman lah buat jalan jauh ahahaha

udh ke semarang..tegal..purbalingga..purwokerto, sukabumi, citorek negeri awan~",2,2026-09-16T03:13:21Z,2026-09-16T03:13:21Z,2026-09-19T00:23:14.160865+00:00
UgxxocxlW5uPPvvIb6Z4AaABAg,A-qeEyGaJM0,58bb6cfd18e7fc135d0bc86dfb307c46370f3767f1186538f3e62ee9434787bd,Elephant in the room nya adalah insfratruktur charger di Jawa* masih sangat terbatas. Apalagi di luar jawa yang mengalami diskriminasi SDA.,1,2026-09-16T02:34:56Z,2026-09-16T02:34:56Z,2026-09-19T00:23:14.160865+00:00
Ugw0j7Wm4HEUYJJvjl94AaABAg,A-qeEyGaJM0,aa6c8f552b8668cd350f6027353c58a2e3652f4e6b9d5dc70333fd4750e82d73,"ga beda jauh sama naik kereta atau naik bus ya. naik kereta sangkuriang 450 ribu , kalau naik bus 400-500 an.",0,2026-09-17T00:41:06Z,2026-09-17T00:41:06Z,2026-09-19T00:23:14.160865+00:00
UgyQbsUluvBJwU2U4wd4AaABAg,A-qeEyGaJM0,eb2d1e197f1eede3da46eb2c1173eee92e49179bd5c281bb4b3e0966578a7961,totalnya berapa km perjalanan bang?,0,2026-09-15T14:22:16Z,2026-09-15T14:22:16Z,2026-09-19T00:23:14.160865+00:00
UgwbLiUJrrFp5QGk3LV4AaABAg,A-qeEyGaJM0,bbc953f8406e770d38a52cd4205ccfdf1b8ddc885f45d93985e04167f7f6517f,Kalau berdasar data diakhir video konsumsi 6.7km/kwh dgn kapasitas batt 40kwh berarti total range real dengan avg 90km hanya 268km y?,0,2026-09-16T11:52:17Z,2026-09-16T11:52:17Z,2026-09-19T00:23:14.160865+00:00
UgwkDcInIsuwhFnpOEt4AaABAg,A-qeEyGaJM0,e4185a28b86e5ef8b0a70a3610232e54e973ea509ee02e66626804339872b230,I wish we have this color in the Philippines. You also lost the power tailgate and rear wiper lol,0,2026-09-16T06:21:44Z,2026-09-16T06:23:29Z,2026-09-19T00:23:14.160865+00:00
UgzeRdn0Y4gKslVxs-J4AaABAg,A-qeEyGaJM0,dc62930726d53d2a223e01151c7c17380e3e46d9118b104e75e6de0b91b1f6b9,Bahasa orang have beda ya,0,2026-09-17T02:24:56Z,2026-09-17T02:24:56Z,2026-09-19T00:23:14.160865+00:00
UgzMLZAQMmcEyZXdIL94AaABAg,A-qeEyGaJM0,25db5263086f1b704319dd8f553704afc4b9c0121a62fb6f8eafb44e6a6c4b80,"Sat, lu ng cocok bilang “ay” yaa😂",0,2026-09-15T15:22:41Z,2026-09-15T15:22:41Z,2026-09-19T00:23:14.160865+00:00
UgzkK1XiR6wHNcsIGx14AaABAg,A-qeEyGaJM0,cedaa0bb0ba9ef6647fd45200b0cdb0e4de948d6feca754e438b81f4d143375a,Review Chery Q,0,2026-09-16T07:21:36Z,2026-09-16T07:21:36Z,2026-09-19T00:23:14.160865+00:00
UgyX5zmUgl-SNlEBR9h4AaABAg,A-qeEyGaJM0,36a55637b13ef633aa84a662cbb78888973ab8e22e32ad22893e99f82bc00505,boleh di cass spi 100 % katanya cukup 80 % tidak boleh 100 %,0,2026-09-18T07:54:35Z,2026-09-18T07:54:35Z,2026-09-19T00:23:14.160865+00:00
UgzDSpm1KPaLHggMLYV4AaABAg,A-qeEyGaJM0,904c227fc7bfd45bf3d0c5519038b1387aa5972b66fbd743b9e901033c8a8e92,Biaya nge charge harus ditambah juga biaya ngopinya,2,2026-09-16T01:54:09Z,2026-09-18T02:49:36Z,2026-09-19T00:23:14.160865+00:00
Ugz1aq_gqDsvotqjtsl4AaABAg,A-qeEyGaJM0,03b3e5b3142cefce909fd89805f5690e940c3f07afc23dc075d80e517b87f0f0,"mobilnya cakepp, tapi patut diperhatikan bagian bumper belakangnya agak cetek ya guyss, hati2 kalau parkir bisa gasruk kena pembatas ban parkir. ada content creator di IG mengalami hal ini",0,2026-09-16T01:48:11Z,2026-09-16T01:48:11Z,2026-09-19T00:23:14.160865+00:00
UgyQ4bpWFbrK4IZq2A54AaABAg,A-qeEyGaJM0,33569a76499e1ea4c8fa575f30cdc209efffb4f70b58ab0326e75b9b73d7b05b,"Fyi ya kalau jalur surabaya - solo. Selalu plan charge di rest area 575  ngawi atau 519 masaran.
Cuma dua itu yg spklunya banyak jadi aman dari kemungkinan antri",1,2026-09-16T10:01:03Z,2026-09-16T10:01:03Z,2026-09-19T00:23:14.160865+00:00
UgyScRjZfcbH0aMGM-J4AaABAg,A-qeEyGaJM0,fe437189439c0d4bd90309b7715215cb2916be226e3ecbe7953e3acf0ae41afd,800 cycle ato 3000 cycle?,0,2026-09-16T02:03:06Z,2026-09-16T02:03:06Z,2026-09-19T00:23:14.160865+00:00
Ugz4KdmiTcqrzlDsXNp4AaABAg,A-qeEyGaJM0,d3225c12a046ea9c56a1069d0e58aaf067dd1e881e154d308a8ab6cf0bf05580,Garansi batere ga lifetime ya?,0,2026-09-16T05:19:40Z,2026-09-16T05:19:40Z,2026-09-19T00:23:14.160865+00:00
UgxInBMzeazszUo__ch4AaABAg,A-qeEyGaJM0,ae2abe09ba705524b56ea9309f69b92bf9e4b6a0a35e13473be396a50488cc52,Parung + Depok tapi pake aksen Jaksel,0,2026-09-15T15:03:38Z,2026-09-15T15:03:38Z,2026-09-19T00:23:14.160865+00:00
UgxRyhX2Dy7VXOJWUX54AaABAg,A-qeEyGaJM0,3d40aefb0f45665ae320c2abf3b3d51727492bcaf5fc21fc6599984f88e01d99,"Gagal fokus sama HilSat, kok skrg mirip anggota DPR yg didemo dan rumahnya dijarah.",3,2026-09-15T13:03:45Z,2026-09-15T13:03:45Z,2026-09-19T00:23:14.160865+00:00
Ugwt-tN-q7HZ6uLnwcV4AaABAg,A-qeEyGaJM0,cc1ec33f76f82a8d1b256311dd0cb05ac87145896006c34ff28b7bcbc0e486ee,"Padahal td kalau lanjut, dr Mojokerto di km 725 ada SPKLU yg 5 mesin 10 nozzle",1,2026-09-15T13:22:16Z,2026-09-15T13:22:16Z,2026-09-19T00:23:14.160865+00:00
UgxDF8IkXU27knzztF14AaABAg,A-qeEyGaJM0,6ec3c304ac404026dc8b882e6ca9cdcc54044b9e34e501e61f2a2a34eabe9921,Boros bngt ato gimana sih cas 100% km 130 trs sisa 6% di 379 berarti cuma 292 km jaraknya selisih lebih dari 100 km klaimnya,4,2026-09-15T17:32:51Z,2026-09-15T17:33:16Z,2026-09-19T00:23:14.160865+00:00
Ugy2Uh5K4lgufCbT3QB4AaABAg,A-qeEyGaJM0,b260c21491adb94f3eef6db38f1b709f54080398e348f6fea537433a436cfa90,"Kembarannya dari Geely HX2 PHEV yang Cuma ada di Eropa saja? 🤯

Kayaknya ini Akan menjadi Pesaing terberatnya dari Chery Q CSH REEV di masa depan nanti? 😱",1,2026-09-15T13:05:35Z,2026-09-15T13:05:35Z,2026-09-19T00:23:14.162400+00:00
UgwNypjdOxHy68etE354AaABAg,A-qeEyGaJM0,6cde188123fcfca155e6b0ae56ebdc22e305070e12ccd506012e6176a54dab87,Untuk keiritan  saya pemakai xenia 2022 trip banyumas - semarang range 222km isi pertalite 100 ribu untuk penuhin full tangki ke bar 4 strip. Sampai semarang hanya berkurang 1bar strip. Kesimpulannya kalau jarak jauh mobil bensin ngga kalah irit (pertalite) 222km hanya 100 ribu. Tinggal dikalikan saja Berarti kalau 800 km jakarta surabaya memakai xenia keluaran 2022 hanya memakan biaya kurang dari 400 ribu malah lebih irit. Ini real fakta tidak mengada ada karna 3 minggu sekali saya selalu trip banyumas-semarang/ sebaliknya,1,2026-09-16T00:05:10Z,2026-09-16T00:05:10Z,2026-09-19T00:23:14.162400+00:00
Ugw6T0DtqzGh2jfqsTl4AaABAg,A-qeEyGaJM0,b6db0c595d5cb6bf5ddd1d99762de7881c799295a31519b9bc04e86cb8af6751,"Ayo Temen Temen, Siapa Rivalnya Dari Mobil ini",2,2026-09-15T11:37:52Z,2026-09-15T11:37:52Z,2026-09-19T00:23:14.162400+00:00
UgyxZZL9t_S7Px21uXl4AaABAg,A-qeEyGaJM0,5b7bf91c91eff0a30e15b30722bffea9b347824a2b07175aba228663ca75f61b,20:46 ngelirik ape?,6,2026-09-15T13:13:01Z,2026-09-15T13:13:01Z,2026-09-19T00:23:14.162400+00:00
UgyJ4RzXgJ9uEu45uHp4AaABAg,A-qeEyGaJM0,e8c98be1364da78030dc2e41622a589107084dd49d6936f25ccac73ec5ae9997,Coba di compare dgn chery Q donk..,1,2026-09-15T13:45:18Z,2026-09-15T13:45:18Z,2026-09-19T00:23:14.162400+00:00
UgxWoAyrMm_4E30NR8p4AaABAg,A-qeEyGaJM0,fd169ad2a72f6fe50b061f91ae70a42730eed21d01dd8e8069fb01189b22faa0,"kalo ban pecah atau sobek ditengah jalan, solusinya gimana?",0,2026-09-16T06:30:52Z,2026-09-16T06:30:52Z,2026-09-19T00:23:14.162400+00:00
UgyaSwqJsizyJve1t7R4AaABAg,A-qeEyGaJM0,b8f0a470f95654ca5cbf9e93bee7b01d45e2106b43249722581a583fe74d29ef,Dapat rata2 brp kwh per 100km bang? Kok kyk boros banget ya 😅,1,2026-09-15T12:13:12Z,2026-09-15T12:13:12Z,2026-09-19T00:23:14.162400+00:00
Ugyr06GDoNsTWau17RZ4AaABAg,A-qeEyGaJM0,35219193d07a91713348f31f88eedaf088ba2181ad2bc8d8db13a8250aa67edb,Cherry Q kpn?,0,2026-09-16T06:36:01Z,2026-09-16T06:36:01Z,2026-09-19T00:23:14.162400+00:00
UgwSjUAiLsyPTO7JZ3F4AaABAg,A-qeEyGaJM0,9ce4412603a818db8a9d0335832668ecbb1d080aa952982b4caceeb71a93cef0,"Ngomongnya bukan ala Jaksel itumah, tapi ala PIK haha",0,2026-09-16T02:59:49Z,2026-09-16T02:59:49Z,2026-09-19T00:23:14.162400+00:00
Ugymz1Xua4E3Oyl7Kcx4AaABAg,A-qeEyGaJM0,d788c48bc39a1e26d75e330308c22d4ea0fab39e14abfc15905437558d3b7716,"Efisiensi di uang tp boros diwaktu…ev emg peruntukannya di dlm kota aja sich menurut saya kl luarkota deg2an kl pas spklunya antri sdgkan range utk mepet , wah jd bikin perjalanan ga nyaman tp dgn keadaan skrg yg minyak dunia cenderung naik akibat perang , yah ga ada salah beli ev tuk mobilitas yg jarak2 dekat",4,2026-09-15T12:44:36Z,2026-09-15T12:49:34Z,2026-09-19T00:23:14.162400+00:00
UgzIDCWOtXUfoMCodyt4AaABAg,A-qeEyGaJM0,9ee9e27103cb1636a47da48776d5d561723af2995c371c1fb0bf3953c1e8ec3a,"road tripnya harus super santai ya kalau pakai molis, soalnya 25-30 menit itu lumayan makan waktu sih dibandingkan isi bensin / solar mobil ICE 

cuma lumayan nih selisih hematnya apalagi kalo dicompare pake pertamax turbo / dex",0,2026-09-16T06:10:11Z,2026-09-16T06:10:11Z,2026-09-19T00:23:14.162400+00:00
Ugywra5l7W58E6T0OkZ4AaABAg,A-qeEyGaJM0,68dc35f61506766455c5c282ffb0df5d8f883b0442cb97c49cd4cd3dce889aae,bisa buat genset nggak?,0,2026-09-17T12:56:32Z,2026-09-17T12:56:32Z,2026-09-19T00:23:14.162400+00:00
UgxB95IUuG96t3dDGAV4AaABAg,A-qeEyGaJM0,c3d65ce588d93e01c18f166eafb18abe6fc3663272ba92dc8a71b6240a656f78,Solo-Sby bukannya 200an km? Dr solo baterai full kok baru smpi mojokerto abis?,0,2026-09-16T03:57:44Z,2026-09-16T03:57:44Z,2026-09-19T00:23:14.162400+00:00
Ugwl3Ld7bm5N5iE19TZ4AaABAg,A-qeEyGaJM0,b7efb31ae23545fe146dd7d317a9e5d18c753a305f1ff1a5d4e8789a296bd01d,Pada menit 20:22 dan 20:23 itu dikolongnya ada percikan api atau pantulan matahari sore ya?,0,2026-09-15T13:54:08Z,2026-09-15T13:54:08Z,2026-09-19T00:23:14.162400+00:00
UgxFPtfIMiDT9vrrYex4AaABAg,A-qeEyGaJM0,84b7168f2c1c5b22bb352e021f86bfcb6df7e37ffed03aab58258cbafec094b4,"jadi berapa lama total perjalanannya om, jakarta-surabaya?",0,2026-09-15T17:21:02Z,2026-09-15T17:21:02Z,2026-09-19T00:23:14.162400+00:00
UgznQRaeMYSwIs5at4d4AaABAg,A-qeEyGaJM0,9d37379fbc278650419534eec7c205d3027a7b6037a0ce59c123d2fa7e494552,Road trip emang paling perfect pake mesin bensin. Apalagi 12 silinder trus 6000cc pintu 2 merk inggris terserah deh mau yang blasteran jerman atau india atau british tulen 😝,0,2026-09-15T18:16:06Z,2026-09-15T18:16:06Z,2026-09-19T00:23:14.162400+00:00
UgzZzMRmMH6q1uYuS5B4AaABAg,A-qeEyGaJM0,3af5f3b86c81223016e2fbf50eb276ccfea3b368872184bf77aedbfdc7ee8ea7,"bayar toll nya 2,5 kali lipat dari biaya ngecas?",0,2026-09-16T12:38:13Z,2026-09-16T12:38:13Z,2026-09-19T00:23:14.162400+00:00
Ugy881YgEwE-GyrPm7d4AaABAg,A-qeEyGaJM0,3be4b3e5204afead69727ee97b46272f3535ac0055d99872207ad43e43e22dac,"Gue beli mobil ini 
sdh 4bln blm dpt wall charger 😢😢😢",0,2026-09-15T14:05:42Z,2026-09-15T14:05:42Z,2026-09-19T00:23:14.162400+00:00
UgzgB05ikXE--bha6Yd4AaABAg,A-qeEyGaJM0,a4be6c7ce7319f73d5a41e54afb9b1dc48c132f2d5546e466177ca05d8424d93,Enakan mana bang bantingan suspensi sama handlingnya kalo dibandingin sama Chery Q?,0,2026-09-16T00:18:48Z,2026-09-16T00:18:48Z,2026-09-19T00:23:14.162400+00:00
Ugx89iIptXHOuWLeAYp4AaABAg,A-qeEyGaJM0,6e3a435bbe5484c9284c94f18699ba259e0cd3d193db8b8c2cef64a96818b6dc,total biaya tol brp?,0,2026-09-16T03:45:12Z,2026-09-16T03:45:12Z,2026-09-19T00:23:14.162400+00:00
Ugx5MajuT1hoc5Vg-wJ4AaABAg,A-qeEyGaJM0,2411115a32c9e54a499a99081ad12f0e86d1abc360358f23909fcb92d72d39ab,cafe racer kotwis nich...,0,2026-09-15T14:54:34Z,2026-09-15T14:54:34Z,2026-09-19T00:23:14.162400+00:00
Ugw8hIerxayP3xkkZfh4AaABAg,A-qeEyGaJM0,03056de4301f0a3c3c2aee0fcac56dd37bf0c248f652581f142b6156b3cd21b1,"Perbandingan Utk sekelas moblis uk compact dgn kec rata"" 90-100 kpj, dgn daya full ""katanya"" bisa 390 km full charging, ternyata konsumsi listriknya boros bgt yaa jika di lihat ternyata ga sampe 300 Km dgn kondisi dr 100-1 % jika di tol dgn kecepatan konstan 😢jatuhnya di hitung"" hampir kek biaya mobil ice small mpv yg konsumsi Pertalite :v",0,2026-09-16T12:04:18Z,2026-09-16T12:05:58Z,2026-09-19T00:23:14.162400+00:00
UgwNunUQyWDDRHLj9uZ4AaABAg,A-qeEyGaJM0,c33e9cfff48439f7c870606f673f08eadebedd5f99177dec8b1a2dcec47ab7e3,"berusaha ngomong jaksel yg aneh, udah lah gak lucu, nybelin tauuuu😂",1,2026-09-15T13:33:41Z,2026-09-15T13:33:41Z,2026-09-19T00:23:14.162400+00:00
UgwebLnsiMPtmVjv3bh4AaABAg,A-qeEyGaJM0,10a1a3811a685dca60a966f0c456959271040befce6662f0759ef5155b677f14,Di menit 20:23 dibagian bawah mobil seperti keluar percikan api apaan tuh ?,0,2026-09-17T17:32:43Z,2026-09-17T17:32:43Z,2026-09-19T00:23:14.162400+00:00
UgyLnP7gVIlhQmLGlDV4AaABAg,A-qeEyGaJM0,1e9c9f6145b7336d26680ab1fff1f66a17090a06284810979744eb5fb8e85495,Rata2 kecepatan brp bang?,0,2026-09-15T16:08:28Z,2026-09-15T16:08:28Z,2026-09-19T00:23:14.162400+00:00
UgzULEkWV34Xjx1lVq94AaABAg,BFp1_jq3zVo,fe2f1d02d7607ed4c9dc9e6883265771bc8c2be18c1f21344a43ca8cdc17b744,"udah pake geely ex2 type max selama 1 bulan lebih dikit, berikut pengalaman saya 

Kelebihan
1. driving experience enak banget udah dibawa ke puncak effort less banget nanjak nikung gak limbung, stir nya itu enak banget harus cobain langsung deh
2. jok yang jauh lebih enak dibanding kompetitor, saya udah nyoba atto 1 beda nya berasa dibanding ex2 ini dan ruang kabin lega banget dibanding kompetitor
3. menurut saya ADASnya mateng di indonesia saya nyalahin autobrakesystemnya di jalanan indo selama ini gak pernah ngerem sendiri syukurnya, flymeauto nya juga mantap banget no lag samsek
4. trunk depan, ini sih sering kepake pas beli makanan berbau dan hangat biar kabin gak bau dan makanan tetep anget gak kena ac
5. suspensi bener kata dividio ini dewasa banget gak lebay tapi enak gitu
6. material solid semua gak ada yang bunyi bunyi untuk unit saya

kekurangan
1. spion belom retrack, tapi bagi saya gak impact banget
2. wiper belakang gak ada tapi saya pake defogger selama ini cukup sih

ini pendapat pribadi saya setelah pemakian 1bulan lebih,bukan melebih lebihkan jujur mobil ini enak untuk harga segini buat yang ragu mending test drive dulu nanti pasti ngerasa kenapa mobil ini dihargain lebih tinggi dibanding kompetitor",135,2026-03-31T14:13:42Z,2026-03-31T14:13:42Z,2026-09-19T00:23:14.379690+00:00
UgzTcBah9L6I_EFIGlZ4AaABAg,BFp1_jq3zVo,c9fd58536f8932b1014c688c9f8089ac09fb057e145d8fd1e204254519b5a7ca,Untuk apple car play n android auto sudah bisa diupdate di dealer geely jadi sudah aman,16,2026-03-31T14:28:28Z,2026-03-31T14:28:28Z,2026-09-19T00:23:14.379690+00:00
UgyzfHSWI4rBSJwuZMB4AaABAg,BFp1_jq3zVo,7d6d418950222cf4ec74b406225cd76698fc4997464f2d27891f627793014dca,mantap,3,2026-03-31T13:15:26Z,2026-03-31T13:15:26Z,2026-09-19T00:23:14.379690+00:00
UgxHP6x7zMByJ8LwYSF4AaABAg,BFp1_jq3zVo,ced9a3f33a8d8fdc4289c3c10f502f4bdf85d162dd91cfe3bf2c28b3646bc9ee,"Bismillah, tertarik EX2.",2,2026-04-01T15:08:14Z,2026-04-01T15:08:14Z,2026-09-19T00:23:14.379690+00:00
UgyRHZdwf-Qvf4MZ30N4AaABAg,BFp1_jq3zVo,c8be60fbdf2a12252bc3c7b02cc9fce42e5a4275b5d4cc89a1e2589daaea5553,Yang pertama 😊😊😊😊😊,3,2026-03-31T12:09:06Z,2026-03-31T12:09:06Z,2026-09-19T00:23:14.379690+00:00
UgxGS3uyEWAJMyPyGQ94AaABAg,BFp1_jq3zVo,cef7292695d29e17f2d83caaca29ddee1f3f0f683e006e34437d3d6909c610d7,Menarik juga ya EX2 ini,2,2026-04-01T05:42:40Z,2026-04-01T05:42:40Z,2026-09-19T00:23:14.379690+00:00
UgxEssiU62UXrpzkA9x4AaABAg,BFp1_jq3zVo,8bf4655516f21b9895885b168057c178e98ccbf9a43736978c4a136460011ec5,👍👍👍,2,2026-04-01T04:34:31Z,2026-04-01T04:34:31Z,2026-09-19T00:23:14.379690+00:00
Ugy7QQpoay0ABXyhGGt4AaABAg,BFp1_jq3zVo,c6f1c9e4646b6bb28e3010b51548173c53a019a5eb61fcbb05b7b484892a8e6b,istilah suspensi paling dewasa itu dikenal dengan istilah advance,3,2026-04-01T04:45:52Z,2026-04-01T04:45:52Z,2026-09-19T00:23:14.379690+00:00
Ugw8pdbclCcmLT3hCiJ4AaABAg,BFp1_jq3zVo,818f88474be0b7e0fd40c0bfdad88ea25e46914bf6f37b63b938b61961219e08,Gk heran sih geely kualitasnya bagus setara mobil mobil eropa ternama seperti mercy dan bmw la wong jeely itu bapaknya volvo merk terbaik  legendaris yg sejak dulu udah ada.,6,2026-04-03T00:15:16Z,2026-04-03T00:15:16Z,2026-09-19T00:23:14.379690+00:00
Ugye1JEUi_T-_0o7bJh4AaABAg,BFp1_jq3zVo,64410d8dfee54e46cc3f670d63515b3e9c6643f0674909d3559c65e8f3d78c04,Good 👍👍👍,0,2026-06-24T07:25:41Z,2026-06-24T07:25:41Z,2026-09-19T00:23:14.379690+00:00
UgxVag0fJBqqBrfcejh4AaABAg,BFp1_jq3zVo,10a9acb70948275838d23a4a6e224b8afb2106e4e99812e30618fe83f4b175f7,Mantap pilih geely ex2 dan alhamdulillah gak nyesel.. emang sebagus itu 😊,0,2026-04-13T10:43:46Z,2026-04-13T10:43:46Z,2026-09-19T00:23:14.379690+00:00
UgxZssjSpE4GAWUyh8J4AaABAg,BFp1_jq3zVo,8016cd062e850da627ba5efa7d92dad2873ee3ea0d4b95182a95b2941200f8e6,"Kemaren test drive EX2 dan EX5 .. yang EX5 hampir gak ada obat sih, user experiencenya josss banget! apalagi garansi batre seumur hidup .. peace of mind, EX2 enak buat personal harian enak bangeett .. ngumpulin ginjal eh duit dulu buat beli",16,2026-03-31T16:48:40Z,2026-03-31T16:48:40Z,2026-09-19T00:23:14.379690+00:00
UgxsRMBhRHhP9owZstV4AaABAg,BFp1_jq3zVo,a7de6631dcc899f9ed5bebd1aec7bc921d83814fdc42f24276a7994e5ef3c0b2,"Kalo pingin cpt dpt unit pilih atto1,tp kalo pingin nyaman pilih geely tp hrs sabar",0,2026-04-08T23:53:29Z,2026-04-08T23:53:29Z,2026-09-19T00:23:14.379690+00:00
UgwAQj_JZ-CVghFRYlZ4AaABAg,BFp1_jq3zVo,2d35e30bcf6338ab147c90a4a734f51825b6cbd442662288e474af8ad12729e3,"Video take pake camera proper guys, gambar masi tidak sharp, i believe ini masi pake iphone.",2,2026-04-02T13:14:31Z,2026-04-02T13:14:31Z,2026-09-19T00:23:14.379690+00:00
UgzeZzDe5MQ3fokd7Sx4AaABAg,BFp1_jq3zVo,35790703231024a22398261b7ba21ea9313dfc5c5bad9324a80ef0988dfb3e92,tergantung harga,2,2026-03-31T15:09:45Z,2026-03-31T15:09:45Z,2026-09-19T00:23:14.379690+00:00
Ugz0MPIwYBkQEGodIVt4AaABAg,BFp1_jq3zVo,e1e9be57dc1063836deb05fce8a59986c533597eb83ef6228c5844932df765d4,"Proton version of EX2, Proton e.MAS 5 punya wirelss Apple Carplay, Android Auto. Powered tailgate juga. Cuma ga punya powered seat dan ambient light.",1,2026-04-11T20:28:28Z,2026-04-11T20:28:28Z,2026-09-19T00:23:14.379690+00:00
Ugx_2S82XQnX7vW-1zp4AaABAg,BFp1_jq3zVo,e35fb1d1edf39548407c25772a3ed1a7fa567ae2abdf27aa3069a30fa8128910,kompetitor dari japan sudah ketar-ketar karena ada mobil china baru harga nggak masuk akal wow,7,2026-03-31T12:18:08Z,2026-03-31T12:18:08Z,2026-09-19T00:23:14.379690+00:00
UgzXR63pAsn2ZB-X4zR4AaABAg,BFp1_jq3zVo,a0c68658f62594628b5006d60354d5d78f529456620af6ba155e9b9f21a27fde,"Ex2 tidak bisa disejajarkan dengan atto1, ex2 punya spek yang lebih tinggi dan kenyamanan lebih baik.",17,2026-03-31T13:57:43Z,2026-03-31T13:57:43Z,2026-09-19T00:23:14.379690+00:00
UgzZL_-FzIb-Dggf79Z4AaABAg,BFp1_jq3zVo,7dba55a97b3c789b019d130353ea156d57aade62112eec6c648c0ccb152378db,"Ex2 mobil ev yg proper, kalo yg imut atto1.",0,2026-04-04T09:16:51Z,2026-04-04T09:16:51Z,2026-09-19T00:23:14.379690+00:00
UgyhrIR6siVWj_lRqu54AaABAg,BFp1_jq3zVo,06d2ced89f1f7d2b19ea967278fc8a3343442f57a5709bd908b6571933598b1e,"Komentar setelah 1000km pertama (mobil saya sebelumnya Toyota Calya):

1. Effortless driving, enak banget beneran, saya udah coba atto1 juga, dari segi suspensi, dan tenaganya ini lebih enak, ini ga bisa di jelasin pakai kata-kata mesti test drive sendiri
2. Karena penggerak roda belakang, tanjakan effortless juga, dilibas dengan sangat gampang, power steeringnya enak, gaterlalu ringan kyk mainan, tp ga berat kyk ICE
3. Cabin Space sangat lega, saya udah coba bener-bener ber 5, dengan orang-orang yang medium ukurannya (tidak besar, tidak kecil), masih lega baik headroom dan legroomnya, dan komentarnya sama ""kok ini ternyata lega sih mobilnya?""
4. ADAS nya bekerja dengan baik, sampai sekarang belum pernah autobrake yang ganggu, tapi memang karena saya pernah coba EX5 yang ada HUD nya , mata saya jadi harus kerja 2x, liat range, speed / blind speed monitornya di instrument cluster (yang bagus juga ga kaya calculator haha)
5. Karena saya orangnya ga ugal-ugalan, saya sehari-hari gunakan mode ECO dan regen braking di high, jadi konsumsi saya di 8.3 -9.3 kWh, saya pakai range yang dynamic, MALAH LEBIH JAUH jaraknya yang terdisplay daripada normal (di ex5 normal selalu lebih jauh daripada dynamic), rekor saya pernah full charge, terdisplay 417km  
6. Bagasi sangat sangat cukup, apalagi tambah yang depan, berguna banget misahin barang-barang yang emg ga perlu nyampur
7. AC DINGIN BANGET, sehari-hari fan speed 1, dan suhu paling tinggi aja masih dingin gila sih ini ga expect saya

minus:
1. spion ga bisa retract masih manual, tapi ternyata ga ganggu banget, mau pasang retract otomatis sebenernya ada, tapi takut garansi hangus
2. speakernya jelek, jujur lebih bagus calya, tapi ini saya perlu update lagi karena ternyata speaker penumpang belakang mati semua
3. wiper belakang belum ada (atto1 juga ga ada sih tapi), ga terlalu ganggu, kalo kita coating kaca + defogger sangat aman
4. belum android auto/apple carplay tapi pakai carbit link, tapi gapapa, saya justru suka mirror gitu
5. pengiriman lama, saya spk januari, baru dapet bener-bener sebelum lebaran, agak ga masuk akal karena pesanannya tidak seheboh J5, harusnya pengiriman ga lama
6. unit belum dapat penutup penggerak roda belakang dan battery, jadi agak was-was kalo ada polisi tidur tinggi dan genangan, saya otomatis harus pelan, katanya akan ada tapi masih nunggu partsnya dateng dari china, dan kalau memang ambil unit, langsung aja cek kolong bagian belakang",7,2026-04-08T03:16:24Z,2026-04-08T03:16:24Z,2026-09-19T00:23:14.379690+00:00
Ugzwg5ArCT2KuNG0Thp4AaABAg,BFp1_jq3zVo,57fd656f8e7b66f9e3284ea94e87c23dd8b3871b6d74ada8e138a0bd1006214c,Nunggu beberapa bulan apalagi ada seri terbarunya harga langsung longsor 😅 apalagi inden Desember saja belum pada di distribusi kan ke konsumen.,3,2026-04-01T02:52:28Z,2026-04-01T02:52:28Z,2026-09-19T00:23:14.379690+00:00
UgwNuKdvTSO7C2BzHjx4AaABAg,BFp1_jq3zVo,c737d733e7eab4251e1118c662b1bb3b18b85cdde12d780fda1cabb9ba50667a,Harganya lebih pas di range 150-200 juta. Dijamin mobil bensin langsung rontok,1,2026-04-03T17:55:32Z,2026-04-03T17:55:32Z,2026-09-19T00:23:14.379690+00:00
Ugwrv7AWsvT50Wpif5h4AaABAg,BFp1_jq3zVo,01097cec6d7e98d77b27ceccf1c6b2b8629b8ca63a1dada7839597a0671b7a76,"suara naratornya krg jelas terdengar, kyk lagi kumur2",0,2026-04-19T18:36:06Z,2026-04-19T18:36:06Z,2026-09-19T00:23:14.379690+00:00
UgwPOODBOMUgjXNC-z14AaABAg,BFp1_jq3zVo,1aa5d68d2c3e044f3232085c47051656dad6ec30ca2c99fe2723bc94e84c4960,"Kalau sudah ada build in google maps, dan spotify masih perlu gak sih aple car play / android auto?",2,2026-04-01T00:57:25Z,2026-04-01T00:57:25Z,2026-09-19T00:23:14.379690+00:00
Ugwmu4sk7Ev3IazGhYt4AaABAg,BFp1_jq3zVo,ba084fca5690f3e41d32e72d46af9f647a31271c4eb3a9cbd9141cddf29685b9,Hanya saran… kalau yg max harga 249jt sih bakal laris banget….,0,2026-04-21T02:02:41Z,2026-04-21T02:02:41Z,2026-09-19T00:23:14.379690+00:00
UgzdJken0RCy4v-zmL94AaABAg,BFp1_jq3zVo,d4e21f83d588faae50413645ec7d1350f65c35a55284f5541b541337b4f80ed0,"04:30 

Suara yang di keluarkan 大吉大利 yang dalam artian langsung memang adalah ucapan “Great Luck”

Tapi Geely dalam bahasa mandarin bernama 吉利

大 berarti besar/agung/maha

Ini seperti permainan kata
So maybe word of plays indikasikan Great Geely 😂😂",12,2026-04-01T07:12:24Z,2026-04-01T07:13:31Z,2026-09-19T00:23:14.379690+00:00
UgzcGO2w80RxhXWKLyl4AaABAg,BFp1_jq3zVo,622dc2cf582a843837a030848a56207c2b4a74a3767800307ae689f8c166ef24,Rwd sangat berbahaya di Jalan basah terutama saat HighSpeed di Tollways,0,2026-05-16T01:56:15Z,2026-05-16T01:56:15Z,2026-09-19T00:23:14.379690+00:00
UgyECQHng9cE01u9J5J4AaABAg,BFp1_jq3zVo,968a3585f5fc0bfd92d7687b6c1e53bebc28f7244e30e93a97de8458eb1f3b99,"EX2 telak dari seti kenyamanan, harga, tenaga, ruang kabin, bagasi. banyaaakkk....saran yg harus dilakukan GAI, aftersales mesti ditingkatkan. Banyakin dealer. Bikin standard aftersales yg lebih baik. Sejauh ini puas pake EX2. Jangan lupa, sediain part cover kolong resminya. Jangan lebay tapi harganya, g ush cari untung kegedean. marketplace lokal bisa dapet 3jt fullset. Masa dealer jual 2-3jt cm cover belakang aj",8,2026-04-01T17:52:14Z,2026-04-02T07:19:28Z,2026-09-19T00:23:14.379690+00:00
Ugx-9J_leyAqSAZddPp4AaABAg,BFp1_jq3zVo,ad3e53ea71423104791d5da5ad65b0ee2f273a239b120fd38735920c7b2fbb40,"seenak-enaknya mobil harus liat pabrikannya, saya liat geely belum serius jualan di indonesia, terbukti dari delivery yang tidak merata, saya spk januari sampai sekarang tidak jelas kapan ada unit, sales sudah tidk respon, email ke customer care Geely Auto Indonesia malah lempar ke dealer, tidak ada solusi sampai sekarang",7,2026-04-13T02:55:43Z,2026-04-13T02:55:43Z,2026-09-19T00:23:14.379690+00:00
Ugwti6hpjcW-QC0b86V4AaABAg,BFp1_jq3zVo,96c4343b26c4584344711c6e180247338d5825a85ccc2f9aecdf99f4f7d07185,Ini exterior warna apa ya ? Nebula Beige ?,0,2026-04-04T13:56:51Z,2026-04-04T13:56:51Z,2026-09-19T00:23:14.379690+00:00
UgwMp1UF3qrHHNyTdj94AaABAg,BFp1_jq3zVo,d98c910fdd1024c25006439c963fcea81c4e161471d78411d8737eec4baeed89,"Mendang mending = pro
Puas poll = max",8,2026-03-31T14:35:03Z,2026-03-31T14:35:03Z,2026-09-19T00:23:14.379690+00:00
UgyxXhuTqti3Mue1rbN4AaABAg,BFp1_jq3zVo,7659c2e1387fe194f0962b3de43c7682d13c6cfd505f975a07941e56a499cd83,"Kita tunggu sebentar lagi rival nya datang ke indo, Chery QQ",0,2026-04-05T21:46:15Z,2026-04-05T21:46:15Z,2026-09-19T00:23:14.379690+00:00
UgxNHjXikZiTJTsTksx4AaABAg,BFp1_jq3zVo,304a642984c91ee06babe48791251da65aafbbe105bb3a26fd22805703467cf5,"Serius nanya bang: front trunk untuk mesin begini bang, gimana caranya untuk memeriksa mesin jika ada tikus yang bersarang atau gigit2, pipis bahkan buang kotoran di kabel2 EV ini?",0,2026-04-06T02:19:07Z,2026-04-06T02:19:07Z,2026-09-19T00:23:14.379690+00:00
UgwnGS51To8Oh71pSS54AaABAg,BFp1_jq3zVo,22db9037fd1c9525db5532edc35dfed75fb7d05fd6926649d9e80ebc2fc67d51,"Ada yang sudah mofid geely ex2 gak ya? Kayak ganti velg pakai racing, upgrade audio, kira2 akan berpengaruh pada peforma batre gak ya?",0,2026-04-04T07:46:59Z,2026-04-04T07:46:59Z,2026-09-19T00:23:14.379690+00:00
UgzMzYpEfeJu5paVF9Z4AaABAg,BFp1_jq3zVo,016b42480aba5ecc0690d92bef09f1549ac841eccd78f631bfe2dd3ba8cc4930,"Harga beda tipis sama ATTO 1, TAPI soal fitur, kenyamanan, tenaga, jangkauan, suspensi, feeling berkendaraan interior dan exterior BEDA JAUH sieh, mending ambil Geely EX2. Di China ini juga mobil paling laris",1,2026-07-12T07:41:34Z,2026-07-12T07:41:34Z,2026-09-19T00:23:14.379690+00:00
Ugw0DYWSDrrMDRb_PrN4AaABAg,BFp1_jq3zVo,df4e416022c793869ae27b8b436cf6a107c0dd2d374bf31b4baad62dc8800cbf,POV pemilik binguo 410 liat video ini 😭,2,2026-04-01T02:43:59Z,2026-04-01T02:43:59Z,2026-09-19T00:23:14.379690+00:00
Ugw_0nd7-ZtoBmRwP4V4AaABAg,BFp1_jq3zVo,9434cb3611f8e085c56814ab29d4eb1ca5ef7567a94192c3e9e256eba6cab423,Emang penjualan ex2 per bulan berapa sih? 😁 bentar lagi masuk rival beratnya Cherry Q. Kalo harga selisih 30 jt nangis di pojokan ex2. Grup cherry biasa kasi harga sedekah 😅 blum lagi komplain customer ex2 mengenai service & delivery. Bakal seru kedepannya.,0,2026-04-05T04:45:38Z,2026-04-05T04:45:38Z,2026-09-19T00:23:14.379690+00:00
UgyWuX0C_KfREnGdpwF4AaABAg,BFp1_jq3zVo,cdceef3b2995ccae5fa4f6c6109e07407c265f0047833e946e23bc368c875311,Udah naik 10jt harganya,0,2026-04-27T12:52:37Z,2026-04-27T12:52:37Z,2026-09-19T00:23:14.379690+00:00
Ugy_-PIs8RYJcd7Ab_14AaABAg,BFp1_jq3zVo,aafbea55b1d155795ac5e0df63a6360a8e598e18e7692b51607544031173834e,Atto1 uda habis. Belum impor lagi dan pabrik subang lagi fokus di M6 versi fleet. Blunder BYD Indo nih padahal kelas entry level paling penting,5,2026-04-03T06:18:23Z,2026-04-03T06:18:23Z,2026-09-19T00:23:14.379690+00:00
UgzcFRIweGEpznkIpDZ4AaABAg,BFp1_jq3zVo,8722b356d0779353ba0143626cac9381552621ec30c4ae97696670aee995f42a,"saya sebelumnya pakai H1-Diesel; mobil powerfull, nyaman, enak, responsive.

3 minggu pakai EX2 Pro :
- powerfull masih ada -- bahkan lebih kenceng kayanya
- nyaman -- asli ini mirip bgt karakter suspensinya sama mobil H1 saya (sudah di racik juga), padahal expect nya kalau mobil kecil tu relatif keras atau stiff gitu
- responsive -- tentu ini listrik

tambahan nya, 
- lincah
- irit


rasa berkendara :
saya tidak expect banyak, ADAS memang kurang ya tp ya udah 230jt gitu loh. tapi kalau saya ada dana lebih ? pasti ambil yang MAX (atau J5 yang 300jtan sekalian)
spion -- minor bgt lah ini mobil lama saya jg ga pake retract
wiper belakang -- ada juga jarang saya pake hehe
materal -- solid poll. dashboard emang hampir plastik semua, tp ga keliatan murah. coba aja pas kalian test drive. pencet2 panel2 di depan, bagus materialnya.
pintu -- mantep, dibanding mobil2 seharga kayanya paling ""deb"" gitu klo di tutup.

batre aman 40kw -- 390 km dapet kayanya 10kw/100km rata2 saya
ngecas cepet -- kuat ngecas dc sampai 60kwh. (pasti <1jam klo charger nya kenceng, karena batrenya cuma 40kwh)
size mobil -- proper. bagasi pas, duduk pas, depan belakang pas. cocok lah. 

kekurangan ?
kurang 30jg coy tau gitu beli yang MAX 😭

nb : nanti beli lagi aja deh 1 lagi wkwkw",3,2026-04-01T06:29:09Z,2026-04-01T06:29:09Z,2026-09-19T00:23:14.379690+00:00
UgzoJUd8-ZGogmHdpNp4AaABAg,BFp1_jq3zVo,22b7d855e497bb392e88e0d0389d85e6ccf4b9a4e408555a824c6789b2140b4a,"fitur Geely di Indonesia ini disunat sana sini sampai habis. Yg paling simple dan mengecewakan adalah speaker mobilnya yang cuma 4, termasuk 2 tweeter. Jadi, di belakang cuma ada tempat speaker doank, ga ada isinya. Otomatis kualitasnya jauh lebih jelek dari Innova yang sudah 10 tahun lalu. Bisa dibilang ga ada power sama sekali. Setau saya kalo cek sendiri, speakernya mestinya 6 biji. Lalu, V2L adapter jg ga dikasih, spion ga retractable, pintu bagasi jg ga bisa buka otomatis, ga ada cargo partisi, dll.   Yg aneh lagi, kaca spion driver GA BISA naik setinggi yg sisi passenger.

Kalo pengalaman negative saya setelah pakai 1 bulan:
- dealernya bisa dibilang GA ADA after-sales service. Saya kejar org marketing terus juga jrg dibales, mgkn karena sibuk jualan, dan pasti pikirnya buat apa juga ngurusin buyer yg sudah setor uang dan ga akan bisa kasih komisi lagi.
- STNK asli ga keluar setelah 1 bulan pakai yg sementara, jadi katanya si marketing; gapapa dipakai aja selama ga kena polisi, karena yg telat si Samsat.
- Geely app belum juga didaftarkan. Katanya, supervisor yg bisa nyampaikan ke Jkt untuk didaftarkan, dan slalu lemot dan di luar kendali dia.
- portable charger juga masih belum jelas kapan dikasih.

Saran saya buat calon buyer: lebih baik tunggu sampai layanannya jelas sambil pelajari dengan benar apa yang dikurangi/tidak didapat dari mobil yg akan kalian beli. Kalo liat banyak review di youtube dan specs aslinya di luar Indo, rasanya harga mobilnya worth it banget. Eh, tp ternyata di Indonesia banyak yg disunat. Mungkin disesuaikan dgn ekspektasi org Indonesia spt di mobil Avanza. Yg pasti, audio system Avanza JAUH lbh bagus bahkan dari GEELY EX2 Max.
@geelyautoindonesia #geelyex2max #GEELYEX2",1,2026-05-14T10:09:48Z,2026-05-14T10:09:48Z,2026-09-19T00:23:14.379690+00:00
UgwyWHJA8Kq0hIV2M0J4AaABAg,BFp1_jq3zVo,75418d3ca11111495895599e6375ad69c1e7c6fc6eebfbc22d66cbf2969cff64,"Tuh kan ada spklu shell, gw bilang ke temen2 yg masi kolot gak mau beli ev pd gak percaya 😂😂 ntar ku share aja vids ini ke mrk 😂",3,2026-04-01T03:43:36Z,2026-04-01T03:43:36Z,2026-09-19T00:23:14.379690+00:00
UgyUAHqz3Cj0nhaeso14AaABAg,BFp1_jq3zVo,75418d3ca11111495895599e6375ad69c1e7c6fc6eebfbc22d66cbf2969cff64,January kmrn J5 dtg sbg mbl ke 3.  Skrg lg ngelirik ex2 ini. Pengen ev lg tuker Mobil ice 1. Keenakan pake ev. Pengen tes drive ntar2 kmrn sblm lebaran mampir liat2 Dan nanya2 di pameran dkrt rmh,1,2026-04-01T03:37:35Z,2026-04-01T03:37:35Z,2026-09-19T00:23:14.379690+00:00
Ugxd8yYZT-HPzNfQQ-h4AaABAg,BFp1_jq3zVo,4ed60f986f44bc44eb2ae820f254811ea055c00fea53df594ae9ef6d07f9c842,"ngapain beli ginian,  tanggung ga jelas, sy inden j5 ama udh beli atto 1 ketauan import cbu bukan rakitan tkdn",1,2026-04-06T18:50:39Z,2026-04-06T18:53:13Z,2026-09-19T00:23:14.379690+00:00
UgzPmwPnH1tJ8eEXjbN4AaABAg,BFp1_jq3zVo,419a1288f25b7336186a2d93ba0d9b5f5cb6a12f18ebd8aec1a95a4a67a78d2e,Klo mau laku di Indonesia bikin tipe LMPV-nya dong,1,2026-04-01T01:40:36Z,2026-04-01T01:40:36Z,2026-09-19T00:23:14.379690+00:00
Ugznvh6GkmXEYeMDLkB4AaABAg,BFp1_jq3zVo,0e36be8a4759a2b772d5d1ff074e7ef39db08205b84dc00afd986993fb5f80ec,"mines geely cuman tidak ada pabrik di indonesia,ngeri ngeri sedap seperti datsun padahal dia punnya LCGC dimana persyaratan pada saat itu tidak mudah akan tetapi gulung tikar,",4,2026-04-01T18:27:52Z,2026-04-01T18:27:52Z,2026-09-19T00:23:14.379690+00:00
UgyrXU7M8_ogctu-MTJ4AaABAg,BFp1_jq3zVo,cc8f9a088aec8ca064ae81c18c55ba543c6dfa24b152961d0f732d298998b985,Pengalaman selama 3 minggu ini pake ex2 memang enak bener. Suspensi nya nyaman sat set...,3,2026-03-31T13:41:56Z,2026-03-31T13:41:56Z,2026-09-19T00:23:14.379690+00:00
UgwK9-ZF_exij-oCgzh4AaABAg,BFp1_jq3zVo,7a3afaaaebf90376bbc726cb790d2c0304b9a8cecaf3eb38e15af12170a5a6e8,"Bentuknya bagus sesuai selera saya, Retro Classic , daripada Atto 1 terlalu Racing

🥰",0,2026-03-31T23:04:25Z,2026-03-31T23:04:25Z,2026-09-19T00:23:14.379690+00:00
UgzR2UAF72kpQ9McUwF4AaABAg,BFp1_jq3zVo,9d0143c1c90e4724b014ee1410d8e997ea32eac7bac6ffced5bf80bb51dda0a4,J5 standar ghoib. Gak ada barangnya,0,2026-04-02T15:52:34Z,2026-04-02T15:52:34Z,2026-09-19T00:23:14.379690+00:00
UgyYuPj4U16EEVPq7cR4AaABAg,BFp1_jq3zVo,eebbae6660dc3517898231e29f17b06151bbec364edb2db8d99cb250c4b4a655,"Dari video ini baru tahu kalo Geely EX2 versi yg terbaru utk market Indonesia suspensi nya dikerasin. EX2 saya kayanya dapat yg pre production kaya di China. Memang agak sedikit melayang terutama yg belakang, kalau bisa di setting lebih keras dikitt aja lebih enak buat jalanan di Indonesia.",1,2026-04-02T12:48:04Z,2026-04-02T12:48:04Z,2026-09-19T00:23:14.379690+00:00
UgyntkZ8ituj8AOTYoZ4AaABAg,BFp1_jq3zVo,0e9a5e8f38b410e235568b004b1c26444269df0e6d0e8fd46abe866768a6bf11,"Atto1 aja udah enak worth, tp geely ini lebih enak & worth dr itu.
udah nyobain kekurangan yg mayan signifikan sih cuma jok belakang keras & tegak..
Untuk brand ini ada potensi lebih baik dr byd lho, krn di china scr penjualan udah geely yg unggul",1,2026-04-02T14:33:29Z,2026-04-02T14:33:55Z,2026-09-19T00:23:14.379690+00:00
UgzcYgNxDmAnL5tEnQ94AaABAg,BFp1_jq3zVo,6b32059191048e813366f3374b2364dd9daa978a581d7d2e9da7dd31aa599cd3,"Geely kalau niat jual mobil di indo, coba dealernya dibanyakin, kedua mobilnya inden 😂 lha takut g laku jgn jualan di indo lah😂 g bs beri kepastian mbl dtg kapan😂",8,2026-04-02T07:14:29Z,2026-04-02T07:14:29Z,2026-09-19T00:23:14.379690+00:00
UgwJSNPA-9pkOlQAk194AaABAg,BFp1_jq3zVo,55654754cfdc49951b230aff8bf7f33d0f30b93ac122bc12bdf25ae5dfe21bda,"Jok ngga ada warna yang gelap,",0,2026-04-01T07:56:28Z,2026-04-01T07:56:28Z,2026-09-19T00:23:14.379690+00:00
UgxiIqaD8gyiXWJsrXV4AaABAg,BFp1_jq3zVo,0d0bf864601f278da8d1a1a4e6dffd07e6ea0298a362970e8395993b5da49c42,saya sih sedikit aja...semenjak pake EX2 sudah mau 2bulan..mobil ice saya jd ga pernah dipake lg....,1,2026-04-01T08:58:49Z,2026-04-01T08:58:49Z,2026-09-19T00:23:14.379690+00:00
UgzmoLDTzCpcoJdEj-F4AaABAg,BFp1_jq3zVo,d8b428c93d80b0cdf04b15533dc464d010e6af981ace6678d250ecdac4d9d369,"Saya Sudah SPK dan bayar setengahnya sejak IIMS 6 Feb 2026 kemarin, tapi sampai sekarang tgl 31 Maret belum ada kejelasan kapan unitnya akan dikirim 😔😔😔
Tambahan salah satu yg bikin saya tertarik dgn mobil EV ini selain semua keunggulannya yg dijelaskan oleh para reviewer otomotif dan pengguna, adalah free wall charger dan saya sudah pasang grounding serta siapkan tempat di garasi tapi unit belum juga jelas kapan datangnya 😢😢",2,2026-03-31T15:10:43Z,2026-03-31T15:10:43Z,2026-09-19T00:23:14.379690+00:00
UgwAR65MZLmeNPA2wdt4AaABAg,BFp1_jq3zVo,996723425f6cc0e4a083d9dd564714200f526d5adaca49829c5429a9cac283f2,"update firmware terbaru udh ada android auto dan acp bang..... Menurut saya yg kurang itu parkir netral yg belum bisa, tdk bs parkir paralel. Selain itu, garansi elektronik yang belum jelas, masa ga bisa nambah speaker buat pintu belakang tanpa merusak garansi?",4,2026-03-31T17:55:22Z,2026-03-31T17:55:22Z,2026-09-19T00:23:14.379690+00:00
UgzsHukugpg2Dg9vA414AaABAg,BFp1_jq3zVo,161c44cb1193f190ff0c259db5619a2a65060cd1005711ec7aa784cf1d1b8909,"Saya suka mobil ini dibanding atto 1, cuma ada bbrp kekurangan minor & agak penting yg harusnya ada tpi di mobil ini gak ada. Gak lengkap kekurangannya yg direview si kriwul ini. Spion retract gak ada, headrest tengah blkg gak ada, lampu cermin visor gak ada, lampu bagasi gak ada, wireless charger gak ada (penting gak penting tpi byd atto 1 ada), auto rain sensing wiper (uda auto headlight, nanggung klo gak auto wiper), colokan adaptor 5v, cover kolong motor listrik blkg (sangat penting utk melindungi motor listrik dari krikil, batu ataupun mentok saat di poldur / jalan rusak). Harusnya kau sbg reviewer bisa lebih lengkap dong bahasnya dripada aku yg hny penonton spy lebih informatif. Ya gak wul kriwul 😅😂",0,2026-06-28T20:41:03Z,2026-06-28T20:41:03Z,2026-09-19T00:23:14.379690+00:00
UgzUYfV9_GjqyhLwogp4AaABAg,BFp1_jq3zVo,b353c08052620fcad320ff77d42a8d9d8593210e271cd3ac876241162cc98b4f,J5 dengan harga mirip dan performa lbh bagus,1,2026-03-31T12:16:28Z,2026-03-31T12:16:28Z,2026-09-19T00:23:14.379690+00:00
UgxXNA0ZzP__ok3gqjx4AaABAg,BFp1_jq3zVo,9d0143c1c90e4724b014ee1410d8e997ea32eac7bac6ffced5bf80bb51dda0a4,Speaker belakang gak ada. Deal breaker,1,2026-04-02T16:20:24Z,2026-04-02T16:20:24Z,2026-09-19T00:23:14.379690+00:00
UgzNKTufLF-LVa6ctoZ4AaABAg,BFp1_jq3zVo,592f47f3938295dd49fe68d57ec01e24b7579dd049638f3e377f012af24172ef,"Nek sampeyan Sik review, malessss nontone .sory",0,2026-04-03T12:46:15Z,2026-04-03T12:46:15Z,2026-09-19T00:23:14.379690+00:00
UgyG-uWrwlHU499wn2h4AaABAg,BFp1_jq3zVo,3acef667b54c347ea607ad9ab4b1ca5ae170b2715d6dcccf4236885e16e8e857,omong belibet,1,2026-04-01T00:01:19Z,2026-04-01T00:01:19Z,2026-09-19T00:23:14.379690+00:00
Ugxhn2lXEgftmGKWUAt4AaABAg,BFp1_jq3zVo,c3950409989dc021ca4888e2dd1980773b04b09b7d8a779f4dd2a3e81e61ebee,Sama aion ut fun to drivenya enakan  mana???,0,2026-04-01T01:29:20Z,2026-04-01T01:29:20Z,2026-09-19T00:23:14.379690+00:00
Ugwvvtc7fkYKXR9CFQB4AaABAg,BFp1_jq3zVo,3032fda998cd21c574b82a83e95af92525d7a1e03f3da40cc8ace9603a3651fa,"Gak jelas barangnya kapan dateng, harganya juga Dr iims sama aja. Saran sih gak usah terburu2 beli, ada beberapa competitor datang kaya chery",1,2026-03-31T15:59:15Z,2026-03-31T15:59:15Z,2026-09-19T00:23:14.379690+00:00
Ugxl2UV2p-fy9VjskpN4AaABAg,BFp1_jq3zVo,452cc36edb96c9a7e2c88f975cce114dbb6474f67322a6bb3f6824f4d0f00645,"RWD, tenaganya lumayan, jarak-tempuhnya lumayan, ground-clearance-nya lumayan, kemampuan pengisian dayanya lumayan, ATAPNYA BUKAN PANORAMIC SUNROOF/MOONROOF dan ada rear defogger.

Sayangnya, interiornya ada putih-putihnya dan ngga ada wiper kaca belakang.",0,2026-04-01T02:14:03Z,2026-04-01T02:14:03Z,2026-09-19T00:23:14.379690+00:00
UgwofEoC7fu7ZbsCl-F4AaABAg,BFp1_jq3zVo,2faaeded71a502c993a0b51cf64bc79a9726a8418a31121c66fd92328fe58a67,Secondnya 1 tahun berapa duit ya nih mobil,0,2026-03-31T14:27:31Z,2026-03-31T14:27:31Z,2026-09-19T00:23:14.379690+00:00
UgyOxvi3QljnHNci8jh4AaABAg,BFp1_jq3zVo,39285870bd164ba262966492360b5433eca079857f46c30b0bdeda5a2ca82200,Masih enak Aion ut dengan harga selisih sedikit,0,2026-04-01T04:57:18Z,2026-04-01T04:57:18Z,2026-09-19T00:23:14.379690+00:00
UgyU7ZVhKD8PAJkGNFx4AaABAg,BFp1_jq3zVo,ae14f67cca166fbe27d4c00a8cad721b6e0265391b15b134eb048b6acc76f45b,"Atto 1 jauh lebih keren modelnya, ini model retro, sorry gua gak suka !!",0,2026-04-11T00:47:58Z,2026-04-11T00:48:41Z,2026-09-19T00:23:14.379690+00:00
UgwQxXqrYEtL2IAESGV4AaABAg,BFp1_jq3zVo,ab3548110a5fe503b698082f6f492d0e2a9ebf827333a788c9e20610f3be6d82,"Modelnua jlek bgusan atto1, garasi sy muatnya atto, byd lbh byk dealernya",1,2026-03-31T15:26:51Z,2026-03-31T15:26:51Z,2026-09-19T00:23:14.379690+00:00
UgxnVXcT9Usk2scwsVZ4AaABAg,BFp1_jq3zVo,cb28f3874da80b7853b2b0d7698bc712e2524abeb6ec0963c074636cab7f751f,"Bukan bung FE, skip.",0,2026-04-03T03:24:43Z,2026-04-03T03:24:43Z,2026-09-19T00:23:14.379690+00:00
Ugy5rEvrel6YBfS6pHB4AaABAg,BFp1_jq3zVo,15244392b07395264cd482b7d1a17d02c4dfbabce1b214b30fa2d549a524f816,"Mas maaf neeh, tolong pas ngomong diatur nafasnya ia karna kadang terdengar seperti menggumam dan tolong santai aja jelasinnya.. maaf loch, soalnya klo pas voice over tuh lebih enak semua jelas dan ngga terkesan ngap-ngap.. pokoknya cuman masalah jam terbang aja sih yg pasti semangat Mase...",1,2026-04-05T05:43:13Z,2026-04-05T05:43:30Z,2026-09-19T00:23:14.379690+00:00
UgxBOHter9BY2-WtXMV4AaABAg,BFp1_jq3zVo,ce41ace3c60b8a4dfeaaa8b2102f8c2dbd5fe1af6793d7bf173cfa0050bc1a3b,"Kalo Atto 1 lebih worth it tipe yg dynamic, kalo Ex2 lebih worth it mana ya, tipe PRO atau MAX?",0,2026-03-31T14:24:40Z,2026-03-31T14:24:40Z,2026-09-19T00:23:14.379690+00:00
Ugxapb_9U5f5DlqrwSh4AaABAg,BFp1_jq3zVo,75418d3ca11111495895599e6375ad69c1e7c6fc6eebfbc22d66cbf2969cff64,"Hrg nya Uda naik? Sy dikasih
hrg 229",0,2026-04-01T06:18:00Z,2026-04-01T06:18:00Z,2026-09-19T00:23:14.379690+00:00
Ugwha5Q2LQic80_CF3d4AaABAg,BFp1_jq3zVo,e88e63826f9c1806c9f186326a72c187a4224c45d3105d67e192c1375d2ee08a,Pengen bgt EV tapi msh mikir klo dibw keluar kota yg daerah krn saya ga suka lewat tol... 😢,0,2026-03-31T19:14:54Z,2026-03-31T19:14:54Z,2026-09-19T00:23:14.379690+00:00
UgxC-ITo5XwvhDrz-dl4AaABAg,BFp1_jq3zVo,17cfe84f6f1b2257b865df908abed8a4887af2b5cf04e0a59165039ffe118e01,"kenapa juga baterainya di kolong gak dikasih cover, ya kali setiap yg beli harus pasang cover after market",0,2026-04-01T07:13:31Z,2026-04-01T07:13:31Z,2026-09-19T00:23:14.379690+00:00
UgyrK7GSPBH4uyTP7d94AaABAg,BFp1_jq3zVo,cab35fdcc391e2415d6f028d54bc6c7ef719abb09ff283675c05411a8e1d67d1,"Suami lg cari cari mobil listrik. Pilihannya Geely ex 2, BYD Atto 1, atau Jaecoo J5. Kami baru sempat test drive Atto 1. Posisi saat test drive adalah suami di kemudi dan saya di belakang. Dan baru 10 menit jalan, badan saya pegal sekaliii. Terutama bagian punggung. Lalu sebentarnya jadi bagian kaki juga. Saya coba coba perbaiki posisi tapi tetap saja pegal. Lama lama malah merasa feeling sick dan kembung. Posisi saya sangat tidak ergonomis mungkin karena kursinya berbentuk melengkung cekung, bukan datar. Apakah Geely ex 2 ini seperti itu juga? Bagaimana kenyamanan menggunakan Geely ex 2? Karena saya sangat naksir yang ini (baru lihat unit, test drive masih dijadwalkan), sedangkan suami sangat tertarik (bagi dia worth it) Jaecoo J5. Saya tidak, karena sangat besar apalagi kami sudah ada Xpander dan Innova juga. Tolong sharingnyaaa karena saya gemes bgt sama Geely ini sedangkan suami merasa bahwa Geely ex 2 terlalu girly. Hehee 😇",1,2026-04-14T10:04:59Z,2026-04-14T10:04:59Z,2026-09-19T00:23:14.380689+00:00
Ugx7VipD3pBs0jBY62R4AaABAg,BFp1_jq3zVo,237d9c5f31af97b88c07cb06dfc4263a81717aba3c01bc54bfd784b66e7c3bea,Suspensi dewasa maksudnya gimana sih? Udah banyak pengalaman hidup? Bijaksana? Pandai mencari uang?,0,2026-04-01T03:03:34Z,2026-04-01T03:03:34Z,2026-09-19T00:23:14.380689+00:00
Ugz5eBbZ-8dDIFdDaw94AaABAg,BFp1_jq3zVo,b7cd236693aaf4a1d5322d41cfcd0d706afda1fc5d757560e8865c413bc779ca,"Otak pintar penting, tapi teknik presentasi diri dan materi juga tak kalah penting. Sepertinya beliau ini masih kalah di area ini, dibanding koleganya yg lain",0,2026-03-31T12:31:00Z,2026-03-31T12:31:00Z,2026-09-19T00:23:14.380689+00:00
UgzZLHTbRR5Z_2-rXHp4AaABAg,BFp1_jq3zVo,35859975aadf9db2466c27a6b3af623f5ac0816a7c5de71fb285cdd696c3487b,"jadi kesimpulan nye ape ngeheee, ngemeng setengah jem kaga ada kesimpulan sesuai judul ente, cukimai juga",0,2026-04-19T04:16:18Z,2026-04-19T04:16:18Z,2026-09-19T00:23:14.380689+00:00
UgwFVPHAgdMxEwuhjS14AaABAg,BFp1_jq3zVo,bc552ca51c8e1570a1601193d6b06c9f2548241c26005f819c50a7d8bb715824,"oo pemegang saham terbesar geely adalah volvo cars, mobil volvo dikenal nyaman dn kokoh, kayaknya pesaing berat byd atto 1 ini.

btw secara pribadi aku lebih suka ini dripda atto 1 walaupun blum sanggup beli hehe",0,2026-04-01T14:21:03Z,2026-04-01T14:21:03Z,2026-09-19T00:23:14.380689+00:00
Ugwyg_eRACXfgUvW2hF4AaABAg,BFp1_jq3zVo,161c44cb1193f190ff0c259db5619a2a65060cd1005711ec7aa784cf1d1b8909,Dari dulu ngomong cengengesan & kumur2. Mmg gak ada perubahan yg lebih baik ni orang. Tpi mengapa masih dipertahankan?? Reviewer lain masih bnyk yg bagus walaupun bukan reviewer utama. Ada ciri khas & jelas artikulasinya. Serta tidak cengar cengir gaje spt si kriwul ini 😢😅😂,0,2026-06-28T20:18:53Z,2026-06-28T20:18:53Z,2026-09-19T00:23:14.380689+00:00
UgwjVf8Htfet4mVdKCt4AaABAg,BFp1_jq3zVo,e2087eee620b47107f14ee33ccb9d49c7b1d4f62bae3fbaf493f891170df48bb,Pengen punya tpi kgk punya duit,2,2026-03-31T12:26:03Z,2026-03-31T12:26:03Z,2026-09-19T00:23:14.380689+00:00
UgxcSlOLTz7urs-nitN4AaABAg,bC7X9DplrIc,48152975a61b26e53b8bf18b5366f267d91b7712644c60e664f29dd32609d179,"Harga Geely EX2 ini adalah Rp 229,9 juta (Pro) dan Rp 259,9 juta (Max), gimana ok nggak?",26,2026-03-04T14:59:24Z,2026-03-04T14:59:24Z,2026-09-19T00:23:14.522723+00:00
UgzGQty36VLKlYce5l94AaABAg,bC7X9DplrIc,016b42480aba5ecc0690d92bef09f1549ac841eccd78f631bfe2dd3ba8cc4930,"Harga beda tipis sama ATTO 1, TAPI soal fitur, kenyamanan, tenaga, jangkauan, suspensi, interior dan exterior BEDA JAUH sieh, mending ambil Geely EX2. Di China ini juga mobil paling laris. Battery Lifetime lagi",6,2026-07-13T19:32:34Z,2026-07-13T19:32:34Z,2026-09-19T00:23:14.522723+00:00
UgxWDzjiSHehrFCuQEt4AaABAg,bC7X9DplrIc,e926bd9dc64d837aa6f125d13c34927b8f8f93e30a7dea87d8e483a48410edaa,"Boleh juga nih Geely ex2, semoga makin banyak brand Mobil Listrik Buatan Indonesia",2,2026-03-09T05:10:12Z,2026-03-09T05:10:12Z,2026-09-19T00:23:14.522723+00:00
UgxtcL76y-cPLmPKbC14AaABAg,bC7X9DplrIc,6b5c5284471e8049bf1e6b4a7d0b95af58be914e51523d53197a9d5795943f77,"Berikut adalah rangkuman plus minusnya berdasarkan ulasan tersebut:
Kekurangan (Minus)
 * Spion Belum Auto-Retract: Spion samping masih harus dilipat secara manual menggunakan tenaga tangan, yang dirasa merepotkan terutama saat melewati gang sempit [00:53].
 * Tanpa Wiper Belakang: Tidak adanya wiper belakang menyulitkan visibilitas saat hujan atau ketika kaca kotor, karena hanya mengandalkan defogger [12:23].
 * Bagian Kolong Mesin Terbuka: Sebelumnya ada kekhawatiran karena motor listrik di bagian bawah tidak tertutup cover, sehingga riskan terkena gangguan hewan pengerat (meskipun unit di video sudah terpasang cover) [01:52].
 * Interior Warna Putih Cepat Kotor: Pada tipe tertinggi (Max), interior warna putih sangat mudah terlihat kotor dan memerlukan usaha lebih untuk membersihkannya [04:14].
 * Fitur Kursi Belakang Kurang Lengkap: Meski lega, kursi baris kedua tidak memiliki armrest tengah dan belum dilengkapi tonneau cover (penutup bagasi) sebagai standar pabrik [03:21].
 * Tanpa Wireless Charging: Fitur wireless charging yang ada pada versi China dihilangkan untuk pasar Indonesia [14:47].
Kelebihan (Plus)
 * Kenyamanan Berkendara (Suspensi): Menggunakan suspensi MacPherson di depan dan multilink di belakang, memberikan bantingan yang empuk dan nyaman namun tetap stabil saat bermanuver [10:38].
 * Visibilitas & Kamera 540 Derajat: Pandangan ke segala arah sangat luas, ditambah fitur kamera 540 derajat yang bisa ""melihat"" menembus kolong mobil untuk menghindari rintangan [05:35].
 * Radius Putar Kecil: Memiliki radius putar hanya 4,9 meter, sehingga sangat lincah untuk putar balik atau bermanuver di area sempit [06:23].
 * Sistem Hiburan & UI Canggih: Menggunakan Flyme Auto OS dengan layar 14 inci yang sangat responsif, animasinya halus, dan tidak membingungkan [13:14].
 * Intervensi ADAS yang Halus: Fitur keselamatan aktif (ADAS) bekerja secara progresif dan tidak mengagetkan pengemudi dengan pengereman mendadak yang kasar [15:21].
 * Pengisian Daya Cepat: Mendukung DC Fast Charging (CCS tipe 2) yang dapat mengisi baterai dari 20% ke 80% hanya dalam waktu sekitar 25 menit [12:29].
 * Kualitas Audio: Meskipun hanya memiliki 4 speaker, fitur spatial sound dari sistem operasinya membuat kualitas audio terdengar sangat baik [16:59].
Secara keseluruhan, Geely EX2 dinilai sebagai mobil listrik yang tidak hanya fungsional, tapi juga menawarkan kenyamanan dan teknologi yang menyenangkan untuk penggunaan dalam kota.",25,2026-03-06T00:57:38Z,2026-03-06T00:57:38Z,2026-09-19T00:23:14.522723+00:00
Ugx-7uxy_s07DdNSyzB4AaABAg,bC7X9DplrIc,0f35e906525848106518dc21a8b8a998cdb3bcbf9e7a214054053ea728759ac1,👍,2,2026-03-05T10:27:03Z,2026-03-05T10:27:03Z,2026-09-19T00:23:14.522723+00:00
UgyRceCk_mvkoh6976l4AaABAg,bC7X9DplrIc,1ad70d4bab7b7fadffaea4a224d2250c4fe05c4a17fb46a6dc9c1fbf8194432d,Di China favorit mobil ROLLS-ROYCE DAN MAYBACH.,1,2026-03-24T10:53:50Z,2026-03-24T10:53:50Z,2026-09-19T00:23:14.522723+00:00
Ugy7yp1SdFOsaJdCiOd4AaABAg,bC7X9DplrIc,8016cd062e850da627ba5efa7d92dad2873ee3ea0d4b95182a95b2941200f8e6,"Dengan hadirnya J5 gue kira pasar mobil listrik bakal seru, ternyata masih sama kayak ICE, dibawah 400juta banyaak bener sunatnya ya walaupun beberapa fitur juga berasa di mobil mewah tapi tetep aja sih menurut gue cuma batere yang bikin mahal (plus pajak sialan). Kemaren jajal EX5 gak ada obat enak banget, tapi tetep aja ada sunatannya . padahal udah 480jt harganya .. menang lifetime battery warranty aja. Konoha emang gak ada obat.",2,2026-03-29T01:06:50Z,2026-03-29T01:06:50Z,2026-09-19T00:23:14.522723+00:00
UgyWGx3XcHilvuzd2KZ4AaABAg,bC7X9DplrIc,6c41aa7140381c72bcdcb4046ae5a480e658ab5c22e87d6b5d7f807c79a45845,"Seandainya kebeli ni mobil, hal yang pertama kali gue ganti adalah velg nya. Velgnya cupu 😢",1,2026-03-09T13:48:38Z,2026-03-09T13:48:38Z,2026-09-19T00:23:14.522723+00:00
UgxHuXsxAjMFQBHOudF4AaABAg,bC7X9DplrIc,c689089d75445e58bdadd55ce87815396167ec8d27a683a3ea28c53340fe960e,Kirain mau ngedrift beneran kyk fast furious,1,2026-03-05T14:27:47Z,2026-03-05T14:27:47Z,2026-09-19T00:23:14.522723+00:00
Ugy2qRkU0zMnHjWCLEh4AaABAg,bC7X9DplrIc,681c4059aaff485c762b83ba14ad2e0497958abe187c132d81b98770923dfb38,Tipe terendahnya seharga brio satya E cvt,1,2026-03-31T05:18:34Z,2026-03-31T05:18:34Z,2026-09-19T00:23:14.522723+00:00
UgyrO1O59-0OLYqSg954AaABAg,bC7X9DplrIc,1df02e9a4e2767088d323565b2a2a218cd992d1e490ab7ce8f90659da65ddeae,Dan di April 2026 ada kemungkinan akan terlihat antrian panjang bbm,1,2026-03-07T06:08:58Z,2026-03-07T06:09:29Z,2026-09-19T00:23:14.522723+00:00
UgySTC8qUX87Ap-QcGZ4AaABAg,bC7X9DplrIc,b353c08052620fcad320ff77d42a8d9d8593210e271cd3ac876241162cc98b4f,Terlaris ada waktunya. Klo lewat dari waktunya sptny amomentumnya keburu hilang. Bukti nyata atto 1 vs j5 yg katanya j5 laris manis tapi nyatanya atto 1 yg berhasil membukukan penjualan terbnyk. Yg lain brngnya msh susah,1,2026-03-05T06:38:24Z,2026-03-05T06:38:24Z,2026-09-19T00:23:14.522723+00:00
Ugx4Lsg-9HUgCg8LYbB4AaABAg,bC7X9DplrIc,147c597ae0a5e77ab3b1b257c5b20c5209c3191e4591d8fcb2929f9aad510492,Kalau 220jt good deal sih ini !,1,2026-03-29T05:01:51Z,2026-03-29T05:01:51Z,2026-09-19T00:23:14.522723+00:00
UgzYr5dnRcejztPPztB4AaABAg,bC7X9DplrIc,093d1701e0c9727114ab915727f085fe9a71a0dc0c8de063066c5a15791de1e2,Ndak ada soket lighter 12 volt...,2,2026-03-05T09:05:04Z,2026-03-05T09:05:04Z,2026-09-19T00:23:14.522723+00:00
UgxlbMNFeXFaUDJlnal4AaABAg,bC7X9DplrIc,dac5386c35848ff775427658e151455175bec17a51c7e6ad495249662b9acc5c,Hadeuh belum ada spion auto retractnya...,2,2026-03-14T03:53:40Z,2026-03-14T03:53:40Z,2026-09-19T00:23:14.522723+00:00
UgzTufEkpc101BntBa14AaABAg,bC7X9DplrIc,9282bb87c5693ec80bfe6e4183a591a9c9ed2ba854b00a459f3ac4815c0f14a4,Duh jadi pengen nuker atto 1 premium sama ex 2 max krn adas nya,0,2026-05-24T03:25:35Z,2026-05-24T03:25:35Z,2026-09-19T00:23:14.522723+00:00
Ugzs2UrzQn-jJtgiMAl4AaABAg,bC7X9DplrIc,2be3d9309d97e69f33cf5b1117535d14f9054552e2073d9780e82c17353054a3,"Kemarin aja baru handover 5.000 unit, setelah handover 5.000 unit di batch 1 katanya bulan depan handover lagi apakah nanti yang dapet bulan April jumlahnya bakalan lebih banyak dari 5.000 unit itu 🤔",1,2026-03-04T15:17:37Z,2026-03-04T15:20:11Z,2026-09-19T00:23:14.522723+00:00
UgwOu9EImASCUrfDXdh4AaABAg,bC7X9DplrIc,5c351a263219b23b338566c85cfcc7e183321c7002f79f7d2391eb45bdad20e3,"Spare partnya apa tersedia?, dealernya msh minim  diluar jkt .....repot nti..",2,2026-03-05T10:07:11Z,2026-03-05T10:07:11Z,2026-09-19T00:23:14.522723+00:00
UgwGJpc7UJhFPJUS_9p4AaABAg,bC7X9DplrIc,0aa59f9ed4916472848871431a28d9264de0b881a78cce8f31184b1b110382a8,"Cover kolong itu harusnya kan bukan jadi part tambahan, tp harusnya udah jadi part yg wajib ada ketika mobil dibeli...ada2 aja pake disunat segala...😅",11,2026-03-25T05:42:33Z,2026-03-25T05:42:33Z,2026-09-19T00:23:14.522723+00:00
UgwNGasIncYMcCnYy7J4AaABAg,bC7X9DplrIc,4a2ffaf53295e9af2f646b71f0c743ef98bf96e220bd89c86ce3605da4d09cab,"Geely EX2 yg dikirim ke konsumen tidak ada tutup kolongnya, sehingga motor penggerak dan kabel2 listriknya bisa dilihat dari bawah. Rawan kena cipratan kotoran/batu dari jalanan, atau gigitan tikus (seperti yg dijelaskan di video review).
Penutup kolong itu sparepart standar untuk fungsi dan keamanan kendaraan, bukan fitur2 yg bisa disunat sembarangan.",8,2026-03-08T23:52:56Z,2026-03-08T23:52:56Z,2026-09-19T00:23:14.522723+00:00
UgzJTn9buMNbKQVOkJZ4AaABAg,bC7X9DplrIc,960f36b6a42836a17dd0ff82f87f58ea569bcd7b169ec64669abdf8fb6cb7173,"selain Mirror, dan minus wiper ada juga terkait keyless yang tidak ada di sisi pintu penumpang..",10,2026-03-05T00:29:14Z,2026-03-05T00:29:14Z,2026-09-19T00:23:14.522723+00:00
UgyPkP9-JSsP8BrZPwp4AaABAg,bC7X9DplrIc,a92c6be085528bbe1d330de2a5a6956662070b01c43618284bb7bcf3c2a36131,"Secara spek sih juara, tapi spare part fast moving dan service center nya banyak kah, terutama di kota2 besar",2,2026-03-13T05:34:22Z,2026-03-13T05:34:22Z,2026-09-19T00:23:14.522723+00:00
UgzrvToe3YbpohGPU8R4AaABAg,bC7X9DplrIc,c213ff8cf2f071c730f8e4e860a8b9669556b0d926c3bbf780c6ed0fca68898c,"Cover battery bawah itu aksesoris yg di jual terpisah, harganya 2.520.000 ya guys",14,2026-03-12T19:55:32Z,2026-03-12T19:55:32Z,2026-09-19T00:23:14.522723+00:00
UgzF6okHwNReJxACbrZ4AaABAg,bC7X9DplrIc,faec40fa85e2261fae82b3add4e2b8af4de4469f349945a4b249d5caf1dff9c9,Ada info2 warranty nya ga Mas?,1,2026-04-13T05:10:55Z,2026-04-13T05:10:55Z,2026-09-19T00:23:14.522723+00:00
UgxteC-_AZ65ZIkH1Kp4AaABAg,bC7X9DplrIc,c3950409989dc021ca4888e2dd1980773b04b09b7d8a779f4dd2a3e81e61ebee,"padahal di china lebih murah dari atto 1, kenapa disini lebih mahal dan jauh lagi beda harganya",0,2026-04-06T18:10:30Z,2026-04-06T18:10:30Z,2026-09-19T00:23:14.522723+00:00
UgycWFWFHNRCaDHqbud4AaABAg,bC7X9DplrIc,cb1b87655539522a62f6160eedf7f9b067ab445c4f3d910f8bb523329bd131ce,"Satu lagi minusnya, katanya belum bisa parkir pararel",0,2026-04-04T09:24:24Z,2026-04-12T10:12:53Z,2026-09-19T00:23:14.522723+00:00
Ugx6dEpLogiOruMx_Bp4AaABAg,bC7X9DplrIc,ad3e53ea71423104791d5da5ad65b0ee2f273a239b120fd38735920c7b2fbb40,"seenak-enaknya mobil harus liat pabrikannya, saya liat geely belum serius jualan di indonesia, terbukti dari delivery yang tidak merata, saya spk januari sampai sekarang tidak jelas kapan ada unit, sales sudah tidk respon, email ke customer care Geely Auto Indonesia malah lempar ke dealer, tidak ada solusi sampai sekarang",0,2026-04-13T02:56:05Z,2026-04-13T02:56:05Z,2026-09-19T00:23:14.522723+00:00
UgyG7EZ1p3dZnzN0ZqZ4AaABAg,bC7X9DplrIc,a2542607b6666c362b79f9fc36bed487ca4c8a0c1a2f1e470d3579c87b9b9e93,batre nya gimana garansi 8 tahun?,2,2026-03-23T19:53:00Z,2026-03-23T19:53:00Z,2026-09-19T00:23:14.522723+00:00
UgwduHiO4ATLUy2c3WN4AaABAg,bC7X9DplrIc,710a68afb0f1d00e039f084385cb3a2ee1f1ec051eb4bd78e58b81d1903fe980,"kemaren nanya bang ke sales geely, tutupnya tambahan asesoris alias harus beli sendiri",1,2026-03-26T10:42:58Z,2026-03-26T10:42:58Z,2026-09-19T00:23:14.522723+00:00
UgysKdaVsExr8WJFbWd4AaABAg,bC7X9DplrIc,b260c21491adb94f3eef6db38f1b709f54080398e348f6fea537433a436cfa90,Kembaran nya Dari Geely HX2 jika di Luar negeri saja walaupun bedanya sudah menggunakan mesin PHEV 🤯,2,2026-03-04T15:37:11Z,2026-03-04T15:37:11Z,2026-09-19T00:23:14.522723+00:00
UgxNWO7JjjXj_Ha-qy14AaABAg,bC7X9DplrIc,7f17613b379107b0e8b84dacc92a6fc494240eaad8adc5db29c510f43d6fb473,"minusnyaa...selera org indo design nya lebih ke sporty atau tegas, kalau unyu begini sepertinya kurang diminati , dibandingkan dengan BYD. Terbukti hasil penjualan di awal peluncuran.. yah balik lagi ke  seleraa",0,2026-04-11T12:30:52Z,2026-04-11T12:30:52Z,2026-09-19T00:23:14.522723+00:00
Ugwlmw_N0Y3mvYcHXPR4AaABAg,bC7X9DplrIc,9ae6d99261c72ec08b37db6ad4ce4cfcb2d353b709aa2d49738b17ecaaadf8d6,"Kalo cuma masalah lipet spion elektrik boleh ke tukang modif variasi aja ga? Ngegugurin garansi ga? 😏😁
Paling sebel alesan paling gampang ke konsumen tuh kalo bilang ""modif"" = ""garansi angus"" 🤪😆",2,2026-03-05T05:04:24Z,2026-03-05T05:04:24Z,2026-09-19T00:23:14.522723+00:00
UgwpMpFt9yjauJc9mHV4AaABAg,bC7X9DplrIc,f9faf09a0c85ed122b89d897f90e7351fc018cc4011ec453e0bc89718508c114,jok pocong di 2026 adalah sebuah penghinaan.,1,2026-04-24T21:16:50Z,2026-04-24T21:16:50Z,2026-09-19T00:23:14.522723+00:00
UgxAyrR-w35qOTxglNF4AaABAg,bC7X9DplrIc,1bc6d58a2dbab62273aac59d6658a771600728f481bd17c78f6d61128cfbe519,redam kebisingan di jln tol gmn bg?,0,2026-05-22T09:50:33Z,2026-05-22T09:50:33Z,2026-09-19T00:23:14.522723+00:00
UgydOBKMzoKJwLQozhp4AaABAg,bC7X9DplrIc,aa3519f7a614639e746a8596015e04bdb050588cef783351300fd00edf808910,Mobil geely ini buat lari 120km/jam buat di toll selama ±10-12jam kuat kah,0,2026-04-15T04:15:55Z,2026-04-15T04:15:55Z,2026-09-19T00:23:14.522723+00:00
UgyTdBof4Y6ALsJASvR4AaABAg,bC7X9DplrIc,f811cd23aea5c885857579d473741a3ed402a2e9a7fe2ee7d4e981fe34234ce7,Selain hujan banyak 🐀🐀 mutant,1,2026-03-04T23:49:18Z,2026-03-04T23:49:18Z,2026-09-19T00:23:14.522723+00:00
UgxabN86Swc0X01uSi94AaABAg,bC7X9DplrIc,4109bca6298fbc3f32a5a13a83b294058512a00d254094c603d81f0a7040682f,Mobil kecil itu napin pemisah yg ditengah segede gaban.. Ngga guna 😂 bikin sempit,1,2026-03-27T11:17:07Z,2026-03-27T11:17:07Z,2026-09-19T00:23:14.522723+00:00
Ugy9lvhyttWWWy2WSdB4AaABAg,bC7X9DplrIc,0979f3235e3952bbc60f8198b324017e2e3ff427434d959720d08c961ee27cc3,"Minus terbesarnya pakai battery Gotion lokal yg sdh sering dikomplain drop setelah pemakaian setahunan di mobil2 EV air ev, vf3 dan neta yg pakai battery sama. Kenapa sih EX2 ngak pakai battery Short blade CATL spt di China, padahal harga EX2 di indo sdh lebih mahal khan drpd Atto 1 (di China Atto 1 lebih mahal drpd EX2).",0,2026-06-18T02:15:25Z,2026-06-18T02:16:36Z,2026-09-19T00:23:14.522723+00:00
UgxyHvw_Ok2pvrMxlhF4AaABAg,bC7X9DplrIc,0f3e67823b3a28ebe62cd2a0386933c6880249e230adeed0cd417d8d5983a278,"Baguusss siy.... Tp tetangga sukany seven siter kuno, fitur sunatan, en erwedeh",2,2026-03-05T08:44:10Z,2026-03-05T08:44:10Z,2026-09-19T00:23:14.522723+00:00
UgydyY9mtebO3gK2x8Z4AaABAg,bC7X9DplrIc,3dd57a4669eeb7253ac89caed1a96ff02ae191cf4130691b654982f19e14eb51,"SPKLU Terbesar, tp penuh. Sangat menggambarkan kondisi penggunaan EV saat ini..",3,2026-03-04T21:13:26Z,2026-03-04T21:13:26Z,2026-09-19T00:23:14.522723+00:00
UgwQdVweRtQXGaXZKZ94AaABAg,bC7X9DplrIc,35bba60cf43ea89055eb8b4dae36318e5a8a8312c2a21cec746e7967e453f75a,anehhh bgt ni merk,1,2026-03-04T17:58:38Z,2026-03-04T17:58:38Z,2026-09-19T00:23:14.522723+00:00
UgymoQ-OnHfPEXDoxuB4AaABAg,bC7X9DplrIc,3ef2082c9b7817d33067ec98b1637771d02c146cb0a7e7baee12fa607c541b4d,"Tikus curut namanya..yg suka makan kabel2,pakaian..semprot aja kolong mobil pakai Baygon apa hit..berdasarkan pengalaman..LC kami kabel2nya pernah di makan tikus..anjuran mekanik toyotanya..manjur..sampai saat ini garage sdh aman dari gerombolan tikus curut",3,2026-03-15T06:36:47Z,2026-03-15T06:36:47Z,2026-09-19T00:23:14.522723+00:00
Ugxr7sAzTG12Zejah994AaABAg,bC7X9DplrIc,31d3f95830a6e5f261d316b34eff5fa6e0de0eddca569fb14d7c87e587408d7b,"Versi Thailand, Vietnam, Malaysia dan Australia pake sipon listrik, bagasi listrik, HP wireless charging. Versi Indonesia tidak 😭😭😭",16,2026-03-31T00:52:19Z,2026-03-31T00:52:19Z,2026-09-19T00:23:14.522723+00:00
UgyaM6rc9V3uhvyu6Ix4AaABAg,bC7X9DplrIc,161c44cb1193f190ff0c259db5619a2a65060cd1005711ec7aa784cf1d1b8909,Tulisan miring di mobil test drive itu. Saya kmrn liat di pameran gara2 abis nonton video ini gak miring kok hahaha. Gak bener itu yg masang lagi miring kepalanya 😅😂,0,2026-06-12T10:20:03Z,2026-06-12T10:20:03Z,2026-09-19T00:23:14.522723+00:00
Ugw78SYyQ3YjiIsbDoZ4AaABAg,bC7X9DplrIc,c8b5d97a87513c208d788f02dbc78881ec2893ca727f0e7e6dfa28715e78b04b,"Gak usah bingung kenapa laris di China. Di sana harganya dirupiahkan 150juta. Sedangkan kalau dipakai perbandingan gaji rata2, mobil ini ibarat harga 60 jutaan bagi warga China.",19,2026-03-04T15:39:29Z,2026-03-04T15:39:29Z,2026-09-19T00:23:14.522723+00:00
UgxnSZxUTHg-pw7SfXN4AaABAg,bC7X9DplrIc,cd7aba88b9279c17919be940c947eeaec81cfeb74cab17b2289254c1794929f9,"2:33 rill banget nih temen ane punya MG MX4, kabel sering digigitin tikus dan kalo udah rusak mesti nginep di bengkel sebulan karena sparepart nya jarang",16,2026-03-04T16:52:29Z,2026-03-04T16:52:29Z,2026-09-19T00:23:14.522723+00:00
Ugzw143U9cJNf8TLljN4AaABAg,bC7X9DplrIc,61dc2bca3de47ef31423702431be1d91579fd8af13279d2ea92ec64206358701,Sukanya mobil listrik harga barunya semakin menggiurkan gara2 perang teknologi mobil listrik dan promo2 baru tiap brand,5,2026-03-04T15:21:38Z,2026-03-04T15:21:38Z,2026-09-19T00:23:14.522723+00:00
Ugw7W4Y_3mgttG4reuB4AaABAg,bC7X9DplrIc,2bfcc0b1f40473dcb049880c5938eadf11df6f8bc88734c204f3bd998a2da914,😎,1,2026-03-05T04:08:29Z,2026-03-05T04:08:29Z,2026-09-19T00:23:14.522723+00:00
UgzMyRAZ0qu5ilb2yKx4AaABAg,bC7X9DplrIc,35a111824aca8cb3e211092fa2153d8a28ac777b935473b2a124dde91090247b,"to be honest lah, cuma byd dan wuling aja merk EV yang laris di Indo, selain dari itu gaakan laris walau spek sebagus apapun karena BRAND mereka semua masih lemah",3,2026-03-08T05:35:20Z,2026-03-08T05:35:20Z,2026-09-19T00:23:14.522723+00:00
UgyRvboxm9TINEqVuCZ4AaABAg,bC7X9DplrIc,0e36be8a4759a2b772d5d1ff074e7ef39db08205b84dc00afd986993fb5f80ec,"minusnya belum ada pabrik mandiri,ngeri"" sedap",6,2026-03-04T19:18:28Z,2026-03-04T19:18:28Z,2026-09-19T00:23:14.522723+00:00
UgwOhwJt8TWTTwGfv3N4AaABAg,bC7X9DplrIc,187ecde156eeb38bfd75b1ac1a042c8348c9badde89c7cc77be55d89df8d7d0d,"Ini mah keluyuran di BSD dan Serpong, hehehe....",0,2026-04-17T01:36:50Z,2026-04-17T01:36:50Z,2026-09-19T00:23:14.522723+00:00
UgwfE7ZBbvf1B1J9J2h4AaABAg,bC7X9DplrIc,a7de6631dcc899f9ed5bebd1aec7bc921d83814fdc42f24276a7994e5ef3c0b2,Minusnya buka PO desember sampai hari ini blm terima unitnya,34,2026-03-04T15:27:35Z,2026-03-04T15:27:35Z,2026-09-19T00:23:14.522723+00:00
UgycYKmY1Gqd8T7kCwl4AaABAg,bC7X9DplrIc,24261c17f922e502d7837ffb24fd2a69f634d085b8cd88b1ca1d1dbe183425ec,Para Owners EX2 ada yang punya masalah noise frekuensi tinggi seperti saya? (video di cenel),10,2026-03-06T08:30:18Z,2026-03-06T08:30:18Z,2026-09-19T00:23:14.522723+00:00
Ugwq1kJAl1n9oxZo-0t4AaABAg,bC7X9DplrIc,a4653e00ad0bdc68b12cb84e803597187158e473745a0274f4c11ac38fbb2e19,Yg di jual masal dan yg udah di terima konsumen tidak ada cover bawah nya..jadi ngeri2 sedap,3,2026-03-04T20:59:13Z,2026-03-04T20:59:13Z,2026-09-19T00:23:14.522723+00:00
UgyfQdWkktuQiWyWfSB4AaABAg,bC7X9DplrIc,c18bcb68c6ccaa2f7eea8ba727e31f594b299e85a4464881dd9bee5d77bde5c7,"Dek kolong
Android auto / apple carplay

BIG MINUS NYA NIH 
sisanya mah ok lah",1,2026-03-16T01:05:59Z,2026-03-16T01:05:59Z,2026-09-19T00:23:14.522723+00:00
UgzM__SlIEUSBiUU_xV4AaABAg,bC7X9DplrIc,e88e63826f9c1806c9f186326a72c187a4224c45d3105d67e192c1375d2ee08a,Di Solo gada dealernya... 😢,3,2026-03-04T19:39:15Z,2026-03-04T19:39:15Z,2026-09-19T00:23:14.522723+00:00
Ugw4q0wL4MEZ2sNHlhR4AaABAg,bC7X9DplrIc,2f6ab907b88d3df0625c765866e8254640d2187263d66ecbe108511b5cac5ba5,"Pernah cek ketebalan bodinya, Geely EX2 tebelnyooo.....

Tapi saya sih pasti lebih pilih atto 1. Selain pabriknya ada di Indonesia, dealer/service center nya juga ada dimana-mana. Dan satu lagi yang bikin saya agak trauma beli Geely itu pas dulu punya Geely Panda cari sparepart orinya pusing 7 keliling. Tapi ya untungnya ada sparepart yang mirip dari merek sebelah jadi masih bisa masuk lah walau gk plek ketiplek 100% sama.",2,2026-03-05T05:54:06Z,2026-03-05T05:54:06Z,2026-09-19T00:23:14.522723+00:00
UgzL6aEPjQb3l84AxbR4AaABAg,bC7X9DplrIc,5a2fc4848202a9effac694d7b4825e3ecdfdc681fc0e3b943346989c1325f9cc,Kok bisa ya ada kamera 540 tapi gak bisa retractable mirror?,28,2026-03-04T16:05:12Z,2026-03-04T16:05:12Z,2026-09-19T00:23:14.522723+00:00
UgyCxVyBpS9as9Mh-sl4AaABAg,bC7X9DplrIc,8aba671478d4c342a9269cfe0e33ce38042b3e2d564ba5527b5d068274ea6bd9,🫶🫴🩵🩷,1,2026-03-06T08:21:00Z,2026-03-06T08:21:00Z,2026-09-19T00:23:14.522723+00:00
UgyaZeUo19-OV0FES1h4AaABAg,bC7X9DplrIc,1ad18cdca0d057909ceb8b587d50d3c958f67e2674245db370491e2ba725e3e8,"@geely indo jgn ketularan pabrikan pabrikan jpn , fitur segala di sunat",0,2026-03-04T23:53:43Z,2026-03-04T23:53:43Z,2026-09-19T00:23:14.522723+00:00
UgxUTfyJNCKnZjOdusp4AaABAg,bC7X9DplrIc,54289342a4f6558b765a75862acd8a9fc181e5a3aafb5c8f6e29adf6e97f9045,"Dealer nya aja dulu banyakin tiap kota, kalo kenapa napa biar ga kejauhan kalo mau servis",1,2026-04-05T10:40:25Z,2026-04-05T10:40:25Z,2026-09-19T00:23:14.522723+00:00
UgxcHvKMeLBS3e2IwAt4AaABAg,bC7X9DplrIc,f0b8417d952fc74b04abe1308a601ce382c73cf10b1d9309ca161ef27af06844,"Pabrikan ya mikir apa sih ya,ngembangin suspensi ampe puluhan miliar,tpi modal arm rest paling cuma 500rb ga bisa😂..",1,2026-03-14T02:54:04Z,2026-03-14T02:54:04Z,2026-09-19T00:23:14.522723+00:00
Ugzh4DMzPM9LcJ9PuHt4AaABAg,bC7X9DplrIc,8a62942e9c2e7a65173bcb39679619ceb3396573903b60033cd3bbc2bb748ceb,citicar ev yg ada sunroof seharga 200an+ ga ada ya so far?,1,2026-03-06T11:08:55Z,2026-03-06T11:08:55Z,2026-09-19T00:23:14.522723+00:00
UgyJGxFHiQEgN8wgj3R4AaABAg,bC7X9DplrIc,968a3585f5fc0bfd92d7687b6c1e53bebc28f7244e30e93a97de8458eb1f3b99,minus nya spk interior putih ga nampak²😢,4,2026-03-04T17:55:32Z,2026-03-04T17:55:32Z,2026-09-19T00:23:14.522723+00:00
UgwM3JigQHrw1Ky12394AaABAg,bC7X9DplrIc,4dee76dddcd5c7593174fc843f25085edbfe312f7650e5c5a309a964dc9466c6,"MINUS paling kacau adalah.. ijiiiin..
SPK dari Nov, sampe hr gini cuma dapat Janji palsu jadwal delivery 🕺",7,2026-03-04T21:22:01Z,2026-03-04T21:22:01Z,2026-09-19T00:23:14.522723+00:00
Ugy_iLPK1CwujKBUy_p4AaABAg,bC7X9DplrIc,54313ca4e269c4fffef89e93ed23b9a0a80422a11ecf97dee98369d77b7164f0,"yah banyak jg ya kekurangannya, mending aionUT kalo gt,, tadinya mo ambil ini.. akhirnya mutusin ambil vario..",1,2026-03-05T04:51:34Z,2026-03-05T04:51:34Z,2026-09-19T00:23:14.522723+00:00
UgzzS6I3MOJAzjUBvIt4AaABAg,bC7X9DplrIc,ccd637a668b950b959942eb04f27f055f7804e7ff11ee322a71ce0c93eef8c2c,@geelyautoindonesia dijawab tuh masalah cover kolong bawah!! Kalaupun disunat harusnya bisa tersedia di dealer dong......,1,2026-03-05T10:37:09Z,2026-03-05T10:37:09Z,2026-09-19T00:23:14.522723+00:00
UgyVdgwSsnx0a6FRx414AaABAg,bC7X9DplrIc,202603e5749b2374e9683a886de0e86c35858cc09389b70e5b8d633519cfdb60,mending jaecoo j5,1,2026-03-05T01:19:42Z,2026-03-05T01:19:42Z,2026-09-19T00:23:14.522723+00:00
Ugz3OAiPKXORK7Zc4414AaABAg,bC7X9DplrIc,e35fb1d1edf39548407c25772a3ed1a7fa567ae2abdf27aa3069a30fa8128910,kalo nggak salah binguo atau Otto 1 nggak wiper deh,2,2026-03-04T15:48:48Z,2026-03-04T15:48:48Z,2026-09-19T00:23:14.522723+00:00
Ugwij7dud6C626qWV_F4AaABAg,bC7X9DplrIc,eb55bfd2e21f549d6efd949d66047644786a281524e316fe6b5981f8dc6c16bd,Cover kolong bawah bisa beli dan pasang dimana ya,1,2026-03-06T12:16:53Z,2026-03-06T12:16:53Z,2026-09-19T00:23:14.522723+00:00
Ugw93Bi1pSH1LMZQXlB4AaABAg,bC7X9DplrIc,1d771f6d73af1999cfa120cc57d6fd0d0f0fbd0ab90b89490e70f7d3c40b1eb7,Padang emblem lurus aja ga bisa😂,0,2026-03-05T02:18:30Z,2026-03-05T02:18:30Z,2026-09-19T00:23:14.522723+00:00
UgxNb3dcfDuWSkQ7XXJ4AaABAg,bC7X9DplrIc,6876093d14be08772b3c521e307c4f29eab8efcbb3a9e0b69cf6e3b27ee48490,Spill pajak tahunan sm biaya perawatan nya donk kak😊,1,2026-03-04T15:28:52Z,2026-03-04T15:28:52Z,2026-09-19T00:23:14.522723+00:00
UgyM4B0C0G0gyfXvslR4AaABAg,bC7X9DplrIc,ff5f60d8c2a24520cba359d9396710235da528dc2005165ec3a217c055ad77aa,"Harga ga bersaing, fitur diturunkan dari spek asli cina, inden lama, dijamin kalah sama atto1. Bahkan android auto aja ga ada. 😅",1,2026-03-05T01:58:14Z,2026-03-05T01:58:14Z,2026-09-19T00:23:14.522723+00:00
UgxVSy9bJzeP3v7bnGJ4AaABAg,bC7X9DplrIc,90e2948dc99b0879d4b016379392d9358d95864df012b610a281b063991bdef1,eittt kolong mana kolong,1,2026-03-06T08:07:25Z,2026-03-06T08:07:25Z,2026-09-19T00:23:14.522723+00:00
UgyXbjJi_6Emxrs4jsx4AaABAg,bC7X9DplrIc,4ae39972bbeb3097955d0a070a6e06c1fbb43d257af849865de7c0a547ec7e0b,"Biar awet gelly hrus dismpen dikulkas ngk neh
.
.😂",0,2026-04-05T06:28:21Z,2026-04-05T06:28:21Z,2026-09-19T00:23:14.522723+00:00
Ugyn-nJ7uVpwN0OHi894AaABAg,bC7X9DplrIc,2e1eb66c47f81a091539eff2e2fd0d19f8498c381865333473e3628c4b44d6fb,Gransi batrei????,1,2026-03-04T22:17:33Z,2026-03-04T22:17:33Z,2026-09-19T00:23:14.522723+00:00
UgwzwRA5kj6Y3d8yHt14AaABAg,bC7X9DplrIc,e5fe75db74a52a65a01b9b1d9220b71bda44ac2a317f503695097c435caa45d7,Loe review tapi cara ngomong jorokin!!!,0,2026-03-05T02:26:37Z,2026-03-05T02:26:37Z,2026-09-19T00:23:14.522723+00:00
Ugxo71g7243MqSkcmQt4AaABAg,bC7X9DplrIc,49423a82076c7a2b830d72fea86473ce9598c041ead21b1d0b587bd0d570b195,"utk kelemahan spion gk bsa lipat otomatis dan wiper belakang, apa bisa di custom ya?",0,2026-03-04T21:38:49Z,2026-03-04T21:51:27Z,2026-09-19T00:23:14.522723+00:00
UgxToicVO4347zGioWd4AaABAg,bC7X9DplrIc,f5650875ebfd06065733c54e40cb27cba7f897205f7706a610238da8994c07d5,Soal wiper belakang mah hyundai Ioniq 5 aja ga ada tuh wiper harga 3x lipat 😅,2,2026-03-04T15:53:05Z,2026-03-04T15:53:05Z,2026-09-19T00:23:14.522723+00:00
Ugw-fM5CBv7rl8eg-Jx4AaABAg,bC7X9DplrIc,c3d71c1cadff2f5578f6dbe954959c991d667492881aad7dfb68ef44367df86e,"Ingat byd, ingat hilmi",1,2026-03-04T15:03:07Z,2026-03-04T15:03:07Z,2026-09-19T00:23:14.522723+00:00
Ugw_RieJvlUK7AHXT1x4AaABAg,bC7X9DplrIc,9171f782accf64a5de662ca3df69fe0be6d623fe74f9fb33188769ec487bdfef,"Di China ini mbl lbh murah dr mbl LCGC, kok disini jd mahal????",2,2026-03-04T16:23:53Z,2026-03-04T16:24:21Z,2026-09-19T00:23:14.522723+00:00
UgwsQVyTsTjAIYsxesV4AaABAg,bC7X9DplrIc,6509d7e98a869d2f1bf49d29efb48e1e5435dfce7a89db77159e01cf60862fa5,Gue nonton video ini didepan mobilnya langsung😅 secara looks eksterior menurut gue menggambarkan banget mobil murahnya,1,2026-03-17T10:55:27Z,2026-03-17T10:55:27Z,2026-09-19T00:23:14.522723+00:00
Ugzolxz3i6up1xc2qA54AaABAg,bC7X9DplrIc,2ed2d8db9cd765514a7d7c644ddd649bcffcf5ec40a1304d9edc5ea77ca6782a,"Kalo ambil tipe max, apa mending pilih interior putih aja?  Lgpula int putih lbh unik & int hitem sdh ada jg di pro",0,2026-03-04T16:18:17Z,2026-03-04T23:21:03Z,2026-09-19T00:23:14.522723+00:00
UgwnKO4zlGCteQS5z3B4AaABAg,bC7X9DplrIc,d723da1a43669184e48f92ad13c325446bb44a2c994304eca6da7af8a443b0b9,"orang pinter pasti ambil ini atau jaecoo J5.
bukan atto 1 yg asal2an murahan.",1,2026-03-05T17:44:03Z,2026-03-05T17:44:03Z,2026-09-19T00:23:14.522723+00:00
UgwYkTq_TOgS6ZgQ0a54AaABAg,bC7X9DplrIc,3fac30e1bf8f1dc3d222b6696ebf2e2e6a623ecd46b994884571e6cfaffe8a99,"unit gue dah mendarat dirumah sekalian sama handover massal minggu lalu. minus yang disebut tadi masih ada tambahannya lagi:

- apple carplay & android auto belum ada. harus nunggu update OS. padahal di malay udah ada.

- head unit ini seolah di-lock sama pabrikan biar harus dependen banget ke dealer. contoh: ada opsi wifi kalo kita ke developer/debug mode. tapi buat end-user gaada opsi wifinya.

- SPEAKER CUMA DEPAN DOANG ANJIR BETE GWE

- unit yang gue terima belum ada cover bawah juga.

- wireless charging kena sunat. padahal di thailand ada.

kemungkinan sunatan2 ini sih bakal dijual sebagai ""aksesoris OEM"" buat neken harga jual awalnya. padahal kalo dilengkapin semua dan harganya beda tipis sama AION UT mah bakal laku jir",2,2026-03-05T05:37:20Z,2026-03-05T05:37:20Z,2026-09-19T00:23:14.522723+00:00
Ugyi-JiQGf45yfvg1XR4AaABAg,bC7X9DplrIc,a6331a128cb98b406dd3700808d09981a487ceaf1d8cd614b9a1913ca1bf81d9,ada android auto /carplay gak?,0,2026-03-06T18:51:03Z,2026-03-06T18:51:03Z,2026-09-19T00:23:14.522723+00:00
UgweYVV9UY1RcjxvAex4AaABAg,bC7X9DplrIc,e35fb1d1edf39548407c25772a3ed1a7fa567ae2abdf27aa3069a30fa8128910,menurut kalian mobil worth di beli nggak kalo kita lihat komptitor byd Otto 1 atau wuling binguo harga 200,0,2026-03-04T15:50:12Z,2026-03-04T15:50:12Z,2026-09-19T00:23:14.522723+00:00
UgywUDz4MOewTj0ucAB4AaABAg,w7zLKYpCozw,28e45bf92caf7d94c0174835640aa21200d4fee552c0bf0f88b3b3f5119fbb24,Dah liat aslinya barusan di mall material trim nya bagus bgt body juga tebal,11,2026-03-11T11:58:11Z,2026-03-11T11:58:11Z,2026-09-19T00:23:14.691226+00:00
UgxnOM2g6i-l6RPjoEZ4AaABAg,w7zLKYpCozw,00b53450c40e7e780a34debdad15d8522e70889beceead6adcc1d90457d87cbe,"Geely sound systemnya ga nahan, bak di dikonser.. mantab bingit",17,2025-12-19T06:04:12Z,2025-12-19T06:04:12Z,2026-09-19T00:23:14.691226+00:00
UgzhF7CGdLdkLezywhJ4AaABAg,w7zLKYpCozw,3ce01469582bf0e68e6feac287803b6e6a307ef329569a3c47c1aff470dc7626,"Boleh juga nih Geely, design nya masuk dan lucu",6,2025-12-19T13:09:01Z,2025-12-19T13:09:01Z,2026-09-19T00:23:14.691226+00:00
UgybZ30fJa1eXTaZcQB4AaABAg,w7zLKYpCozw,5acd745fca17487529965e72afbb7144bf3d51676f64f52839181e6535259ddb,"Bg, next in depth tour Vinfast Limo Green",6,2025-12-19T11:08:20Z,2025-12-19T11:08:20Z,2026-09-19T00:23:14.691226+00:00
Ugz8bnS4m27dlH9KfTJ4AaABAg,w7zLKYpCozw,84280a569452537c6a964aa43339da7ca9eb30b059897f9c8a1935cc2a7182dd,Selalu hadir & mengikuti review mobil nya,2,2025-12-18T14:36:45Z,2025-12-18T14:36:45Z,2026-09-19T00:23:14.691226+00:00
UgyORssT_4tdXNrQw9p4AaABAg,w7zLKYpCozw,c8077a465300efce74cf91d53e0f367b5baa849768ccf36b6d71e130b0fcbf19,Biar terlambat yg penting selalu hadir 👍,2,2025-12-18T14:33:52Z,2025-12-18T14:33:52Z,2026-09-19T00:23:14.691226+00:00
UgyLS2oBzszivn_mfrl4AaABAg,w7zLKYpCozw,b354e19593e36539ab855e1f3e3c48c47cc8b817d948898f496fb483c3051238,Mantul kali,4,2025-12-19T13:12:04Z,2025-12-19T13:12:04Z,2026-09-19T00:23:14.691226+00:00
UgwsuWkPo5YsHMqgn8t4AaABAg,w7zLKYpCozw,7d6d418950222cf4ec74b406225cd76698fc4997464f2d27891f627793014dca,mantap,2,2025-12-18T14:03:32Z,2025-12-18T14:03:32Z,2026-09-19T00:23:14.691226+00:00
UgwJuG1cJMMCdRJ5yOR4AaABAg,w7zLKYpCozw,8a2703b1b1e1fd0d9951b4a4b4a66ffbef1448b59d2b15511525cb0456d3fc51,mantap bang,2,2025-12-18T15:01:20Z,2025-12-18T15:01:20Z,2026-09-19T00:23:14.691226+00:00
Ugzi5MRJBrVHcEiZDmJ4AaABAg,w7zLKYpCozw,3179d2e7ba7075683a3859a307bf94af2e5e1a66ebb8d419ed0eb56f96db4d78,"Hadir om b channel, ❤❤❤",2,2025-12-18T20:42:27Z,2025-12-18T20:42:27Z,2026-09-19T00:23:14.691226+00:00
UgzheEKLrJ8RNaUcL2l4AaABAg,w7zLKYpCozw,7b105b469c92e7743b049f815adc3acc4df0774a5873b5e820c063776750878c,Pertama,4,2025-12-18T14:01:55Z,2025-12-18T14:01:55Z,2026-09-19T00:23:14.691226+00:00
UgzvDl6Ht6OVaXD-0Wh4AaABAg,w7zLKYpCozw,3179d2e7ba7075683a3859a307bf94af2e5e1a66ebb8d419ed0eb56f96db4d78,"Om b channel, Setelah Review Geely EX2 Max,
Next Review Vinfast Limo Green. Ya om b channel, ❤❤❤",3,2025-12-18T20:43:05Z,2025-12-18T20:43:05Z,2026-09-19T00:23:14.691226+00:00
UgyGBXeurjdDqDUkNix4AaABAg,w7zLKYpCozw,4ef8038456987d2f18c158e5ebe40922c33c4fe9432c8f606e212ec73625e383,Hadir om,2,2025-12-18T14:28:27Z,2025-12-18T14:28:27Z,2026-09-19T00:23:14.691226+00:00
Ugz-kb68k4iIZd9TOBd4AaABAg,w7zLKYpCozw,8bf4655516f21b9895885b168057c178e98ccbf9a43736978c4a136460011ec5,👍👍👍,2,2025-12-19T01:05:31Z,2025-12-19T01:05:31Z,2026-09-19T00:23:14.691226+00:00
Ugyy8z7EqHrn0H6YzKF4AaABAg,w7zLKYpCozw,c06627ddd324e84cf02f24fc77a4667b816f7f6901734c9d20bab6b02f983aac,Alhamdulillah kebeli juga,1,2026-07-13T16:09:26Z,2026-07-13T16:09:26Z,2026-09-19T00:23:14.691226+00:00
UgxUSYjAfvdxXZF6yhJ4AaABAg,w7zLKYpCozw,5814063772a3cec56b193afbf850ae2629efc6bd889ee706c850b609fd6464f9,Hadir,0,2025-12-22T11:26:25Z,2025-12-22T11:26:25Z,2026-09-19T00:23:14.691226+00:00
Ugy1prv0E2O6Y0VXI3d4AaABAg,w7zLKYpCozw,27bff17a18fe6c267d5fd0f2e8de2e4e66dfe73af4d5f3cdc0a22d2656b0f357,mobil lama kapan direview lagi om b? soalnya udah lama saya request idt suzuki grand escudo 2.0 predashlift 2002 sama mitsubishi maven gls predashlift 2006.,3,2025-12-18T19:54:00Z,2025-12-18T19:54:00Z,2026-09-19T00:23:14.691226+00:00
UgypumPYJ4-YY3riRxx4AaABAg,w7zLKYpCozw,5db905207ffc38615eac7a9f182304fdb1c966ae2ba171325014ad44f0ae3368,"Om B Channel, Setelah IDT Geely EX2 Max, Next IDT Honda Prelude  Di Ivan's Motor Ya Om B Thx Om B Channel Sehat Selalu 😊",11,2025-12-18T14:42:08Z,2025-12-18T14:42:08Z,2026-09-19T00:23:14.691226+00:00
UgwMYUMy_P-eggdWlPl4AaABAg,w7zLKYpCozw,9d8de5a3748385699e44c0fec9d4e5339e40701c5535dae890df1571bb870446,❤🎉😊,1,2026-04-13T06:47:06Z,2026-04-13T06:47:06Z,2026-09-19T00:23:14.691226+00:00
UgxVie9wLy7_MjnW32F4AaABAg,w7zLKYpCozw,ea2b30c50cdb6f438f0a6ea19dd1677e8a1a64257edfbcc7eb91a699dcff8e28,Atto1 auto ketar ketir ini🗿,5,2025-12-19T05:20:00Z,2025-12-19T05:20:00Z,2026-09-19T00:23:14.691226+00:00
UgwWeY2Vsc3OKiKDfXl4AaABAg,w7zLKYpCozw,59b7fd31325fe2c5616ae0fdca06c46faff11ceb3a46d1c53dfed1cb400a707c,hadir om b,2,2025-12-18T14:45:38Z,2025-12-18T14:45:38Z,2026-09-19T00:23:14.691226+00:00
UgzXyfiWLlKnUtyhNmJ4AaABAg,w7zLKYpCozw,4c7d4bd7b8dd4ae74a2530c7a7db86d2bab155caabcd0fa0c7406eecae425c49,"Om B Channel, Setelah IDT Geely EX2 Max, Next IDT VinFast Limo Green Ya Om B Thx Om B Channel 😊",4,2025-12-19T06:15:02Z,2025-12-19T06:15:02Z,2026-09-19T00:23:14.691226+00:00
Ugy8PqeT0HuTW8wfEyp4AaABAg,w7zLKYpCozw,268c38e041f10332724d15c169db2d10fe7e4ddbb7cf4a1b543989fd3f0b55f4,Ketika ARGB LED dari PC nular ke Mobil.,1,2025-12-18T15:40:44Z,2025-12-18T15:40:44Z,2026-09-19T00:23:14.691226+00:00
UgyiUy9R3UsfANUMeAx4AaABAg,w7zLKYpCozw,c0fc9b4f7669d6fb63a3c039e0f7f11ee65802ff28824f3889d55d8b7bdc0432,Mobil China EV Geely EX2 variant Max warna Quartz Rose metallic serta bumbung hitam untuk wanita tercantik,0,2026-08-19T09:23:42Z,2026-08-19T09:23:42Z,2026-09-19T00:23:14.691226+00:00
Ugw1zNpdGvuVLlTJP494AaABAg,w7zLKYpCozw,3e91c6b67aca6b7feaa067006aaf7b2b8cabf4a7a24a531bbd5c73099ff63e2f,"Udah spk di gjaw yg lalu. Dari bbrp pilihan ini yg paling masuk selera dan kantong gw. Kalo masih kurang ini itu, ya namanya jg mobil 200 jt an  kalo mau yg gk banyak kurangnya cari aja yg di atas 500 jt an.😂",1,2026-01-08T12:32:04Z,2026-01-08T12:32:04Z,2026-09-19T00:23:14.691226+00:00
UgwcIBbrDsqwVICjGOZ4AaABAg,w7zLKYpCozw,382b51d8cbe3806190262d98095625dd92796f88de2af85030a9e0759272be0b,Volvo versi murah,3,2026-03-14T04:40:51Z,2026-03-14T04:40:51Z,2026-09-19T00:23:14.691226+00:00
UgxwELGShRg8FJcuZ0R4AaABAg,w7zLKYpCozw,1d55e2b15e42d1f10a880f617b58a3aabb8ef991ade888679da88d18dceb701f,Mirip wuling binguo,4,2025-12-18T19:12:22Z,2025-12-18T19:12:22Z,2026-09-19T00:23:14.691226+00:00
UgxjjVb_Ia8QW4LpU5x4AaABAg,w7zLKYpCozw,2814de796d3745579d8f257212f7da7ffee49c004407cfa8dbdd70bbdb13a93c,Kekuatan volvo ada di geely,0,2026-05-24T03:47:53Z,2026-05-24T03:47:53Z,2026-09-19T00:23:14.691226+00:00
Ugxg_eWrUckL44pEClB4AaABAg,w7zLKYpCozw,1d89bd7db58560a24039869a02db4124e4e71dd9b7715872e0015f7bc3d84808,Om B ini mobil yang bakal jadi EX2 Vlog buat bulan depan,1,2025-12-19T03:27:12Z,2025-12-19T03:27:12Z,2026-09-19T00:23:14.691226+00:00
UgyYYkRBtMd0VB579zh4AaABAg,w7zLKYpCozw,3de1ab5dad0fb8b9c8a0123de85c03df2dac506f38f52d91e3a1ad36b522aeff,"Mobil EV zaman sekarang wajib life time waranty baterai nya,kalo tidak gak akan mampu bersaing dgn merk lainnya",3,2025-12-20T10:38:29Z,2025-12-20T10:38:29Z,2026-09-19T00:23:14.691226+00:00
Ugw-ciSdX8K5G6UHbtN4AaABAg,w7zLKYpCozw,563e4949d738f1155573bd379cc90220a165e438c0a03b63e304f6a9b7ff37d5,Kelihatan wajahnya b channel di headlamp 🤣🤣,0,2026-01-23T04:16:47Z,2026-01-23T04:16:47Z,2026-09-19T00:23:14.691226+00:00
UgyiqGBPY0DQkFSOGnN4AaABAg,w7zLKYpCozw,de8e7348b5df97f27e58218de5ef99e7d5a9e5428790758e5e00804b0996bb82,"Geely EX2 Max looks like a very solid EV package for the Indonesian market – price, features, and range seem well balanced.
Your detailed walkaround really helps viewers understand what they get for Rp 273 juta. Great review",5,2025-12-18T16:41:16Z,2025-12-18T16:41:16Z,2026-09-19T00:23:14.691226+00:00
Ugw5lZp73geNgmfH-5d4AaABAg,w7zLKYpCozw,f5715e0d97ae17c2d5068dcb1dc4f4ab9449ca4babbbb4ce217ad29c4769a052,Nanggung amat di Thailand udah dikasih wireless charger tengahnya,0,2026-03-31T04:19:17Z,2026-03-31T04:19:17Z,2026-09-19T00:23:14.691226+00:00
UgxhQa_bWrm_3vOAX_x4AaABAg,w7zLKYpCozw,d1cd274f7c41524420f63809622cb74536558a554ca3905a25c2e2d4ba25cefc,"Sayang banget Geely ini dealershipnya so far ga se ok BYD or Chery. Semoga gajadi kayak MG aja, barangnya bagus tp ga bisa take off di market.",1,2025-12-21T02:32:56Z,2025-12-21T02:32:56Z,2026-09-19T00:23:14.691226+00:00
UgyBgnKRd2iIZjswC-p4AaABAg,w7zLKYpCozw,7084a2191c9a46bb4f4bd4e14a2f6576704ed2b1c3a7e51ea3582bcdbfd89c53,4:13,0,2025-12-25T12:53:58Z,2025-12-25T12:53:58Z,2026-09-19T00:23:14.691226+00:00
Ugwr_qCPebCcYsVPkQd4AaABAg,w7zLKYpCozw,ff5f60d8c2a24520cba359d9396710235da528dc2005165ec3a217c055ad77aa,Kenapa ga dikasi arm rest belakang ya. Tanggung semua.,0,2026-03-29T10:45:53Z,2026-03-29T10:45:53Z,2026-09-19T00:23:14.691226+00:00
UgyYpftbN0_xHFEZmw94AaABAg,w7zLKYpCozw,4c7d4bd7b8dd4ae74a2530c7a7db86d2bab155caabcd0fa0c7406eecae425c49,Om B Next IDT VinFast Limo Green di GJAW 😊,5,2025-12-19T06:12:01Z,2025-12-19T06:12:01Z,2026-09-19T00:23:14.691226+00:00
Ugxumhsfbo2rYdeu2XJ4AaABAg,w7zLKYpCozw,ca1aa063d42695bd5108cbcf9cd0093bc8f48dc817f839acff325bbf51d7c200,Peredam bagasi depan buat apa juga 😂😂,0,2026-09-16T05:41:45Z,2026-09-16T05:41:45Z,2026-09-19T00:23:14.691226+00:00
UgzPuFfy0FGl_5xzCBd4AaABAg,w7zLKYpCozw,6db6dec787bca10d6e9553bc8deb67eb84e8ce6cc9d799261e8ad25597771fda,Mobil listrik pake peredam depan 😂?,1,2026-01-05T04:55:24Z,2026-01-05T04:55:24Z,2026-09-19T00:23:14.691226+00:00
Ugy4W0xC15NANyxcty14AaABAg,w7zLKYpCozw,e9f9021ba096cfc68dee484bd9347b0d72e70ccccfd1ede1072d74bfc8df1acf,"Sandaran Baris ke 2 nya apakah kaya atto 1 yang masih nyaman?, tapi yang terasa kelebihan atto 1 itu terletak di tuas sein yang masih normal",1,2025-12-18T14:39:48Z,2025-12-18T14:39:48Z,2026-09-19T00:23:14.691226+00:00
Ugz2dzI9Wx8oj76fwcd4AaABAg,w7zLKYpCozw,2ed2d8db9cd765514a7d7c644ddd649bcffcf5ec40a1304d9edc5ea77ca6782a,Lebih worth yg pro atau max,1,2025-12-18T15:07:26Z,2025-12-18T15:07:26Z,2026-09-19T00:23:14.691226+00:00
UgxridOzVnnkdIMZDDN4AaABAg,w7zLKYpCozw,0e95d41be6bc008949c16a77b98435ef1268f6ff59c767eb98d9360af790bccc,List harga donk,0,2025-12-29T16:50:37Z,2025-12-29T16:50:37Z,2026-09-19T00:23:14.691226+00:00
UgzA7O9qCK8EFeqzGuB4AaABAg,w7zLKYpCozw,92d42c8afa6e7dc9dc5613cf338464b6de1e29d3fba81d4834b8261b304a9631,"ev paling bener neh, pakai RWD",2,2026-02-05T06:41:51Z,2026-02-05T06:41:51Z,2026-09-19T00:23:14.691226+00:00
UgwXQY5cpNiVUkBWr_Z4AaABAg,w7zLKYpCozw,87835acd2ffa998b04d75b20d4ea438e3bcd15e1206392a649d628e55e646d31,Blakang Kya strlet ya,0,2026-01-04T09:25:06Z,2026-01-04T09:25:06Z,2026-09-19T00:23:14.691226+00:00
Ugz8FZ0m6Lo2SwWC05F4AaABAg,w7zLKYpCozw,98d9f9185db18657ed741f3af628ddb874e6a2ffd3d96ce0e63678ed6c9ab0d2,Blm bisa carplay,0,2025-12-28T10:05:29Z,2025-12-28T10:05:29Z,2026-09-19T00:23:14.691226+00:00
UgzBpVT0RjpKix9r8gl4AaABAg,w7zLKYpCozw,fc50e82209ca737d0854aa6f1260983d53ecdc614929574d7022d2b29ba2a05e,Ih gelii😂,0,2026-06-04T07:15:33Z,2026-06-04T07:15:33Z,2026-09-19T00:23:14.691226+00:00
UgxWK0EsI3yINxUZd3x4AaABAg,w7zLKYpCozw,03990330e4345f67b5a397b6dbcde36b5a3f8c7a3e06c35ce0d5b9f01451eb35,Wau,2,2025-12-18T14:02:16Z,2025-12-18T14:02:16Z,2026-09-19T00:23:14.691226+00:00
UgzxevVdHkyLBJj_7W94AaABAg,w7zLKYpCozw,595fe3a7f547cab2c78620346a260e565507947cfc18ef409b9fa30aa0863044,"Geely Max tidak ada wireless charging dan speaker jelek banget.

Entah itu masih mobil Test Drive, tapi yg dijual apakah sama?",0,2026-01-04T14:06:23Z,2026-01-04T14:06:23Z,2026-09-19T00:23:14.691226+00:00
UgxE8k8HUnODovyRRdJ4AaABAg,w7zLKYpCozw,016b42480aba5ecc0690d92bef09f1549ac841eccd78f631bfe2dd3ba8cc4930,"Harga beda tipis sama ATTO 1, TAPI soal fitur, kenyamanan, tenaga, jangkauan, suspensi, battery lifetime, interior dan exterior BEDA JAUH sieh, mending ambil Geely EX2. Di China ini juga mobil paling lari",0,2026-07-15T13:10:49Z,2026-07-15T13:10:49Z,2026-09-19T00:23:14.691226+00:00
UgyriHWC9K1CBBeYGnN4AaABAg,w7zLKYpCozw,577bbc419913f1c24bdc4f506daf3ac9e6506584ce4c3c0ef733f11e3085174b,"Kan ga perlu peredam bang, cover spy rangkanya ga kelihatan",0,2025-12-18T14:20:05Z,2025-12-18T14:20:05Z,2026-09-19T00:23:14.691226+00:00
UgwvIHPeYPINpmmP34V4AaABAg,w7zLKYpCozw,cb685e2b9d9a854d18cbea4ceb00f8965e0afc1802244eefa9cdfa75b74d7a00,APA FUNGSI PEREDAM DI KAP DEPAN KALO GAK ADA MESINNYA? SUARA APA YANG MAU DIREDAM?,2,2025-12-18T14:50:21Z,2025-12-18T14:50:21Z,2026-09-19T00:23:14.691226+00:00
UgwbwLHJLOlq5OGm7fd4AaABAg,w7zLKYpCozw,4223d720ca89534e74dc0502e860c2769af1aee39509dbcfe665a0d30638f684,Detail.. tp teteeppp aja kl mobil listrik.. bagian port charging ga d notice mulu 😑,0,2025-12-28T01:00:27Z,2025-12-28T01:00:27Z,2026-09-19T00:23:14.691226+00:00
Ugz5atE4hJCTVdoXrfB4AaABAg,w7zLKYpCozw,5fa9f7aa86e4ea3ce101f1c5ab2c58f32e8c2a6d481a2c8d645cd50c6ce9f1d8,Bagasi depan bisa diisi genset 2500watt.,0,2026-01-23T00:41:27Z,2026-01-23T00:41:27Z,2026-09-19T00:23:14.691226+00:00
Ugxa_EMQipvxWkBiIRV4AaABAg,w7zLKYpCozw,78da35be906be6b76b1217bbcf92c3f9a910b001e02e3977ed984a2c48e85fb0,"Spk di gjaw, sampe skrng blum ada kabar plunasan 😂, ghoib",1,2025-12-18T14:15:50Z,2025-12-18T14:15:50Z,2026-09-19T00:23:14.691226+00:00
Ugyey3Y2I0MIdCgcRut4AaABAg,w7zLKYpCozw,585f7154ffc15aa73b6330a48c788c5517bb55461de236337c1b0166ecc493f4,Jangan lupa juga membuat video In Depth Tour Geely Starray EM-i yang udah final spec Om B mumpung lagi di dealer Geely.,1,2025-12-18T14:15:47Z,2025-12-18T14:15:47Z,2026-09-19T00:23:14.691226+00:00
Ugy8V3iY_2UHA8U7L9J4AaABAg,w7zLKYpCozw,2e47d48aa54e4cd52083bd9f5379a4a70e5b7e9ed98af39c4153a8b614557f36,"kak, kok ga ada tombol khusus EPB (elektrik parking breake)? EPB itu beda lho dengan tombol P.... biasanhya dia berkode (P) ada tanda kurung",0,2026-08-10T12:14:28Z,2026-08-10T12:14:28Z,2026-09-19T00:23:14.691226+00:00
Ugybej8NbvaMFhRF5Rt4AaABAg,w7zLKYpCozw,e4148ab031425b076c47dac08aafce3d13e84abf1bbbb425973c0f59866a9b92,"Kurang sunroof sama armrest tengah belakang, interior black ada gak ya?",1,2025-12-18T16:24:45Z,2025-12-18T16:24:45Z,2026-09-19T00:23:14.691226+00:00
Ugxz1lCkbpldFbPlOtd4AaABAg,w7zLKYpCozw,6ebf3d783bde9db3fd743ee7eb9a079151b514265473adf54cc36fff58584dea,Interiornya kenapa putih bgt gtu sihh 😢😢😢,0,2025-12-24T14:32:54Z,2025-12-24T14:32:54Z,2026-09-19T00:23:14.691226+00:00
UgxBjo4KGMn5SE-ljz54AaABAg,w7zLKYpCozw,b17da40668983eba9e09faf9495b1de916ab0bc4560b79de189d370168ab7205,"kayaknya ngebug ya setting nya, gambar sama pilihan menu nya nyatu begitu",0,2025-12-19T06:22:59Z,2025-12-19T06:22:59Z,2026-09-19T00:23:14.691226+00:00
UgzCpJPPFdcbYSVq3hd4AaABAg,w7zLKYpCozw,b8e4ddd3013e4de95f5d517435f158aa59abcb3c3e7ba174207da873c82421eb,0:46 peredam kap mobil listrik RWD fungsinya buat apa ya?,0,2025-12-18T15:23:47Z,2025-12-18T15:23:47Z,2026-09-19T00:23:14.691226+00:00
UgxFA11-WL54izapaqh4AaABAg,w7zLKYpCozw,e451a98a2bb3f22faeaa311267686f8dc7a28ad652102591710817781115d153,"Halo mas, mau nanya, ini EX2 Max kira2 ada voice command ga, trs ada walk away lock ga? Itu aja sih, mohon dibantu, makasih ya 🙏🙏",1,2026-07-21T01:53:08Z,2026-07-21T01:53:08Z,2026-09-19T00:23:14.691226+00:00
UgzO0MzBU39LleESWAZ4AaABAg,w7zLKYpCozw,15388fe297218636fbbd49227443449e280c9559757b15b939d2bfad6b28ae38,"Menunya jelek amat. Tulisan atau hurufnya ada d dpn gambar background. Jd ada kalanya tulisan g jelas karena nyaru ama gambar backgroundnya. Udah semua diatur via layar, eh interfacenya bgtu. Cek sekitar menit 4:12.. Padahal sebelah kiri layar bnyk space kosong tp dia milih naro gambar background dikanan yg bnyk tulisan2 buat menunya 😪",2,2025-12-19T00:22:34Z,2025-12-19T00:25:16Z,2026-09-19T00:23:14.691226+00:00
UgzE1UWdLACA8Oj4AAB4AaABAg,w7zLKYpCozw,f90787d9a8033c9c4c2a010422db644d12813ac910b6aacf693dbc6bdc8c3aba,"pernah test drive, pedal gas sangat keras, akselerasi berasa kyk mobil bensin, sama atto 1 akselerasi nya jauh kalah, btw blm ada yg nandingin enaknya akselerasi MG ZS Ev",1,2025-12-19T13:35:31Z,2025-12-19T13:35:31Z,2026-09-19T00:23:14.691226+00:00
UgxbSIY1GUyO8bQDIwB4AaABAg,w7zLKYpCozw,57259da7a80616f462c627840813895e521b01045f3c8b2c41f63d83a8a94178,EX2 Max support Android Auto/Apple Car dengan kabel atau wireless ya?,0,2026-03-05T14:40:02Z,2026-03-05T14:40:02Z,2026-09-19T00:23:14.691226+00:00
UgyMpX73NUBO0tbSsYB4AaABAg,w7zLKYpCozw,554f5c2bba838e36731a81f49ecccbbcdbb05fc2abe31247411713e39a45f235,Bisa retrack ga sih spion nya??,0,2026-03-16T23:34:21Z,2026-03-16T23:34:21Z,2026-09-19T00:23:14.691226+00:00
Ugw0e45Ys_zxoyI4dm94AaABAg,w7zLKYpCozw,aa26a40d07cc63045707c7657e9612d935bae5d34f52886276e59419d9db19d2,"Om, ini spion udah electric retract belum ya",0,2026-01-02T13:49:41Z,2026-01-02T13:49:41Z,2026-09-19T00:23:14.691226+00:00
Ugx6P56Dvl7ifOnvMAJ4AaABAg,w7zLKYpCozw,6a7029a845ca6a0fde44ab4b0c44b587100e17b7e0c31aac3d4b2d0f23cf974d,masih cakep AION UT,1,2025-12-18T15:59:24Z,2025-12-18T15:59:24Z,2026-09-19T00:23:14.691226+00:00
UgyVsE9fBiCevDjWFM94AaABAg,w7zLKYpCozw,563e4949d738f1155573bd379cc90220a165e438c0a03b63e304f6a9b7ff37d5,Yang ex2 tipe max apakah bisa di ganti warna interiornya ? . Karena rata rata orng indo tak suka interior warna putih,0,2026-01-23T04:25:58Z,2026-01-23T04:25:58Z,2026-09-19T00:23:14.691226+00:00
Ugx6zGYvh3u-HJ6Xvvd4AaABAg,w7zLKYpCozw,794465d768884680f1651ebfd6933e428f9fb582508875c884c9060c10dd4dfb,"om, ini dapet compartment dibawah jok belakang ga si?",0,2025-12-19T01:02:19Z,2025-12-19T01:02:19Z,2026-09-19T00:23:14.691226+00:00
Ugwx3NiR8fietnMn84N4AaABAg,w7zLKYpCozw,40fdab4530cd4dcb94e38348b7ad67b115836f37ed5e1279e63cad3f70033bc0,"Geely mending ganti logo deh, gambar Panda 🐼 misalnya. Logo tanah kavling begitu masih aneh di mata saya",1,2025-12-19T04:15:27Z,2025-12-19T04:15:27Z,2026-09-19T00:23:14.691226+00:00
UgzH_Wy0-ishJHFv_7J4AaABAg,w7zLKYpCozw,9c3fd6fe1be964ccbc98994c1c8b7b44a7422da5856ba472c5f4835a030db50b,"Om B, belum ada peredam kap mesin, sepetinya gpp, setau saya kalau motor listrik kan senyap, nah saya rasa meskipun belum punya mobil listrik, tanpa peredam kap mesin saya rasa cukup senyap. Gak tau kalau kalau peredam suara luar/peredam kawasan ban supaya suara ban gak masuk. CMIIW. Trims",0,2025-12-19T06:08:00Z,2025-12-19T06:08:00Z,2026-09-19T00:23:14.691226+00:00
Ugx71bP_I_9WvDTNmMR4AaABAg,w7zLKYpCozw,e88708f312b234a47437b9e635bccc9d82e4c03672be9321baea98cda2f30dab,"User interface HU nya pas di menu car setting aneh bgt.. backgroundnya mengganggu tulisan. Kayak gambar background error yg posisinya jadi aneh. Padahal sisi kiri layar kosong.
I just can't find enough justification to choose this over jaecoo J5. RWD alone is not enough to justify.",0,2025-12-18T14:17:36Z,2025-12-18T14:30:57Z,2026-09-19T00:23:14.691226+00:00
UgwMpShgKscA_mCmiCx4AaABAg,w7zLKYpCozw,995c0348f9352d74428e8c2fa0175f518ed78edcd528c7db2c6c498273b5e562,"ga ada armrest tengah, usb tengah masih type a, ga bisa telescopic, kurang sunroof, dah gitu aja untuk harga segitu",0,2025-12-18T14:37:51Z,2025-12-18T14:37:51Z,2026-09-19T00:23:14.691226+00:00
UgzBjKGkuNuh2XoPmrd4AaABAg,w7zLKYpCozw,1ff5858d3c58ad7f7155b5b7fd503ca7d237b7265ef241ede38bc58a57b4a481,Klo mobil sedang jalan (persneling) “D” apa bisa aktifkan kamera 360 nya? 🙏🏻 boleh dijawab ya yang tahu hehe terima kasih,0,2026-02-20T07:46:05Z,2026-02-20T07:46:05Z,2026-09-19T00:23:14.691226+00:00
UgwVwSRWEY_l_Ed2xLR4AaABAg,w7zLKYpCozw,e6b239737f216f50bfba012c09aa4e27c4eb0c9cb5f1516bebd9d7a04d474876,"Sama J5 katanya material nya lbh bagus ini ? Bener kah om B? Dari segi ketebalan plat, sm interior. Duduk baris blakang juga lbh nyaman ini?",1,2025-12-20T01:59:48Z,2025-12-20T02:00:09Z,2026-09-19T00:23:14.691226+00:00
UgzJcWtJItUdDruBQxN4AaABAg,w7zLKYpCozw,fd420d4097c440643623c23f196a1532efc36e49808b8e53376ef885f2eb096a,blm bs delivery smp feb thn depan😢,0,2025-12-19T06:06:41Z,2025-12-19T06:06:41Z,2026-09-19T00:23:14.691226+00:00
UgzPG27rm3-QkX2gYSh4AaABAg,w7zLKYpCozw,9619ae57cc95c64de9d975a61ca37e87063ec7f4abaa91fd6d9b001cf637a0af,Kayanya gak ada fitur TPMS ya?,0,2025-12-22T22:48:13Z,2025-12-22T22:48:13Z,2026-09-19T00:23:14.691226+00:00
Ugws6cIu4Sk286fspPF4AaABAg,w7zLKYpCozw,121bd6439a9f6f6dcea10e5eb0870d6f2bcadf578fe73730046b6da83dad3d3c,"Mobil listrik buatan china itu menjijikan. HARGA BARU LUMAYAN MAHAL, NAMUN sekali di JUAL BALIK sperti JUALAN PERMEN RASA PAHIT. GAK LAKU kalau LAKU HARGA TERJUN BEBAS. 

BAGUS STOP AJA PASOK DARI NEGRRI TSBT. 

Tetap PRODUK JAPAN nomor 1. 
Mending datangkan kembali produk USA yakni pabrik FORD. 

Pokok nya pasti menyesal kalau kalian mebeli produk kendaraan R2 & R4.",0,2026-01-21T05:58:25Z,2026-01-21T05:58:25Z,2026-09-19T00:23:14.691226+00:00
Ugw6L1Pq7yNxW83R3jd4AaABAg,w7zLKYpCozw,5acd745fca17487529965e72afbb7144bf3d51676f64f52839181e6535259ddb,"Bg, next in depth tour Changan Avatr 012",2,2025-12-19T11:13:01Z,2025-12-19T11:13:01Z,2026-09-19T00:23:14.691226+00:00
UgyqkwtmW1Nvh1CT8GR4AaABAg,w7zLKYpCozw,5acd745fca17487529965e72afbb7144bf3d51676f64f52839181e6535259ddb,"Bg, next in depth tour Vinfast Minio Green",2,2025-12-19T11:09:48Z,2025-12-19T11:10:04Z,2026-09-19T00:23:14.691226+00:00
Ugzg4LxXGfB4J9d4tAV4AaABAg,dEJ4VEjH1AQ,48152975a61b26e53b8bf18b5366f267d91b7712644c60e664f29dd32609d179,"Bagaimana, apakah harga mobil listrik jarak 395 km Geely EX2 ini sudah ok? Rp 233 juta (Pro) dan Rp 273 juta (Max)",28,2025-11-24T12:23:06Z,2025-11-24T12:23:06Z,2026-09-19T00:23:14.870779+00:00
Ugy6PFUF7wx23kgDhgd4AaABAg,dEJ4VEjH1AQ,00f134f049cea3284739ef6e4f330c715e65a6a764642ee0831d9558c893774a,"Bagus ini
RWD
Volvo & Geelly spek & Tekhnologi nya saling Sharing  juga Krn Geelly juga pemilik Saham Volvo",26,2025-11-24T14:38:47Z,2025-11-24T14:38:47Z,2026-09-19T00:23:14.870779+00:00
UgzQ7KXV3yS4oHsqZ3d4AaABAg,dEJ4VEjH1AQ,f3a1dadbebf8fea18a03004c416e9b9af3b28a1125efa93663094073965c9881,"Kelebihan ex2 : RWD, handal untuk tanjakan",14,2025-11-24T13:32:32Z,2025-11-24T13:32:32Z,2026-09-19T00:23:14.870779+00:00
UgzdSLwcwUV2T7KsT2l4AaABAg,dEJ4VEjH1AQ,f107dace758db3a751f7552a8a1d2066f907e547593633a79ff90b10b4886f9a,seneng aja liat perang mobcin😂😂...china awalnya dihina trus bangkit jadi ky gni skrg. salut👏👏👏,14,2025-11-25T08:36:38Z,2025-11-25T08:36:38Z,2026-09-19T00:23:14.870779+00:00
UgwjHfJOXujhnkqzGOJ4AaABAg,dEJ4VEjH1AQ,792fbdd5932c9af9d41791a3ffc252d2f5982da957e7b7539db65c53b33368a4,Makin banyak mobil listrik yg harganya hampir mirip2 makin galau mau pilih yg mana😂,2,2025-11-25T08:42:10Z,2025-11-25T08:42:10Z,2026-09-19T00:23:14.870779+00:00
UgwZTwnX7Eg9lJCajg94AaABAg,dEJ4VEjH1AQ,a60df9cc109e13ada8871bfa203805e90130e40d39c227ff6cb3b19d2631143b,Diantara atto1 n lumin designny sy lbh suka yg ini.keren,6,2025-11-24T23:01:57Z,2025-11-24T23:01:57Z,2026-09-19T00:23:14.870779+00:00
UgyurA-5wHigIVApGoR4AaABAg,dEJ4VEjH1AQ,aae2781144790c8cfaa461183dd06bcb419e7aaf8cc4b54e1f4789a662aa02af,"Kayaknya enak ni. Suspensinya multilink, trus RWD pula. Mantep jugaa. Diharga segitu juga udh dapet tenaga lumayan besar drpada atto 1 atau binguo",24,2025-11-24T22:45:18Z,2025-11-24T22:45:18Z,2026-09-19T00:23:14.870779+00:00
Ugw8nFn1saKb_Gvq8zB4AaABAg,dEJ4VEjH1AQ,eda30f99b68ba21e3ac06bee1467272093c6f6f7ff45406c07275d91bdf101ab,"Air ev dan binguo habis di acak-acak atto1, better binguo discontinue deh trus air ev main di harga 150jtan yg varian tertinggi (soalnya udh Facelift aja ttep gak dikasih ccs2) 150jtan biar bisa ttep bertahan vs lumin vinfast dll, dilema skrg malah di atto1 nambah dikit dapet ex2 lebih proper dari size dan fitur + akomodasi, ex2 cuma kalah sm jaecoo j5 menurut gw krn SUV, fitur, panoramic dan look yg lebih cakep. So tingkatan ev entry level under 300 ada vinfast lumin air ev (klo varian tinggi nya under 200jt dipastikan bisa bertahan), tambah budget dikit mending ambil atto1 5 pintu tp ukuran ttep ringkas, mau yg bagasi lebih lengkap depan, belakang dan kabin lega’an + rwd ambil ini ex2 rekomendasi nya. Klo mau lebih cakep fitur gokil jelas jaecoo j5 tahtah tertinggi mobil entry level, ini mobil 500jtan harga entry level.",6,2025-11-25T03:34:19Z,2025-11-25T03:45:22Z,2026-09-19T00:23:14.870779+00:00
UgwtHStJhWaNpPh325Z4AaABAg,dEJ4VEjH1AQ,c08776c9c0507fa39e25f3e8eacf845667b1dd154932802f171a3fc47658fe3e,Honda lakunya dibawah 500jt..dihajar merk tiongkok mantapp,6,2025-11-24T12:34:57Z,2025-11-24T12:34:57Z,2026-09-19T00:23:14.870779+00:00
Ugwe_w6bU4Ak5fw_JRZ4AaABAg,dEJ4VEjH1AQ,40a8ccb26cb98314cfcbb4cc4aa43f89494a24b4b6b932fdabbe9a5d589be297,Model oke specs oke harga oke. Yang pro udah cukup.,3,2025-11-25T03:34:15Z,2025-11-25T03:34:15Z,2026-09-19T00:23:14.870779+00:00
UgxiMgXOfjR-iT70H3V4AaABAg,dEJ4VEjH1AQ,aa67a92b95d4301fa3d50e1ceafb02a5d9a57763984d3f0b56d8bae9c0583af3,"Keren, jadi pengen punya tapiiii 😮",1,2025-12-02T16:00:46Z,2025-12-02T16:00:46Z,2026-09-19T00:23:14.870779+00:00
UgwTJ2m0eDCvGmyPWzF4AaABAg,dEJ4VEjH1AQ,f916750c5f53942620d231bb2f4b4df979d451fbc7b01244902673779c64cba5,Mantap ini RWD  pasti laku di luar jawa,2,2025-11-26T06:33:12Z,2025-11-26T06:33:12Z,2026-09-19T00:23:14.870779+00:00
UgwhZh47jsQ6b1wexEB4AaABAg,dEJ4VEjH1AQ,012f650105ac514c697dd2b128e9118ff2b7299efc832e7583a70dcccafbfc12,Mantap nih,1,2025-11-27T04:50:14Z,2025-11-27T04:50:14Z,2026-09-19T00:23:14.870779+00:00
UgxwQI9I424gije5PxB4AaABAg,dEJ4VEjH1AQ,8d9de2de53cc25eabebed8222dce459e178a7aa2d0ebb6e0e159405af04e1ba6,kata rwd sangat menarik di konsumen indonesia,2,2025-11-26T21:45:12Z,2025-11-26T21:45:12Z,2026-09-19T00:23:14.870779+00:00
Ugx9pqUE1pndjjR-jaV4AaABAg,dEJ4VEjH1AQ,f70694c8b3205f8a664b1fed48c065235800698b1cc70f32737d83b0d7cbc329,"Yg pro manteb banget.. kapan lg 230jutaan dapet tenaga segede itu, dapet RWD, beli dah sama wall charger, dapet front trunk pula. Luas juga drpada atto 1",19,2025-11-24T15:19:05Z,2025-11-24T15:19:05Z,2026-09-19T00:23:14.870779+00:00
Ugw2ShCy1zI7x8uVgxd4AaABAg,dEJ4VEjH1AQ,e39d4208bfe1cc5d3ef36f5e6772679c9111d2cd81c5fd50dfce549c9e6d4eb8,Waduh....jadi pengen.,1,2025-11-28T23:54:52Z,2025-11-28T23:54:52Z,2026-09-19T00:23:14.870779+00:00
Ugy4bn8F3HRm4bUMTrh4AaABAg,dEJ4VEjH1AQ,5e4ba07d4bbbf332566996252aa9805aa29f9139329da09d78b1b873d820f920,Tinggal nunggu Atto 2 masuk tahun depan. Seneng skg byk bgt pilihan di range 200-300jt dengan fitur mumpuni. Emg udh tanda2 pindah dari pabrikan jepang. Ga kuat euy PKB tahunannya lumayan juga buat di jakarta aplgi EV bebas gage.,4,2025-11-26T11:44:16Z,2025-11-26T11:44:16Z,2026-09-19T00:23:14.870779+00:00
UgylUZtrFhEpXG5CrtB4AaABAg,dEJ4VEjH1AQ,fe8f3238ce64cfaa2ddfa018d3165c3937fb31c1a29812ec611fa4e2f9083101,"Geely di indo gak seterkenal BYD, setelah cari info ternyata Geely itu pemilik Volvo, Lotus, Zeekr, Smart, Lynk&Co, Proton, Polestar, punya saham di Mercedes dan Aston Martin. Sudah launching 11 satelit buat dukung mobil masa depan mereka. Pantesan pas test drive rasa mobilnya beda dengan mobil yg sekelas harganya.",2,2025-11-28T13:06:22Z,2025-11-28T13:06:22Z,2026-09-19T00:23:14.870779+00:00
Ugwv1YmzQDqhFlusr6t4AaABAg,dEJ4VEjH1AQ,980af50c42127f6d3fc5dff655d7a50a8e633d129511386bfaee7c6dc2943bb7,"Luas...gedeeee....power....gak ribet isi etanol bahlul bikin rusak mesin 20 -70 juta...
Gooo EV",22,2025-11-24T12:44:54Z,2025-11-24T12:44:54Z,2026-09-19T00:23:14.870779+00:00
UgzmJfffPoZJHD6XTsN4AaABAg,dEJ4VEjH1AQ,de443175de6e1e72ee9e2275ee360868948011d9c82eed8f6a6c8b3e1ab5cf56,Mobil pehobi drifting dgn torsi ev,4,2025-11-24T14:12:57Z,2025-11-24T14:12:57Z,2026-09-19T00:23:14.870779+00:00
Ugz2Ac08C4_X4KB-9MF4AaABAg,dEJ4VEjH1AQ,8083f02e1cddd8013594b1cfa68ad4de28128454831c525f9e85bae76423cadc,Sayang ga ada sunroof,4,2025-11-26T02:07:24Z,2025-11-26T02:07:24Z,2026-09-19T00:23:14.870779+00:00
UgxS6GTT_t9jjcT7gBl4AaABAg,dEJ4VEjH1AQ,2a87572b2ae004aa119db4107d7e1eec55ecc3b25621d6827d78b80dfcf93e6c,"Review lo asik bang,,,
gampang di pahami ga sok²an pake bahasa yg ga harian gitu. sukses terus buat channel lo bang",0,2025-12-05T10:43:54Z,2025-12-05T10:43:54Z,2026-09-19T00:23:14.870779+00:00
UgxKR05VfAm4oiGG0FJ4AaABAg,dEJ4VEjH1AQ,4c703b8be14d64611eddc866659c1b5f1552a740e71e06de37ddaadec6b03d57,Varian Max OTR Jakarta 242jt baru asyik,2,2025-11-25T11:18:06Z,2025-11-25T11:18:06Z,2026-09-19T00:23:14.870779+00:00
UgybmOedO9jjpjgJhIB4AaABAg,dEJ4VEjH1AQ,8bf4655516f21b9895885b168057c178e98ccbf9a43736978c4a136460011ec5,👍👍👍,0,2025-11-25T01:00:41Z,2025-11-25T01:00:41Z,2026-09-19T00:23:14.870779+00:00
UgxFyLYqBsnrGDyPzEV4AaABAg,dEJ4VEjH1AQ,0362d127ef22f2e02d25851d488b50b9aa7f55a721fc12d171a78c83cdca2486,"kendaraan EV makin populer, Indonesia wajib punya pabrik daur ulang baterainya",3,2025-11-24T23:42:34Z,2025-11-24T23:42:34Z,2026-09-19T00:23:14.870779+00:00
UgyUqgu6MfIToS8VPKx4AaABAg,dEJ4VEjH1AQ,8efe24550fadd5b01189d76ea4f6bc20de01e80c7a2c18dd44614eaf9702369b,Kalo ada yg warnanya merah bisa mirip karakter cars mini racers yg bernama *_Natalie Certain_*,2,2025-11-25T11:06:22Z,2025-11-25T11:06:22Z,2026-09-19T00:23:14.870779+00:00
UgwgjI5NJHo2JYv9rMR4AaABAg,dEJ4VEjH1AQ,df838d8178840b6d57f9b07a18e9b2919b600d8a7d7a718137c99d98b4085819,RWDnya itu yg bikin menarik,7,2025-11-25T04:14:53Z,2025-11-25T04:14:53Z,2026-09-19T00:23:14.870779+00:00
UgxaaQPABBAeZG0NnRJ4AaABAg,dEJ4VEjH1AQ,31f47b0ccc26c5b3a23a0a82eb265689160f10b0d1fa67acc85edb4d8cfdf2d6,Tetap BYD Atto 1 😁 30kWh diharga bawah 200jt dimana lagi wkwk,4,2025-11-25T03:08:08Z,2025-11-25T03:08:08Z,2026-09-19T00:23:14.870779+00:00
UgyfdDxZD5Lt7FGZSct4AaABAg,dEJ4VEjH1AQ,3c6431315fda29cc676ae90c2b4d3b02179aef449e1281e6d0d79acaa2f05a22,yg paling disuka dari mbl ini yaitu rwd,0,2026-01-30T09:56:48Z,2026-01-30T09:56:48Z,2026-09-19T00:23:14.870779+00:00
Ugw1wFBEi_XFCu9o61t4AaABAg,dEJ4VEjH1AQ,24689fa524e893220552ba0279fef9bc348d8b29cd7165f86b377f890654eaf5,Jangan dibandingin sama Jaecoo j5. Nanti sales byd marah. Mereka bilang beda segmen😂,2,2025-11-25T10:47:49Z,2025-11-25T10:47:49Z,2026-09-19T00:23:14.870779+00:00
UgzsjcKLwdjCHl7wpQt4AaABAg,dEJ4VEjH1AQ,b98031b91fb7adf82236d47f0ee2904537f92f8064e65b52453befee5b80998a,Gue udh pesan gelly ex 2 type max ..udh test drive mantap,0,2026-01-11T04:08:25Z,2026-01-11T04:08:25Z,2026-09-19T00:23:14.870779+00:00
Ugwg81HUuhHxyXl2UCR4AaABAg,dEJ4VEjH1AQ,29a3560342a2d0c5c56d1bc8fc7054414ae6b13b988616aa71d8aba541a81fe9,EV cina sekarang desain nya cakep2,3,2025-11-25T12:09:33Z,2025-11-25T12:09:33Z,2026-09-19T00:23:14.870779+00:00
UgxwlEcCdYFZ7g-5lUV4AaABAg,dEJ4VEjH1AQ,5c8300e326f2f515ece1a83944a370a16f3f28754857a8449e67f6589daa8d61,Mobil Geely semuanya rwd ya? Sangat menarik klo masuk mobil 7 seater geely harga di bawah 300jt :D,3,2025-11-25T00:52:39Z,2025-11-25T00:52:39Z,2026-09-19T00:23:14.870779+00:00
UgzD2VDnfc9eKKBJm5l4AaABAg,dEJ4VEjH1AQ,7a1faacab7711ec38b7d7ba91aef253e3204eb371be47ae585da0b885d02d6bd,Penggerak Roda Belakang. Gak nengok yang laen deh.,0,2025-11-29T07:57:55Z,2025-11-29T07:57:55Z,2026-09-19T00:23:14.870779+00:00
Ugztk-QDqBDy5swQHXp4AaABAg,dEJ4VEjH1AQ,9707cf6d3feeba94af87f7d0be4bf191904167a9f3942817ae5a88e724d7cd66,Tipe pro kalau dimodif ala2 rally look sekut banget👍👌,6,2025-11-24T13:37:19Z,2025-11-24T13:37:19Z,2026-09-19T00:23:14.870779+00:00
Ugx7Z2ob2DEhWdbj3-N4AaABAg,dEJ4VEjH1AQ,b1509744a73a01ef50e2afa30e077b6853fa87dd2c93fe4710d084f4f64f4dac,"cun sekali mobil 1 ini beneran,,, jepe di bukit888 langsung lunas pasti",40,2025-11-24T14:58:22Z,2025-11-24T14:58:22Z,2026-09-19T00:23:14.870779+00:00
UgxqLavoMBHuv-jutTB4AaABAg,dEJ4VEjH1AQ,563c789a8dd57a872f667baa10e15c437b831639d7f7126efa99ad30d17587fc,"kok lebih menggoda versi pro ya, fitur yang ane harap ada juga di pro cuma camera 360, tapi kayanya untuk mobil ukuran segini cukup sih kamera belakangan doang, good job geely.",0,2025-11-28T06:01:48Z,2025-11-28T06:01:48Z,2026-09-19T00:23:14.870779+00:00
UgyzbBwqMgiFmfwzzAF4AaABAg,dEJ4VEjH1AQ,c08776c9c0507fa39e25f3e8eacf845667b1dd154932802f171a3fc47658fe3e,Brio ketar ketir dihajar tiongkok 200jtan byk pilihan,12,2025-11-24T12:32:26Z,2025-11-24T12:32:26Z,2026-09-19T00:23:14.870779+00:00
UgyoIXFCaqEj9BtGF8J4AaABAg,dEJ4VEjH1AQ,36304d9c3d25ba6bcb2221ab8c59b053531f9143520c80aba7be44e7975cdc26,Mantep si ini. Drpada Atto 1 dah terlalu pasaran wkwkw apalagi katanya jd armada grab. Dari fitur juga ga kalah ini sama atto 1 apalagi binguo,12,2025-11-24T14:12:06Z,2025-11-24T14:12:06Z,2026-09-19T00:23:14.870779+00:00
UgyZB8ccqT4KtEcjFHl4AaABAg,dEJ4VEjH1AQ,162b94c9eee2ef957999252b0812ef4a1b44798f10b076b0626916c943d9e9f7,Bye² Brio dkk di kelasnya,2,2025-11-24T13:19:41Z,2025-11-24T13:19:41Z,2026-09-19T00:23:14.870779+00:00
UgztDN9peOeQRtOMxAp4AaABAg,dEJ4VEjH1AQ,fdc6667d068a3722973a185ec36e72760a17c22dd19587716898e4e9b6d9b8e8,Kayaknya lumayan gede ya body nya. Lebih lega dari atto 1,0,2025-11-24T23:22:01Z,2025-11-24T23:22:01Z,2026-09-19T00:23:14.870779+00:00
UgxfwlANPBOWx1lVObt4AaABAg,dEJ4VEjH1AQ,bf168fb627641dbc552c6e5dea664009dc95d4902aba8280f2274fa3c8a48a63,sayang sekali minim tombol fisiknya,1,2025-11-25T01:40:13Z,2025-11-25T01:40:13Z,2026-09-19T00:23:14.870779+00:00
Ugy2gdxCM8oBM13cbTJ4AaABAg,dEJ4VEjH1AQ,e641a2f8dce3e5d3eae04c540aa99d17b2e54148208e970cafc0b2c51573a760,"Enakan ini kayaknya dibanding Honda Beat gw deh, 🤔",10,2025-11-24T13:57:19Z,2025-11-24T13:57:19Z,2026-09-19T00:23:14.870779+00:00
UgyyhURUouta5mp4OMB4AaABAg,dEJ4VEjH1AQ,230f75aafdedb60cab414f540f09c0c878daeb56f47095ec262d1a92e9fa2a14,100 jutaan kecil gempar,2,2025-11-25T01:48:27Z,2025-11-25T01:48:27Z,2026-09-19T00:23:14.870779+00:00
UgwGN9DLB3j6ZmskDll4AaABAg,dEJ4VEjH1AQ,b643b3529c9238db61e130530b1abe9c8cde3ccc0b86e5e5f97fc303bb3fbb84,Sekilas gading marten versi tiongkok,0,2025-12-03T12:32:38Z,2025-12-03T12:32:38Z,2026-09-19T00:23:14.870779+00:00
UgxGgRjAz-xqoJykTrx4AaABAg,dEJ4VEjH1AQ,aee12f593b7753328d414703bd11ceadf7411932bb5e77d3dc12e9e70384d3bb,Kalo di malaysia namanya jadi proton emas5,8,2025-11-24T13:52:51Z,2025-11-24T13:52:51Z,2026-09-19T00:23:14.870779+00:00
UgyyCqRk8bcp0M5E6-d4AaABAg,dEJ4VEjH1AQ,f4eeb28f35cc31cb95b5658675345afdeeacffc7123d600fe61695fd9693d5b7,Mantap ni yg pro lebih worthed daripada atto 1 versi termahalnya yg 235 jt,2,2025-11-25T01:23:28Z,2025-11-25T01:23:28Z,2026-09-19T00:23:14.870779+00:00
Ugx9XLxz4RyszqvK7rN4AaABAg,dEJ4VEjH1AQ,649d28b36ac73fd37d75b5354e2b81884fec871636f025622d2b534827288e03,Lagi2,0,2025-11-25T01:57:13Z,2025-11-25T01:57:13Z,2026-09-19T00:23:14.870779+00:00
UgzKR90CEbLpgThChMh4AaABAg,dEJ4VEjH1AQ,463ba24caa1d7442637a6f6daef41b8e3040bc92a955ba9810089302c32f9156,"Kemahalan Yg max, itu kaca spion blm elektrik, bagasi belakang blm elektrik, kursi tengah belakang ngak ada rest arm, bnyk yg harus ditambahin klo harga 273 JT, padahal itu sudah di tambahkan ke merk2 pesaingnya, bakal masuk jg MG4 EV DAN WULING BINGO S FACELIFT, makin seru aja pasar kelas mini EV",0,2025-11-27T13:03:48Z,2025-11-27T13:03:48Z,2026-09-19T00:23:14.870779+00:00
Ugy9EIsj2H0Y7LQk75p4AaABAg,dEJ4VEjH1AQ,f66ef6789a2c19793798838e418dbdce4c4bea4e80ee94198744462838200eab,"Mending Atto 1, kursi electric, range 380, cruise control, ukuran lebih sat set buat perkotaan",6,2025-11-25T00:56:05Z,2025-11-25T00:56:05Z,2026-09-19T00:23:14.870779+00:00
UgzslxCRu2XVMUs2u6x4AaABAg,dEJ4VEjH1AQ,960f818762e13719c42c44666efa3dec06769c04652a0d56edd1715c39d47aac,harusnya Esemka jual ini aja daripada pickup nya,0,2025-11-29T23:32:38Z,2025-11-29T23:32:38Z,2026-09-19T00:23:14.870779+00:00
UgzzZonO7hDDLyY3Is14AaABAg,dEJ4VEjH1AQ,a520c03ae006a29b1ea946d31262bf44acb7e43b75cc096bdf6f3df8f8463ab4,Apakah yg versi terendah sudah adas pak?,0,2026-01-03T02:20:07Z,2026-01-03T02:20:07Z,2026-09-19T00:23:14.870779+00:00
UgxwR409LE0WHqtb6BJ4AaABAg,dEJ4VEjH1AQ,e9daee4ba5dcf2004d29dce8fdaa1227218f34d94b472ed4099d04477d3dc387,Ini mobil mini Mazda versi barby,0,2025-12-11T15:23:11Z,2025-12-11T15:23:11Z,2026-09-19T00:23:14.870779+00:00
UgwXIGLxcEhb4Asue3d4AaABAg,dEJ4VEjH1AQ,c55dda78b754c8ec7b04d065328fe3bdbea43a10a02fc783f8c5aa74edc02d59,Paling cakep dibanding pesain di kelasnya,0,2025-11-25T04:49:24Z,2025-11-25T04:49:24Z,2026-09-19T00:23:14.870779+00:00
Ugwj25gprraGfXM_jSJ4AaABAg,dEJ4VEjH1AQ,16aa01b778fa2691f58006d4a5a10464b72982c4e5e4b641d1d843b24285ad2f,"Orang yg mampu beli mobil listrik dan sayang sama nyawanya pasti beli mobil listrik kenapa, karna dia gk mau menghirup karbon dari mobilnya sendiri ketika dipanasin, dan masuk rumah asap nya , coba klo itu setiap hari dihirup sama diri sendiri dan keluarga, paru2 pasti kotor",1,2025-11-26T10:49:58Z,2025-11-26T10:49:58Z,2026-09-19T00:23:14.870779+00:00
UgxuIs7M7C1hfLMmvjV4AaABAg,dEJ4VEjH1AQ,44ee384c0adb84813413f869ecfc6a8e6d60c1f611d5580218ce47ae4179c558,Cakep ini drpd atto 1 😅,5,2025-11-24T12:44:39Z,2025-11-24T12:44:39Z,2026-09-19T00:23:14.870779+00:00
UgyuUqi56TfH_U35mvx4AaABAg,dEJ4VEjH1AQ,925b02190b33a8fe4f2351e1c1e9ade16c964660e81591a1d62b784c5c0f77e0,Ga sampe 9 detik 0-100km/h 👍,0,2026-01-14T11:29:52Z,2026-01-14T11:29:52Z,2026-09-19T00:23:14.870779+00:00
UgzmLsWcROBg5eRj6194AaABAg,dEJ4VEjH1AQ,30a3792b3075f37096ae373a09149dc5506054f522c409282436cdf8debb6e82,"Di China dijual  harganya cuman 150-170 jutaan, markup nya disini banyak juga ya...",2,2025-12-24T10:02:27Z,2025-12-24T10:02:27Z,2026-09-19T00:23:14.870779+00:00
Ugw6aRouPWQ5QKPoDmR4AaABAg,dEJ4VEjH1AQ,8dd751ec0da85cf83abf0fe08cd2d876f77bb952d898e662bf1debcd35078f49,"PERSIS bang, bukan PERCIS....",1,2025-11-26T10:00:48Z,2025-11-26T10:00:48Z,2026-09-19T00:23:14.870779+00:00
UgxkfJuVZK1g9xbu7bh4AaABAg,dEJ4VEjH1AQ,888f5aea6bdc7958c4fe71f6473f5dccf84088157170e95a806e98cdea379976,"Gw udah coba semua trio di bawah 300 juta. Gw heran org2 ga beli mobil ini. Udah bantingan dan bawaan enak, interior ok. Pas testing anak2 sm bini gw aja suruh beli ini.",0,2026-01-02T14:16:13Z,2026-01-02T14:16:13Z,2026-09-19T00:23:14.870779+00:00
UgwjQ9a_2DxHSgGGrzR4AaABAg,dEJ4VEjH1AQ,649d28b36ac73fd37d75b5354e2b81884fec871636f025622d2b534827288e03,Yang worth it versi max.,0,2025-11-25T03:11:51Z,2025-11-25T03:11:51Z,2026-09-19T00:23:14.870779+00:00
UgycMHnF22-I7qbVx1F4AaABAg,dEJ4VEjH1AQ,b4e2119a88ce248adf4d1cbbbfa7fbc87aa61b96ad677416a81181ec9f2a5464,"Ex2 harusnya laku keras klw dealer sudah merata diberbagai daerah, tinggal komitmen sebaran dealer dan harusnya lifetime warranty utk bikin tenang konsumen yg beralih dari ICE.
Worth it harga sgitu mirip proton emas ga kemahalan utk kelasnya",3,2025-11-24T12:54:22Z,2025-11-24T12:54:22Z,2026-09-19T00:23:14.870779+00:00
UgwqbGFfD7mMaiGzMjd4AaABAg,dEJ4VEjH1AQ,7d01e0cfb3201bd59b896a7503df78b1952d68b6c22493f92181fb13d7e9909c,Baterainya lifetime atau 8 tahun min?,0,2025-12-04T12:19:23Z,2025-12-04T12:19:23Z,2026-09-19T00:23:14.870779+00:00
Ugxr0RWMHkqHWARsb_p4AaABAg,dEJ4VEjH1AQ,012f650105ac514c697dd2b128e9118ff2b7299efc832e7583a70dcccafbfc12,Persis atau percis???,0,2025-11-29T11:02:43Z,2025-11-29T11:02:43Z,2026-09-19T00:23:14.870779+00:00
Ugz_jfpMwD7-WmPVUzN4AaABAg,dEJ4VEjH1AQ,6dd8c7ef2bf3cf5f58fac6d191c5a127cae0ba66abac0dbb5a52c8e0ec2cb116,"Saya ga sreg sama exteriornya, terlalu girly, ground clearance terlalu pendek, jaringan bengkel Geely sedikit",6,2025-11-25T05:54:44Z,2025-11-25T05:54:44Z,2026-09-19T00:23:14.870779+00:00
UgzriB2__qAbf2qJbRN4AaABAg,dEJ4VEjH1AQ,3b155ccdc043a740e6b584147d96aa29b4e444581cd8bd42232ca06665712e8d,"Gara2 Si Atto 1,skg Harga Mobil listrik atau bensin, sudah mulai masuk akal.. 
Soalnya kalau tinggi2 banget kaya wuling Binguo yg sebelumnya, yakin bakalan kagak ada yg ngelirik",4,2025-11-25T01:30:24Z,2025-11-25T01:30:24Z,2026-09-19T00:23:14.870779+00:00
UgxvCdrji5eH7TV3nE94AaABAg,dEJ4VEjH1AQ,e9f9021ba096cfc68dee484bd9347b0d72e70ccccfd1ede1072d74bfc8df1acf,Sayang sekali seinnya di kiri bukan kanan macam byd,1,2025-11-24T15:34:19Z,2025-11-24T15:34:19Z,2026-09-19T00:23:14.870779+00:00
UgwPK2R33j3uk61etRl4AaABAg,dEJ4VEjH1AQ,db2d0c4b2409c282564727e540329659b36ce5653920eec9131c5e680b016b01,kenapa hobi banget ga pake wiper belakang ya😢,2,2025-11-25T10:42:51Z,2025-11-25T10:42:51Z,2026-09-19T00:23:14.870779+00:00
UgzoapC0r_1T_ZRQWiR4AaABAg,dEJ4VEjH1AQ,8ccc59ceb6b161c0ba8af17691aeaef090bff822334bd909af19e564ae2b67d1,jepang makin teriak panik,4,2025-11-25T16:36:06Z,2025-11-25T16:36:06Z,2026-09-19T00:23:14.870779+00:00
UgyPKFrRItjRh3g7rG94AaABAg,dEJ4VEjH1AQ,1ffdd7b71d8b758ba2fda70c8489c5f6f1ac50efa1cd48b3043031f7decb71d5,"Beli yg varian Pro sudah sangat worth it, dari segi dimensi dan tenaga emang sedikit diatas Binguo dan Atto1 kelasnya

pilihannya antara Atto1 Dynamic atau Ex2 Pro aja, lupakan Binguo",1,2025-11-25T13:54:13Z,2025-11-25T13:54:13Z,2026-09-19T00:23:14.870779+00:00
Ugyu9q7OAfjewBw8KSJ4AaABAg,dEJ4VEjH1AQ,51e47ca0e673a85a2f9ebc8ab94db050bfa0efdf2adbf547a90d55a524d6ba8d,Kalah lah sama Atto 1 kan atto ada yang under 200,0,2025-11-27T15:54:23Z,2025-11-27T15:54:23Z,2026-09-19T00:23:14.870779+00:00
UgyVRpYriOV9xFrhR9x4AaABAg,dEJ4VEjH1AQ,ffadf431d9173ff9a24e2d0d8b2b9c55367be8e963572ca99a4d0676331f5afd,Geely ini yg satu grup sm volvo bukan? Yg iklannya ketiban truk macem volvo?,1,2025-11-25T11:34:07Z,2025-11-25T11:34:07Z,2026-09-19T00:23:14.870779+00:00
UgzA7NqZG7MT2FJ9IGd4AaABAg,dEJ4VEjH1AQ,ac1bacfddb69df4b74e497ea8b04491a048a883a232e90da6ba2099f3110e619,273jt mending nambah dikit dapat J5 EV premium yg lebih proper sebagai mobil 🔥,1,2025-11-24T16:37:37Z,2025-11-24T16:37:52Z,2026-09-19T00:23:14.870779+00:00
UgypHOWTLy8m3smpATB4AaABAg,dEJ4VEjH1AQ,97420f858a5c2c3d688ae3c56d35f0dde2fc051577e0ad10d3aa471b28f40741,Mobil LCGC akan nangis pada waktunya 😅😅😅,6,2025-11-25T03:23:07Z,2025-11-25T03:23:07Z,2026-09-19T00:23:14.870779+00:00
Ugxqo9bDJcCVnclxvat4AaABAg,dEJ4VEjH1AQ,b6db0c595d5cb6bf5ddd1d99762de7881c799295a31519b9bc04e86cb8af6751,siapa rivalnya di mobil ini?,3,2025-11-24T12:37:40Z,2025-11-24T12:37:40Z,2026-09-19T00:23:14.870779+00:00
UgwuUcxhBRdt-aXFW714AaABAg,dEJ4VEjH1AQ,5c550ccae7e9148c57e8b2ef8795e544ebc1e41c9ca056bda2dd335b90c0326b,"Jujur iya lebih worth it yg pro. Dibandingin sama atto 1 pun, dengan harga 233jt dah dapet RWD, tenaga lebih gede, front trunk, trus beli dah sama wall charger 😂",4,2025-11-24T13:52:06Z,2025-11-24T13:52:06Z,2026-09-19T00:23:14.870779+00:00
UgxiUVQVNfS3HHd3uuF4AaABAg,dEJ4VEjH1AQ,4b3ba53c9ee0a7d121512d574c53aac653ea7c5579eee3d6c470e8634e8fae9e,Beda kelas Ama Changan lumin,1,2025-11-24T12:29:44Z,2025-11-24T12:29:44Z,2026-09-19T00:23:14.870779+00:00
UgxwrAwVix2v6E85Gj14AaABAg,dEJ4VEjH1AQ,18d29e5a87d5935d3424c7e5cbd651ccf04f847e5d84902f75915bbbcfe9db9f,"Saya jd ngilerrr...
Udah lirak lirik yaris lele saya, tergoda utk pindah ke lain hati 😅
Tapi paling gemeteran klo liat atto 1, sumpah ni mobil klo saya hitung worthes juga utk 10thn kedepan, perbandingan saya hitung dengan brio",0,2025-11-24T14:06:47Z,2025-11-24T14:06:47Z,2026-09-19T00:23:14.870779+00:00
UgxbouUAIsCm7Er41O14AaABAg,dEJ4VEjH1AQ,44d3642077170d5ffc721783d0bfb27d2ac079dfbc00ccbceead92a37b654b18,EX2 fiturnya disunat dibanding xingyuan,1,2025-11-24T13:52:42Z,2025-11-24T13:52:42Z,2026-09-19T00:23:14.870779+00:00
UgyIx_RopjZdeuqJia94AaABAg,dEJ4VEjH1AQ,c07520d0a189086e9961287165149395a52b7382fe8d1216d9565af46ddacd55,"Avanza 4,1m-an bisa 3 baris..",0,2025-11-24T14:12:27Z,2025-11-24T14:12:27Z,2026-09-19T00:23:14.870779+00:00
UgyFO0tVMGkd4QYdJi14AaABAg,dEJ4VEjH1AQ,b32750fa5112d1295bb961239a6bd4eb73e4ed8e7c37b5e8f3c8c5463f8dc13b,velg parah,0,2025-12-13T14:40:17Z,2025-12-13T14:40:17Z,2026-09-19T00:23:14.870779+00:00
UgzdkaQv_TLx1tYg-K54AaABAg,dEJ4VEjH1AQ,6f6afd6d0876a31175df0b24fc6d0c81756417252a960c74013bd70216872c9b,Asal gk tiba2 cabut dari indo aja. kasihan yang beli nyari nyari sparepartnya nanti kalau usianya udah lumayan berumur,0,2025-11-26T10:37:01Z,2025-11-26T10:37:01Z,2026-09-19T00:23:14.870779+00:00
UgwR9qY3PPPDPWZ2AgR4AaABAg,dEJ4VEjH1AQ,0e7c792082131f06487ad9d6c5dd729a511cebb18dd911fa3462a12495da7b26,Om Audy kenapa memilih Hybrid ketimbang EV?,0,2025-11-24T15:17:27Z,2025-11-24T15:17:27Z,2026-09-19T00:23:14.870779+00:00
Ugzf0anX-cVPNKvGGa94AaABAg,dEJ4VEjH1AQ,f1e171ee35fe7da5e9dff7def1e2fadaa548b4ddbfde7170cea2f018e70e11e2,"saya sudah spk, namun ckup disayangkan banyak fitur yg disunat, okelah klo power tail gate diilangin, tp fitur esensial seperti retract spion otomatis, wireless charging, laci tarik diilangin tuh sedikit membuat kurang sreg 😅 tapi overall secara built quality dan fitur safety suka, gk sabar nggu mobilnya, mudah mudahan masih ada revisi spesifikasi sampai mobil resmi didistribusikan",2,2025-11-27T07:45:14Z,2025-11-27T07:45:58Z,2026-09-19T00:23:14.870779+00:00
UgyCSfCcgoyDCSYrpfZ4AaABAg,dEJ4VEjH1AQ,bbfeb9057694e7e653c9b91c9cd926ce63161099655dd2ff12ef9a6feaf39e85,"mobil 200jutan udah semewah itu, dan kalian masih suka bully brand china 😢",0,2025-11-24T23:45:32Z,2025-11-24T23:45:32Z,2026-09-19T00:23:14.870779+00:00
UgyCYLizWWIh4899SO54AaABAg,dEJ4VEjH1AQ,e445abeb812948af991bdb017c24c88ab0773f82803875df069131cdf37bd54d,Mobil2 jepun akhirnya kalah dgn mobil2 china seperti hp nokia yg klh saing dngn samsung,0,2025-11-30T01:42:48Z,2025-11-30T01:42:48Z,2026-09-19T00:23:14.870779+00:00
UgyYQR7SznB75FNybaF4AaABAg,dEJ4VEjH1AQ,e5fe3a3f23f3b70f7d1287c5638a6c559baa2af1ee39b0323f44d27ce1d1e276,Rwd kurang berguna di mobil listrik,0,2025-11-26T16:35:55Z,2025-11-26T16:35:55Z,2026-09-19T00:23:14.870779+00:00
UgwziDU9ZbhRx9ASkCp4AaABAg,dEJ4VEjH1AQ,dfbcc240344524ca6569eac5ff3aa5ebd1870384326679edfc50846b0fe577b4,Apakah kapasitas batrenya sama versi pro dan max?sehingga jarak tempuhnya jg sama atau gimana?pengecasannya CCS2 atau gbt?,0,2025-11-25T00:06:59Z,2025-11-25T00:06:59Z,2026-09-19T00:23:14.870779+00:00
UgxByuHYaFHSGmvVYpZ4AaABAg,dEJ4VEjH1AQ,6c67433d2e4f63af2bce735a2bfc016f24bd65079f91cc3504797632ab536eb1,"Calon ngga laku, harga kejepit sama Atto1 dynamic dan J5. Mestinya harganya 195 dan 235jt untuk hajar atas bawah.

Di China harganya mirip2 Seagull kok sampai sini beda jauh. Marketing nya juga kurang ok. Launching ngga ada gemanya.",2,2025-11-24T13:32:20Z,2025-11-24T13:33:12Z,2026-09-19T00:23:14.870779+00:00
UgwQTzKri-Rz3JXARoB4AaABAg,dEJ4VEjH1AQ,3c092641817d887625c580500c1b92f08f117df155250a728ff641acd8b8c188,Kemahalan merk ga jelas !,0,2025-11-25T04:20:30Z,2025-11-25T04:20:30Z,2026-09-19T00:23:14.870779+00:00
Ugysi9oTca8uIOzJudl4AaABAg,SQJwC-QLsRk,a4653e00ad0bdc68b12cb84e803597187158e473745a0274f4c11ac38fbb2e19,"Kalau punya 300 juta ambil j5 premium
Kalau punya 240 juta ambil ex2 pro
Kalau punya 200 juta ambil atto1 standart",41,2026-04-25T21:23:36Z,2026-04-25T21:23:36Z,2026-09-19T00:23:15.005212+00:00
UgxNzr1mkjhQzWWE3up4AaABAg,SQJwC-QLsRk,c50af5172a745210d00f99d9ab3cffd06410b546e90691f7dfc9e5e0ebeaba17,Akhirnya yang ditunggu2 masyarakat Indonesia,6,2026-04-25T17:04:19Z,2026-04-25T17:04:19Z,2026-09-19T00:23:15.005212+00:00
UgwUf2ktPviJ2EVln7J4AaABAg,SQJwC-QLsRk,3282b52cb520bf66d105e85724e5fbad9abcf7b653bf0589a63c9036910fb75d,Udah punya J5. overall gak ada kata menyesal. malah jadi keputusan paling tepat dalam hidup gw.,116,2026-04-25T09:23:26Z,2026-04-25T09:23:26Z,2026-09-19T00:23:15.005212+00:00
Ugw0ymvYlImNpSF8h_Z4AaABAg,SQJwC-QLsRk,cd431ba8d014123053b30f8e4d16c1d289ce2cc471b5a3be6dfb0591c5c57790,Asiik niih episode nya panjang sampe bersambung 🔥,3,2026-04-26T11:04:53Z,2026-04-26T11:04:53Z,2026-09-19T00:23:15.005212+00:00
UgxJNBvaAEOTVQ6vBEp4AaABAg,SQJwC-QLsRk,c5f6309f02bcd2bf66cfb34c4e2f3c7b35a225df5e435a805be4b047952304a6,"Wah baru tau ada official subwoofer buat jaecoo, nice👍",4,2026-04-25T16:43:16Z,2026-04-25T16:43:16Z,2026-09-19T00:23:15.005212+00:00
UgxsfgAR2lDvIDhnGcd4AaABAg,SQJwC-QLsRk,9c670002ab9841feb3e8be2f2e58a2ba043f9dd81f895408faf1c7f76ad41e70,Mantapp Moladin...ayo review MGS 5 EV donk..compare sm EV lain juga ditanjakan pastinya 😂,6,2026-05-04T03:08:03Z,2026-05-04T03:08:03Z,2026-09-19T00:23:15.005212+00:00
UgyiIIjue5MfWIGYhJd4AaABAg,SQJwC-QLsRk,3ee0d4ace9e480b8c0c7186918c8d65f092c5b1afa7f6b185e926ccb635911ff,J5 the winner🎉,16,2026-04-25T15:08:07Z,2026-04-25T15:08:07Z,2026-09-19T00:23:15.005212+00:00
UgzI2-Dd34UWF-RRoRR4AaABAg,SQJwC-QLsRk,511b6a05134ddf96da98da808ec5a26c1fae34ae37f383de6b88bb6f8646d19a,"Ternyata Part 1 Video Ini... 

Next, Part 2.",3,2026-04-25T10:26:06Z,2026-04-25T10:28:14Z,2026-09-19T00:23:15.005212+00:00
UgxW_zPlkjHxuHZY0jJ4AaABAg,SQJwC-QLsRk,63ff1766bb00d70b8c3d24fcb65587a32da2fc921eaeda05920f894a0a223e75,Seneng kihat Om Karim ikut banyak komentaf. Dari dulu sebelum Moladin lucu kok Karim ini. Btw Mas Nanda kemana ya?,1,2026-04-25T13:52:46Z,2026-04-25T13:52:46Z,2026-09-19T00:23:15.005212+00:00
Ugy7GUChVhUWicb2O8V4AaABAg,SQJwC-QLsRk,a89c88bebbd1b46baf654232d1d86b0d68b2e247aa57c7b328bce09f36e0a5ad,jos moladin,0,2026-04-25T09:02:02Z,2026-04-25T09:02:02Z,2026-09-19T00:23:15.005212+00:00
Ugy1wmhBO2qfmCY3W9B4AaABAg,SQJwC-QLsRk,3282b52cb520bf66d105e85724e5fbad9abcf7b653bf0589a63c9036910fb75d,kelimax,1,2026-04-25T09:04:56Z,2026-04-25T09:04:56Z,2026-09-19T00:23:15.005212+00:00
Ugzh5GGAOTW3M8V5uhx4AaABAg,SQJwC-QLsRk,c043d08ea7190877313b4ed4a82f379b9f17a4d8d90ded49c103d8da02284ea0,wah keren plus seru ini comaparasi nya apple to apple,0,2026-05-27T09:20:06Z,2026-05-27T09:20:06Z,2026-09-19T00:23:15.005212+00:00
Ugwp0SrTsi6hVc-ii5J4AaABAg,SQJwC-QLsRk,a0eacd75749ca883dfa98a60e8263e2222ecb1a54565b08cb8b21f526ff132d9,"Saya pengguna jaecoo j5 baru 1 bulan, dan impressi sangat puas, fitur banyak dan nyaman. Masalab akselerasi enak bener kenceng",19,2026-04-25T11:32:25Z,2026-04-25T11:32:25Z,2026-09-19T00:23:15.005212+00:00
UgwbYoYmTZlMMMa_Mdt4AaABAg,SQJwC-QLsRk,17adbec3c84ad9626df5fc49030f45049021435d7adc0faddb92e66fb883da7a,"Terbaik emang moladin ini dalam uji tes Drive unit, akhir nya muncul juga komparasi antara atto 1 , jaecoo j5 dan gelly ex2",3,2026-04-26T01:22:48Z,2026-04-26T01:22:48Z,2026-09-19T00:23:15.005212+00:00
Ugw5ptteP6co4bAEWjh4AaABAg,SQJwC-QLsRk,ce95c8f128042e0f234d3abb0ccc9a6ce6bd1ae509f83d91afb1b0cca24ef29d,MOLADIN THE BEST😂😂,0,2026-04-25T10:59:39Z,2026-04-25T10:59:39Z,2026-09-19T00:23:15.005212+00:00
Ugys6RGjMVp-6cghkcZ4AaABAg,SQJwC-QLsRk,064090cf8e8e906c4487849f8c50f5803cc3a6f9b082474e69257a012063714b,Can't wait episode selanjutnya apalagi adu nanjak yang jadi tayangan wajib moladin,17,2026-04-25T09:44:46Z,2026-04-25T13:26:36Z,2026-09-19T00:23:15.005212+00:00
UgydOKWBBMDDODLscNV4AaABAg,SQJwC-QLsRk,21469a46d156e29339bf8905fd53da02e8e17b5facbd031c018044e1d6dfce98,"Karena saya yang tinggal di daerah dengan jalan yang sering tergenang cukup dalam kalau hujan deras, maka Jaecoo J5 jadi pilihan terbaik saya. Dan setelah dipakai beberapa minggu..memang mantaaaaap, pilihan yang tepat. 😄👍🏻",25,2026-04-25T12:05:40Z,2026-04-25T12:05:40Z,2026-09-19T00:23:15.005212+00:00
Ugx0fWGS62Y7t_A0_wN4AaABAg,SQJwC-QLsRk,7d0f607dc972e3265c8f5ca371c1755cf23452a2318e1e1daa6ad596b7647d5d,Manthab,0,2026-04-25T12:37:03Z,2026-04-25T12:37:03Z,2026-09-19T00:23:15.005212+00:00
Ugxs2m_N8VGHV4VGSsx4AaABAg,SQJwC-QLsRk,dcfc91cfa20dd6c5cd055c139d907e3d7b395a1f9e5e0d26c5595419017df0dc,Buat pulang pergi kantor saya cukup dg BYD Atto 1 😊,14,2026-04-26T02:17:18Z,2026-04-26T02:17:18Z,2026-09-19T00:23:15.005212+00:00
UgyuvvWVh4ikL2XiBJ14AaABAg,SQJwC-QLsRk,57e6d7c29ebfbcdf85318bd4dc0b4c170133cb51fc12ea99c7a5b87ebec35ac0,J5 mantap,8,2026-04-25T14:09:48Z,2026-04-25T14:09:48Z,2026-09-19T00:23:15.005212+00:00
UgwoAdNBjEJAw7b5jQF4AaABAg,SQJwC-QLsRk,08b3ded524495d85afab196ca434128b3673686f12d006684f30d6f2fae5364c,"Kalau paling murah pasti BYD, kalau value for money dari sisi fitur J5, kalau value dari sisi merek, teknologi dan refinement EX2.",18,2026-04-25T13:44:30Z,2026-04-25T13:44:30Z,2026-09-19T00:23:15.005212+00:00
Ugz6L3QqMeF_ju4anYB4AaABAg,SQJwC-QLsRk,ad3b30e8d77ead8b88e3f1164213df9f9964b8208108273033c61f2d8f0ec76b,Compare Jaecoo J5 vs MG S5 ev dong pliss 🙏,5,2026-04-26T03:12:28Z,2026-04-26T03:12:28Z,2026-09-19T00:23:15.005212+00:00
UgyjWzRKqS4GjhUevCV4AaABAg,SQJwC-QLsRk,82fa994f461734518d6880fb8d8990e083603b25e1aa851a941a3b76e839c259,"Udah ngerasain geely ex2 walo cuman bentar, nyetir Jakarta - Jogja, nyaman, powerful utk mobil seukuran itu.",12,2026-04-25T10:40:14Z,2026-04-25T10:40:14Z,2026-09-19T00:23:15.005212+00:00
UgwgoSnYpMmhgR3bLrp4AaABAg,SQJwC-QLsRk,938e9f8f97b6b739e8e0c76fa3d0e5d4c042967646f79ff8e776ea151517167a,"Minggu depan J5 saya datang, gak sabarr",5,2026-04-25T11:51:46Z,2026-04-25T11:51:46Z,2026-09-19T00:23:15.005212+00:00
UgwNbfZ6rN5-hc6In914AaABAg,SQJwC-QLsRk,055ef827986b7b84e9f8a455c16d327eaff214c4af54e8bbfac3e0a47ec5f447,ntaps,0,2026-04-25T19:23:32Z,2026-04-25T19:23:32Z,2026-09-19T00:23:15.005212+00:00
UgxiOIRZeQ5Xccmnp1R4AaABAg,SQJwC-QLsRk,32b05d2f74c9dcf61b125bc5b25101ba88c06e52e94ca2cc299f2b449b73e644,Head Unit dan MID EX2 paling oke kayaknya. Terlihat mewah.,0,2026-04-25T19:41:04Z,2026-04-25T19:41:04Z,2026-09-19T00:23:15.005212+00:00
Ugz22HnNzfl3FMp7xkh4AaABAg,SQJwC-QLsRk,992c244fe19171c126e3057b3339c197aaf254d72652563fffba08a1895285d5,Nah..mumpung jalan malem..tolong direview jg gimana rasanya wkt nyetir malem..terutama lampu di exterior dan interior..🙂,1,2026-04-26T01:40:49Z,2026-04-26T01:40:49Z,2026-09-19T00:23:15.005212+00:00
UgwS55gtTyL2YpGWR9N4AaABAg,SQJwC-QLsRk,efe6930479df1210b775b0ac1067d49aa07594481454659907027ec64f0b682d,aletra L8 vs BYD m6 vs wuling Darion,2,2026-04-25T10:46:25Z,2026-04-25T10:46:25Z,2026-09-19T00:23:15.005212+00:00
UgxNCN4oTrWf5JroAcV4AaABAg,SQJwC-QLsRk,3ab269120bfb9bc1c475f2756d6685a4b7c8506f525dcf0806f7bdcb47de24fb,pengen sama Jaeco j5,3,2026-04-25T17:25:10Z,2026-04-25T17:25:10Z,2026-09-19T00:23:15.005212+00:00
UgwW_xxay75CFk2c0T14AaABAg,SQJwC-QLsRk,d02288d72830cb8ccff3385a0868eb7d4b4b20101f79d662d4f8e8ab9dc38c28,"Jaecoo fitur memang wow untuk harga segitu, tapi build quality material bagusan byd",1,2026-09-14T17:56:52Z,2026-09-14T17:56:52Z,2026-09-19T00:23:15.005212+00:00
UgwKQbMu6sGFlhVGS5x4AaABAg,SQJwC-QLsRk,50590f7efacaee65cbe0946c62fe29fa14769a1aa3465e6f2548b177ef20021d,Min besok buatin konten reviuw jaecoo j8 shs ardiss,0,2026-05-03T01:59:48Z,2026-05-03T01:59:48Z,2026-09-19T00:23:15.005212+00:00
UgyTQxxOdIXvtaxyqPB4AaABAg,SQJwC-QLsRk,24394c9a9614d8ae9144beda377ccf319b9f0322af8842b0724a045f8a04c1c1,"Gila ya, ev j5, hybrid tiggo cross, bener2 libas kompetitornya",0,2026-04-27T05:58:30Z,2026-04-27T05:58:30Z,2026-09-19T00:23:15.005212+00:00
Ugw1jYvupEtsyD2DgpV4AaABAg,SQJwC-QLsRk,1664c22fc91d07c250c1d614c857e7f319bad063074339d42de4cfbc8e08b68d,"Kerem, siap jadi deler",0,2026-04-27T10:16:09Z,2026-04-27T10:16:09Z,2026-09-19T00:23:15.005212+00:00
UgwrxwDrWWClP568pQF4AaABAg,SQJwC-QLsRk,0ca542a3d8761ef614ef3b2e802c8596c77b627ef043de3e9e4186d31447d17f,Pengguna Atto 1 Dynamic nyimak...,0,2026-05-02T18:22:24Z,2026-05-02T18:22:24Z,2026-09-19T00:23:15.005212+00:00
UgwqCkdXdK0dSm02KQp4AaABAg,SQJwC-QLsRk,a626dbd1f43d147e114d70adf2ddc2070156921a7dd2044597bcc8cf9480ff2c,reviewer TERNIAT moladin doang 🤣,0,2026-06-17T09:28:04Z,2026-06-17T09:28:04Z,2026-09-19T00:23:15.005212+00:00
Ugw2Akh_rZ9yik2233h4AaABAg,SQJwC-QLsRk,4793b781f747d51b108acc42599b6dda96de339f45bdf7d58e8ca9e73bf2190b,untuk masalah kekedapan di road noise mungkin bisa diatasin dengan ganti ban khusus EV contohnya merk michelin,0,2026-04-25T10:12:17Z,2026-04-25T10:12:17Z,2026-09-19T00:23:15.005212+00:00
UgyBhUSHpgwY9eKOiX94AaABAg,SQJwC-QLsRk,5588a0690663a23d1e95c2da34454880d41a5cb2b37bc495b395312fe654693f,Tolong review Omoda E5.,0,2026-04-27T09:49:03Z,2026-04-27T09:49:03Z,2026-09-19T00:23:15.005212+00:00
UgwPxQJu209EOTRffWV4AaABAg,SQJwC-QLsRk,e35fb1d1edf39548407c25772a3ed1a7fa567ae2abdf27aa3069a30fa8128910,kalo mau bikin sedan lagi tapi lampu Lamborghini depan dan belakang kalo di atto 1 nggak cocok bg,4,2026-04-25T09:25:21Z,2026-04-25T09:25:21Z,2026-09-19T00:23:15.005212+00:00
UgxehHKhQFXKbZI-3c54AaABAg,SQJwC-QLsRk,0393f9bd9aaa1001284cc87bfdce9fce95add504d2a576fbaad093ce6902d36b,Compare range dong om,0,2026-04-25T17:27:44Z,2026-04-25T17:27:44Z,2026-09-19T00:23:15.005212+00:00
Ugzv0JvNeontM3ofnwp4AaABAg,SQJwC-QLsRk,cc58441ab3585c6fc479980c897396b340ea70286647ac071c660207c4463536,Jaecoo j5 vs MG s5 doong,2,2026-06-05T10:50:19Z,2026-06-05T10:50:19Z,2026-09-19T00:23:15.005212+00:00
Ugy0YG7ekuNEEfV8EBN4AaABAg,SQJwC-QLsRk,24689fa524e893220552ba0279fef9bc348d8b29cd7165f86b377f890654eaf5,Pilih yang sudah lengkap bawaan pabrik seperti auto retract mirror. Power back door. Karena kalau aftermarket hasilnya tidak bagus beda dengan dari pabrikan,0,2026-04-25T12:57:01Z,2026-04-25T12:57:01Z,2026-09-19T00:23:15.005212+00:00
UgxU6y_3_SrDkceVGhF4AaABAg,SQJwC-QLsRk,b2fdc0fc6a4b424adac6224ae7631234a94694f690647767445bc47c1fe2fc29,Ud make atto1 sejak nov 2025 skrg hampir 9 ribu km. So far puas dan ternyata nikung cepet enak jg ini mobil krn lumayan napak,0,2026-04-27T11:42:02Z,2026-04-27T11:42:02Z,2026-09-19T00:23:15.005212+00:00
UgxvbxIgCvwhoDJlfNR4AaABAg,SQJwC-QLsRk,399a9d361172411e7fd11bc953ec2a18a1f01ce029a6ec59ab681f5fb1681423,Itu antena kurang panjang bang.... 😂,0,2026-04-25T12:46:24Z,2026-04-25T12:46:24Z,2026-09-19T00:23:15.005212+00:00
UgwqgXruEQgtSmJZ5-N4AaABAg,SQJwC-QLsRk,ec1148d56bf05d1ade84f67374283282d0d99d6b8c823f240cc7ecbb4e44f069,"awalnya gw ga pernah nyangka atto1 mobil imut begitu 200jtan, kirain bakal 100-150",0,2026-05-01T08:40:51Z,2026-05-01T08:40:51Z,2026-09-19T00:23:15.005212+00:00
UgyXi4lh4lf4oeX3-P94AaABAg,SQJwC-QLsRk,a520c03ae006a29b1ea946d31262bf44acb7e43b75cc096bdf6f3df8f8463ab4,Mobil yg paling cocok untuk anda yaitu mobil yg beli nya tidak nyicil dan hutang😅,0,2026-04-26T14:05:29Z,2026-04-26T14:05:29Z,2026-09-19T00:23:15.005212+00:00
UgwIMNbJutBbyNB4jRp4AaABAg,SQJwC-QLsRk,e1cc3fa3bbcf9240a96369db048d959c47d3c07e1b28c59fea176cb1e3e57a6c,Gilee si J5 COCOK BANGET BUAT BUDGET UNDER 300JUTA 😮,0,2026-04-28T04:38:00Z,2026-04-28T04:38:00Z,2026-09-19T00:23:15.005212+00:00
UgzyG6oVBXQYtUu7Vth4AaABAg,SQJwC-QLsRk,1a946bba66cc82b975de41e2118d09bdc0015a9567b9804e601e06bb47664b27,"Kalau mau fair mah EX2 vs Atto1 aja, soalnya lebih sebanding dikelasnya",0,2026-05-12T11:29:30Z,2026-05-12T11:29:30Z,2026-09-19T00:23:15.005212+00:00
UgyalBaz1Y29FXdb6Ml4AaABAg,SQJwC-QLsRk,b98031b91fb7adf82236d47f0ee2904537f92f8064e65b52453befee5b80998a,Gue udh beli geely ex 2 type max.....mantap tu,10,2026-04-26T07:40:27Z,2026-04-26T07:40:27Z,2026-09-19T00:23:15.005212+00:00
Ugx4mEwAZfBpaaUE5oR4AaABAg,SQJwC-QLsRk,3bf9460dd1b5fa87ad36681376e73ed4fb72d9d57e5a7295294a2e8fa956fe74,Saya nunggu review crew Moladin pas Jaecoo J3 muncul.... 🎉🎉🎉,0,2026-04-27T00:07:59Z,2026-04-27T00:07:59Z,2026-09-19T00:23:15.005212+00:00
Ugw_0UVkPFQzuhTqYWF4AaABAg,SQJwC-QLsRk,c504441df67a6551a7f421a5a9eac96bfa75889dc25e4cad4d4cc2fd31564f92,Geely ex2 ma baby Lambo boleh juga tuh,0,2026-04-25T13:07:07Z,2026-04-25T13:07:07Z,2026-09-19T00:23:15.005212+00:00
Ugxvx2l2Ra9zSmwOnNZ4AaABAg,SQJwC-QLsRk,33841c836efd252b7c888a901d5d6aa57009cd5c1f6a74d382ef6bf468d92207,Setir gak bisa tilt & telescopic. ( Maju mundur & Naik turun ) 😢😢😢,2,2026-04-25T09:40:31Z,2026-04-25T09:40:31Z,2026-09-19T00:23:15.005212+00:00
Ugy7DLkXCGWq44xCQS94AaABAg,SQJwC-QLsRk,ac1bacfddb69df4b74e497ea8b04491a048a883a232e90da6ba2099f3110e619,Jaecoo J5 blom ada lawan,1,2026-04-27T16:17:18Z,2026-04-27T16:17:18Z,2026-09-19T00:23:15.005212+00:00
UgxlZ3Wkv8XTs84bNPt4AaABAg,SQJwC-QLsRk,b1de85a666d3b290cc5945fdb387922e3c06f184d6ab2947aa6593a397849f57,usia 1-2 tahun j5 sama ex2 mesti sudah bnyk kerewelan2 kecil,0,2026-04-29T10:15:56Z,2026-04-29T10:15:56Z,2026-09-19T00:23:15.005212+00:00
UgxKgtnmL3Go1VGKfUl4AaABAg,SQJwC-QLsRk,2317c202ed2d400cd9d0e3f7537a00a137c8e727a0f476219bcb74b2dea6c6a6,"Kota lama Semarang ini?
Kapan ke Semarang lagi moladin?",0,2026-04-25T10:13:47Z,2026-04-25T10:13:47Z,2026-09-19T00:23:15.005212+00:00
UgyLmZmx1scHjrNHDnR4AaABAg,SQJwC-QLsRk,f9d4235845fb460bdbb1a033aa918c0b43d9d55a5536c24e04b95490ef50b309,Test aion ut dong min,0,2026-05-02T03:19:24Z,2026-05-02T03:19:24Z,2026-09-19T00:23:15.005212+00:00
UgzMqrnUlVaFVrZDO1p4AaABAg,SQJwC-QLsRk,f52199634f84f42e23a010dff908f47f8297241d5186bf4a55e81f5da34f77a0,MG S5 Magnify nya mana bang,3,2026-04-25T12:08:17Z,2026-04-25T12:08:17Z,2026-09-19T00:23:15.005212+00:00
UgyKJx2QE_y3BTSvzYB4AaABAg,SQJwC-QLsRk,ce41ace3c60b8a4dfeaaa8b2102f8c2dbd5fe1af6793d7bf173cfa0050bc1a3b,"29:00 kameran iseng apa gmn, zoom banget buset",0,2026-05-16T18:06:57Z,2026-05-16T18:06:57Z,2026-09-19T00:23:15.005212+00:00
UgyW28Sf9D6JKU83K3t4AaABAg,SQJwC-QLsRk,f3e12da3b40ec0747f1f5a6e0a14f816cffebb732833dc9443e19e0363b0d3b8,AKU CINTA MOLADIN #EX2user,1,2026-04-28T08:05:58Z,2026-04-28T08:05:58Z,2026-09-19T00:23:15.005212+00:00
UgwbHha62mkhbZSbCY54AaABAg,SQJwC-QLsRk,c4719925dce8bce0b21641738df0f19639cdd94fcafbff26986e6bdd3f6cce93,Kok tdk empat sekawan lg... 1 nya kemana bro???,0,2026-04-25T11:39:56Z,2026-04-25T11:39:56Z,2026-09-19T00:23:15.005212+00:00
UgxndKeesrPM8qzLXWp4AaABAg,SQJwC-QLsRk,448c90bb9c51b6c4f34d9a731372d37ad7afde4cdf2d08dddb440e569b15aeb6,"Alhamdulillah setelah hampir 3 minggu indent, dan sekarang sudan 2 minggu pake. J5 memang memuaskan Alhamdulillah",7,2026-04-25T14:47:57Z,2026-04-25T14:47:57Z,2026-09-19T00:23:15.005212+00:00
UgwZWUwAarZFNEvouAl4AaABAg,SQJwC-QLsRk,e451290a2a0d82baed33cc4144e0460ca6feb0c95dcd804f81ed27d72a7f2c88,soft selling J5-nya smoooothhh banget.... mantafff...,0,2026-04-28T07:00:51Z,2026-04-28T07:00:51Z,2026-09-19T00:23:15.005212+00:00
UgwF0OIZjH_V90T2ioF4AaABAg,SQJwC-QLsRk,d19df752c73fa82430811995e64b4e20cf18cf4f0227ecbf69697c97dbf78ca9,Mas @nanda kmn yak?,0,2026-04-25T13:06:09Z,2026-04-25T13:06:09Z,2026-09-19T00:23:15.005212+00:00
UgzJuqGtXLNYLCUV2nB4AaABAg,SQJwC-QLsRk,caa5f0140d8b325d5411757eb7fc3abaf6318d8287e0d0376c02c8e16b5d6771,"Andai aja J5 itu RWD, waduuu paket lengkappp",0,2026-04-26T05:08:31Z,2026-04-26T05:08:31Z,2026-09-19T00:23:15.005212+00:00
UgyxGQI-Wd0gw2AhO2h4AaABAg,SQJwC-QLsRk,c7b61afbf7772d196e775ae1d7f5ca297e0df1100dd885ef17cb056c544b7566,Aion UT rasanya belum pernah di tes di tanjakan Moladin.,8,2026-04-25T13:04:02Z,2026-04-25T13:04:02Z,2026-09-19T00:23:15.005212+00:00
Ugyibm41KPFphimabn94AaABAg,SQJwC-QLsRk,45fbb900e5dac48d34a09f530c5ca9686e6bfaf6fe0c98e94e5e51341b8d04c3,Aion ut donk,0,2026-04-27T02:54:42Z,2026-04-27T02:54:42Z,2026-09-19T00:23:15.005212+00:00
UgyzjY0xsiC46d8SZb94AaABAg,SQJwC-QLsRk,24689fa524e893220552ba0279fef9bc348d8b29cd7165f86b377f890654eaf5,Lagi nunggu jaecoo j5 bekas. Hemat lumayan ya kan,2,2026-04-25T12:46:29Z,2026-04-25T12:46:29Z,2026-09-19T00:23:15.005212+00:00
UgyMnU4mQsg1emMVST14AaABAg,SQJwC-QLsRk,7c0d7b48426874574f4b83cbb867f4ddd6bb36874139062b3dc6ce59fd9e0ad0,"Harusnya compare bkn sm BYD Atto 1 tp sm Wuling Cloud atau Neta V-II Krn dr segi fitur dan harga mirip""",0,2026-04-26T03:23:25Z,2026-04-26T03:23:25Z,2026-09-19T00:23:15.005212+00:00
Ugy7xgQfgKzHjuWe3FB4AaABAg,SQJwC-QLsRk,7de63b253e52b2305802c09a505bd7a3d3b54a9e9badac84342c191df6acf8ac,Ex2 yg paling realistis,12,2026-04-25T15:17:21Z,2026-04-25T15:17:21Z,2026-09-19T00:23:15.005212+00:00
UgykekR4_u43z7XfgIp4AaABAg,SQJwC-QLsRk,67ca8973ecc0ea90b01afe0f7ae729eaf30b00f948b028e72aff16bab633091d,Minusnya jaeco sampe saat ini cuma after sales dan cs.,0,2026-04-26T15:38:15Z,2026-04-26T15:38:15Z,2026-09-19T00:23:15.005212+00:00
UgxdpAEIWkSOdf9CnOp4AaABAg,SQJwC-QLsRk,6c67433d2e4f63af2bce735a2bfc016f24bd65079f91cc3504797632ab536eb1,Ex2 yang paling nanggung. Tolong geely pepetin lagi harga atto 1 biar makin laku.,1,2026-04-27T01:58:45Z,2026-04-27T01:58:45Z,2026-09-19T00:23:15.005212+00:00
UgyWpQfH6INLQNOwfJp4AaABAg,SQJwC-QLsRk,fface85db9d8db88fbee3efc2be73c8f592a70c44546ed12c0a34eae05171e3a,Air ev atau Bingou kok gak diajak bang?,0,2026-04-29T01:25:09Z,2026-04-29T01:25:09Z,2026-09-19T00:23:15.005212+00:00
Ugyrz5irgMNnKIN4Aop4AaABAg,SQJwC-QLsRk,39ef4a578e573a0f61688d2e9816f0e987464fab154e331aa104c3abbebc7e54,"Cherry qq3 ev launching Juni,waduh atto1 bakal di babat dengan harga lebih murah",0,2026-05-04T13:53:20Z,2026-05-04T13:53:20Z,2026-09-19T00:23:15.005212+00:00
Ugwmy4EnbX4cSQpqJop4AaABAg,SQJwC-QLsRk,34a0eab85a8e3ddc2038da7f9bd76476e970c0c467d47ce5be93cedd07a8fa71,mana part 2 nya,0,2026-05-03T09:24:52Z,2026-05-03T09:24:52Z,2026-09-19T00:23:15.005212+00:00
UgxKLyo7KAodhPDSldN4AaABAg,SQJwC-QLsRk,0f3e67823b3a28ebe62cd2a0386933c6880249e230adeed0cd417d8d5983a278,"J5 overkill, blm ada yg ngalahin apr 2026",7,2026-04-25T09:49:40Z,2026-04-25T09:49:40Z,2026-09-19T00:23:15.005212+00:00
Ugz4wFI0d-w-j_qp8T14AaABAg,SQJwC-QLsRk,72189f668d24896fe4a2d6b9c12f945cd426d2aa60e3538f9032144cab8b489f,Mas nanda mana,0,2026-04-25T15:16:23Z,2026-04-25T15:16:23Z,2026-09-19T00:23:15.005212+00:00
UgzJWGhoR3NhRsbghtN4AaABAg,SQJwC-QLsRk,6e97fb187584827fe13deb4b6d94fb187bcee37ca5d062c922ac7257cd4ebde4,"Bang, gak ada bandingin sama brand yang dari Vietnam?",0,2026-04-26T07:04:39Z,2026-04-26T07:04:39Z,2026-09-19T00:23:15.005212+00:00
UgyiOZx0R5NQvyzHYep4AaABAg,SQJwC-QLsRk,cf4298befdf0e39669db57b5ada91414aa39280d65a00b01bbb984276913f6bc,"Tapi di komparasi di video lainnya, jaeco ga bs nanjak kan?",1,2026-04-25T22:14:59Z,2026-04-25T22:14:59Z,2026-09-19T00:23:15.005212+00:00
UgzWJOGZP1ySSxUATHh4AaABAg,SQJwC-QLsRk,2496237d3e14a835a87fdf919035951f6b6a6cedfe0bcb77c0b246f3e69eeb19,Adu nanjak nya mana nih?,0,2026-04-26T13:16:33Z,2026-04-26T13:16:33Z,2026-09-19T00:23:15.005212+00:00
UgwpNyfATQcUeVSej014AaABAg,SQJwC-QLsRk,a0680b82efedd64fbc5b2e2a3603ca92a73c35ad7846ccc3d1942321ef552766,Mas purwandana kok gak keliatan akhir2 ini?🤔,0,2026-04-26T12:23:40Z,2026-04-26T12:23:40Z,2026-09-19T00:23:15.005212+00:00
UgzIGTJ3QAncjqtWTkl4AaABAg,SQJwC-QLsRk,3e9a716bce38af4a0592f896da433919be9a1c866a86f817c6468a2eec7d90f9,Forth,0,2026-04-25T09:26:58Z,2026-04-25T09:26:58Z,2026-09-19T00:23:15.005212+00:00
UgxMm7LuCkjUVickuz94AaABAg,SQJwC-QLsRk,e51aab3c7419366db7d0786ead78a4c91aa49c00fbf45e07ffe8b58ccc7571c3,"Sudah naik tapi belum, sudah tapi belum 😂😂😂",0,2026-04-25T12:04:13Z,2026-04-25T12:04:13Z,2026-09-19T00:23:15.005212+00:00
UgzpOWBTubvPNzgjGTp4AaABAg,SQJwC-QLsRk,5f5c97ecb84f9bfccbf42b1431fd5a818337f378c568d7919f677d4c60a7883a,Sekarang bulan september jaecoo j5 harganya 342jt,0,2026-09-13T10:47:00Z,2026-09-13T10:47:00Z,2026-09-19T00:23:15.005212+00:00
Ugwo8eeF3BbraMYgQg94AaABAg,SQJwC-QLsRk,ecb785031108712412a85d143fd317f0dd6ebfd096400b6dfcebc0437d1bb96e,Wih semakin banyak yang kena PHP J5 ,0,2026-05-15T08:50:13Z,2026-05-15T08:50:13Z,2026-09-19T00:23:15.005212+00:00
UgxF4BYeAo6I37FIv554AaABAg,SQJwC-QLsRk,ff49b2beeae7b5c3c7f7745e0e5a0bb2a33bdb4fa0883e771570124f2f128c40,Sama aion UT juga mana bang?,0,2026-04-25T15:05:18Z,2026-04-25T15:05:18Z,2026-09-19T00:23:15.005212+00:00
Ugyje0LiC3TF_4HcnTJ4AaABAg,SQJwC-QLsRk,2578ce5f1f35fe9ebe99f1b97a55c99d65cfe9718898decd2b450174276cfe85,3rd,0,2026-04-25T09:02:53Z,2026-04-25T09:02:53Z,2026-09-19T00:23:15.005212+00:00
UgwBWnervbs6rNlFCUR4AaABAg,SQJwC-QLsRk,0d30b8df1b81c80a0ffc4fade261f58133fc5fda850e0c426e94ac417d7b8516,"Bang..
Comparasi Changan Nevo QO5 Pro dan MG S5 ya. 
Sama teest , seberapa jauh  turun nya di shock belakang , bila terisi penuh penumpang.
Ditunggu Bang.
Terima kasih.",0,2026-08-29T10:41:00Z,2026-08-29T10:41:00Z,2026-09-19T00:23:15.005212+00:00
UgzUI_BdGIJyh5dr39h4AaABAg,SQJwC-QLsRk,6bae2e870bbc35cc910bcecc41e49ca6d962105b7186e9f96cfca7a04158a174,J5 lah.... 🎉,6,2026-04-25T09:57:49Z,2026-04-25T09:57:49Z,2026-09-19T00:23:15.005212+00:00
UgwZffTx9tGSskOJMUx4AaABAg,SQJwC-QLsRk,1d291eb512184db550d1e3c87f1216324caf42dd9f7a87bf2958e4f026dff56c,"Bingung juga pilih mobil listrik, kalau dibawa keluar kota, apalagi kalau minim infrastruktur, waktunya mau ngecas yg ada SPBU tanpa fasilitas ngecas..terpaksa kalau mogok ya ditarik delman wae 😂",0,2026-04-27T07:37:45Z,2026-04-27T07:37:45Z,2026-09-19T00:23:15.005212+00:00
Ugy0bjl61TTZUPp3qZd4AaABAg,SQJwC-QLsRk,e8314432937837ff5f3f29e59b9134ec67a35a573762ebc5544170c79e5db16e,mana si nanda?,0,2026-04-25T14:08:59Z,2026-04-25T14:08:59Z,2026-09-19T00:23:15.005212+00:00
UgwDtto1r3iP_JdEr-V4AaABAg,SQJwC-QLsRk,a49c2d2942aa8347d279cb0ce48bfb22e871fcb7fa599283936b7a0056182b8b,maap klo salah tp klo gasalah geely ex2 bknnya gaada lane keeping assist ya? cuma adaptive cruise aja,0,2026-04-25T09:36:36Z,2026-04-25T09:36:36Z,2026-09-19T00:23:15.005212+00:00
UgzxY8FBZ6MqjV6BEz54AaABAg,SQJwC-QLsRk,8585f46065e75e6f214c5fa4f09d47353cf4ed2f8b901c84bf6f66e05c4d6280,Apaan kok gada nanjak?,1,2026-05-05T14:13:54Z,2026-05-05T14:13:54Z,2026-09-19T00:23:15.005212+00:00
UgxwA4a0AoD3mxhxaJ94AaABAg,SQJwC-QLsRk,888f5aea6bdc7958c4fe71f6473f5dccf84088157170e95a806e98cdea379976,Buat yg mikir2. Gw tdnya mau bgt beli jaecoo j5. On paper bener2 unggul. Sayangnya gw dan keluarga berasa geely ex2 jauh lbh nyaman.,18,2026-04-25T11:16:41Z,2026-04-25T11:18:15Z,2026-09-19T00:23:15.005212+00:00
Ugy8ZIkm1oMpmISOVxN4AaABAg,SQJwC-QLsRk,1844847dfad984816ab17dc3a0415648504a2305b722e880cbb8f32da766805e,MG S5 EV gak masuk komparasi nih ?,0,2026-04-26T02:45:30Z,2026-04-26T02:45:30Z,2026-09-19T00:23:15.005212+00:00
UgwS5WoUwl7Pm0yFMit4AaABAg,SQJwC-QLsRk,b67cf8d47212a46fddf83c7d68ee3afc7cdf2e5cb9cc37f4291932b562d7a071,"BYD ATTO 1 Premium: City Car EV, easy to daily use, big battery with more range
.
Geely EX2 : Sub Compact Hatchback EV, more battery capasity + more range, larger than City Car, more space more roomy and practicaly
.
Jaecoo J5 : Compact SUV crossover EV, All-rounder daily or roadtrip vehicle. Big Baterry for Compact SUV EV around IDR 300mio",0,2026-05-04T14:36:07Z,2026-05-04T14:36:34Z,2026-09-19T00:23:15.005212+00:00
UgyekPWIkmyCZcEd5E14AaABAg,SQJwC-QLsRk,0a3a5120b316c74029be2aa6b3b4ed00d5cba87ae1765ce5b4f716617ce839fb,Bisa test banjir ga ya? Katanya ev lebih oke ketika lewatin jalan banjir..,1,2026-04-29T07:14:19Z,2026-04-29T07:14:19Z,2026-09-19T00:23:15.005212+00:00
UgzRXp_Y7127V7nGNWl4AaABAg,SQJwC-QLsRk,bb1776f2fee26f0d14c3973732d56a97f15ad52c745e7064056d0a17db0ef4e7,"nanti kl Jaecoo ngeluarin J3 mungkin size lebih pas untuk dikomparasi, kl J5 seperti kegedean n kemahalan kl dikompare sm 2 mobil itu",0,2026-04-29T06:03:54Z,2026-04-29T06:03:54Z,2026-09-19T00:23:15.005212+00:00
UgzeKWxBsRqQXkOQOtp4AaABAg,SQJwC-QLsRk,627969ab00945c8568c4d49d18e501fd082d318e17a3a8c0756760d20583f585,"J5 donk, big batre, mesin pijit, mesin kopi, mesin cuci 😊",1,2026-04-25T11:33:32Z,2026-04-25T11:33:32Z,2026-09-19T00:23:15.005212+00:00
Ugw5HVkYJJJhCLmEwnB4AaABAg,SQJwC-QLsRk,29cd11b28f300bb6ffe5522ac1f403c38698622631cc1f925208b62a827e8f1e,J5 minus nya duduk blkgnya aduh😅 parah bgt wkwk kalo buat gw si tp,0,2026-04-25T14:29:45Z,2026-04-25T14:29:53Z,2026-09-19T00:23:15.005212+00:00
UgzUH5vDEwvv-sgEFI14AaABAg,SQJwC-QLsRk,b38ee4aac829a921348ffb91169de271e89ce21687470d340d4965040e628473,Batre batrenya bukannya pada pake lfp ya? Kok ditulis li ion?!,0,2026-04-26T04:00:45Z,2026-04-26T04:00:45Z,2026-09-19T00:23:15.005212+00:00
UgzLsGQAx9X4JPVljc54AaABAg,SQJwC-QLsRk,64fcccc2eda450343136cf5b95a71c149cb1c426e2b48064230a36bddc5ec076,Ada mg 4,0,2026-04-28T12:26:26Z,2026-04-28T12:26:26Z,2026-09-19T00:23:15.005212+00:00
UgyVZfCMNbk3UQS_cH14AaABAg,SQJwC-QLsRk,f55fed5f4a35309564468254c87d7c887e346fae0a75b3c48b65debcbfa3314d,Head unit J5 posisi nya memang agak baring gitu ya ?,0,2026-04-26T10:37:10Z,2026-04-26T10:37:10Z,2026-09-19T00:23:15.652276+00:00
Ugwtd3KqbkWHksHCQRx4AaABAg,SQJwC-QLsRk,be457a5821e4e283c2e3b306093a1ce73e86814da064f777c7cf07521639c52d,lfp bukan li ion min,0,2026-04-28T04:35:34Z,2026-04-28T04:35:34Z,2026-09-19T00:23:15.652276+00:00
Ugw25i-YwroBnzGGMxV4AaABAg,SQJwC-QLsRk,2754190fb8e7a2984f2cf67b1b867502c4829eade709532ff2367ed8a0bc808f,"Menurutku Geely EX2 lebih relevan dibandingin sama BYD Atto1 dibanding Jaecco J5, soalnya segmentasi dan ukuran mobilnya lebih sekelas.",0,2026-05-12T11:18:34Z,2026-05-12T11:18:34Z,2026-09-19T00:23:15.652276+00:00
UgzLdJZ17eIF0xialvR4AaABAg,SQJwC-QLsRk,9da7b7d76dbe2963229d9eac7f76c1c96c9cdbc84c4c6b409e77d23c11f36c3e,siapa yang gk menyesal sudah pilih geely ex2?,2,2026-04-26T07:53:12Z,2026-04-26T07:53:12Z,2026-09-19T00:23:15.652276+00:00
Ugx6BzBOvyAms8KyiCJ4AaABAg,SQJwC-QLsRk,881d2e415f106fb34fcb524cf24717a5dcd1a212d6833a29055073f814b38f7b,"Pendapat pribadi kalau tinggal/sering potensi banjir paling tepat jaecoo j5.
Nyari nyaman dan aman untuk perjalanan jauh cari batre yang besar jaecoo j5.
Nyari yang paling gagah tetep jaecoo j5 dan bisa bawa keluarga dengan posisi kaki yang enak.",2,2026-04-28T00:06:42Z,2026-04-28T00:06:42Z,2026-09-19T00:23:15.652276+00:00
UgzoM9M42zfAu7dbrpB4AaABAg,SQJwC-QLsRk,cf4f6800adc6df687ee8e6ca92cb6e7c9dc4f9e6a09c3c93228b58487ab3fcef,"Tim Moladin Bikin Komparasi mgs5 maginify max vs jaecoo j5 donk, secara perbandingan batere setara. Kemarin jaecoo j5 menang lawan byd atto3. Coba nanti diadu sama mg s5 magnify max. Terima Kasih. Sukses Terus MOLADIN!! 😊",0,2026-05-04T23:13:39Z,2026-05-04T23:13:39Z,2026-09-19T00:23:15.652276+00:00
UgwX2Vvx2zvl8Eyslrl4AaABAg,SQJwC-QLsRk,d165d67cc8c32e22d96a2bac9eb11e4e4765f41d3c200367f54c0e3de9bb4cb0,Padahal EX2 lebih cocok lawan Atto1 dari sisi kelas dan target market,0,2026-05-12T11:24:15Z,2026-05-12T11:24:15Z,2026-09-19T00:23:15.652276+00:00
UgyZ4FQiWdyAw6xz8JF4AaABAg,SQJwC-QLsRk,15fbac369fc86cbfe2a5cfdc008db12f132dac101427722c552fb321c11a6a92,Kalau buat komparasi yang masuk akal ya Atto1 vs EX2 sama-sama masih sekelas dan cocok dibandingin,4,2026-05-12T11:12:26Z,2026-05-12T11:12:26Z,2026-09-19T00:23:15.652276+00:00
UgwlEmPhkbNTDMW9JJt4AaABAg,SQJwC-QLsRk,888f03c8c918ab2180d4f7325327d128093ac37e9fc5bf7d3f18df9b59d0dda8,mobil listrik ini boleh enggak ya di towing hook sama mobil depan sambil jalan?,0,2026-04-26T23:05:23Z,2026-04-26T23:05:23Z,2026-09-19T00:23:15.652276+00:00
UgyDWThNxkRPrZ2J9i54AaABAg,SQJwC-QLsRk,a1955c893e37e984147ecff6db82330a87ef21e75260c279a9e394214e268286,Jangan lupa om di spill juga pajak terupdate untuk mobil listrik...wkwkwkwkwkwwk,0,2026-04-25T16:45:31Z,2026-04-25T16:45:31Z,2026-09-19T00:23:15.652276+00:00
UgxIK7z9w9JkzQ3FTWR4AaABAg,SQJwC-QLsRk,ea1b4e3bd1785e4f17dcde3474eb767f0b693e726f96c011ce41c30190eb6a9c,"Ini sih keliatan banget dipaksain biar J5 keliatan unggul, padahal kelasnya aja udah beda jauh 😅 harusnya bandingin tuh yang selevel kayak Atto1 sama EX2 baru fair",0,2026-05-12T11:22:21Z,2026-05-12T11:22:21Z,2026-09-19T00:23:15.652276+00:00
UgzGfDA0Kacsn6Z2Dy94AaABAg,SQJwC-QLsRk,dabcaff4773f0585bad6145e4ce43418da843def355bd04af0ec419f4cfa3c0f,Kayaknya sengaja dibikin J5 biar keliatan unggul 😅 padahal kalau fair ya EX2 lawan Atto 1 aja.,0,2026-05-12T12:30:31Z,2026-05-12T12:30:31Z,2026-09-19T00:23:15.652276+00:00
UgxdGNV4IR0Vg3yedAF4AaABAg,SQJwC-QLsRk,dd704a3bce2db4262258569b2f41315120e30a893ac73c2abbbca6c90af93f68,J5 EV sayangny FWD...,0,2026-05-01T05:28:40Z,2026-05-01T05:28:40Z,2026-09-19T00:23:15.652276+00:00
UgxyGjliyQKIxltIvSt4AaABAg,SQJwC-QLsRk,2d465e4917c0acaf8b7117e978c697d2c21b939a00fdf02a75409bf66b6b971e,"meningan Jeaco, kemana2 laagh.
atto plaing kecil tampang lambo, tp paling lemot 😁",0,2026-04-28T06:04:23Z,2026-04-28T06:48:54Z,2026-09-19T00:23:15.652276+00:00
UgxBTkalxLbkJwzrJzl4AaABAg,SQJwC-QLsRk,01a181405b937dc6782d14987086beef8377dfaac4eca969208a10af3444cc83,Not apple to apple...,0,2026-04-26T13:55:30Z,2026-04-26T13:55:30Z,2026-09-19T00:23:15.652276+00:00
Ugz1akvhsS2WHuYEULZ4AaABAg,SQJwC-QLsRk,b32750fa5112d1295bb961239a6bd4eb73e4ed8e7c37b5e8f3c8c5463f8dc13b,"pilih atto1 karena ""byd nya""",0,2026-04-28T17:24:38Z,2026-04-28T17:24:38Z,2026-09-19T00:23:15.652276+00:00
Ugxb-gMxEaGJmll7Opx4AaABAg,SQJwC-QLsRk,efa66db696def1727d3806a97fac747915a6fc32ce205bc005da671e637b7b1a,"Mulai nglirik mobil EV krna pajaknya  murah, kalau ada rejeki bisa milih apa yg udah dipelajari +- nya.. Tpi peraturan pemerintah gk konsisten, pajaknya lebih mahal dari mobil bensin. Set dah, kebijakan yg gak bijak.",0,2026-04-26T09:16:28Z,2026-04-26T09:16:28Z,2026-09-19T00:23:15.652276+00:00
UgwDEh0keoCoZinmuG94AaABAg,SQJwC-QLsRk,94cc572efe3862cb6a04728cec4cf51ced174dba1ba1a289f8771e54411007ac,"Mohon info, ex2 kan bawahnya ga ketutup. Itu dampaknya apa ya? Perlu beli penutup kah? Trimakasih",0,2026-04-26T14:00:54Z,2026-04-26T14:00:54Z,2026-09-19T00:23:15.652276+00:00
UgyDhgqbBq0nsKT_f8R4AaABAg,SQJwC-QLsRk,8388b7350b5261d7c5be2dfea33dfe967be98eab7c8e1c95ee47cf178bda252d,"J5 yg digunakan utk komparasi yg Rp250.000.000 dong, yg standard, supaya komparasinya apple to apple, komparasi ev kisaran Rp250.000.000

Jadi J5 yg standard bisa dijadikan benchmark😊. 

Oleh karenanya ev yg proper utk harga Rp 250jt powernya harus di atas 200hp dg range di atas 450km 😊😊. 

Sehingga ev seharga Rp 500jt powernya harus 400hp atau lebih dg range 900km atau lebih😊. Dst dstnya.😊.",0,2026-04-26T06:10:28Z,2026-04-26T06:22:24Z,2026-09-19T00:23:15.652276+00:00
UgyncdTpMIblueU8Oxt4AaABAg,SQJwC-QLsRk,acc8289bc669b128100d69fcd24dcb7e3065b431d635f414868d9feca3ece8b7,"Perbandingan yang lebih masuk akal itu EX2 vs Atto 1, bukan ngelibatin J5 yang beda kelas",2,2026-05-12T11:19:10Z,2026-05-12T11:19:10Z,2026-09-19T00:23:15.652276+00:00
Ugy8HBXLkN56C-h7p0F4AaABAg,SQJwC-QLsRk,a0d1caef741fd339126f50f77b9714eb2eb505c344256171db61e65fcb5cf25f,coba sekali2 pas lagi ngetes akomodasi si mike jangan di depan saran aja kwkwkwkw,0,2026-04-25T09:45:58Z,2026-04-25T09:45:58Z,2026-09-19T00:23:15.652276+00:00
Ugw825UqbcaYNfJd1vZ4AaABAg,SQJwC-QLsRk,83bc56893f2f7f688585460152d01ae2e68b4c5132fec7d190fcc1ce17a86b49,"Ini mah keliatan banget titipan brand, wong beda kelas masih dibandingin sama EX2 sama Atto 1😁",1,2026-05-12T11:37:49Z,2026-05-12T11:37:49Z,2026-09-19T00:23:15.652276+00:00
Ugwvu3yRYrW6fNfUnzZ4AaABAg,SQJwC-QLsRk,5653d17568167ed224cf1c742772c440084a067f5c1ce4e2dac8e68250d00f4d,"Utk harga, fitur dan kenyamanan nya sih jaecoo j5 blm ada lawan smp saat ini 👍",1,2026-04-25T17:52:44Z,2026-04-25T17:52:44Z,2026-09-19T00:23:15.652276+00:00
UgyKpKk6kEuTYL0_CsV4AaABAg,SQJwC-QLsRk,284d1b819b14ed6e33fdff0afcb8e6e430a757244489a2bbddeea50466cb82e0,J5 paling anomali daei segi harga,1,2026-04-26T00:52:15Z,2026-04-26T00:52:15Z,2026-09-19T00:23:15.652276+00:00
UgzFO1GKQ0DTq83iqbZ4AaABAg,SQJwC-QLsRk,dc7f6a585c75ada18052b49dff45a56c763daf1c914194b4031fdf9b5bfbe881,"gue yakin harga second unit jaecoo j5 paling stabil, soalnya harga barunya aja udah Murmer, bahkan mungkin banyak yang gak mau jual karena sayang 😅",1,2026-04-25T22:53:59Z,2026-04-25T22:53:59Z,2026-09-19T00:23:15.652276+00:00
UgxhuCR1iXEW6S3A0QB4AaABAg,SQJwC-QLsRk,ffda02e65ea2ddf70b23ee4809c961597a0558add9179d58ccb8121eaa37e98c,ini atto 1 tahun 2025 apa 2026 bang?,0,2026-06-29T11:54:57Z,2026-06-29T11:54:57Z,2026-09-19T00:23:15.652276+00:00
Ugwl4vdkW2si-WuLEIx4AaABAg,SQJwC-QLsRk,1bbd635c2e7a79a8bf72cfc52eb8bc4745bb44238f042fd23ee091479212d067,"pajak jadi mahal kah mobil listrik, mending bensin ato solar. karna batrei bisa lemah.",0,2026-04-27T08:42:05Z,2026-04-27T08:42:05Z,2026-09-19T00:23:15.652276+00:00
UgzRg_ow9lAnPFL4-AF4AaABAg,SQJwC-QLsRk,c38cbc2ffbe2ae9249ffe786380deb3cc3139309ccfd528566e9346583fa7f6a,"Kayaknya ada yang digiring nih wkwk, masa J5 disamain sama Atto1, beda segmen banget loh, jadi keliatan gak objektif",0,2026-05-12T11:17:25Z,2026-05-12T11:17:25Z,2026-09-19T00:23:15.652276+00:00
Ugwav80qSzDtKx0uCz14AaABAg,SQJwC-QLsRk,9cfc9b6574a94cb8e876de3ad72eb28024c0c981beb34e40af6c470b6096cb37,Emg sanggup bayar pajak? Ato daerahmu pajaknya murah dr papanja,0,2026-04-25T13:03:57Z,2026-04-25T13:03:57Z,2026-09-19T00:23:15.652276+00:00
Ugzb5SG9UQ97p5w5iJJ4AaABAg,SQJwC-QLsRk,386abb23ce454dc4b6b2108d83e9010095f0eec7c3b101d2bb3ac1c7ff8ac60d,Chery Q vs Geely EX2?,0,2026-09-13T07:39:45Z,2026-09-13T07:40:25Z,2026-09-19T00:23:15.653310+00:00
UgwQHVlr2eCsO3fbMUN4AaABAg,SQJwC-QLsRk,1ab9834f74ccbf0f10d78ef83821e64c1fb4975d8cd40ad045d4d6207bd8ab2b,Rwd,0,2026-04-25T12:57:39Z,2026-04-25T12:57:39Z,2026-09-19T00:23:15.653310+00:00
UgwuHlF1VLzyi2BHnLt4AaABAg,SQJwC-QLsRk,ec1148d56bf05d1ade84f67374283282d0d99d6b8c823f240cc7ecbb4e44f069,"jaecoo gak ada lawan, kalah jauh smua di kelasnya",0,2026-05-01T08:38:46Z,2026-05-01T08:38:46Z,2026-09-19T00:23:15.653310+00:00
UgxRtqlky4m9MpdYr5d4AaABAg,SQJwC-QLsRk,2490ce99bad1d60d4f2c2f48700fa3e1c197691771a8531261e54d062f43f82b,"Drag test, lambo mana lambo",1,2026-04-25T11:12:50Z,2026-04-25T11:12:50Z,2026-09-19T00:23:15.653310+00:00
UgwNbERK1bWQPgg5KPl4AaABAg,SQJwC-QLsRk,a0c68658f62594628b5006d60354d5d78f529456620af6ba155e9b9f21a27fde,"Kalau saya suka mobil sedang, suka jaeco j5 tapi pilih geely Ex2 yg pas..",2,2026-04-25T09:38:14Z,2026-04-25T09:38:14Z,2026-09-19T00:23:15.653310+00:00
UgxuT-tld93fgtUyiHp4AaABAg,SQJwC-QLsRk,0a7391afb394e4b4affb162c83f86ee051f302f4ea35fb807ca1d4a1c893d4d5,"Mohon komparasi mobil PHEV seperti Jaecoo J7, Gelly starray, lepas L8 dong min",1,2026-04-26T01:25:48Z,2026-04-26T04:26:13Z,2026-09-19T00:23:15.653310+00:00
Ugx-5fG2pWQKbCRi0J94AaABAg,SQJwC-QLsRk,a9d9b182edaa908fe31e358bc70c4861e16981500f1c27b441b4c092fb95cedc,"Cocok semua, cm uangnya yg nga ada",0,2026-04-25T14:27:24Z,2026-04-25T14:27:24Z,2026-09-19T00:23:15.653310+00:00
Ugz3s_RGRI5YfxK7yiV4AaABAg,SQJwC-QLsRk,a447a042e3ae7196cc6f31b2aad3c011040489b1d3b49df33481c2840359bca8,"J5 dipake di jalan sempit juga udah ribet, kebesaran bro 🤣 mending komparasinya Atto1 vs EX2 aja, itu baru masuk akal",0,2026-05-12T11:23:46Z,2026-05-12T11:23:46Z,2026-09-19T00:23:15.653310+00:00
UgzLhf5zvqgUoUpWfiZ4AaABAg,SQJwC-QLsRk,d19b745e36f25c7295efe14bf182cd66fab83daf1d0540a96c06e0c35c074fc9,"Geely stil the best, cuz it's volvo",0,2026-04-27T02:42:11Z,2026-04-27T02:42:11Z,2026-09-19T00:23:15.653310+00:00
Ugzme9mkW-AzWNLa-eV4AaABAg,SQJwC-QLsRk,84f3a07f2e439d3625649903166c2007bc0306b4fab850d1b64e08fde6781913,"fiqri dan kawan2 cintamobil emang big brainer, hanya lo dan temen2 lo yg punya otak compare 3 mobil ini secara full, gak ada reveiwer lain yg otaknya lebih jalan dari kalian",0,2026-05-04T00:50:58Z,2026-05-04T00:50:58Z,2026-09-19T00:23:15.653310+00:00
Ugxj0ui2awVFnH1Alq14AaABAg,SQJwC-QLsRk,af2f4f332c48d0e32f88ec955029fcbe625ef8d58973807282131251ce3bb63c,"Fitur pengen kayak jaecoo j5, tampilan geely ex2, tp compact kayak byd atto 1 ga ada ya?😂

Mau spk maju mundur gegara ukuran geely ex2 yg ternyata ga sekecil yg dibilang orang2.",0,2026-05-14T10:57:47Z,2026-05-14T10:57:47Z,2026-09-19T00:23:15.653310+00:00
UgwIOlQPVP4Hts0Rrdl4AaABAg,SQJwC-QLsRk,eef2888be2b8e4d9a0a4c7e3471fcf447c257eaa97797ba3c4cf2a810c78ba45,Dari body aja udah keliatan beda kelas wkwk,0,2026-05-12T11:40:47Z,2026-05-12T11:40:47Z,2026-09-19T00:23:15.653310+00:00
Ugx3m1jYkVT-pv9CdAh4AaABAg,SQJwC-QLsRk,d34ff30678ad717a28687e8e9363139280476dabc6874122d160f1fc54cad2f6,"Komparasinya kurang imbang nih, J5 levelnya udah beda jauh. Kalau mau dapet perbandingan yang objektif, mending EX2 sama Atto 1 nya aja",0,2026-05-12T13:03:18Z,2026-05-12T13:03:18Z,2026-09-19T00:23:15.653310+00:00
Ugzzs4cvV47hwy3VrPZ4AaABAg,SQJwC-QLsRk,8bbdb5828e75519de82d753f00222d443c3b5e0ff90a25d6657a2a514d604cd4,Nanti Chery QQ3 masuk mesti dibuat lagi komparasi. Kalau J5 mah tidak sebanding dengan Atto 1 dan EX2,2,2026-04-26T04:01:28Z,2026-04-26T04:01:28Z,2026-09-19T00:23:15.653310+00:00
Ugx3yvWTwWkGF8eijuh4AaABAg,SQJwC-QLsRk,04510e6c5a0638f70a1f7e2a0c427fb35c6e3b72488aa3827f474f66f600f126,"Ini ngomongin mobil apa ngomongin tablet di dalam mobil sih,
Banyakan bahas head unit",0,2026-08-16T07:16:46Z,2026-08-16T07:16:46Z,2026-09-19T00:23:15.653310+00:00
UgyK5147EjdOZmHv-il4AaABAg,SQJwC-QLsRk,bad877719b52a117512f4dee700b7e9991a128492c30d84d95c3653be0baebca,"Prefer yg RWD sih.   Sayang nya gak ada Test Nanjak nya,   jadi gak keliatan keunggulannya di tanjakan.  😀",1,2026-04-25T11:53:24Z,2026-04-25T11:53:24Z,2026-09-19T00:23:15.653310+00:00
UgzGm3HtSWbgYn-k2gx4AaABAg,SQJwC-QLsRk,41054d7ba088b7c5a8e6762fe379cbfbfdb0c536d986e2ed35d6484ae571de98,"Lah ini mah maksa banget dibandingin 😅 EX2 itu sekelas sama Atto1, bukan sama J5. J5 udah beda segment dari dimensi sama harga juga",0,2026-05-12T11:41:31Z,2026-05-12T11:41:31Z,2026-09-19T00:23:15.653310+00:00
Ugy2Ti7XLzGrmyr10tF4AaABAg,SQJwC-QLsRk,3cd0fd51651b34e43149caf7d26f8a344007c03c19445266a43d8a6a28ae854d,"Lah J5 mah udah jelas di atas, ya pasti menang lah 😄 aneh aja kalo dibandingin sama yang lebih kecil, kayak gak apple to apple gitu",0,2026-05-12T11:23:21Z,2026-05-12T11:23:21Z,2026-09-19T00:23:15.653310+00:00
UgyggWnREFUP5MuCU9d4AaABAg,SQJwC-QLsRk,191518199891518aef4c875cab5f67556369944533d76010f700b16e5a4ed064,Ga nyesel beli EX2 karena dipakai perjalanan jauh nyaman dan tangguh. harga juga lebih bersahabat,0,2026-05-12T11:52:53Z,2026-05-12T11:52:53Z,2026-09-19T00:23:15.653310+00:00
Ugy4GHX_g1Muq8ql4sF4AaABAg,SQJwC-QLsRk,26e741e1edb84971d2d9b9f2a304c2e88dd72773087a06abd223ec84eb36c3fe,"gua ambil Geely EX2 Pro,
org2 blg koq ga ambil Jaecoo fitur bnyk murah bgt, yg gua ambil irit nya, berat 1.2ton vs 1.7ton, tapak ban ga kelebaran, baterai lebih kecil klo misal ganti ga lebih mahal, aerodinamic best kaya sedan. intinya ambil yg lebih irit penggunaan nya. atto 1 tanggung kecil jadi serba limit.",1,2026-04-28T13:55:21Z,2026-04-28T13:55:21Z,2026-09-19T00:23:15.653310+00:00
Ugzq7InAbji4ijOppd94AaABAg,SQJwC-QLsRk,9434cb3611f8e085c56814ab29d4eb1ca5ef7567a94192c3e9e256eba6cab423,Kalo budgetnya ada pilih j5 specs overkilled. Kalo budget tipis skln atto1 dynamic 199 juta 😂,1,2026-04-25T15:26:34Z,2026-04-25T15:26:34Z,2026-09-19T00:23:15.653310+00:00
Ugzwp86TOB3ZDxYknDB4AaABAg,SQJwC-QLsRk,3a48c4910a26b0582f1613cf873896f4605cb21ecafdc43090547bc00308af0f,"CHERRY QQ BEV
CHANGAN LUMIN BEV 

GIMANA NASIB BEV SETELAH STNK TAHUNAN NYA DISAMAKAN DENGAN MOBIL ICE HIBRIDA HEV PHEV ER EV,
DAN PLAT NOMOR BIRU JUGA BERLAKU UNTUK MOBIL HIBRIDA DI ATAS,
BUKAN LAGI KHUSUS BEV
DAN 
BEBAS GANJIL GENAP DITIADAKAN",0,2026-04-26T17:15:19Z,2026-04-26T17:15:19Z,2026-09-19T00:23:15.653310+00:00
UgylytdH1rYIYobEQJx4AaABAg,SQJwC-QLsRk,3298920f7e990c74b576cf27263e33ad9fae6e95532e14b52f8ac4ac91ea3738,Jaeco masi susah showroom nya... Klo pilihannya mungkin atto 1 atau Ex2😂,1,2026-04-25T12:17:00Z,2026-04-25T12:29:58Z,2026-09-19T00:23:15.653310+00:00
UgxSjVdzJsLAhFQFEOJ4AaABAg,SQJwC-QLsRk,ce1d32ba8a32dd537d5025fe177ab7d53eea2dcf7e0a178d01d427c32c7e778b,Wuling binguo ev underrated bgt,0,2026-04-25T11:26:56Z,2026-04-25T11:26:56Z,2026-09-19T00:23:15.653310+00:00
Ugz9awOaaCPg4Ye7MMF4AaABAg,SQJwC-QLsRk,860b19b542837c1c346581863c95213b66600359b533fa918a52cbc65d723d80,"segmen range harga ini menarik sih, bahkan dengan peraturan pajak baru buat ev, itungannya masih 11 12 kaya pelihara matic premium 150cc",1,2026-04-25T10:19:39Z,2026-04-25T10:19:39Z,2026-09-19T00:23:15.653310+00:00
UgxJwXOkiAazsOK0xCl4AaABAg,SQJwC-QLsRk,1d46577d75fe62d85ea94cd017f087684686c3000c2f179417d9fb65c477cb2f,"veloz hybrid min, review biasa boleh komparasi jg diterima dg senang hati
terima kasih",0,2026-04-25T21:46:35Z,2026-04-25T21:46:35Z,2026-09-19T00:23:15.653310+00:00
UgwFnTQrGfO-JT_9WEZ4AaABAg,SQJwC-QLsRk,98a31e2952c18b39e87fd6b52430d598d0cd66bd07483bdd3fef9200a58fd237,"Adu hemat lagi dong, kayaknya udah lama gak compare jarak mobil listrik 🗿",0,2026-04-25T16:45:09Z,2026-04-25T16:45:09Z,2026-09-19T00:23:15.653310+00:00
Ugw5jBJ8p2XDI7t_6m94AaABAg,SQJwC-QLsRk,470b06aa3fce3f4327c6af619d5ddd2f7a151a4d50fd844b006925f994a5cf7b,Pantes mobil2 H tegak kurang laku ya skrng 😅😅,0,2026-04-25T10:17:47Z,2026-04-25T10:17:55Z,2026-09-19T00:23:15.653310+00:00
UgzakMU9MyHoHSDR4mB4AaABAg,SQJwC-QLsRk,53b7745e8350d292577e98514daa127a112949ab6d3b6ec39313d071bcb11c0c,Kalo aku carinya yg tinggi aja....maklum tinggal dikota kecil dan kadang banjir heheheh jadi jaecoo j5 deh,2,2026-04-25T11:15:09Z,2026-04-25T11:15:09Z,2026-09-19T00:23:15.653310+00:00
UgzYu5cwlUdc-2x3lpN4AaABAg,SQJwC-QLsRk,e35fb1d1edf39548407c25772a3ed1a7fa567ae2abdf27aa3069a30fa8128910,kalo pendapat saya yang paling bagus desain byd atto 1 depan dan belakang kalo belakang geely ex2 dam jaecco j5 kalo interior lebih bagus jaecco j5,2,2026-04-25T09:21:36Z,2026-04-25T09:21:36Z,2026-09-19T00:23:15.653310+00:00
Ugzbf6QILnOG4N46Yxd4AaABAg,SQJwC-QLsRk,a7f143b2ddec8585c72aa711a2448d6de1f712e024bd14101a1c2ca004706ee0,J5 minus nya baris kedua. Klo jalan jauh badan pegel krn sandaran punggung terlalu tegak. Busa penopang keras.,1,2026-04-25T11:41:52Z,2026-04-25T11:41:52Z,2026-09-19T00:23:15.653310+00:00
Ugw6x9UTQpUlDlwTgS94AaABAg,SQJwC-QLsRk,2474daa27285fc881d82e440efd733ad4ba559417e8a0a39cabc305f3d5a70c9,cocok dengan harganya ...,0,2026-04-26T01:19:22Z,2026-04-26T01:19:22Z,2026-09-19T00:23:15.653310+00:00
UgyWRkRjfXDIh0_cYg14AaABAg,SQJwC-QLsRk,2bbdc116143728502d330a28134ac934f5aa4fbe45317e9d49634a9d9549ad17,Pilihan tepat sy memiliki j5,2,2026-04-25T23:01:10Z,2026-04-25T23:01:10Z,2026-09-19T00:23:15.653310+00:00
Ugw0wW88MMrJTPKcFot4AaABAg,SQJwC-QLsRk,f642c71cb5695acf5f6fcfb249841282dcb5ea863a1cd15e4c62ab7e1bb7b74e,"Mungkin baik jika komparasi mobilnya yg Harganya hampir sama, kalau jaecoo 5 yg standar, geely x2 pro dan byd atto 1 premium...",1,2026-04-26T03:49:17Z,2026-04-26T03:49:17Z,2026-09-19T00:23:15.653310+00:00
UgyUnYYXZ0H1X-WqMYp4AaABAg,SQJwC-QLsRk,bf1885230be9d35fe39bec5c7f12d305c05b5dd9f4019a4d05e9b80efacc0738,"yang beli EV jangan mikirin jual bekas nya, tapi mikirin gmn buang bangke nya, itu aja dulu,
karena belum ada info untuk biaya, lokasi, dll",0,2026-04-25T23:44:22Z,2026-04-25T23:44:22Z,2026-09-19T00:23:15.653310+00:00
UgwgSaML95LgWH2mHMp4AaABAg,SQJwC-QLsRk,4df75ad5a61a7db22216ff36c2b1b7d4717165d984c7c4935ed5b64a21ebbeec,"Saya tidak keberatan kalau Jaecoo merilis trim 'hedon' untuk J5, misal J5T dengan bumper ala range rover, ban Continental dengan velg 19"", fungsi pijat dan lumbar untuk 2 kursi depan, serta instrument panel lcd yang proper. 

Dengan base harga yang super rendah, menurut saya 350jt bisa banget untuk semua tambahan tersebut",0,2026-04-25T23:58:25Z,2026-04-25T23:58:25Z,2026-09-19T00:23:15.653310+00:00
UgzpVtThGN36Qesoi_R4AaABAg,SQJwC-QLsRk,f7820d5372641675aaef1154feb2652e79f5081c299be656e1c4b10d8059d887,sealion 7 kalo trade in ke jaecco j 5 kena brp tuh di moladin?,0,2026-05-05T07:56:18Z,2026-05-05T07:56:18Z,2026-09-19T00:23:15.653310+00:00
UgxK5WulRY8ZDZYRPDN4AaABAg,SQJwC-QLsRk,c848c5c196f78c3f0a70daeccf3e729b85a9c06d38b90a622134ecaffe548b77,Bang saya tunggu moladin test veloz hybrid dengan 7 penumpang. Khususnya di tanjakan. Apa betul jauh beda dengan veloz sebelumnya. Ditunggu yaa 😂😂,0,2026-04-26T01:30:09Z,2026-04-26T01:30:09Z,2026-09-19T00:23:15.653310+00:00
UgzlzLLQ6w4RbTZClqF4AaABAg,SQJwC-QLsRk,3f83c3da3ee2452b6b870938c069d8ceb9d21a3f5131138dc2507cf3e43b846b,Lagi nunggu Geely M 7 phev katanya sih Agustus masuk indo  yg setengki jaraktempuh sampe 1700an Km,1,2026-04-25T11:30:36Z,2026-04-25T11:31:45Z,2026-09-19T00:23:15.653310+00:00
UgycsjsOC2_PPLw18v14AaABAg,SQJwC-QLsRk,ff49b2beeae7b5c3c7f7745e0e5a0bb2a33bdb4fa0883e771570124f2f128c40,Neta V-II mana bang?,0,2026-04-25T15:04:43Z,2026-04-25T15:04:43Z,2026-09-19T00:23:15.653310+00:00
Ugzl6UhfNeGn7Itt8iF4AaABAg,SQJwC-QLsRk,9e0dd594c4f6864a2ed685666fa45772d1cb136c5ad3ea8333bde6ec430daa7b,"Sayang aion UT ga masuk padahal termasuk EV yang ternyaman di kelasnya.
Binguo EV juga bagus, pabrik, dealer, servis center terbanyak di indonesia.
MGS5 EV juga bagus dia saudara sepupu wuling, Satu induk SAIC. Joint Venture: merk  VW, GM, 
, Škoda, Audi, Buick, Chevrolet, dan Cadillac.",4,2026-04-26T01:48:14Z,2026-04-26T02:04:23Z,2026-09-19T00:23:15.653310+00:00
UgydwflQWJwr6r3HwFx4AaABAg,SQJwC-QLsRk,b8970091ce7ea5fdc9cad12aacb41d1428a0bc9c2741205c128712ca8c345c02,Sekalian buat perbandingan Pajak Mobilnya dong.. apakah 3 mobil tersebut biaya Pajak per tahun sama?,0,2026-04-25T09:30:52Z,2026-04-25T09:30:52Z,2026-09-19T00:23:15.653310+00:00
Ugzw_Kl8rCpNQ0V-mZV4AaABAg,SQJwC-QLsRk,6053c9e5b7b227e834ea31c45bcb78f7ef0ab302c744b609a698946d171bbf10,"Saya bingung, coba deh liat yg di komparasi dan di publish pasti merk2 ini terus, knp MG ga pernah di munculin ya? Apakah ada sesuatu? Just wondering",1,2026-04-25T10:25:31Z,2026-04-25T10:25:31Z,2026-09-19T00:23:15.653310+00:00
Ugy62BM0zimk2E3XvuZ4AaABAg,SQJwC-QLsRk,8ac09f5d4eae6d9602089c041f9f8b210cea3a4d6f495691d98d65465287cd24,"Mau tanya dong bagi yg punya pengalaman atau yg bisa jawab. Saya bingung sama hitung2an PLN Mobile.

Saya ngecas Atto 1 Premium ( 38.88 kWh = 100% )
Saya ngecas kondisi mobil mati, sisa batre yg tertera 38 %. Saya memilih ngecas 20 kWh, setelah selesai ngecas koq hanya dapat 82%? 
Bagaimana cara perhitungannya bisa hanya dapat 82%?

Logika saya:
jika 100% = 38.88 kWh
Sisa 38% = 14.77 kWh
Untuk mencapai 100% maka saya perlu 38.88 - 14.77  = 24.10 kWh saja

Karena pilihan PLN Mobile ada 20 kWh, 30 kWh dst.. saya memilih 20 kWh supaya pengembalian dan ga banyak.

Tetapi koq malah hanya dapat 82%?",0,2026-04-25T14:22:40Z,2026-04-25T14:22:40Z,2026-09-19T00:23:15.653310+00:00
UgwpOYGDrE-GZNhp3cJ4AaABAg,SQJwC-QLsRk,89cda5dfa553c25aa09d0c07fa0cac7f1ed756bc161f56ec3c75b5e478bcd7f9,"Tadinya EX2 beneran menarik, udah kepikiran mau cek² unit sih, tp begitu viral blunder nya Geely buat masalah aftersales kayaknya mundur teratur deh, Geely no no ya... no no...",0,2026-04-25T09:40:40Z,2026-04-25T09:40:40Z,2026-09-19T00:23:15.653310+00:00
Ugxct6VTgDqGUbIERqZ4AaABAg,SQJwC-QLsRk,79b2ad9f3ccb3e438e7504653b66ab1529a3a7054c58ba951a3ee67882538346,"Kalau J5 dimasukin jadi kurang fair sih, lebih cocok EX2 lawan Atto1 karena sama-sama city EV modern.",0,2026-05-12T11:19:10Z,2026-05-12T11:19:10Z,2026-09-19T00:23:15.653310+00:00
UgxosMKTj5w0lGIZMdh4AaABAg,SQJwC-QLsRk,1a15c0df595649a367a23097913e84420cc36696285c80621af15520beaa6fab,"Kok jadi J5 lawan EX2 sih 🤔 kalau fair ya Atto1 vs EX2 dong, sama-sama sekelas. Jangan framing biar J5 keliatan unggul",0,2026-05-12T11:39:59Z,2026-05-12T11:39:59Z,2026-09-19T00:23:15.653310+00:00
UgyZ8NJUxIyQulsdiJx4AaABAg,SQJwC-QLsRk,7d71e198b26d798cc82b5447c038ca3ba16be3c1fcf3f317ffa0bce1184f5eb2,Beda kelas kok dipaksa dibandingin 😅 EX2 sama Atto 1 baru cocok buat dicompare head to head.,0,2026-05-12T12:28:41Z,2026-05-12T12:28:41Z,2026-09-19T00:23:15.653310+00:00
UgyEyBwMTymjf7WRYBd4AaABAg,SQJwC-QLsRk,b77de4f2b7a3ee3c6e83d7dfe7f564f5a1572f406fcb7a9fc198cc42ad2ccf88,"Gue juga sempet liat ke dealer, J5 yang spek atas aja susah, harga juga udah naik lumayan, makin keliatan ini bukan lawan sekelas sih sama Atto1 atau EX2",0,2026-05-12T11:19:04Z,2026-05-12T11:19:04Z,2026-09-19T00:23:15.653310+00:00
UgzkCfEqAzLIKblWSUh4AaABAg,ccgG2mpCIHM,24689fa524e893220552ba0279fef9bc348d8b29cd7165f86b377f890654eaf5,J5 uda pernah dites 470km. Cuma moladin yang sering tes range EV,10,2026-05-03T18:49:51Z,2026-05-03T18:49:51Z,2026-09-19T00:28:54.749870+00:00
UgwWxaSEYc8JZpnEmbx4AaABAg,ccgG2mpCIHM,14caad9f3fe2b795b825afed352d71b696daaa7ad12169cb83af7667aeee81af,Next e5 vs mgs 5 vs geely ex5 vs atto 3 vs aion v vs kona,7,2026-05-04T11:20:34Z,2026-05-04T11:20:34Z,2026-09-19T00:28:54.749870+00:00
UgzgpIOy3IvetBQEJ_l4AaABAg,ccgG2mpCIHM,12c6013e1bb33d61b893fa79ca0ae5d1c484b11e497de2f3248c27d8b9f72135,Mantap ini yang ditunggu2.... Nextnya boleh request untuk komparasi jarak tempuh antara BYD M6 sama Wuling Darion? Penasaran dengan pertempuran MPV 7 Seater EV 400an jutaan...,3,2026-05-04T04:19:50Z,2026-05-04T04:19:50Z,2026-09-19T00:28:54.749870+00:00
UgylX-x0t1LxINkJg-94AaABAg,ccgG2mpCIHM,80e789b008cafeaef8f07a74dbff39b4a9e824a4434e68084c3489145c03e81d,Channel ngetest mobil paling asik 😂,1,2026-05-18T09:08:04Z,2026-05-18T09:08:04Z,2026-09-19T00:28:54.749870+00:00
UgwxTR1gFfbzZoJUgOJ4AaABAg,ccgG2mpCIHM,1d726d5cae0384bffa20a71c7cc6fb81552b74fda711655292b6480518c4d7f5,"Beda ukuran, beda harga, beda market juga… netizen pasti langsung sadar ini bukan lawan sekelas wkwkwk",1,2026-05-12T12:49:40Z,2026-05-12T12:49:40Z,2026-09-19T00:28:54.749870+00:00
UgyvJiFyD0ho8SjGygN4AaABAg,ccgG2mpCIHM,7b03478c9c4a4d1d48eb0c5c102d99e4cb27701d4d6c03104e934e06e7119c29,"Kalau buat daily use dan city car, EX2 menurutku udah paling pas. Dimensi oke, fitur dapet, harganya juga masih masuk akal 👌",4,2026-05-12T11:37:24Z,2026-05-12T11:37:24Z,2026-09-19T00:28:54.749870+00:00
UgwD_NI0mswk33eo0et4AaABAg,ccgG2mpCIHM,204a65e5296d650e093be76ee228687b1b2c94147e84b084a0cbc5368025bc6b,Moladin is the best 👍👍👍👏😁,6,2026-05-04T04:30:01Z,2026-05-04T04:30:01Z,2026-09-19T00:28:54.749870+00:00
UgyALorLT08k53pQRPh4AaABAg,ccgG2mpCIHM,cdd5ec5de8661f2623394c71301f98440547f8e980d44b5e40fc432bbfa5702d,"Atto 1 vs EX2 baru seru nih, kelasnya beneran sebanding...",2,2026-05-12T11:39:33Z,2026-05-12T11:39:33Z,2026-09-19T00:28:54.749870+00:00
UgyU1RgidnTS2q96LJt4AaABAg,ccgG2mpCIHM,ab52a06e106bf014725c9e3681ef6c14c0c84dcc8d49a0cfa838696b1a709622,Keren banget chenel ini merakyat bermanfaat,5,2026-05-03T14:56:47Z,2026-05-03T14:56:47Z,2026-09-19T00:28:54.749870+00:00
UgycafSrJTlqsfYjkZZ4AaABAg,ccgG2mpCIHM,ce912880c4511ecac71fdc62a0da8f34cebd1c26ba359ebe775ff995128d0369,"Kalo di konversi antar kapasitas baterai VS jarak tempuh, maka geely EX2 yg paling efisien. Jaeco J5= 474km/60.9 kwh = 7.7km/kwh. BYD Atto 1= 378km/38.8 = 9.74kwh/km, dan Geely EX2 = 402km/40.8kwh = 9.85km/kwh.",126,2026-05-03T14:25:48Z,2026-05-03T14:25:48Z,2026-09-19T00:28:54.749870+00:00
UgykVDbzA3iQ6dmWcnd4AaABAg,ccgG2mpCIHM,38cdad50826d9d41443a2c869d43213aff7e0767fef308d3d8c3935b27c93297,"Gelly ex2 cek bioku yu, cocok untuk didalam Jakarta Kota, bogor bandung masih oke, ke Jawa pasti ngecas 1 x 🔥",8,2026-05-03T16:33:09Z,2026-05-03T16:33:09Z,2026-09-19T00:28:54.749870+00:00
UgzcDEdCNWjvEis11hJ4AaABAg,ccgG2mpCIHM,5f12ffead2bce1815834082e41f096a4e126e0a696865a1215358fee300f0f88,"Coba mobil ev lain seperti geely ex5, wuling darion, eksion, mg s5, dikomparasi jarak terjauhnya",4,2026-05-04T14:15:15Z,2026-05-04T14:15:15Z,2026-09-19T00:28:54.749870+00:00
Ugy1OJFrkSnFMdGFgOR4AaABAg,ccgG2mpCIHM,4ef06998b2ef1510ed1847913ec96405e15f10d576cca5b5b472cc3f7a82dbb7,Coba test kona electric yang klaimnya bisa 600km,9,2026-05-03T14:49:01Z,2026-05-03T14:49:01Z,2026-09-19T00:28:54.749870+00:00
UgwV9Pkn5yXndFgt-uh4AaABAg,ccgG2mpCIHM,9e2878f7ae7d227a252cfa1f9f6a61ef492ab363f70e2f2333ce832d904214bd,the best tim moladin,2,2026-05-04T01:29:47Z,2026-05-04T01:29:47Z,2026-09-19T00:28:54.749870+00:00
UgwAIYJKkbpHiPP2E3p4AaABAg,ccgG2mpCIHM,7f3a903422a8dee9e0889fd790bd0225b2a06e873ce6c33ae675899b8dd1307b,"Moladin tumben nih bikin komparasi gak imbang gini, Atto 1 vs EX2 aja harusnya, J5 mah beda urusan",2,2026-05-12T11:33:19Z,2026-05-12T11:33:19Z,2026-09-19T00:28:54.749870+00:00
Ugz6f3hF7Ty7lP5YT-l4AaABAg,ccgG2mpCIHM,2a273a30fb6798eb05043cca513dcadb1a2669b271af73e87369bdd21a3860be,keren nih .. makasih moladin,1,2026-05-04T09:18:21Z,2026-05-04T09:18:21Z,2026-09-19T00:28:54.749870+00:00
Ugw68fzFM5jGESkNmPd4AaABAg,ccgG2mpCIHM,6410ef0cb6854de61034d5d41716b7af081a6f68822e562dc33508b5330c1d03,"Ini baru jelas ....bukan cerita kwah ini itu tp jarak tempuh....
Mksh admin.....sehat selalu dan sukses",40,2026-05-04T02:41:48Z,2026-05-04T02:41:48Z,2026-09-19T00:28:54.749870+00:00
UgwPupDmwBkf2S7pz8h4AaABAg,ccgG2mpCIHM,0c1014da194599739d16447fcdc84375c1ff9109335b2065892ca8f18eb0b74d,Thanks for the english audio! Greatly appreciated.,0,2026-06-06T05:24:22Z,2026-06-06T05:24:22Z,2026-09-19T00:28:54.749870+00:00
UgzOFqrTHbfVZwHgoT14AaABAg,ccgG2mpCIHM,3d5a5265cfbc7d815367eec713b023e81698279266583f969030ab40359bab75,EX2 underrated banget sih padahal fitur sama tampilannya udah oke di kelasnya 🔥 dibanding mobil sekelas masih worth it banget,6,2026-05-12T11:35:50Z,2026-05-12T11:35:50Z,2026-09-19T00:28:54.749870+00:00
UgyVQ9OUA4qZfIcTwm94AaABAg,ccgG2mpCIHM,c0903db5ded8e71af9685a0c1fa9cdac5ddc90487d846c349f94454fba67a99c,Mantap 🔥🔥,3,2026-05-03T14:06:24Z,2026-05-03T14:06:24Z,2026-09-19T00:28:54.749870+00:00
UgydjFrVoCguPUW0dzp4AaABAg,ccgG2mpCIHM,1f4475775d943b6bf21ad44a906d63d8abd6ff5696e43363e55a6df0ebc39f00,Coba habis ini tes range darion vs m6 vs aletra,44,2026-05-03T14:24:03Z,2026-05-03T14:24:03Z,2026-09-19T00:28:54.749870+00:00
UgyOtygEZyNiJEkelQ94AaABAg,ccgG2mpCIHM,5235f4854dbcfc13079c4b81b0353e2c6aea8f90b7db12b54d6e86f537890fe9,"Dari bodi aja keliatan beda 😅 EX5 sama Atto1 masih comparable, kalau J5 udah naik kelas duluan.",2,2026-05-12T12:47:00Z,2026-05-12T12:47:00Z,2026-09-19T00:28:54.749870+00:00
Ugw6b1tABBN9hYzU3BJ4AaABAg,ccgG2mpCIHM,8a9a88129bf010a0de5f6391cc34ca8d627a0aadacd50b0a349acab89d99ce0b,Joss..,3,2026-05-03T14:05:38Z,2026-05-03T14:05:38Z,2026-09-19T00:28:54.749870+00:00
UgyEf0GuDgisFoGCq0F4AaABAg,ccgG2mpCIHM,a819a1fed254a8a392e11abe702489e1d881111dae289f68af3e69375acecea8,"Wajar sih jeacoo J5 menang, karena harganya paling mahal di bandingkan geely ex2 dan byd atto 1",2,2026-05-14T05:05:55Z,2026-05-14T05:05:55Z,2026-09-19T00:28:54.749870+00:00
Ugx_H5X_xb7eQbODWJ94AaABAg,ccgG2mpCIHM,1ffdd7b71d8b758ba2fda70c8489c5f6f1ac50efa1cd48b3043031f7decb71d5,"Jaecoo J5 emang value nya terbaik, spek nya lebih dekat ke Atto3/EX5 tapi harga lebih dekat Atto1/EX2",31,2026-05-04T05:24:53Z,2026-05-04T05:24:53Z,2026-09-19T00:28:54.749870+00:00
UgyRP7IArw_GMG1sYJh4AaABAg,ccgG2mpCIHM,87251951ac13ec19cd08c0d711a7c4cc14f042b893c96811c2d16669d8823468,"Menarik sih videonya, tapi menurutku EX2 bakal lebih kelihatan performanya kalau lawannya yang selevel kayak Atto1 aja. J5 kan kategorinya di atas itu, jadi agak kurang dapet poin bandinginnya",2,2026-05-12T11:52:53Z,2026-05-12T11:52:53Z,2026-09-19T00:28:54.749870+00:00
UgwAaaVN-pU-9Ec9jOZ4AaABAg,ccgG2mpCIHM,61aa721a556882e41a4ac8f82611b5e2be2fc505b391fa8ab389237f45d206c2,Ini kayak ngebandingin crossover medium sama city EV kecil,2,2026-05-12T11:26:51Z,2026-05-12T11:26:51Z,2026-09-19T00:28:54.749870+00:00
Ugx4ioe43kIvkNWbtoN4AaABAg,ccgG2mpCIHM,88c811ac00078b0c48905ab41c569a4e32d50a073fe47cc47d2da392f0476133,Bermanfaat,1,2026-05-03T22:57:27Z,2026-05-03T22:57:27Z,2026-09-19T00:28:54.749870+00:00
UgxsdQUiH2mHJgfNDNZ4AaABAg,ccgG2mpCIHM,fdc6667d068a3722973a185ec36e72760a17c22dd19587716898e4e9b6d9b8e8,Mantap ni geely,5,2026-05-07T08:07:09Z,2026-05-07T08:07:09Z,2026-09-19T00:28:54.749870+00:00
UgwKkmBVyFFOJ_qoMmt4AaABAg,ccgG2mpCIHM,023c12a71bfabd85d333875bd95fa003d466eeb5dcb80ed751ae42b1f0841159,"Terimaksih yaaaa, byd m6 DM dan felos hybrid ❤",0,2026-06-15T13:23:34Z,2026-06-15T13:23:34Z,2026-09-19T00:28:54.749870+00:00
Ugwnd76KlXHxMfM8Mfp4AaABAg,ccgG2mpCIHM,bf1885230be9d35fe39bec5c7f12d305c05b5dd9f4019a4d05e9b80efacc0738,"yang penting jangan pake mobil listrik pas libur panjang ke lokasi jauh dan ga bisa home charging ... soalnya masih sulit cari charging stationnya, kecuali mau nunggu berjam2",14,2026-05-13T05:53:14Z,2026-05-13T05:53:14Z,2026-09-19T00:28:54.749870+00:00
Ugzxg5QXUdC5nSJ2eSB4AaABAg,ccgG2mpCIHM,996723425f6cc0e4a083d9dd564714200f526d5adaca49829c5429a9cac283f2,"ex2 itu kyknya pake standar miles ya, 402km itu pas sekitar 250miles.",5,2026-05-04T16:30:28Z,2026-05-04T16:30:28Z,2026-09-19T00:28:54.749870+00:00
UgzDwcyYgr-1rmR_Mmx4AaABAg,ccgG2mpCIHM,b0207c015a1ef5e8e32191655cb96a3f47afb201953508ee621f69c0a377f178,Keren 👍🏻😁,1,2026-05-04T07:09:19Z,2026-05-04T07:09:19Z,2026-09-19T00:28:54.749870+00:00
UgzIif9PaDkBlpLj1NJ4AaABAg,ccgG2mpCIHM,4df75ad5a61a7db22216ff36c2b1b7d4717165d984c7c4935ed5b64a21ebbeec,"Kecuali Chery membawa QQ3 dengan fitur mirip2 spek CDM (termasuk electric frunk) dengan harga fantastis, misal 200jt kecil untuk versi tertinggi dengan baterai 40an kwh, saya rasa tidak akan ada yang bisa menantang value for money-nya Jaecoo J5 EV. 

Atau MG 4 Urban mau masuk dengan harga di bawah 300jt? Bakal seru sih.",1,2026-05-03T23:40:49Z,2026-05-03T23:40:49Z,2026-09-19T00:28:54.749870+00:00
UgwO4CnHQfXIPrSLIqB4AaABAg,ccgG2mpCIHM,8160319ab03bcc8997e8dae6ad1f3c8af13375adb02ad0743f6f1006c4794773,Ok Boss,2,2026-05-03T14:09:51Z,2026-05-03T14:09:51Z,2026-09-19T00:28:54.749870+00:00
UgzbN6KU7AW0hbunwcp4AaABAg,ccgG2mpCIHM,974d8184b824ae5aedac2cda879418383c9250fbd1b50e5b3f4e789010f6a83c,"Dari harga sama ukuran aja udah keliatan beda target marketnya, jadi aneh kalau dipaksa head to head.",1,2026-05-12T12:42:30Z,2026-05-12T12:42:30Z,2026-09-19T00:28:54.749870+00:00
UgzNupxWbYSMeL5229l4AaABAg,ccgG2mpCIHM,dee1395cf9a6eef6c03479578696d374ce79724fc07ee4285c7f708570446234,Terima kasih,1,2026-05-03T20:52:05Z,2026-05-03T20:52:05Z,2026-09-19T00:28:54.749870+00:00
UgxuRsiWHKBbXxOSggR4AaABAg,ccgG2mpCIHM,9c276300998331c8d02064e51160537f1c8742b4d3a7b4eba3a3c5a05f00f531,wuling binguo ngga diajak ?,1,2026-06-07T14:29:59Z,2026-06-07T14:29:59Z,2026-09-19T00:28:54.749870+00:00
UgzkHJbAA1XNHVsW6wx4AaABAg,ccgG2mpCIHM,130db8071d565cbeca694db3987feeb8e5a80e6be3f1b359dcee98b03253c378,akhirnya bisa ngeliat real mode atto1 keabisan batere 👍,0,2026-05-20T04:15:34Z,2026-05-20T04:15:34Z,2026-09-19T00:28:54.749870+00:00
Ugz5holy8txt-3qxnEF4AaABAg,ccgG2mpCIHM,7df98f5a4ac3f22f907a442e6937385114445c8268853285b5bb1e1e43cee725,kembang kol salut. keren,0,2026-05-23T06:33:51Z,2026-05-23T06:33:51Z,2026-09-19T00:28:54.749870+00:00
UgwYKCLZEIbTrO_SbAh4AaABAg,ccgG2mpCIHM,2d465e4917c0acaf8b7117e978c697d2c21b939a00fdf02a75409bf66b6b971e,Lebih plus jaeco J5 yah.,4,2026-05-04T06:39:59Z,2026-05-04T06:39:59Z,2026-09-19T00:28:54.749870+00:00
Ugyazxh8lFjvNv6U6DN4AaABAg,ccgG2mpCIHM,511b6a05134ddf96da98da808ec5a26c1fae34ae37f383de6b88bb6f8646d19a,"Ini Part 2 Dari Video Komparasi 3 Mobil Listrik China. Di Part Terakhir, Waktunya Habiskan Baterai.",1,2026-05-04T01:12:17Z,2026-05-04T01:12:17Z,2026-09-19T00:28:54.749870+00:00
UgzSthul8UUbHK5qmDp4AaABAg,ccgG2mpCIHM,74e8b6de5af66ef86f5b28a3aae4421dd96e2a3650884b430aa5b8042a536986,Tes jarak MG S5 dong moladin,2,2026-05-04T10:49:09Z,2026-05-04T10:49:09Z,2026-09-19T00:28:54.749870+00:00
UgzhQg1lEVola7CEneB4AaABAg,ccgG2mpCIHM,b73336d34da610cffa5dc271d3953dbeb4fb111e91a5870cbcf04ce92b16986a,Jaeco headlamp nya terang bgt,3,2026-05-03T21:20:08Z,2026-05-03T21:20:08Z,2026-09-19T00:28:54.749870+00:00
UgzCsrptAiI3uzt0JVF4AaABAg,ccgG2mpCIHM,81a70fe78baea1a0e1aa86b82ca933227f2af5ad953c4705824636f349ec9df7,"Kemarin sempet liat langsung EX2, ternyata build quality sama interiornya oke juga ya 👀 pantes banyak yg mulai lirik Geely sekarang",4,2026-05-12T11:34:12Z,2026-05-12T11:34:12Z,2026-09-19T00:28:54.749870+00:00
Ugxaod0iCyU90LPLtMx4AaABAg,ccgG2mpCIHM,9d60c94740582fe04f5cc85d6ca5597763104c4bdbeae08f7fe797ffa18b1e94,"Sistemnya lebih bagus dari limo, baterai nol masih bisa jalan pelan",1,2026-05-05T01:41:05Z,2026-05-05T01:41:05Z,2026-09-19T00:28:54.749870+00:00
UgxgaqEDr5NMN3iYL3R4AaABAg,ccgG2mpCIHM,3c4f5f398c3ca4132f73511d5b101421fae2461685f41bce7f05d0d9cecf9461,Bang Karim kakinya ga sekolah jadi boros baterai 😀,2,2026-05-12T05:54:42Z,2026-05-12T05:54:42Z,2026-09-19T00:28:54.749870+00:00
UgyJjFDkd7XhPUhslMh4AaABAg,ccgG2mpCIHM,d18607b283cdae68818f8b502f8cc0bf4e1c432c68c8676fafd5e577b185560c,tes MG S5EV donk tp varian yg paling rendah nya...pleaseeee,1,2026-05-03T15:37:27Z,2026-05-03T15:37:27Z,2026-09-19T00:28:54.749870+00:00
Ugw3fPUdv9OoIfPJv5t4AaABAg,ccgG2mpCIHM,f42005efbebbd1f63ce9880c60b7a900faad152bdfd69f26d0d5ef31b6a8a15f,"Coba test lagi ketiga mobil ini ,,,tapi di jalan pegunungan...bukan di tol....buat rekomendasi aja😅",0,2026-07-10T11:21:33Z,2026-07-10T11:21:33Z,2026-09-19T00:28:54.749870+00:00
Ugw6L3JjQyT-mNr21_l4AaABAg,ccgG2mpCIHM,cbc1d7f078285cd00ab9752d27cabf027f67cdc4b4303ff783723a468c4923a6,❤❤❤,1,2026-05-03T14:02:45Z,2026-05-03T14:02:45Z,2026-09-19T00:28:54.749870+00:00
UgwsM0MapUSxmqrwZcl4AaABAg,ccgG2mpCIHM,8bf4655516f21b9895885b168057c178e98ccbf9a43736978c4a136460011ec5,👍👍👍,1,2026-05-04T01:49:52Z,2026-05-04T01:49:52Z,2026-09-19T00:28:54.749870+00:00
UgzRUt4o8RE9LYNl8bF4AaABAg,ccgG2mpCIHM,f3a1dadbebf8fea18a03004c416e9b9af3b28a1125efa93663094073965c9881,Test darion sampai habis battre donk,1,2026-05-03T15:57:37Z,2026-05-03T15:57:37Z,2026-09-19T00:28:54.749870+00:00
UgwFiajEalbCJ6TCS494AaABAg,ccgG2mpCIHM,1671e8d3f3e110bb64379c7d51d206c8db5f27ff86ae433a0f9f39c6e38c4a25,itu mobil si mike seatbeltnya pendek bener...wkwk,2,2026-05-05T11:04:07Z,2026-05-05T11:04:07Z,2026-09-19T00:28:54.749870+00:00
UgzLVvmMGJxhcF52a6x4AaABAg,ccgG2mpCIHM,d8c3ee33b7db8c1b0336263f88d406fcf023eae885231a55b1417163aeac3832,"bener sih, geely ex2 lampu depan nya dah lah, nunduk bgtttttt",1,2026-05-09T06:34:39Z,2026-05-09T06:34:39Z,2026-09-19T00:28:54.749870+00:00
Ugzvhgi9lIBPPKfDJuZ4AaABAg,ccgG2mpCIHM,78642a24c0001e5e6a51e7bc22ce4b12711505e3a4c15cbd83d06084c3c89221,"Nah kalau dibandinginnya sesama kelas baru fair sih 😁 menurutku EX2 sama Atto 1 masih masuk buat dikomparasi, soalnya segmentnya mirip",4,2026-05-12T11:35:06Z,2026-05-12T11:35:06Z,2026-09-19T00:28:54.749870+00:00
UgySW4qtoIx-hUGukY14AaABAg,ccgG2mpCIHM,dee1395cf9a6eef6c03479578696d374ce79724fc07ee4285c7f708570446234,Ok. Si,1,2026-05-03T20:24:19Z,2026-05-03T20:24:19Z,2026-09-19T00:28:54.749870+00:00
UgwWV-WnMCnKkgg5WKF4AaABAg,ccgG2mpCIHM,26f4902aea0ef46984287d0624b2df4d31064805c269893c7db5b5ea48723c08,Sy suka build quality Geely EX2 ❤,8,2026-05-04T11:08:11Z,2026-05-04T11:08:11Z,2026-09-19T00:28:54.749870+00:00
UgyRYbBLtZQJgQE_JbZ4AaABAg,ccgG2mpCIHM,d2a002ee8971629b676cb2bed5f8a1a18b4e624f76cb8b8410a9a5bd3c44db55,Tes chery q dong,1,2026-08-08T17:13:55Z,2026-08-08T17:13:55Z,2026-09-19T00:28:54.749870+00:00
UgzW0dSWuVPUNkIBA9B4AaABAg,ccgG2mpCIHM,3840f3597465e86624a44c40d895a955aaf92f4a5b58266d5810f7e10e8d56f9,Boleh info ini pakai mode apa & berapa rata2 kecepatan km/h? Mantap moladin👍,1,2026-05-10T04:39:31Z,2026-05-10T04:39:31Z,2026-09-19T00:28:54.749870+00:00
UgxQSfFtBmcpcuxjphJ4AaABAg,ccgG2mpCIHM,a2bde72f210a8e514e577c5493c80d95a405819e3f37ad5f5a75500327347354,"Stigma baterai terkenal≠bagus
🏆 Gotion Geely: 10,15kWh/100km
🥈 BYD Blade: 10,24kWh/100km
🥉 CATL Jaecoo: 12,66kWh/100km",8,2026-05-05T16:45:54Z,2026-05-05T16:46:58Z,2026-09-19T00:28:54.749870+00:00
Ugw3IN8zxDrhtT7CKzZ4AaABAg,ccgG2mpCIHM,84f3a07f2e439d3625649903166c2007bc0306b4fab850d1b64e08fde6781913,"fiqri dan kawan2 cintamobil emang big brainer, hanya lo dan temen2 lo yg punya otak compare 3 mobil ini secara full, gak ada reveiwer lain yg otaknya lebih jalan dari kalian",15,2026-05-04T01:06:43Z,2026-05-04T01:06:43Z,2026-09-19T00:28:54.749870+00:00
Ugw0JHRl-UdPyeWzOJJ4AaABAg,ccgG2mpCIHM,f3a1dadbebf8fea18a03004c416e9b9af3b28a1125efa93663094073965c9881,"Jarak equivalen dengan harga, 

harga atto 1 < ex2 < j5

Jarak atto 1 < ex2 < j5",5,2026-05-03T15:59:52Z,2026-05-03T15:59:52Z,2026-09-19T00:28:54.749870+00:00
Ugz1CwYamNJU0pRyJu54AaABAg,ccgG2mpCIHM,2d97972cc5ddafdc0cc7346b7d51a7afee4a2930e7e1499f4aa00fc460d8a2a6,"Kesimpulannya 
Mobil listrik kalo habis baterai harus di touwing gak bisa di tarik mobil dari depan",0,2026-06-23T10:33:45Z,2026-06-23T10:33:45Z,2026-09-19T00:28:54.749870+00:00
Ugzl8HeqRXsoo9pO1XZ4AaABAg,ccgG2mpCIHM,241934946aa82442d8ac78f5e70de3b8ce20da744e857fb52774596e22ddb238,"Gw beli token listrik cuma 500rb, bisa jalan 2000km pake J5
Mantap betul",3,2026-05-04T13:01:14Z,2026-05-04T13:01:14Z,2026-09-19T00:28:54.749870+00:00
UgyXVgNrVfd9Y4vDACh4AaABAg,ccgG2mpCIHM,dfc1b0248cfd51c43582fac8ca3cac34fc3c32969ad7fb99e602b36996a827e7,test mobil diesel dong,4,2026-05-03T15:23:03Z,2026-05-03T15:23:03Z,2026-09-19T00:28:54.749870+00:00
Ugy-cMYavw2sZEfTjJx4AaABAg,ccgG2mpCIHM,ae8bd782eca73378ea7b8209c01760b7195334b4e7b973b6547cbbb4e479caf8,"di exit tol krapyak semarang belok kiri dkt situ ada spklu punya PLN bang, jauh bgt sampe poncol😂",0,2026-06-27T02:06:45Z,2026-06-27T02:06:45Z,2026-09-19T00:28:54.749870+00:00
UgwixKw3LX4GuAAbn6R4AaABAg,ccgG2mpCIHM,f1142997f5fa0ac6c4d5c877ec287b1fcbdab5f5f120a97300dac2fa01d467d0,"kalo mau lihat hasilnya doank disini 29:52


sori ya, min.. kabooorrr...",1,2026-05-06T08:03:10Z,2026-05-06T08:03:10Z,2026-09-19T00:28:54.749870+00:00
UgwEjyX16ArOTVv5xhx4AaABAg,ccgG2mpCIHM,08b3ded524495d85afab196ca434128b3673686f12d006684f30d6f2fae5364c,"Beda karakter, kalau BYD Atto 1 dan Geely Ex2 mobil yang di desain sbg city car penggunaan dalam kota, mengejar efisiensi, fun to drive di perkotaan dan body yang ringkas buat manuver perkotaan, sehingga tidak memerlukan body besar, baterai besar dan motor yang besar sehingga konsumsi kwh/km efisien yang berimbas pada biaya konsumsi listrik yg lebih efisien. Kalau Jaecoo didesain sebagai compact SUV yaitu mobil yang bisa di dalam kota dan luar kota, sehingga memiliki body yang lbh besar untuk kenyamanan jarak jauh dan untuk memuat kapasitas baterai yang besar dengan motor yang besar, namun berimbas pada konsumsi listri kyg lebih besar dan berakibat pada biaya operasional yang lebih besar juga. 
Perbandingan ini tidak apple to apple juga. Secara kelas berbeda karena Atto 1 dan EX2 masuk ke kategori hatchback city car, sedangkan Jaecoo J5 masuk ke kategori compact SUV dimana disandingkan harusnya dengan sesama compact SUV yaitu Aion UT atau MG5.",19,2026-05-03T15:47:52Z,2026-05-04T00:58:12Z,2026-09-19T00:28:54.749870+00:00
UgyxGsm4GhWYtJHoket4AaABAg,ccgG2mpCIHM,36d701660b877fcc514f9593dbffbc5aa0f25cd5444d808b02e1c3af6a9e2ceb,Adu mah yg sama2 harganya jcoo yah lwan atton1 pasti win lah harganya juga beda jauh,1,2026-05-14T14:21:04Z,2026-05-14T14:21:04Z,2026-09-19T00:28:54.749870+00:00
Ugx1AYJ8T5Xw8u9PuLZ4AaABAg,ccgG2mpCIHM,2bbdc116143728502d330a28134ac934f5aa4fbe45317e9d49634a9d9549ad17,Ksni gara2 J5,1,2026-05-21T00:07:37Z,2026-05-21T00:07:37Z,2026-09-19T00:28:54.749870+00:00
UgwjgRiVBfqbgfYj3hh4AaABAg,ccgG2mpCIHM,6b4edb41395e97e8f5d7162bc64b03e2998c92ba4b6201a1eb3c790775aa5df2,"Komparasinya ga cocok, mestinya J5 disandingkan dengan Atto1 vs EX2",1,2026-05-12T11:48:51Z,2026-05-12T11:48:51Z,2026-09-19T00:28:54.749870+00:00
UgzE87iaf4Awn2Xtpo54AaABAg,ccgG2mpCIHM,c1c26d46a4c69427d9d0ffb462918d004c175739fa8cccbc018cfcd83c3498f6,"Baterai, Power & Reduction Gear pengaruh pada efficiency di kec tertentu:

EX2 40.8kWh 386V
Torsi 150NM, Power 85kW

Atto 1 38.8kWh 288V
Torsi 135NM, Power 55kW

J5 60kWh 360.2V
Torsi 288NM, Power 155kW

Dari perkalian torsi vs Power:
Atto 1 boros di tol, karna incer torsi bawah, kemungkinan efisien di kec bawah, klaim 380km berkurang sedikit di highway.

EX2 lebih efisien di tol, kombinasi power besar tapi torsi ga terlalu besar, hasilnya mgkin efisien di kec menengah atas.

J5 motor power besar, torsi mengimbangi besar nya, tetap power besar makan listrik lebih gede, hasil nya lumayan boros, walau jarak lebih jauh sedikit, padahal baterai lebih besar 47% sampai 52% dr pada kedua mobil 😅",17,2026-05-03T19:59:47Z,2026-05-04T06:19:12Z,2026-09-19T00:28:54.749870+00:00
UgzP9CkfnByMUm2onYR4AaABAg,ccgG2mpCIHM,ac3136e9479a0486a4d8900b4e1fd9dd74cecf8e7c221c4da1803d5002788196,"Gue malah penasaran kenapa bukan EX2 vs Atto1 full comparison aja 🤔, lebih relate buat budget 200-300 jutaan.",2,2026-05-12T12:23:34Z,2026-05-12T12:23:34Z,2026-09-19T00:28:54.749870+00:00
Ugy8U89E7L0JTrZ4d4Z4AaABAg,ccgG2mpCIHM,64caa548ea3e25cae0921537441d87a5b9e9e63d6a6a33856a38d87282468fe4,"Kalo dari suspensi duduk di bangku belakang, yang manakah paling nyaman dari ke3 mobil ini?",1,2026-05-28T04:20:33Z,2026-05-28T04:20:33Z,2026-09-19T00:28:54.749870+00:00
UgzRvkRdcce1R0M3-Up4AaABAg,ccgG2mpCIHM,8ae26104bb167d70fac6515985394834ef56a6cce90c7994f65e20ebccfcc017,Geely ex2  suwer nyaman banget & efisiensi ❤,0,2026-09-02T21:48:47Z,2026-09-02T21:48:47Z,2026-09-19T00:28:54.749870+00:00
Ugydfp2lkvHNYmPMXPV4AaABAg,ccgG2mpCIHM,ba0bc8aea2da44340406cf674203fb558dbcdbe07bedfbea068dd3e3d2f76a7e,M6vc aletraxc darionvs eksion,0,2026-05-03T15:26:39Z,2026-05-03T15:26:39Z,2026-09-19T00:28:54.749870+00:00
UgyhlZpURlAUEvnpU7F4AaABAg,ccgG2mpCIHM,75da4dc451613e1eac1861e14d086b8a148c19dc2a656ab1326c78d444dbab72,Komparasinya nggak cocok mesti nya jaeco5 vs atto3 sama2 suv,1,2026-05-07T14:36:39Z,2026-05-07T14:36:39Z,2026-09-19T00:28:54.749870+00:00
UgyTHn6wdUTCtFKBhkR4AaABAg,ccgG2mpCIHM,b4473f2bccd680b8c1217da30c6f841eae5fc1b8c477a4f5cb10921c57e97c80,"EX5 vs Atto1 masih masuk akal, sama-sama compact. J5 terlalu beda buat dibandingin.",3,2026-05-12T12:44:48Z,2026-05-12T12:44:48Z,2026-09-19T00:28:54.749870+00:00
UgzhK3CVTPbt9uDkfzt4AaABAg,ccgG2mpCIHM,796b7919a021b716cf793473cd54f5134f030bdcc96383ea888cade32ab9ccb1,"Ibarat mobil ice:
BYD : Agya 1000cc manual, titik efisien 60km/h

Ex2: Ayla 1200cc cvt titik efisien 80km/h

J5: Evoque 2000cc, efisien 100km/h TAPI, kena drag body bongsor,tapak ban lebar, keberatan, jd efisien km/l berkurang.",17,2026-05-04T09:23:40Z,2026-05-04T09:23:40Z,2026-09-19T00:28:54.749870+00:00
UgzEu2IvgsgMSZS9YPJ4AaABAg,ccgG2mpCIHM,0da6c4b98c673f16802de8acbad5bc081ff2b15b5569e8c8c8a12e8e92e3ce00,Komparasi tuh enaknya apple to apple ya ga sih 😅 makanya EX2 lebih cocok dibandingin sama Atto 1 daripada model yang beda segmen,3,2026-05-12T11:38:17Z,2026-05-12T11:38:17Z,2026-09-19T00:28:54.749870+00:00
UgxbkBYXHV5R0reYWR54AaABAg,ccgG2mpCIHM,4099323265f68166d9d2f57bd8bae24d050c995e0346c16891d91b4d57bf67d1,Ex 2 suspensinya bikin mual gak untuk penumpangnya Om ?,1,2026-05-03T16:23:40Z,2026-05-03T16:23:40Z,2026-09-19T00:28:54.749870+00:00
UgxNxlJFmNhqxuR18Ed4AaABAg,ccgG2mpCIHM,0adb445542e182feb5d322722131670716b634b1021596e741c1d1f0dcb7e3d5,Posisi batere 0 begitu apa boleh didorong? Aman utk motor dan baterenya?,1,2026-05-04T10:38:22Z,2026-05-04T10:38:22Z,2026-09-19T00:28:54.749870+00:00
UgxqEfZi2XYYJ4UWBIN4AaABAg,ccgG2mpCIHM,12eec9df2ba29fb67db78e92bc14e9f9e513520494e7d84035a5e996712b17b7,Dari 3 mobil ini ada yg garansi baterainya lifetime ga?,1,2026-05-04T23:32:46Z,2026-05-04T23:32:46Z,2026-09-19T00:28:54.749870+00:00
UgxA1jb5FNTzOwyNSv14AaABAg,ccgG2mpCIHM,906ce81cc0ee91fbf87654fc4f54eae3ab0de48766a6091060d2a0c9d4b896ea,Om.... Tolong disebutin dong keceoan rata rata nya,2,2026-05-04T00:35:08Z,2026-05-04T00:35:08Z,2026-09-19T00:28:54.749870+00:00
UgyVKbbSQvogRFSBYnx4AaABAg,ccgG2mpCIHM,e9c462db7242c1789de8c4e4409d6a0b8446c6868df3c79fe0bb32d994d828bc,TRST BATREY SAMPAI MATI DI JALAN PEGUNUNGAN YANG TANJAKAN EXTREM SAMPAI MATI BATREY NYA BRO ❤❤❤,0,2026-06-18T17:48:25Z,2026-06-18T17:48:25Z,2026-09-19T00:28:54.749870+00:00
UgzI1CHciPe6_jc0dZh4AaABAg,ccgG2mpCIHM,e9c462db7242c1789de8c4e4409d6a0b8446c6868df3c79fe0bb32d994d828bc,"Test Batrey Sampai Mati

1.Jaeco J5 real test jalan DATAR 373 KM

2. Atto 1 real test jalan DATAR
Claim = 380 km
Real test =

3. Gelly EX2 test Jalan DATAR
claim = 395 KM

❤COBA DI TEST JALAN NANJAK NAIK TURUN FULL EXTREM KAYAK KE DIENG❤

CLAIM J5 DATAR = 375 km
TEST JALAN NANJAK =??????

CLAIM ATTO 1 DATAR = 380
TEST JALAN NANJAK =??????

CLAIM GELLY EX2 DATAR = 395
TEST JALAN NANJAK =??????",0,2026-06-18T17:42:43Z,2026-06-18T17:42:43Z,2026-09-19T00:28:54.749870+00:00
Ugy4PBwAC5j90e0clfx4AaABAg,ccgG2mpCIHM,77948a7de1a5252708c688efbcc6020b11f94328c9c942b41dde5d7abd46c002,Bikin tablenya yg enakan napa klo mau perbanding klaim vs real. Bersisiann gitu. Kiri kanan. Jangan atas bawah. Puyeng liatnya,1,2026-07-10T03:20:15Z,2026-07-10T03:20:15Z,2026-09-19T00:28:54.749870+00:00
UgzmgY_DKvE3eMKnEa14AaABAg,ccgG2mpCIHM,56698aeafed978b9bf57a5c847e13069ec0b26ff10c73a26f117c5aa815442a8,Harusnya J5 lawannya bukan EX2 dan Atto 1 sih,2,2026-05-12T11:18:28Z,2026-05-12T11:18:28Z,2026-09-19T00:28:54.749870+00:00
UgyNMgC7QHTE45cMokR4AaABAg,ccgG2mpCIHM,93d7d0aea469213dabb0b3218967b672251cd4e4a4dd75145e8a63393e228dab,"Dari first look aja udah kelihatan beda kelas. J5 ga cocok di sini,  ga fair ini mah",0,2026-05-12T11:43:24Z,2026-05-12T11:43:24Z,2026-09-19T00:28:54.749870+00:00
Ugy6JY2Scsyoh-BDObJ4AaABAg,ccgG2mpCIHM,39972707cf7d2dc078d3fcb96abdb952d2435c6f382c6ab58d2b661c616648a8,Jaecoo boros mungkinkrn paling berat. Jadi paling bener jika dimasukkan juga parameter berat.,3,2026-05-04T03:10:12Z,2026-05-04T03:10:12Z,2026-09-19T00:28:54.749870+00:00
Ugz8hMPMQgWMnSJZcit4AaABAg,ccgG2mpCIHM,8efe24550fadd5b01189d76ea4f6bc20de01e80c7a2c18dd44614eaf9702369b,"Ini catatan ane pake Etowan mode sport

23.1 km / 2.3 kwh 1o1a 1:10
17.3 km / 1.7 kwh 1o1a 1:10.2
23.3 km / 2.3 kwh 1o1a 1:10.1
17.5 km / 2.1 kwh 4o1a 1:8.3
23.3 km / 2.3 kwh 1o1a 1:10.1
17.5 km / 1.8 kwh  2o1a 1:9.7
6.4 km / 0.7 kwh 1o2a 1:9.1
12 km / 1.3 kwh 2o2a 1:9.2
11.8 km / 1.3 kwh 2o2a 1:9
23.3 km / 2.5 kwh 1o1a 1:9.3
17.6 km / 2 kwh 5o1a 1:8.8
19.2 km /2.2 kwh 1o1a 1:8.7
17.9 km /2.2 kwh 2o1a  1:81
17.5 km  / 1.9 kwh 1o1a 1:9.2
7.3 km / 0.8 kwh 3o2a 1:9.1
9.3 km / 1.1 kwh 3o2a  1:8.5
23.3 km / 2.4 kwh 1o1a 1:9.7
17.5 km / 2 kwh 3o1a 1:8.75
23.3 km / 2.6 kwh 1o1a 1:8.9
17.5 km / 1.8 kwh 1o1a 1:9.7
23.3 km / 24 kwh 1o1a 1:9.7
17.5 km / 1.8 kwh 1o1a 1:9.7
44 km / 4.2 kwh 2o1a  1:10.4
45.6 km / 4.6 kwh 3o1a  1:9.9
23.3 km / 2.7 kwh 1o1aLp 1:8.6
23.3 km / 2.5 kwh 1o1a 1:9:3
17.5 km / 2.0 kwh 3o1a 1:8.7
35.3 km / 4.2kwh 4o3a 1:8.4
32.7 km / 4 kwh 3o4a 1:8.17
23.3 km / 3.5 kwh 1o1a 1:9.3
17.5 lm / 1.9 kwh 1o1a 1:9.2
23.2 km / 2.6 kwh 1o1a 1:8.9
17.3 km / 1.9 kwh 4o1a 1:9.1
23.3 km / 2.4 kwh 1o1a 1:9.7
17.5 km / 2 kwh 2o1a 1:8.75
17.5 km / 1.8 kwh 2o1a 1:9.7
17.5 km / 1.9 kwh 2o1a 1:9.2
23.3 km / 2.5 kwh 1o1a 1:9.3
23.3 km / 2.5 kwh 1o1a 1:9.3
17.5 km / 1.9 kwh 1o1a 1:9.2
23.3 km / 2.3 kwh 1o1a 1:10.1
17.5 km / 1.9 kwh 1o1a 1:9.2
6.1 km / 0.6 kwh 1o1a 1:10.1
23.3 km / 3.1 kwh 1o1a 1:7.5 M
23.3 km / 2.4 kwh 1o1a 1:9.7
17.5 km / 2.0 kwh 2o1a 1:8.7
23.3 km / 2.4 kwh 1o1a 1.9.7 L
17.5 km / 1.8 kwh 1o1a 1:9.7
23.3 km / 2.3 kwh 1o1a 1:10.1
17.5 km / 1.8 kwh 1o1a 1:9.7
23.3 km / 3 kwh 1o1a M 1:7.7
17.5 km / 1.9 kwh 2o1a 1:9.3
23.3 km / 3 kwh 1o1a  1:7.7 M
17.6 km / 1.9 kwh 3o1a 1:9.2
17.6 km / 2 kwh 2o1a 1:8.8
19.5 km / 2 kwh 1o1a 1:9.75
13.9 km / 1.5 kwh 1o1a 1:9.26
6.9 km / 0.9 kwh 3o3a 1:7.6
23.2 km / 2.6 kwh 1o1a 1:8.96",0,2026-08-09T13:23:51Z,2026-08-09T13:23:51Z,2026-09-19T00:28:54.749870+00:00
UgwOT169dB1ciJvwqdh4AaABAg,ccgG2mpCIHM,f34c8e68ac4983db42a172aca0dec9c815835c7ac557aeec5daacc27473000fa,Paham gw knp Jaecoo J5 bnyk yg beli. Baterainya besar bisa dipakai ke luar kota.,3,2026-05-06T14:01:32Z,2026-05-06T14:01:32Z,2026-09-19T00:28:54.749870+00:00
Ugyz96U5uj4yNCopUF94AaABAg,ccgG2mpCIHM,4ac885f19c5d9a7e7c92f9a885e0eb8bbbd5578204e8360cc41834c4c9eacd32,"Dari ukuran sama positioning aja udah keliatan beda pasar 😭, J5 mah saingannya bukan EX2 sm Atto 1",0,2026-05-12T12:22:53Z,2026-05-12T12:22:53Z,2026-09-19T00:28:54.749870+00:00
Ugxu4Sgas-Uwyo5wqqJ4AaABAg,ccgG2mpCIHM,098d36532f1c30a530602f7a8a47713a1ec110563919043ee8964dc8799ab426,"19:00 BYD Atto 1 auto P?
Kemudian, apakah bisa dinetralkan agar dapat didorong?",1,2026-05-07T05:39:59Z,2026-05-07T05:39:59Z,2026-09-19T00:28:54.749870+00:00
UgyTJr9KQ8NYYtwK5694AaABAg,ccgG2mpCIHM,453869487a558243ddfaafa8b88a286b03b47e86462ca5ee5e1f891c91584832,Jangan malam dong karena jika siang barerai lebih boros,4,2026-05-04T06:05:34Z,2026-05-04T06:05:34Z,2026-09-19T00:28:54.749870+00:00
Ugx6YH-Rn4ywl48dajx4AaABAg,ccgG2mpCIHM,001d7db4d96cd127f9aeb8b4f16eb2253e7ce930cc42e0fd999bec6819e8cf32,"Ga masuk kalau bandingin EX2 dan Atto 1 sama J5, mending adu EX2 sama Atto 1ajaa",2,2026-05-12T11:53:31Z,2026-05-12T11:53:31Z,2026-09-19T00:28:54.749870+00:00
UgwB4xU3jZuPy3ACJKN4AaABAg,ccgG2mpCIHM,fed40b7b7db437c522d93ad37ee6812261c7c62e5656c615c9f2520dc2538ded,Kasihan chery omoda EV. Kalah sama sodaranya,4,2026-05-03T15:29:05Z,2026-05-03T15:29:05Z,2026-09-19T00:28:54.749870+00:00
UgzvAQSu4Nhk5QYYLAp4AaABAg,ccgG2mpCIHM,e89623811e969accda3f79b6911ac8ca1509bba92e7a0f3e230e5cc30b832f08,"BANG, Tolong bahas seberapa bahaya nya mobil EV ini kalo melewati rel kereta seperti Tragedy Kereta Api di bekasi timur",2,2026-05-04T00:04:54Z,2026-05-04T00:04:54Z,2026-09-19T00:28:54.749870+00:00
UgxWMGsrP3Oif3CRFwt4AaABAg,ccgG2mpCIHM,bdea0e1db506f26caad60dac1d3372f464fb50672c4c46f45f13caea36caf24c,Masih nunggu rocky hybrid sama veloz hybrid,0,2026-05-03T20:33:55Z,2026-05-03T20:33:55Z,2026-09-19T00:28:54.749870+00:00
UgxBZyqfmxCTcy6lhvt4AaABAg,ccgG2mpCIHM,e8dc0731a8eb33339ae1b8e2a968327ad1a301df450cb4637d4007c1f00ba723,Si kribooo pindah dr autofun ya...😂,0,2026-05-04T02:31:02Z,2026-05-04T02:31:02Z,2026-09-19T00:28:54.749870+00:00
Ugwz3l8N7YWq_cMP74B4AaABAg,ccgG2mpCIHM,d8070ad5d3a6c22c4a0809cf69cf44e7333bf3e43b462adf3dea211b9f4be4c7,"J5 harga 310jt kejauhan kak,  ex2 dan atto-1 prem under 250jt, harusnya jangan j5 tapi binguo pas promo juga 250jt jadi harga dan bentuk serupa. eh mungkin disponsori jaecoo ya.",0,2026-08-10T12:46:54Z,2026-08-10T12:46:54Z,2026-09-19T00:28:55.390869+00:00
Ugy0p0WZNVWURgDeI5Z4AaABAg,ccgG2mpCIHM,5a63594ea32f1a4b7137b7c4f90886a1ef36eb56932e85bcddffc1036bff0775,Sekali kali habisin mobil bensin phev dari full tank sampai mogok di Jawa Tengah dong,0,2026-05-04T13:28:07Z,2026-05-04T13:31:23Z,2026-09-19T00:28:55.390869+00:00
UgysVijTh7Mkjp6jQrR4AaABAg,ccgG2mpCIHM,2c32d84d9fac1f2d5fc60aa46484e7fad877ec5486c738156890a47dafb4df53,Kompernya maybe atto 1 vs gelly is ok tapi jaecoo j5 kan kategori SUV kah?,0,2026-07-28T14:36:30Z,2026-07-28T14:36:30Z,2026-09-19T00:28:55.390869+00:00
UgxHLe_qZp5ecQRazJt4AaABAg,ccgG2mpCIHM,6fb81077b9e1957a720662f8da21d6602a40f3fd5c7f46c2a8ee612a085caa16,"Knpa mobil listrik rangenya pasti gk jauh dr klaim, beda bngt ama motor listrik pasti klaimnya kyak di lebihin bngt 😂",0,2026-06-21T11:17:08Z,2026-06-21T11:17:08Z,2026-09-19T00:28:55.390869+00:00
UgwuFJFn5FDFLkP2E454AaABAg,ccgG2mpCIHM,0f3e67823b3a28ebe62cd2a0386933c6880249e230adeed0cd417d8d5983a278,uDAH paling Worth To The Moneyyyy J5,2,2026-05-04T01:24:38Z,2026-05-04T01:24:38Z,2026-09-19T00:28:55.390869+00:00
UgzAmwI_jKq-QTfOq6p4AaABAg,ccgG2mpCIHM,c826b9ee29b12203834e4ba91fc1ac513574fbccc7759efb6bfe5acafc93cc1e,ini Testnya nyalain AC normal kan?,0,2026-06-18T04:07:31Z,2026-06-18T04:07:31Z,2026-09-19T00:28:55.390869+00:00
UgyWKng1vXnH67tod9R4AaABAg,ccgG2mpCIHM,c0552e98b392d0dcc79b25faf106611f51d5b394823abc37f608136c05eba5c9,Test aion UT sampe habis dong.. sejauh ini blm ada yg real test... padahal peminat aion UT bnyk,0,2026-05-03T17:02:12Z,2026-05-03T17:02:12Z,2026-09-19T00:28:55.390869+00:00
Ugy-QrZ55M1hXkHq5g54AaABAg,ccgG2mpCIHM,53428a5b785006ec834d48893a42b4da90860d429deb072abf36d8cbe22cc3e0,"penggerak belakang sih cocok untuk didaerah, gak semua orang di kota besar dengan jalan bagus,",0,2026-07-09T12:39:03Z,2026-07-09T12:39:03Z,2026-09-19T00:28:55.390869+00:00
UgwHd-qAe4llB2uI57V4AaABAg,ccgG2mpCIHM,225d9220802fc7b48296457123f74ba593a692342773a7c2996d7e19f4090f0f,21:48 kok bs seirit itu ya mas ? AC nya buka tidak ?,0,2026-08-18T17:06:25Z,2026-08-18T17:06:25Z,2026-09-19T00:28:55.390869+00:00
UgwEJbxp5bvbCDneSYt4AaABAg,ccgG2mpCIHM,26e741e1edb84971d2d9b9f2a304c2e88dd72773087a06abd223ec84eb36c3fe,"Geely EX2 dengan Lebar 1805mm dan lebar ban 205mm, masih bisa lebih irit konsumsi nya, coba kalo Mesin nya Geely di pasang di Atto 1 dengan lebar 1715mm dan lebar ban 185mm, berarti bisa irit lebih jauh lagi. klo dibalik mesinnya Atto 1 dipake ke Body Geely tambah boros lagi dong?! 

emng Geely dr Hybrid hingga EV nya klo diperhatikan, paling hemat diantara brand lainnya, apa lagi bsk M7 M9 masuk dgn thermal Efficiency hampir 49%, rekor dunia lo, coba cek",10,2026-05-03T19:30:39Z,2026-05-03T19:30:39Z,2026-09-19T00:28:55.390869+00:00
UgwUuFD_jTEw5x0e2t14AaABAg,ccgG2mpCIHM,51a502205602ddba3393a33d6b1fc9c09275a37a7a8ccc881a6823b708837ab9,Dengan jarak tempuh tsb..ditempuh dengan kecepatan kendaraan brp? tidak dijelaskan secara detail...krn naik mobil listrik ngak terasa.....,0,2026-08-03T09:09:35Z,2026-08-03T09:09:35Z,2026-09-19T00:28:55.390869+00:00
Ugx3hGrTFl0KlmFEQJB4AaABAg,ccgG2mpCIHM,c084ca3e419522ba16e2fff8147d0ade16c2ea8a91c4adebf093988877e71f56,test veloz hybrid di tanjakan andalan situ dengan muat maksimal kapan?,2,2026-05-03T14:11:50Z,2026-05-03T14:11:50Z,2026-09-19T00:28:55.390869+00:00
UgyaDsu_b4h0VDPyLsx4AaABAg,ccgG2mpCIHM,be038438b14f0eacef422bfc241005f8a508132cc750b90e7adcdaf99474ff56,d grup j5 stirnya ada yg narik bwt belok sndri ke kiri..,4,2026-05-04T00:23:39Z,2026-05-04T00:23:39Z,2026-09-19T00:28:55.390869+00:00
UgxVWnymUzVAgA0ZMBx4AaABAg,ccgG2mpCIHM,940d1d806bd07cc796add9106ecf59b533d66a88208c1d68948d7f58f420b61c,Mas nanda kemana ya?,0,2026-05-05T00:22:23Z,2026-05-05T00:22:23Z,2026-09-19T00:28:55.390869+00:00
UgywYMlzLCVbmpypvsJ4AaABAg,ccgG2mpCIHM,cbd48ec028535abc37be6d49e63b490a123d6da7014e220dee8fcce920057c9c,kecepatannya brp? cuma 70 kph?,0,2026-06-17T06:58:00Z,2026-06-17T06:58:00Z,2026-09-19T00:28:55.390869+00:00
UgxgO3KqK3yct1oH5J94AaABAg,ccgG2mpCIHM,961c6bccbf18458e663138714666dbb61376e8d374db15931ca1b72f238c0069,Beda kelas kok dipaksa dibandingin 😅 EX2 sama Atto 1 baru cocok buat dicompare head to head.,1,2026-05-12T12:21:41Z,2026-05-12T12:21:41Z,2026-09-19T00:28:55.390869+00:00
UgyFGSB0gCI5OWnOq-h4AaABAg,ccgG2mpCIHM,23d10b8019416fbb7e8930ae6f599dae53e65282b174cfc693fddfff12c7a46b,"Gue kira bakal pure battle EX2 vs Atto1, eh J5 malah ikutan nongol. Gak cocok lah perbandingannya",1,2026-05-12T11:17:19Z,2026-05-12T11:17:19Z,2026-09-19T00:28:55.390869+00:00
UgwHDvr7IH9H-SGnr7p4AaABAg,ccgG2mpCIHM,78ca6d24e194376a0bbfa2f1951f03fdb4dc229f9aeb7a452e8ce504713136b3,MG S5 EV gak di ajak..,0,2026-05-03T15:30:44Z,2026-05-03T15:30:44Z,2026-09-19T00:28:55.390869+00:00
UgyTHfFxAzTqmTf_E_J4AaABAg,ccgG2mpCIHM,352d0d47dd37810ff41b1999ab47ac24cec75eb97c6aa75175870229c3aa136c,Kenapa byd selalu lebih payah jaraknya.. ampunn,3,2026-05-04T03:26:03Z,2026-05-04T03:26:03Z,2026-09-19T00:28:55.390869+00:00
Ugxi6xNlz0h5WjV5pnN4AaABAg,ccgG2mpCIHM,770bd001fa368056c79ad84db917fba4a66935a4c3e50b366f026541c065abe1,Tapi di ajak ngebut parah borosnya Jaecoo J5,0,2026-05-04T14:47:12Z,2026-05-04T14:47:12Z,2026-09-19T00:28:55.390869+00:00
Ugx5BogWDy-frmCAkKt4AaABAg,ccgG2mpCIHM,8d270f24b522105e23d7e615f8aa47d6759cbde7f63fc71cb7520ee0df62df02,Test seberapa jauh jarak MG s5 ev kapan pak?,0,2026-05-03T15:53:27Z,2026-05-03T15:53:27Z,2026-09-19T00:28:55.390869+00:00
UgwNMS5SecGRZlxeFgp4AaABAg,ccgG2mpCIHM,a4653e00ad0bdc68b12cb84e803597187158e473745a0274f4c11ac38fbb2e19,Mantap..berarti NEDC bisa di bilang angka real juga ya (kalau make nya di hemat2in),4,2026-05-03T14:44:04Z,2026-05-03T14:44:04Z,2026-09-19T00:28:55.390869+00:00
UgwkLJ93fcBUI1WeM_R4AaABAg,ccgG2mpCIHM,b1de85a666d3b290cc5945fdb387922e3c06f184d6ab2947aa6593a397849f57,"geely ngirit sih, tapi jijik bener desainnya",0,2026-05-04T04:24:04Z,2026-05-04T04:24:04Z,2026-09-19T00:28:55.390869+00:00
UgwQV46CMalL0A-Si1d4AaABAg,ccgG2mpCIHM,671b9ff4db07eb48ef1aa3dd6ed8864de59d153e4fdc61c3177934bdd592e5a5,Harusnya d tes skalian isi spklu masing2 habisny brp kwh bayarnya,0,2026-05-05T14:29:12Z,2026-05-05T14:29:12Z,2026-09-19T00:28:55.390869+00:00
UgxKT7zaxF6RfL3FqUx4AaABAg,ccgG2mpCIHM,e6c9df1b082b83a825dba816e6950a390cfc96ae33786669b1b75ae91dfe768a,coba uji komparasi after sales service mobcin dan mopang,0,2026-05-04T00:45:30Z,2026-05-04T00:45:30Z,2026-09-19T00:28:55.390869+00:00
Ugw33DRZ7RjkPYzCNwd4AaABAg,ccgG2mpCIHM,af1a8e82f466a0b576e54db102c1fa0f294ef45cd97c3124131db005f0f6afeb,VF5 ga ikutan?,1,2026-05-03T17:39:00Z,2026-05-03T17:39:00Z,2026-09-19T00:28:55.390869+00:00
UgzkTD9ezHzuIo2loVh4AaABAg,ccgG2mpCIHM,b2fdc0fc6a4b424adac6224ae7631234a94694f690647767445bc47c1fe2fc29,"Sbg pemake atto1 premium, ni mobil enak bgt handlingnya. Andai motor listriknya lbh kuat, makin enak d buat narik ke speed atas. Motor listrik skrg enaknya cm ampe 60-70 kmh aja k atas itu ud rada berat meski bs ampe 120 kmh.",0,2026-05-05T10:11:48Z,2026-05-05T10:11:48Z,2026-09-19T00:28:55.390869+00:00
UgxplQjnET5k9pJV5lB4AaABAg,ccgG2mpCIHM,88c7115e583c659b779992614e89281c64d2f122fc28d1415fa565d9db72c00d,"Ngaco nih reviewnya, ini ibarat hrv dibandingkan dengan brio/agya/ayla",0,2026-06-20T01:41:04Z,2026-06-20T01:41:04Z,2026-09-19T00:28:55.390869+00:00
UgyAKyk036sbdQ9o3M54AaABAg,ccgG2mpCIHM,6732feb2a3345da3f947d2d289c8ade87b0c9f2874b94d69e7bf549d48aaaece,"Kalo baterei sampai 0, aman ga ke kondisi baterei?",0,2026-05-05T09:50:03Z,2026-05-05T09:50:03Z,2026-09-19T00:28:55.390869+00:00
UgxDjEUcnPAM9bBCVzd4AaABAg,ccgG2mpCIHM,a6685636a195769465d1704f1dc6777bc0af5dee1d9f665bb1c0c3972b3870a5,"BYD Sealion 7 paling boros. Tidak pernah dapat 400+ km, selalu di bawah 400 km",0,2026-05-03T15:44:51Z,2026-05-03T15:44:51Z,2026-09-19T00:28:55.390869+00:00
UgwMs-QcvwKwZvlNB8B4AaABAg,ccgG2mpCIHM,885bd766a9ecf020be7a48f3e78ef417afebb857991f7669fbd13fcd25e1f460,kalo utk kebutuhan stop and go kemacetan jakarta pagi and sore lebih efisien mana ya ?,0,2026-05-05T15:15:22Z,2026-05-05T15:15:22Z,2026-09-19T00:28:55.390869+00:00
Ugzx1W0lSMxR2_zq_tN4AaABAg,ccgG2mpCIHM,67b518b4312315b23c0849f866714057b4f6fe876cccb2b4c5b4cc02c75e29ce,"Coba sesekali aja
Lewat pantura pakai mobil listrik maupun bensin,
Bosen lewat tol meluluh,
Perbandingan berat sebelah jadinya
Semua orang juga tau kalo lewat tol lebih cepet tapi perbedaanya beda selisih jauh sama kilometernya.
Coba coba aja mulai dari start di rest area km 57
Abis itu keluar tol cikampek, telusur jalur pantura sehabis mana lokasi titik pengabisan mobil bensin ataupun listrik.",2,2026-05-03T14:14:05Z,2026-05-03T14:49:45Z,2026-09-19T00:28:55.390869+00:00
UgyQo0SS3KPDUVxsgBp4AaABAg,ccgG2mpCIHM,e927491600ffa4b376452d3489c35868d0decd84bb2ccd7768ed67fc16e23d62,"Coba atto 1 Dynamic abis di berapa km dibanding klaim?... Kalo yg sy rasakan di atto 1 memang di tol boros batere, dibanding jalur biasa seperti misal jalur Bandung-Tasik jalan berkelok-kelok pegunungan naik turunan panjang ada generatif braking lumayan irit tuh di atto1 bisa melebihi klaim",0,2026-05-03T21:03:01Z,2026-05-03T21:03:01Z,2026-09-19T00:28:55.390869+00:00
UgyMAeqFAy13-1zStkB4AaABAg,ccgG2mpCIHM,80989311e691f57095a3663e8fc24f46a676a404150441d659628ad13b54cc97,"Buat yg ngitung2 batre vs torsi motor dll, perlu diketahui bahwa torsi dan size motor tidak terlalu berdampak pada range dan efisiensi.. Karena mobil listrik itu sangat efisien dalam menggunakan tenaga, ga kyk bensin yang size mesinnya ngaruh ke penggunaan tenaga. EV itu mesin ga korelasi dengan efisiensi selama dibawanya disekolahin kakinya. Yg pengaruh bgt terhadap efisiensi itu BERAT MOBIL, jadi J5 dikasi motor atto 1 akan tetep boros",0,2026-05-04T01:57:34Z,2026-05-04T01:57:34Z,2026-09-19T00:28:55.390869+00:00
UgzcdRoiI3QsfToC7tt4AaABAg,ccgG2mpCIHM,6b7cb6b85a9df4627eab9192ca350de712b34f9624e7d5264a1401b52a4c2859,"Kaya milih Presiden, ada 1 berlian di antara 3 pilihan, tapi lebih milih yg Joget2 oke gas oke gas. Ya begitu lah

😅😂😅😂",5,2026-05-04T02:56:01Z,2026-05-04T02:56:01Z,2026-09-19T00:28:55.390869+00:00
UgxryykjgbxF5a7xnP14AaABAg,ccgG2mpCIHM,51613be77e1f108f6dcf1b9621a66885e8d3a79843edbd94c49f8e3d127030c9,"NEDC berarti akurat ya. bole jadi kesimpulan. coba mobil MPV apa masih betul atau cuma gimick? 

Aletra dan Darion dapet 540 CLTC > 521 NEDC, penasaran banget apa btul???",0,2026-05-03T15:26:18Z,2026-05-03T15:26:18Z,2026-09-19T00:28:55.390869+00:00
UgxuYO7fKvfW5sTx1Ch4AaABAg,ccgG2mpCIHM,82b3403aaf2aa42e5ea9508bd2a8dae190e4e630c4cd5e60adf82d3949a3229e,Berarti tidak semua mobil listrik kalo mogok shifter dan ban nya terkunci dan masih bisa didorong manual ya ? takut seperti kejadian si ijo mogok ditempat darurat tidak bisa didorong manual,0,2026-05-03T15:58:50Z,2026-05-03T16:26:05Z,2026-09-19T00:28:55.390869+00:00
Ugz7QRtoz_ZE2W_Jn9J4AaABAg,ccgG2mpCIHM,3ee0d4ace9e480b8c0c7186918c8d65f092c5b1afa7f6b185e926ccb635911ff,Jaecoo J5 The Winner🎉❤,3,2026-05-03T15:14:11Z,2026-05-03T15:14:11Z,2026-09-19T00:28:55.390869+00:00
UgwBjbkfM8bekccfXgt4AaABAg,ccgG2mpCIHM,2c0331ee9ce921aa6af2d59212648d8c12ed5646e765b86abbaa630bfd11249d,Kecepatan berapa ya?,0,2026-05-03T18:02:14Z,2026-05-03T18:02:14Z,2026-09-19T00:28:55.390869+00:00
UgyH87T6k0eU7do2jwN4AaABAg,ccgG2mpCIHM,8388b7350b5261d7c5be2dfea33dfe967be98eab7c8e1c95ee47cf178bda252d,"Range 474 km, power diatas 200hp
Jaecoo j5 standard Rp 250jt❤

Bang for the buck❤",2,2026-05-04T02:24:37Z,2026-05-04T02:24:37Z,2026-09-19T00:28:55.390869+00:00
Ugw76MQnfmjWopRlKml4AaABAg,ccgG2mpCIHM,5592a0cfffa37d797d45f898bc88abd35cab789074961c25018a76c554f8a6ce,SETELAH BANYAK YANG MELIHAT VIDEO INI DI JAMIN PENJUALAN JAECOO J5EV LANGSUNG MELEDAK LAGI.. JAECOO J5EV BENAR2 MOBIL EV PALING WORTH IT DI ANTARA MOBIL2 LOW EV YANG DI JUAL DI INDONESIA.. TIDAK ADA RUGINYA,1,2026-05-04T01:39:05Z,2026-05-04T01:42:00Z,2026-09-19T00:28:55.390869+00:00
UgxnQUSgji7ClQ7l9dZ4AaABAg,ccgG2mpCIHM,841ec157a6da70093a00ebe928d8a55ec212815bf1398fbc65a07c7b226fbcea,"Kondisi mobil klo batere abis
Byd atto 1 : masih bisa jalan lgi
Geely ex2 : tiba2 mati
Jaecoo j5 : semua elektronik rusak perlu servis 😂",0,2026-05-09T08:51:20Z,2026-05-09T08:51:20Z,2026-09-19T00:28:55.390869+00:00
UgydbI5JgWTdSmHgIfp4AaABAg,ccgG2mpCIHM,4902f355bc301a6397b7dc50a1f495f295584941060f99f06be239efd8726566,PSTOTO99 tempat paling uhuy!,0,2026-05-03T19:30:19Z,2026-05-03T19:30:19Z,2026-09-19T00:28:55.390869+00:00
UgwVXyX5ECG4x7CTEot4AaABAg,ccgG2mpCIHM,43f45fb08f1f26e825d2cb34a3c9d89dd17f495580ba69b501acbaa75ea3d651,"EX2 keliatan lebih relevan kalau dibandingin sama Atto1, jadi pembahasannya juga lebih nyambung dan seimbang",0,2026-05-12T11:58:18Z,2026-05-12T11:58:18Z,2026-09-19T00:28:55.390869+00:00
UgzG4_y5WnEXvzivAKR4AaABAg,ccgG2mpCIHM,8d3370d92cfa01ce9104be19201996a2623d3037213f4255d1a12c983b1d2557,"Kalau EX2 dibandingin sama Atto1 masih masuk akal sih, karena emang satu segmen jadi lebih fair buat lihat perbandingannya",0,2026-05-12T12:05:34Z,2026-05-12T12:05:34Z,2026-09-19T00:28:55.390869+00:00
UgwA7AtFI5evryY2WSV4AaABAg,ccgG2mpCIHM,7d71e198b26d798cc82b5447c038ca3ba16be3c1fcf3f317ffa0bce1184f5eb2,"Bingung gue, kenapa J5 dimasukin sini? Udah pasti menang lah dia segala sisi ga sebanding sm Atto 1 sm EX2",1,2026-05-12T12:25:05Z,2026-05-12T12:25:05Z,2026-09-19T00:28:55.390869+00:00
UgyjozxgJMByPThPSDN4AaABAg,ccgG2mpCIHM,e9c462db7242c1789de8c4e4409d6a0b8446c6868df3c79fe0bb32d994d828bc,"Test Batrey Sampai Mati

1.Jaeco J5 real test jalan DATAR 373 KM

2. Atto 1 real test jalan DATAR
Claim = 380 km
Real test =

3. Gelly EX2 test Jalan DATAR
claim = 395 KM

❤COBA DI TEST JALAN NANJAK NAIK TURUN FULL EXTREM KAYAK KE DIENG❤

CLAIM J5 DATAR = 375 km
TEST JALAN NANJAK =??????

CLAIM ATTO 1 DATAR = 380
TEST JALAN NANJAK =??????

CLAIM GELLY EX2 DATAR = 395
TEST JALAN NANJAK =??????",0,2026-06-18T17:47:01Z,2026-06-18T17:47:01Z,2026-09-19T00:28:55.390869+00:00
